family,regime,method,variant,n_seeds,recall,fp_fraction,mean_monthly_ari,state_accuracy,post_change_destination_accuracy,capped_delay_mean,false_prefix_events,false_raw_switches
strong_noise,stable,kmeans50,adjusted,32,,0.000390625,0.9032776844262339,0.9619384765625,,,0.34375,182.5
strong_noise,stable,kmeans50,raw,32,,0.000390625,0.9047253823862145,0.9624837239583334,,,0.375,180.15625
strong_noise,stable,kmeans50,free_reclustering_diagnostic,32,,0.00078125,0.8132568851016058,0.9168375651041667,,,1.09375,427.78125
strong_noise,stable,feature_hartigan,adjusted,32,,0.000390625,0.9032776844262339,0.9619384765625,,,0.34375,182.5
strong_noise,stable,feature_hartigan,raw,32,,0.000390625,0.9047253823862145,0.9624837239583334,,,0.375,180.15625
strong_noise,stable,feature_hartigan,free_reclustering_diagnostic,32,,0.00078125,0.8132568851016058,0.9168375651041667,,,1.09375,427.78125
strong_noise,stable,joint_alpha_0.5,adjusted,32,,0.0009765625,0.8988249269129109,0.9599283854166667,,,1.03125,187.71875
strong_noise,stable,joint_alpha_0.5,raw,32,,0.00078125,0.8994913151963344,0.9601643880208334,,,0.96875,190.0
strong_noise,stable,joint_alpha_0.5,free_reclustering_diagnostic,32,,0.0009765625,0.8132568851016058,0.9167724609375,,,1.53125,428.84375
strong_noise,stable,kefrin_like_equal_scatter50,adjusted,32,,0.000390625,0.9032740234302328,0.9619222005208333,,,0.4375,182.0
strong_noise,stable,kefrin_like_equal_scatter50,raw,32,,0.000390625,0.904355476183893,0.9623209635416666,,,0.40625,180.65625
strong_noise,stable,kefrin_like_equal_scatter50,free_reclustering_diagnostic,32,,0.00078125,0.8132568851016058,0.9168375651041667,,,1.09375,427.6875
strong_noise,stable,kefrine_equations_equal_scatter50,adjusted,32,,0.000390625,0.9018749370012007,0.9613037109375,,,0.5,184.3125
strong_noise,stable,kefrine_equations_equal_scatter50,raw,32,,0.000390625,0.9025714937073257,0.9615315755208333,,,0.46875,183.53125
strong_noise,stable,kefrine_equations_equal_scatter50,free_reclustering_diagnostic,32,,0.00078125,0.8132568851016058,0.9168375651041667,,,0.96875,427.78125
strong_noise,stable,joint_tuned,adjusted,32,,0.01171875,0.8807064470190357,0.9510091145833334,,,4.5,212.28125
strong_noise,stable,joint_tuned,raw,32,,0.011328125,0.882252731455145,0.951611328125,,,4.5625,211.65625
strong_noise,stable,joint_tuned,free_reclustering_diagnostic,32,,0.0111328125,0.8132568851016058,0.916796875,,,4.90625,429.3125
strong_noise,stable,kefrine_tuned,adjusted,32,,0.0005859375000000001,0.9005128682459466,0.9607259114583333,,,0.59375,185.375
strong_noise,stable,kefrine_tuned,raw,32,,0.0005859375000000001,0.901618581228067,0.9611409505208334,,,0.5,184.8125
strong_noise,stable,kefrine_tuned,free_reclustering_diagnostic,32,,0.0009765625,0.8132568851016058,0.9168375651041667,,,1.09375,427.78125
strong_noise,stable,joint_zero_reuse,adjusted,32,,0.000390625,0.9032776844262339,0.9619384765625,,,0.34375,182.5
strong_noise,stable,joint_zero_reuse,raw,32,,0.000390625,0.9047253823862145,0.9624837239583334,,,0.375,180.15625
strong_noise,stable,joint_zero_reuse,free_reclustering_diagnostic,32,,0.00078125,0.8132568851016058,0.9168375651041667,,,1.09375,427.78125
strong_noise,stable,freeze_kmeans_negative_control,adjusted,32,,0.0,0.9537395194792123,0.98203125,,,0.0,0.0
strong_noise,stable,freeze_kmeans_negative_control,raw,32,,0.0,0.9537395194792123,0.98203125,,,0.0,0.0
strong_noise,common_shift,kmeans50,adjusted,32,,0.000390625,0.903915189789544,0.9622639973958333,,,0.34375,182.46875
strong_noise,common_shift,kmeans50,raw,32,,0.0029296875,0.8815437174344065,0.9537027994791667,,,1.1875,222.40625
strong_noise,common_shift,kmeans50,free_reclustering_diagnostic,32,,0.0011718750000000002,0.8021457062593292,0.9122802734375,,,1.28125,439.125
strong_noise,common_shift,feature_hartigan,adjusted,32,,0.000390625,0.903915189789544,0.9622639973958333,,,0.34375,182.46875
strong_noise,common_shift,feature_hartigan,raw,32,,0.0029296875,0.8815437174344065,0.9537027994791667,,,1.1875,222.40625
strong_noise,common_shift,feature_hartigan,free_reclustering_diagnostic,32,,0.0011718750000000002,0.8021457062593292,0.9122802734375,,,1.28125,439.125
strong_noise,common_shift,joint_alpha_0.5,adjusted,32,,0.0009765625,0.899327074881372,0.9602294921875,,,0.96875,188.59375
strong_noise,common_shift,joint_alpha_0.5,raw,32,,0.00625,0.8794626918618296,0.9527750651041667,,,2.0,226.6875
strong_noise,common_shift,joint_alpha_0.5,free_reclustering_diagnostic,32,,0.0013671875000000001,0.8021457062593292,0.9122477213541667,,,1.71875,439.28125
strong_noise,common_shift,kefrin_like_equal_scatter50,adjusted,32,,0.0001953125,0.9036772048763624,0.9621500651041667,,,0.40625,182.75
strong_noise,common_shift,kefrin_like_equal_scatter50,raw,32,,0.0029296875,0.8815826037009514,0.9537027994791667,,,1.25,222.75
strong_noise,common_shift,kefrin_like_equal_scatter50,free_reclustering_diagnostic,32,,0.0013671875000000001,0.8021457062593292,0.9122802734375,,,1.3125,439.125
strong_noise,common_shift,kefrine_equations_equal_scatter50,adjusted,32,,0.000390625,0.9023042066676611,0.9615478515625,,,0.5,185.25
strong_noise,common_shift,kefrine_equations_equal_scatter50,raw,32,,0.003125,0.8802955288131344,0.9531412760416667,,,1.40625,224.53125
strong_noise,common_shift,kefrine_equations_equal_scatter50,free_reclustering_diagnostic,32,,0.0013671875000000001,0.8021457062593292,0.9122802734375,,,1.15625,439.125
strong_noise,common_shift,joint_tuned,adjusted,32,,0.011914062500000001,0.8813356443529327,0.9514973958333334,,,4.53125,213.375
strong_noise,common_shift,joint_tuned,raw,32,,0.01796875,0.8647200951282803,0.945849609375,,,5.34375,249.03125
strong_noise,common_shift,joint_tuned,free_reclustering_diagnostic,32,,0.0119140625,0.8021457062593292,0.9122721354166666,,,5.09375,440.21875
strong_noise,common_shift,kefrine_tuned,adjusted,32,,0.000390625,0.9011662201583406,0.9610758463541667,,,0.59375,185.9375
strong_noise,common_shift,kefrine_tuned,raw,32,,0.0033203125000000003,0.8784004219033372,0.9523356119791667,,,1.21875,227.09375
strong_noise,common_shift,kefrine_tuned,free_reclustering_diagnostic,32,,0.0015625,0.8021457062593292,0.9122802734375,,,1.34375,439.125
strong_noise,common_shift,joint_zero_reuse,adjusted,32,,0.000390625,0.903915189789544,0.9622639973958333,,,0.34375,182.46875
strong_noise,common_shift,joint_zero_reuse,raw,32,,0.0029296875,0.8815437174344065,0.9537027994791667,,,1.1875,222.40625
strong_noise,common_shift,joint_zero_reuse,free_reclustering_diagnostic,32,,0.0011718750000000002,0.8021457062593292,0.9122802734375,,,1.28125,439.125
strong_noise,common_shift,freeze_kmeans_negative_control,adjusted,32,,0.0,0.9537395194792123,0.98203125,,,0.0,0.0
strong_noise,common_shift,freeze_kmeans_negative_control,raw,32,,0.0,0.9537395194792123,0.98203125,,,0.0,0.0
strong_noise,persistent_transition,kmeans50,adjusted,32,0.8994140625,0.00048828125,0.9036377401563683,0.96220703125,0.95849609375,5.4560546875,0.5,141.75
strong_noise,persistent_transition,kmeans50,raw,32,0.908203125,0.00048828125,0.9054989193119318,0.9628824869791667,0.9618598090277778,5.4189453125,0.4375,141.71875
strong_noise,persistent_transition,kmeans50,free_reclustering_diagnostic,32,0.8251953125,0.001220703125,0.8183313199361585,0.9201985677083333,0.9233940972222222,5.822265625,1.0,331.625
strong_noise,persistent_transition,feature_hartigan,adjusted,32,0.8994140625,0.00048828125,0.9036377401563683,0.96220703125,0.95849609375,5.4560546875,0.5,141.75
strong_noise,persistent_transition,feature_hartigan,raw,32,0.908203125,0.00048828125,0.9054989193119318,0.9628824869791667,0.9618598090277778,5.4189453125,0.4375,141.71875
strong_noise,persistent_transition,feature_hartigan,free_reclustering_diagnostic,32,0.8251953125,0.001220703125,0.8183313199361585,0.9201985677083333,0.9233940972222222,5.822265625,1.0,331.625
strong_noise,persistent_transition,joint_alpha_0.5,adjusted,32,0.896484375,0.00048828125,0.8992867059010597,0.9602376302083333,0.9573025173611112,5.4697265625,1.0,147.21875
strong_noise,persistent_transition,joint_alpha_0.5,raw,32,0.9013671875,0.00048828125,0.9005852633897777,0.9607014973958333,0.9596896701388888,5.4423828125,0.9375,148.53125
strong_noise,persistent_transition,joint_alpha_0.5,free_reclustering_diagnostic,32,0.82421875,0.0009765625,0.8183313199361585,0.920166015625,0.9233940972222222,5.8251953125,1.53125,331.90625
strong_noise,persistent_transition,kefrin_like_equal_scatter50,adjusted,32,0.900390625,0.00048828125,0.9035066158959815,0.9621337890625,0.958984375,5.4521484375,0.59375,142.0625
strong_noise,persistent_transition,kefrin_like_equal_scatter50,raw,32,0.91015625,0.00048828125,0.9051270426688227,0.9627278645833334,0.9620225694444444,5.4111328125,0.53125,141.75
strong_noise,persistent_transition,kefrin_like_equal_scatter50,free_reclustering_diagnostic,32,0.8251953125,0.001220703125,0.8183313199361585,0.9201985677083333,0.9233940972222222,5.822265625,1.0625,331.625
strong_noise,persistent_transition,kefrine_equations_equal_scatter50,adjusted,32,0.8984375,0.00048828125,0.9017965896872348,0.9613850911458334,0.9582790798611112,5.4599609375,0.71875,144.375
strong_noise,persistent_transition,kefrine_equations_equal_scatter50,raw,32,0.90625,0.00048828125,0.9032735697246703,0.9619140625,0.9613715277777778,5.4296875,0.59375,144.15625
strong_noise,persistent_transition,kefrine_equations_equal_scatter50,free_reclustering_diagnostic,32,0.8251953125,0.0009765625,0.8183313199361585,0.9201985677083333,0.9233940972222222,5.822265625,0.9375,331.625
strong_noise,persistent_transition,joint_tuned,adjusted,32,0.8759765625,0.0126953125,0.8813234386749336,0.9513020833333333,0.9481879340277778,5.5576171875,4.0625,165.875
strong_noise,persistent_transition,joint_tuned,raw,32,0.876953125,0.010986328125,0.8832483661050952,0.9520100911458333,0.9505750868055556,5.55078125,3.96875,166.34375
strong_noise,persistent_transition,joint_tuned,free_reclustering_diagnostic,32,0.8095703125,0.010009765625,0.8183313199361585,0.920068359375,0.9229600694444444,5.8779296875,4.65625,331.90625
strong_noise,persistent_transition,kefrine_tuned,adjusted,32,0.8974609375,0.000732421875,0.9003871665889239,0.960791015625,0.9574110243055556,5.462890625,0.75,145.5625
strong_noise,persistent_transition,kefrine_tuned,raw,32,0.90625,0.000732421875,0.9023910777166929,0.9615559895833333,0.9609375,5.4287109375,0.59375,145.0
strong_noise,persistent_transition,kefrine_tuned,free_reclustering_diagnostic,32,0.82421875,0.00146484375,0.8183313199361585,0.9201985677083333,0.9233940972222222,5.826171875,1.03125,331.625
strong_noise,persistent_transition,joint_zero_reuse,adjusted,32,0.8994140625,0.00048828125,0.9036377401563683,0.96220703125,0.95849609375,5.4560546875,0.5,141.75
strong_noise,persistent_transition,joint_zero_reuse,raw,32,0.908203125,0.00048828125,0.9054989193119318,0.9628824869791667,0.9618598090277778,5.4189453125,0.4375,141.71875
strong_noise,persistent_transition,joint_zero_reuse,free_reclustering_diagnostic,32,0.8251953125,0.001220703125,0.8183313199361585,0.9201985677083333,0.9233940972222222,5.822265625,1.0,331.625
strong_noise,persistent_transition,freeze_kmeans_negative_control,adjusted,32,0.0,0.0,0.6436511035841159,0.835546875,0.0029296875,9.0,0.0,0.0
strong_noise,persistent_transition,freeze_kmeans_negative_control,raw,32,0.0,0.0,0.6436511035841159,0.835546875,0.0029296875,9.0,0.0,0.0
strong_noise,transition_and_shift,kmeans50,adjusted,32,0.90234375,0.00048828125,0.9040482157212992,0.9624104817708333,0.95947265625,5.4560546875,0.4375,142.3125
strong_noise,transition_and_shift,kmeans50,raw,32,0.900390625,0.00341796875,0.8817962133288316,0.9538492838541667,0.9486219618055556,5.4423828125,1.25,175.09375
strong_noise,transition_and_shift,kmeans50,free_reclustering_diagnostic,32,0.798828125,0.001708984375,0.8055281719059982,0.9140218098958334,0.9177517361111112,5.896484375,1.03125,351.65625
strong_noise,transition_and_shift,feature_hartigan,adjusted,32,0.90234375,0.00048828125,0.9040482157212992,0.9624104817708333,0.95947265625,5.4560546875,0.4375,142.3125
strong_noise,transition_and_shift,feature_hartigan,raw,32,0.900390625,0.00341796875,0.8817962133288316,0.9538492838541667,0.9486219618055556,5.4423828125,1.25,175.09375
strong_noise,transition_and_shift,feature_hartigan,free_reclustering_diagnostic,32,0.798828125,0.001708984375,0.8055281719059982,0.9140218098958334,0.9177517361111112,5.896484375,1.03125,351.65625
strong_noise,transition_and_shift,joint_alpha_0.5,adjusted,32,0.8955078125,0.0009765625,0.9002388255047366,0.960693359375,0.958279079861111,5.484375,0.9375,147.0625
strong_noise,transition_and_shift,joint_alpha_0.5,raw,32,0.8994140625,0.007080078125,0.879956324278963,0.9530354817708333,0.9473198784722222,5.4580078125,2.03125,176.8125
strong_noise,transition_and_shift,joint_alpha_0.5,free_reclustering_diagnostic,32,0.7978515625,0.001708984375,0.8055281719059982,0.9139892578125,0.9177517361111112,5.8994140625,1.53125,351.9375
strong_noise,transition_and_shift,kefrin_like_equal_scatter50,adjusted,32,0.9033203125,0.00048828125,0.9039785944332501,0.9623779296875,0.9600694444444444,5.4482421875,0.53125,142.15625
strong_noise,transition_and_shift,kefrin_like_equal_scatter50,raw,32,0.90234375,0.003662109375,0.8817982253151456,0.9538411458333333,0.9487847222222222,5.4365234375,1.34375,175.03125
strong_noise,transition_and_shift,kefrin_like_equal_scatter50,free_reclustering_diagnostic,32,0.798828125,0.001708984375,0.8055281719059982,0.9140218098958334,0.9177517361111112,5.896484375,1.125,351.65625
strong_noise,transition_and_shift,kefrine_equations_equal_scatter50,adjusted,32,0.900390625,0.00048828125,0.9023575644335171,0.961669921875,0.9594184027777778,5.462890625,0.625,144.125
strong_noise,transition_and_shift,kefrine_equations_equal_scatter50,raw,32,0.9013671875,0.003662109375,0.8805089949367058,0.9532877604166666,0.9483506944444444,5.4423828125,1.5,176.65625
strong_noise,transition_and_shift,kefrine_equations_equal_scatter50,free_reclustering_diagnostic,32,0.798828125,0.00146484375,0.8055281719059982,0.9140218098958334,0.9177517361111112,5.896484375,0.96875,351.65625
strong_noise,transition_and_shift,joint_tuned,adjusted,32,0.8759765625,0.013427734375,0.8825515501012714,0.9520182291666667,0.9491644965277778,5.5654296875,3.96875,166.09375
strong_noise,transition_and_shift,joint_tuned,raw,32,0.876953125,0.0185546875,0.8653821660023974,0.9461100260416666,0.9405924479166666,5.546875,5.03125,195.875
strong_noise,transition_and_shift,joint_tuned,free_reclustering_diagnostic,32,0.7900390625,0.011962890625,0.8055281719059982,0.9140218098958334,0.9177517361111112,5.9287109375,4.46875,351.65625
strong_noise,transition_and_shift,kefrine_tuned,adjusted,32,0.8984375,0.000732421875,0.9009431704480247,0.9610758463541667,0.9585503472222222,5.466796875,0.65625,145.375
strong_noise,transition_and_shift,kefrine_tuned,raw,32,0.8955078125,0.004150390625,0.8789364304986163,0.9526123046875,0.9472113715277778,5.4775390625,1.375,177.53125
strong_noise,transition_and_shift,kefrine_tuned,free_reclustering_diagnostic,32,0.7978515625,0.001953125,0.8055281719059982,0.9140218098958334,0.9177517361111112,5.900390625,1.03125,351.65625
strong_noise,transition_and_shift,joint_zero_reuse,adjusted,32,0.90234375,0.00048828125,0.9040482157212992,0.9624104817708333,0.95947265625,5.4560546875,0.4375,142.3125
strong_noise,transition_and_shift,joint_zero_reuse,raw,32,0.900390625,0.00341796875,0.8817962133288316,0.9538492838541667,0.9486219618055556,5.4423828125,1.25,175.09375
strong_noise,transition_and_shift,joint_zero_reuse,free_reclustering_diagnostic,32,0.798828125,0.001708984375,0.8055281719059982,0.9140218098958334,0.9177517361111112,5.896484375,1.03125,351.65625
strong_noise,transition_and_shift,freeze_kmeans_negative_control,adjusted,32,0.0,0.0,0.6436511035841159,0.835546875,0.0029296875,9.0,0.0,0.0
strong_noise,transition_and_shift,freeze_kmeans_negative_control,raw,32,0.0,0.0,0.6436511035841159,0.835546875,0.0029296875,9.0,0.0,0.0
weak_independent,stable,kmeans50,adjusted,32,,0.0011718750000000002,0.10487308517073174,0.4569498697916667,,,2.59375,1332.625
weak_independent,stable,kmeans50,raw,32,,0.0017578125,0.10487685946544764,0.45655924479166665,,,2.375,1334.125
weak_independent,stable,kmeans50,free_reclustering_diagnostic,32,,0.0025390625,0.08404326762193727,0.38943684895833336,,,2.8125,2080.875
weak_independent,stable,feature_hartigan,adjusted,32,,0.0009765625,0.10521225013625894,0.45724283854166664,,,2.6875,1329.71875
weak_independent,stable,feature_hartigan,raw,32,,0.0013671875000000001,0.10528070371899333,0.45697428385416666,,,2.46875,1330.75
weak_independent,stable,feature_hartigan,free_reclustering_diagnostic,32,,0.0025390625,0.08404326762193727,0.38966471354166665,,,2.875,2079.75
weak_independent,stable,joint_alpha_0.5,adjusted,32,,0.0095703125,0.13477549550474272,0.4849772135416667,,,9.59375,1310.6875
weak_independent,stable,joint_alpha_0.5,raw,32,,0.0107421875,0.13528995317439574,0.48541666666666666,,,9.46875,1312.6875
weak_independent,stable,joint_alpha_0.5,free_reclustering_diagnostic,32,,0.0037109375000000003,0.08404326762193727,0.3952392578125,,,5.96875,2105.1875
weak_independent,stable,kefrin_like_equal_scatter50,adjusted,32,,0.0037109375000000003,0.13135811199895903,0.4957194010416667,,,4.5,1330.65625
weak_independent,stable,kefrin_like_equal_scatter50,raw,32,,0.0041015625,0.13229756305634052,0.496337890625,,,3.96875,1330.4375
weak_independent,stable,kefrin_like_equal_scatter50,free_reclustering_diagnostic,32,,0.0033203125000000003,0.08404326762193727,0.4033447265625,,,3.25,2110.1875
weak_independent,stable,kefrine_equations_equal_scatter50,adjusted,32,,0.0033203125000000003,0.1309183141089911,0.49595540364583335,,,4.46875,1331.09375
weak_independent,stable,kefrine_equations_equal_scatter50,raw,32,,0.0037109375000000003,0.13170503357805635,0.4965413411458333,,,4.375,1332.90625
weak_independent,stable,kefrine_equations_equal_scatter50,free_reclustering_diagnostic,32,,0.0027343750000000003,0.08404326762193727,0.40557454427083334,,,3.59375,2096.0
weak_independent,stable,joint_tuned,adjusted,32,,0.0455078125,0.15830720364132747,0.5003336588541667,,,23.25,1265.78125
weak_independent,stable,joint_tuned,raw,32,,0.04375,0.15822954854394763,0.49986165364583335,,,23.8125,1271.65625
weak_independent,stable,joint_tuned,free_reclustering_diagnostic,32,,0.008203125,0.08404326762193727,0.3982340494791667,,,10.9375,2224.21875
weak_independent,stable,kefrine_tuned,adjusted,32,,0.016015625,0.16970076386208524,0.552099609375,,,13.4375,1354.65625
weak_independent,stable,kefrine_tuned,raw,32,,0.016796875,0.16952721243426913,0.5520589192708333,,,13.5,1363.375
weak_independent,stable,kefrine_tuned,free_reclustering_diagnostic,32,,0.005859375,0.08404326762193727,0.42254231770833334,,,6.5,2179.375
weak_independent,stable,joint_zero_reuse,adjusted,32,,0.0011718750000000002,0.10487308517073174,0.4569498697916667,,,2.59375,1332.625
weak_independent,stable,joint_zero_reuse,raw,32,,0.0017578125,0.10487685946544764,0.45655924479166665,,,2.375,1334.125
weak_independent,stable,joint_zero_reuse,free_reclustering_diagnostic,32,,0.0025390625,0.08404326762193727,0.38943684895833336,,,2.8125,2080.875
weak_independent,stable,freeze_kmeans_negative_control,adjusted,32,,0.0,0.13958184001729582,0.4939453125,,,0.0,0.0
weak_independent,stable,freeze_kmeans_negative_control,raw,32,,0.0,0.13958184001729582,0.4939453125,,,0.0,0.0
weak_independent,common_shift,kmeans50,adjusted,32,,0.0013671875000000001,0.10483390504207388,0.45696614583333334,,,2.59375,1332.46875
weak_independent,common_shift,kmeans50,raw,32,,0.027734375,0.09249161989456067,0.4445556640625,,,10.84375,1312.46875
weak_independent,common_shift,kmeans50,free_reclustering_diagnostic,32,,0.0025390625,0.08363858733760367,0.3888346354166667,,,3.0625,2093.40625
weak_independent,common_shift,feature_hartigan,adjusted,32,,0.0013671875000000001,0.10535494214109896,0.4572509765625,,,2.53125,1331.375
weak_independent,common_shift,feature_hartigan,raw,32,,0.0283203125,0.09251771574601199,0.4447265625,,,10.65625,1313.625
weak_independent,common_shift,feature_hartigan,free_reclustering_diagnostic,32,,0.003125,0.08363858733760367,0.38849283854166666,,,3.125,2092.53125
weak_independent,common_shift,joint_alpha_0.5,adjusted,32,,0.0099609375,0.13518368465272335,0.48516438802083334,,,9.53125,1309.15625
weak_independent,common_shift,joint_alpha_0.5,raw,32,,0.0482421875,0.11387694737580194,0.4679036458333333,,,19.40625,1298.0
weak_independent,common_shift,joint_alpha_0.5,free_reclustering_diagnostic,32,,0.00390625,0.08363858733760367,0.39332682291666665,,,6.59375,2109.0625
weak_independent,common_shift,kefrin_like_equal_scatter50,adjusted,32,,0.0041015625,0.13127226806620945,0.4955322265625,,,4.6875,1328.375
weak_independent,common_shift,kefrin_like_equal_scatter50,raw,32,,0.0318359375,0.1128929374565776,0.4773763020833333,,,12.75,1310.03125
weak_independent,common_shift,kefrin_like_equal_scatter50,free_reclustering_diagnostic,32,,0.003515625,0.08363858733760367,0.4024251302083333,,,4.125,2101.53125
weak_independent,common_shift,kefrine_equations_equal_scatter50,adjusted,32,,0.003515625,0.1310084047439032,0.4958821614583333,,,4.40625,1332.90625
weak_independent,common_shift,kefrine_equations_equal_scatter50,raw,32,,0.03828125,0.11101985885856856,0.47723795572916666,,,13.65625,1310.15625
weak_independent,common_shift,kefrine_equations_equal_scatter50,free_reclustering_diagnostic,32,,0.0027343750000000003,0.08363858733760367,0.40297037760416665,,,3.53125,2103.15625
weak_independent,common_shift,joint_tuned,adjusted,32,,0.0443359375,0.15788880034839597,0.5000651041666667,,,23.25,1269.9375
weak_independent,common_shift,joint_tuned,raw,32,,0.0908203125,0.1293600538652108,0.47893880208333334,,,32.0625,1239.34375
weak_independent,common_shift,joint_tuned,free_reclustering_diagnostic,32,,0.0095703125,0.08363858733760367,0.3962158203125,,,10.90625,2219.875
weak_independent,common_shift,kefrine_tuned,adjusted,32,,0.0166015625,0.1695122095617415,0.5517496744791667,,,13.4375,1356.78125
weak_independent,common_shift,kefrine_tuned,raw,32,,0.0669921875,0.1386171901964412,0.5233968098958334,,,23.8125,1304.90625
weak_independent,common_shift,kefrine_tuned,free_reclustering_diagnostic,32,,0.00625,0.08363858733760367,0.42062174479166664,,,6.5625,2179.375
weak_independent,common_shift,joint_zero_reuse,adjusted,32,,0.0013671875000000001,0.10483390504207388,0.45696614583333334,,,2.59375,1332.46875
weak_independent,common_shift,joint_zero_reuse,raw,32,,0.027734375,0.09249161989456067,0.4445556640625,,,10.84375,1312.46875
weak_independent,common_shift,joint_zero_reuse,free_reclustering_diagnostic,32,,0.0025390625,0.08363858733760367,0.3888346354166667,,,3.0625,2093.40625
weak_independent,common_shift,freeze_kmeans_negative_control,adjusted,32,,0.0,0.13958184001729582,0.4939453125,,,0.0,0.0
weak_independent,common_shift,freeze_kmeans_negative_control,raw,32,,0.0,0.13958184001729582,0.4939453125,,,0.0,0.0
weak_independent,persistent_transition,kmeans50,adjusted,32,0.0810546875,0.000244140625,0.10045582449405918,0.45094401041666665,0.4231770833333333,8.705078125,3.09375,1066.1875
weak_independent,persistent_transition,kmeans50,raw,32,0.0859375,0.000732421875,0.10066786322431678,0.45127766927083335,0.4245334201388889,8.693359375,2.96875,1066.875
weak_independent,persistent_transition,kmeans50,free_reclustering_diagnostic,32,0.02734375,0.001953125,0.08628597072866727,0.38192545572916664,0.3697916666666667,8.9072265625,3.28125,1685.90625
weak_independent,persistent_transition,feature_hartigan,adjusted,32,0.078125,0.000244140625,0.10061453061492126,0.4510823567708333,0.4232313368055556,8.7138671875,3.125,1063.125
weak_independent,persistent_transition,feature_hartigan,raw,32,0.08984375,0.00048828125,0.10105375816646484,0.45159505208333334,0.4252387152777778,8.6845703125,2.90625,1064.34375
weak_independent,persistent_transition,feature_hartigan,free_reclustering_diagnostic,32,0.02734375,0.001708984375,0.08628597072866727,0.3823974609375,0.3709852430555556,8.9072265625,3.28125,1681.5
weak_independent,persistent_transition,joint_alpha_0.5,adjusted,32,0.1572265625,0.00927734375,0.12967971724365498,0.4784342447916667,0.4459092881944444,8.3984375,10.15625,1048.375
weak_independent,persistent_transition,joint_alpha_0.5,raw,32,0.158203125,0.00927734375,0.13007847936884875,0.47918294270833334,0.4468858506944444,8.39453125,9.6875,1049.9375
weak_independent,persistent_transition,joint_alpha_0.5,free_reclustering_diagnostic,32,0.0380859375,0.00537109375,0.08628597072866727,0.38767903645833335,0.3714735243055556,8.857421875,6.3125,1706.25
weak_independent,persistent_transition,kefrin_like_equal_scatter50,adjusted,32,0.1240234375,0.00244140625,0.12720537825874592,0.4902587890625,0.4656575520833333,8.5537109375,5.0625,1062.71875
weak_independent,persistent_transition,kefrin_like_equal_scatter50,raw,32,0.1318359375,0.00341796875,0.12810393511863666,0.49090169270833334,0.4670681423611111,8.5244140625,4.625,1064.15625
weak_independent,persistent_transition,kefrin_like_equal_scatter50,free_reclustering_diagnostic,32,0.03125,0.003173828125,0.08628597072866727,0.3975016276041667,0.3891059027777778,8.8857421875,4.1875,1691.75
weak_independent,persistent_transition,kefrine_equations_equal_scatter50,adjusted,32,0.125,0.00341796875,0.1267097711421824,0.4914143880208333,0.4683702256944444,8.5380859375,5.03125,1067.40625
weak_independent,persistent_transition,kefrine_equations_equal_scatter50,raw,32,0.130859375,0.003173828125,0.12736586357159949,0.492041015625,0.46826171875,8.51953125,5.0,1067.59375
weak_independent,persistent_transition,kefrine_equations_equal_scatter50,free_reclustering_diagnostic,32,0.0390625,0.00244140625,0.08628597072866727,0.4001871744791667,0.3941514756944445,8.873046875,4.09375,1687.59375
weak_independent,persistent_transition,joint_tuned,adjusted,32,0.2080078125,0.046875,0.15309956421568033,0.4958740234375,0.4682074652777778,8.15625,23.3125,1015.25
weak_independent,persistent_transition,joint_tuned,raw,32,0.2001953125,0.04443359375,0.15407613007194043,0.49627278645833334,0.4712999131944445,8.173828125,23.84375,1016.1875
weak_independent,persistent_transition,joint_tuned,free_reclustering_diagnostic,32,0.0361328125,0.009521484375,0.08628597072866727,0.3917154947916667,0.3731553819444444,8.869140625,10.09375,1802.3125
weak_independent,persistent_transition,kefrine_tuned,adjusted,32,0.2275390625,0.01806640625,0.16624247520928342,0.54921875,0.5284830729166666,8.107421875,13.625,1083.625
weak_independent,persistent_transition,kefrine_tuned,raw,32,0.2294921875,0.016845703125,0.1663727882379157,0.5494954427083333,0.5294596354166666,8.1064453125,13.3125,1087.875
weak_independent,persistent_transition,kefrine_tuned,free_reclustering_diagnostic,32,0.0556640625,0.00732421875,0.08628597072866727,0.42071940104166666,0.4104817708333333,8.8056640625,6.5625,1751.34375
weak_independent,persistent_transition,joint_zero_reuse,adjusted,32,0.0810546875,0.000244140625,0.10045582449405918,0.45094401041666665,0.4231770833333333,8.705078125,3.09375,1066.1875
weak_independent,persistent_transition,joint_zero_reuse,raw,32,0.0859375,0.000732421875,0.10066786322431678,0.45127766927083335,0.4245334201388889,8.693359375,2.96875,1066.875
weak_independent,persistent_transition,joint_zero_reuse,free_reclustering_diagnostic,32,0.02734375,0.001953125,0.08628597072866727,0.38192545572916664,0.3697916666666667,8.9072265625,3.28125,1685.90625
weak_independent,persistent_transition,freeze_kmeans_negative_control,adjusted,32,0.0,0.0,0.09837825769960115,0.446923828125,0.1806640625,9.0,0.0,0.0
weak_independent,persistent_transition,freeze_kmeans_negative_control,raw,32,0.0,0.0,0.09837825769960115,0.446923828125,0.1806640625,9.0,0.0,0.0
weak_independent,transition_and_shift,kmeans50,adjusted,32,0.083984375,0.00048828125,0.10054405001627077,0.45126139322916664,0.4234483506944444,8.689453125,3.1875,1067.0625
weak_independent,transition_and_shift,kmeans50,raw,32,0.0859375,0.027587890625,0.09005901861822209,0.4396891276041667,0.4090169270833333,8.6865234375,10.53125,1051.5
weak_independent,transition_and_shift,kmeans50,free_reclustering_diagnostic,32,0.025390625,0.00146484375,0.08523101292394464,0.3801513671875,0.3677842881944444,8.8984375,2.875,1687.90625
weak_independent,transition_and_shift,feature_hartigan,adjusted,32,0.080078125,0.00048828125,0.10063797216775747,0.451318359375,0.4232313368055555,8.70703125,3.25,1065.0
weak_independent,transition_and_shift,feature_hartigan,raw,32,0.0859375,0.028564453125,0.09001089595588375,0.43983561197916665,0.4084201388888889,8.6845703125,10.28125,1051.71875
weak_independent,transition_and_shift,feature_hartigan,free_reclustering_diagnostic,32,0.0263671875,0.001708984375,0.08523101292394464,0.3810221354166667,0.3703884548611111,8.90234375,3.0,1685.1875
weak_independent,transition_and_shift,joint_alpha_0.5,adjusted,32,0.1572265625,0.01025390625,0.12962797749839813,0.47845865885416666,0.4454752604166667,8.3876953125,10.03125,1048.40625
weak_independent,transition_and_shift,joint_alpha_0.5,raw,32,0.158203125,0.045166015625,0.11129030348590255,0.463232421875,0.4265950520833333,8.37109375,18.8125,1037.59375
weak_independent,transition_and_shift,joint_alpha_0.5,free_reclustering_diagnostic,32,0.0341796875,0.00439453125,0.08523101292394464,0.38645833333333335,0.3663194444444444,8.8671875,6.40625,1700.40625
weak_independent,transition_and_shift,kefrin_like_equal_scatter50,adjusted,32,0.12109375,0.00341796875,0.1271382448418731,0.49004720052083334,0.4658745659722222,8.5615234375,5.0,1062.375
weak_independent,transition_and_shift,kefrin_like_equal_scatter50,raw,32,0.1298828125,0.031494140625,0.11047415239069,0.47344563802083334,0.44580078125,8.4970703125,12.75,1047.75
weak_independent,transition_and_shift,kefrin_like_equal_scatter50,free_reclustering_diagnostic,32,0.0361328125,0.001708984375,0.08523101292394464,0.3964762369791667,0.3850368923611111,8.8603515625,4.5625,1687.1875
weak_independent,transition_and_shift,kefrine_equations_equal_scatter50,adjusted,32,0.12109375,0.00244140625,0.1267855445679808,0.491357421875,0.4685329861111111,8.5537109375,4.875,1066.5
weak_independent,transition_and_shift,kefrine_equations_equal_scatter50,raw,32,0.1318359375,0.037109375,0.10863344736803492,0.4739908854166667,0.4465603298611111,8.4990234375,13.71875,1050.46875
weak_independent,transition_and_shift,kefrine_equations_equal_scatter50,free_reclustering_diagnostic,32,0.0400390625,0.002197265625,0.08523101292394464,0.39877115885416664,0.3915473090277778,8.86328125,4.40625,1684.5625
weak_independent,transition_and_shift,joint_tuned,adjusted,32,0.2080078125,0.0458984375,0.15354814420828608,0.4962646484375,0.4677734375,8.15234375,23.34375,1016.78125
weak_independent,transition_and_shift,joint_tuned,raw,32,0.20703125,0.09033203125,0.12736081607833727,0.4769694010416667,0.4482421875,8.1015625,31.625,988.34375
weak_independent,transition_and_shift,joint_tuned,free_reclustering_diagnostic,32,0.037109375,0.009033203125,0.08523101292394464,0.38954264322916665,0.3661024305555556,8.8583984375,9.8125,1789.75
weak_independent,transition_and_shift,kefrine_tuned,adjusted,32,0.2294921875,0.017578125,0.16633296232913045,0.5491373697916667,0.5277777777777778,8.1005859375,13.53125,1084.59375
weak_independent,transition_and_shift,kefrine_tuned,raw,32,0.2333984375,0.0654296875,0.13737564555919196,0.5222412109375,0.4970703125,8.0146484375,23.28125,1039.6875
weak_independent,transition_and_shift,kefrine_tuned,free_reclustering_diagnostic,32,0.0517578125,0.00537109375,0.08523101292394464,0.419189453125,0.4054361979166667,8.8349609375,7.15625,1744.0
weak_independent,transition_and_shift,joint_zero_reuse,adjusted,32,0.083984375,0.00048828125,0.10054405001627077,0.45126139322916664,0.4234483506944444,8.689453125,3.1875,1067.0625
weak_independent,transition_and_shift,joint_zero_reuse,raw,32,0.0859375,0.027587890625,0.09005901861822209,0.4396891276041667,0.4090169270833333,8.6865234375,10.53125,1051.5
weak_independent,transition_and_shift,joint_zero_reuse,free_reclustering_diagnostic,32,0.025390625,0.00146484375,0.08523101292394464,0.3801513671875,0.3677842881944444,8.8984375,2.875,1687.90625
weak_independent,transition_and_shift,freeze_kmeans_negative_control,adjusted,32,0.0,0.0,0.09837825769960115,0.446923828125,0.1806640625,9.0,0.0,0.0
weak_independent,transition_and_shift,freeze_kmeans_negative_control,raw,32,0.0,0.0,0.09837825769960115,0.446923828125,0.1806640625,9.0,0.0,0.0
weak_independent,late_permanent_onset_34_censored,kmeans50,adjusted,32,,0.000244140625,0.1040067452106218,0.4559733072916667,0.4186197916666667,,2.5,1064.90625
weak_independent,late_permanent_onset_34_censored,kmeans50,raw,32,,0.000732421875,0.10392408820210701,0.45570475260416665,0.4235026041666667,,2.3125,1066.40625
weak_independent,late_permanent_onset_34_censored,kmeans50,free_reclustering_diagnostic,32,,0.00146484375,0.08400963168367064,0.3882080078125,0.3714192708333333,,2.5,1668.84375
weak_independent,late_permanent_onset_34_censored,feature_hartigan,adjusted,32,,0.0,0.10432513387057145,0.45631510416666665,0.4225260416666667,,2.59375,1061.21875
weak_independent,late_permanent_onset_34_censored,feature_hartigan,raw,32,,0.00048828125,0.10424643505636305,0.4560221354166667,0.4222005208333333,,2.40625,1063.96875
weak_independent,late_permanent_onset_34_censored,feature_hartigan,free_reclustering_diagnostic,32,,0.001708984375,0.08400963168367064,0.38804524739583335,0.3704427083333333,,2.625,1666.40625
weak_independent,late_permanent_onset_34_censored,joint_alpha_0.5,adjusted,32,,0.009033203125,0.13355055389397485,0.4838541666666667,0.4440104166666667,,9.59375,1048.59375
weak_independent,late_permanent_onset_34_censored,joint_alpha_0.5,raw,32,,0.00927734375,0.13399823995990143,0.48428548177083336,0.4397786458333333,,9.21875,1048.09375
weak_independent,late_permanent_onset_34_censored,joint_alpha_0.5,free_reclustering_diagnostic,32,,0.00439453125,0.08400963168367064,0.39410807291666666,0.3766276041666667,,6.0625,1681.84375
weak_independent,late_permanent_onset_34_censored,kefrin_like_equal_scatter50,adjusted,32,,0.002685546875,0.13029029101095588,0.49462890625,0.4645182291666667,,4.40625,1063.28125
weak_independent,late_permanent_onset_34_censored,kefrin_like_equal_scatter50,raw,32,,0.00341796875,0.13120699973241698,0.49527180989583336,0.4625651041666667,,3.8125,1062.90625
weak_independent,late_permanent_onset_34_censored,kefrin_like_equal_scatter50,free_reclustering_diagnostic,32,,0.003662109375,0.08400963168367064,0.40225423177083336,0.3854166666666667,,3.28125,1688.78125
weak_independent,late_permanent_onset_34_censored,kefrine_equations_equal_scatter50,adjusted,32,,0.0029296875,0.1302125216277248,0.49545084635416664,0.474609375,,4.375,1066.0
weak_independent,late_permanent_onset_34_censored,kefrine_equations_equal_scatter50,raw,32,,0.003173828125,0.13081808143362586,0.4959309895833333,0.4713541666666667,,4.25,1068.3125
weak_independent,late_permanent_onset_34_censored,kefrine_equations_equal_scatter50,free_reclustering_diagnostic,32,,0.0009765625,0.08400963168367064,0.405126953125,0.4000651041666667,,3.375,1684.34375
weak_independent,late_permanent_onset_34_censored,joint_tuned,adjusted,32,,0.046142578125,0.15730622943610312,0.49956868489583334,0.4700520833333333,,23.21875,1013.96875
weak_independent,late_permanent_onset_34_censored,joint_tuned,raw,32,,0.0439453125,0.15752279781960907,0.49933268229166666,0.4729817708333333,,23.78125,1016.875
weak_independent,late_permanent_onset_34_censored,joint_tuned,free_reclustering_diagnostic,32,,0.0087890625,0.08400963168367064,0.3973876953125,0.3863932291666667,,10.90625,1773.75
weak_independent,late_permanent_onset_34_censored,kefrine_tuned,adjusted,32,,0.0166015625,0.1689544170475063,0.5516276041666667,0.5266927083333334,,13.375,1082.1875
weak_independent,late_permanent_onset_34_censored,kefrine_tuned,raw,32,,0.016845703125,0.16885520797597312,0.55166015625,0.5319010416666666,,13.5,1086.96875
weak_independent,late_permanent_onset_34_censored,kefrine_tuned,free_reclustering_diagnostic,32,,0.005615234375,0.08400963168367064,0.42166341145833336,0.4147135416666667,,6.4375,1744.3125
weak_independent,late_permanent_onset_34_censored,joint_zero_reuse,adjusted,32,,0.000244140625,0.1040067452106218,0.4559733072916667,0.4186197916666667,,2.5,1064.90625
weak_independent,late_permanent_onset_34_censored,joint_zero_reuse,raw,32,,0.000732421875,0.10392408820210701,0.45570475260416665,0.4235026041666667,,2.3125,1066.40625
weak_independent,late_permanent_onset_34_censored,joint_zero_reuse,free_reclustering_diagnostic,32,,0.00146484375,0.08400963168367064,0.3882080078125,0.3714192708333333,,2.5,1668.84375
weak_independent,late_permanent_onset_34_censored,freeze_kmeans_negative_control,adjusted,32,,0.0,0.13271457629768005,0.4861083984375,0.1806640625,,0.0,0.0
weak_independent,late_permanent_onset_34_censored,freeze_kmeans_negative_control,raw,32,,0.0,0.13271457629768005,0.4861083984375,0.1806640625,,0.0,0.0
weak_independent,broad_unbalanced_transition_0.6_onset_19,kmeans50,adjusted,32,0.0478515625,0.00244140625,0.07531015371152291,0.41905110677083335,0.3741861979166667,8.8251953125,6.15625,526.46875
weak_independent,broad_unbalanced_transition_0.6_onset_19,kmeans50,raw,32,0.06477864583333333,0.0009765625,0.08598237483168265,0.437841796875,0.4163411458333333,8.754557291666666,5.3125,529.125
weak_independent,broad_unbalanced_transition_0.6_onset_19,kmeans50,free_reclustering_diagnostic,32,0.017903645833333332,0.00390625,0.07579448058454528,0.3541178385416667,0.3302951388888889,8.927408854166666,4.5625,850.59375
weak_independent,broad_unbalanced_transition_0.6_onset_19,feature_hartigan,adjusted,32,0.048502604166666664,0.0029296875,0.07540405905420686,0.41925455729166666,0.37427662037037035,8.8212890625,6.21875,524.59375
weak_independent,broad_unbalanced_transition_0.6_onset_19,feature_hartigan,raw,32,0.06477864583333333,0.0009765625,0.08618823726873424,0.43792317708333334,0.41626880787037035,8.754231770833334,5.1875,527.8125
weak_independent,broad_unbalanced_transition_0.6_onset_19,feature_hartigan,free_reclustering_diagnostic,32,0.018229166666666668,0.0029296875,0.07579448058454528,0.3538330078125,0.32957175925925924,8.9296875,4.375,849.59375
weak_independent,broad_unbalanced_transition_0.6_onset_19,joint_alpha_0.5,adjusted,32,0.0869140625,0.01025390625,0.09071005990280205,0.43564453125,0.3750361689814815,8.644205729166666,13.65625,527.28125
weak_independent,broad_unbalanced_transition_0.6_onset_19,joint_alpha_0.5,raw,32,0.11263020833333333,0.01025390625,0.10405416930141076,0.4573567708333333,0.4216579861111111,8.547526041666666,12.1875,522.53125
weak_independent,broad_unbalanced_transition_0.6_onset_19,joint_alpha_0.5,free_reclustering_diagnostic,32,0.018880208333333332,0.00732421875,0.07579448058454528,0.34471028645833335,0.30378327546296297,8.926106770833334,7.125,864.0625
weak_independent,broad_unbalanced_transition_0.6_onset_19,kefrin_like_equal_scatter50,adjusted,32,0.07877604166666667,0.0048828125,0.09154345181140236,0.445556640625,0.38328269675925924,8.704427083333334,9.40625,524.25
weak_independent,broad_unbalanced_transition_0.6_onset_19,kefrin_like_equal_scatter50,raw,32,0.10188802083333333,0.00439453125,0.10541519931922282,0.46722005208333334,0.4302662037037037,8.6103515625,8.09375,526.59375
weak_independent,broad_unbalanced_transition_0.6_onset_19,kefrin_like_equal_scatter50,free_reclustering_diagnostic,32,0.012044270833333332,0.00390625,0.07579448058454528,0.3539794921875,0.31544777199074076,8.951171875,4.875,860.96875
weak_independent,broad_unbalanced_transition_0.6_onset_19,kefrine_equations_equal_scatter50,adjusted,32,0.07194010416666667,0.00341796875,0.0918377688682696,0.45052897135416664,0.3955620659722222,8.726236979166666,9.6875,527.65625
weak_independent,broad_unbalanced_transition_0.6_onset_19,kefrine_equations_equal_scatter50,raw,32,0.099609375,0.00390625,0.10671937297183409,0.47308756510416666,0.44399233217592593,8.612955729166666,8.03125,532.75
weak_independent,broad_unbalanced_transition_0.6_onset_19,kefrine_equations_equal_scatter50,free_reclustering_diagnostic,32,0.019205729166666668,0.001953125,0.07579448058454528,0.35960286458333335,0.326171875,8.91796875,4.40625,862.59375
weak_independent,broad_unbalanced_transition_0.6_onset_19,joint_tuned,adjusted,32,0.13444010416666666,0.04541015625,0.1180981423962393,0.4459147135416667,0.3789424189814815,8.419921875,26.90625,511.21875
weak_independent,broad_unbalanced_transition_0.6_onset_19,joint_tuned,raw,32,0.1669921875,0.0458984375,0.13307973142082105,0.4658203125,0.4235568576388889,8.301106770833334,26.03125,512.53125
weak_independent,broad_unbalanced_transition_0.6_onset_19,joint_tuned,free_reclustering_diagnostic,32,0.007486979166666666,0.00830078125,0.07579448058454528,0.306298828125,0.23922164351851852,8.958333333333334,7.34375,956.34375
weak_independent,broad_unbalanced_transition_0.6_onset_19,kefrine_tuned,adjusted,32,0.13704427083333334,0.0185546875,0.11441571521881365,0.49635416666666665,0.42749927662037035,8.44140625,17.65625,547.65625
weak_independent,broad_unbalanced_transition_0.6_onset_19,kefrine_tuned,raw,32,0.18391927083333334,0.017578125,0.13839895475112723,0.5268147786458334,0.49385127314814814,8.26171875,15.1875,544.0
weak_independent,broad_unbalanced_transition_0.6_onset_19,kefrine_tuned,free_reclustering_diagnostic,32,0.0146484375,0.0029296875,0.07579448058454528,0.34878743489583336,0.28757957175925924,8.9462890625,5.4375,921.875
weak_independent,broad_unbalanced_transition_0.6_onset_19,joint_zero_reuse,adjusted,32,0.0478515625,0.00244140625,0.07531015371152291,0.41905110677083335,0.3741861979166667,8.8251953125,6.15625,526.46875
weak_independent,broad_unbalanced_transition_0.6_onset_19,joint_zero_reuse,raw,32,0.06477864583333333,0.0009765625,0.08598237483168265,0.437841796875,0.4163411458333333,8.754557291666666,5.3125,529.125
weak_independent,broad_unbalanced_transition_0.6_onset_19,joint_zero_reuse,free_reclustering_diagnostic,32,0.017903645833333332,0.00390625,0.07579448058454528,0.3541178385416667,0.3302951388888889,8.927408854166666,4.5625,850.59375
weak_independent,broad_unbalanced_transition_0.6_onset_19,freeze_kmeans_negative_control,adjusted,32,0.0,0.0,0.047559873651367775,0.356689453125,0.19140625,9.0,0.0,0.0
weak_independent,broad_unbalanced_transition_0.6_onset_19,freeze_kmeans_negative_control,raw,32,0.0,0.0,0.047559873651367775,0.356689453125,0.19140625,9.0,0.0,0.0
weak_derived,stable,kmeans50,adjusted,32,,0.0011718750000000002,0.10487308517073174,0.4569498697916667,,,2.59375,1332.625
weak_derived,stable,kmeans50,raw,32,,0.0017578125,0.10487685946544764,0.45655924479166665,,,2.375,1334.125
weak_derived,stable,kmeans50,free_reclustering_diagnostic,32,,0.0025390625,0.08404326762193727,0.38943684895833336,,,2.8125,2080.875
weak_derived,stable,feature_hartigan,adjusted,32,,0.0009765625,0.10521225013625894,0.45724283854166664,,,2.6875,1329.71875
weak_derived,stable,feature_hartigan,raw,32,,0.0013671875000000001,0.10528070371899333,0.45697428385416666,,,2.46875,1330.75
weak_derived,stable,feature_hartigan,free_reclustering_diagnostic,32,,0.0025390625,0.08404326762193727,0.38966471354166665,,,2.875,2079.75
weak_derived,stable,joint_alpha_0.5,adjusted,32,,0.0011718750000000002,0.10394388714895642,0.45423990885416665,,,3.28125,1323.4375
weak_derived,stable,joint_alpha_0.5,raw,32,,0.0015625,0.10398499087947397,0.4541422526041667,,,3.0625,1327.46875
weak_derived,stable,joint_alpha_0.5,free_reclustering_diagnostic,32,,0.003125,0.08404326762193727,0.38755696614583335,,,2.90625,2086.65625
weak_derived,stable,kefrin_like_equal_scatter50,adjusted,32,,0.0011718750000000002,0.10288999047794326,0.44967447916666664,,,3.4375,1333.75
weak_derived,stable,kefrin_like_equal_scatter50,raw,32,,0.0015625,0.103027887991176,0.44979654947916664,,,3.40625,1330.6875
weak_derived,stable,kefrin_like_equal_scatter50,free_reclustering_diagnostic,32,,0.0017578125,0.08404326762193727,0.384765625,,,2.6875,2099.625
weak_derived,stable,kefrine_equations_equal_scatter50,adjusted,32,,0.0017578125,0.1059052098725793,0.45205891927083336,,,2.9375,1335.0625
weak_derived,stable,kefrine_equations_equal_scatter50,raw,32,,0.0017578125,0.10589752314811157,0.45218098958333336,,,2.8125,1331.9375
weak_derived,stable,kefrine_equations_equal_scatter50,free_reclustering_diagnostic,32,,0.001953125,0.08404326762193727,0.38788248697916666,,,2.5625,2088.6875
weak_derived,stable,joint_tuned,adjusted,32,,0.0021484375,0.10431339127175873,0.452978515625,,,4.09375,1321.34375
weak_derived,stable,joint_tuned,raw,32,,0.0025390625,0.10382297100937522,0.4523193359375,,,3.90625,1324.90625
weak_derived,stable,joint_tuned,free_reclustering_diagnostic,32,,0.0029296875,0.08404326762193727,0.38656412760416664,,,3.625,2097.28125
weak_derived,stable,kefrine_tuned,adjusted,32,,0.0021484375,0.10466019312966238,0.44949544270833336,,,3.5,1330.875
weak_derived,stable,kefrine_tuned,raw,32,,0.0017578125,0.10447777504048751,0.4493896484375,,,3.46875,1328.21875
weak_derived,stable,kefrine_tuned,free_reclustering_diagnostic,32,,0.0021484375,0.08404326762193727,0.38509928385416664,,,2.875,2100.96875
weak_derived,stable,joint_zero_reuse,adjusted,32,,0.0011718750000000002,0.10487308517073174,0.4569498697916667,,,2.59375,1332.625
weak_derived,stable,joint_zero_reuse,raw,32,,0.0017578125,0.10487685946544764,0.45655924479166665,,,2.375,1334.125
weak_derived,stable,joint_zero_reuse,free_reclustering_diagnostic,32,,0.0025390625,0.08404326762193727,0.38943684895833336,,,2.8125,2080.875
weak_derived,stable,freeze_kmeans_negative_control,adjusted,32,,0.0,0.13958184001729582,0.4939453125,,,0.0,0.0
weak_derived,stable,freeze_kmeans_negative_control,raw,32,,0.0,0.13958184001729582,0.4939453125,,,0.0,0.0
weak_derived,common_shift,kmeans50,adjusted,32,,0.0013671875000000001,0.10483390504207388,0.45696614583333334,,,2.59375,1332.46875
weak_derived,common_shift,kmeans50,raw,32,,0.027734375,0.09249161989456067,0.4445556640625,,,10.84375,1312.46875
weak_derived,common_shift,kmeans50,free_reclustering_diagnostic,32,,0.0025390625,0.08363858733760367,0.3888346354166667,,,3.0625,2093.40625
weak_derived,common_shift,feature_hartigan,adjusted,32,,0.0013671875000000001,0.10535494214109896,0.4572509765625,,,2.53125,1331.375
weak_derived,common_shift,feature_hartigan,raw,32,,0.0283203125,0.09251771574601199,0.4447265625,,,10.65625,1313.625
weak_derived,common_shift,feature_hartigan,free_reclustering_diagnostic,32,,0.003125,0.08363858733760367,0.38849283854166666,,,3.125,2092.53125
weak_derived,common_shift,joint_alpha_0.5,adjusted,32,,0.0013671875000000001,0.10397611571393943,0.4542724609375,,,3.25,1324.4375
weak_derived,common_shift,joint_alpha_0.5,raw,32,,0.02890625,0.09221503071811597,0.44280598958333334,,,11.71875,1309.5625
weak_derived,common_shift,joint_alpha_0.5,free_reclustering_diagnostic,32,,0.0033203125,0.08363858733760367,0.38551432291666665,,,2.96875,2093.75
weak_derived,common_shift,kefrin_like_equal_scatter50,adjusted,32,,0.0013671875000000001,0.10291006085255353,0.44964192708333334,,,3.5,1330.875
weak_derived,common_shift,kefrin_like_equal_scatter50,raw,32,,0.034765625,0.09051679668382061,0.43666178385416665,,,11.78125,1311.40625
weak_derived,common_shift,kefrin_like_equal_scatter50,free_reclustering_diagnostic,32,,0.0025390625,0.08363858733760367,0.3841959635416667,,,3.4375,2106.875
weak_derived,common_shift,kefrine_equations_equal_scatter50,adjusted,32,,0.0017578125,0.10563187627865765,0.4517578125,,,2.84375,1335.875
weak_derived,common_shift,kefrine_equations_equal_scatter50,raw,32,,0.0333984375,0.09095245107632749,0.43902180989583334,,,12.0625,1307.59375
weak_derived,common_shift,kefrine_equations_equal_scatter50,free_reclustering_diagnostic,32,,0.0023437500000000003,0.08363858733760367,0.38558756510416664,,,3.09375,2091.03125
weak_derived,common_shift,joint_tuned,adjusted,32,,0.0023437500000000003,0.10437427111153158,0.4532063802083333,,,4.0625,1322.25
weak_derived,common_shift,joint_tuned,raw,32,,0.03046875,0.09207926368623662,0.44178873697916665,,,12.75,1303.875
weak_derived,common_shift,joint_tuned,free_reclustering_diagnostic,32,,0.003125,0.08363858733760367,0.3850016276041667,,,3.96875,2095.09375
weak_derived,common_shift,kefrine_tuned,adjusted,32,,0.0021484375,0.10440420783108088,0.44944661458333335,,,3.46875,1332.25
weak_derived,common_shift,kefrine_tuned,raw,32,,0.028125,0.09180166357840089,0.437451171875,,,10.71875,1311.34375
weak_derived,common_shift,kefrine_tuned,free_reclustering_diagnostic,32,,0.0027343750000000003,0.08363858733760367,0.3846516927083333,,,3.34375,2109.59375
weak_derived,common_shift,joint_zero_reuse,adjusted,32,,0.0013671875000000001,0.10483390504207388,0.45696614583333334,,,2.59375,1332.46875
weak_derived,common_shift,joint_zero_reuse,raw,32,,0.027734375,0.09249161989456067,0.4445556640625,,,10.84375,1312.46875
weak_derived,common_shift,joint_zero_reuse,free_reclustering_diagnostic,32,,0.0025390625,0.08363858733760367,0.3888346354166667,,,3.0625,2093.40625
weak_derived,common_shift,freeze_kmeans_negative_control,adjusted,32,,0.0,0.13958184001729582,0.4939453125,,,0.0,0.0
weak_derived,common_shift,freeze_kmeans_negative_control,raw,32,,0.0,0.13958184001729582,0.4939453125,,,0.0,0.0
weak_derived,persistent_transition,kmeans50,adjusted,32,0.0810546875,0.000244140625,0.10045582449405918,0.45094401041666665,0.4231770833333333,8.705078125,3.09375,1066.1875
weak_derived,persistent_transition,kmeans50,raw,32,0.0859375,0.000732421875,0.10066786322431678,0.45127766927083335,0.4245334201388889,8.693359375,2.96875,1066.875
weak_derived,persistent_transition,kmeans50,free_reclustering_diagnostic,32,0.02734375,0.001953125,0.08628597072866727,0.38192545572916664,0.3697916666666667,8.9072265625,3.28125,1685.90625
weak_derived,persistent_transition,feature_hartigan,adjusted,32,0.078125,0.000244140625,0.10061453061492126,0.4510823567708333,0.4232313368055556,8.7138671875,3.125,1063.125
weak_derived,persistent_transition,feature_hartigan,raw,32,0.08984375,0.00048828125,0.10105375816646484,0.45159505208333334,0.4252387152777778,8.6845703125,2.90625,1064.34375
weak_derived,persistent_transition,feature_hartigan,free_reclustering_diagnostic,32,0.02734375,0.001708984375,0.08628597072866727,0.3823974609375,0.3709852430555556,8.9072265625,3.28125,1681.5
weak_derived,persistent_transition,joint_alpha_0.5,adjusted,32,0.0693359375,0.0009765625,0.09957841788898512,0.447509765625,0.4144422743055556,8.7421875,4.09375,1057.875
weak_derived,persistent_transition,joint_alpha_0.5,raw,32,0.076171875,0.00048828125,0.10010377224183405,0.4482828776041667,0.4166124131944445,8.7275390625,3.625,1060.9375
weak_derived,persistent_transition,joint_alpha_0.5,free_reclustering_diagnostic,32,0.0234375,0.002197265625,0.08628597072866727,0.37843424479166665,0.3624674479166667,8.9013671875,3.3125,1684.875
weak_derived,persistent_transition,kefrin_like_equal_scatter50,adjusted,32,0.0673828125,0.0009765625,0.10060361507622985,0.44501953125,0.4168294270833333,8.755859375,4.34375,1063.40625
weak_derived,persistent_transition,kefrin_like_equal_scatter50,raw,32,0.0712890625,0.0009765625,0.10080697985523926,0.4450602213541667,0.4154188368055556,8.744140625,4.28125,1060.03125
weak_derived,persistent_transition,kefrin_like_equal_scatter50,free_reclustering_diagnostic,32,0.02734375,0.003173828125,0.08628597072866727,0.3794759114583333,0.3709852430555556,8.904296875,3.59375,1691.03125
weak_derived,persistent_transition,kefrine_equations_equal_scatter50,adjusted,32,0.0771484375,0.0009765625,0.10356380848512349,0.44878743489583334,0.4264322916666667,8.728515625,3.5625,1064.875
weak_derived,persistent_transition,kefrine_equations_equal_scatter50,raw,32,0.0751953125,0.0009765625,0.10333542198738344,0.44867350260416666,0.4270290798611111,8.7431640625,3.59375,1062.25
weak_derived,persistent_transition,kefrine_equations_equal_scatter50,free_reclustering_diagnostic,32,0.0302734375,0.00390625,0.08628597072866727,0.38177083333333334,0.3732638888888889,8.8876953125,3.15625,1692.03125
weak_derived,persistent_transition,joint_tuned,adjusted,32,0.072265625,0.001220703125,0.09959782081041585,0.4474365234375,0.4180230034722222,8.7392578125,4.6875,1056.09375
weak_derived,persistent_transition,joint_tuned,raw,32,0.078125,0.001708984375,0.09963930306575727,0.447705078125,0.4189995659722222,8.7216796875,4.34375,1056.84375
weak_derived,persistent_transition,joint_tuned,free_reclustering_diagnostic,32,0.029296875,0.0029296875,0.08628597072866727,0.37993977864583334,0.3703342013888889,8.88671875,3.5,1685.46875
weak_derived,persistent_transition,kefrine_tuned,adjusted,32,0.0654296875,0.000732421875,0.10197206342264394,0.4460693359375,0.4209526909722222,8.7685546875,4.25,1060.78125
weak_derived,persistent_transition,kefrine_tuned,raw,32,0.0693359375,0.00146484375,0.10149626284488654,0.4456787109375,0.42041015625,8.7529296875,4.4375,1055.34375
weak_derived,persistent_transition,kefrine_tuned,free_reclustering_diagnostic,32,0.03125,0.00390625,0.08628597072866727,0.3781331380208333,0.3661024305555556,8.87109375,3.125,1696.5
weak_derived,persistent_transition,joint_zero_reuse,adjusted,32,0.0810546875,0.000244140625,0.10045582449405918,0.45094401041666665,0.4231770833333333,8.705078125,3.09375,1066.1875
weak_derived,persistent_transition,joint_zero_reuse,raw,32,0.0859375,0.000732421875,0.10066786322431678,0.45127766927083335,0.4245334201388889,8.693359375,2.96875,1066.875
weak_derived,persistent_transition,joint_zero_reuse,free_reclustering_diagnostic,32,0.02734375,0.001953125,0.08628597072866727,0.38192545572916664,0.3697916666666667,8.9072265625,3.28125,1685.90625
weak_derived,persistent_transition,freeze_kmeans_negative_control,adjusted,32,0.0,0.0,0.09837825769960115,0.446923828125,0.1806640625,9.0,0.0,0.0
weak_derived,persistent_transition,freeze_kmeans_negative_control,raw,32,0.0,0.0,0.09837825769960115,0.446923828125,0.1806640625,9.0,0.0,0.0
weak_derived,transition_and_shift,kmeans50,adjusted,32,0.083984375,0.00048828125,0.10054405001627077,0.45126139322916664,0.4234483506944444,8.689453125,3.1875,1067.0625
weak_derived,transition_and_shift,kmeans50,raw,32,0.0859375,0.027587890625,0.09005901861822209,0.4396891276041667,0.4090169270833333,8.6865234375,10.53125,1051.5
weak_derived,transition_and_shift,kmeans50,free_reclustering_diagnostic,32,0.025390625,0.00146484375,0.08523101292394464,0.3801513671875,0.3677842881944444,8.8984375,2.875,1687.90625
weak_derived,transition_and_shift,feature_hartigan,adjusted,32,0.080078125,0.00048828125,0.10063797216775747,0.451318359375,0.4232313368055555,8.70703125,3.25,1065.0
weak_derived,transition_and_shift,feature_hartigan,raw,32,0.0859375,0.028564453125,0.09001089595588375,0.43983561197916665,0.4084201388888889,8.6845703125,10.28125,1051.71875
weak_derived,transition_and_shift,feature_hartigan,free_reclustering_diagnostic,32,0.0263671875,0.001708984375,0.08523101292394464,0.3810221354166667,0.3703884548611111,8.90234375,3.0,1685.1875
weak_derived,transition_and_shift,joint_alpha_0.5,adjusted,32,0.0693359375,0.0009765625,0.09940664655255589,0.4474853515625,0.4142252604166667,8.74609375,4.03125,1059.5
weak_derived,transition_and_shift,joint_alpha_0.5,raw,32,0.0830078125,0.0283203125,0.08971255055472792,0.4375244140625,0.40283203125,8.6943359375,11.625,1047.25
weak_derived,transition_and_shift,joint_alpha_0.5,free_reclustering_diagnostic,32,0.0234375,0.00146484375,0.08523101292394464,0.37644856770833335,0.3616536458333333,8.9052734375,3.46875,1689.9375
weak_derived,transition_and_shift,kefrin_like_equal_scatter50,adjusted,32,0.06640625,0.0009765625,0.10059574399020385,0.4450276692708333,0.4176432291666667,8.7646484375,4.40625,1060.71875
weak_derived,transition_and_shift,kefrin_like_equal_scatter50,raw,32,0.0830078125,0.035400390625,0.09066695415877483,0.4336018880208333,0.4060329861111111,8.7099609375,12.125,1046.28125
weak_derived,transition_and_shift,kefrin_like_equal_scatter50,free_reclustering_diagnostic,32,0.0234375,0.005126953125,0.08523101292394464,0.3777587890625,0.3667534722222222,8.91796875,3.71875,1696.40625
weak_derived,transition_and_shift,kefrine_equations_equal_scatter50,adjusted,32,0.0771484375,0.0009765625,0.10337819812694495,0.44855143229166666,0.42724609375,8.7294921875,3.46875,1065.625
weak_derived,transition_and_shift,kefrine_equations_equal_scatter50,raw,32,0.0888671875,0.033203125,0.09112517559071696,0.436376953125,0.4123263888888889,8.6767578125,12.125,1041.25
weak_derived,transition_and_shift,kefrine_equations_equal_scatter50,free_reclustering_diagnostic,32,0.0283203125,0.002685546875,0.08523101292394464,0.3816650390625,0.3709852430555555,8.888671875,3.34375,1693.5
weak_derived,transition_and_shift,joint_tuned,adjusted,32,0.07421875,0.00146484375,0.09989990028635189,0.4479166666666667,0.4186740451388889,8.7294921875,4.8125,1056.125
weak_derived,transition_and_shift,joint_tuned,raw,32,0.0869140625,0.029541015625,0.09003682443484388,0.4380615234375,0.4052734375,8.6865234375,12.1875,1040.75
weak_derived,transition_and_shift,joint_tuned,free_reclustering_diagnostic,32,0.0263671875,0.002197265625,0.08523101292394464,0.37754720052083335,0.3649631076388889,8.892578125,3.75,1691.25
weak_derived,transition_and_shift,kefrine_tuned,adjusted,32,0.06640625,0.001220703125,0.10179232312339755,0.44599609375,0.42138671875,8.7646484375,4.34375,1059.1875
weak_derived,transition_and_shift,kefrine_tuned,raw,32,0.0888671875,0.02783203125,0.09111532451008877,0.43499348958333334,0.4106987847222222,8.6865234375,11.25,1043.0625
weak_derived,transition_and_shift,kefrine_tuned,free_reclustering_diagnostic,32,0.0244140625,0.00341796875,0.08523101292394464,0.3790771484375,0.3662651909722222,8.8955078125,3.71875,1694.875
weak_derived,transition_and_shift,joint_zero_reuse,adjusted,32,0.083984375,0.00048828125,0.10054405001627077,0.45126139322916664,0.4234483506944444,8.689453125,3.1875,1067.0625
weak_derived,transition_and_shift,joint_zero_reuse,raw,32,0.0859375,0.027587890625,0.09005901861822209,0.4396891276041667,0.4090169270833333,8.6865234375,10.53125,1051.5
weak_derived,transition_and_shift,joint_zero_reuse,free_reclustering_diagnostic,32,0.025390625,0.00146484375,0.08523101292394464,0.3801513671875,0.3677842881944444,8.8984375,2.875,1687.90625
weak_derived,transition_and_shift,freeze_kmeans_negative_control,adjusted,32,0.0,0.0,0.09837825769960115,0.446923828125,0.1806640625,9.0,0.0,0.0
weak_derived,transition_and_shift,freeze_kmeans_negative_control,raw,32,0.0,0.0,0.09837825769960115,0.446923828125,0.1806640625,9.0,0.0,0.0
weak_derived,late_permanent_onset_34_censored,kmeans50,adjusted,32,,0.000244140625,0.1040067452106218,0.4559733072916667,0.4186197916666667,,2.5,1064.90625
weak_derived,late_permanent_onset_34_censored,kmeans50,raw,32,,0.000732421875,0.10392408820210701,0.45570475260416665,0.4235026041666667,,2.3125,1066.40625
weak_derived,late_permanent_onset_34_censored,kmeans50,free_reclustering_diagnostic,32,,0.00146484375,0.08400963168367064,0.3882080078125,0.3714192708333333,,2.5,1668.84375
weak_derived,late_permanent_onset_34_censored,feature_hartigan,adjusted,32,,0.0,0.10432513387057145,0.45631510416666665,0.4225260416666667,,2.59375,1061.21875
weak_derived,late_permanent_onset_34_censored,feature_hartigan,raw,32,,0.00048828125,0.10424643505636305,0.4560221354166667,0.4222005208333333,,2.40625,1063.96875
weak_derived,late_permanent_onset_34_censored,feature_hartigan,free_reclustering_diagnostic,32,,0.001708984375,0.08400963168367064,0.38804524739583335,0.3704427083333333,,2.625,1666.40625
weak_derived,late_permanent_onset_34_censored,joint_alpha_0.5,adjusted,32,,0.000732421875,0.10290028483941789,0.4530029296875,0.4055989583333333,,3.25,1057.375
weak_derived,late_permanent_onset_34_censored,joint_alpha_0.5,raw,32,,0.00048828125,0.10293849284050577,0.45298665364583335,0.4085286458333333,,2.96875,1061.0
weak_derived,late_permanent_onset_34_censored,joint_alpha_0.5,free_reclustering_diagnostic,32,,0.001708984375,0.08400963168367064,0.3862548828125,0.3668619791666667,,2.75,1669.1875
weak_derived,late_permanent_onset_34_censored,kefrin_like_equal_scatter50,adjusted,32,,0.0009765625,0.1023621121388664,0.4490152994791667,0.4169921875,,3.40625,1063.53125
weak_derived,late_permanent_onset_34_censored,kefrin_like_equal_scatter50,raw,32,,0.001220703125,0.10243713068334326,0.44920247395833335,0.41796875,,3.4375,1061.15625
weak_derived,late_permanent_onset_34_censored,kefrin_like_equal_scatter50,free_reclustering_diagnostic,32,,0.0009765625,0.08400963168367064,0.38375651041666664,0.369140625,,2.46875,1679.71875
weak_derived,late_permanent_onset_34_censored,kefrine_equations_equal_scatter50,adjusted,32,,0.0009765625,0.1052659035165055,0.451708984375,0.419921875,,2.875,1066.5
weak_derived,late_permanent_onset_34_censored,kefrine_equations_equal_scatter50,raw,32,,0.001220703125,0.10509145156735114,0.4517415364583333,0.4244791666666667,,2.8125,1061.53125
weak_derived,late_permanent_onset_34_censored,kefrine_equations_equal_scatter50,free_reclustering_diagnostic,32,,0.00341796875,0.08400963168367064,0.38771158854166665,0.380859375,,2.59375,1669.96875
weak_derived,late_permanent_onset_34_censored,joint_tuned,adjusted,32,,0.001220703125,0.10320571714534536,0.451953125,0.4124348958333333,,4.0625,1055.75
weak_derived,late_permanent_onset_34_censored,joint_tuned,raw,32,,0.00146484375,0.10276018278119274,0.4514892578125,0.4153645833333333,,3.8125,1058.0625
weak_derived,late_permanent_onset_34_censored,joint_tuned,free_reclustering_diagnostic,32,,0.00244140625,0.08400963168367064,0.38539225260416665,0.3707682291666667,,3.5,1676.96875
weak_derived,late_permanent_onset_34_censored,kefrine_tuned,adjusted,32,,0.001220703125,0.10403616058987311,0.44906412760416664,0.4192708333333333,,3.46875,1060.09375
weak_derived,late_permanent_onset_34_censored,kefrine_tuned,raw,32,,0.00146484375,0.10365076671245742,0.4488932291666667,0.41796875,,3.4375,1056.28125
weak_derived,late_permanent_onset_34_censored,kefrine_tuned,free_reclustering_diagnostic,32,,0.002685546875,0.08400963168367064,0.38409016927083334,0.3675130208333333,,2.8125,1682.65625
weak_derived,late_permanent_onset_34_censored,joint_zero_reuse,adjusted,32,,0.000244140625,0.1040067452106218,0.4559733072916667,0.4186197916666667,,2.5,1064.90625
weak_derived,late_permanent_onset_34_censored,joint_zero_reuse,raw,32,,0.000732421875,0.10392408820210701,0.45570475260416665,0.4235026041666667,,2.3125,1066.40625
weak_derived,late_permanent_onset_34_censored,joint_zero_reuse,free_reclustering_diagnostic,32,,0.00146484375,0.08400963168367064,0.3882080078125,0.3714192708333333,,2.5,1668.84375
weak_derived,late_permanent_onset_34_censored,freeze_kmeans_negative_control,adjusted,32,,0.0,0.13271457629768005,0.4861083984375,0.1806640625,,0.0,0.0
weak_derived,late_permanent_onset_34_censored,freeze_kmeans_negative_control,raw,32,,0.0,0.13271457629768005,0.4861083984375,0.1806640625,,0.0,0.0
weak_derived,broad_unbalanced_transition_0.6_onset_19,kmeans50,adjusted,32,0.0478515625,0.00244140625,0.07531015371152291,0.41905110677083335,0.3741861979166667,8.8251953125,6.15625,526.46875
weak_derived,broad_unbalanced_transition_0.6_onset_19,kmeans50,raw,32,0.06477864583333333,0.0009765625,0.08598237483168265,0.437841796875,0.4163411458333333,8.754557291666666,5.3125,529.125
weak_derived,broad_unbalanced_transition_0.6_onset_19,kmeans50,free_reclustering_diagnostic,32,0.017903645833333332,0.00390625,0.07579448058454528,0.3541178385416667,0.3302951388888889,8.927408854166666,4.5625,850.59375
weak_derived,broad_unbalanced_transition_0.6_onset_19,feature_hartigan,adjusted,32,0.048502604166666664,0.0029296875,0.07540405905420686,0.41925455729166666,0.37427662037037035,8.8212890625,6.21875,524.59375
weak_derived,broad_unbalanced_transition_0.6_onset_19,feature_hartigan,raw,32,0.06477864583333333,0.0009765625,0.08618823726873424,0.43792317708333334,0.41626880787037035,8.754231770833334,5.1875,527.8125
weak_derived,broad_unbalanced_transition_0.6_onset_19,feature_hartigan,free_reclustering_diagnostic,32,0.018229166666666668,0.0029296875,0.07579448058454528,0.3538330078125,0.32957175925925924,8.9296875,4.375,849.59375
weak_derived,broad_unbalanced_transition_0.6_onset_19,joint_alpha_0.5,adjusted,32,0.0458984375,0.00146484375,0.07419128794555238,0.4154541015625,0.3693214699074074,8.827473958333334,7.0625,525.59375
weak_derived,broad_unbalanced_transition_0.6_onset_19,joint_alpha_0.5,raw,32,0.06282552083333333,0.00048828125,0.08439516688463287,0.432763671875,0.4088179976851852,8.769205729166666,6.0625,528.875
weak_derived,broad_unbalanced_transition_0.6_onset_19,joint_alpha_0.5,free_reclustering_diagnostic,32,0.017903645833333332,0.0029296875,0.07579448058454528,0.3502197265625,0.32591869212962965,8.9365234375,4.625,853.78125
weak_derived,broad_unbalanced_transition_0.6_onset_19,kefrin_like_equal_scatter50,adjusted,32,0.0478515625,0.00244140625,0.07184443257983049,0.41082356770833334,0.35957392939814814,8.829427083333334,7.0625,524.6875
weak_derived,broad_unbalanced_transition_0.6_onset_19,kefrin_like_equal_scatter50,raw,32,0.06901041666666667,0.00048828125,0.08210679798519586,0.4274576822916667,0.3965386284722222,8.748046875,5.84375,527.0
weak_derived,broad_unbalanced_transition_0.6_onset_19,kefrin_like_equal_scatter50,free_reclustering_diagnostic,32,0.0107421875,0.00341796875,0.07579448058454528,0.3505940755208333,0.32246455439814814,8.960286458333334,3.9375,853.0
weak_derived,broad_unbalanced_transition_0.6_onset_19,kefrine_equations_equal_scatter50,adjusted,32,0.0439453125,0.00244140625,0.0747345675238845,0.410302734375,0.3587782118055556,8.834635416666666,6.90625,527.40625
weak_derived,broad_unbalanced_transition_0.6_onset_19,kefrine_equations_equal_scatter50,raw,32,0.060546875,0.0009765625,0.08535058540895929,0.4254150390625,0.3910228587962963,8.7724609375,6.1875,525.46875
weak_derived,broad_unbalanced_transition_0.6_onset_19,kefrine_equations_equal_scatter50,free_reclustering_diagnostic,32,0.0126953125,0.0029296875,0.07579448058454528,0.34759928385416666,0.3175998263888889,8.945638020833334,4.25,849.3125
weak_derived,broad_unbalanced_transition_0.6_onset_19,joint_tuned,adjusted,32,0.046549479166666664,0.00439453125,0.07513108736401662,0.4172119140625,0.3726851851851852,8.826497395833334,7.28125,523.9375
weak_derived,broad_unbalanced_transition_0.6_onset_19,joint_tuned,raw,32,0.06510416666666667,0.00341796875,0.08505611304809325,0.4334716796875,0.4097945601851852,8.750651041666666,6.53125,525.28125
weak_derived,broad_unbalanced_transition_0.6_onset_19,joint_tuned,free_reclustering_diagnostic,32,0.012369791666666666,0.00390625,0.07579448058454528,0.3498291015625,0.32539424189814814,8.952473958333334,4.5625,861.5
weak_derived,broad_unbalanced_transition_0.6_onset_19,kefrine_tuned,adjusted,32,0.0400390625,0.0029296875,0.0723634369308065,0.403173828125,0.3448169849537037,8.846354166666666,7.5625,526.5
weak_derived,broad_unbalanced_transition_0.6_onset_19,kefrine_tuned,raw,32,0.0576171875,0.00244140625,0.08332886212357907,0.418505859375,0.3778392650462963,8.781901041666666,7.0,526.3125
weak_derived,broad_unbalanced_transition_0.6_onset_19,kefrine_tuned,free_reclustering_diagnostic,32,0.011393229166666666,0.001953125,0.07579448058454528,0.3436686197916667,0.3098958333333333,8.958658854166666,4.125,851.65625
weak_derived,broad_unbalanced_transition_0.6_onset_19,joint_zero_reuse,adjusted,32,0.0478515625,0.00244140625,0.07531015371152291,0.41905110677083335,0.3741861979166667,8.8251953125,6.15625,526.46875
weak_derived,broad_unbalanced_transition_0.6_onset_19,joint_zero_reuse,raw,32,0.06477864583333333,0.0009765625,0.08598237483168265,0.437841796875,0.4163411458333333,8.754557291666666,5.3125,529.125
weak_derived,broad_unbalanced_transition_0.6_onset_19,joint_zero_reuse,free_reclustering_diagnostic,32,0.017903645833333332,0.00390625,0.07579448058454528,0.3541178385416667,0.3302951388888889,8.927408854166666,4.5625,850.59375
weak_derived,broad_unbalanced_transition_0.6_onset_19,freeze_kmeans_negative_control,adjusted,32,0.0,0.0,0.047559873651367775,0.356689453125,0.19140625,9.0,0.0,0.0
weak_derived,broad_unbalanced_transition_0.6_onset_19,freeze_kmeans_negative_control,raw,32,0.0,0.0,0.047559873651367775,0.356689453125,0.19140625,9.0,0.0,0.0
weak_noise,stable,kmeans50,adjusted,32,,0.0011718750000000002,0.10487308517073174,0.4569498697916667,,,2.59375,1332.625
weak_noise,stable,kmeans50,raw,32,,0.0017578125,0.10487685946544764,0.45655924479166665,,,2.375,1334.125
weak_noise,stable,kmeans50,free_reclustering_diagnostic,32,,0.0025390625,0.08404326762193727,0.38943684895833336,,,2.8125,2080.875
weak_noise,stable,feature_hartigan,adjusted,32,,0.0009765625,0.10521225013625894,0.45724283854166664,,,2.6875,1329.71875
weak_noise,stable,feature_hartigan,raw,32,,0.0013671875000000001,0.10528070371899333,0.45697428385416666,,,2.46875,1330.75
weak_noise,stable,feature_hartigan,free_reclustering_diagnostic,32,,0.0025390625,0.08404326762193727,0.38966471354166665,,,2.875,2079.75
weak_noise,stable,joint_alpha_0.5,adjusted,32,,0.007421875,0.09150548251782499,0.43760579427083335,,,7.40625,1256.09375
weak_noise,stable,joint_alpha_0.5,raw,32,,0.0076171875,0.0911590302812009,0.4373860677083333,,,6.75,1256.625
weak_noise,stable,joint_alpha_0.5,free_reclustering_diagnostic,32,,0.005859375,0.08404326762193727,0.3866373697916667,,,7.0,2132.90625
weak_noise,stable,kefrin_like_equal_scatter50,adjusted,32,,0.0023437500000000003,0.10026316481104768,0.448486328125,,,2.8125,1334.6875
weak_noise,stable,kefrin_like_equal_scatter50,raw,32,,0.0013671875000000001,0.10109958538693141,0.4494873046875,,,2.96875,1330.28125
weak_noise,stable,kefrin_like_equal_scatter50,free_reclustering_diagnostic,32,,0.001953125,0.08404326762193727,0.38723958333333336,,,2.59375,2087.75
weak_noise,stable,kefrine_equations_equal_scatter50,adjusted,32,,0.0033203125000000003,0.09783396871342513,0.4396565755208333,,,3.28125,1340.1875
weak_noise,stable,kefrine_equations_equal_scatter50,raw,32,,0.0027343750000000003,0.09809363926405312,0.4402994791666667,,,2.90625,1340.96875
weak_noise,stable,kefrine_equations_equal_scatter50,free_reclustering_diagnostic,32,,0.0009765625,0.08404326762193727,0.3812174479166667,,,2.53125,2088.375
weak_noise,stable,joint_tuned,adjusted,32,,0.0216796875,0.016076689869970177,0.3225341796875,,,11.1875,786.6875
weak_noise,stable,joint_tuned,raw,32,,0.02109375,0.015974423539464697,0.3232014973958333,,,10.96875,780.25
weak_noise,stable,joint_tuned,free_reclustering_diagnostic,32,,0.0107421875,0.08404326762193727,0.3193115234375,,,14.0625,2494.125
weak_noise,stable,kefrine_tuned,adjusted,32,,0.0021484375,0.09772825840175779,0.43535970052083334,,,4.0625,1348.03125
weak_noise,stable,kefrine_tuned,raw,32,,0.0023437500000000003,0.09834801199676942,0.4365234375,,,3.78125,1345.65625
weak_noise,stable,kefrine_tuned,free_reclustering_diagnostic,32,,0.0025390625,0.08404326762193727,0.380517578125,,,3.59375,2079.0
weak_noise,stable,joint_zero_reuse,adjusted,32,,0.0011718750000000002,0.10487308517073174,0.4569498697916667,,,2.59375,1332.625
weak_noise,stable,joint_zero_reuse,raw,32,,0.0017578125,0.10487685946544764,0.45655924479166665,,,2.375,1334.125
weak_noise,stable,joint_zero_reuse,free_reclustering_diagnostic,32,,0.0025390625,0.08404326762193727,0.38943684895833336,,,2.8125,2080.875
weak_noise,stable,freeze_kmeans_negative_control,adjusted,32,,0.0,0.13958184001729582,0.4939453125,,,0.0,0.0
weak_noise,stable,freeze_kmeans_negative_control,raw,32,,0.0,0.13958184001729582,0.4939453125,,,0.0,0.0
weak_noise,common_shift,kmeans50,adjusted,32,,0.0013671875000000001,0.10483390504207388,0.45696614583333334,,,2.59375,1332.46875
weak_noise,common_shift,kmeans50,raw,32,,0.027734375,0.09249161989456067,0.4445556640625,,,10.84375,1312.46875
weak_noise,common_shift,kmeans50,free_reclustering_diagnostic,32,,0.0025390625,0.08363858733760367,0.3888346354166667,,,3.0625,2093.40625
weak_noise,common_shift,feature_hartigan,adjusted,32,,0.0013671875000000001,0.10535494214109896,0.4572509765625,,,2.53125,1331.375
weak_noise,common_shift,feature_hartigan,raw,32,,0.0283203125,0.09251771574601199,0.4447265625,,,10.65625,1313.625
weak_noise,common_shift,feature_hartigan,free_reclustering_diagnostic,32,,0.003125,0.08363858733760367,0.38849283854166666,,,3.125,2092.53125
weak_noise,common_shift,joint_alpha_0.5,adjusted,32,,0.0076171875,0.09132784315301083,0.43736165364583335,,,7.34375,1254.96875
weak_noise,common_shift,joint_alpha_0.5,raw,32,,0.0443359375,0.08292594542008419,0.4280598958333333,,,16.1875,1238.40625
weak_noise,common_shift,joint_alpha_0.5,free_reclustering_diagnostic,32,,0.007421875,0.08363858733760367,0.38397623697916666,,,7.375,2141.15625
weak_noise,common_shift,kefrin_like_equal_scatter50,adjusted,32,,0.0021484375,0.10031514460271548,0.4484456380208333,,,2.96875,1334.5625
weak_noise,common_shift,kefrin_like_equal_scatter50,raw,32,,0.0333984375,0.0912946216701072,0.43805338541666666,,,12.1875,1315.65625
weak_noise,common_shift,kefrin_like_equal_scatter50,free_reclustering_diagnostic,32,,0.003515625,0.08363858733760367,0.38612467447916665,,,3.4375,2095.5
weak_noise,common_shift,kefrine_equations_equal_scatter50,adjusted,32,,0.003125,0.09785618715476495,0.439599609375,,,3.21875,1342.8125
weak_noise,common_shift,kefrine_equations_equal_scatter50,raw,32,,0.0298828125,0.08673727536570884,0.428173828125,,,11.375,1327.84375
weak_noise,common_shift,kefrine_equations_equal_scatter50,free_reclustering_diagnostic,32,,0.0015625,0.08363858733760367,0.3804443359375,,,3.25,2079.15625
weak_noise,common_shift,joint_tuned,adjusted,32,,0.022265625,0.016067031512796866,0.322509765625,,,11.125,784.0
weak_noise,common_shift,joint_tuned,raw,32,,0.0419921875,0.02037740866864085,0.3247477213541667,,,15.34375,838.09375
weak_noise,common_shift,joint_tuned,free_reclustering_diagnostic,32,,0.00859375,0.08363858733760367,0.3189697265625,,,14.375,2458.9375
weak_noise,common_shift,kefrine_tuned,adjusted,32,,0.0025390625,0.09788682565544107,0.4353434244791667,,,4.03125,1349.46875
weak_noise,common_shift,kefrine_tuned,raw,32,,0.0291015625,0.0873834268214772,0.42562662760416664,,,11.75,1327.625
weak_noise,common_shift,kefrine_tuned,free_reclustering_diagnostic,32,,0.0029296875,0.08363858733760367,0.3794189453125,,,3.8125,2074.46875
weak_noise,common_shift,joint_zero_reuse,adjusted,32,,0.0013671875000000001,0.10483390504207388,0.45696614583333334,,,2.59375,1332.46875
weak_noise,common_shift,joint_zero_reuse,raw,32,,0.027734375,0.09249161989456067,0.4445556640625,,,10.84375,1312.46875
weak_noise,common_shift,joint_zero_reuse,free_reclustering_diagnostic,32,,0.0025390625,0.08363858733760367,0.3888346354166667,,,3.0625,2093.40625
weak_noise,common_shift,freeze_kmeans_negative_control,adjusted,32,,0.0,0.13958184001729582,0.4939453125,,,0.0,0.0
weak_noise,common_shift,freeze_kmeans_negative_control,raw,32,,0.0,0.13958184001729582,0.4939453125,,,0.0,0.0
weak_noise,persistent_transition,kmeans50,adjusted,32,0.0810546875,0.000244140625,0.10045582449405918,0.45094401041666665,0.4231770833333333,8.705078125,3.09375,1066.1875
weak_noise,persistent_transition,kmeans50,raw,32,0.0859375,0.000732421875,0.10066786322431678,0.45127766927083335,0.4245334201388889,8.693359375,2.96875,1066.875
weak_noise,persistent_transition,kmeans50,free_reclustering_diagnostic,32,0.02734375,0.001953125,0.08628597072866727,0.38192545572916664,0.3697916666666667,8.9072265625,3.28125,1685.90625
weak_noise,persistent_transition,feature_hartigan,adjusted,32,0.078125,0.000244140625,0.10061453061492126,0.4510823567708333,0.4232313368055556,8.7138671875,3.125,1063.125
weak_noise,persistent_transition,feature_hartigan,raw,32,0.08984375,0.00048828125,0.10105375816646484,0.45159505208333334,0.4252387152777778,8.6845703125,2.90625,1064.34375
weak_noise,persistent_transition,feature_hartigan,free_reclustering_diagnostic,32,0.02734375,0.001708984375,0.08628597072866727,0.3823974609375,0.3709852430555556,8.9072265625,3.28125,1681.5
weak_noise,persistent_transition,joint_alpha_0.5,adjusted,32,0.0693359375,0.008056640625,0.08913417619993645,0.4326253255208333,0.3978949652777778,8.7431640625,7.28125,1007.09375
weak_noise,persistent_transition,joint_alpha_0.5,raw,32,0.0712890625,0.007568359375,0.08894643140856824,0.43268229166666666,0.3983289930555556,8.7314453125,6.78125,1008.03125
weak_noise,persistent_transition,joint_alpha_0.5,free_reclustering_diagnostic,32,0.029296875,0.00732421875,0.08628597072866727,0.37705891927083335,0.3636610243055556,8.88671875,6.5625,1728.40625
weak_noise,persistent_transition,kefrin_like_equal_scatter50,adjusted,32,0.0615234375,0.002197265625,0.09809902291539561,0.4440511067708333,0.4142795138888889,8.779296875,3.5625,1065.40625
weak_noise,persistent_transition,kefrin_like_equal_scatter50,raw,32,0.0712890625,0.00146484375,0.09913084016444981,0.44513346354166666,0.4170464409722222,8.7490234375,3.40625,1059.0
weak_noise,persistent_transition,kefrin_like_equal_scatter50,free_reclustering_diagnostic,32,0.025390625,0.002197265625,0.08628597072866727,0.3778564453125,0.3665907118055556,8.9072265625,3.53125,1673.59375
weak_noise,persistent_transition,kefrine_equations_equal_scatter50,adjusted,32,0.0693359375,0.002197265625,0.09542087942855067,0.43650716145833335,0.4110243055555556,8.748046875,4.21875,1072.15625
weak_noise,persistent_transition,kefrine_equations_equal_scatter50,raw,32,0.06640625,0.00146484375,0.09602924859230151,0.43751627604166665,0.4119466145833333,8.7568359375,3.6875,1072.625
weak_noise,persistent_transition,kefrine_equations_equal_scatter50,free_reclustering_diagnostic,32,0.0283203125,0.002685546875,0.08628597072866727,0.3769775390625,0.3656684027777778,8.8984375,3.65625,1676.0625
weak_noise,persistent_transition,joint_tuned,adjusted,32,0.021484375,0.023193359375,0.015717537477921886,0.318896484375,0.29931640625,8.8935546875,10.5,624.875
weak_noise,persistent_transition,joint_tuned,raw,32,0.021484375,0.021728515625,0.015756051168473086,0.3195068359375,0.2991536458333333,8.8984375,10.4375,618.8125
weak_noise,persistent_transition,joint_tuned,free_reclustering_diagnostic,32,0.009765625,0.011474609375,0.08628597072866727,0.31443684895833335,0.3076171875,8.9482421875,10.625,1997.46875
weak_noise,persistent_transition,kefrine_tuned,adjusted,32,0.0654296875,0.00146484375,0.09476163936987964,0.43150227864583335,0.4064127604166667,8.755859375,4.65625,1078.34375
weak_noise,persistent_transition,kefrine_tuned,raw,32,0.0673828125,0.001708984375,0.09470026430927041,0.4320149739583333,0.4048936631944444,8.751953125,4.53125,1076.71875
weak_noise,persistent_transition,kefrine_tuned,free_reclustering_diagnostic,32,0.02734375,0.003173828125,0.08628597072866727,0.3720703125,0.3579644097222222,8.8974609375,4.375,1685.5
weak_noise,persistent_transition,joint_zero_reuse,adjusted,32,0.0810546875,0.000244140625,0.10045582449405918,0.45094401041666665,0.4231770833333333,8.705078125,3.09375,1066.1875
weak_noise,persistent_transition,joint_zero_reuse,raw,32,0.0859375,0.000732421875,0.10066786322431678,0.45127766927083335,0.4245334201388889,8.693359375,2.96875,1066.875
weak_noise,persistent_transition,joint_zero_reuse,free_reclustering_diagnostic,32,0.02734375,0.001953125,0.08628597072866727,0.38192545572916664,0.3697916666666667,8.9072265625,3.28125,1685.90625
weak_noise,persistent_transition,freeze_kmeans_negative_control,adjusted,32,0.0,0.0,0.09837825769960115,0.446923828125,0.1806640625,9.0,0.0,0.0
weak_noise,persistent_transition,freeze_kmeans_negative_control,raw,32,0.0,0.0,0.09837825769960115,0.446923828125,0.1806640625,9.0,0.0,0.0
weak_noise,transition_and_shift,kmeans50,adjusted,32,0.083984375,0.00048828125,0.10054405001627077,0.45126139322916664,0.4234483506944444,8.689453125,3.1875,1067.0625
weak_noise,transition_and_shift,kmeans50,raw,32,0.0859375,0.027587890625,0.09005901861822209,0.4396891276041667,0.4090169270833333,8.6865234375,10.53125,1051.5
weak_noise,transition_and_shift,kmeans50,free_reclustering_diagnostic,32,0.025390625,0.00146484375,0.08523101292394464,0.3801513671875,0.3677842881944444,8.8984375,2.875,1687.90625
weak_noise,transition_and_shift,feature_hartigan,adjusted,32,0.080078125,0.00048828125,0.10063797216775747,0.451318359375,0.4232313368055555,8.70703125,3.25,1065.0
weak_noise,transition_and_shift,feature_hartigan,raw,32,0.0859375,0.028564453125,0.09001089595588375,0.43983561197916665,0.4084201388888889,8.6845703125,10.28125,1051.71875
weak_noise,transition_and_shift,feature_hartigan,free_reclustering_diagnostic,32,0.0263671875,0.001708984375,0.08523101292394464,0.3810221354166667,0.3703884548611111,8.90234375,3.0,1685.1875
weak_noise,transition_and_shift,joint_alpha_0.5,adjusted,32,0.0693359375,0.007568359375,0.08912146219935128,0.4324462890625,0.3980034722222222,8.7431640625,7.125,1006.4375
weak_noise,transition_and_shift,joint_alpha_0.5,raw,32,0.07421875,0.04541015625,0.08208036811313525,0.42503255208333335,0.3901909722222222,8.712890625,15.53125,991.75
weak_noise,transition_and_shift,joint_alpha_0.5,free_reclustering_diagnostic,32,0.029296875,0.0048828125,0.08523101292394464,0.3752034505208333,0.3588324652777778,8.890625,7.46875,1727.03125
weak_noise,transition_and_shift,kefrin_like_equal_scatter50,adjusted,32,0.0615234375,0.002685546875,0.0981391521875888,0.444287109375,0.4150933159722222,8.77734375,3.71875,1064.46875
weak_noise,transition_and_shift,kefrin_like_equal_scatter50,raw,32,0.0791015625,0.032958984375,0.0911578043712013,0.43556315104166665,0.4108072916666667,8.7099609375,12.125,1048.125
weak_noise,transition_and_shift,kefrin_like_equal_scatter50,free_reclustering_diagnostic,32,0.0283203125,0.00146484375,0.08523101292394464,0.3774332682291667,0.3649088541666667,8.8974609375,3.15625,1683.5
weak_noise,transition_and_shift,kefrine_equations_equal_scatter50,adjusted,32,0.068359375,0.002685546875,0.0955434676556476,0.43658040364583334,0.4112955729166667,8.755859375,4.21875,1072.15625
weak_noise,transition_and_shift,kefrine_equations_equal_scatter50,raw,32,0.076171875,0.030029296875,0.08623437864068338,0.4264404296875,0.4029947916666667,8.712890625,11.71875,1061.5
weak_noise,transition_and_shift,kefrine_equations_equal_scatter50,free_reclustering_diagnostic,32,0.03125,0.002685546875,0.08523101292394464,0.37489420572916665,0.3644205729166667,8.900390625,3.625,1678.1875
weak_noise,transition_and_shift,joint_tuned,adjusted,32,0.0205078125,0.022705078125,0.015755022399696464,0.3190511067708333,0.2994249131944445,8.9013671875,10.40625,624.84375
weak_noise,transition_and_shift,joint_tuned,raw,32,0.0283203125,0.04150390625,0.020423845390870683,0.32188313802083335,0.3018120659722222,8.869140625,14.15625,664.78125
weak_noise,transition_and_shift,joint_tuned,free_reclustering_diagnostic,32,0.017578125,0.01220703125,0.08523101292394464,0.31512858072916666,0.3038736979166667,8.923828125,11.1875,1992.4375
weak_noise,transition_and_shift,kefrine_tuned,adjusted,32,0.0634765625,0.001708984375,0.0946375069679097,0.43125813802083335,0.40625,8.7607421875,4.71875,1079.84375
weak_noise,transition_and_shift,kefrine_tuned,raw,32,0.05859375,0.028564453125,0.08506495205571593,0.4217447916666667,0.3926866319444444,8.7822265625,11.6875,1064.34375
weak_noise,transition_and_shift,kefrine_tuned,free_reclustering_diagnostic,32,0.025390625,0.003662109375,0.08523101292394464,0.37198079427083336,0.3589409722222222,8.9013671875,4.0625,1683.53125
weak_noise,transition_and_shift,joint_zero_reuse,adjusted,32,0.083984375,0.00048828125,0.10054405001627077,0.45126139322916664,0.4234483506944444,8.689453125,3.1875,1067.0625
weak_noise,transition_and_shift,joint_zero_reuse,raw,32,0.0859375,0.027587890625,0.09005901861822209,0.4396891276041667,0.4090169270833333,8.6865234375,10.53125,1051.5
weak_noise,transition_and_shift,joint_zero_reuse,free_reclustering_diagnostic,32,0.025390625,0.00146484375,0.08523101292394464,0.3801513671875,0.3677842881944444,8.8984375,2.875,1687.90625
weak_noise,transition_and_shift,freeze_kmeans_negative_control,adjusted,32,0.0,0.0,0.09837825769960115,0.446923828125,0.1806640625,9.0,0.0,0.0
weak_noise,transition_and_shift,freeze_kmeans_negative_control,raw,32,0.0,0.0,0.09837825769960115,0.446923828125,0.1806640625,9.0,0.0,0.0
weak_conflict,stable,kmeans50,adjusted,32,,0.0011718750000000002,0.10487308517073174,0.4569498697916667,,,2.59375,1332.625
weak_conflict,stable,kmeans50,raw,32,,0.0017578125,0.10487685946544764,0.45655924479166665,,,2.375,1334.125
weak_conflict,stable,kmeans50,free_reclustering_diagnostic,32,,0.0025390625,0.08404326762193727,0.38943684895833336,,,2.8125,2080.875
weak_conflict,stable,feature_hartigan,adjusted,32,,0.0009765625,0.10521225013625894,0.45724283854166664,,,2.6875,1329.71875
weak_conflict,stable,feature_hartigan,raw,32,,0.0013671875000000001,0.10528070371899333,0.45697428385416666,,,2.46875,1330.75
weak_conflict,stable,feature_hartigan,free_reclustering_diagnostic,32,,0.0025390625,0.08404326762193727,0.38966471354166665,,,2.875,2079.75
weak_conflict,stable,joint_alpha_0.5,adjusted,32,,0.0064453125000000005,0.08398851040572636,0.4271240234375,,,7.03125,1255.5625
weak_conflict,stable,joint_alpha_0.5,raw,32,,0.00703125,0.08414667360962642,0.4268391927083333,,,6.9375,1261.40625
weak_conflict,stable,joint_alpha_0.5,free_reclustering_diagnostic,32,,0.005078125,0.08404326762193727,0.3817626953125,,,7.25,2134.375
weak_conflict,stable,kefrin_like_equal_scatter50,adjusted,32,,0.0017578125,0.1018608108869259,0.4496826171875,,,3.5,1335.40625
weak_conflict,stable,kefrin_like_equal_scatter50,raw,32,,0.0009765625,0.10157755105223137,0.4490885416666667,,,3.09375,1331.4375
weak_conflict,stable,kefrin_like_equal_scatter50,free_reclustering_diagnostic,32,,0.0033203125000000003,0.08404326762193727,0.3865641276041667,,,3.625,2090.9375
weak_conflict,stable,kefrine_equations_equal_scatter50,adjusted,32,,0.0027343750000000003,0.09814763781021497,0.44297688802083335,,,3.65625,1341.5625
weak_conflict,stable,kefrine_equations_equal_scatter50,raw,32,,0.0029296875,0.09826648647477991,0.4427490234375,,,3.5,1340.75
weak_conflict,stable,kefrine_equations_equal_scatter50,free_reclustering_diagnostic,32,,0.0017578125,0.08404326762193727,0.38447265625,,,2.96875,2094.90625
weak_conflict,stable,joint_tuned,adjusted,32,,0.032421875,0.023058815985522344,0.33098958333333334,,,14.65625,884.90625
weak_conflict,stable,joint_tuned,raw,32,,0.03203125,0.022900968952738496,0.3300048828125,,,14.40625,880.59375
weak_conflict,stable,joint_tuned,free_reclustering_diagnostic,32,,0.0126953125,0.08404326762193727,0.3157552083333333,,,13.4375,2455.09375
weak_conflict,stable,kefrine_tuned,adjusted,32,,0.0037109375000000003,0.09566148892858731,0.4441813151041667,,,4.59375,1350.625
weak_conflict,stable,kefrine_tuned,raw,32,,0.0033203125000000003,0.09630824661577689,0.44536946614583334,,,4.40625,1346.5
weak_conflict,stable,kefrine_tuned,free_reclustering_diagnostic,32,,0.0023437500000000003,0.08404326762193727,0.3843587239583333,,,4.0625,2099.28125
weak_conflict,stable,joint_zero_reuse,adjusted,32,,0.0011718750000000002,0.10487308517073174,0.4569498697916667,,,2.59375,1332.625
weak_conflict,stable,joint_zero_reuse,raw,32,,0.0017578125,0.10487685946544764,0.45655924479166665,,,2.375,1334.125
weak_conflict,stable,joint_zero_reuse,free_reclustering_diagnostic,32,,0.0025390625,0.08404326762193727,0.38943684895833336,,,2.8125,2080.875
weak_conflict,stable,freeze_kmeans_negative_control,adjusted,32,,0.0,0.13958184001729582,0.4939453125,,,0.0,0.0
weak_conflict,stable,freeze_kmeans_negative_control,raw,32,,0.0,0.13958184001729582,0.4939453125,,,0.0,0.0
weak_conflict,common_shift,kmeans50,adjusted,32,,0.0013671875000000001,0.10483390504207388,0.45696614583333334,,,2.59375,1332.46875
weak_conflict,common_shift,kmeans50,raw,32,,0.027734375,0.09249161989456067,0.4445556640625,,,10.84375,1312.46875
weak_conflict,common_shift,kmeans50,free_reclustering_diagnostic,32,,0.0025390625,0.08363858733760367,0.3888346354166667,,,3.0625,2093.40625
weak_conflict,common_shift,feature_hartigan,adjusted,32,,0.0013671875000000001,0.10535494214109896,0.4572509765625,,,2.53125,1331.375
weak_conflict,common_shift,feature_hartigan,raw,32,,0.0283203125,0.09251771574601199,0.4447265625,,,10.65625,1313.625
weak_conflict,common_shift,feature_hartigan,free_reclustering_diagnostic,32,,0.003125,0.08363858733760367,0.38849283854166666,,,3.125,2092.53125
weak_conflict,common_shift,joint_alpha_0.5,adjusted,32,,0.0064453125000000005,0.08371845206517475,0.4267903645833333,,,6.96875,1253.6875
weak_conflict,common_shift,joint_alpha_0.5,raw,32,,0.039843750000000004,0.07745877317360998,0.4192626953125,,,15.59375,1251.125
weak_conflict,common_shift,joint_alpha_0.5,free_reclustering_diagnostic,32,,0.0046875,0.08363858733760367,0.3783772786458333,,,6.90625,2136.625
weak_conflict,common_shift,kefrin_like_equal_scatter50,adjusted,32,,0.0015625,0.10174881098553201,0.4495849609375,,,3.5,1337.8125
weak_conflict,common_shift,kefrin_like_equal_scatter50,raw,32,,0.0302734375,0.0921097976202074,0.4385660807291667,,,12.03125,1313.15625
weak_conflict,common_shift,kefrin_like_equal_scatter50,free_reclustering_diagnostic,32,,0.001953125,0.08363858733760367,0.3845621744791667,,,3.40625,2112.0
weak_conflict,common_shift,kefrine_equations_equal_scatter50,adjusted,32,,0.003125,0.09788720981195882,0.4426025390625,,,3.65625,1341.5625
weak_conflict,common_shift,kefrine_equations_equal_scatter50,raw,32,,0.03046875,0.08666318187401463,0.4313232421875,,,11.53125,1322.59375
weak_conflict,common_shift,kefrine_equations_equal_scatter50,free_reclustering_diagnostic,32,,0.0023437500000000003,0.08363858733760367,0.385107421875,,,3.90625,2090.15625
weak_conflict,common_shift,joint_tuned,adjusted,32,,0.031640625,0.023116089706554564,0.33082682291666665,,,14.34375,883.0625
weak_conflict,common_shift,joint_tuned,raw,32,,0.0478515625,0.025024786341483397,0.3298258463541667,,,18.03125,892.53125
weak_conflict,common_shift,joint_tuned,free_reclustering_diagnostic,32,,0.015234375,0.08363858733760367,0.3150146484375,,,14.71875,2433.0625
weak_conflict,common_shift,kefrine_tuned,adjusted,32,,0.0041015625,0.0958127194224934,0.44407552083333335,,,4.71875,1349.34375
weak_conflict,common_shift,kefrine_tuned,raw,32,,0.033203125,0.0853024391820877,0.43247884114583335,,,13.21875,1323.09375
weak_conflict,common_shift,kefrine_tuned,free_reclustering_diagnostic,32,,0.0023437500000000003,0.08363858733760367,0.383935546875,,,4.375,2098.75
weak_conflict,common_shift,joint_zero_reuse,adjusted,32,,0.0013671875000000001,0.10483390504207388,0.45696614583333334,,,2.59375,1332.46875
weak_conflict,common_shift,joint_zero_reuse,raw,32,,0.027734375,0.09249161989456067,0.4445556640625,,,10.84375,1312.46875
weak_conflict,common_shift,joint_zero_reuse,free_reclustering_diagnostic,32,,0.0025390625,0.08363858733760367,0.3888346354166667,,,3.0625,2093.40625
weak_conflict,common_shift,freeze_kmeans_negative_control,adjusted,32,,0.0,0.13958184001729582,0.4939453125,,,0.0,0.0
weak_conflict,common_shift,freeze_kmeans_negative_control,raw,32,,0.0,0.13958184001729582,0.4939453125,,,0.0,0.0
weak_conflict,persistent_transition,kmeans50,adjusted,32,0.0810546875,0.000244140625,0.10045582449405918,0.45094401041666665,0.4231770833333333,8.705078125,3.09375,1066.1875
weak_conflict,persistent_transition,kmeans50,raw,32,0.0859375,0.000732421875,0.10066786322431678,0.45127766927083335,0.4245334201388889,8.693359375,2.96875,1066.875
weak_conflict,persistent_transition,kmeans50,free_reclustering_diagnostic,32,0.02734375,0.001953125,0.08628597072866727,0.38192545572916664,0.3697916666666667,8.9072265625,3.28125,1685.90625
weak_conflict,persistent_transition,feature_hartigan,adjusted,32,0.078125,0.000244140625,0.10061453061492126,0.4510823567708333,0.4232313368055556,8.7138671875,3.125,1063.125
weak_conflict,persistent_transition,feature_hartigan,raw,32,0.08984375,0.00048828125,0.10105375816646484,0.45159505208333334,0.4252387152777778,8.6845703125,2.90625,1064.34375
weak_conflict,persistent_transition,feature_hartigan,free_reclustering_diagnostic,32,0.02734375,0.001708984375,0.08628597072866727,0.3823974609375,0.3709852430555556,8.9072265625,3.28125,1681.5
weak_conflict,persistent_transition,joint_alpha_0.5,adjusted,32,0.0654296875,0.006103515625,0.08297006967915775,0.4246012369791667,0.4009331597222222,8.759765625,6.96875,1003.125
weak_conflict,persistent_transition,joint_alpha_0.5,raw,32,0.0654296875,0.00537109375,0.08314734015240188,0.4242919921875,0.4015299479166667,8.7587890625,6.875,1008.21875
weak_conflict,persistent_transition,joint_alpha_0.5,free_reclustering_diagnostic,32,0.033203125,0.005615234375,0.08628597072866727,0.37660319010416665,0.3670789930555556,8.853515625,6.96875,1720.9375
weak_conflict,persistent_transition,kefrin_like_equal_scatter50,adjusted,32,0.07421875,0.001220703125,0.0990254763215923,0.44578450520833335,0.4256184895833333,8.7255859375,4.21875,1068.625
weak_conflict,persistent_transition,kefrin_like_equal_scatter50,raw,32,0.0703125,0.000732421875,0.09860131933208895,0.4451009114583333,0.4268120659722222,8.73828125,4.0,1066.5
weak_conflict,persistent_transition,kefrin_like_equal_scatter50,free_reclustering_diagnostic,32,0.029296875,0.002197265625,0.08628597072866727,0.37950032552083335,0.3716905381944444,8.884765625,3.625,1690.1875
weak_conflict,persistent_transition,kefrine_equations_equal_scatter50,adjusted,32,0.0634765625,0.002197265625,0.09503931838630722,0.4388671875,0.4193250868055556,8.775390625,4.3125,1074.28125
weak_conflict,persistent_transition,kefrine_equations_equal_scatter50,raw,32,0.068359375,0.002197265625,0.09498494530620717,0.4387451171875,0.4195963541666667,8.7568359375,4.125,1069.46875
weak_conflict,persistent_transition,kefrine_equations_equal_scatter50,free_reclustering_diagnostic,32,0.0244140625,0.002197265625,0.08628597072866727,0.379443359375,0.3717447916666667,8.9140625,3.15625,1683.3125
weak_conflict,persistent_transition,joint_tuned,adjusted,32,0.0283203125,0.031982421875,0.02208718181406942,0.3291015625,0.3133138020833333,8.880859375,13.5,708.9375
weak_conflict,persistent_transition,joint_tuned,raw,32,0.0283203125,0.031005859375,0.021951181879655408,0.3284098307291667,0.3123372395833333,8.87890625,13.21875,703.46875
weak_conflict,persistent_transition,joint_tuned,free_reclustering_diagnostic,32,0.0146484375,0.010498046875,0.08628597072866727,0.3130289713541667,0.3087022569444444,8.927734375,11.28125,1966.8125
weak_conflict,persistent_transition,kefrine_tuned,adjusted,32,0.07421875,0.0029296875,0.09366628651699277,0.44140625,0.4236653645833333,8.7177734375,4.9375,1079.53125
weak_conflict,persistent_transition,kefrine_tuned,raw,32,0.0712890625,0.002685546875,0.09399363992697646,0.4423014322916667,0.4241536458333333,8.740234375,4.71875,1076.65625
weak_conflict,persistent_transition,kefrine_tuned,free_reclustering_diagnostic,32,0.0244140625,0.00390625,0.08628597072866727,0.3814697265625,0.3783637152777778,8.91015625,4.5625,1669.53125
weak_conflict,persistent_transition,joint_zero_reuse,adjusted,32,0.0810546875,0.000244140625,0.10045582449405918,0.45094401041666665,0.4231770833333333,8.705078125,3.09375,1066.1875
weak_conflict,persistent_transition,joint_zero_reuse,raw,32,0.0859375,0.000732421875,0.10066786322431678,0.45127766927083335,0.4245334201388889,8.693359375,2.96875,1066.875
weak_conflict,persistent_transition,joint_zero_reuse,free_reclustering_diagnostic,32,0.02734375,0.001953125,0.08628597072866727,0.38192545572916664,0.3697916666666667,8.9072265625,3.28125,1685.90625
weak_conflict,persistent_transition,freeze_kmeans_negative_control,adjusted,32,0.0,0.0,0.09837825769960115,0.446923828125,0.1806640625,9.0,0.0,0.0
weak_conflict,persistent_transition,freeze_kmeans_negative_control,raw,32,0.0,0.0,0.09837825769960115,0.446923828125,0.1806640625,9.0,0.0,0.0
weak_conflict,transition_and_shift,kmeans50,adjusted,32,0.083984375,0.00048828125,0.10054405001627077,0.45126139322916664,0.4234483506944444,8.689453125,3.1875,1067.0625
weak_conflict,transition_and_shift,kmeans50,raw,32,0.0859375,0.027587890625,0.09005901861822209,0.4396891276041667,0.4090169270833333,8.6865234375,10.53125,1051.5
weak_conflict,transition_and_shift,kmeans50,free_reclustering_diagnostic,32,0.025390625,0.00146484375,0.08523101292394464,0.3801513671875,0.3677842881944444,8.8984375,2.875,1687.90625
weak_conflict,transition_and_shift,feature_hartigan,adjusted,32,0.080078125,0.00048828125,0.10063797216775747,0.451318359375,0.4232313368055555,8.70703125,3.25,1065.0
weak_conflict,transition_and_shift,feature_hartigan,raw,32,0.0859375,0.028564453125,0.09001089595588375,0.43983561197916665,0.4084201388888889,8.6845703125,10.28125,1051.71875
weak_conflict,transition_and_shift,feature_hartigan,free_reclustering_diagnostic,32,0.0263671875,0.001708984375,0.08523101292394464,0.3810221354166667,0.3703884548611111,8.90234375,3.0,1685.1875
weak_conflict,transition_and_shift,joint_alpha_0.5,adjusted,32,0.0654296875,0.006103515625,0.08254318319159196,0.4241943359375,0.4009874131944444,8.7646484375,7.125,1001.875
weak_conflict,transition_and_shift,joint_alpha_0.5,raw,32,0.0693359375,0.040283203125,0.07740462442026541,0.4172607421875,0.3936631944444444,8.7373046875,14.625,1002.25
weak_conflict,transition_and_shift,joint_alpha_0.5,free_reclustering_diagnostic,32,0.0283203125,0.0048828125,0.08523101292394464,0.3739990234375,0.3649631076388889,8.888671875,6.96875,1715.8125
weak_conflict,transition_and_shift,kefrin_like_equal_scatter50,adjusted,32,0.0751953125,0.001220703125,0.09918871639715746,0.4459147135416667,0.4264322916666667,8.7177734375,4.1875,1069.8125
weak_conflict,transition_and_shift,kefrin_like_equal_scatter50,raw,32,0.0859375,0.031005859375,0.09080150996251653,0.4359619140625,0.4186740451388889,8.6953125,11.90625,1046.78125
weak_conflict,transition_and_shift,kefrin_like_equal_scatter50,free_reclustering_diagnostic,32,0.029296875,0.00244140625,0.08523101292394464,0.3789794921875,0.3687608506944444,8.8896484375,3.78125,1688.59375
weak_conflict,transition_and_shift,kefrine_equations_equal_scatter50,adjusted,32,0.0634765625,0.00244140625,0.09476741286342943,0.4386881510416667,0.4197591145833333,8.775390625,4.25,1072.5
weak_conflict,transition_and_shift,kefrine_equations_equal_scatter50,raw,32,0.076171875,0.030029296875,0.08527243397913292,0.42815755208333334,0.40576171875,8.740234375,11.65625,1054.625
weak_conflict,transition_and_shift,kefrine_equations_equal_scatter50,free_reclustering_diagnostic,32,0.0283203125,0.0029296875,0.08523101292394464,0.3804524739583333,0.3765190972222222,8.896484375,3.6875,1689.3125
weak_conflict,transition_and_shift,joint_tuned,adjusted,32,0.0283203125,0.0302734375,0.021964300848468593,0.3288818359375,0.3123914930555556,8.8828125,13.34375,707.78125
weak_conflict,transition_and_shift,joint_tuned,raw,32,0.029296875,0.047119140625,0.023854218072855655,0.3270263671875,0.30810546875,8.8837890625,16.84375,716.21875
weak_conflict,transition_and_shift,joint_tuned,free_reclustering_diagnostic,32,0.0185546875,0.011474609375,0.08523101292394464,0.3107177734375,0.3024088541666667,8.921875,11.75,1978.5
weak_conflict,transition_and_shift,kefrine_tuned,adjusted,32,0.072265625,0.003662109375,0.09356170454457204,0.44126790364583335,0.4222005208333333,8.71875,5.1875,1078.9375
weak_conflict,transition_and_shift,kefrine_tuned,raw,32,0.083984375,0.0341796875,0.08429234148883065,0.4315266927083333,0.4143880208333333,8.705078125,12.5625,1060.6875
weak_conflict,transition_and_shift,kefrine_tuned,free_reclustering_diagnostic,32,0.0302734375,0.001953125,0.08523101292394464,0.3808675130208333,0.3770073784722222,8.896484375,4.1875,1682.4375
weak_conflict,transition_and_shift,joint_zero_reuse,adjusted,32,0.083984375,0.00048828125,0.10054405001627077,0.45126139322916664,0.4234483506944444,8.689453125,3.1875,1067.0625
weak_conflict,transition_and_shift,joint_zero_reuse,raw,32,0.0859375,0.027587890625,0.09005901861822209,0.4396891276041667,0.4090169270833333,8.6865234375,10.53125,1051.5
weak_conflict,transition_and_shift,joint_zero_reuse,free_reclustering_diagnostic,32,0.025390625,0.00146484375,0.08523101292394464,0.3801513671875,0.3677842881944444,8.8984375,2.875,1687.90625
weak_conflict,transition_and_shift,freeze_kmeans_negative_control,adjusted,32,0.0,0.0,0.09837825769960115,0.446923828125,0.1806640625,9.0,0.0,0.0
weak_conflict,transition_and_shift,freeze_kmeans_negative_control,raw,32,0.0,0.0,0.09837825769960115,0.446923828125,0.1806640625,9.0,0.0,0.0
strong_derived,stable,kmeans50,adjusted,32,,0.000390625,0.9032776844262339,0.9619384765625,,,0.34375,182.5
strong_derived,stable,kmeans50,raw,32,,0.000390625,0.9047253823862145,0.9624837239583334,,,0.375,180.15625
strong_derived,stable,kmeans50,free_reclustering_diagnostic,32,,0.00078125,0.8132568851016058,0.9168375651041667,,,1.09375,427.78125
strong_derived,stable,feature_hartigan,adjusted,32,,0.000390625,0.9032776844262339,0.9619384765625,,,0.34375,182.5
strong_derived,stable,feature_hartigan,raw,32,,0.000390625,0.9047253823862145,0.9624837239583334,,,0.375,180.15625
strong_derived,stable,feature_hartigan,free_reclustering_diagnostic,32,,0.00078125,0.8132568851016058,0.9168375651041667,,,1.09375,427.78125
strong_derived,stable,joint_alpha_0.5,adjusted,32,,0.0,0.9085892545117463,0.964208984375,,,0.40625,176.40625
strong_derived,stable,joint_alpha_0.5,raw,32,,0.0,0.91026821473224,0.9648681640625,,,0.40625,173.71875
strong_derived,stable,joint_alpha_0.5,free_reclustering_diagnostic,32,,0.0011718750000000002,0.8132568851016058,0.9168375651041667,,,1.34375,427.78125
strong_derived,stable,kefrin_like_equal_scatter50,adjusted,32,,0.0,0.9105186027283453,0.9650472005208334,,,0.4375,173.34375
strong_derived,stable,kefrin_like_equal_scatter50,raw,32,,0.0,0.912066649249254,0.9656494140625,,,0.375,171.0625
strong_derived,stable,kefrin_like_equal_scatter50,free_reclustering_diagnostic,32,,0.0011718750000000002,0.8132568851016058,0.9168375651041667,,,1.375,427.78125
strong_derived,stable,kefrine_equations_equal_scatter50,adjusted,32,,0.0001953125,0.9084797173782921,0.9641276041666667,,,0.40625,175.6875
strong_derived,stable,kefrine_equations_equal_scatter50,raw,32,,0.0001953125,0.9096218063623402,0.9645426432291666,,,0.34375,174.53125
strong_derived,stable,kefrine_equations_equal_scatter50,free_reclustering_diagnostic,32,,0.0009765625,0.8132568851016058,0.9168375651041667,,,1.21875,427.78125
strong_derived,stable,joint_tuned,adjusted,32,,0.0,0.9123634196288952,0.9658121744791667,,,0.53125,171.09375
strong_derived,stable,joint_tuned,raw,32,,0.0001953125,0.9135205598535637,0.9662434895833333,,,0.5,170.0625
strong_derived,stable,joint_tuned,free_reclustering_diagnostic,32,,0.0013671875000000001,0.8132568851016058,0.9168375651041667,,,1.40625,427.78125
strong_derived,stable,kefrine_tuned,adjusted,32,,0.0001953125,0.9116645097632514,0.96552734375,,,0.53125,172.125
strong_derived,stable,kefrine_tuned,raw,32,,0.000390625,0.9130121190544969,0.9660400390625,,,0.46875,170.40625
strong_derived,stable,kefrine_tuned,free_reclustering_diagnostic,32,,0.0017578125,0.8132568851016058,0.9168375651041667,,,1.5,427.78125
strong_derived,stable,joint_zero_reuse,adjusted,32,,0.000390625,0.9032776844262339,0.9619384765625,,,0.34375,182.5
strong_derived,stable,joint_zero_reuse,raw,32,,0.000390625,0.9047253823862145,0.9624837239583334,,,0.375,180.15625
strong_derived,stable,joint_zero_reuse,free_reclustering_diagnostic,32,,0.00078125,0.8132568851016058,0.9168375651041667,,,1.09375,427.78125
strong_derived,stable,freeze_kmeans_negative_control,adjusted,32,,0.0,0.9537395194792123,0.98203125,,,0.0,0.0
strong_derived,stable,freeze_kmeans_negative_control,raw,32,,0.0,0.9537395194792123,0.98203125,,,0.0,0.0
strong_derived,common_shift,kmeans50,adjusted,32,,0.000390625,0.903915189789544,0.9622639973958333,,,0.34375,182.46875
strong_derived,common_shift,kmeans50,raw,32,,0.0029296875,0.8815437174344065,0.9537027994791667,,,1.1875,222.40625
strong_derived,common_shift,kmeans50,free_reclustering_diagnostic,32,,0.0011718750000000002,0.8021457062593292,0.9122802734375,,,1.28125,439.125
strong_derived,common_shift,feature_hartigan,adjusted,32,,0.000390625,0.903915189789544,0.9622639973958333,,,0.34375,182.46875
strong_derived,common_shift,feature_hartigan,raw,32,,0.0029296875,0.8815437174344065,0.9537027994791667,,,1.1875,222.40625
strong_derived,common_shift,feature_hartigan,free_reclustering_diagnostic,32,,0.0011718750000000002,0.8021457062593292,0.9122802734375,,,1.28125,439.125
strong_derived,common_shift,joint_alpha_0.5,adjusted,32,,0.0,0.9091480687866283,0.964501953125,,,0.4375,176.46875
strong_derived,common_shift,joint_alpha_0.5,raw,32,,0.0023437500000000003,0.8861224446707593,0.9556070963541666,,,1.03125,215.09375
strong_derived,common_shift,joint_alpha_0.5,free_reclustering_diagnostic,32,,0.0017578125,0.8021457062593292,0.9122802734375,,,1.65625,439.125
strong_derived,common_shift,kefrin_like_equal_scatter50,adjusted,32,,0.0,0.9107888874689204,0.9652180989583333,,,0.4375,173.84375
strong_derived,common_shift,kefrin_like_equal_scatter50,raw,32,,0.0025390625,0.886833281593871,0.9559407552083333,,,0.96875,213.6875
strong_derived,common_shift,kefrin_like_equal_scatter50,free_reclustering_diagnostic,32,,0.0017578125,0.8021457062593292,0.9122802734375,,,1.71875,439.125
strong_derived,common_shift,kefrine_equations_equal_scatter50,adjusted,32,,0.0001953125,0.9086409097578185,0.9642578125,,,0.40625,176.84375
strong_derived,common_shift,kefrine_equations_equal_scatter50,raw,32,,0.0027343750000000003,0.8856007037812214,0.9553873697916667,,,1.0,216.125
strong_derived,common_shift,kefrine_equations_equal_scatter50,free_reclustering_diagnostic,32,,0.0015625,0.8021457062593292,0.9122802734375,,,1.53125,439.125
strong_derived,common_shift,joint_tuned,adjusted,32,,0.0001953125,0.9125492365198984,0.9659423828125,,,0.53125,171.375
strong_derived,common_shift,joint_tuned,raw,32,,0.0025390625,0.8886952645101671,0.9567138671875,,,0.9375,211.71875
strong_derived,common_shift,joint_tuned,free_reclustering_diagnostic,32,,0.001953125,0.8021457062593292,0.9122802734375,,,1.75,439.125
strong_derived,common_shift,kefrine_tuned,adjusted,32,,0.0001953125,0.9117775116329555,0.9656331380208334,,,0.4375,173.03125
strong_derived,common_shift,kefrine_tuned,raw,32,,0.0027343750000000003,0.8881555999801516,0.956494140625,,,1.03125,212.625
strong_derived,common_shift,kefrine_tuned,free_reclustering_diagnostic,32,,0.0023437500000000003,0.8021457062593292,0.9122802734375,,,1.84375,439.125
strong_derived,common_shift,joint_zero_reuse,adjusted,32,,0.000390625,0.903915189789544,0.9622639973958333,,,0.34375,182.46875
strong_derived,common_shift,joint_zero_reuse,raw,32,,0.0029296875,0.8815437174344065,0.9537027994791667,,,1.1875,222.40625
strong_derived,common_shift,joint_zero_reuse,free_reclustering_diagnostic,32,,0.0011718750000000002,0.8021457062593292,0.9122802734375,,,1.28125,439.125
strong_derived,common_shift,freeze_kmeans_negative_control,adjusted,32,,0.0,0.9537395194792123,0.98203125,,,0.0,0.0
strong_derived,common_shift,freeze_kmeans_negative_control,raw,32,,0.0,0.9537395194792123,0.98203125,,,0.0,0.0
strong_derived,persistent_transition,kmeans50,adjusted,32,0.8994140625,0.00048828125,0.9036377401563683,0.96220703125,0.95849609375,5.4560546875,0.5,141.75
strong_derived,persistent_transition,kmeans50,raw,32,0.908203125,0.00048828125,0.9054989193119318,0.9628824869791667,0.9618598090277778,5.4189453125,0.4375,141.71875
strong_derived,persistent_transition,kmeans50,free_reclustering_diagnostic,32,0.8251953125,0.001220703125,0.8183313199361585,0.9201985677083333,0.9233940972222222,5.822265625,1.0,331.625
strong_derived,persistent_transition,feature_hartigan,adjusted,32,0.8994140625,0.00048828125,0.9036377401563683,0.96220703125,0.95849609375,5.4560546875,0.5,141.75
strong_derived,persistent_transition,feature_hartigan,raw,32,0.908203125,0.00048828125,0.9054989193119318,0.9628824869791667,0.9618598090277778,5.4189453125,0.4375,141.71875
strong_derived,persistent_transition,feature_hartigan,free_reclustering_diagnostic,32,0.8251953125,0.001220703125,0.8183313199361585,0.9201985677083333,0.9233940972222222,5.822265625,1.0,331.625
strong_derived,persistent_transition,joint_alpha_0.5,adjusted,32,0.90625,0.0,0.9081651949188437,0.9641276041666667,0.9612087673611112,5.4326171875,0.5625,137.09375
strong_derived,persistent_transition,joint_alpha_0.5,raw,32,0.912109375,0.0,0.9107080784670917,0.96513671875,0.9637586805555556,5.4033203125,0.4375,135.71875
strong_derived,persistent_transition,joint_alpha_0.5,free_reclustering_diagnostic,32,0.826171875,0.001220703125,0.8183313199361585,0.9201985677083333,0.9233940972222222,5.818359375,1.15625,331.625
strong_derived,persistent_transition,kefrin_like_equal_scatter50,adjusted,32,0.9072265625,0.0,0.9101201603332262,0.9649820963541667,0.9620768229166666,5.4248046875,0.5625,134.90625
strong_derived,persistent_transition,kefrin_like_equal_scatter50,raw,32,0.912109375,0.0,0.9127142914382814,0.9660074869791667,0.9646267361111112,5.3994140625,0.4375,133.125
strong_derived,persistent_transition,kefrin_like_equal_scatter50,free_reclustering_diagnostic,32,0.8251953125,0.001220703125,0.8183313199361585,0.9201985677083333,0.9233940972222222,5.822265625,1.15625,331.625
strong_derived,persistent_transition,kefrine_equations_equal_scatter50,adjusted,32,0.904296875,0.000244140625,0.9081712626517969,0.9641194661458333,0.9611545138888888,5.435546875,0.5625,137.46875
strong_derived,persistent_transition,kefrine_equations_equal_scatter50,raw,32,0.91015625,0.000244140625,0.9103582363233117,0.9649658203125,0.9639214409722222,5.412109375,0.40625,136.5625
strong_derived,persistent_transition,kefrine_equations_equal_scatter50,free_reclustering_diagnostic,32,0.8251953125,0.001220703125,0.8183313199361585,0.9201985677083333,0.9233940972222222,5.822265625,1.125,331.625
strong_derived,persistent_transition,joint_tuned,adjusted,32,0.908203125,0.000244140625,0.9119914726137335,0.9657470703125,0.9627278645833334,5.4208984375,0.625,133.46875
strong_derived,persistent_transition,joint_tuned,raw,32,0.9130859375,0.000244140625,0.9140896835140602,0.9665690104166667,0.9649522569444444,5.3935546875,0.53125,132.28125
strong_derived,persistent_transition,joint_tuned,free_reclustering_diagnostic,32,0.826171875,0.001220703125,0.8183313199361585,0.9201985677083333,0.9233940972222222,5.818359375,1.21875,331.625
strong_derived,persistent_transition,kefrine_tuned,adjusted,32,0.90625,0.00048828125,0.9114053836701852,0.9655110677083333,0.9625651041666666,5.42578125,0.625,133.875
strong_derived,persistent_transition,kefrine_tuned,raw,32,0.9130859375,0.00048828125,0.9137033775651283,0.9664143880208333,0.9651150173611112,5.3935546875,0.53125,132.65625
strong_derived,persistent_transition,kefrine_tuned,free_reclustering_diagnostic,32,0.8251953125,0.00146484375,0.8183313199361585,0.9201985677083333,0.9233940972222222,5.822265625,1.25,331.625
strong_derived,persistent_transition,joint_zero_reuse,adjusted,32,0.8994140625,0.00048828125,0.9036377401563683,0.96220703125,0.95849609375,5.4560546875,0.5,141.75
strong_derived,persistent_transition,joint_zero_reuse,raw,32,0.908203125,0.00048828125,0.9054989193119318,0.9628824869791667,0.9618598090277778,5.4189453125,0.4375,141.71875
strong_derived,persistent_transition,joint_zero_reuse,free_reclustering_diagnostic,32,0.8251953125,0.001220703125,0.8183313199361585,0.9201985677083333,0.9233940972222222,5.822265625,1.0,331.625
strong_derived,persistent_transition,freeze_kmeans_negative_control,adjusted,32,0.0,0.0,0.6436511035841159,0.835546875,0.0029296875,9.0,0.0,0.0
strong_derived,persistent_transition,freeze_kmeans_negative_control,raw,32,0.0,0.0,0.6436511035841159,0.835546875,0.0029296875,9.0,0.0,0.0
strong_derived,transition_and_shift,kmeans50,adjusted,32,0.90234375,0.00048828125,0.9040482157212992,0.9624104817708333,0.95947265625,5.4560546875,0.4375,142.3125
strong_derived,transition_and_shift,kmeans50,raw,32,0.900390625,0.00341796875,0.8817962133288316,0.9538492838541667,0.9486219618055556,5.4423828125,1.25,175.09375
strong_derived,transition_and_shift,kmeans50,free_reclustering_diagnostic,32,0.798828125,0.001708984375,0.8055281719059982,0.9140218098958334,0.9177517361111112,5.896484375,1.03125,351.65625
strong_derived,transition_and_shift,feature_hartigan,adjusted,32,0.90234375,0.00048828125,0.9040482157212992,0.9624104817708333,0.95947265625,5.4560546875,0.4375,142.3125
strong_derived,transition_and_shift,feature_hartigan,raw,32,0.900390625,0.00341796875,0.8817962133288316,0.9538492838541667,0.9486219618055556,5.4423828125,1.25,175.09375
strong_derived,transition_and_shift,feature_hartigan,free_reclustering_diagnostic,32,0.798828125,0.001708984375,0.8055281719059982,0.9140218098958334,0.9177517361111112,5.896484375,1.03125,351.65625
strong_derived,transition_and_shift,joint_alpha_0.5,adjusted,32,0.9072265625,0.000244140625,0.9090954429795863,0.9645751953125,0.9619683159722222,5.4306640625,0.5,137.4375
strong_derived,transition_and_shift,joint_alpha_0.5,raw,32,0.9033203125,0.0029296875,0.8861200584029968,0.9556396484375,0.9497612847222222,5.431640625,1.03125,169.0
strong_derived,transition_and_shift,joint_alpha_0.5,free_reclustering_diagnostic,32,0.7998046875,0.00244140625,0.8055281719059982,0.9140218098958334,0.9177517361111112,5.892578125,1.3125,351.65625
strong_derived,transition_and_shift,kefrin_like_equal_scatter50,adjusted,32,0.908203125,0.000244140625,0.9109946704547599,0.9653889973958334,0.9628363715277778,5.4296875,0.5,134.90625
strong_derived,transition_and_shift,kefrin_like_equal_scatter50,raw,32,0.904296875,0.003173828125,0.8869384300641139,0.9560139973958334,0.9501410590277778,5.427734375,1.0,167.65625
strong_derived,transition_and_shift,kefrin_like_equal_scatter50,free_reclustering_diagnostic,32,0.798828125,0.00244140625,0.8055281719059982,0.9140218098958334,0.9177517361111112,5.896484375,1.3125,351.65625
strong_derived,transition_and_shift,kefrine_equations_equal_scatter50,adjusted,32,0.90625,0.00048828125,0.9087704180646399,0.9644205729166667,0.9619683159722222,5.44140625,0.5,138.09375
strong_derived,transition_and_shift,kefrine_equations_equal_scatter50,raw,32,0.9052734375,0.00341796875,0.8861172000115427,0.9556477864583334,0.9503038194444444,5.421875,1.03125,169.46875
strong_derived,transition_and_shift,kefrine_equations_equal_scatter50,free_reclustering_diagnostic,32,0.798828125,0.002197265625,0.8055281719059982,0.9140218098958334,0.9177517361111112,5.896484375,1.25,351.65625
strong_derived,transition_and_shift,joint_tuned,adjusted,32,0.9091796875,0.0,0.9126791963344568,0.9660807291666667,0.9634874131944444,5.419921875,0.5625,133.21875
strong_derived,transition_and_shift,joint_tuned,raw,32,0.90625,0.003173828125,0.8887418020913712,0.9567626953125,0.9509548611111112,5.419921875,0.96875,166.1875
strong_derived,transition_and_shift,joint_tuned,free_reclustering_diagnostic,32,0.7998046875,0.00244140625,0.8055281719059982,0.9140218098958334,0.9177517361111112,5.892578125,1.375,351.65625
strong_derived,transition_and_shift,kefrine_tuned,adjusted,32,0.908203125,0.000244140625,0.9121278408759027,0.9658528645833333,0.9632161458333334,5.4296875,0.53125,133.90625
strong_derived,transition_and_shift,kefrine_tuned,raw,32,0.9052734375,0.00341796875,0.8883428080528091,0.9565999348958334,0.9510091145833334,5.423828125,1.0625,166.34375
strong_derived,transition_and_shift,kefrine_tuned,free_reclustering_diagnostic,32,0.798828125,0.00244140625,0.8055281719059982,0.9140218098958334,0.9177517361111112,5.896484375,1.375,351.65625
strong_derived,transition_and_shift,joint_zero_reuse,adjusted,32,0.90234375,0.00048828125,0.9040482157212992,0.9624104817708333,0.95947265625,5.4560546875,0.4375,142.3125
strong_derived,transition_and_shift,joint_zero_reuse,raw,32,0.900390625,0.00341796875,0.8817962133288316,0.9538492838541667,0.9486219618055556,5.4423828125,1.25,175.09375
strong_derived,transition_and_shift,joint_zero_reuse,free_reclustering_diagnostic,32,0.798828125,0.001708984375,0.8055281719059982,0.9140218098958334,0.9177517361111112,5.896484375,1.03125,351.65625
strong_derived,transition_and_shift,freeze_kmeans_negative_control,adjusted,32,0.0,0.0,0.6436511035841159,0.835546875,0.0029296875,9.0,0.0,0.0
strong_derived,transition_and_shift,freeze_kmeans_negative_control,raw,32,0.0,0.0,0.6436511035841159,0.835546875,0.0029296875,9.0,0.0,0.0
weak_independent_permuted,stable,kmeans50,adjusted,32,,0.0011718750000000002,0.10487308517073174,0.4569498697916667,,,2.59375,1332.625
weak_independent_permuted,stable,kmeans50,raw,32,,0.0017578125,0.10487685946544764,0.45655924479166665,,,2.375,1334.125
weak_independent_permuted,stable,kmeans50,free_reclustering_diagnostic,32,,0.0025390625,0.08404326762193727,0.38943684895833336,,,2.8125,2080.875
weak_independent_permuted,stable,feature_hartigan,adjusted,32,,0.0009765625,0.10521225013625894,0.45724283854166664,,,2.6875,1329.71875
weak_independent_permuted,stable,feature_hartigan,raw,32,,0.0013671875000000001,0.10528070371899333,0.45697428385416666,,,2.46875,1330.75
weak_independent_permuted,stable,feature_hartigan,free_reclustering_diagnostic,32,,0.0025390625,0.08404326762193727,0.38966471354166665,,,2.875,2079.75
weak_independent_permuted,stable,joint_alpha_0.5,adjusted,32,,0.0087890625,0.08679392902007972,0.4294677734375,,,7.15625,1245.90625
weak_independent_permuted,stable,joint_alpha_0.5,raw,32,,0.0087890625,0.08690166877477158,0.42958984375,,,7.21875,1249.125
weak_independent_permuted,stable,joint_alpha_0.5,free_reclustering_diagnostic,32,,0.0072265625,0.08404326762193727,0.3785888671875,,,7.4375,2129.9375
weak_independent_permuted,stable,kefrin_like_equal_scatter50,adjusted,32,,0.0013671875000000001,0.10013378186186901,0.4467041015625,,,2.8125,1336.75
weak_independent_permuted,stable,kefrin_like_equal_scatter50,raw,32,,0.0011718750000000002,0.10044256086289473,0.4468505859375,,,2.46875,1335.53125
weak_independent_permuted,stable,kefrin_like_equal_scatter50,free_reclustering_diagnostic,32,,0.00234375,0.08404326762193727,0.3843994140625,,,3.15625,2088.375
weak_independent_permuted,stable,kefrine_equations_equal_scatter50,adjusted,32,,0.0021484375,0.10029707658559202,0.44833170572916664,,,3.9375,1332.40625
weak_independent_permuted,stable,kefrine_equations_equal_scatter50,raw,32,,0.001953125,0.10050424464336748,0.4485270182291667,,,3.40625,1336.3125
weak_independent_permuted,stable,kefrine_equations_equal_scatter50,free_reclustering_diagnostic,32,,0.0027343750000000003,0.08404326762193727,0.38788248697916666,,,2.8125,2073.0
weak_independent_permuted,stable,joint_tuned,adjusted,32,,0.0302734375,0.021044266705873674,0.319580078125,,,14.8125,868.15625
weak_independent_permuted,stable,joint_tuned,raw,32,,0.0302734375,0.0211387656215695,0.31951497395833334,,,14.6875,864.46875
weak_independent_permuted,stable,joint_tuned,free_reclustering_diagnostic,32,,0.00703125,0.08404326762193727,0.3066813151041667,,,11.96875,2481.625
weak_independent_permuted,stable,kefrine_tuned,adjusted,32,,0.0033203125000000003,0.09573795916727776,0.44175618489583335,,,4.6875,1355.34375
weak_independent_permuted,stable,kefrine_tuned,raw,32,,0.0021484375,0.09620329101856814,0.4424072265625,,,4.21875,1359.9375
weak_independent_permuted,stable,kefrine_tuned,free_reclustering_diagnostic,32,,0.0015625,0.08404326762193727,0.38931477864583336,,,4.15625,2091.0
weak_independent_permuted,stable,joint_zero_reuse,adjusted,32,,0.0011718750000000002,0.10487308517073174,0.4569498697916667,,,2.59375,1332.625
weak_independent_permuted,stable,joint_zero_reuse,raw,32,,0.0017578125,0.10487685946544764,0.45655924479166665,,,2.375,1334.125
weak_independent_permuted,stable,joint_zero_reuse,free_reclustering_diagnostic,32,,0.0025390625,0.08404326762193727,0.38943684895833336,,,2.8125,2080.875
weak_independent_permuted,stable,freeze_kmeans_negative_control,adjusted,32,,0.0,0.13958184001729582,0.4939453125,,,0.0,0.0
weak_independent_permuted,stable,freeze_kmeans_negative_control,raw,32,,0.0,0.13958184001729582,0.4939453125,,,0.0,0.0
weak_independent_permuted,common_shift,kmeans50,adjusted,32,,0.0013671875000000001,0.10483390504207388,0.45696614583333334,,,2.59375,1332.46875
weak_independent_permuted,common_shift,kmeans50,raw,32,,0.027734375,0.09249161989456067,0.4445556640625,,,10.84375,1312.46875
weak_independent_permuted,common_shift,kmeans50,free_reclustering_diagnostic,32,,0.0025390625,0.08363858733760367,0.3888346354166667,,,3.0625,2093.40625
weak_independent_permuted,common_shift,feature_hartigan,adjusted,32,,0.0013671875000000001,0.10535494214109896,0.4572509765625,,,2.53125,1331.375
weak_independent_permuted,common_shift,feature_hartigan,raw,32,,0.0283203125,0.09251771574601199,0.4447265625,,,10.65625,1313.625
weak_independent_permuted,common_shift,feature_hartigan,free_reclustering_diagnostic,32,,0.003125,0.08363858733760367,0.38849283854166666,,,3.125,2092.53125
weak_independent_permuted,common_shift,joint_alpha_0.5,adjusted,32,,0.0083984375,0.0867044344364648,0.42958170572916665,,,7.21875,1247.4375
weak_independent_permuted,common_shift,joint_alpha_0.5,raw,32,,0.0388671875,0.08032278032534729,0.4226888020833333,,,14.71875,1257.875
weak_independent_permuted,common_shift,joint_alpha_0.5,free_reclustering_diagnostic,32,,0.0103515625,0.08363858733760367,0.3787434895833333,,,7.9375,2128.40625
weak_independent_permuted,common_shift,kefrin_like_equal_scatter50,adjusted,32,,0.0011718750000000002,0.10034702332998845,0.447021484375,,,2.84375,1335.84375
weak_independent_permuted,common_shift,kefrin_like_equal_scatter50,raw,32,,0.0291015625,0.08874534108549949,0.43605143229166665,,,10.4375,1314.09375
weak_independent_permuted,common_shift,kefrin_like_equal_scatter50,free_reclustering_diagnostic,32,,0.00234375,0.08363858733760367,0.38514811197916665,,,3.625,2094.0625
weak_independent_permuted,common_shift,kefrine_equations_equal_scatter50,adjusted,32,,0.001953125,0.10025661738296425,0.4484456380208333,,,3.9375,1333.125
weak_independent_permuted,common_shift,kefrine_equations_equal_scatter50,raw,32,,0.030859375,0.09023313676023777,0.4376220703125,,,11.625,1312.1875
weak_independent_permuted,common_shift,kefrine_equations_equal_scatter50,free_reclustering_diagnostic,32,,0.0033203125000000003,0.08363858733760367,0.38689778645833334,,,2.90625,2079.28125
weak_independent_permuted,common_shift,joint_tuned,adjusted,32,,0.0291015625,0.020870398287317883,0.31944173177083335,,,14.5625,866.6875
weak_independent_permuted,common_shift,joint_tuned,raw,32,,0.0544921875,0.024542179649295507,0.32049967447916666,,,19.4375,910.78125
weak_independent_permuted,common_shift,joint_tuned,free_reclustering_diagnostic,32,,0.0095703125,0.08363858733760367,0.3072428385416667,,,12.90625,2460.625
weak_independent_permuted,common_shift,kefrine_tuned,adjusted,32,,0.003125,0.09573202324272458,0.4416178385416667,,,4.5625,1356.34375
weak_independent_permuted,common_shift,kefrine_tuned,raw,32,,0.02890625,0.08879964684944495,0.43348795572916665,,,11.46875,1336.46875
weak_independent_permuted,common_shift,kefrine_tuned,free_reclustering_diagnostic,32,,0.0027343750000000003,0.08363858733760367,0.3861002604166667,,,4.15625,2092.71875
weak_independent_permuted,common_shift,joint_zero_reuse,adjusted,32,,0.0013671875000000001,0.10483390504207388,0.45696614583333334,,,2.59375,1332.46875
weak_independent_permuted,common_shift,joint_zero_reuse,raw,32,,0.027734375,0.09249161989456067,0.4445556640625,,,10.84375,1312.46875
weak_independent_permuted,common_shift,joint_zero_reuse,free_reclustering_diagnostic,32,,0.0025390625,0.08363858733760367,0.3888346354166667,,,3.0625,2093.40625
weak_independent_permuted,common_shift,freeze_kmeans_negative_control,adjusted,32,,0.0,0.13958184001729582,0.4939453125,,,0.0,0.0
weak_independent_permuted,common_shift,freeze_kmeans_negative_control,raw,32,,0.0,0.13958184001729582,0.4939453125,,,0.0,0.0
weak_independent_permuted,persistent_transition,kmeans50,adjusted,32,0.0810546875,0.000244140625,0.10045582449405918,0.45094401041666665,0.4231770833333333,8.705078125,3.09375,1066.1875
weak_independent_permuted,persistent_transition,kmeans50,raw,32,0.0859375,0.000732421875,0.10066786322431678,0.45127766927083335,0.4245334201388889,8.693359375,2.96875,1066.875
weak_independent_permuted,persistent_transition,kmeans50,free_reclustering_diagnostic,32,0.02734375,0.001953125,0.08628597072866727,0.38192545572916664,0.3697916666666667,8.9072265625,3.28125,1685.90625
weak_independent_permuted,persistent_transition,feature_hartigan,adjusted,32,0.078125,0.000244140625,0.10061453061492126,0.4510823567708333,0.4232313368055556,8.7138671875,3.125,1063.125
weak_independent_permuted,persistent_transition,feature_hartigan,raw,32,0.08984375,0.00048828125,0.10105375816646484,0.45159505208333334,0.4252387152777778,8.6845703125,2.90625,1064.34375
weak_independent_permuted,persistent_transition,feature_hartigan,free_reclustering_diagnostic,32,0.02734375,0.001708984375,0.08628597072866727,0.3823974609375,0.3709852430555556,8.9072265625,3.28125,1681.5
weak_independent_permuted,persistent_transition,joint_alpha_0.5,adjusted,32,0.072265625,0.0087890625,0.0840974751759852,0.42447102864583336,0.3965928819444444,8.75,7.1875,1003.21875
weak_independent_permuted,persistent_transition,joint_alpha_0.5,raw,32,0.072265625,0.00927734375,0.08440427658014532,0.42461751302083334,0.3978949652777778,8.7490234375,6.90625,1005.28125
weak_independent_permuted,persistent_transition,joint_alpha_0.5,free_reclustering_diagnostic,32,0.0322265625,0.005859375,0.08628597072866727,0.3715087890625,0.3597005208333333,8.892578125,6.84375,1729.75
weak_independent_permuted,persistent_transition,kefrin_like_equal_scatter50,adjusted,32,0.06640625,0.000732421875,0.09664174018156133,0.4415201822916667,0.4107530381944444,8.7548828125,3.625,1066.5625
weak_independent_permuted,persistent_transition,kefrin_like_equal_scatter50,raw,32,0.068359375,0.0009765625,0.0963096431727101,0.4409261067708333,0.4091254340277778,8.75,3.53125,1063.34375
weak_independent_permuted,persistent_transition,kefrin_like_equal_scatter50,free_reclustering_diagnostic,32,0.0224609375,0.00146484375,0.08628597072866727,0.3754638671875,0.3600802951388889,8.90234375,3.4375,1680.46875
weak_independent_permuted,persistent_transition,kefrine_equations_equal_scatter50,adjusted,32,0.0693359375,0.00146484375,0.09789995901587172,0.443603515625,0.4173177083333333,8.7626953125,4.4375,1068.3125
weak_independent_permuted,persistent_transition,kefrine_equations_equal_scatter50,raw,32,0.0703125,0.001708984375,0.09794244517630478,0.44363606770833336,0.4169921875,8.7626953125,3.96875,1070.375
weak_independent_permuted,persistent_transition,kefrine_equations_equal_scatter50,free_reclustering_diagnostic,32,0.0244140625,0.002685546875,0.08628597072866727,0.3791259765625,0.3666449652777778,8.9091796875,3.46875,1673.875
weak_independent_permuted,persistent_transition,joint_tuned,adjusted,32,0.0244140625,0.0283203125,0.020603919465154736,0.31814778645833336,0.3026258680555556,8.890625,14.28125,691.0
weak_independent_permuted,persistent_transition,joint_tuned,raw,32,0.0244140625,0.0302734375,0.020758861931999203,0.3178629557291667,0.3023546006944444,8.89453125,14.09375,688.5625
weak_independent_permuted,persistent_transition,joint_tuned,free_reclustering_diagnostic,32,0.0146484375,0.01123046875,0.08628597072866727,0.3065999348958333,0.3033311631944444,8.931640625,10.875,1985.90625
weak_independent_permuted,persistent_transition,kefrine_tuned,adjusted,32,0.0732421875,0.002685546875,0.09441500206578858,0.4402750651041667,0.4227973090277778,8.71484375,5.34375,1084.09375
weak_independent_permuted,persistent_transition,kefrine_tuned,raw,32,0.0791015625,0.002197265625,0.09500859488386253,0.441064453125,0.4237738715277778,8.701171875,4.875,1087.5
weak_independent_permuted,persistent_transition,kefrine_tuned,free_reclustering_diagnostic,32,0.021484375,0.003173828125,0.08628597072866727,0.3869547526041667,0.3790690104166667,8.9228515625,3.90625,1687.875
weak_independent_permuted,persistent_transition,joint_zero_reuse,adjusted,32,0.0810546875,0.000244140625,0.10045582449405918,0.45094401041666665,0.4231770833333333,8.705078125,3.09375,1066.1875
weak_independent_permuted,persistent_transition,joint_zero_reuse,raw,32,0.0859375,0.000732421875,0.10066786322431678,0.45127766927083335,0.4245334201388889,8.693359375,2.96875,1066.875
weak_independent_permuted,persistent_transition,joint_zero_reuse,free_reclustering_diagnostic,32,0.02734375,0.001953125,0.08628597072866727,0.38192545572916664,0.3697916666666667,8.9072265625,3.28125,1685.90625
weak_independent_permuted,persistent_transition,freeze_kmeans_negative_control,adjusted,32,0.0,0.0,0.09837825769960115,0.446923828125,0.1806640625,9.0,0.0,0.0
weak_independent_permuted,persistent_transition,freeze_kmeans_negative_control,raw,32,0.0,0.0,0.09837825769960115,0.446923828125,0.1806640625,9.0,0.0,0.0
weak_independent_permuted,transition_and_shift,kmeans50,adjusted,32,0.083984375,0.00048828125,0.10054405001627077,0.45126139322916664,0.4234483506944444,8.689453125,3.1875,1067.0625
weak_independent_permuted,transition_and_shift,kmeans50,raw,32,0.0859375,0.027587890625,0.09005901861822209,0.4396891276041667,0.4090169270833333,8.6865234375,10.53125,1051.5
weak_independent_permuted,transition_and_shift,kmeans50,free_reclustering_diagnostic,32,0.025390625,0.00146484375,0.08523101292394464,0.3801513671875,0.3677842881944444,8.8984375,2.875,1687.90625
weak_independent_permuted,transition_and_shift,feature_hartigan,adjusted,32,0.080078125,0.00048828125,0.10063797216775747,0.451318359375,0.4232313368055555,8.70703125,3.25,1065.0
weak_independent_permuted,transition_and_shift,feature_hartigan,raw,32,0.0859375,0.028564453125,0.09001089595588375,0.43983561197916665,0.4084201388888889,8.6845703125,10.28125,1051.71875
weak_independent_permuted,transition_and_shift,feature_hartigan,free_reclustering_diagnostic,32,0.0263671875,0.001708984375,0.08523101292394464,0.3810221354166667,0.3703884548611111,8.90234375,3.0,1685.1875
weak_independent_permuted,transition_and_shift,joint_alpha_0.5,adjusted,32,0.0712890625,0.0087890625,0.08411800266146338,0.42450358072916666,0.3965386284722222,8.74609375,7.1875,1005.625
weak_independent_permuted,transition_and_shift,joint_alpha_0.5,raw,32,0.0869140625,0.0390625,0.08014308537761794,0.42034505208333334,0.3948025173611111,8.6884765625,13.5625,1011.25
weak_independent_permuted,transition_and_shift,joint_alpha_0.5,free_reclustering_diagnostic,32,0.0361328125,0.005126953125,0.08523101292394464,0.367822265625,0.3556315104166667,8.857421875,7.03125,1729.5625
weak_independent_permuted,transition_and_shift,kefrin_like_equal_scatter50,adjusted,32,0.064453125,0.000732421875,0.096493511660167,0.44137369791666664,0.4105902777777778,8.7578125,3.6875,1066.09375
weak_independent_permuted,transition_and_shift,kefrin_like_equal_scatter50,raw,32,0.072265625,0.029541015625,0.08655543978865657,0.43141276041666665,0.3982204861111111,8.736328125,10.3125,1047.90625
weak_independent_permuted,transition_and_shift,kefrin_like_equal_scatter50,free_reclustering_diagnostic,32,0.0244140625,0.003662109375,0.08523101292394464,0.3745198567708333,0.3575303819444444,8.9072265625,3.65625,1690.46875
weak_independent_permuted,transition_and_shift,kefrine_equations_equal_scatter50,adjusted,32,0.0693359375,0.0009765625,0.09778629269221494,0.4437174479166667,0.4181315104166667,8.7578125,4.3125,1068.59375
weak_independent_permuted,transition_and_shift,kefrine_equations_equal_scatter50,raw,32,0.0751953125,0.031494140625,0.08912758216428568,0.4339111328125,0.4065755208333333,8.732421875,11.9375,1046.15625
weak_independent_permuted,transition_and_shift,kefrine_equations_equal_scatter50,free_reclustering_diagnostic,32,0.0234375,0.003173828125,0.08523101292394464,0.3786865234375,0.3650173611111111,8.9111328125,3.25,1676.375
weak_independent_permuted,transition_and_shift,joint_tuned,adjusted,32,0.0244140625,0.028076171875,0.02051409938882686,0.3178955078125,0.3028428819444444,8.890625,14.03125,689.9375
weak_independent_permuted,transition_and_shift,joint_tuned,raw,32,0.02734375,0.0537109375,0.023769802574885993,0.318505859375,0.3005099826388889,8.8798828125,18.71875,722.90625
weak_independent_permuted,transition_and_shift,joint_tuned,free_reclustering_diagnostic,32,0.021484375,0.009033203125,0.08523101292394464,0.30447591145833336,0.3008897569444444,8.8974609375,11.625,1971.15625
weak_independent_permuted,transition_and_shift,kefrine_tuned,adjusted,32,0.0751953125,0.002685546875,0.09455643475426935,0.440380859375,0.4224175347222222,8.7080078125,5.34375,1084.28125
weak_independent_permuted,transition_and_shift,kefrine_tuned,raw,32,0.0771484375,0.02880859375,0.08820126083429088,0.432275390625,0.4118923611111111,8.708984375,11.75,1064.1875
weak_independent_permuted,transition_and_shift,kefrine_tuned,free_reclustering_diagnostic,32,0.0185546875,0.001953125,0.08523101292394464,0.3844319661458333,0.3779296875,8.9306640625,3.6875,1693.65625
weak_independent_permuted,transition_and_shift,joint_zero_reuse,adjusted,32,0.083984375,0.00048828125,0.10054405001627077,0.45126139322916664,0.4234483506944444,8.689453125,3.1875,1067.0625
weak_independent_permuted,transition_and_shift,joint_zero_reuse,raw,32,0.0859375,0.027587890625,0.09005901861822209,0.4396891276041667,0.4090169270833333,8.6865234375,10.53125,1051.5
weak_independent_permuted,transition_and_shift,joint_zero_reuse,free_reclustering_diagnostic,32,0.025390625,0.00146484375,0.08523101292394464,0.3801513671875,0.3677842881944444,8.8984375,2.875,1687.90625
weak_independent_permuted,transition_and_shift,freeze_kmeans_negative_control,adjusted,32,0.0,0.0,0.09837825769960115,0.446923828125,0.1806640625,9.0,0.0,0.0
weak_independent_permuted,transition_and_shift,freeze_kmeans_negative_control,raw,32,0.0,0.0,0.09837825769960115,0.446923828125,0.1806640625,9.0,0.0,0.0
weak_derived_permuted,stable,kmeans50,adjusted,32,,0.0011718750000000002,0.10487308517073174,0.4569498697916667,,,2.59375,1332.625
weak_derived_permuted,stable,kmeans50,raw,32,,0.0017578125,0.10487685946544764,0.45655924479166665,,,2.375,1334.125
weak_derived_permuted,stable,kmeans50,free_reclustering_diagnostic,32,,0.0025390625,0.08404326762193727,0.38943684895833336,,,2.8125,2080.875
weak_derived_permuted,stable,feature_hartigan,adjusted,32,,0.0009765625,0.10521225013625894,0.45724283854166664,,,2.6875,1329.71875
weak_derived_permuted,stable,feature_hartigan,raw,32,,0.0013671875000000001,0.10528070371899333,0.45697428385416666,,,2.46875,1330.75
weak_derived_permuted,stable,feature_hartigan,free_reclustering_diagnostic,32,,0.0025390625,0.08404326762193727,0.38966471354166665,,,2.875,2079.75
weak_derived_permuted,stable,joint_alpha_0.5,adjusted,32,,0.0107421875,0.08648729559412228,0.43050944010416664,,,8.4375,1265.3125
weak_derived_permuted,stable,joint_alpha_0.5,raw,32,,0.0095703125,0.08696766804445835,0.4314778645833333,,,8.25,1261.5
weak_derived_permuted,stable,joint_alpha_0.5,free_reclustering_diagnostic,32,,0.0087890625,0.08404326762193727,0.3767903645833333,,,8.875,2144.8125
weak_derived_permuted,stable,kefrin_like_equal_scatter50,adjusted,32,,0.0017578125,0.10193735096372436,0.4516520182291667,,,3.1875,1339.875
weak_derived_permuted,stable,kefrin_like_equal_scatter50,raw,32,,0.001953125,0.10299820713028818,0.4528564453125,,,3.0,1336.6875
weak_derived_permuted,stable,kefrin_like_equal_scatter50,free_reclustering_diagnostic,32,,0.0017578125,0.08404326762193727,0.3884358723958333,,,3.78125,2083.1875
weak_derived_permuted,stable,kefrine_equations_equal_scatter50,adjusted,32,,0.0017578125,0.0981214321649446,0.4447835286458333,,,2.96875,1349.875
weak_derived_permuted,stable,kefrine_equations_equal_scatter50,raw,32,,0.001953125,0.09897578812662897,0.44529622395833335,,,2.875,1347.09375
weak_derived_permuted,stable,kefrine_equations_equal_scatter50,free_reclustering_diagnostic,32,,0.0029296875,0.08404326762193727,0.3839599609375,,,3.75,2079.65625
weak_derived_permuted,stable,joint_tuned,adjusted,32,,0.0306640625,0.021054953378754487,0.3278889973958333,,,14.40625,849.875
weak_derived_permuted,stable,joint_tuned,raw,32,,0.028125,0.021001202168245546,0.32871907552083335,,,14.28125,845.84375
weak_derived_permuted,stable,joint_tuned,free_reclustering_diagnostic,32,,0.009765625,0.08404326762193727,0.3142578125,,,12.09375,2498.96875
weak_derived_permuted,stable,kefrine_tuned,adjusted,32,,0.0087890625,0.0945701892712195,0.4375244140625,,,7.53125,1380.5
weak_derived_permuted,stable,kefrine_tuned,raw,32,,0.008984375000000001,0.09535664601253833,0.43768717447916666,,,7.5625,1381.625
weak_derived_permuted,stable,kefrine_tuned,free_reclustering_diagnostic,32,,0.004296875,0.08404326762193727,0.3817626953125,,,4.9375,2105.78125
weak_derived_permuted,stable,joint_zero_reuse,adjusted,32,,0.0011718750000000002,0.10487308517073174,0.4569498697916667,,,2.59375,1332.625
weak_derived_permuted,stable,joint_zero_reuse,raw,32,,0.0017578125,0.10487685946544764,0.45655924479166665,,,2.375,1334.125
weak_derived_permuted,stable,joint_zero_reuse,free_reclustering_diagnostic,32,,0.0025390625,0.08404326762193727,0.38943684895833336,,,2.8125,2080.875
weak_derived_permuted,stable,freeze_kmeans_negative_control,adjusted,32,,0.0,0.13958184001729582,0.4939453125,,,0.0,0.0
weak_derived_permuted,stable,freeze_kmeans_negative_control,raw,32,,0.0,0.13958184001729582,0.4939453125,,,0.0,0.0
weak_derived_permuted,common_shift,kmeans50,adjusted,32,,0.0013671875000000001,0.10483390504207388,0.45696614583333334,,,2.59375,1332.46875
weak_derived_permuted,common_shift,kmeans50,raw,32,,0.027734375,0.09249161989456067,0.4445556640625,,,10.84375,1312.46875
weak_derived_permuted,common_shift,kmeans50,free_reclustering_diagnostic,32,,0.0025390625,0.08363858733760367,0.3888346354166667,,,3.0625,2093.40625
weak_derived_permuted,common_shift,feature_hartigan,adjusted,32,,0.0013671875000000001,0.10535494214109896,0.4572509765625,,,2.53125,1331.375
weak_derived_permuted,common_shift,feature_hartigan,raw,32,,0.0283203125,0.09251771574601199,0.4447265625,,,10.65625,1313.625
weak_derived_permuted,common_shift,feature_hartigan,free_reclustering_diagnostic,32,,0.003125,0.08363858733760367,0.38849283854166666,,,3.125,2092.53125
weak_derived_permuted,common_shift,joint_alpha_0.5,adjusted,32,,0.0103515625,0.08632670290947693,0.43059895833333334,,,8.28125,1264.59375
weak_derived_permuted,common_shift,joint_alpha_0.5,raw,32,,0.047265625,0.07947354794018015,0.42265625,,,16.65625,1258.96875
weak_derived_permuted,common_shift,joint_alpha_0.5,free_reclustering_diagnostic,32,,0.010546875,0.08363858733760367,0.3743896484375,,,8.59375,2143.03125
weak_derived_permuted,common_shift,kefrin_like_equal_scatter50,adjusted,32,,0.0017578125,0.10178494574689934,0.45167643229166665,,,3.125,1337.84375
weak_derived_permuted,common_shift,kefrin_like_equal_scatter50,raw,32,,0.028515625,0.09010393484005988,0.4385986328125,,,11.53125,1313.5625
weak_derived_permuted,common_shift,kefrin_like_equal_scatter50,free_reclustering_diagnostic,32,,0.0021484375,0.08363858733760367,0.3869222005208333,,,3.3125,2095.0
weak_derived_permuted,common_shift,kefrine_equations_equal_scatter50,adjusted,32,,0.0015625,0.09840717036725723,0.4450927734375,,,2.9375,1348.90625
weak_derived_permuted,common_shift,kefrine_equations_equal_scatter50,raw,32,,0.0291015625,0.08584955738384178,0.43170572916666666,,,10.3125,1331.78125
weak_derived_permuted,common_shift,kefrine_equations_equal_scatter50,free_reclustering_diagnostic,32,,0.0027343750000000003,0.08363858733760367,0.382861328125,,,3.46875,2080.9375
weak_derived_permuted,common_shift,joint_tuned,adjusted,32,,0.0302734375,0.02116704526487335,0.32823079427083335,,,14.40625,848.0
weak_derived_permuted,common_shift,joint_tuned,raw,32,,0.0474609375,0.025379963873732803,0.3259602864583333,,,18.6875,884.9375
weak_derived_permuted,common_shift,joint_tuned,free_reclustering_diagnostic,32,,0.010546875,0.08363858733760367,0.3136800130208333,,,13.34375,2465.28125
weak_derived_permuted,common_shift,kefrine_tuned,adjusted,32,,0.0083984375,0.09478849879436287,0.4377197265625,,,7.59375,1377.25
weak_derived_permuted,common_shift,kefrine_tuned,raw,32,,0.0392578125,0.08548444338425572,0.42804361979166666,,,15.375,1362.15625
weak_derived_permuted,common_shift,kefrine_tuned,free_reclustering_diagnostic,32,,0.004687500000000001,0.08363858733760367,0.3785400390625,,,4.75,2114.5
weak_derived_permuted,common_shift,joint_zero_reuse,adjusted,32,,0.0013671875000000001,0.10483390504207388,0.45696614583333334,,,2.59375,1332.46875
weak_derived_permuted,common_shift,joint_zero_reuse,raw,32,,0.027734375,0.09249161989456067,0.4445556640625,,,10.84375,1312.46875
weak_derived_permuted,common_shift,joint_zero_reuse,free_reclustering_diagnostic,32,,0.0025390625,0.08363858733760367,0.3888346354166667,,,3.0625,2093.40625
weak_derived_permuted,common_shift,freeze_kmeans_negative_control,adjusted,32,,0.0,0.13958184001729582,0.4939453125,,,0.0,0.0
weak_derived_permuted,common_shift,freeze_kmeans_negative_control,raw,32,,0.0,0.13958184001729582,0.4939453125,,,0.0,0.0
weak_derived_permuted,persistent_transition,kmeans50,adjusted,32,0.0810546875,0.000244140625,0.10045582449405918,0.45094401041666665,0.4231770833333333,8.705078125,3.09375,1066.1875
weak_derived_permuted,persistent_transition,kmeans50,raw,32,0.0859375,0.000732421875,0.10066786322431678,0.45127766927083335,0.4245334201388889,8.693359375,2.96875,1066.875
weak_derived_permuted,persistent_transition,kmeans50,free_reclustering_diagnostic,32,0.02734375,0.001953125,0.08628597072866727,0.38192545572916664,0.3697916666666667,8.9072265625,3.28125,1685.90625
weak_derived_permuted,persistent_transition,feature_hartigan,adjusted,32,0.078125,0.000244140625,0.10061453061492126,0.4510823567708333,0.4232313368055556,8.7138671875,3.125,1063.125
weak_derived_permuted,persistent_transition,feature_hartigan,raw,32,0.08984375,0.00048828125,0.10105375816646484,0.45159505208333334,0.4252387152777778,8.6845703125,2.90625,1064.34375
weak_derived_permuted,persistent_transition,feature_hartigan,free_reclustering_diagnostic,32,0.02734375,0.001708984375,0.08628597072866727,0.3823974609375,0.3709852430555556,8.9072265625,3.28125,1681.5
weak_derived_permuted,persistent_transition,joint_alpha_0.5,adjusted,32,0.0546875,0.010498046875,0.08334385386305795,0.42527669270833335,0.3927951388888889,8.7900390625,8.34375,1010.28125
weak_derived_permuted,persistent_transition,joint_alpha_0.5,raw,32,0.0556640625,0.009033203125,0.08364838868018427,0.4256998697916667,0.3913845486111111,8.7890625,8.0,1007.6875
weak_derived_permuted,persistent_transition,joint_alpha_0.5,free_reclustering_diagnostic,32,0.0390625,0.007080078125,0.08628597072866727,0.366064453125,0.3498263888888889,8.8388671875,7.9375,1734.3125
weak_derived_permuted,persistent_transition,kefrin_like_equal_scatter50,adjusted,32,0.0791015625,0.00146484375,0.09869347736142474,0.4458089192708333,0.4211154513888889,8.7060546875,3.78125,1072.6875
weak_derived_permuted,persistent_transition,kefrin_like_equal_scatter50,raw,32,0.0810546875,0.001953125,0.09968077519841272,0.446875,0.4219292534722222,8.6943359375,3.65625,1068.5625
weak_derived_permuted,persistent_transition,kefrin_like_equal_scatter50,free_reclustering_diagnostic,32,0.0283203125,0.002685546875,0.08628597072866727,0.3792643229166667,0.36767578125,8.9013671875,3.5625,1685.46875
weak_derived_permuted,persistent_transition,kefrine_equations_equal_scatter50,adjusted,32,0.0634765625,0.001220703125,0.09571023907288385,0.4416585286458333,0.4187825520833333,8.748046875,3.6875,1080.1875
weak_derived_permuted,persistent_transition,kefrine_equations_equal_scatter50,raw,32,0.0693359375,0.001220703125,0.09659698870390254,0.44248860677083335,0.42041015625,8.7431640625,3.4375,1077.40625
weak_derived_permuted,persistent_transition,kefrine_equations_equal_scatter50,free_reclustering_diagnostic,32,0.0244140625,0.002685546875,0.08628597072866727,0.3790283203125,0.3687065972222222,8.9208984375,3.75,1681.03125
weak_derived_permuted,persistent_transition,joint_tuned,adjusted,32,0.0341796875,0.0322265625,0.020179268318196716,0.326904296875,0.3140733506944444,8.849609375,13.53125,680.71875
weak_derived_permuted,persistent_transition,joint_tuned,raw,32,0.0341796875,0.030517578125,0.020348959735054406,0.3277587890625,0.3160264756944444,8.8466796875,13.46875,676.15625
weak_derived_permuted,persistent_transition,joint_tuned,free_reclustering_diagnostic,32,0.021484375,0.014404296875,0.08628597072866727,0.312548828125,0.3128797743055556,8.8974609375,10.84375,1981.28125
weak_derived_permuted,persistent_transition,kefrine_tuned,adjusted,32,0.080078125,0.00927734375,0.09127683474590309,0.43341471354166666,0.4015842013888889,8.6962890625,7.3125,1104.3125
weak_derived_permuted,persistent_transition,kefrine_tuned,raw,32,0.0869140625,0.009521484375,0.09217028289157816,0.4336263020833333,0.4006618923611111,8.6708984375,7.53125,1103.96875
weak_derived_permuted,persistent_transition,kefrine_tuned,free_reclustering_diagnostic,32,0.03125,0.004638671875,0.08628597072866727,0.37777506510416664,0.3688151041666667,8.873046875,5.125,1699.0625
weak_derived_permuted,persistent_transition,joint_zero_reuse,adjusted,32,0.0810546875,0.000244140625,0.10045582449405918,0.45094401041666665,0.4231770833333333,8.705078125,3.09375,1066.1875
weak_derived_permuted,persistent_transition,joint_zero_reuse,raw,32,0.0859375,0.000732421875,0.10066786322431678,0.45127766927083335,0.4245334201388889,8.693359375,2.96875,1066.875
weak_derived_permuted,persistent_transition,joint_zero_reuse,free_reclustering_diagnostic,32,0.02734375,0.001953125,0.08628597072866727,0.38192545572916664,0.3697916666666667,8.9072265625,3.28125,1685.90625
weak_derived_permuted,persistent_transition,freeze_kmeans_negative_control,adjusted,32,0.0,0.0,0.09837825769960115,0.446923828125,0.1806640625,9.0,0.0,0.0
weak_derived_permuted,persistent_transition,freeze_kmeans_negative_control,raw,32,0.0,0.0,0.09837825769960115,0.446923828125,0.1806640625,9.0,0.0,0.0
weak_derived_permuted,transition_and_shift,kmeans50,adjusted,32,0.083984375,0.00048828125,0.10054405001627077,0.45126139322916664,0.4234483506944444,8.689453125,3.1875,1067.0625
weak_derived_permuted,transition_and_shift,kmeans50,raw,32,0.0859375,0.027587890625,0.09005901861822209,0.4396891276041667,0.4090169270833333,8.6865234375,10.53125,1051.5
weak_derived_permuted,transition_and_shift,kmeans50,free_reclustering_diagnostic,32,0.025390625,0.00146484375,0.08523101292394464,0.3801513671875,0.3677842881944444,8.8984375,2.875,1687.90625
weak_derived_permuted,transition_and_shift,feature_hartigan,adjusted,32,0.080078125,0.00048828125,0.10063797216775747,0.451318359375,0.4232313368055555,8.70703125,3.25,1065.0
weak_derived_permuted,transition_and_shift,feature_hartigan,raw,32,0.0859375,0.028564453125,0.09001089595588375,0.43983561197916665,0.4084201388888889,8.6845703125,10.28125,1051.71875
weak_derived_permuted,transition_and_shift,feature_hartigan,free_reclustering_diagnostic,32,0.0263671875,0.001708984375,0.08523101292394464,0.3810221354166667,0.3703884548611111,8.90234375,3.0,1685.1875
weak_derived_permuted,transition_and_shift,joint_alpha_0.5,adjusted,32,0.0546875,0.010009765625,0.08324723109194758,0.42527669270833335,0.39208984375,8.7900390625,8.3125,1007.6875
weak_derived_permuted,transition_and_shift,joint_alpha_0.5,raw,32,0.072265625,0.046630859375,0.07766032710696413,0.4180989583333333,0.3835720486111111,8.7216796875,15.59375,1009.1875
weak_derived_permuted,transition_and_shift,joint_alpha_0.5,free_reclustering_diagnostic,32,0.0283203125,0.00537109375,0.08523101292394464,0.3616455078125,0.3433702256944445,8.8837890625,7.78125,1742.53125
weak_derived_permuted,transition_and_shift,kefrin_like_equal_scatter50,adjusted,32,0.080078125,0.00146484375,0.09850424242807646,0.44557291666666665,0.42138671875,8.7021484375,3.65625,1072.125
weak_derived_permuted,transition_and_shift,kefrin_like_equal_scatter50,raw,32,0.0810546875,0.02880859375,0.08861021829537165,0.43434244791666665,0.4060872395833333,8.673828125,11.53125,1047.34375
weak_derived_permuted,transition_and_shift,kefrin_like_equal_scatter50,free_reclustering_diagnostic,32,0.0283203125,0.00146484375,0.08523101292394464,0.3789794921875,0.3665907118055556,8.8916015625,3.375,1697.21875
weak_derived_permuted,transition_and_shift,kefrine_equations_equal_scatter50,adjusted,32,0.0654296875,0.001220703125,0.09589786965336625,0.4417236328125,0.4198133680555556,8.744140625,3.625,1081.84375
weak_derived_permuted,transition_and_shift,kefrine_equations_equal_scatter50,raw,32,0.068359375,0.0283203125,0.0842480670341396,0.4291585286458333,0.4028862847222222,8.7392578125,10.5625,1064.59375
weak_derived_permuted,transition_and_shift,kefrine_equations_equal_scatter50,free_reclustering_diagnostic,32,0.025390625,0.003173828125,0.08523101292394464,0.3782877604166667,0.3687608506944444,8.9033203125,3.375,1678.65625
weak_derived_permuted,transition_and_shift,joint_tuned,adjusted,32,0.0341796875,0.03125,0.020156897728340378,0.3269287109375,0.3134765625,8.849609375,13.65625,681.15625
weak_derived_permuted,transition_and_shift,joint_tuned,raw,32,0.037109375,0.04833984375,0.02509968853186516,0.326416015625,0.3206380208333333,8.8330078125,17.46875,705.53125
weak_derived_permuted,transition_and_shift,joint_tuned,free_reclustering_diagnostic,32,0.0263671875,0.01513671875,0.08523101292394464,0.3083577473958333,0.3045789930555556,8.876953125,11.53125,1979.625
weak_derived_permuted,transition_and_shift,kefrine_tuned,adjusted,32,0.080078125,0.008544921875,0.09138931110780572,0.4333089192708333,0.4025607638888889,8.6953125,7.34375,1101.875
weak_derived_permuted,transition_and_shift,kefrine_tuned,raw,32,0.0771484375,0.039794921875,0.08242266208768846,0.42408854166666665,0.3890516493055555,8.6962890625,14.4375,1092.4375
weak_derived_permuted,transition_and_shift,kefrine_tuned,free_reclustering_diagnostic,32,0.0302734375,0.0048828125,0.08523101292394464,0.377001953125,0.3644205729166667,8.8828125,5.3125,1700.28125
weak_derived_permuted,transition_and_shift,joint_zero_reuse,adjusted,32,0.083984375,0.00048828125,0.10054405001627077,0.45126139322916664,0.4234483506944444,8.689453125,3.1875,1067.0625
weak_derived_permuted,transition_and_shift,joint_zero_reuse,raw,32,0.0859375,0.027587890625,0.09005901861822209,0.4396891276041667,0.4090169270833333,8.6865234375,10.53125,1051.5
weak_derived_permuted,transition_and_shift,joint_zero_reuse,free_reclustering_diagnostic,32,0.025390625,0.00146484375,0.08523101292394464,0.3801513671875,0.3677842881944444,8.8984375,2.875,1687.90625
weak_derived_permuted,transition_and_shift,freeze_kmeans_negative_control,adjusted,32,0.0,0.0,0.09837825769960115,0.446923828125,0.1806640625,9.0,0.0,0.0
weak_derived_permuted,transition_and_shift,freeze_kmeans_negative_control,raw,32,0.0,0.0,0.09837825769960115,0.446923828125,0.1806640625,9.0,0.0,0.0
