excluded_region_code,group,feature,n_group,n_global,relative_deviation
1,0,total_rub,337,2007,0.56768452900981314
1,0,health_pct,337,2007,0.15573800151345668
1,0,marketplaces_pct,337,2007,-0.075238629995396891
1,0,horeca_pct,337,2007,1.1763367887013263
1,0,food_pct,337,2007,-0.25215093005094741
1,0,transport_pct,337,2007,0.23987840195649351
1,0,wage_total,183,1821,0.57219508481143899
1,0,population_total,182,1789,3.0717165097290615
1,0,market_access,336,1995,0.45945153417863865
1,0,agriculture_share,68,1045,-0.73890569819785867
1,0,manufacturing_share,155,989,0.012894001818192672
1,0,mining_share,38,288,-0.79685627802014269
1,0,public_share,159,1618,-0.20769603234645398
1,1,total_rub,574,2007,-0.014072818313907965
1,1,health_pct,574,2007,-0.027124153492421713
1,1,marketplaces_pct,574,2007,-0.045105470223657441
1,1,horeca_pct,574,2007,0.13585463597161021
1,1,food_pct,574,2007,-0.035304605125408499
1,1,transport_pct,574,2007,0.084873550366043146
1,1,wage_total,555,1821,0.035660665374178065
1,1,population_total,532,1789,0.2365310635550405
1,1,market_access,574,1995,-0.074759970813735407
1,1,agriculture_share,330,1045,-0.34467535682789707
1,1,manufacturing_share,424,989,0.10133976668949295
1,1,mining_share,140,288,0.098396235945819061
1,1,public_share,529,1618,-0.082205282310127525
1,2,total_rub,969,2007,-0.22412266090794383
1,2,health_pct,969,2007,-0.01310000164887355
1,2,marketplaces_pct,969,2007,0.12543010607298891
1,2,horeca_pct,969,2007,-0.48351613544511163
1,2,food_pct,969,2007,0.10118652565916114
1,2,transport_pct,969,2007,-0.11545282549751584
1,2,wage_total,956,1821,-0.2141258167447338
1,2,population_total,950,1789,-0.64737975371686252
1,2,market_access,969,1995,-0.050770559064852172
1,2,agriculture_share,554,1045,0.36599732531644619
1,2,manufacturing_share,365,989,-0.068962289112704009
1,2,mining_share,66,288,-0.21602112519305833
1,2,public_share,815,1618,0.10450605775971511
1,3,total_rub,127,2007,0.26726747917853327
1,3,health_pct,127,2007,-0.19071291974508864
1,3,marketplaces_pct,127,2007,-0.55351035092833067
1,3,horeca_pct,127,2007,-0.046290736958569889
1,3,food_pct,127,2007,0.056613885082098463
1,3,transport_pct,127,2007,-0.13923347608153089
1,3,wage_total,127,1821,0.63150323625829341
1,3,population_total,125,1789,-0.55900931640761153
1,3,market_access,116,1995,-0.536782935371522
1,3,agriculture_share,93,1045,-0.41692540854463234
1,3,manufacturing_share,45,989,-0.43989768515617522
1,3,mining_share,44,288,0.69914681352483288
1,3,public_share,115,1618,-0.075323248600211917
2,0,total_rub,337,1955,0.5587708230678714
2,0,health_pct,337,1955,0.15764696178820503
2,0,marketplaces_pct,337,1955,-0.082970265215616637
2,0,horeca_pct,337,1955,1.1777659014824966
2,0,food_pct,337,1955,-0.2522591016739944
2,0,transport_pct,337,1955,0.24574028267604137
2,0,wage_total,183,1769,0.5626461723773768
2,0,population_total,182,1737,2.9960812900860785
2,0,market_access,336,1943,0.45966683589373791
2,0,agriculture_share,68,1008,-0.73868275579465303
2,0,manufacturing_share,155,959,0.0045005884418949345
2,0,mining_share,38,271,-0.800385839646091
2,0,public_share,159,1566,-0.20586607977796034
2,1,total_rub,527,1955,-0.0025831457611984552
2,1,health_pct,527,1955,-0.033947930316529255
2,1,marketplaces_pct,527,1955,-0.028583554984948589
2,1,horeca_pct,527,1955,0.14296596162277073
2,1,food_pct,527,1955,-0.036957485757685829
2,1,transport_pct,527,1955,0.080532019343317218
2,1,wage_total,508,1769,0.049883115958129429
2,1,population_total,485,1737,0.27393459904325262
2,1,market_access,527,1943,-0.082486732577596006
2,1,agriculture_share,296,1008,-0.35228113276853745
2,1,manufacturing_share,393,959,0.11339727353712656
2,1,mining_share,125,271,0.11186338501282757
2,1,public_share,482,1566,-0.093190144336388669
2,2,total_rub,964,1955,-0.22816343067304323
2,2,health_pct,964,1955,-0.011659008022776435
2,2,marketplaces_pct,964,1955,0.11810505760502649
2,2,horeca_pct,964,1955,-0.48394163328131806
2,2,food_pct,964,1955,0.10095115952087383
2,2,transport_pct,964,1955,-0.11209458774295601
2,2,wage_total,951,1769,-0.21811325392937672
2,2,population_total,945,1737,-0.64414473856800092
2,2,market_access,964,1943,-0.050555245301787316
2,2,agriculture_share,551,1008,0.35176220302191935
2,2,manufacturing_share,366,959,-0.069095780392555553
2,2,mining_share,64,271,-0.21741411679656469
2,2,public_share,810,1566,0.10622837118930681
2,3,total_rub,127,1955,0.25988265835505842
2,3,health_pct,127,1955,-0.18895419773116429
2,3,marketplaces_pct,127,1955,-0.55770679272846402
2,3,horeca_pct,127,1955,-0.045121544028433144
2,3,food_pct,127,1955,0.056464523467041776
2,3,transport_pct,127,1955,-0.13539895174444272
2,3,wage_total,127,1769,0.62299867744131765
2,3,population_total,125,1737,-0.55542637907906334
2,3,market_access,116,1943,-0.53657148552569001
2,3,agriculture_share,93,1008,-0.42274549646832321
2,3,manufacturing_share,45,959,-0.44385920188687039
2,3,mining_share,44,271,0.6896873239756407
2,3,public_share,115,1566,-0.072996733986989137
4,0,total_rub,338,2005,0.56677929309706265
4,0,health_pct,338,2005,0.15390379150134964
4,0,marketplaces_pct,338,2005,-0.075296467722364702
4,0,horeca_pct,338,2005,1.1714151044863341
4,0,food_pct,338,2005,-0.25186564550727986
4,0,transport_pct,338,2005,0.2422322783170941
4,0,wage_total,184,1819,0.56927923392210444
4,0,population_total,183,1787,3.0457828468497792
4,0,market_access,337,1993,0.45528033603517348
4,0,agriculture_share,69,1049,-0.73892595065279987
4,0,manufacturing_share,156,992,0.010272405333656136
4,0,mining_share,39,290,-0.80005318279387605
4,0,public_share,160,1617,-0.20683266784121956
4,1,total_rub,570,2005,-0.014166370807892558
4,1,health_pct,570,2005,-0.024703750863871582
4,1,marketplaces_pct,570,2005,-0.045586992570671642
4,1,horeca_pct,570,2005,0.14003431196697949
4,1,food_pct,570,2005,-0.035320929753523397
4,1,transport_pct,570,2005,0.081169609159338602
4,1,wage_total,551,1819,0.03627514694561576
4,1,population_total,528,1787,0.24443117045979681
4,1,market_access,570,1993,-0.070884300559233893
4,1,agriculture_share,331,1049,-0.34561406055041904
4,1,manufacturing_share,424,992,0.10020494457248957
4,1,mining_share,141,290,0.098778128007768862
4,1,public_share,525,1617,-0.087294674175964745
4,2,total_rub,970,2005,-0.22416929491785667
4,2,health_pct,970,2005,-0.014025799237296337
4,2,marketplaces_pct,970,2005,0.12552190266543595
4,2,horeca_pct,970,2005,-0.48418746253774847
4,2,food_pct,970,2005,0.10108097064005113
4,2,transport_pct,970,2005,-0.11405240799175219
4,2,wage_total,957,1819,-0.21415354033027997
4,2,population_total,951,1787,-0.6480924898410676
4,2,market_access,970,1993,-0.052222752898580665
4,2,agriculture_share,556,1049,0.36693464021139127
4,2,manufacturing_share,367,992,-0.066058496749800411
4,2,mining_share,66,290,-0.21125365518495848
4,2,public_share,817,1617,0.10688759116117839
4,3,total_rub,127,2005,0.26730430207883854
4,3,health_pct,127,2005,-0.19160093129820566
4,3,marketplaces_pct,127,2005,-0.55371223409473114
4,3,horeca_pct,127,2005,-0.048000192723961319
4,3,food_pct,127,2005,0.056810839528499482
4,3,transport_pct,127,2005,-0.1378767837795383
4,3,wage_total,127,1819,0.63157443375887101
4,3,population_total,125,1787,-0.5608156890994167
4,3,market_access,116,1993,-0.53766682425402157
4,3,agriculture_share,93,1049,-0.41539263785270686
4,3,manufacturing_share,45,992,-0.4410205205246524
4,3,mining_share,44,290,0.70947953004711528
4,3,public_share,115,1617,-0.073080271145272158
7,0,total_rub,336,2012,0.57172099450725189
7,0,health_pct,336,2012,0.15371101975322482
7,0,marketplaces_pct,336,2012,-0.077073768948752786
7,0,horeca_pct,336,2012,1.177995019906666
7,0,food_pct,336,2012,-0.25163344152975614
7,0,transport_pct,336,2012,0.23773434808808275
7,0,wage_total,182,1826,0.57927454500872289
7,0,population_total,181,1794,3.0816001562609467
7,0,market_access,335,2000,0.46113568402226429
7,0,agriculture_share,68,1050,-0.7365645525398633
7,0,manufacturing_share,155,992,0.017182683100497982
7,0,mining_share,39,290,-0.80005318279387605
7,0,public_share,158,1623,-0.21779973859018087
7,1,total_rub,579,2012,-0.015248710395906688
7,1,health_pct,579,2012,-0.026336715852930258
7,1,marketplaces_pct,579,2012,-0.043699107402227821
7,1,horeca_pct,579,2012,0.13668771656600262
7,1,food_pct,579,2012,-0.035877952942387478
7,1,transport_pct,579,2012,0.086929082176139413
7,1,wage_total,560,1826,0.033626756627019742
7,1,population_total,537,1794,0.23615815072863763
7,1,market_access,579,2000,-0.074517607648287867
7,1,agriculture_share,334,1050,-0.34616145430686479
7,1,manufacturing_share,426,992,0.096328689979231066
7,1,mining_share,141,290,0.098778128007768862
7,1,public_share,534,1623,-0.078652369903764563
7,2,total_rub,970,2012,-0.22396212713758493
7,2,health_pct,970,2012,-0.012638621226024107
7,2,marketplaces_pct,970,2012,0.12525490839609749
7,2,horeca_pct,970,2012,-0.48352403662982929
7,2,food_pct,970,2012,0.10117038935634756
7,2,transport_pct,970,2012,-0.11594148279488525
7,2,wage_total,957,1826,-0.21373514803481275
7,2,population_total,951,1794,-0.64650404288506114
7,2,market_access,970,2000,-0.050591715703913506
7,2,agriculture_share,555,1050,0.36814147582554102
7,2,manufacturing_share,366,992,-0.065296601927624834
7,2,mining_share,66,290,-0.21125365518495848
7,2,public_share,816,1623,0.10423416185048372
7,3,total_rub,127,2012,0.26751190935630575
7,3,health_pct,127,2012,-0.19006678400782095
7,3,marketplaces_pct,127,2012,-0.5535330046578254
7,3,horeca_pct,127,2012,-0.046694480704103349
7,3,food_pct,127,2012,0.056589712062861341
7,3,transport_pct,127,2012,-0.13974363170505377
7,3,wage_total,127,1826,0.63216996666612102
7,3,population_total,125,1794,-0.55808968352653177
7,3,market_access,116,2000,-0.53673099212330555
7,3,agriculture_share,93,1050,-0.41520649217173777
7,3,manufacturing_share,45,992,-0.44001736680486814
7,3,mining_share,44,290,0.70947953004711528
7,3,public_share,115,1623,-0.075150885601183298
8,0,total_rub,338,2011,0.56660388101852266
8,0,health_pct,338,2011,0.15544580650149664
8,0,marketplaces_pct,338,2011,-0.074867857079571498
8,0,horeca_pct,338,2011,1.1709110504742446
8,0,food_pct,338,2011,-0.25176793787076218
8,0,transport_pct,338,2011,0.23951570592423338
8,0,wage_total,184,1825,0.5690678728324815
8,0,population_total,183,1793,3.0530620023777431
8,0,market_access,337,1999,0.45805523288992428
8,0,agriculture_share,69,1052,-0.73860562205077451
8,0,manufacturing_share,156,995,0.01291988127229576
8,0,mining_share,39,290,-0.80005318279387605
8,0,public_share,160,1622,-0.20745983508094912
8,1,total_rub,578,2011,-0.014888172867026015
8,1,health_pct,578,2011,-0.026868701941252578
8,1,marketplaces_pct,578,2011,-0.044535707319686611
8,1,horeca_pct,578,2011,0.13680163706903423
8,1,food_pct,578,2011,-0.035281629725481288
8,1,transport_pct,578,2011,0.085464080610859555
8,1,wage_total,559,1825,0.03413244655804825
8,1,population_total,536,1793,0.23448651517026212
8,1,market_access,578,1999,-0.074470247288407093
8,1,agriculture_share,334,1052,-0.34556759636754958
8,1,manufacturing_share,427,995,0.096275783862012965
8,1,mining_share,141,290,0.098778128007768862
8,1,public_share,533,1622,-0.079889080945364496
8,2,total_rub,968,2011,-0.22400451962614146
8,2,health_pct,968,2011,-0.013238071110861508
8,2,marketplaces_pct,968,2011,0.12535346807904696
8,2,horeca_pct,968,2011,-0.48420990824356808
8,2,food_pct,968,2011,0.10150603270060625
8,2,transport_pct,968,2011,-0.11632722986105858
8,2,wage_total,955,1825,-0.21358174961606888
8,2,population_total,949,1793,-0.64740983113826278
8,2,market_access,968,1999,-0.050675331291557733
8,2,agriculture_share,556,1052,0.36861182054951291
8,2,manufacturing_share,367,995,-0.063611050254282986
8,2,mining_share,66,290,-0.21125365518495848
8,2,public_share,814,1622,0.10351716404674025
8,3,total_rub,127,2011,0.26716241835421328
8,3,health_pct,127,2011,-0.19052063023738572
8,3,marketplaces_pct,127,2011,-0.55350537462081495
8,3,horeca_pct,127,2011,-0.048221181940336678
8,3,food_pct,127,2011,0.056948860846136463
8,3,transport_pct,127,2011,-0.13976211566899913
8,3,wage_total,127,1825,0.63135468233244174
8,3,population_total,125,1793,-0.56002551052940863
8,3,market_access,116,1999,-0.53678525742221805
8,3,agriculture_share,93,1052,-0.41467534534692696
8,3,manufacturing_share,45,995,-0.43955568320524102
8,3,mining_share,44,290,0.70947953004711528
8,3,public_share,115,1622,-0.073813198062741711
9,0,total_rub,335,2008,0.57305153897708228
9,0,health_pct,335,2008,0.15503112023735363
9,0,marketplaces_pct,335,2008,-0.076145027428466752
9,0,horeca_pct,335,2008,1.1804923942730015
9,0,food_pct,335,2008,-0.25246665461911039
9,0,transport_pct,335,2008,0.2385905097575651
9,0,wage_total,181,1822,0.58397771601023363
9,0,population_total,180,1790,3.1107871220738939
9,0,market_access,334,1996,0.46246904052370075
9,0,agriculture_share,68,1050,-0.73606732396949515
9,0,manufacturing_share,155,993,0.016394187764488376
9,0,mining_share,39,290,-0.80005318279387605
9,0,public_share,158,1622,-0.21804805824099951
9,1,total_rub,576,2008,-0.014070040905344534
9,1,health_pct,576,2008,-0.028560985085774069
9,1,marketplaces_pct,576,2008,-0.044844195230334852
9,1,horeca_pct,576,2008,0.13725071542205874
9,1,food_pct,576,2008,-0.035441699267094992
9,1,transport_pct,576,2008,0.086336057899907032
9,1,wage_total,557,1822,0.034981513274719413
9,1,population_total,534,1790,0.2352032182503484
9,1,market_access,576,1996,-0.074558807552138895
9,1,agriculture_share,333,1050,-0.34546548135053678
9,1,manufacturing_share,426,993,0.095596139552449846
9,1,mining_share,141,290,0.098778128007768862
9,1,public_share,532,1622,-0.080421351095647617
9,2,total_rub,970,2008,-0.22448394060969526
9,2,health_pct,970,2008,-0.011758897309196529
9,2,marketplaces_pct,970,2008,0.12538342658818091
9,2,horeca_pct,970,2008,-0.48320956277133337
9,2,food_pct,970,2008,0.10086533235638027
9,2,transport_pct,970,2008,-0.11542148703999426
9,2,wage_total,957,1822,-0.21452964237059854
9,2,population_total,951,1790,-0.64732789907402677
9,2,market_access,970,1996,-0.050770158400435729
9,2,agriculture_share,556,1050,0.36644525781443954
9,2,manufacturing_share,367,993,-0.063965915873216428
9,2,mining_share,66,290,-0.21125365518495848
9,2,public_share,817,1622,0.10504025222544344
9,3,total_rub,127,2008,0.26678346768157724
9,3,health_pct,127,2008,-0.18959186992273164
9,3,marketplaces_pct,127,2008,-0.55341010353800124
9,3,horeca_pct,127,2008,-0.045732978554076452
9,3,food_pct,127,2008,0.056310044799683372
9,3,transport_pct,127,2008,-0.1393586432309947
9,3,wage_total,127,1822,0.63086770280938365
9,3,population_total,125,1790,-0.55945094799669792
9,3,market_access,116,1996,-0.53682528221087433
9,3,agriculture_share,93,1050,-0.41560193575455756
9,3,manufacturing_share,45,993,-0.43976807616375585
9,3,mining_share,44,290,0.70947953004711528
9,3,public_share,115,1622,-0.074627252897608826
10,0,total_rub,338,1998,0.5698275574423044
10,0,health_pct,338,1998,0.15307331701948157
10,0,marketplaces_pct,338,1998,-0.074587836478724315
10,0,horeca_pct,338,1998,1.1706308202288316
10,0,food_pct,338,1998,-0.25150180783424969
10,0,transport_pct,338,1998,0.23737277718708424
10,0,wage_total,184,1812,0.5733256817243213
10,0,population_total,183,1780,3.0432447335235753
10,0,market_access,337,1986,0.45594877811764428
10,0,agriculture_share,69,1035,-0.73981994156797637
10,0,manufacturing_share,156,988,0.010142746240644394
10,0,mining_share,39,286,-0.80185790366314436
10,0,public_share,160,1609,-0.20930950645074647
10,1,total_rub,573,1998,-0.017088494328838511
10,1,health_pct,573,1998,-0.026890338655726303
10,1,marketplaces_pct,573,1998,-0.044319184415553936
10,1,horeca_pct,573,1998,0.13398892226733133
10,1,food_pct,573,1998,-0.035437977959945008
10,1,transport_pct,573,1998,0.085947074503023788
10,1,wage_total,554,1812,0.033487370472565746
10,1,population_total,531,1780,0.23127672601693933
10,1,market_access,573,1986,-0.074839540378559638
10,1,agriculture_share,327,1035,-0.34642598288823839
10,1,manufacturing_share,423,988,0.098928594582897461
10,1,mining_share,138,286,0.10352766161468897
10,1,public_share,528,1609,-0.079156417259489728
10,2,total_rub,960,1998,-0.2261154030808937
10,2,health_pct,960,1998,-0.012420217431510288
10,2,marketplaces_pct,960,1998,0.12592041715033597
10,2,horeca_pct,960,1998,-0.48573872544158131
10,2,food_pct,960,1998,0.1021180452908193
10,2,transport_pct,960,1998,-0.11618854913125637
10,2,wage_total,947,1812,-0.21624939886410566
10,2,population_total,941,1780,-0.6478058729475239
10,2,market_access,960,1986,-0.050444753859235698
10,2,agriculture_share,546,1035,0.37206329791901765
10,2,manufacturing_share,364,988,-0.064779978588106399
10,2,mining_share,65,286,-0.20850074624700971
10,2,public_share,806,1609,0.10424467636167838
10,3,total_rub,127,1998,0.26976991962664404
10,3,health_pct,127,1998,-0.19218274305986841
10,3,marketplaces_pct,127,1998,-0.55337022885355303
10,3,horeca_pct,127,1998,-0.04834404151659865
10,3,food_pct,127,1998,0.057324794801877917
10,3,transport_pct,127,1998,-0.14124933238945425
10,3,wage_total,127,1812,0.63578151216717704
10,3,population_total,125,1780,-0.56109121044951205
10,3,market_access,116,1986,-0.53745446451608059
10,3,agriculture_share,93,1035,-0.4173944977541863
10,3,manufacturing_share,45,988,-0.44109226035634369
10,3,mining_share,44,286,0.69404976013843744
10,3,public_share,115,1609,-0.075974780890285226
11,0,total_rub,338,1996,0.56879876717653699
11,0,health_pct,338,1996,0.15277228212628141
11,0,marketplaces_pct,338,1996,-0.077004266244550451
11,0,horeca_pct,338,1996,1.1710329579475822
11,0,food_pct,338,1996,-0.25107095916121902
11,0,transport_pct,338,1996,0.23615571794468238
11,0,wage_total,184,1810,0.57520691919884626
11,0,population_total,183,1778,3.0470710090954887
11,0,market_access,337,1984,0.45499226820543281
11,0,agriculture_share,69,1038,-0.73917732254406721
11,0,manufacturing_share,156,986,0.0083724734555226821
11,0,mining_share,39,285,-0.7991593145512581
11,0,public_share,160,1607,-0.20944386984505772
11,1,total_rub,575,1996,-0.016832329809777207
11,1,health_pct,575,1996,-0.027974612990326605
11,1,marketplaces_pct,575,1996,-0.043491600570952395
11,1,horeca_pct,575,1996,0.13270716145601788
11,1,food_pct,575,1996,-0.034926543587336899
11,1,transport_pct,575,1996,0.086007993668385491
11,1,wage_total,556,1810,0.032275423964080605
11,1,population_total,533,1778,0.22534326559922205
11,1,market_access,575,1984,-0.075018754936908641
11,1,agriculture_share,330,1038,-0.34540987680263097
11,1,manufacturing_share,423,986,0.097528961909353271
11,1,mining_share,138,285,0.099061763338562966
11,1,public_share,530,1607,-0.0779173893889651
11,2,total_rub,957,1996,-0.22594156394686202
11,2,health_pct,957,1996,-0.0118887856111207
11,2,marketplaces_pct,957,1996,0.12681777530725158
11,2,horeca_pct,957,1996,-0.48647780572080057
11,2,food_pct,957,1996,0.1018244441283486
11,2,transport_pct,957,1996,-0.11673310862184039
11,2,wage_total,944,1810,-0.21613362481177628
11,2,population_total,938,1778,-0.64752788534703853
11,2,market_access,957,1984,-0.050347881483814222
11,2,agriculture_share,546,1038,0.37302629658953462
11,2,manufacturing_share,363,986,-0.064706624105658639
11,2,mining_share,64,285,-0.21963546396149158
11,2,public_share,803,1607,0.10366870026724934
11,3,total_rub,126,1996,0.26706891295316876
11,3,health_pct,126,1996,-0.19185762745557877
11,3,marketplaces_pct,126,1996,-0.55817062420701646
11,3,horeca_pct,126,1996,-0.052035694830848134
11,3,food_pct,126,1996,0.059513918479215368
11,3,transport_pct,126,1996,-0.13937812756764378
11,3,wage_total,126,1810,0.63688042036269832
11,3,population_total,124,1778,-0.56726450623659352
11,3,market_access,115,1984,-0.53924945840433025
11,3,agriculture_share,93,1038,-0.41595551975781858
11,3,manufacturing_share,44,986,-0.43346254991735733
11,3,mining_share,44,285,0.71712180955256499
11,3,public_share,114,1607,-0.074023954063514544
12,0,total_rub,338,1999,0.56390178641124056
12,0,health_pct,338,1999,0.1540293761868943
12,0,marketplaces_pct,338,1999,-0.076709096775964228
12,0,horeca_pct,338,1999,1.1699376019808974
12,0,food_pct,338,1999,-0.25106242014826097
12,0,transport_pct,338,1999,0.23809088041975066
12,0,wage_total,184,1813,0.56684715501929495
12,0,population_total,183,1781,3.0516113805639873
12,0,market_access,337,1987,0.45907426127590928
12,0,agriculture_share,69,1040,-0.73798731562550957
12,0,manufacturing_share,156,984,0.01534445815906409
12,0,mining_share,39,290,-0.80005318279387605
12,0,public_share,160,1611,-0.20895969201986314
12,1,total_rub,576,1999,-0.01660655107958987
12,1,health_pct,576,1999,-0.027632721531824774
12,1,marketplaces_pct,576,1999,-0.043860813329986786
12,1,horeca_pct,576,1999,0.13247485696144365
12,1,food_pct,576,1999,-0.035024773975743877
12,1,transport_pct,576,1999,0.085658205153405997
12,1,wage_total,557,1813,0.032486333078702266
12,1,population_total,534,1781,0.22420024876424841
12,1,market_access,576,1987,-0.074899750103713192
12,1,agriculture_share,332,1040,-0.34432246377002257
12,1,manufacturing_share,424,984,0.094344979522365882
12,1,mining_share,141,290,0.098778128007768862
12,1,public_share,532,1611,-0.078037382996000049
12,2,total_rub,958,1999,-0.22409758290991308
12,2,health_pct,958,1999,-0.012341687853542043
12,2,marketplaces_pct,958,1999,0.12693062865252283
12,2,horeca_pct,958,1999,-0.48597717698117493
12,2,food_pct,958,1999,0.10195646442717886
12,2,transport_pct,958,1999,-0.11684600391275662
12,2,wage_total,945,1813,-0.21405670035679852
12,2,population_total,939,1781,-0.64765169636721809
12,2,market_access,958,1987,-0.051499200233512892
12,2,agriculture_share,546,1040,0.37302605859843796
12,2,manufacturing_share,359,984,-0.063165373023710975
12,2,mining_share,66,290,-0.21125365518495848
12,2,public_share,804,1611,0.10402926098398481
12,3,total_rub,127,1999,0.26497680348457608
12,3,health_pct,127,1999,-0.19151294948933628
12,3,marketplaces_pct,127,1999,-0.55439400835250974
12,3,horeca_pct,127,1999,-0.048647964813931362
12,3,food_pct,127,1999,0.057945471644907161
12,3,transport_pct,127,1999,-0.14075096064422526
12,3,wage_total,127,1813,0.62904580936052812
12,3,population_total,125,1781,-0.5601829807560047
12,3,market_access,116,1987,-0.53646151867704173
12,3,agriculture_share,93,1040,-0.41329080908536953
12,3,manufacturing_share,45,984,-0.43821417499521903
12,3,mining_share,44,290,0.70947953004711528
12,3,public_share,115,1611,-0.075565976991943451
13,0,total_rub,338,1996,0.56289045955264927
13,0,health_pct,338,1996,0.15720962697448884
13,0,marketplaces_pct,338,1996,-0.073879518957756893
13,0,horeca_pct,338,1996,1.1621440707716599
13,0,food_pct,338,1996,-0.25088385095349441
13,0,transport_pct,338,1996,0.23826683652368733
13,0,wage_total,184,1810,0.56577079162083177
13,0,population_total,183,1778,3.033945451038853
13,0,market_access,337,1984,0.45981970289645657
13,0,agriculture_share,69,1039,-0.73593922444157478
13,0,manufacturing_share,156,987,0.015871073940355515
13,0,mining_share,39,290,-0.80005318279387605
13,0,public_share,160,1610,-0.21010499003447272
13,1,total_rub,579,1996,-0.017945698332154435
13,1,health_pct,579,1996,-0.025126863691129313
13,1,marketplaces_pct,579,1996,-0.041328765730949256
13,1,horeca_pct,579,1996,0.13055098661535752
13,1,food_pct,579,1996,-0.034810783972672441
13,1,transport_pct,579,1996,0.085607897052375065
13,1,wage_total,560,1810,0.030559694780939173
13,1,population_total,537,1778,0.22583529175559461
13,1,market_access,579,1984,-0.073608065092224409
13,1,agriculture_share,333,1039,-0.35020845379645466
13,1,manufacturing_share,426,987,0.10057947058203581
13,1,mining_share,141,290,0.098778128007768862
13,1,public_share,534,1610,-0.079547508476691217
13,2,total_rub,952,1996,-0.22417498038687853
13,2,health_pct,952,1996,-0.015282786565076211
13,2,marketplaces_pct,952,1996,0.12514205503566353
13,2,horeca_pct,952,1996,-0.4850645833198115
13,2,food_pct,952,1996,0.10248222206718853
13,2,transport_pct,952,1996,-0.11790052500810871
13,2,wage_total,939,1810,-0.21401698392742008
13,2,population_total,933,1778,-0.64975668175519374
13,2,market_access,952,1984,-0.052666077071990169
13,2,agriculture_share,544,1039,0.37758962006705549
13,2,manufacturing_share,360,987,-0.071156155476042954
13,2,mining_share,66,290,-0.21125365518495848
13,2,public_share,801,1610,0.10604141671684221
13,3,total_rub,127,1996,0.26415878215614308
13,3,health_pct,127,1996,-0.18928493724614523
13,3,marketplaces_pct,127,1996,-0.55302837502370383
13,3,horeca_pct,127,1996,-0.052064833469705515
13,3,food_pct,127,1996,0.058197717594450728
13,3,transport_pct,127,1996,-0.14062884512292759
13,3,wage_total,127,1810,0.62792671789203447
13,3,population_total,125,1778,-0.56210068108214939
13,3,market_access,116,1984,-0.53622469668252493
13,3,agriculture_share,93,1039,-0.40870464210526902
13,3,manufacturing_share,45,987,-0.4379228006948267
13,3,mining_share,44,290,0.70947953004711528
13,3,public_share,115,1610,-0.076904407461930641
14,0,total_rub,338,1987,0.57556553269534716
14,0,health_pct,338,1987,0.14977878542505241
14,0,marketplaces_pct,338,1987,-0.084493121990670536
14,0,horeca_pct,338,1987,1.1816573354613784
14,0,food_pct,338,1987,-0.25186113413715228
14,0,transport_pct,338,1987,0.23797087525631772
14,0,wage_total,184,1801,0.58946810664670857
14,0,population_total,183,1769,3.0366602489449912
14,0,market_access,337,1977,0.44665767960650671
14,0,agriculture_share,69,1028,-0.74341231699393584
14,0,manufacturing_share,156,988,0.0068856616863194626
14,0,mining_share,39,278,-0.79548493529955644
14,0,public_share,160,1598,-0.20889581373887603
14,1,total_rub,578,1987,-0.011876799590524276
14,1,health_pct,578,1987,-0.030498298370962136
14,1,marketplaces_pct,578,1987,-0.052129816738623574
14,1,horeca_pct,578,1987,0.1392081770615019
14,1,food_pct,578,1987,-0.035918326096138153
14,1,transport_pct,578,1987,0.086629743630277936
14,1,wage_total,559,1801,0.041377271256159073
14,1,population_total,536,1769,0.22693676811762054
14,1,market_access,578,1977,-0.080014860688101833
14,1,agriculture_share,332,1028,-0.35436289971127571
14,1,manufacturing_share,425,988,0.094376580332298982
14,1,mining_share,139,278,0.11253998860822642
14,1,public_share,533,1598,-0.076669576015403501
14,2,total_rub,971,1987,-0.21985013993718319
14,2,health_pct,971,1987,-0.017760131832172732
14,2,marketplaces_pct,971,1987,0.11432191804132216
14,2,horeca_pct,971,1987,-0.48186410784260686
14,2,food_pct,971,1987,0.10111879069600868
14,2,transport_pct,971,1987,-0.11696457343219159
14,2,wage_total,958,1801,-0.2040507372870087
14,2,population_total,952,1769,-0.64910955105286017
14,2,market_access,971,1977,-0.058152940049914593
14,2,agriculture_share,556,1028,0.34344486949035868
14,2,manufacturing_share,367,988,-0.069189355750222226
14,2,mining_share,66,278,-0.19323292065313302
14,2,public_share,817,1598,0.10400841232932269
14,3,total_rub,100,1987,0.25798125991300491
14,3,health_pct,100,1987,-0.15752125006212159
14,3,marketplaces_pct,100,1987,-0.5231687311035248
14,3,horeca_pct,100,1987,-0.11972457012322799
14,3,food_pct,100,1987,0.077035100561010886
14,3,transport_pct,100,1987,-0.16933546852278125
14,3,wage_total,100,1801,0.63888580065767075
14,3,population_total,98,1769,-0.60606776189444034
14,3,market_access,91,1977,-0.52536861276046964
14,3,agriculture_share,71,1028,-0.31001992760442659
14,3,manufacturing_share,40,988,-0.39479290759903357
14,3,mining_share,34,278,0.8274772595072365
14,3,public_share,88,1598,-0.12143930293893894
15,0,total_rub,333,2009,0.57770638369602012
15,0,health_pct,333,2009,0.15186473331981892
15,0,marketplaces_pct,333,2009,-0.082689657776932157
15,0,horeca_pct,333,2009,1.1866796494309
15,0,food_pct,333,2009,-0.25018890747008421
15,0,transport_pct,333,2009,0.23765390920423132
15,0,wage_total,179,1823,0.59526335230107552
15,0,population_total,178,1791,3.1360253336965718
15,0,market_access,332,1997,0.46620845264548377
15,0,agriculture_share,68,1051,-0.73604433920576462
15,0,manufacturing_share,154,992,0.020360324531490309
15,0,mining_share,39,290,-0.80005318279387605
15,0,public_share,155,1620,-0.2348004796625266
15,1,total_rub,578,2009,-0.014973669452827479
15,1,health_pct,578,2009,-0.026556524089686433
15,1,marketplaces_pct,578,2009,-0.04349311480743278
15,1,horeca_pct,578,2009,0.13821615334393267
15,1,food_pct,578,2009,-0.036339985238284994
15,1,transport_pct,578,2009,0.086906648074573545
15,1,wage_total,559,1823,0.033483231317089183
15,1,population_total,536,1791,0.23661881001242904
15,1,market_access,578,1997,-0.074498379027181774
15,1,agriculture_share,334,1051,-0.34614532272584259
15,1,manufacturing_share,426,992,0.096038323352386976
15,1,mining_share,141,290,0.098778128007768862
15,1,public_share,533,1620,-0.079111680361936901
15,2,total_rub,971,2009,-0.22417542152725092
15,2,health_pct,971,2009,-0.011505990056817577
15,2,marketplaces_pct,971,2009,0.12661265943834357
15,2,horeca_pct,971,2009,-0.48322250448238224
15,2,food_pct,971,2009,0.10012627205915316
15,2,transport_pct,971,2009,-0.11505719305901196
15,2,wage_total,958,1823,-0.21441710500827199
15,2,population_total,952,1791,-0.6462778152072407
15,2,market_access,971,1997,-0.050920119971713008
15,2,agriculture_share,556,1051,0.36740362376919738
15,2,manufacturing_share,367,992,-0.065952956013633685
15,2,mining_share,66,290,-0.21125365518495848
15,2,public_share,817,1620,0.10649086508808207
15,3,total_rub,127,2009,0.26734558642457024
15,3,health_pct,127,2009,-0.18936196005111086
15,3,marketplaces_pct,127,2009,-0.55327729067887466
15,3,horeca_pct,127,2009,-0.046017386148738501
15,3,food_pct,127,2009,0.055864625872667634
15,3,transport_pct,127,2009,-0.13897842434497573
15,3,wage_total,127,1823,0.63104189157306501
15,3,population_total,125,1791,-0.55826969189886899
15,3,market_access,116,1997,-0.53687678196600086
15,3,agriculture_share,93,1051,-0.41519206407796
15,3,manufacturing_share,45,992,-0.44095735264362279
15,3,mining_share,44,290,0.70947953004711528
15,3,public_share,115,1620,-0.073412493881384211
16,0,total_rub,336,1973,0.56264172121978162
16,0,health_pct,336,1973,0.15522401536359193
16,0,marketplaces_pct,336,1973,-0.077252297592047353
16,0,horeca_pct,336,1973,1.1791881702649321
16,0,food_pct,336,1973,-0.25162991828001152
16,0,transport_pct,336,1973,0.24271262289029466
16,0,wage_total,182,1787,0.5744903199049074
16,0,population_total,181,1755,2.9837267007831048
16,0,market_access,335,1961,0.4623171017666739
16,0,agriculture_share,67,1011,-0.7306278875447807
16,0,manufacturing_share,154,969,0.0024107452895648258
16,0,mining_share,37,271,-0.79409461629049027
16,0,public_share,158,1584,-0.21081941830191719
16,1,total_rub,548,1973,-0.0080683291759010706
16,1,health_pct,548,1973,-0.028684532601124683
16,1,marketplaces_pct,548,1973,-0.040813447753650749
16,1,horeca_pct,548,1973,0.13546323127040852
16,1,food_pct,548,1973,-0.038290455661702819
16,1,transport_pct,548,1973,0.08369609251961814
16,1,wage_total,529,1787,0.034751977828481648
16,1,population_total,506,1755,0.26267998510036705
16,1,market_access,548,1961,-0.080604353501326401
16,1,agriculture_share,303,1011,-0.38862682765565215
16,1,manufacturing_share,406,969,0.10588870064358853
16,1,mining_share,127,271,0.1094973809917934
16,1,public_share,503,1584,-0.076592516730099369
16,2,total_rub,962,1973,-0.22649755681133421
16,2,health_pct,962,1973,-0.012697406199249087
16,2,marketplaces_pct,962,1973,0.12350789607727762
16,2,horeca_pct,962,1973,-0.48317482249105004
16,2,food_pct,962,1973,0.10208537578253497
16,2,transport_pct,962,1973,-0.11434840539138123
16,2,wage_total,949,1787,-0.21433262575122919
16,2,population_total,943,1755,-0.64056195229511781
16,2,market_access,962,1961,-0.050429707360954548
16,2,agriculture_share,548,1011,0.3742304823158924
16,2,manufacturing_share,364,969,-0.064629217717077622
16,2,mining_share,63,271,-0.22819337387418603
16,2,public_share,808,1584,0.10030014507720911
16,3,total_rub,127,1973,0.26192500559882415
16,3,health_pct,127,1973,-0.19071842939427594
16,3,marketplaces_pct,127,1973,-0.55505554855443251
16,3,horeca_pct,127,1973,-0.04430627329772379
16,3,food_pct,127,1973,0.057674730251168801
16,3,transport_pct,127,1973,-0.13711601579039956
16,3,wage_total,127,1787,0.63354824680280841
16,3,population_total,125,1755,-0.5513654743058537
16,3,market_access,116,1961,-0.53613504217129726
16,3,agriculture_share,93,1011,-0.41260545230049378
16,3,manufacturing_share,45,969,-0.44082293304164127
16,3,mining_share,44,271,0.67844354479236524
16,3,public_share,115,1584,-0.08006098448210601
17,0,total_rub,338,2006,0.56600082865412826
17,0,health_pct,338,2006,0.15308771134899024
17,0,marketplaces_pct,338,2006,-0.075544690579131296
17,0,horeca_pct,338,2006,1.1756666766857387
17,0,food_pct,338,2006,-0.2516696046930989
17,0,transport_pct,338,2006,0.24187540455411974
17,0,wage_total,184,1820,0.5696168022434609
17,0,population_total,183,1788,3.0454944724720314
17,0,market_access,337,1994,0.45507320920816235
17,0,agriculture_share,69,1046,-0.73985100577560681
17,0,manufacturing_share,156,994,0.011916838641288572
17,0,mining_share,39,290,-0.80005318279387605
17,0,public_share,160,1620,-0.20674140374941502
17,1,total_rub,571,2006,-0.012897465509295049
17,1,health_pct,571,2006,-0.022861111137329651
17,1,marketplaces_pct,571,2006,-0.044918251440458266
17,1,horeca_pct,571,2006,0.13592804999981883
17,1,food_pct,571,2006,-0.035831068366030956
17,1,transport_pct,571,2006,0.081833787662096716
17,1,wage_total,552,1820,0.035695037222962786
17,1,population_total,529,1788,0.24422760328394694
17,1,market_access,571,1994,-0.070510116684685709
17,1,agriculture_share,329,1046,-0.34103272775448867
17,1,manufacturing_share,427,994,0.095190198153918035
17,1,mining_share,141,290,0.098778128007768862
17,1,public_share,528,1620,-0.087046639901740955
17,2,total_rub,970,2006,-0.22454794408497417
17,2,health_pct,970,2006,-0.014725798267634546
17,2,marketplaces_pct,970,2006,0.12527741776059212
17,2,horeca_pct,970,2006,-0.48364016032613866
17,2,food_pct,970,2006,0.10131311357388
17,2,transport_pct,970,2006,-0.11437028175596475
17,2,wage_total,957,1820,-0.2139683158496456
17,2,population_total,951,1788,-0.64817667345151952
17,2,market_access,970,1994,-0.052290113537450549
17,2,agriculture_share,555,1046,0.36409665625221449
17,2,manufacturing_share,366,994,-0.062022572754430759
17,2,mining_share,66,290,-0.21125365518495848
17,2,public_share,817,1620,0.10701495279931106
17,3,total_rub,127,2006,0.26667463372548927
17,3,health_pct,127,2006,-0.19217265871604783
17,3,marketplaces_pct,127,2006,-0.55383203338209863
17,3,horeca_pct,127,2006,-0.046136202782060924
17,3,food_pct,127,2006,0.057087765800060551
17,3,transport_pct,127,2006,-0.13812445819735086
17,3,wage_total,127,1820,0.6319254024270764
17,3,population_total,125,1788,-0.56084699317755604
17,3,market_access,116,1994,-0.53773262711093028
17,3,agriculture_share,93,1046,-0.41746405795952035
17,3,manufacturing_share,45,994,-0.44011066248094122
17,3,mining_share,44,290,0.70947953004711528
17,3,public_share,115,1620,-0.072973617121840043
18,0,total_rub,337,1989,0.56387645672973263
18,0,health_pct,337,1989,0.15642686099762962
18,0,marketplaces_pct,337,1989,-0.078149868222719965
18,0,horeca_pct,337,1989,1.1724653852890354
18,0,food_pct,337,1989,-0.25079016861725895
18,0,transport_pct,337,1989,0.23892853441255801
18,0,wage_total,183,1803,0.5683117232781647
18,0,population_total,182,1771,3.0176070416976271
18,0,market_access,336,1977,0.45959262174163867
18,0,agriculture_share,68,1027,-0.73488612650806517
18,0,manufacturing_share,155,977,0.0090756551289773776
18,0,mining_share,38,278,-0.80181906540519532
18,0,public_share,159,1601,-0.20872033065579462
18,1,total_rub,571,1989,-0.016296417537163314
18,1,health_pct,571,1989,-0.027017431781243297
18,1,marketplaces_pct,571,1989,-0.043718052086688192
18,1,horeca_pct,571,1989,0.13221512355280984
18,1,food_pct,571,1989,-0.034862851616048053
18,1,transport_pct,571,1989,0.086316160792030472
18,1,wage_total,552,1803,0.033234124029896686
18,1,population_total,529,1771,0.23524853649281616
18,1,market_access,571,1977,-0.07566476142425281
18,1,agriculture_share,325,1027,-0.35230459149686166
18,1,manufacturing_share,418,977,0.089409927905925987
18,1,mining_share,137,278,0.096789169587848223
18,1,public_share,526,1601,-0.076680273442403857
18,2,total_rub,954,1989,-0.22455866019714851
18,2,health_pct,954,1989,-0.013822039341073213
18,2,marketplaces_pct,954,1989,0.12770705963742196
18,2,horeca_pct,954,1989,-0.4869412772142363
18,2,food_pct,954,1989,0.1016350452607932
18,2,transport_pct,954,1989,-0.11739921607948557
18,2,wage_total,941,1803,-0.2147448674287725
18,2,population_total,935,1771,-0.64569533568221926
18,2,market_access,954,1977,-0.051317276619775296
18,2,agriculture_share,541,1027,0.37511294680736523
18,2,manufacturing_share,359,977,-0.05297462727191906
18,2,mining_share,59,278,-0.21760226627306292
18,2,public_share,801,1601,0.10265977568177488
18,3,total_rub,127,1989,0.26384134113291352
18,3,health_pct,127,1989,-0.18978482738368221
18,3,marketplaces_pct,127,1989,-0.55537812253185459
18,3,horeca_pct,127,1989,-0.047824345895101143
18,3,food_pct,127,1989,0.058764896991993498
18,3,transport_pct,127,1989,-0.1402093840114351
18,3,wage_total,127,1803,0.62778455453596715
18,3,population_total,125,1771,-0.55940654824634262
18,3,market_access,116,1977,-0.53674017445410804
18,3,agriculture_share,93,1027,-0.41360059552425743
18,3,manufacturing_share,45,977,-0.4391596715344368
18,3,mining_share,44,278,0.68289868095392958
18,3,public_share,115,1601,-0.0757402079663132
19,0,total_rub,338,2004,0.56689849726481922
19,0,health_pct,338,2004,0.15398846433177846
19,0,marketplaces_pct,338,2004,-0.075835943261996774
19,0,horeca_pct,338,2004,1.1704176007506091
19,0,food_pct,338,2004,-0.25148521125831519
19,0,transport_pct,338,2004,0.23957894781527825
19,0,wage_total,184,1818,0.57097974867830159
19,0,population_total,183,1786,3.0553321235237214
19,0,market_access,337,1992,0.45491875608921906
19,0,agriculture_share,69,1050,-0.7389159364560014
19,0,manufacturing_share,156,990,0.011976441574911933
19,0,mining_share,39,283,-0.79846381426517421
19,0,public_share,160,1618,-0.20871275903944725
19,1,total_rub,572,2004,-0.015138260560428782
19,1,health_pct,572,2004,-0.025734715529112086
19,1,marketplaces_pct,572,2004,-0.043323583807061444
19,1,horeca_pct,572,2004,0.13778685286118009
19,1,food_pct,572,2004,-0.035799241110967099
19,1,transport_pct,572,2004,0.085562120204493664
19,1,wage_total,553,1818,0.033237938609863217
19,1,population_total,530,1786,0.23409138413702757
19,1,market_access,572,1992,-0.072073804483835102
19,1,agriculture_share,332,1050,-0.34466922564545316
19,1,manufacturing_share,422,990,0.098579403939118349
19,1,mining_share,135,283,0.10875847523219435
19,1,public_share,529,1618,-0.080353338541681335
19,2,total_rub,967,2004,-0.22431489003682889
19,2,health_pct,967,2004,-0.013445769401951836
19,2,marketplaces_pct,967,2004,0.12488951289408437
19,2,horeca_pct,967,2004,-0.48424370589259685
19,2,food_pct,967,2004,0.10154699168817725
19,2,transport_pct,967,2004,-0.11600310499791032
19,2,wage_total,954,1818,-0.21370581276850947
19,2,population_total,948,1786,-0.64685846741604425
19,2,market_access,967,1992,-0.051394754825573395
19,2,agriculture_share,556,1050,0.36698707266314956
19,2,manufacturing_share,367,990,-0.064483208579650245
19,2,mining_share,65,283,-0.23626618713497266
19,2,public_share,814,1618,0.1038794335867395
19,3,total_rub,127,2004,0.26740072150133748
19,3,health_pct,127,2004,-0.19154161141576212
19,3,marketplaces_pct,127,2004,-0.55397260006602789
19,3,horeca_pct,127,2004,-0.048437521985513078
19,3,food_pct,127,2004,0.057348239041861447
19,3,transport_pct,127,2004,-0.13971822508310858
19,3,wage_total,127,1818,0.63334245333146588
19,3,population_total,125,1786,-0.55977908069644478
19,3,market_access,116,1992,-0.53778169587054769
19,3,agriculture_share,93,1050,-0.41537021366620108
19,3,manufacturing_share,45,990,-0.44007768442805556
19,3,mining_share,44,283,0.7230681082674717
19,3,public_share,115,1618,-0.07527740351952189
21,0,total_rub,337,1993,0.56321198558754115
21,0,health_pct,337,1993,0.15668747070309555
21,0,marketplaces_pct,337,1993,-0.077170146619634797
21,0,horeca_pct,337,1993,1.1733678344075911
21,0,food_pct,337,1993,-0.25137337996604758
21,0,transport_pct,337,1993,0.23961405287678597
21,0,wage_total,183,1807,0.5684496372632627
21,0,population_total,182,1775,3.0274522629299963
21,0,market_access,336,1981,0.46112150023221449
21,0,agriculture_share,68,1041,-0.73585209069909219
21,0,manufacturing_share,155,983,0.015596221275252651
21,0,mining_share,39,290,-0.80005318279387605
21,0,public_share,159,1606,-0.20842033191766482
21,1,total_rub,567,1993,-0.011088133951766896
21,1,health_pct,567,1993,-0.029156365282086271
21,1,marketplaces_pct,567,1993,-0.041808548277517343
21,1,horeca_pct,567,1993,0.13741762373559174
21,1,food_pct,567,1993,-0.036420391042728151
21,1,transport_pct,567,1993,0.084920810909497838
21,1,wage_total,548,1807,0.037442928685836208
21,1,population_total,525,1775,0.24713547358136201
21,1,market_access,567,1981,-0.077246449305583331
21,1,agriculture_share,326,1041,-0.35335545618127051
21,1,manufacturing_share,422,983,0.099555476675465562
21,1,mining_share,141,290,0.098778128007768862
21,1,public_share,523,1606,-0.083140382077560984
21,2,total_rub,962,1993,-0.22549649146059217
21,2,health_pct,962,1993,-0.012672908906351555
21,2,marketplaces_pct,962,1993,0.12491131783981717
21,2,horeca_pct,962,1993,-0.48580160329651134
21,2,food_pct,962,1993,0.1018782907868124
21,2,transport_pct,962,1993,-0.11556248683893648
21,2,wage_total,949,1807,-0.21523492135431882
21,2,population_total,943,1775,-0.64771104798927748
21,2,market_access,962,1981,-0.050876649275518063
21,2,agriculture_share,554,1041,0.36814016718601827
21,2,manufacturing_share,361,983,-0.068730352411440376
21,2,mining_share,66,290,-0.21125365518495848
21,2,public_share,809,1606,0.10536049902472945
21,3,total_rub,127,1993,0.2630878550609474
21,3,health_pct,127,1993,-0.1896116546778735
21,3,marketplaces_pct,127,1993,-0.55474725573019867
21,3,horeca_pct,127,1993,-0.04724102741885762
21,3,food_pct,127,1993,0.057923425455681209
21,3,transport_pct,127,1993,-0.1395978209929532
21,3,wage_total,127,1807,0.62766088052152091
21,3,population_total,125,1775,-0.55960733783668537
21,3,market_access,116,1981,-0.53616164412680745
21,3,agriculture_share,93,1041,-0.41632077138087542
21,3,manufacturing_share,45,983,-0.43595929409290562
21,3,mining_share,44,290,0.70947953004711528
21,3,public_share,115,1606,-0.074916444430723192
22,0,total_rub,337,1951,0.5552337145042483
22,0,health_pct,337,1951,0.15625909019295509
22,0,marketplaces_pct,337,1951,-0.07806944753067184
22,0,horeca_pct,337,1951,1.1450420711766791
22,0,food_pct,337,1951,-0.2490154034464801
22,0,transport_pct,337,1951,0.23792405107495249
22,0,wage_total,183,1765,0.55717315096704711
22,0,population_total,182,1733,2.95337768204933
22,0,market_access,336,1939,0.44540420440657308
22,0,agriculture_share,68,1001,-0.72716063083154814
22,0,manufacturing_share,155,955,-6.2713075538228525e-05
22,0,mining_share,39,290,-0.80005318279387605
22,0,public_share,159,1581,-0.20693332552503277
22,1,total_rub,569,1951,-0.022248910703777085
22,1,health_pct,569,1951,-0.0261135297497989
22,1,marketplaces_pct,569,1951,-0.045075605243846038
22,1,horeca_pct,569,1951,0.12361397777570064
22,1,food_pct,569,1951,-0.032587377217250711
22,1,transport_pct,569,1951,0.084308118327820675
22,1,wage_total,550,1765,0.027204180224859143
22,1,population_total,527,1733,0.21834171716445561
22,1,market_access,569,1939,-0.079878466145515664
22,1,agriculture_share,327,1001,-0.32581792996415715
22,1,manufacturing_share,417,955,0.082437178788834553
22,1,mining_share,141,290,0.098778128007768862
22,1,public_share,524,1581,-0.077589645794092332
22,2,total_rub,919,1951,-0.22582326418000234
22,2,health_pct,919,1951,-0.014737009091593799
22,2,marketplaces_pct,919,1951,0.13266442348881999
22,2,horeca_pct,919,1951,-0.48906830313209848
22,2,food_pct,919,1951,0.10327801752758764
22,2,transport_pct,919,1951,-0.1199226436357502
22,2,wage_total,906,1765,-0.21585764926927709
22,2,population_total,900,1733,-0.64750866180579358
22,2,market_access,919,1939,-0.045424179133363309
22,2,agriculture_share,514,1001,0.37396583746577172
22,2,manufacturing_share,338,955,-0.042176718808982959
22,2,mining_share,66,290,-0.21125365518495848
22,2,public_share,783,1581,0.10452020750965184
22,3,total_rub,126,1951,0.26251943003126638
22,3,health_pct,126,1951,-0.19251907628742457
22,3,marketplaces_pct,126,1951,-0.55524747606857772
22,3,horeca_pct,126,1951,-0.05366476795647461
22,3,food_pct,126,1951,0.059904051509735094
22,3,transport_pct,126,1951,-0.14240329396456139
22,3,wage_total,126,1765,0.62414321021685004
22,3,population_total,124,1733,-0.56308893107606439
22,3,market_access,115,1939,-0.54313169408912643
22,3,agriculture_share,92,1001,-0.39379407024545793
22,3,manufacturing_share,45,955,-0.44690782379554267
22,3,mining_share,44,290,0.70947953004711528
22,3,public_share,115,1581,-0.071999559351938386
24,0,total_rub,337,1965,0.56793919944892024
24,0,health_pct,337,1965,0.15365063398199047
24,0,marketplaces_pct,337,1965,-0.076113794508263943
24,0,horeca_pct,337,1965,1.157238874440339
24,0,food_pct,337,1965,-0.25138224858351682
24,0,transport_pct,337,1965,0.23694187281273207
24,0,wage_total,183,1779,0.57765987043002798
24,0,population_total,182,1747,2.9554117519447445
24,0,market_access,336,1957,0.44772088059456622
24,0,agriculture_share,68,1023,-0.73723385441948119
24,0,manufacturing_share,155,969,0.0041219649860480198
24,0,mining_share,38,280,-0.79739417889844411
24,0,public_share,159,1580,-0.20931994768634224
24,1,total_rub,565,1965,-0.01881879076586343
24,1,health_pct,565,1965,-0.027363465878667375
24,1,marketplaces_pct,565,1965,-0.04426180123800888
24,1,horeca_pct,565,1965,0.13038135954678662
24,1,food_pct,565,1965,-0.034486344234570525
24,1,transport_pct,565,1965,0.087810479859059251
24,1,wage_total,546,1779,0.034065094663470283
24,1,population_total,523,1747,0.24217423299533014
24,1,market_access,565,1957,-0.074821048845668772
24,1,agriculture_share,326,1023,-0.35027750943810648
24,1,manufacturing_share,413,969,0.09500043685561145
24,1,mining_share,138,280,0.11205792885137976
24,1,public_share,520,1580,-0.080084582666836629
24,2,total_rub,941,1965,-0.22554236749008064
24,2,health_pct,941,1965,-0.01349363200924591
24,2,marketplaces_pct,941,1965,0.12602062362932315
24,2,horeca_pct,941,1965,-0.48436620698082994
24,2,food_pct,941,1965,0.1026076157438186
24,2,transport_pct,941,1965,-0.12064859073329047
24,2,wage_total,928,1779,-0.21544724956054567
24,2,population_total,922,1747,-0.64538662886778542
24,2,market_access,941,1957,-0.048759649311712297
24,2,agriculture_share,540,1023,0.36945583265372645
24,2,manufacturing_share,361,969,-0.061803706386384299
24,2,mining_share,65,280,-0.19920749479769773
24,2,public_share,791,1580,0.10207061894134281
24,3,total_rub,122,1965,0.25797110144748131
24,3,health_pct,122,1965,-0.19362621073593073
24,3,marketplaces_pct,122,1965,-0.55677983923305785
24,3,horeca_pct,122,1965,-0.064478426732521826
24,3,food_pct,122,1965,0.062678982379048606
24,3,transport_pct,122,1965,-0.13059023260846711
24,3,wage_total,122,1779,0.61986680014128537
24,3,population_total,120,1747,-0.57912992412002551
24,3,market_access,115,1957,-0.54154341982304277
24,3,agriculture_share,89,1023,-0.39532336467039092
24,3,manufacturing_share,40,969,-0.43907367471800079
24,3,mining_share,39,280,0.71244799432053385
24,3,public_share,110,1580,-0.052836408306535548
25,0,total_rub,334,1983,0.57083260855947493
25,0,health_pct,334,1983,0.15551600733427207
25,0,marketplaces_pct,334,1983,-0.077152271590838858
25,0,horeca_pct,334,1983,1.1737374086461887
25,0,food_pct,334,1983,-0.25230493074942101
25,0,transport_pct,334,1983,0.2385615380667172
25,0,wage_total,180,1797,0.57925115084605105
25,0,population_total,179,1765,3.0401892330929363
25,0,market_access,333,1971,0.4566391303432199
25,0,agriculture_share,65,1035,-0.75021396473732704
25,0,manufacturing_share,152,974,0.021181904499391647
25,0,mining_share,38,286,-0.79534809924753991
25,0,public_share,156,1598,-0.20928340765929868
25,1,total_rub,567,1983,-0.015726946158338397
25,1,health_pct,567,1983,-0.027297558526995926
25,1,marketplaces_pct,567,1983,-0.042759236332330579
25,1,horeca_pct,567,1983,0.13830103556847717
25,1,food_pct,567,1983,-0.036221344999099431
25,1,transport_pct,567,1983,0.087743601715070951
25,1,wage_total,548,1797,0.034613851582023597
25,1,population_total,525,1765,0.24995864357212944
25,1,market_access,567,1971,-0.07171534864669768
25,1,agriculture_share,331,1035,-0.34466255666700196
25,1,manufacturing_share,417,974,0.094292602083225624
25,1,mining_share,141,286,0.098358010854468589
25,1,public_share,523,1598,-0.081816752535465859
25,2,total_rub,967,1983,-0.22354282044252513
25,2,health_pct,967,1983,-0.013308212922038216
25,2,marketplaces_pct,967,1983,0.11927338005380979
25,2,horeca_pct,967,1983,-0.48528403689904948
25,2,food_pct,967,1983,0.10193276529254608
25,2,transport_pct,967,1983,-0.11643254307652243
25,2,wage_total,954,1797,-0.21178510362155642
25,2,population_total,948,1765,-0.64698896839641984
25,2,market_access,967,1971,-0.057507884254303351
25,2,agriculture_share,553,1035,0.36569251464055441
25,2,manufacturing_share,365,974,-0.062672017856960707
25,2,mining_share,65,286,-0.215528141456615
25,2,public_share,813,1598,0.10293800287735415
25,3,total_rub,115,1983,0.2993477789637829
25,3,health_pct,115,1983,-0.2051790336454718
25,3,marketplaces_pct,115,1983,-0.56803489391532735
25,3,horeca_pct,115,1983,-0.010220156293676596
25,3,food_pct,115,1983,0.054246656060034072
25,3,transport_pct,115,1983,-0.14643397158027502
25,3,wage_total,115,1797,0.68529905248458067
25,3,population_total,113,1765,-0.54935060671856184
25,3,market_access,104,1971,-0.53642407353561194
25,3,agriculture_share,86,1035,-0.45791565850607729
25,3,manufacturing_share,40,974,-0.49160945087054969
25,3,mining_share,42,286,0.72295422465729564
25,3,public_share,106,1598,-0.077832294041410441
26,0,total_rub,333,1983,0.57096402065622287
26,0,health_pct,333,1983,0.15833903721803866
26,0,marketplaces_pct,333,1983,-0.074817068134551024
26,0,horeca_pct,333,1983,1.1760640283004218
26,0,food_pct,333,1983,-0.25284850113859203
26,0,transport_pct,333,1983,0.23956314177136939
26,0,wage_total,179,1798,0.58317410971178618
26,0,population_total,178,1766,3.1015764439531521
26,0,market_access,332,1971,0.46460776697789791
26,0,agriculture_share,66,1024,-0.75893764895791138
26,0,manufacturing_share,152,973,0.021077704394599609
26,0,mining_share,38,287,-0.79607276730678167
26,0,public_share,155,1596,-0.22294450439870914
26,1,total_rub,571,1983,-0.016640051033110618
26,1,health_pct,571,1983,-0.026408246681823493
26,1,marketplaces_pct,571,1983,-0.043872946021422984
26,1,horeca_pct,571,1983,0.13397185789650787
26,1,food_pct,571,1983,-0.035621831220992863
26,1,transport_pct,571,1983,0.08604528049311766
26,1,wage_total,553,1798,0.032748981221233577
26,1,population_total,530,1766,0.23985548892156108
26,1,market_access,571,1971,-0.075420057922437361
26,1,agriculture_share,328,1024,-0.33313259763116959
26,1,manufacturing_share,420,973,0.089854360349020862
26,1,mining_share,140,287,0.099515693512572861
26,1,public_share,527,1596,-0.07837549212292591
26,2,total_rub,952,1983,-0.22509793967965663
26,2,health_pct,952,1983,-0.014471935730001417
26,2,marketplaces_pct,952,1983,0.12615153515862387
26,2,horeca_pct,952,1983,-0.48524326515061367
26,2,food_pct,952,1983,0.10241267670204994
26,2,transport_pct,952,1983,-0.11692337081101421
26,2,wage_total,939,1798,-0.21529088935474402
26,2,population_total,933,1766,-0.65371432945173558
26,2,market_access,952,1971,-0.051336595587327623
26,2,agriculture_share,537,1024,0.36667980604003236
26,2,manufacturing_share,356,973,-0.05870876797895426
26,2,mining_share,65,287,-0.22288995084634167
26,2,public_share,799,1596,0.10573501911014084
26,3,total_rub,127,1983,0.26506841603477987
26,3,health_pct,127,1983,-0.18795675372696288
26,3,marketplaces_pct,127,1983,-0.55221043782655099
26,3,horeca_pct,127,1983,-0.048627274484741037
26,3,food_pct,127,1983,0.055446836897532249
26,3,transport_pct,127,1983,-0.13854592408937569
26,3,wage_total,127,1798,0.62724246338860346
26,3,population_total,125,1766,-0.55430837418895396
26,3,market_access,116,1971,-0.53717660830874281
26,3,agriculture_share,93,1024,-0.40375998913173827
26,3,manufacturing_share,45,973,-0.44538491142356013
26,3,mining_share,44,287,0.70014579252067477
26,3,public_share,115,1596,-0.074973893377570294
27,0,total_rub,337,2000,0.57033638011314081
27,0,health_pct,337,2000,0.15379977487763616
27,0,marketplaces_pct,337,2000,-0.078182182438841022
27,0,horeca_pct,337,2000,1.173189942110914
27,0,food_pct,337,2000,-0.25132561771967354
27,0,transport_pct,337,2000,0.23714704673343878
27,0,wage_total,183,1814,0.57689774854255038
27,0,population_total,182,1782,3.0377259952881457
27,0,market_access,336,1989,0.45533020763716275
27,0,agriculture_share,68,1039,-0.73879781410636602
27,0,manufacturing_share,155,988,0.015121009614614095
27,0,mining_share,38,285,-0.79346299418493071
27,0,public_share,159,1612,-0.21031811698412847
27,1,total_rub,580,2000,-0.013545582289830521
27,1,health_pct,580,2000,-0.02786880273287979
27,1,marketplaces_pct,580,2000,-0.047320166842468189
27,1,horeca_pct,580,2000,0.13538939848818035
27,1,food_pct,580,2000,-0.035037758576357242
27,1,transport_pct,580,2000,0.084593122009530716
27,1,wage_total,561,1814,0.037609293259885081
27,1,population_total,538,1782,0.23831429720169406
27,1,market_access,580,1989,-0.07787747193737693
27,1,agriculture_share,334,1039,-0.34948052733633872
27,1,manufacturing_share,427,988,0.093523599926657569
27,1,mining_share,141,285,0.11012414957715246
27,1,public_share,535,1612,-0.079346530779123708
27,2,total_rub,970,2000,-0.22264506035910567
27,2,health_pct,970,2000,-0.014291052246312897
27,2,marketplaces_pct,970,2000,0.12080404286790461
27,2,horeca_pct,970,2000,-0.48390101869184332
27,2,food_pct,970,2000,0.10220434196186495
27,2,transport_pct,970,2000,-0.11763011722259012
27,2,wage_total,957,1814,-0.21048130259159561
27,2,population_total,951,1782,-0.64546176274804556
27,2,market_access,970,1989,-0.05376927992050029
27,2,agriculture_share,556,1039,0.36042872394984204
27,2,manufacturing_share,367,988,-0.065961840687376094
27,2,mining_share,66,285,-0.2031090327057416
27,2,public_share,816,1612,0.10250087637239431
27,3,total_rub,113,2000,0.27981226706465195
27,3,health_pct,113,2000,-0.19295838822805
27,3,marketplaces_pct,113,2000,-0.56094539231280161
27,3,horeca_pct,113,2000,-0.03988383613659064
27,3,food_pct,113,2000,0.052039127812461575
27,3,transport_pct,113,2000,-0.13169337883880161
27,3,wage_total,113,1814,0.66158854051393501
27,3,population_total,111,1782,-0.60581159156362885
27,3,market_access,103,1989,-0.54044480116041727
27,3,agriculture_share,81,1039,-0.41276077810546014
27,3,manufacturing_share,39,988,-0.46334200324823033
27,3,mining_share,40,285,0.70073212118069539
27,3,public_share,102,1612,-0.075977848554570696
28,0,total_rub,337,1997,0.56906446389437348
28,0,health_pct,337,1997,0.15464881411092699
28,0,marketplaces_pct,337,1997,-0.079096761576912894
28,0,horeca_pct,337,1997,1.1734552963475477
28,0,food_pct,337,1997,-0.25182776960125236
28,0,transport_pct,337,1997,0.2373368845678365
28,0,wage_total,183,1811,0.5798626013894006
28,0,population_total,182,1779,3.0491963825724508
28,0,market_access,336,1985,0.45311050165612354
28,0,agriculture_share,68,1037,-0.76018612528211127
28,0,manufacturing_share,156,990,0.0097631659356894919
28,0,mining_share,39,286,-0.79662656233173645
28,0,public_share,159,1611,-0.21212920081918865
28,1,total_rub,577,1997,-0.01496159549695557
28,1,health_pct,577,1997,-0.027157855844078579
28,1,marketplaces_pct,577,1997,-0.046564380359069582
28,1,horeca_pct,577,1997,0.13494067107694077
28,1,food_pct,577,1997,-0.035849563535640172
28,1,transport_pct,577,1997,0.086326158137436923
28,1,wage_total,558,1811,0.034175117617659206
28,1,population_total,535,1779,0.22879122130965993
28,1,market_access,577,1985,-0.076547301474012924
28,1,agriculture_share,332,1037,-0.34622156631810785
28,1,manufacturing_share,426,990,0.094189371669637575
28,1,mining_share,141,286,0.11760861338079383
28,1,public_share,532,1611,-0.079457022019891174
28,2,total_rub,971,1997,-0.22342013150462248
28,2,health_pct,971,1997,-0.013948471233853822
28,2,marketplaces_pct,971,1997,0.11942339218796401
28,2,horeca_pct,971,1997,-0.48413895945422153
28,2,food_pct,971,1997,0.101714575372107
28,2,transport_pct,971,1997,-0.11716385935101625
28,2,wage_total,958,1811,-0.21010275669389725
28,2,population_total,952,1779,-0.64963534997317107
28,2,market_access,971,1985,-0.055373294811087451
28,2,agriculture_share,556,1037,0.36487525685993571
28,2,manufacturing_share,367,990,-0.066529260680736557
28,2,mining_share,66,286,-0.19773638893212903
28,2,public_share,817,1611,0.10326295949258174
28,3,total_rub,112,1997,0.30177735678864254
28,3,health_pct,112,1997,-0.20448751754711378
28,3,marketplaces_pct,112,1997,-0.55747194371348163
28,3,horeca_pct,112,1997,-0.028716718307761784
28,3,food_pct,112,1997,0.060591998476519165
28,3,transport_pct,112,1997,-0.14309478495379899
28,3,wage_total,112,1811,0.67940954667713838
28,3,population_total,110,1779,-0.53549265322177364
28,3,market_access,101,1985,-0.53772144895431551
28,3,agriculture_share,81,1037,-0.44731390465838206
28,3,manufacturing_share,41,990,-0.420280184083
28,3,mining_share,40,286,0.6884055778441579
28,3,public_share,103,1611,-0.081224847190351876
29,0,total_rub,338,1994,0.56812217517206998
29,0,health_pct,338,1994,0.15313403834748873
29,0,marketplaces_pct,338,1994,-0.076146163193280755
29,0,horeca_pct,338,1994,1.1705885380394168
29,0,food_pct,338,1994,-0.25097660897118385
29,0,transport_pct,338,1994,0.236601402958769
29,0,wage_total,184,1813,0.57291010915293283
29,0,population_total,183,1781,3.0366769033001639
29,0,market_access,337,1982,0.45595500424635527
29,0,agriculture_share,69,1041,-0.73908895802805885
29,0,manufacturing_share,156,991,0.010233485362866428
29,0,mining_share,39,289,-0.80048692762033258
29,0,public_share,160,1611,-0.2085433959706699
29,1,total_rub,574,1994,-0.017400101863085559
29,1,health_pct,574,1994,-0.027449911174132008
29,1,marketplaces_pct,574,1994,-0.04349851134388158
29,1,horeca_pct,574,1994,0.13118126715676715
29,1,food_pct,574,1994,-0.034593616621513931
29,1,transport_pct,574,1994,0.085734267422451285
29,1,wage_total,559,1813,0.034639584888256879
29,1,population_total,536,1781,0.22882196961521437
29,1,market_access,574,1982,-0.075146605384565301
29,1,agriculture_share,333,1041,-0.34597508333705163
29,1,manufacturing_share,427,991,0.09336831720465584
29,1,mining_share,141,289,0.096394547538189407
29,1,public_share,534,1611,-0.077873597567041958
29,2,total_rub,956,1994,-0.22620744132303353
29,2,health_pct,956,1994,-0.012114425502042465
29,2,marketplaces_pct,956,1994,0.12603635748113445
29,2,horeca_pct,956,1994,-0.48669323543807275
29,2,food_pct,956,1994,0.10209360936239417
29,2,transport_pct,956,1994,-0.1167106387777241
29,2,wage_total,944,1813,-0.21692825414253639
29,2,population_total,938,1781,-0.64925455747473526
29,2,market_access,956,1982,-0.050673382119462963
29,2,agriculture_share,547,1041,0.37322838851009926
29,2,manufacturing_share,364,991,-0.061935659298771532
29,2,mining_share,65,289,-0.20656264339252189
29,2,public_share,803,1611,0.10372614601452808
29,3,total_rub,126,1994,0.27156092988945307
29,3,health_pct,126,1994,-0.19382273942497497
29,3,marketplaces_pct,126,1994,-0.55385086572418829
29,3,horeca_pct,126,1994,-0.0450653978294396
29,3,food_pct,126,1994,0.056232850972701934
29,3,transport_pct,126,1994,-0.13974105578608634
29,3,wage_total,126,1813,0.6349308243958659
29,3,population_total,124,1781,-0.559352210535349
29,3,market_access,115,1982,-0.53981679681804062
29,3,agriculture_share,92,1041,-0.41249008325924008
29,3,manufacturing_share,44,991,-0.43000261768732745
29,3,mining_share,44,289,0.70577115442777705
29,3,public_share,114,1611,-0.073163603452266759
30,0,total_rub,338,2005,0.56579501381485975
30,0,health_pct,338,2005,0.15526074381681651
30,0,marketplaces_pct,338,2005,-0.074640011597547615
30,0,horeca_pct,338,2005,1.1710792976341717
30,0,food_pct,338,2005,-0.25147357656127006
30,0,transport_pct,338,2005,0.23946282198511623
30,0,wage_total,184,1819,0.57008019467464166
30,0,population_total,183,1787,3.074189695896159
30,0,market_access,337,1993,0.45741404191668955
30,0,agriculture_share,69,1045,-0.73907176035729061
30,0,manufacturing_share,156,990,0.012515192552371563
30,0,mining_share,39,287,-0.80138760255575014
30,0,public_share,160,1616,-0.20906428577117628
30,1,total_rub,577,2005,-0.016275733289412894
30,1,health_pct,577,2005,-0.026941945132577524
30,1,marketplaces_pct,577,2005,-0.042604979684922696
30,1,horeca_pct,577,2005,0.1326465259548284
30,1,food_pct,577,2005,-0.035117655868254667
30,1,transport_pct,577,2005,0.085498051905968292
30,1,wage_total,558,1819,0.033550864028669448
30,1,population_total,535,1787,0.22357019427835725
30,1,market_access,577,1993,-0.074588261557492694
30,1,agriculture_share,333,1045,-0.34540912460468354
30,1,manufacturing_share,425,990,0.097600803530611513
30,1,mining_share,139,287,0.10314347970909603
30,1,public_share,532,1616,-0.079354922246561932
30,2,total_rub,963,2005,-0.22398146696076923
30,2,health_pct,963,2005,-0.013208767790335975
30,2,marketplaces_pct,963,2005,0.12470676455993095
30,2,horeca_pct,963,2005,-0.48416108612604314
30,2,food_pct,963,2005,0.10174002356781361
30,2,transport_pct,963,2005,-0.11683941841157866
30,2,wage_total,950,1819,-0.21466510639889902
30,2,population_total,944,1787,-0.64880324722713889
30,2,market_access,963,1993,-0.050696143184694765
30,2,agriculture_share,550,1045,0.37214376371879931
30,2,manufacturing_share,364,990,-0.064952279474790417
30,2,mining_share,65,287,-0.21227595534056679
30,2,public_share,809,1616,0.10429078903840011
30,3,total_rub,127,2005,0.26650815843928544
30,3,health_pct,127,2005,-0.19065028099600939
30,3,marketplaces_pct,127,2005,-0.55339541002395265
30,3,horeca_pct,127,2005,-0.048147418400839116
30,3,food_pct,127,2005,0.05736467415659461
30,3,transport_pct,127,2005,-0.1397988177193917
30,3,wage_total,127,1819,0.63240719000647494
30,3,population_total,125,1787,-0.55773202324399263
30,3,market_access,116,1993,-0.53698895965853277
30,3,agriculture_share,93,1045,-0.41571914072394567
30,3,manufacturing_share,45,990,-0.4397795957745822
30,3,mining_share,44,287,0.698070679937426
30,3,public_share,115,1616,-0.075688208465273549
33,0,total_rub,338,1998,0.56729780541233754
33,0,health_pct,338,1998,0.15460373173072151
33,0,marketplaces_pct,338,1998,-0.074755847675475579
33,0,horeca_pct,338,1998,1.1705142074315711
33,0,food_pct,338,1998,-0.25143160685562355
33,0,transport_pct,338,1998,0.23709127727872295
33,0,wage_total,184,1812,0.56939925439596473
33,0,population_total,183,1780,3.074464650691648
33,0,market_access,337,1986,0.46156309934444784
33,0,agriculture_share,69,1042,-0.73984877636279234
33,0,manufacturing_share,156,979,0.029239770308585305
33,0,mining_share,39,289,-0.80068403633775598
33,0,public_share,160,1610,-0.21139708108247629
33,1,total_rub,571,1998,-0.016771606235584963
33,1,health_pct,571,1998,-0.027620047579698617
33,1,marketplaces_pct,571,1998,-0.044847864734184617
33,1,horeca_pct,571,1998,0.13487288443949183
33,1,food_pct,571,1998,-0.035369051891230512
33,1,transport_pct,571,1998,0.08629763532858041
33,1,wage_total,552,1812,0.033961535131926034
33,1,population_total,529,1780,0.22411789707351631
33,1,market_access,571,1986,-0.077507610193112392
33,1,agriculture_share,330,1042,-0.34350756480123185
33,1,manufacturing_share,418,979,0.092427630416922049
33,1,mining_share,140,289,0.10252773941450447
33,1,public_share,526,1610,-0.07771331443874005
33,2,total_rub,962,1998,-0.22470996017778394
33,2,health_pct,962,1998,-0.012696436493319571
33,2,marketplaces_pct,962,1998,0.12595002534102448
33,2,horeca_pct,962,1998,-0.48492726910195705
33,2,food_pct,962,1998,0.10175339790263374
33,2,transport_pct,962,1998,-0.11585168922775568
33,2,wage_total,949,1812,-0.2146912865859798
33,2,population_total,943,1780,-0.64843332623512939
33,2,market_access,962,1986,-0.05109366182655227
33,2,agriculture_share,550,1042,0.36951046376371849
33,2,manufacturing_share,360,979,-0.066173571142866539
33,2,mining_share,66,289,-0.21374223406709214
33,2,public_share,809,1610,0.10348379557242371
33,3,total_rub,127,1998,0.26772370568643278
33,3,health_pct,127,1998,-0.19111056890080427
33,3,marketplaces_pct,127,1998,-0.55345131575224848
33,3,horeca_pct,127,1998,-0.048395167328650221
33,3,food_pct,127,1998,0.057423960352439976
33,3,transport_pct,127,1998,-0.14144469650178515
33,3,wage_total,127,1812,0.63169921864893075
33,3,population_total,125,1780,-0.55770217590987781
33,3,market_access,116,1986,-0.5356708308764494
33,3,agriculture_share,93,1042,-0.41745906576995623
33,3,manufacturing_share,45,979,-0.43052595713290731
33,3,mining_share,44,289,0.70408593971749855
33,3,public_share,115,1610,-0.07841438478362818
34,0,total_rub,337,1981,0.56344192579491925
34,0,health_pct,337,1981,0.15709615998053963
34,0,marketplaces_pct,337,1981,-0.071783880540573816
34,0,horeca_pct,337,1981,1.1604544382515085
34,0,food_pct,337,1981,-0.25171551741828763
34,0,transport_pct,337,1981,0.23995252039506973
34,0,wage_total,183,1795,0.56714203444528177
34,0,population_total,182,1763,3.0008054103368611
34,0,market_access,336,1969,0.45993739356828028
34,0,agriculture_share,68,1025,-0.73568366387371309
34,0,manufacturing_share,155,975,0.011265980451589224
34,0,mining_share,38,283,-0.79887932736308842
34,0,public_share,159,1592,-0.20844652438940495
34,1,total_rub,574,1981,-0.017966556448387287
34,1,health_pct,574,1981,-0.026570864944412648
34,1,marketplaces_pct,574,1981,-0.040728057605912943
34,1,horeca_pct,574,1981,0.12929499300312386
34,1,food_pct,574,1981,-0.035260637814777139
34,1,transport_pct,574,1981,0.087132617947937197
34,1,wage_total,555,1795,0.031673583091196438
34,1,population_total,532,1763,0.23089063386885622
34,1,market_access,574,1969,-0.075293321403451866
34,1,agriculture_share,328,1025,-0.34245978021444495
34,1,manufacturing_share,421,975,0.090929637465677546
34,1,mining_share,140,283,0.086763906127004839
34,1,public_share,529,1592,-0.076984013705352919
34,2,total_rub,943,1981,-0.22590479714234221
34,2,health_pct,943,1981,-0.014468907667521121
34,2,marketplaces_pct,943,1981,0.1247863988560776
34,2,horeca_pct,943,1981,-0.48622975887498032
34,2,food_pct,943,1981,0.10368410199829045
34,2,transport_pct,943,1981,-0.11999879488983771
34,2,wage_total,930,1795,-0.2160182883310629
34,2,population_total,924,1763,-0.64869650753773134
34,2,market_access,943,1969,-0.052038140527806268
34,2,agriculture_share,536,1025,0.37484298100039931
34,2,manufacturing_share,354,975,-0.057034156141216694
34,2,mining_share,61,283,-0.1913978320468753
34,2,public_share,789,1592,0.10452612893864584
34,3,total_rub,127,1981,0.26347321349382025
34,3,health_pct,127,1981,-0.18933503547146949
34,3,marketplaces_pct,127,1981,-0.55200394734892655
34,3,horeca_pct,127,1981,-0.053337079176733276
34,3,food_pct,127,1981,0.057430136151629799
34,3,transport_pct,127,1981,-0.13952172042628061
34,3,wage_total,127,1795,0.62622974195896097
34,3,population_total,125,1763,-0.55667863147741303
34,3,market_access,116,1969,-0.53662613134171866
34,3,agriculture_share,93,1025,-0.4146509759404669
34,3,manufacturing_share,45,975,-0.44083362375679647
34,3,mining_share,44,283,0.67922125765627273
34,3,public_share,115,1592,-0.074813696561257415
35,0,total_rub,338,1991,0.56547643244554946
35,0,health_pct,338,1991,0.15180789721675778
35,0,marketplaces_pct,338,1991,-0.076475041356908371
35,0,horeca_pct,338,1991,1.1653656318863792
35,0,food_pct,338,1991,-0.25058471240109226
35,0,transport_pct,338,1991,0.23788145394263779
35,0,wage_total,184,1805,0.56840958850429835
35,0,population_total,183,1773,3.0263212058170343
35,0,market_access,337,1979,0.45820906105213749
35,0,agriculture_share,69,1033,-0.73711160858669178
35,0,manufacturing_share,156,984,0.011459057263715261
35,0,mining_share,39,290,-0.80005318279387605
35,0,public_share,160,1603,-0.20961882120760011
35,1,total_rub,575,1991,-0.016553890283864975
35,1,health_pct,575,1991,-0.027879623536276838
35,1,marketplaces_pct,575,1991,-0.043860922363396733
35,1,horeca_pct,575,1991,0.12951117365371356
35,1,food_pct,575,1991,-0.034515292242522887
35,1,transport_pct,575,1991,0.085949579666755205
35,1,wage_total,556,1805,0.033107665794933391
35,1,population_total,533,1773,0.22810557245304031
35,1,market_access,575,1979,-0.07604739199444209
35,1,agriculture_share,330,1033,-0.35640076739385296
35,1,manufacturing_share,422,984,0.097137092284346208
35,1,mining_share,141,290,0.098778128007768862
35,1,public_share,531,1603,-0.079196715627406655
35,2,total_rub,951,1991,-0.22652613780703679
35,2,health_pct,951,1991,-0.011314919792727356
35,2,marketplaces_pct,951,1991,0.1277205964923584
35,2,horeca_pct,951,1991,-0.48573044214647038
35,2,food_pct,951,1991,0.10210215601556677
35,2,transport_pct,951,1991,-0.11769832703287669
35,2,wage_total,938,1805,-0.21651423271410147
35,2,population_total,932,1773,-0.64917490422124646
35,2,market_access,951,1979,-0.050923009738924087
35,2,agriculture_share,541,1033,0.38211947155411047
35,2,manufacturing_share,361,984,-0.063609662278025836
35,2,mining_share,66,290,-0.21125365518495848
35,2,public_share,797,1603,0.10586089935782005
35,3,total_rub,127,1991,0.26625047087495013
35,3,health_pct,127,1991,-0.19306926774032529
35,3,marketplaces_pct,127,1991,-0.55428104666649658
35,3,horeca_pct,127,1991,-0.050652424781010251
35,3,food_pct,127,1991,0.058620279214300172
35,3,transport_pct,127,1991,-0.14089630498212546
35,3,wage_total,127,1805,0.63067026629175826
35,3,population_total,125,1773,-0.56292832038228835
35,3,market_access,116,1979,-0.53673638720732253
35,3,agriculture_share,93,1033,-0.41132989116473656
35,3,manufacturing_share,45,984,-0.44036395099480985
35,3,mining_share,44,290,0.70947953004711528
35,3,public_share,115,1603,-0.07633625562446672
37,0,total_rub,338,1990,0.56361881085083387
37,0,health_pct,338,1990,0.15286046669094369
37,0,marketplaces_pct,338,1990,-0.073670553315382387
37,0,horeca_pct,338,1990,1.1632649335852387
37,0,food_pct,338,1990,-0.25062927041096089
37,0,transport_pct,338,1990,0.23464047425989629
37,0,wage_total,184,1804,0.56360466726871394
37,0,population_total,183,1772,3.0411873125990856
37,0,market_access,337,1978,0.46200950511113392
37,0,agriculture_share,69,1048,-0.73866636687164133
37,0,manufacturing_share,156,984,0.017869485121256381
37,0,mining_share,39,290,-0.80005318279387605
37,0,public_share,160,1604,-0.20811825141430684
37,1,total_rub,574,1990,-0.017730139662185708
37,1,health_pct,574,1990,-0.028193797940446949
37,1,marketplaces_pct,574,1990,-0.041765562842128096
37,1,horeca_pct,574,1990,0.12991463759307714
37,1,food_pct,574,1990,-0.034289475138438372
37,1,transport_pct,574,1990,0.083805057978601161
37,1,wage_total,555,1804,0.032015478949591378
37,1,population_total,532,1772,0.22051504222606869
37,1,market_access,574,1978,-0.076068801571109665
37,1,agriculture_share,332,1048,-0.34236543436709377
37,1,manufacturing_share,421,984,0.097474013403736598
37,1,mining_share,141,290,0.098778128007768862
37,1,public_share,530,1604,-0.077897418457435905
37,2,total_rub,951,1990,-0.22497270582083118
37,2,health_pct,951,1990,-0.01162718333239938
37,2,marketplaces_pct,951,1990,0.12523225597512458
37,2,horeca_pct,951,1990,-0.48496816520035591
37,2,food_pct,951,1990,0.10195380689345143
37,2,transport_pct,951,1990,-0.11486129835516937
37,2,wage_total,938,1804,-0.21421377878543441
37,2,population_total,932,1772,-0.64773279163793551
37,2,market_access,951,1978,-0.05248406507460638
37,2,agriculture_share,554,1048,0.36680642726882395
37,2,manufacturing_share,362,984,-0.066760857330874529
37,2,mining_share,66,290,-0.21125365518495848
37,2,public_share,799,1604,0.10408204759246302
37,3,total_rub,127,1990,0.26474791601671982
37,3,health_pct,127,1990,-0.19233186121740478
37,3,marketplaces_pct,127,1990,-0.55292752236506137
37,3,horeca_pct,127,1990,-0.051573420666918425
37,3,food_pct,127,1990,0.058557336792883177
37,3,transport_pct,127,1990,-0.14314558144721268
37,3,wage_total,127,1804,0.62567460556118759
37,3,population_total,125,1772,-0.56131455090676319
37,3,market_access,116,1978,-0.53552901064382974
37,3,agriculture_share,93,1048,-0.41481136755817266
37,3,manufacturing_share,45,984,-0.43681708818028092
37,3,mining_share,44,290,0.70947953004711528
37,3,public_share,115,1604,-0.074582643631721984
38,0,total_rub,336,1977,0.56876029673678918
38,0,health_pct,336,1977,0.15307894942881684
38,0,marketplaces_pct,336,1977,-0.076037213332518963
38,0,horeca_pct,336,1977,1.1691425034461429
38,0,food_pct,336,1977,-0.25213348023754284
38,0,transport_pct,336,1977,0.24007370788778645
38,0,wage_total,182,1792,0.58095685800752961
38,0,population_total,181,1760,3.0369302466771106
38,0,market_access,335,1965,0.44958244341196096
38,0,agriculture_share,67,1017,-0.73983594811316056
38,0,manufacturing_share,154,972,0.015532957442633288
38,0,mining_share,37,280,-0.79533591407900406
38,0,public_share,158,1595,-0.21149784140748801
38,1,total_rub,554,1977,-0.015079555365314013
38,1,health_pct,554,1977,-0.025673287199891589
38,1,marketplaces_pct,554,1977,-0.043518411943004223
38,1,horeca_pct,554,1977,0.14397113583305945
38,1,food_pct,554,1977,-0.036601068248968062
38,1,transport_pct,554,1977,0.084024884744472672
38,1,wage_total,536,1792,0.032715837540265497
38,1,population_total,513,1760,0.25160968730115402
38,1,market_access,554,1965,-0.064916640816129023
38,1,agriculture_share,310,1017,-0.33484168196599845
38,1,manufacturing_share,413,972,0.097800970143732124
38,1,mining_share,136,280,0.10389728155896555
38,1,public_share,513,1595,-0.0873437838485428
38,2,total_rub,961,1977,-0.22518595783270443
38,2,health_pct,961,1977,-0.013565992074935461
38,2,marketplaces_pct,961,1977,0.12427073871045557
38,2,horeca_pct,961,1977,-0.4855250474090414
38,2,food_pct,961,1977,0.10176284095732503
38,2,transport_pct,961,1977,-0.11457624860119191
38,2,wage_total,948,1792,-0.2144678948996625
38,2,population_total,942,1760,-0.64751401396506092
38,2,market_access,961,1965,-0.054599006775845338
38,2,agriculture_share,548,1017,0.3502017638528831
38,2,manufacturing_share,360,972,-0.063608637055257697
38,2,mining_share,64,280,-0.20657649216659207
38,2,public_share,810,1595,0.10605046232692389
38,3,total_rub,126,1977,0.26709777338136581
38,3,health_pct,126,1977,-0.19186196440737618
38,3,marketplaces_pct,126,1977,-0.55370219051267611
38,3,horeca_pct,126,1977,-0.047637459121668037
38,3,food_pct,126,1977,0.05714088102978903
38,3,transport_pct,126,1977,-0.13576807216657835
38,3,wage_total,126,1792,0.63528354988831226
38,3,population_total,124,1760,-0.55485437966904794
38,3,market_access,115,1965,-0.54066655668942865
38,3,agriculture_share,92,1017,-0.41891996367759526
38,3,manufacturing_share,45,972,-0.44188370612520089
38,3,mining_share,43,280,0.66321614017594666
38,3,public_share,114,1595,-0.067340828316864679
39,0,total_rub,334,1997,0.5704376997110745
39,0,health_pct,334,1997,0.15547846109327412
39,0,marketplaces_pct,334,1997,-0.074932587082317273
39,0,horeca_pct,334,1997,1.1810405096863421
39,0,food_pct,334,1997,-0.25247481020996726
39,0,transport_pct,334,1997,0.23889091889215827
39,0,wage_total,180,1812,0.58076770099880137
39,0,population_total,179,1780,3.0838945366625161
39,0,market_access,333,1985,0.46316130448369852
39,0,agriculture_share,66,1045,-0.7368720919415459
39,0,manufacturing_share,153,982,0.013510811433066901
39,0,mining_share,38,288,-0.796748194800873
39,0,public_share,156,1610,-0.2125308830508848
39,1,total_rub,568,1997,-0.013026925487569885
39,1,health_pct,568,1997,-0.026582964658692119
39,1,marketplaces_pct,568,1997,-0.041401154100249492
39,1,horeca_pct,568,1997,0.13915391894395329
39,1,food_pct,568,1997,-0.037476229159589765
39,1,transport_pct,568,1997,0.089173490249980128
39,1,wage_total,550,1812,0.037087404147073219
39,1,population_total,527,1780,0.25014496045448487
39,1,market_access,568,1985,-0.075027763147049245
39,1,agriculture_share,331,1045,-0.36397057321303788
39,1,manufacturing_share,419,982,0.097869785178241922
39,1,mining_share,140,288,0.098365890254633395
39,1,public_share,525,1610,-0.083139114429003791
39,2,total_rub,968,1997,-0.22424770945543002
39,2,health_pct,968,1997,-0.013048343831911925
39,2,marketplaces_pct,968,1997,0.12297624938648893
39,2,horeca_pct,968,1997,-0.48336513449276269
39,2,food_pct,968,1997,0.1015918103077105
39,2,transport_pct,968,1997,-0.11634643165288443
39,2,wage_total,955,1812,-0.21491873047039525
39,2,population_total,949,1780,-0.64694919904871384
39,2,market_access,968,1985,-0.050968414135033224
39,2,agriculture_share,555,1045,0.3736820781146763
39,2,manufacturing_share,365,982,-0.063913715448112321
39,2,mining_share,66,288,-0.21602024993314731
39,2,public_share,814,1610,0.10501799520893734
39,3,total_rub,127,1997,0.26728255689997665
39,3,health_pct,127,1997,-0.19055027755689477
39,3,marketplaces_pct,127,1997,-0.55509976213925816
39,3,horeca_pct,127,1997,-0.044169338633144595
39,3,food_pct,127,1997,0.057261514920569183
39,3,transport_pct,127,1997,-0.14028947662974428
39,3,wage_total,127,1812,0.63237109557915772
39,3,population_total,125,1780,-0.559109810598997
39,3,market_access,116,1985,-0.53689241416237632
39,3,agriculture_share,93,1045,-0.41167457582782352
39,3,manufacturing_share,45,982,-0.43880195556403728
39,3,mining_share,44,288,0.69914871050845917
39,3,public_share,115,1610,-0.075493871903566073
40,0,total_rub,336,1991,0.56764954504055065
40,0,health_pct,336,1991,0.15473460742583098
40,0,marketplaces_pct,336,1991,-0.072289038069298844
40,0,horeca_pct,336,1991,1.168093057356995
40,0,food_pct,336,1991,-0.25168882577319901
40,0,transport_pct,336,1991,0.23791020623201944
40,0,wage_total,182,1805,0.57123325567114069
40,0,population_total,181,1773,3.044624531498088
40,0,market_access,335,1979,0.46259629907914346
40,0,agriculture_share,68,1042,-0.73529214328816761
40,0,manufacturing_share,154,980,0.01515137248751865
40,0,mining_share,38,288,-0.79599925138650285
40,0,public_share,158,1615,-0.20938134889501403
40,1,total_rub,578,1991,-0.016528163756863296
40,1,health_pct,578,1991,-0.027215701151467295
40,1,marketplaces_pct,578,1991,-0.040003138272718355
40,1,horeca_pct,578,1991,0.13148567471609754
40,1,food_pct,578,1991,-0.034951189823851016
40,1,transport_pct,578,1991,0.085335847379425747
40,1,wage_total,559,1805,0.031303423300299768
40,1,population_total,536,1773,0.22886452349714756
40,1,market_access,578,1979,-0.073578490515016776
40,1,agriculture_share,333,1042,-0.34396620255588389
40,1,manufacturing_share,425,980,0.09956578906969879
40,1,mining_share,141,288,0.092326822963056582
40,1,public_share,533,1615,-0.079037144057428052
40,2,total_rub,950,1991,-0.2263803215840581
40,2,health_pct,950,1991,-0.012646898577403625
40,2,marketplaces_pct,950,1991,0.12368293123678492
40,2,horeca_pct,950,1991,-0.48634128025667334
40,2,food_pct,950,1991,0.10254863702201553
40,2,transport_pct,950,1991,-0.11720406178047384
40,2,wage_total,937,1805,-0.21510069341652224
40,2,population_total,931,1773,-0.64844124077596887
40,2,market_access,950,1979,-0.052950026855379723
40,2,agriculture_share,548,1042,0.37054520094522053
40,2,manufacturing_share,356,980,-0.070699589620114883
40,2,mining_share,65,288,-0.20839360455589553
40,2,public_share,809,1615,0.10402829859024482
40,3,total_rub,127,1991,0.26680580332832388
40,3,health_pct,127,1991,-0.19091022977163322
40,3,marketplaces_pct,127,1991,-0.5518728658427583
40,3,horeca_pct,127,1991,-0.050817094598545151
40,3,food_pct,127,1991,0.057858488244615251
40,3,transport_pct,127,1991,-0.14108732588831613
40,3,wage_total,127,1805,0.6306006580650878
40,3,population_total,125,1773,-0.5603970370655853
40,3,market_access,116,1979,-0.53567988932088262
40,3,agriculture_share,93,1042,-0.41417375186318428
40,3,manufacturing_share,45,980,-0.43288261806531103
40,3,mining_share,44,288,0.69944258661430303
40,3,public_share,115,1615,-0.07782471870858082
41,0,total_rub,336,2007,0.57094293609336977
41,0,health_pct,336,2007,0.15532734270154955
41,0,marketplaces_pct,336,2007,-0.075777602257996929
41,0,horeca_pct,336,2007,1.1760829619281103
41,0,food_pct,336,2007,-0.25192126929098946
41,0,transport_pct,336,2007,0.23763443132094589
41,0,wage_total,182,1821,0.57610238048705797
41,0,population_total,181,1789,3.0742647830772221
41,0,market_access,335,1997,0.46123175023188012
41,0,agriculture_share,67,1044,-0.75717668155859508
41,0,manufacturing_share,154,990,0.023745540318463088
41,0,mining_share,38,288,-0.79718136615349344
41,0,public_share,158,1618,-0.21261598524280079
41,1,total_rub,580,2007,-0.011862398437055085
41,1,health_pct,580,2007,-0.028167580178583108
41,1,marketplaces_pct,580,2007,-0.045884838070581302
41,1,horeca_pct,580,2007,0.13654775133279243
41,1,food_pct,580,2007,-0.035339766498328824
41,1,transport_pct,580,2007,0.084917387830367758
41,1,wage_total,561,1821,0.040539878607934787
41,1,population_total,538,1789,0.23030230075209429
41,1,market_access,580,1997,-0.076169058551308746
41,1,agriculture_share,334,1044,-0.3442082661613326
41,1,manufacturing_share,427,990,0.096925629791620838
41,1,mining_share,141,288,0.094220914301168412
41,1,public_share,535,1618,-0.079638263129641909
41,2,total_rub,971,2007,-0.22109883870858441
41,2,health_pct,971,2007,-0.014683112145767297
41,2,marketplaces_pct,971,2007,0.12199636900245488
41,2,horeca_pct,971,2007,-0.4834902581821704
41,2,food_pct,971,2007,0.10187982166474828
41,2,transport_pct,971,2007,-0.11743947830646415
41,2,wage_total,958,1821,-0.20817179467914892
41,2,population_total,952,1789,-0.64774623718410085
41,2,market_access,971,1997,-0.052547798118089725
41,2,agriculture_share,556,1044,0.37145458227392075
41,2,manufacturing_share,367,990,-0.063055981396172883
41,2,mining_share,66,288,-0.21452500320509008
41,2,public_share,817,1618,0.10260829401986406
41,3,total_rub,120,2007,0.24775280793462429
41,3,health_pct,120,2007,-0.17996240625502016
41,3,marketplaces_pct,120,2007,-0.55319994884799495
41,3,horeca_pct,120,2007,-0.040771085716479222
41,3,food_pct,120,2007,0.051810868452767403
41,3,transport_pct,120,2007,-0.12552933691561816
41,3,wage_total,120,1821,0.59862561795773928
41,3,population_total,118,1789,-0.53974699781644053
41,3,market_access,111,1997,-0.53433036392122235
41,3,agriculture_share,87,1044,-0.4693373469194142
41,3,manufacturing_share,42,990,-0.52148837994452024
41,3,mining_share,43,288,0.72479984206753478
41,3,public_share,108,1618,-0.070659071958406761
42,0,total_rub,337,1986,0.56816511334332453
42,0,health_pct,337,1986,0.15487903626355656
42,0,marketplaces_pct,337,1986,-0.076635833229948436
42,0,horeca_pct,337,1986,1.1733308871459804
42,0,food_pct,337,1986,-0.25167620235793087
42,0,transport_pct,337,1986,0.23961031234321839
42,0,wage_total,183,1800,0.57408427856218114
42,0,population_total,183,1798,3.0617998361038654
42,0,market_access,336,1974,0.45453335289020674
42,0,agriculture_share,68,1044,-0.7355238085437853
42,0,manufacturing_share,155,970,0.0021401589880653141
42,0,mining_share,38,274,-0.7860256595997015
42,0,public_share,159,1597,-0.21259772786576267
42,1,total_rub,557,1986,-0.016061458338443153
42,1,health_pct,557,1986,-0.026918507578034937
42,1,marketplaces_pct,557,1986,-0.042134571762885292
42,1,horeca_pct,557,1986,0.13900046079952563
42,1,food_pct,557,1986,-0.037517762970070034
42,1,transport_pct,557,1986,0.088493447952015733
42,1,wage_total,538,1800,0.031445514781026029
42,1,population_total,538,1798,0.23317315524019244
42,1,market_access,557,1974,-0.070606301455608228
42,1,agriculture_share,328,1044,-0.34947012801981714
42,1,manufacturing_share,405,970,0.11858810317386802
42,1,mining_share,126,274,0.050020843848239571
42,1,public_share,512,1597,-0.073940543250317584
42,2,total_rub,965,1986,-0.22437340684144827
42,2,health_pct,965,1986,-0.013423323887517595
42,2,marketplaces_pct,965,1986,0.12406939480663337
42,2,horeca_pct,965,1986,-0.4837127215369455
42,2,food_pct,965,1986,0.10195905979670172
42,2,transport_pct,965,1986,-0.11635621346858438
42,2,wage_total,952,1800,-0.21286748203557382
42,2,population_total,952,1798,-0.64692426904235933
42,2,market_access,965,1974,-0.052768263188721402
42,2,agriculture_share,555,1044,0.36637571168088884
42,2,manufacturing_share,365,970,-0.077452297306827692
42,2,mining_share,66,274,-0.17226084697447513
42,2,public_share,811,1597,0.099570968740040372
42,3,total_rub,127,1986,0.26767658818748158
42,3,health_pct,127,1986,-0.19092219644408254
42,3,marketplaces_pct,127,1986,-0.55458058045654757
42,3,horeca_pct,127,1986,-0.047661333467548819
42,3,food_pct,127,1986,0.057651822560112954
42,3,transport_pct,127,1986,-0.13980928954136337
42,3,wage_total,127,1800,0.63523411786452699
42,3,population_total,125,1798,-0.55907698718323873
42,3,market_access,116,1974,-0.53857002313120128
42,3,agriculture_share,93,1044,-0.41609353775715863
42,3,manufacturing_share,45,970,-0.44644039803498969
42,3,mining_share,44,274,0.79399010545967752
42,3,public_share,115,1597,-0.079056163246556371
43,0,total_rub,338,1973,0.55852256789789567
43,0,health_pct,338,1973,0.15413322484912148
43,0,marketplaces_pct,338,1973,-0.08011148615697665
43,0,horeca_pct,338,1973,1.1551856797147486
43,0,food_pct,338,1973,-0.24872705298511075
43,0,transport_pct,338,1973,0.23545398962440015
43,0,wage_total,184,1787,0.55988905443067172
43,0,population_total,183,1755,3.011501755593732
43,0,market_access,337,1961,0.45785939007045368
43,0,agriculture_share,69,1023,-0.73668121136173881
43,0,manufacturing_share,156,968,0.010925007934510846
43,0,mining_share,39,289,-0.80074083263582507
43,0,public_share,160,1585,-0.20640692168711275
43,1,total_rub,575,1973,-0.020235029183232646
43,1,health_pct,575,1973,-0.027514942350457199
43,1,marketplaces_pct,575,1973,-0.046531208063712255
43,1,horeca_pct,575,1973,0.12618220084321977
43,1,food_pct,575,1973,-0.032509018789791025
43,1,transport_pct,575,1973,0.081862707016109468
43,1,wage_total,556,1787,0.02824071318174216
43,1,population_total,533,1755,0.2080905218530526
43,1,market_access,575,1961,-0.075302694071246568
43,1,agriculture_share,331,1023,-0.34188226631054125
43,1,manufacturing_share,423,968,0.089179972015687489
43,1,mining_share,140,289,0.10280179820842811
43,1,public_share,530,1585,-0.07590763834707176
43,2,total_rub,936,1973,-0.22584359539927562
43,2,health_pct,936,1973,-0.012871889222241051
43,2,marketplaces_pct,936,1973,0.13066534612106045
43,2,horeca_pct,936,1973,-0.48907916530612289
43,2,food_pct,936,1973,0.1027673976546245
43,2,transport_pct,936,1973,-0.11613123522073449
43,2,wage_total,923,1787,-0.21520171833263402
43,2,population_total,917,1755,-0.64794094243652556
43,2,market_access,936,1961,-0.052233754077930752
43,2,agriculture_share,532,1023,0.37755251451015781
43,2,manufacturing_share,345,968,-0.059051976251953374
43,2,mining_share,66,289,-0.21396628300733986
43,2,public_share,783,1585,0.10598036187641005
43,3,total_rub,124,1973,0.27616225100477276
43,3,health_pct,124,1973,-0.19538588576993876
43,3,marketplaces_pct,124,1973,-0.552174492029192
43,3,horeca_pct,124,1973,-0.042172794370203659
43,3,food_pct,124,1973,0.0530011734545884
43,3,transport_pct,124,1973,-0.14480378113469755
43,3,wage_total,124,1787,0.64443357642523269
43,3,population_total,122,1755,-0.55619037054947673
43,3,market_access,113,1961,-0.54963514642329858
43,3,agriculture_share,91,1023,-0.40509784600719612
43,3,manufacturing_share,44,968,-0.43305676348853378
43,3,mining_share,44,289,0.703600350047765
43,3,public_share,112,1585,-0.086843460315562504
44,0,total_rub,338,1988,0.56271940741216819
44,0,health_pct,338,1988,0.15439245108275795
44,0,marketplaces_pct,338,1988,-0.074563745170474108
44,0,horeca_pct,338,1988,1.1575682800169169
44,0,food_pct,338,1988,-0.24977220861981597
44,0,transport_pct,338,1988,0.23619281176925402
44,0,wage_total,184,1802,0.56401001613373725
44,0,population_total,183,1770,3.022069606119286
44,0,market_access,337,1976,0.45951425746666236
44,0,agriculture_share,69,1042,-0.74055331528492518
44,0,manufacturing_share,156,983,0.01721408406741191
44,0,mining_share,39,290,-0.80005318279387605
44,0,public_share,160,1605,-0.20761333697049925
44,1,total_rub,578,1988,-0.018475888871901585
44,1,health_pct,578,1988,-0.027492223790977797
44,1,marketplaces_pct,578,1988,-0.042242629340866304
44,1,horeca_pct,578,1988,0.12689131621059127
44,1,food_pct,578,1988,-0.033243337504460832
44,1,transport_pct,578,1988,0.083835266479403162
44,1,wage_total,559,1802,0.029897928427330033
44,1,population_total,536,1770,0.21508324873227225
44,1,market_access,578,1976,-0.074894012111327249
44,1,agriculture_share,332,1042,-0.34850961406500092
44,1,manufacturing_share,425,983,0.10218133132937099
44,1,mining_share,141,290,0.098778128007768862
44,1,public_share,533,1605,-0.077436698141162455
44,2,total_rub,945,1988,-0.22545046551690079
44,2,health_pct,945,1988,-0.012702965627631038
44,2,marketplaces_pct,945,1988,0.12687336300998928
44,2,horeca_pct,945,1988,-0.4843748639315783
44,2,food_pct,945,1988,0.1016371611716126
44,2,transport_pct,945,1988,-0.11666379651529077
44,2,wage_total,932,1802,-0.21459762095487231
44,2,population_total,926,1770,-0.64567994425869391
44,2,market_access,945,1976,-0.052226713796589205
44,2,agriculture_share,548,1042,0.37549960487075951
44,2,manufacturing_share,357,983,-0.074059875580101103
44,2,mining_share,66,290,-0.21125365518495848
44,2,public_share,797,1605,0.10414183351301179
44,3,total_rub,127,1988,0.26402042500879846
44,3,health_pct,127,1988,-0.19125858737540016
44,3,marketplaces_pct,127,1988,-0.55335860171494966
44,3,horeca_pct,127,1988,-0.054070968504711353
44,3,food_pct,127,1988,0.059768017983485383
44,3,transport_pct,127,1988,-0.14206824170199189
44,3,wage_total,127,1802,0.62609604543665975
44,3,population_total,125,1770,-0.56338984685421334
44,3,market_access,116,1976,-0.53632173472535227
44,3,agriculture_share,93,1042,-0.41903669725737563
44,3,manufacturing_share,45,983,-0.43717971883117412
44,3,mining_share,44,290,0.70947953004711528
44,3,public_share,115,1605,-0.073992585090007737
45,0,total_rub,338,1992,0.56202985824429008
45,0,health_pct,338,1992,0.15612955855952232
45,0,marketplaces_pct,338,1992,-0.07734587848145244
45,0,horeca_pct,338,1992,1.1585597965396999
45,0,food_pct,338,1992,-0.25020437102616816
45,0,transport_pct,338,1992,0.23794843852093051
45,0,wage_total,184,1806,0.5647316873340037
45,0,population_total,183,1774,3.0360841098236726
45,0,market_access,337,1980,0.45571896094467845
45,0,agriculture_share,69,1037,-0.74027531454629614
45,0,manufacturing_share,156,985,0.011472140674168798
45,0,mining_share,39,290,-0.80005318279387605
45,0,public_share,160,1603,-0.20689406973125354
45,1,total_rub,577,1992,-0.017972098328261712
45,1,health_pct,577,1992,-0.026638804574020358
45,1,marketplaces_pct,577,1992,-0.044193830470007613
45,1,horeca_pct,577,1992,0.12894884101818524
45,1,food_pct,577,1992,-0.034320439108851387
45,1,transport_pct,577,1992,0.08579617031616954
45,1,wage_total,558,1806,0.030702047427478105
45,1,population_total,535,1774,0.21895100842494744
45,1,market_access,577,1980,-0.075673565253872851
45,1,agriculture_share,331,1037,-0.34959073375832167
45,1,manufacturing_share,425,985,0.090941405089781449
45,1,mining_share,141,290,0.098778128007768862
45,1,public_share,532,1603,-0.076299881813994719
45,2,total_rub,950,1992,-0.22426942240195061
45,2,health_pct,950,1992,-0.013964122339425825
45,2,marketplaces_pct,950,1992,0.12851559674395921
45,2,horeca_pct,950,1992,-0.48335251257596284
45,2,food_pct,950,1992,0.10195680235347521
45,2,transport_pct,950,1992,-0.1179400376236988
45,2,wage_total,937,1806,-0.21414286151337802
45,2,population_total,931,1774,-0.64716285323285316
45,2,market_access,950,1980,-0.050063637343921559
45,2,agriculture_share,544,1037,0.37813611942459147
45,2,manufacturing_share,359,985,-0.057447629716946509
45,2,mining_share,66,290,-0.21125365518495848
45,2,public_share,796,1603,0.10314958721034706
45,3,total_rub,127,1992,0.26346267661960487
45,3,health_pct,127,1992,-0.19004160890908961
45,3,marketplaces_pct,127,1992,-0.55470133699871016
45,3,horeca_pct,127,1992,-0.053636264179108141
45,3,food_pct,127,1992,0.059157547534257872
45,3,transport_pct,127,1992,-0.14084981692905932
45,3,wage_total,127,1806,0.62684636459878362
45,3,population_total,125,1774,-0.56186852196234049
45,3,market_access,116,1980,-0.53752747594953931
45,3,agriculture_share,93,1037,-0.4184141869814928
45,3,manufacturing_share,45,985,-0.44035671199874654
45,3,mining_share,44,290,0.70947953004711528
45,3,public_share,115,1603,-0.073152027281655818
47,0,total_rub,334,1998,0.57288203877474864
47,0,health_pct,334,1998,0.15538036461743057
47,0,marketplaces_pct,334,1998,-0.076603992836941345
47,0,horeca_pct,334,1998,1.1846490041471345
47,0,food_pct,334,1998,-0.25296132175089475
47,0,transport_pct,334,1998,0.23893447420959368
47,0,wage_total,180,1812,0.57549723991137325
47,0,population_total,179,1780,3.0974232673255089
47,0,market_access,333,1986,0.46300810655091473
47,0,agriculture_share,66,1036,-0.74391561223192515
47,0,manufacturing_share,152,978,0.01154531501466214
47,0,mining_share,37,285,-0.79308460483759968
47,0,public_share,156,1609,-0.20519803992893798
47,1,total_rub,568,1998,-0.017852865394907092
47,1,health_pct,568,1998,-0.02555325881766482
47,1,marketplaces_pct,568,1998,-0.046695021823693401
47,1,horeca_pct,568,1998,0.13632660023512611
47,1,food_pct,568,1998,-0.035789555241171341
47,1,transport_pct,568,1998,0.089282076814170372
47,1,wage_total,549,1812,0.03328120382311274
47,1,population_total,526,1780,0.2402694010127584
47,1,market_access,568,1986,-0.075374336167309472
47,1,agriculture_share,322,1036,-0.34942234874920269
47,1,manufacturing_share,416,978,0.096361553877638034
47,1,mining_share,138,285,0.1022601595786639
47,1,public_share,523,1609,-0.07730308579695444
47,2,total_rub,969,1998,-0.22252019422145924
47,2,health_pct,969,1998,-0.01351415843997078
47,2,marketplaces_pct,969,1998,0.12629871837578557
47,2,horeca_pct,969,1998,-0.48253816587721349
47,2,food_pct,969,1998,0.10078672112343681
47,2,transport_pct,969,1998,-0.11630059358881552
47,2,wage_total,956,1812,-0.21206464875988409
47,2,population_total,950,1780,-0.64373933471723954
47,2,market_access,969,1986,-0.050674813785883663
47,2,agriculture_share,555,1036,0.36133727549487776
47,2,manufacturing_share,365,978,-0.060845773686634096
47,2,mining_share,66,285,-0.22390916866577221
47,2,public_share,815,1609,0.10005493631721524
47,3,total_rub,127,1998,0.27102279365460741
47,3,health_pct,127,1998,-0.19124071846816176
47,3,marketplaces_pct,127,1998,-0.55334607954913451
47,3,horeca_pct,127,1998,-0.043518059713975203
47,3,food_pct,127,1998,0.056340284040738542
47,3,transport_pct,127,1998,-0.14032329786528247
47,3,wage_total,127,1812,0.63679464670482744
47,3,population_total,125,1780,-0.55414481442079533
47,3,market_access,116,1986,-0.53676881017156119
47,3,agriculture_share,93,1036,-0.41859958274308284
47,3,manufacturing_share,45,978,-0.43627970888232631
47,3,mining_share,44,285,0.68205076111537521
47,3,public_share,115,1609,-0.079168391285294987
48,0,total_rub,338,1998,0.56548217820872759
48,0,health_pct,338,1998,0.15587268957820399
48,0,marketplaces_pct,338,1998,-0.073615433252434997
48,0,horeca_pct,338,1998,1.1670738004239822
48,0,food_pct,338,1998,-0.25132025748921027
48,0,transport_pct,338,1998,0.23876480251195492
48,0,wage_total,184,1812,0.56914214464690205
48,0,population_total,183,1780,3.0642236819879591
48,0,market_access,337,1986,0.46014304367794018
48,0,agriculture_share,69,1035,-0.73380669972492796
48,0,manufacturing_share,156,985,0.014904843830676221
48,0,mining_share,39,289,-0.80065367739689652
48,0,public_share,160,1613,-0.21030735384609786
48,1,total_rub,577,1998,-0.016743407764292284
48,1,health_pct,577,1998,-0.02641826112101495
48,1,marketplaces_pct,577,1998,-0.041679663826272362
48,1,horeca_pct,577,1998,0.13212028683352806
48,1,food_pct,577,1998,-0.035185552739064999
48,1,transport_pct,577,1998,0.086187468006001952
48,1,wage_total,558,1812,0.032664835242375685
48,1,population_total,535,1780,0.21768189155621234
48,1,market_access,577,1986,-0.074421813172549506
48,1,agriculture_share,332,1035,-0.33143799959874753
48,1,manufacturing_share,424,985,0.092761588104330758
48,1,mining_share,140,289,0.10238124862197684
48,1,public_share,532,1613,-0.07892664042868805
48,2,total_rub,956,1998,-0.22519501044988213
48,2,health_pct,956,1998,-0.013894867768101171
48,2,marketplaces_pct,956,1998,0.12463347206290555
48,2,horeca_pct,956,1998,-0.4857391240531499
48,2,food_pct,956,1998,0.10244298323149099
48,2,transport_pct,956,1998,-0.1177998947674358
48,2,wage_total,943,1812,-0.21541991972090982
48,2,population_total,937,1780,-0.64819745148280472
48,2,market_access,956,1986,-0.052235011092347967
48,2,agriculture_share,541,1035,0.36642423865331436
48,2,manufacturing_share,360,985,-0.060904126290983678
48,2,mining_share,66,289,-0.21362247470322723
48,2,public_share,806,1613,0.10485031311078262
48,3,total_rub,127,1998,0.2662551183900318
48,3,health_pct,127,1998,-0.19022156554568748
48,3,marketplaces_pct,127,1998,-0.5529009198823297
48,3,horeca_pct,127,1998,-0.049903523239691272
48,3,food_pct,127,1998,0.05758125190935548
48,3,transport_pct,127,1998,-0.14028325110893589
48,3,wage_total,127,1812,0.6314319024924604
48,3,population_total,125,1780,-0.55881386997585725
48,3,market_access,116,1986,-0.5361219734018966
48,3,agriculture_share,93,1035,-0.40392940821116863
48,3,manufacturing_share,45,985,-0.43845741175706154
48,3,mining_share,44,289,0.70434549867761842
48,3,public_share,115,1613,-0.07714089603350488
49,0,total_rub,338,2013,0.56956757584854978
49,0,health_pct,338,2013,0.15477796026303231
49,0,marketplaces_pct,338,2013,-0.076238245152140352
49,0,horeca_pct,338,2013,1.1739296958163654
49,0,food_pct,338,2013,-0.25153590505636275
49,0,transport_pct,338,2013,0.23811758524614549
49,0,wage_total,184,1827,0.57397886167596024
49,0,population_total,183,1797,3.0635566146200905
49,0,market_access,337,2001,0.45690565597581201
49,0,agriculture_share,69,1051,-0.73878558300110053
49,0,manufacturing_share,156,994,0.011995672957629513
49,0,mining_share,39,289,-0.79860030424081141
49,0,public_share,160,1624,-0.209376703574402
49,1,total_rub,580,2013,-0.014045993107961913
49,1,health_pct,580,2013,-0.026990211360053491
49,1,marketplaces_pct,580,2013,-0.043866829425728351
49,1,horeca_pct,580,2013,0.13608755892580929
49,1,food_pct,580,2013,-0.035586959476899632
49,1,transport_pct,580,2013,0.085629821763307593
49,1,wage_total,561,1827,0.035762597175593415
49,1,population_total,538,1797,0.2337065178364128
49,1,market_access,580,2001,-0.075128848316735122
49,1,agriculture_share,334,1051,-0.3460181503473474
49,1,manufacturing_share,427,994,0.095275519958277669
49,1,mining_share,141,289,0.10676220696969191
49,1,public_share,535,1624,-0.079029738103850888
49,2,total_rub,971,2013,-0.22282006095766074
49,2,health_pct,971,2013,-0.013489406979661198
49,2,marketplaces_pct,971,2013,0.12436945609139904
49,2,horeca_pct,971,2013,-0.48369939489555408
49,2,food_pct,971,2013,0.10159746633829757
49,2,transport_pct,971,2013,-0.1168599262865772
49,2,wage_total,958,1827,-0.21180720189481875
49,2,population_total,952,1797,-0.64677155943485154
49,2,market_access,971,2001,-0.051480990942719088
49,2,agriculture_share,556,1051,0.36766957884643664
49,2,manufacturing_share,367,994,-0.064465430219685135
49,2,mining_share,66,289,-0.20552236791466169
49,2,public_share,817,1624,0.10333731687433151
49,3,total_rub,124,2013,0.25799285932013355
49,3,health_pct,124,2013,-0.19001946615180049
49,3,marketplaces_pct,124,2013,-0.56089882206776331
49,3,horeca_pct,124,2013,-0.048765394510629542
49,3,food_pct,124,2013,0.056519617670690518
49,3,transport_pct,124,2013,-0.13450041944878427
49,3,wage_total,124,1827,0.62287396654316052
49,3,population_total,124,1797,-0.56966485878619411
49,3,market_access,113,2001,-0.53464098968815854
49,3,agriculture_share,92,1051,-0.41171759125574919
49,3,manufacturing_share,44,994,-0.42943543438523551
49,3,mining_share,43,289,0.68968411546587849
49,3,public_share,112,1624,-0.077191119900573077
50,0,total_rub,306,1964,0.58990569711406393
50,0,health_pct,306,1964,0.16616660413347462
50,0,marketplaces_pct,306,1964,-0.09096486007048156
50,0,horeca_pct,306,1964,1.2457809704727405
50,0,food_pct,306,1964,-0.25935062257054192
50,0,transport_pct,306,1964,0.24176951055110815
50,0,wage_total,152,1778,0.58193398443131417
50,0,population_total,151,1746,3.3511850470060622
50,0,market_access,305,1952,0.46437630645895805
50,0,agriculture_share,54,1024,-0.72196924976138266
50,0,manufacturing_share,124,946,-0.060080710243845051
50,0,mining_share,37,287,-0.79192734105866613
50,0,public_share,128,1580,-0.15724950490677608
50,1,total_rub,561,1964,-0.012810092212735323
50,1,health_pct,561,1964,-0.025570439816434219
50,1,marketplaces_pct,561,1964,-0.050339410069453194
50,1,horeca_pct,561,1964,0.15139073701844669
50,1,food_pct,561,1964,-0.038127540696231615
50,1,transport_pct,561,1964,0.092782820590903523
50,1,wage_total,542,1778,0.040981024221340513
50,1,population_total,519,1746,0.29990601859680244
50,1,market_access,561,1952,-0.076362235294219857
50,1,agriculture_share,322,1024,-0.353382454165242
50,1,manufacturing_share,410,946,0.10542840856554801
50,1,mining_share,140,287,0.094219763735405096
50,1,public_share,520,1580,-0.083340635252922901
50,2,total_rub,970,1964,-0.21557555043620269
50,2,health_pct,970,1964,-0.012699229947456739
50,2,marketplaces_pct,970,1964,0.13004820667678474
50,2,horeca_pct,970,1964,-0.47625634822017793
50,2,food_pct,970,1964,0.096959878890376022
50,2,transport_pct,970,1964,-0.11211678365228547
50,2,wage_total,957,1778,-0.20265215456190999
50,2,population_total,951,1746,-0.6257700585458994
50,2,market_access,970,1952,-0.038394736274918517
50,2,agriculture_share,555,1024,0.34641186660831041
50,2,manufacturing_share,367,946,-0.044954026978993339
50,2,mining_share,66,287,-0.2184660549664306
50,2,public_share,817,1580,0.089962346766953014
50,3,total_rub,127,1964,0.28176064832722558
50,3,health_pct,127,1964,-0.19042292188024115
50,3,marketplaces_pct,127,1964,-0.55174097831457236
50,3,horeca_pct,127,1964,-0.032838761090038075
50,3,food_pct,127,1964,0.052754002468560372
50,3,transport_pct,127,1964,-0.13605789320802311
50,3,wage_total,127,1778,0.65568843428520851
50,3,population_total,125,1746,-0.53258272058004552
50,3,market_access,116,1952,-0.53062642485563671
50,3,agriculture_share,93,1024,-0.42454942192784523
50,3,manufacturing_share,45,946,-0.4283891453410521
50,3,mining_share,44,287,0.69384782554541768
50,3,public_share,115,1580,-0.087253655208813397
51,0,total_rub,337,2004,0.57252327804338199
51,0,health_pct,337,2004,0.1542036651789668
51,0,marketplaces_pct,337,2004,-0.074563829792354347
51,0,horeca_pct,337,2004,1.1798685222375238
51,0,food_pct,337,2004,-0.25227569979444076
51,0,transport_pct,337,2004,0.23788272817064496
51,0,wage_total,183,1818,0.57643032923621074
51,0,population_total,182,1786,3.05327150054912
51,0,market_access,336,1992,0.45778124309900958
51,0,agriculture_share,68,1049,-0.74279626329075821
51,0,manufacturing_share,155,987,0.011993078344954201
51,0,mining_share,38,289,-0.79734317078619488
51,0,public_share,159,1615,-0.21149834159109196
51,1,total_rub,571,2004,-0.021097885542848749
51,1,health_pct,571,2004,-0.02477345755191827
51,1,marketplaces_pct,571,2004,-0.045943659497601562
51,1,horeca_pct,571,2004,0.13259535510054593
51,1,food_pct,571,2004,-0.035323498684804971
51,1,transport_pct,571,2004,0.089407985502122964
51,1,wage_total,552,1818,0.026572019018489618
51,1,population_total,529,1786,0.24318437957313654
51,1,market_access,571,1992,-0.072115150924212598
51,1,agriculture_share,332,1049,-0.34494162956345309
51,1,manufacturing_share,420,987,0.10255991035817151
51,1,mining_share,141,289,0.095262088607472525
51,1,public_share,526,1615,-0.076136198034170516
51,2,total_rub,969,2004,-0.22234826313021422
51,2,health_pct,969,2004,-0.01388413184297993
51,2,marketplaces_pct,969,2004,0.12553012859972257
51,2,horeca_pct,969,2004,-0.48260428287914747
51,2,food_pct,969,2004,0.10113386745908723
51,2,transport_pct,969,2004,-0.11691481541951067
51,2,wage_total,956,1818,-0.21080594472664432
51,2,population_total,950,1786,-0.64674530458153434
51,2,market_access,969,1992,-0.051880044990409775
51,2,agriculture_share,556,1049,0.36634149967994517
51,2,manufacturing_share,367,987,-0.068202762995304853
51,2,mining_share,66,289,-0.21377760715899141
51,2,public_share,815,1615,0.101401163488026
51,3,total_rub,127,2004,0.27214184974428796
51,3,health_pct,127,2004,-0.19186824525447854
51,3,marketplaces_pct,127,2004,-0.55336105826753867
51,3,horeca_pct,127,2004,-0.044756611390263761
51,3,food_pct,127,2004,0.05659772450310703
51,3,transport_pct,127,2004,-0.14116522026546063
51,3,wage_total,127,1818,0.64075573551369391
51,3,population_total,125,1786,-0.55945528433337133
51,3,market_access,116,1992,-0.53762916299857322
51,3,agriculture_share,93,1049,-0.41564631078722097
51,3,manufacturing_share,45,987,-0.44230389943606968
51,3,mining_share,44,289,0.70400927428898175
51,3,public_share,115,1615,-0.07796584142420733
52,0,total_rub,337,1966,0.56322786979299577
52,0,health_pct,337,1966,0.15687004449307812
52,0,marketplaces_pct,337,1966,-0.072372224887498796
52,0,horeca_pct,337,1966,1.1537227100159433
52,0,food_pct,337,1966,-0.25074421711797429
52,0,transport_pct,337,1966,0.23701905748284344
52,0,wage_total,183,1780,0.56373403821621471
52,0,population_total,182,1748,2.9703564432706129
52,0,market_access,336,1954,0.46345049941263305
52,0,agriculture_share,68,1026,-0.73676163392296945
52,0,manufacturing_share,155,966,0.024066783133320786
52,0,mining_share,39,290,-0.80005318279387605
52,0,public_share,159,1577,-0.2079127872953721
52,1,total_rub,570,1966,-0.019925761486049211
52,1,health_pct,570,1966,-0.026625216216642811
52,1,marketplaces_pct,570,1966,-0.042081155829896903
52,1,horeca_pct,570,1966,0.12659613147777668
52,1,food_pct,570,1966,-0.034035051026614076
52,1,transport_pct,570,1966,0.085136703263453947
52,1,wage_total,551,1780,0.029216498899057503
52,1,population_total,528,1748,0.22459535337525913
52,1,market_access,570,1954,-0.075388555187170039
52,1,agriculture_share,326,1026,-0.34020302031616939
52,1,manufacturing_share,417,966,0.085590042337812644
52,1,mining_share,141,290,0.098778128007768862
52,1,public_share,525,1577,-0.074328137052233539
52,2,total_rub,932,1966,-0.22740345136626272
52,2,health_pct,932,1966,-0.0146197972141536
52,2,marketplaces_pct,932,1966,0.12717235215278733
52,2,horeca_pct,932,1966,-0.48688362966016913
52,2,food_pct,932,1966,0.10347528717164955
52,2,transport_pct,932,1966,-0.11847285203125356
52,2,wage_total,919,1780,-0.21604998338424519
52,2,population_total,913,1748,-0.6456575471894902
52,2,market_access,932,1954,-0.054337694486678995
52,2,agriculture_share,539,1026,0.37090378211751562
52,2,manufacturing_share,349,966,-0.057131209429995611
52,2,mining_share,66,290,-0.21125365518495848
52,2,public_share,778,1577,0.10380560883675441
52,3,total_rub,127,1966,0.26370006771783916
52,3,health_pct,127,1966,-0.18947386415031367
52,3,marketplaces_pct,127,1966,-0.55235380784464139
52,3,horeca_pct,127,1966,-0.056604766727781648
52,3,food_pct,127,1966,0.058754429999606561
52,3,transport_pct,127,1966,-0.14162712707684075
52,3,wage_total,127,1780,0.62431743971002462
52,3,population_total,125,1748,-0.55764702938707111
52,3,market_access,116,1954,-0.53538931107217946
52,3,agriculture_share,93,1026,-0.41839960033879464
52,3,manufacturing_share,45,966,-0.43294682109920563
52,3,mining_share,44,290,0.70947953004711528
52,3,public_share,115,1577,-0.075481378631376703
53,0,total_rub,338,1995,0.56630355359372608
53,0,health_pct,338,1995,0.15415330733620408
53,0,marketplaces_pct,338,1995,-0.073721086084013357
53,0,horeca_pct,338,1995,1.1655861126848321
53,0,food_pct,338,1995,-0.25086922920846333
53,0,transport_pct,338,1995,0.23718094806471068
53,0,wage_total,184,1809,0.56752998986924386
53,0,population_total,183,1777,3.0382485330529407
53,0,market_access,337,1983,0.45848144595669177
53,0,agriculture_share,69,1043,-0.73929137265002931
53,0,manufacturing_share,156,985,0.016253845337793671
53,0,mining_share,39,290,-0.80005318279387605
53,0,public_share,160,1606,-0.20955057575370917
53,1,total_rub,576,1995,-0.016716293207948152
53,1,health_pct,576,1995,-0.028081023559998416
53,1,marketplaces_pct,576,1995,-0.041684239929983928
53,1,horeca_pct,576,1995,0.13100635069501615
53,1,food_pct,576,1995,-0.034696403711278433
53,1,transport_pct,576,1995,0.085552846522046949
53,1,wage_total,557,1809,0.032320360187366469
53,1,population_total,534,1777,0.22181917880113891
53,1,market_access,576,1983,-0.075391201017067699
53,1,agriculture_share,331,1043,-0.3454093909728127
53,1,manufacturing_share,423,985,0.094772113900912142
53,1,mining_share,141,290,0.098778128007768862
53,1,public_share,531,1606,-0.078127788469995407
53,2,total_rub,954,1995,-0.22608049494392332
53,2,health_pct,954,1995,-0.012178228818664942
53,2,marketplaces_pct,954,1995,0.1248980523891718
53,2,horeca_pct,954,1995,-0.48533247638268417
53,2,food_pct,954,1995,0.10208091691927242
53,2,transport_pct,954,1995,-0.11686585651893418
53,2,wage_total,941,1809,-0.21509770358501026
53,2,population_total,935,1777,-0.64625318425250677
53,2,market_access,954,1983,-0.051186092910985991
53,2,agriculture_share,550,1043,0.37099859511927352
53,2,manufacturing_share,361,985,-0.0635102725285943
53,2,mining_share,66,290,-0.21125365518495848
53,2,public_share,800,1606,0.1047293068942404
53,3,total_rub,127,1995,0.26691949566615258
53,3,health_pct,127,1995,-0.19142612611079896
53,3,marketplaces_pct,127,1995,-0.55295191089136209
53,3,horeca_pct,127,1995,-0.050555760777337366
53,3,food_pct,127,1995,0.05821837219819781
53,3,transport_pct,127,1995,-0.14138246396462914
53,3,wage_total,127,1809,0.62975575049756316
53,3,population_total,125,1777,-0.56163356601921977
53,3,market_access,116,1983,-0.5366498522801133
53,3,agriculture_share,93,1043,-0.41621090527685378
53,3,manufacturing_share,45,985,-0.43771101488798053
53,3,mining_share,44,290,0.70947953004711528
53,3,public_share,115,1606,-0.076256501888966807
54,0,total_rub,334,1981,0.56758725594131942
54,0,health_pct,334,1981,0.15374483099593533
54,0,marketplaces_pct,334,1981,-0.075054580576970148
54,0,horeca_pct,334,1981,1.1695482920760636
54,0,food_pct,334,1981,-0.25150003835002277
54,0,transport_pct,334,1981,0.23933240926350424
54,0,wage_total,180,1795,0.57307415588666155
54,0,population_total,179,1763,2.9907812194658194
54,0,market_access,333,1969,0.4541052201306443
54,0,agriculture_share,67,1027,-0.73761587364645886
54,0,manufacturing_share,152,971,0.0016874023735338798
54,0,mining_share,38,286,-0.79706889052542385
54,0,public_share,156,1592,-0.20463610069648716
54,1,total_rub,575,1981,-0.01707149829043484
54,1,health_pct,575,1981,-0.026949113448524693
54,1,marketplaces_pct,575,1981,-0.042619696172125819
54,1,horeca_pct,575,1981,0.13208578319537678
54,1,food_pct,575,1981,-0.034907884380474062
54,1,transport_pct,575,1981,0.085948029069738044
54,1,wage_total,556,1795,0.031845091116521521
54,1,population_total,533,1763,0.249157769241039
54,1,market_access,575,1969,-0.075973523545834976
54,1,agriculture_share,331,1027,-0.33811854958375681
54,1,manufacturing_share,422,971,0.091128452608257471
54,1,mining_share,140,286,0.094237623730299036
54,1,public_share,530,1592,-0.076849285356199754
54,2,total_rub,945,1981,-0.22587232444255476
54,2,health_pct,945,1981,-0.012260306020563187
54,2,marketplaces_pct,945,1981,0.12686775577112644
54,2,horeca_pct,945,1981,-0.48690746627940934
54,2,food_pct,945,1981,0.10228623399835962
54,2,transport_pct,945,1981,-0.11804227438520801
54,2,wage_total,932,1795,-0.21559229665069282
54,2,population_total,926,1763,-0.64665684280842239
54,2,market_access,945,1969,-0.04771053545436324
54,2,agriculture_share,536,1027,0.37239850794697765
54,2,manufacturing_share,352,971,-0.053136477942541588
54,2,mining_share,64,286,-0.20973017956180892
54,2,public_share,791,1592,0.10273986220776299
54,3,total_rub,127,1981,0.26528594197491129
54,3,health_pct,127,1981,-0.1910948356717207
54,3,marketplaces_pct,127,1981,-0.55366514954357571
54,3,horeca_pct,127,1981,-0.05079448233626218
54,3,food_pct,127,1981,0.058366576371893013
54,3,transport_pct,127,1981,-0.14021411114242807
54,3,wage_total,127,1795,0.63049450203197277
54,3,population_total,125,1763,-0.55477354279405044
54,3,market_access,116,1969,-0.53832591603686453
54,3,agriculture_share,93,1027,-0.41148491196821224
54,3,manufacturing_share,45,971,-0.44463670945971356
54,3,mining_share,44,286,0.69359277294727195
54,3,public_share,115,1592,-0.074903287468721047
55,0,total_rub,337,1983,0.56229121803490001
55,0,health_pct,337,1983,0.15472137714120593
55,0,marketplaces_pct,337,1983,-0.077073890382828456
55,0,horeca_pct,337,1983,1.1606517137009364
55,0,food_pct,337,1983,-0.25102475245907585
55,0,transport_pct,337,1983,0.23743385390626842
55,0,wage_total,183,1797,0.56464255159683496
55,0,population_total,182,1765,2.9729676275046453
55,0,market_access,336,1971,0.45426775144554737
55,0,agriculture_share,68,1025,-0.7343392723402381
55,0,manufacturing_share,155,981,0.003825744276795389
55,0,mining_share,39,290,-0.80005318279387605
55,0,public_share,159,1599,-0.20743670607349807
55,1,total_rub,578,1983,-0.018980361531726473
55,1,health_pct,578,1983,-0.026998070015777049
55,1,marketplaces_pct,578,1983,-0.045196398253591612
55,1,horeca_pct,578,1983,0.1284425657019776
55,1,food_pct,578,1983,-0.034606238541692404
55,1,transport_pct,578,1983,0.084734964469115562
55,1,wage_total,559,1797,0.029004848086628975
55,1,population_total,536,1765,0.2336538202352603
55,1,market_access,578,1971,-0.077583160453952429
55,1,agriculture_share,332,1025,-0.34341364529609392
55,1,manufacturing_share,425,981,0.090300320266094067
55,1,mining_share,141,290,0.098778128007768862
55,1,public_share,533,1599,-0.07707347487794465
55,2,total_rub,942,1983,-0.22523648207013464
55,2,health_pct,942,1983,-0.013000807091730734
55,2,marketplaces_pct,942,1983,0.12949612504262217
55,2,horeca_pct,942,1983,-0.48647488895506025
55,2,food_pct,942,1983,0.10319297139911644
55,2,transport_pct,942,1983,-0.11759899142221263
55,2,wage_total,929,1797,-0.21440388289799991
55,2,population_total,923,1765,-0.64712217574017472
55,2,market_access,942,1971,-0.048368490215028939
55,2,agriculture_share,532,1025,0.38034009483848885
55,2,manufacturing_share,356,981,-0.05338782430068479
55,2,mining_share,66,290,-0.21125365518495848
55,2,public_share,792,1599,0.10422869146538551
55,3,total_rub,126,1983,0.26707360791780727
55,3,health_pct,126,1983,-0.1927734868814065
55,3,marketplaces_pct,126,1983,-0.55466611540127608
55,3,horeca_pct,126,1983,-0.056508611883267883
55,3,food_pct,126,1983,0.058650542839991833
55,3,transport_pct,126,1983,-0.14455371674473758
55,3,wage_total,126,1797,0.63204690626663051
55,3,population_total,124,1765,-0.55665151325615791
55,3,market_access,115,1971,-0.54111113009358114
55,3,agriculture_share,93,1025,-0.41282289996383498
55,3,manufacturing_share,45,981,-0.44365691166554361
55,3,mining_share,44,290,0.70947953004711528
55,3,public_share,115,1599,-0.073795871869171262
56,0,total_rub,338,1977,0.56010942049806334
56,0,health_pct,338,1977,0.15567829074271919
56,0,marketplaces_pct,338,1977,-0.074956941497565696
56,0,horeca_pct,338,1977,1.1648810363288129
56,0,food_pct,338,1977,-0.25153822081692018
56,0,transport_pct,338,1977,0.23562795853751684
56,0,wage_total,184,1791,0.56410069557495257
56,0,population_total,183,1759,3.0444119431486709
56,0,market_access,337,1965,0.45621062480576979
56,0,agriculture_share,69,1036,-0.73808277440377079
56,0,manufacturing_share,156,982,0.011017437486175034
56,0,mining_share,39,282,-0.80190221908502246
56,0,public_share,160,1590,-0.20775999472606704
56,1,total_rub,571,1977,-0.018978060074537527
56,1,health_pct,571,1977,-0.026615799603906459
56,1,marketplaces_pct,571,1977,-0.042652262842935537
56,1,horeca_pct,571,1977,0.12847973444322136
56,1,food_pct,571,1977,-0.035130302407076312
56,1,transport_pct,571,1977,0.08544044734031056
56,1,wage_total,552,1791,0.031311191690348017
56,1,population_total,529,1759,0.21059723085157442
56,1,market_access,571,1965,-0.076324281678305975
56,1,agriculture_share,329,1036,-0.33560761586304894
56,1,manufacturing_share,421,982,0.09477517345049255
56,1,mining_share,136,282,0.10204282099037285
56,1,public_share,527,1590,-0.077475165877460214
56,2,total_rub,941,1977,-0.22501912273172539
56,2,health_pct,941,1977,-0.014076732792754079
56,2,marketplaces_pct,941,1977,0.12751384825111514
56,2,horeca_pct,941,1977,-0.48951315463502321
56,2,food_pct,941,1977,0.10393794351107054
56,2,transport_pct,941,1977,-0.1172542963627677
56,2,wage_total,928,1791,-0.21616861747518573
56,2,population_total,922,1759,-0.64903769795227417
56,2,market_access,941,1965,-0.050825449022114534
56,2,agriculture_share,545,1036,0.36660282847756226
56,2,manufacturing_share,360,982,-0.060532485803206824
56,2,mining_share,63,282,-0.20833580533361046
56,2,public_share,788,1590,0.10482216823167481
56,3,total_rub,127,1977,0.26190931232101439
56,3,health_pct,127,1977,-0.19035775700178639
56,3,marketplaces_pct,127,1977,-0.55354836925044038
56,3,horeca_pct,127,1977,-0.050864882950089389
56,3,food_pct,127,1977,0.057273358005058429
56,3,transport_pct,127,1977,-0.14246025621758435
56,3,wage_total,127,1791,0.62619032455203727
56,3,population_total,125,1759,-0.56096450563754385
56,3,market_access,116,1965,-0.537371277512256
56,3,agriculture_share,93,1036,-0.41350456416632314
56,3,manufacturing_share,45,982,-0.44060829736324691
56,3,mining_share,44,282,0.69367087785551362
56,3,public_share,115,1590,-0.07416397385189151
57,0,total_rub,338,1995,0.5643431611770231
57,0,health_pct,338,1995,0.15566008841267134
57,0,marketplaces_pct,338,1995,-0.073538379482302227
57,0,horeca_pct,338,1995,1.1646920359413047
57,0,food_pct,338,1995,-0.25111754657999208
57,0,transport_pct,338,1995,0.2373077362081373
57,0,wage_total,184,1809,0.56673376659144359
57,0,population_total,183,1777,3.0408888462527375
57,0,market_access,337,1983,0.46033423386612043
57,0,agriculture_share,69,1032,-0.73340299844543444
57,0,manufacturing_share,156,988,0.015942897612313274
57,0,mining_share,39,290,-0.80005318279387605
57,0,public_share,160,1610,-0.20987795859191172
57,1,total_rub,576,1995,-0.017524796898248669
57,1,health_pct,576,1995,-0.0267504781930702
57,1,marketplaces_pct,576,1995,-0.041922889494364214
57,1,horeca_pct,576,1995,0.13094089435327741
57,1,food_pct,576,1995,-0.03488623496444837
57,1,transport_pct,576,1995,0.085152230962304634
57,1,wage_total,557,1809,0.032359070921446763
57,1,population_total,534,1777,0.22132598760384958
57,1,market_access,576,1983,-0.075596399394985719
57,1,agriculture_share,330,1032,-0.33400738418075709
57,1,manufacturing_share,423,988,0.095888425989573561
57,1,mining_share,141,290,0.098778128007768862
57,1,public_share,531,1610,-0.078824886679937811
57,2,total_rub,954,1995,-0.22468668741969533
57,2,health_pct,954,1995,-0.013655953650766342
57,2,marketplaces_pct,954,1995,0.12496567140919951
57,2,horeca_pct,954,1995,-0.48492400383202294
57,2,food_pct,954,1995,0.1023302063337997
57,2,transport_pct,954,1995,-0.11668061004631212
57,2,wage_total,941,1809,-0.21485320017958939
57,2,population_total,935,1777,-0.64652659618358044
57,2,market_access,954,1983,-0.051788268002031693
57,2,agriculture_share,540,1032,0.36723816320802299
57,2,manufacturing_share,364,988,-0.06412955625815156
57,2,mining_share,66,290,-0.21125365518495848
57,2,public_share,804,1610,0.10478853697596836
57,3,total_rub,127,1995,0.26533381365312358
57,3,health_pct,127,1995,-0.19037050914522094
57,3,marketplaces_pct,127,1995,-0.5528637315795637
57,3,horeca_pct,127,1995,-0.050947745196055681
57,3,food_pct,127,1995,0.057867600323735856
57,3,transport_pct,127,1995,-0.14129447156264643
57,3,wage_total,127,1809,0.62892791978678786
57,3,population_total,125,1777,-0.56134695050447025
57,3,market_access,116,1983,-0.53606123351234813
57,3,agriculture_share,93,1032,-0.40302542430051053
57,3,manufacturing_share,45,988,-0.43788306095873869
57,3,mining_share,44,290,0.70947953004711528
57,3,public_share,115,1610,-0.076639091538483098
58,0,total_rub,338,1991,0.56196151582495335
58,0,health_pct,338,1991,0.1578025076854844
58,0,marketplaces_pct,338,1991,-0.071960002006311224
58,0,horeca_pct,338,1991,1.1597036959211107
58,0,food_pct,338,1991,-0.25124925902396689
58,0,transport_pct,338,1991,0.23853977186631692
58,0,wage_total,184,1805,0.56467933590919672
58,0,population_total,183,1773,3.0290984616971284
58,0,market_access,337,1979,0.4599891188438413
58,0,agriculture_share,69,1035,-0.73367471552358954
58,0,manufacturing_share,156,984,0.014713783568254719
58,0,mining_share,39,290,-0.80005318279387605
58,0,public_share,160,1615,-0.20975966343705663
58,1,total_rub,578,1991,-0.018561288881615314
58,1,health_pct,578,1991,-0.024829075587051622
58,1,marketplaces_pct,578,1991,-0.03977996964214521
58,1,horeca_pct,578,1991,0.12851171402853059
58,1,food_pct,578,1991,-0.035070998757192523
58,1,transport_pct,578,1991,0.085673316786952197
58,1,wage_total,559,1805,0.030291384132932517
58,1,population_total,536,1773,0.2239710641146313
58,1,market_access,578,1979,-0.073784824013399211
58,1,agriculture_share,332,1035,-0.34226889760223944
58,1,manufacturing_share,425,984,0.10003138304806493
58,1,mining_share,141,290,0.098778128007768862
58,1,public_share,533,1615,-0.079160218254356582
58,2,total_rub,948,1991,-0.22433260213112186
58,2,health_pct,948,1991,-0.015822368627611848
58,2,marketplaces_pct,948,1991,0.12387368393349077
58,2,horeca_pct,948,1991,-0.48471677898386178
58,2,food_pct,948,1991,0.10323600289620018
58,2,transport_pct,948,1991,-0.1184702669086089
58,2,wage_total,935,1805,-0.21437054254761348
58,2,population_total,929,1773,-0.65021006883774868
58,2,market_access,948,1979,-0.052924982435111192
58,2,agriculture_share,541,1035,0.37300328784262698
58,2,manufacturing_share,358,984,-0.070037283310523932
58,2,mining_share,66,290,-0.21125365518495848
58,2,public_share,807,1615,0.10477266421391861
58,3,total_rub,127,1991,0.26340739720506218
58,3,health_pct,127,1991,-0.18886957834174603
58,3,marketplaces_pct,127,1991,-0.55210196250122978
58,3,horeca_pct,127,1991,-0.053134751599410064
58,3,food_pct,127,1991,0.057681543985516032
58,3,transport_pct,127,1991,-0.14043942491584133
58,3,wage_total,127,1805,0.62679193499540931
58,3,population_total,125,1773,-0.56262683924598778
58,3,market_access,116,1979,-0.5361708743288266
58,3,agriculture_share,93,1035,-0.4036338639547305
58,3,manufacturing_share,45,984,-0.43856312459794777
58,3,mining_share,44,290,0.70947953004711528
58,3,public_share,115,1615,-0.076500848183749012
59,0,total_rub,337,1974,0.56370354000425316
59,0,health_pct,337,1974,0.15342285379753529
59,0,marketplaces_pct,337,1974,-0.07848290717588173
59,0,horeca_pct,337,1974,1.1650499675747659
59,0,food_pct,337,1974,-0.25069179088024496
59,0,transport_pct,337,1974,0.23724274831216993
59,0,wage_total,183,1788,0.56781886133569082
59,0,population_total,182,1756,2.9894039267257115
59,0,market_access,336,1962,0.45805885184717055
59,0,agriculture_share,68,1030,-0.7355847047991706
59,0,manufacturing_share,155,977,0.018097697640837934
59,0,mining_share,38,270,-0.80259057551210866
59,0,public_share,159,1589,-0.20891090746334556
59,1,total_rub,563,1974,-0.017144581182778323
59,1,health_pct,563,1974,-0.027917566422310094
59,1,marketplaces_pct,563,1974,-0.042307905188459866
59,1,horeca_pct,563,1974,0.13151517287361905
59,1,food_pct,563,1974,-0.03536720059154793
59,1,transport_pct,563,1974,0.087405050298879322
59,1,wage_total,544,1788,0.033041527266248809
59,1,population_total,521,1756,0.23741999312341655
59,1,market_access,563,1962,-0.077445646237834259
59,1,agriculture_share,324,1030,-0.34525326589468552
59,1,manufacturing_share,414,977,0.090798144653874951
59,1,mining_share,130,270,0.11505566904541735
59,1,public_share,518,1589,-0.07603519742635266
59,2,total_rub,947,1974,-0.22581405479664363
59,2,health_pct,947,1974,-0.012251731915155481
59,2,marketplaces_pct,947,1974,0.12758228290070112
59,2,horeca_pct,947,1974,-0.48594327174864066
59,2,food_pct,947,1974,0.1023431362366186
59,2,transport_pct,947,1974,-0.11743364577821865
59,2,wage_total,934,1788,-0.21594363083677384
59,2,population_total,928,1756,-0.644425328305815
59,2,market_access,947,1962,-0.050682722588464076
59,2,agriculture_share,545,1030,0.36796580359665199
59,2,manufacturing_share,363,977,-0.05744991730809329
59,2,mining_share,58,270,-0.22818164728254817
59,2,public_share,797,1589,0.10216246462691614
59,3,total_rub,127,1974,0.26401744973930985
59,3,health_pct,127,1974,-0.19199623393981527
59,3,marketplaces_pct,127,1974,-0.55553016982353587
59,3,horeca_pct,127,1974,-0.050996874445521666
59,3,food_pct,127,1974,0.058865491681940427
59,3,transport_pct,127,1974,-0.14134005470470343
59,3,wage_total,127,1788,0.62839298223839268
59,3,population_total,125,1756,-0.5579250113086659
59,3,market_access,116,1962,-0.53714945773683764
59,3,agriculture_share,93,1030,-0.41569403101025298
59,3,manufacturing_share,45,977,-0.43425011195991486
59,3,mining_share,44,270,0.65399410081690257
59,3,public_share,115,1589,-0.076699284818517177
60,0,total_rub,338,1994,0.56548465135115045
60,0,health_pct,338,1994,0.15365656994853194
60,0,marketplaces_pct,338,1994,-0.073895989647467825
60,0,horeca_pct,338,1994,1.1668132657447239
60,0,food_pct,338,1994,-0.25087978171463282
60,0,transport_pct,338,1994,0.23749396451650567
60,0,wage_total,184,1808,0.56543302847739862
60,0,population_total,183,1776,3.0350473409213627
60,0,market_access,337,1982,0.45748354992524698
60,0,agriculture_share,69,1045,-0.73859834666050606
60,0,manufacturing_share,156,989,0.013802707160344206
60,0,mining_share,39,290,-0.80005318279387605
60,0,public_share,160,1605,-0.20871516328233244
60,1,total_rub,577,1994,-0.017557659357103385
60,1,health_pct,577,1994,-0.028003569072771167
60,1,marketplaces_pct,577,1994,-0.041548236634957575
60,1,horeca_pct,577,1994,0.13063311246192383
60,1,food_pct,577,1994,-0.034429844893805107
60,1,transport_pct,577,1994,0.084988098830941008
60,1,wage_total,558,1808,0.031183597475755564
60,1,population_total,535,1776,0.22089070880457126
60,1,market_access,577,1982,-0.075593001870938231
60,1,agriculture_share,332,1045,-0.34962296777819407
60,1,manufacturing_share,424,989,0.095581391341173411
60,1,mining_share,141,290,0.098778128007768862
60,1,public_share,532,1605,-0.0775063045024669
60,2,total_rub,952,1994,-0.22564884117343934
60,2,health_pct,952,1994,-0.011998473617534016
60,2,marketplaces_pct,952,1994,0.12519515779154117
60,2,horeca_pct,952,1994,-0.4867709409033163
60,2,food_pct,952,1994,0.10217599429527373
60,2,transport_pct,952,1994,-0.11699906428682064
60,2,wage_total,939,1808,-0.21420896598311406
60,2,population_total,933,1776,-0.64666940967695075
60,2,market_access,952,1982,-0.050700248388045717
60,2,agriculture_share,551,1045,0.3731422926394955
60,2,manufacturing_share,364,989,-0.062971723557649517
60,2,mining_share,66,290,-0.21125365518495848
60,2,public_share,798,1605,0.10436717373123786
60,3,total_rub,127,1994,0.26625711881475411
60,3,health_pct,127,1994,-0.19177412916316872
60,3,marketplaces_pct,127,1994,-0.55303632423883864
60,3,horeca_pct,127,1994,-0.050017747813302343
60,3,food_pct,127,1994,0.058203465780871634
60,3,transport_pct,127,1994,-0.14116522701558046
60,3,wage_total,127,1808,0.62757554666795967
60,3,population_total,125,1776,-0.56198106696368144
60,3,market_access,116,1982,-0.53696687741256244
60,3,agriculture_share,93,1045,-0.41465905400458902
60,3,manufacturing_share,45,989,-0.4390672193485986
60,3,mining_share,44,290,0.70947953004711528
60,3,public_share,115,1605,-0.075280213191671635
62,0,total_rub,337,1990,0.56482770717497577
62,0,health_pct,337,1990,0.15573144076361758
62,0,marketplaces_pct,337,1990,-0.070513909765404989
62,0,horeca_pct,337,1990,1.1609194649446557
62,0,food_pct,337,1990,-0.25099779857500393
62,0,transport_pct,337,1990,0.23675091840392731
62,0,wage_total,183,1804,0.5687458765190524
62,0,population_total,182,1772,3.0150763202167266
62,0,market_access,336,1978,0.46295757255210679
62,0,agriculture_share,68,1037,-0.73293812221270827
62,0,manufacturing_share,155,984,0.0096101553098787967
62,0,mining_share,38,289,-0.79573248821730025
62,0,public_share,159,1615,-0.20902833214773497
62,1,total_rub,579,1990,-0.017864703795275137
62,1,health_pct,579,1990,-0.026132657162323866
62,1,marketplaces_pct,579,1990,-0.038007683530260801
62,1,horeca_pct,579,1990,0.1284390319367002
62,1,food_pct,579,1990,-0.034426941104896643
62,1,transport_pct,579,1990,0.083947816819785651
62,1,wage_total,560,1804,0.030682059560119584
62,1,population_total,537,1772,0.22847824666245856
62,1,market_access,579,1978,-0.073373109853677107
62,1,agriculture_share,333,1037,-0.34372649901004609
62,1,manufacturing_share,426,984,0.097322710537914081
62,1,mining_share,141,289,0.095023778007642862
62,1,public_share,535,1615,-0.078955452631559592
62,2,total_rub,947,1990,-0.22559452114963774
62,2,health_pct,947,1990,-0.01394136050973762
62,2,marketplaces_pct,947,1990,0.12226286416861862
62,2,horeca_pct,947,1990,-0.48450037638358051
62,2,food_pct,947,1990,0.1025208084458948
62,2,transport_pct,947,1990,-0.11654745032346396
62,2,wage_total,934,1804,-0.21526505248972688
62,2,population_total,928,1772,-0.64799176361625088
62,2,market_access,947,1978,-0.053821808596550919
62,2,agriculture_share,543,1037,0.37264969926290153
62,2,manufacturing_share,358,984,-0.064783698240840695
62,2,mining_share,66,289,-0.21394867592142403
62,2,public_share,806,1615,0.10448415896427991
62,3,total_rub,127,1990,0.2648404543953099
62,3,health_pct,127,1990,-0.190143453839621
62,3,marketplaces_pct,127,1990,-0.55128579537574451
62,3,horeca_pct,127,1990,-0.053340179074390259
62,3,food_pct,127,1990,0.0585216647342452
62,3,transport_pct,127,1990,-0.1418929920036118
62,3,wage_total,127,1804,0.62830795487205882
62,3,population_total,125,1772,-0.56080281681043076
62,3,market_access,116,1978,-0.53535742268357678
62,3,agriculture_share,93,1037,-0.40911903461232363
62,3,manufacturing_share,45,984,-0.43903299537692381
62,3,mining_share,44,289,0.70363851054531246
62,3,public_share,115,1615,-0.075978783963786281
63,0,total_rub,337,1980,0.56466249205476593
63,0,health_pct,337,1980,0.15586972434978347
63,0,marketplaces_pct,337,1980,-0.072982050615319594
63,0,horeca_pct,337,1980,1.1659537112376563
63,0,food_pct,337,1980,-0.25128374516078128
63,0,transport_pct,337,1980,0.23726542890647223
63,0,wage_total,183,1794,0.56815278525114365
63,0,population_total,182,1762,2.9875856935585139
63,0,market_access,336,1968,0.46218604599712032
63,0,agriculture_share,68,1032,-0.73656144638558085
63,0,manufacturing_share,155,978,0.013082213689366842
63,0,mining_share,38,277,-0.80124949738868989
63,0,public_share,159,1592,-0.2091773923651877
63,1,total_rub,569,1980,-0.017868132084866914
63,1,health_pct,569,1980,-0.02627548521415702
63,1,marketplaces_pct,569,1980,-0.043143742203449298
63,1,horeca_pct,569,1980,0.1299027988192997
63,1,food_pct,569,1980,-0.034726420302175688
63,1,transport_pct,569,1980,0.086373962732498019
63,1,wage_total,550,1794,0.032035879075101664
63,1,population_total,527,1762,0.23671773826190062
63,1,market_access,569,1968,-0.079437745273043189
63,1,agriculture_share,328,1032,-0.34668248696185122
63,1,manufacturing_share,417,978,0.095097272826523527
63,1,mining_share,138,277,0.074724468413656639
63,1,public_share,524,1592,-0.074820852191736134
63,2,total_rub,947,1980,-0.22571041418798457
63,2,health_pct,947,1980,-0.014175686662900618
63,2,marketplaces_pct,947,1980,0.12600821946476587
63,2,horeca_pct,947,1980,-0.48618489438973
63,2,food_pct,947,1980,0.10251758277652281
63,2,transport_pct,947,1980,-0.11735504093380845
63,2,wage_total,934,1794,-0.21560723060842094
63,2,population_total,928,1762,-0.64538761626729602
63,2,market_access,947,1968,-0.050631900394700044
63,2,agriculture_share,543,1032,0.37317675211137397
63,2,manufacturing_share,361,978,-0.060729239576371399
63,2,mining_share,57,277,-0.17363604109164238
63,2,public_share,794,1592,0.10237830347013423
63,3,total_rub,127,1980,0.26475172889649273
63,3,health_pct,127,1980,-0.19018087204137799
63,3,marketplaces_pct,127,1980,-0.55264601151187631
63,3,horeca_pct,127,1980,-0.050582663214152113
63,3,food_pct,127,1980,0.057935467572867459
63,3,transport_pct,127,1980,-0.14149614623587509
63,3,wage_total,127,1794,0.62823197004724385
63,3,population_total,125,1762,-0.55656909116496434
63,3,market_access,116,1968,-0.53574159242146047
63,3,agriculture_share,93,1032,-0.41760153030934843
63,3,manufacturing_share,45,978,-0.43911223118760134
63,3,mining_share,44,277,0.6825626954979358
63,3,public_share,115,1592,-0.076722095832626722
64,0,total_rub,337,1977,0.56125833132233893
64,0,health_pct,337,1977,0.15838935606127522
64,0,marketplaces_pct,337,1977,-0.071411395787803922
64,0,horeca_pct,337,1977,1.1593622758377253
64,0,food_pct,337,1977,-0.25135993281028635
64,0,transport_pct,337,1977,0.23708352846171263
64,0,wage_total,183,1791,0.56367236390588393
64,0,population_total,182,1759,3.0002128744478482
64,0,market_access,336,1965,0.46026386189031088
64,0,agriculture_share,68,1023,-0.7368465018003274
64,0,manufacturing_share,155,985,0.010322396651391235
64,0,mining_share,38,284,-0.79862627700838851
64,0,public_share,159,1595,-0.20615839289371232
64,1,total_rub,575,1977,-0.019208737962277386
64,1,health_pct,575,1977,-0.025055943004166914
64,1,marketplaces_pct,575,1977,-0.040338561687991006
64,1,horeca_pct,575,1977,0.12668493818537219
64,1,food_pct,575,1977,-0.034830214285277029
64,1,transport_pct,575,1977,0.084917933186771266
64,1,wage_total,556,1791,0.02920604766521211
64,1,population_total,533,1759,0.22355563916451682
64,1,market_access,575,1965,-0.074703340928564843
64,1,agriculture_share,330,1023,-0.3418666031896675
64,1,manufacturing_share,424,985,0.093225502306403252
64,1,mining_share,140,284,0.094875714433147032
64,1,public_share,530,1595,-0.076426612057669943
64,2,total_rub,938,1977,-0.22530114368115139
64,2,health_pct,938,1977,-0.016032038265424986
64,2,marketplaces_pct,938,1977,0.12510713629951872
64,2,horeca_pct,938,1977,-0.48692173960860291
64,2,food_pct,938,1977,0.10381733247164886
64,2,transport_pct,938,1977,-0.11808725052838506
64,2,wage_total,925,1791,-0.21456048989213972
64,2,population_total,919,1759,-0.64796774493496911
64,2,market_access,938,1965,-0.052732996461141796
64,2,agriculture_share,532,1023,0.37911537405251683
64,2,manufacturing_share,361,985,-0.059011322596915092
64,2,mining_share,62,284,-0.21572497154932188
64,2,public_share,791,1595,0.1031456904518058
64,3,total_rub,127,1977,0.26168062555591548
64,3,health_pct,127,1977,-0.18844089663216551
64,3,marketplaces_pct,127,1977,-0.55189118502255086
64,3,horeca_pct,127,1977,-0.053671926464825326
64,3,food_pct,127,1977,0.057913485926725281
64,3,transport_pct,127,1977,-0.14141039116823109
64,3,wage_total,127,1791,0.62266022089444373
64,3,population_total,125,1759,-0.55769232983167327
64,3,market_access,116,1965,-0.53647143000576569
64,3,agriculture_share,93,1023,-0.41685847119275615
64,3,manufacturing_share,45,985,-0.44054437780876354
64,3,mining_share,44,284,0.69182151685763971
64,3,public_share,115,1595,-0.072199585101853023
65,0,total_rub,338,2000,0.57298737439252767
65,0,health_pct,338,2000,0.1532296457794203
65,0,marketplaces_pct,338,2000,-0.079893287681822286
65,0,horeca_pct,338,2000,1.17444339696566
65,0,food_pct,338,2000,-0.25114754264999878
65,0,transport_pct,338,2000,0.23816217659967012
65,0,wage_total,184,1814,0.58141881109166049
65,0,population_total,183,1782,3.0369759103501046
65,0,market_access,337,1988,0.45126987570460125
65,0,agriculture_share,69,1039,-0.73926277720982769
65,0,manufacturing_share,156,991,0.011321170446997379
65,0,mining_share,39,286,-0.80013826945546618
65,0,public_share,160,1612,-0.20884550075605818
65,1,total_rub,580,2000,-0.011897780995861048
65,1,health_pct,580,2000,-0.028294812937402901
65,1,marketplaces_pct,580,2000,-0.047649955739573369
65,1,horeca_pct,580,2000,0.13635601723236934
65,1,food_pct,580,2000,-0.035086545667237186
65,1,transport_pct,580,2000,0.085668921202452952
65,1,wage_total,561,1814,0.040658483338546936
65,1,population_total,538,1782,0.22563654583489565
65,1,market_access,580,1988,-0.078706547784568759
65,1,agriculture_share,334,1039,-0.34721286369759963
65,1,manufacturing_share,427,991,0.094545510821097578
65,1,mining_share,141,286,0.098310546857706294
65,1,public_share,535,1612,-0.078410957957930766
65,2,total_rub,971,2000,-0.22112672907132319
65,2,health_pct,971,2000,-0.01481211029750262
65,2,marketplaces_pct,971,2000,0.1199206702875678
65,2,horeca_pct,971,2000,-0.48357739269155731
65,2,food_pct,971,2000,0.10216906228493247
65,2,transport_pct,971,2000,-0.11682811960544448
65,2,wage_total,958,1814,-0.20808153906000934
65,2,population_total,952,1782,-0.64908211189144338
65,2,market_access,971,1988,-0.055150167938626163
65,2,agriculture_share,556,1039,0.365171079682508
65,2,manufacturing_share,367,991,-0.065088970846351832
65,2,mining_share,66,286,-0.21158930340511822
65,2,public_share,817,1612,0.10407862552910715
65,3,total_rub,111,2000,0.2517570663169354
65,3,health_pct,111,2000,-0.18917179883671581
65,3,marketplaces_pct,111,2000,-0.55677536291729668
65,3,horeca_pct,111,2000,-0.058510899690679227
65,3,food_pct,111,2000,0.054341499315565124
65,3,transport_pct,111,2000,-0.15087104370472471
65,3,wage_total,111,1814,0.62659138761890598
65,3,population_total,109,1782,-0.54342094250081607
65,3,market_access,100,1988,-0.52877337328994856
65,3,agriculture_share,80,1039,-0.45071115251247773
65,3,manufacturing_share,41,991,-0.44510691243241801
65,3,mining_share,40,286,0.78271248566411056
65,3,public_share,100,1612,-0.096670944288182861
66,0,total_rub,335,1952,0.56945050155868748
66,0,health_pct,335,1952,0.15273632758280839
66,0,marketplaces_pct,335,1952,-0.075882373850053489
66,0,horeca_pct,335,1952,1.1749679058774412
66,0,food_pct,335,1952,-0.25198112691000041
66,0,transport_pct,335,1952,0.23472079499322099
66,0,wage_total,181,1766,0.5710819507871816
66,0,population_total,180,1734,2.9749164520011262
66,0,market_access,334,1940,0.45821063090252429
66,0,agriculture_share,67,1031,-0.73206261276184714
66,0,manufacturing_share,153,953,0.02243540763200361
66,0,mining_share,38,284,-0.79525897282928792
66,0,public_share,157,1574,-0.20923684316029412
66,1,total_rub,546,1952,-0.018128384629626623
66,1,health_pct,546,1952,-0.026941708655082591
66,1,marketplaces_pct,546,1952,-0.042896931355928342
66,1,horeca_pct,546,1952,0.13425137400108628
66,1,food_pct,546,1952,-0.035995432135443123
66,1,transport_pct,546,1952,0.090962787577113818
66,1,wage_total,527,1766,0.036204628403598525
66,1,population_total,504,1734,0.25729485300561383
66,1,market_access,546,1940,-0.076969277282044779
66,1,agriculture_share,322,1031,-0.3551385005961879
66,1,manufacturing_share,397,953,0.090661115028361411
66,1,mining_share,136,284,0.094117849539682746
66,1,public_share,502,1574,-0.078346855119127562
66,2,total_rub,944,1952,-0.22757873504658607
66,2,health_pct,944,1952,-0.012757242439356751
66,2,marketplaces_pct,944,1952,0.12633862033292767
66,2,horeca_pct,944,1952,-0.48823074769177727
66,2,food_pct,944,1952,0.10247882468102505
66,2,transport_pct,944,1952,-0.11664543332643937
66,2,wage_total,931,1766,-0.21755871038136965
66,2,population_total,925,1734,-0.64393993610107092
66,2,market_access,944,1940,-0.051475137428695368
66,2,agriculture_share,549,1031,0.36751354452167567
66,2,manufacturing_share,358,953,-0.056140706227382348
66,2,mining_share,66,284,-0.21035223735363318
66,2,public_share,800,1574,0.10166896973363257
66,3,total_rub,127,1952,0.26745280212278055
66,3,health_pct,127,1952,-0.19223354292765865
66,3,marketplaces_pct,127,1952,-0.55449872310377257
66,3,horeca_pct,127,1952,-0.047446242933055861
66,3,food_pct,127,1952,0.057694275290666876
66,3,transport_pct,127,1952,-0.14317999432814305
66,3,wage_total,127,1766,0.63072037089668254
66,3,population_total,125,1734,-0.55613701105233126
66,3,market_access,116,1940,-0.53814306545481216
66,3,agriculture_share,93,1031,-0.41249616876756634
66,3,manufacturing_share,45,953,-0.42948238232340391
66,3,mining_share,44,284,0.71143320671490573
66,3,public_share,115,1574,-0.079607566442939023
67,0,total_rub,338,1989,0.56443848575029698
67,0,health_pct,338,1989,0.15458870034412978
67,0,marketplaces_pct,338,1989,-0.073088228119768214
67,0,horeca_pct,338,1989,1.1632883015525131
67,0,food_pct,338,1989,-0.25077767855842259
67,0,transport_pct,338,1989,0.2366991326749561
67,0,wage_total,184,1803,0.56480970852821322
67,0,population_total,183,1771,3.0373151668648788
67,0,market_access,337,1977,0.45970020288550467
67,0,agriculture_share,69,1038,-0.7399289700862558
67,0,manufacturing_share,156,983,0.019090032264983809
67,0,mining_share,39,290,-0.80005318279387605
67,0,public_share,160,1608,-0.20958504807465975
67,1,total_rub,574,1989,-0.01770988272538089
67,1,health_pct,574,1989,-0.027031630995038431
67,1,marketplaces_pct,574,1989,-0.042318260135545224
67,1,horeca_pct,574,1989,0.13030543030490935
67,1,food_pct,574,1989,-0.034574395326431528
67,1,transport_pct,574,1989,0.084950486883584503
67,1,wage_total,555,1803,0.031576611184827595
67,1,population_total,532,1771,0.21883295611494216
67,1,market_access,574,1977,-0.0761734901452885
67,1,agriculture_share,328,1038,-0.34254043267422346
67,1,manufacturing_share,421,983,0.096744701667229469
67,1,mining_share,141,290,0.098778128007768862
67,1,public_share,529,1608,-0.077377934015008601
67,2,total_rub,950,1989,-0.2256020232260858
67,2,health_pct,950,1989,-0.013118363033680067
67,2,marketplaces_pct,950,1989,0.12545326828234848
67,2,horeca_pct,950,1989,-0.48572446275683562
67,2,food_pct,950,1989,0.10231410616241456
67,2,transport_pct,950,1989,-0.11659773311223204
67,2,wage_total,937,1803,-0.21458889638718887
67,2,population_total,931,1771,-0.64664978238885062
67,2,market_access,950,1977,-0.051567280363638709
67,2,agriculture_share,548,1038,0.36906706980921744
67,2,manufacturing_share,361,983,-0.066706883738348738
67,2,mining_share,66,290,-0.21125365518495848
67,2,public_share,804,1608,0.10353316582802483
67,3,total_rub,127,1989,0.26541091783897541
67,3,health_pct,127,1989,-0.19112109955250292
67,3,marketplaces_pct,127,1989,-0.55264647595233618
67,3,horeca_pct,127,1989,-0.051563175596643467
67,3,food_pct,127,1989,0.058347696187596151
67,3,transport_pct,127,1989,-0.14171684928103911
67,3,wage_total,127,1803,0.62692748297657885
67,3,population_total,125,1771,-0.56173488628321788
67,3,market_access,116,1977,-0.53626266106519205
67,3,agriculture_share,93,1038,-0.41763863873499052
67,3,manufacturing_share,45,983,-0.43614176457105047
67,3,mining_share,44,290,0.70947953004711528
67,3,public_share,115,1608,-0.076296787303018754
68,0,total_rub,338,1992,0.56284120201658694
68,0,health_pct,338,1992,0.15741890926517532
68,0,marketplaces_pct,338,1992,-0.07244717936183781
68,0,horeca_pct,338,1992,1.1600236540993896
68,0,food_pct,338,1992,-0.25120276375452505
68,0,transport_pct,338,1992,0.23889664052688214
68,0,wage_total,184,1806,0.56548752262682422
68,0,population_total,183,1774,3.0402721182651198
68,0,market_access,337,1980,0.46057839332583278
68,0,agriculture_share,69,1035,-0.7327854202001125
68,0,manufacturing_share,156,985,0.017118116796112061
68,0,mining_share,39,290,-0.80005318279387605
68,0,public_share,160,1609,-0.21012189926969699
68,1,total_rub,578,1992,-0.018212951036429292
68,1,health_pct,578,1992,-0.025228438785029953
68,1,marketplaces_pct,578,1992,-0.040575470108731734
68,1,horeca_pct,578,1992,0.12859505219378792
68,1,food_pct,578,1992,-0.03498119472276804
68,1,transport_pct,578,1992,0.086025990727330373
68,1,wage_total,559,1806,0.030819406877166694
68,1,population_total,536,1774,0.21805586460570806
68,1,market_access,578,1980,-0.073830067840911465
68,1,agriculture_share,333,1035,-0.3292445533965796
68,1,manufacturing_share,425,985,0.099481925441515823
68,1,mining_share,141,290,0.098778128007768862
68,1,public_share,533,1609,-0.07930243027525781
68,2,total_rub,949,1992,-0.22471690824903442
68,2,health_pct,949,1992,-0.015389870631571306
68,2,marketplaces_pct,949,1992,0.12443264332074354
68,2,horeca_pct,949,1992,-0.48438950159149297
68,2,food_pct,949,1992,0.10304717321558188
68,2,transport_pct,949,1992,-0.11872047879400403
68,2,wage_total,936,1806,-0.21472974628489525
68,2,population_total,930,1774,-0.64846344489501517
68,2,market_access,949,1980,-0.053073797814581707
68,2,agriculture_share,540,1035,0.36583960093601037
68,2,manufacturing_share,359,985,-0.070403252820237086
68,2,mining_share,66,290,-0.21125365518495848
68,2,public_share,801,1609,0.10578524163917666
68,3,total_rub,127,1992,0.26411893973057832
68,3,health_pct,127,1992,-0.1891383187757556
68,3,marketplaces_pct,127,1992,-0.55233708790738256
68,3,horeca_pct,127,1992,-0.052994474356505825
68,3,food_pct,127,1992,0.057747222970096622
68,3,transport_pct,127,1992,-0.14019175403915829
68,3,wage_total,127,1806,0.62763220405503928
68,3,population_total,125,1774,-0.56141389855049939
68,3,market_access,116,1980,-0.53598366562690225
68,3,agriculture_share,93,1035,-0.4016425186083516
68,3,manufacturing_share,45,985,-0.43723281711939288
68,3,mining_share,44,290,0.70947953004711528
68,3,public_share,115,1609,-0.07692416811405757
69,0,total_rub,338,1979,0.56448777526795757
69,0,health_pct,338,1979,0.15290841906328764
69,0,marketplaces_pct,338,1979,-0.068180118731564682
69,0,horeca_pct,338,1979,1.1593575624681784
69,0,food_pct,338,1979,-0.25059342475616958
69,0,transport_pct,338,1979,0.23667848900639538
69,0,wage_total,184,1793,0.56357414042484666
69,0,population_total,183,1761,3.027441352734566
69,0,market_access,337,1967,0.46123080724206772
69,0,agriculture_share,69,1039,-0.73997391756053921
69,0,manufacturing_share,156,980,0.018811518733212618
69,0,mining_share,39,290,-0.80005318279387605
69,0,public_share,160,1591,-0.20737298552989181
69,1,total_rub,573,1979,-0.018317951399477291
69,1,health_pct,573,1979,-0.028872592339317459
69,1,marketplaces_pct,573,1979,-0.038831564240779215
69,1,horeca_pct,573,1979,0.12713462703972406
69,1,food_pct,573,1979,-0.03434996511013793
69,1,transport_pct,573,1979,0.084621954932533855
69,1,wage_total,554,1793,0.030189764602409248
69,1,population_total,531,1761,0.21229176092533431
69,1,market_access,573,1967,-0.07650217988232573
69,1,agriculture_share,329,1039,-0.34695559609259036
69,1,manufacturing_share,420,980,0.095464623910487989
69,1,mining_share,141,290,0.098778128007768862
69,1,public_share,528,1591,-0.075029618814956206
69,2,total_rub,941,1979,-0.22743138334493163
69,2,health_pct,941,1979,-0.011389128949400544
69,2,marketplaces_pct,941,1979,0.12240237243564481
69,2,horeca_pct,941,1979,-0.48665633508052342
69,2,food_pct,941,1979,0.10301795441889067
69,2,transport_pct,941,1979,-0.11741323069136334
69,2,wage_total,928,1793,-0.21538730121177113
69,2,population_total,922,1761,-0.64685233411298293
69,2,market_access,941,1967,-0.052549384492732866
69,2,agriculture_share,548,1039,0.37236559326272634
69,2,manufacturing_share,359,980,-0.065171100397069484
69,2,mining_share,66,290,-0.21125365518495848
69,2,public_share,788,1591,0.10313726175751778
69,3,total_rub,127,1979,0.26545078613315942
69,3,health_pct,127,1979,-0.19229826686280571
69,3,marketplaces_pct,127,1979,-0.55027768520241349
69,3,horeca_pct,127,1979,-0.053286504702629481
69,3,food_pct,127,1979,0.058607972185184022
69,3,transport_pct,127,1979,-0.14173117621992551
69,3,wage_total,127,1793,0.62564286690249604
69,3,population_total,125,1761,-0.56280672439686219
69,3,market_access,116,1967,-0.53577639793398779
69,3,agriculture_share,93,1039,-0.41773928690144624
69,3,manufacturing_share,45,980,-0.43629586493862893
69,3,mining_share,44,290,0.70947953004711528
69,3,public_share,115,1591,-0.073711703007343893
70,0,total_rub,336,1997,0.56868800972243738
70,0,health_pct,336,1997,0.15459844244773685
70,0,marketplaces_pct,336,1997,-0.075339050620112508
70,0,horeca_pct,336,1997,1.1696225544321925
70,0,food_pct,336,1997,-0.25147709358959619
70,0,transport_pct,336,1997,0.23715833078136275
70,0,wage_total,182,1811,0.57758565053161504
70,0,population_total,181,1779,3.0353041519630004
70,0,market_access,335,1985,0.45625897787786318
70,0,agriculture_share,67,1042,-0.76640043470347308
70,0,manufacturing_share,155,987,0.0089410291600824053
70,0,mining_share,38,285,-0.793954203589188
70,0,public_share,158,1614,-0.20946996420818609
70,1,total_rub,579,1997,-0.016294295840468442
70,1,health_pct,579,1997,-0.026961301949922072
70,1,marketplaces_pct,579,1997,-0.043751508781576617
70,1,horeca_pct,579,1997,0.13225069947861412
70,1,food_pct,579,1997,-0.034757286002926588
70,1,transport_pct,579,1997,0.085015742615645276
70,1,wage_total,560,1811,0.034133130959396754
70,1,population_total,537,1779,0.23311617207329027
70,1,market_access,579,1985,-0.076487560934659832
70,1,agriculture_share,334,1042,-0.34258747316161364
70,1,manufacturing_share,426,987,0.092559648294178912
70,1,mining_share,140,285,0.11194345406657921
70,1,public_share,534,1614,-0.077671507991717237
70,2,total_rub,956,1997,-0.22549208312644506
70,2,health_pct,956,1997,-0.01267804384825756
70,2,marketplaces_pct,956,1997,0.12619707993060669
70,2,horeca_pct,956,1997,-0.48455720418251214
70,2,food_pct,956,1997,0.10175987129791651
70,2,transport_pct,956,1997,-0.11633990706269041
70,2,wage_total,943,1811,-0.21638014999233593
70,2,population_total,937,1779,-0.6462167640287596
70,2,market_access,956,1985,-0.048627997169376436
70,2,agriculture_share,548,1042,0.37242694868926168
70,2,manufacturing_share,362,987,-0.059948705269055505
70,2,mining_share,64,285,-0.26091823489907262
70,2,public_share,808,1614,0.10241536491578593
70,3,total_rub,126,1997,0.26925124995058192
70,3,health_pct,126,1997,-0.19217676916270282
70,3,marketplaces_pct,126,1997,-0.55554257000610618
70,3,horeca_pct,126,1997,-0.050235286419466098
70,3,food_pct,126,1997,0.058240754611033729
70,3,transport_pct,126,1997,-0.14038383305606819
70,3,wage_total,126,1811,0.63342333102188009
70,3,population_total,124,1779,-0.55700264527187182
70,3,market_access,115,1985,-0.5397573435999331
70,3,agriculture_share,93,1042,-0.4120099217269228
70,3,manufacturing_share,44,987,-0.43442814513033601
70,3,mining_share,43,285,0.72551030699089958
70,3,public_share,114,1614,-0.071743642451617795
71,0,total_rub,337,1992,0.56781729044227969
71,0,health_pct,337,1992,0.15541178556385546
71,0,marketplaces_pct,337,1992,-0.072015317697194978
71,0,horeca_pct,337,1992,1.1673466768906786
71,0,food_pct,337,1992,-0.25202622769521216
71,0,transport_pct,337,1992,0.23716515375309405
71,0,wage_total,183,1806,0.57047563535828161
71,0,population_total,182,1774,3.0365418813947778
71,0,market_access,336,1980,0.46255419731869174
71,0,agriculture_share,68,1036,-0.73500986238851918
71,0,manufacturing_share,155,980,0.019288494876522542
71,0,mining_share,38,289,-0.79593413354821108
71,0,public_share,159,1603,-0.20917935236129137
71,1,total_rub,572,1992,-0.016397018869127734
71,1,health_pct,572,1992,-0.02737343926689385
71,1,marketplaces_pct,572,1992,-0.043003157910762417
71,1,horeca_pct,572,1992,0.13447448038619797
71,1,food_pct,572,1992,-0.035484174530984576
71,1,transport_pct,572,1992,0.086671266531183122
71,1,wage_total,553,1806,0.033338450357226962
71,1,population_total,530,1774,0.23399319094240847
71,1,market_access,572,1980,-0.076228392833916095
71,1,agriculture_share,328,1036,-0.34195902025240082
71,1,manufacturing_share,420,980,0.094061633947146436
71,1,mining_share,141,289,0.095053612700518098
71,1,public_share,527,1603,-0.07746268875860525
71,2,total_rub,956,1992,-0.22588313951777558
71,2,health_pct,956,1992,-0.013078574710492947
71,2,marketplaces_pct,956,1992,0.12444457292310655
71,2,horeca_pct,956,1992,-0.48523540125540371
71,2,food_pct,956,1992,0.10250022383782707
71,2,transport_pct,956,1992,-0.11664365613547537
71,2,wage_total,943,1806,-0.2152108934956071
71,2,population_total,937,1774,-0.64769586028144099
71,2,market_access,956,1980,-0.051976548638704829
71,2,agriculture_share,547,1036,0.36674183733967181
71,2,manufacturing_share,360,980,-0.063888309059905654
71,2,mining_share,66,289,-0.21392725940033192
71,2,public_share,802,1603,0.10342168409872517
71,3,total_rub,127,1992,0.2674720416778455
71,3,health_pct,127,1992,-0.19065391378838409
71,3,marketplaces_pct,127,1992,-0.55198459311479742
71,3,horeca_pct,127,1992,-0.050631411755103037
71,3,food_pct,127,1992,0.057004508472808572
71,3,transport_pct,127,1992,-0.14164792130011772
71,3,wage_total,127,1806,0.63079266337201201
71,3,population_total,125,1774,-0.55820794023692666
71,3,market_access,116,1980,-0.53556887154722987
71,3,agriculture_share,93,1036,-0.41359737354401876
71,3,manufacturing_share,45,980,-0.43324026004658722
71,3,mining_share,44,289,0.70368492737456623
71,3,public_share,115,1603,-0.077059449095195215
72,0,total_rub,337,1992,0.56688719560473444
72,0,health_pct,337,1992,0.15378559879710535
72,0,marketplaces_pct,337,1992,-0.075487148318509417
72,0,horeca_pct,337,1992,1.1664558080764122
72,0,food_pct,337,1992,-0.25157116270648439
72,0,transport_pct,337,1992,0.24015535539095681
72,0,wage_total,183,1824,0.57143084286055901
72,0,population_total,182,1792,3.0306486548012574
72,0,market_access,336,1980,0.45726326295177799
72,0,agriculture_share,68,1047,-0.73494530778768719
72,0,manufacturing_share,155,990,0.014007933784191871
72,0,mining_share,38,289,-0.80112941253198378
72,0,public_share,159,1621,-0.20932531270337318
72,1,total_rub,570,1992,-0.015711458606804694
72,1,health_pct,570,1992,-0.026372890469623787
72,1,marketplaces_pct,570,1992,-0.042365104038318259
72,1,horeca_pct,570,1992,0.13576768193355637
72,1,food_pct,570,1992,-0.03553059266104646
72,1,transport_pct,570,1992,0.086585999562447266
72,1,wage_total,557,1824,0.034067648808715469
72,1,population_total,534,1792,0.243973045718301
72,1,market_access,570,1980,-0.076190743554789581
72,1,agriculture_share,331,1047,-0.34550434653091699
72,1,manufacturing_share,423,990,0.097538588289474731
72,1,mining_share,141,289,0.095822286848245994
72,1,public_share,531,1621,-0.079020324754712601
72,2,total_rub,958,1992,-0.22547607204305803
72,2,health_pct,958,1992,-0.012994493318533773
72,2,marketplaces_pct,958,1992,0.1252038917614669
72,2,horeca_pct,958,1992,-0.48442889133385836
72,2,food_pct,958,1992,0.10202611425326995
72,2,transport_pct,958,1992,-0.11752742597710915
72,2,wage_total,957,1824,-0.21319864572860769
72,2,population_total,951,1792,-0.6440011771903198
72,2,market_access,958,1980,-0.049967385632093936
72,2,agriculture_share,555,1047,0.36552634850774313
72,2,manufacturing_share,367,990,-0.064384763562996897
72,2,mining_share,66,289,-0.2133754747325087
72,2,public_share,816,1621,0.10299997574597312
72,3,total_rub,127,1992,0.26709152365616273
72,3,health_pct,127,1992,-0.19168877659671951
72,3,marketplaces_pct,127,1992,-0.55400039387642586
72,3,horeca_pct,127,1992,-0.05039612697670743
72,3,food_pct,127,1992,0.057408678694874579
72,3,transport_pct,127,1992,-0.13933149945887385
72,3,wage_total,127,1824,0.63372897112079229
72,3,population_total,125,1792,-0.55531633663526159
72,3,market_access,116,1980,-0.53743945767259715
72,3,agriculture_share,93,1047,-0.41428928806990428
72,3,manufacturing_share,45,990,-0.44001876345283997
72,3,mining_share,44,289,0.70488083097632404
72,3,public_share,115,1621,-0.076569243861960345
73,0,total_rub,338,1995,0.5628909507448504
73,0,health_pct,338,1995,0.15648166467915928
73,0,marketplaces_pct,338,1995,-0.074218939746981419
73,0,horeca_pct,338,1995,1.1630205006050744
73,0,food_pct,338,1995,-0.25080984006836504
73,0,transport_pct,338,1995,0.23782792434430733
73,0,wage_total,184,1809,0.56513427102058522
73,0,population_total,183,1777,3.0613211922687937
73,0,market_access,337,1983,0.45938476146731166
73,0,agriculture_share,69,1044,-0.73963437364177398
73,0,manufacturing_share,156,986,0.014786493783704531
73,0,mining_share,39,290,-0.80005318279387605
73,0,public_share,160,1606,-0.20711730851141708
73,1,total_rub,578,1995,-0.018357395454494992
73,1,health_pct,578,1995,-0.026091245010743103
73,1,marketplaces_pct,578,1995,-0.041696863240891134
73,1,horeca_pct,578,1995,0.12933798617611891
73,1,food_pct,578,1995,-0.034535619886870476
73,1,transport_pct,578,1995,0.085428380076188401
73,1,wage_total,559,1809,0.030180231763881925
73,1,population_total,536,1777,0.21177640340890319
73,1,market_access,578,1983,-0.074128574479275192
73,1,agriculture_share,333,1044,-0.34634841726029703
73,1,manufacturing_share,425,986,0.094690127647564945
73,1,mining_share,141,290,0.098778128007768862
73,1,public_share,533,1606,-0.075649784502481762
73,2,total_rub,952,1995,-0.2239440993389569
73,2,health_pct,952,1995,-0.014397170980709133
73,2,marketplaces_pct,952,1995,0.1254644922147144
73,2,horeca_pct,952,1995,-0.48455341471457386
73,2,food_pct,952,1995,0.10223836825917902
73,2,transport_pct,952,1995,-0.11750514003282136
73,2,wage_total,939,1809,-0.21354430401892796
73,2,population_total,933,1777,-0.64720558649545845
73,2,market_access,952,1983,-0.052256570475054609
73,2,agriculture_share,549,1044,0.37367548020354119
73,2,manufacturing_share,360,986,-0.063379075097569446
73,2,mining_share,66,290,-0.21125365518495848
73,2,public_share,798,1606,0.1026348236400009
73,3,total_rub,127,1995,0.26415917946161704
73,3,health_pct,127,1995,-0.18979493127331518
73,3,marketplaces_pct,127,1995,-0.55319218898183997
73,3,horeca_pct,127,1995,-0.051680585874311243
73,3,food_pct,127,1995,0.058302264999843992
73,3,transport_pct,127,1995,-0.14093345512729652
73,3,wage_total,127,1809,0.62726492952736745
73,3,population_total,125,1777,-0.55912894569678984
73,3,market_access,116,1983,-0.53636287476905631
73,3,agriculture_share,93,1044,-0.41697896669658929
73,3,manufacturing_share,45,986,-0.43852289434106845
73,3,mining_share,44,290,0.70947953004711528
73,3,public_share,115,1606,-0.07341291098322715
74,0,total_rub,337,1979,0.56452025237436254
74,0,health_pct,337,1979,0.15599867213827529
74,0,marketplaces_pct,337,1979,-0.07662192688048762
74,0,horeca_pct,337,1979,1.1679464801032786
74,0,food_pct,337,1979,-0.25144093454205008
74,0,transport_pct,337,1979,0.23625402695264547
74,0,wage_total,183,1793,0.56924364321948762
74,0,population_total,182,1761,3.0134847691470972
74,0,market_access,336,1967,0.45782659118829283
74,0,agriculture_share,68,1039,-0.73409703377243885
74,0,manufacturing_share,155,970,0.021337747665252565
74,0,mining_share,38,280,-0.79733736787318021
74,0,public_share,159,1590,-0.20910629104242207
74,1,total_rub,570,1979,-0.018346609389448428
74,1,health_pct,570,1979,-0.027445529199070742
74,1,marketplaces_pct,570,1979,-0.043589706785123646
74,1,horeca_pct,570,1979,0.12944667986553399
74,1,food_pct,570,1979,-0.034613751358082645
74,1,transport_pct,570,1979,0.085004130422894633
74,1,wage_total,551,1793,0.032781564311990932
74,1,population_total,528,1761,0.22847438889176536
74,1,market_access,570,1967,-0.075831086802904846
74,1,agriculture_share,332,1039,-0.34231795788250097
74,1,manufacturing_share,417,970,0.090381468811726359
74,1,mining_share,139,280,0.096220833167907333
74,1,public_share,525,1590,-0.075745775455552167
74,2,total_rub,945,1979,-0.22580554434282382
74,2,health_pct,945,1979,-0.013518352499463647
74,2,marketplaces_pct,945,1979,0.1281434321087393
74,2,horeca_pct,945,1979,-0.48787390729913593
74,2,food_pct,945,1979,0.10277845947289818
74,2,transport_pct,945,1979,-0.11642208827359227
74,2,wage_total,932,1793,-0.21690752259939539
74,2,population_total,926,1761,-0.64784519089256198
74,2,market_access,945,1967,-0.051079767833716185
74,2,agriculture_share,546,1039,0.36980143554775963
74,2,manufacturing_share,353,970,-0.061009799516086281
74,2,mining_share,59,280,-0.22684519393912111
74,2,public_share,791,1590,0.10337785853083467
74,3,total_rub,127,1979,0.26457072209286536
74,3,health_pct,127,1979,-0.1901791949223251
74,3,marketplaces_pct,127,1979,-0.55454977257097571
74,3,horeca_pct,127,1979,-0.049934873389576126
74,3,food_pct,127,1979,0.057793614274717936
74,3,transport_pct,127,1979,-0.14213455122477717
74,3,wage_total,127,1793,0.62931954659498701
74,3,population_total,125,1761,-0.55347246842489128
74,3,market_access,116,1967,-0.53737615998921151
74,3,agriculture_share,93,1039,-0.41229487629634759
74,3,manufacturing_share,45,970,-0.43244364785390421
74,3,mining_share,44,280,0.68881796843749687
74,3,public_share,115,1590,-0.076151771373743973
75,0,total_rub,338,1988,0.56633649928847196
75,0,health_pct,338,1988,0.1546157215872222
75,0,marketplaces_pct,338,1988,-0.080478758752428922
75,0,horeca_pct,338,1988,1.1690547273779863
75,0,food_pct,338,1988,-0.25128235399104115
75,0,transport_pct,338,1988,0.24299053122158112
75,0,wage_total,184,1802,0.57424900407201163
75,0,population_total,183,1770,3.024345963098118
75,0,market_access,337,1976,0.44797532599275669
75,0,agriculture_share,69,1042,-0.74047463222419263
75,0,manufacturing_share,156,986,0.010068599655786927
75,0,mining_share,39,281,-0.79675304975974715
75,0,public_share,160,1601,-0.20803889622959668
75,1,total_rub,559,1988,-0.013721414222198023
75,1,health_pct,559,1988,-0.025993825122141698
75,1,marketplaces_pct,559,1988,-0.038484028462642983
75,1,horeca_pct,559,1988,0.14384920371212453
75,1,food_pct,559,1988,-0.037178071954766606
75,1,transport_pct,559,1988,0.083450524613684768
75,1,wage_total,540,1802,0.036345263641577419
75,1,population_total,517,1770,0.25222460518119344
75,1,market_access,559,1976,-0.065063800777583891
75,1,agriculture_share,325,1042,-0.33973001146243254
75,1,manufacturing_share,421,986,0.09909106497212565
75,1,mining_share,137,281,0.11913669515977779
75,1,public_share,516,1601,-0.087675577332104057
75,2,total_rub,969,1988,-0.22470351156448068
75,2,health_pct,969,1988,-0.013630158320444976
75,2,marketplaces_pct,969,1988,0.11984292559899248
75,2,horeca_pct,969,1988,-0.48489807586702199
75,2,food_pct,969,1988,0.10200052803816209
75,2,transport_pct,969,1988,-0.11369831444680271
75,2,wage_total,956,1802,-0.21235504665680568
75,2,population_total,950,1770,-0.65008191242955626
75,2,market_access,969,1976,-0.056375057139168558
75,2,agriculture_share,556,1042,0.35882603465719271
75,2,manufacturing_share,366,986,-0.063780334038200548
75,2,mining_share,65,281,-0.20982597770070036
75,2,public_share,815,1601,0.10487388388152052
75,3,total_rub,122,1988,0.27857570898923634
75,3,health_pct,122,1988,-0.20099952656305556
75,3,marketplaces_pct,122,1988,-0.55256887324987769
75,3,horeca_pct,122,1988,-0.046606288636822799
75,3,food_pct,122,1988,0.056372673792684576
75,3,transport_pct,122,1988,-0.15250800092616854
75,3,wage_total,122,1802,0.63707512695249457
75,3,population_total,120,1770,-0.55231346097961764
75,3,market_access,111,1976,-0.54026657528860744
75,3,agriculture_share,92,1042,-0.41306817305042887
75,3,manufacturing_share,43,986,-0.46382413119967913
75,3,mining_share,40,281,0.70975825635715173
75,3,public_share,110,1601,-0.063139946030347366
76,0,total_rub,338,1997,0.56638689661807473
76,0,health_pct,338,1997,0.1543520979330372
76,0,marketplaces_pct,338,1997,-0.074621334053195501
76,0,horeca_pct,338,1997,1.1693494626765468
76,0,food_pct,338,1997,-0.25131313658742177
76,0,transport_pct,338,1997,0.23624321570299023
76,0,wage_total,184,1811,0.56843104488244112
76,0,population_total,183,1779,3.0692302399961102
76,0,market_access,337,1985,0.46122753613553696
76,0,agriculture_share,69,1035,-0.7397890229575077
76,0,manufacturing_share,156,986,0.01602519866351276
76,0,mining_share,39,289,-0.8006570257958
76,0,public_share,160,1608,-0.20952101193928391
76,1,total_rub,575,1997,-0.017211165835106179
76,1,health_pct,575,1997,-0.027345822566256412
76,1,marketplaces_pct,575,1997,-0.04280830178177733
76,1,horeca_pct,575,1997,0.13174430479381413
76,1,food_pct,575,1997,-0.035005924620082417
76,1,transport_pct,575,1997,0.084836012075670278
76,1,wage_total,556,1811,0.032354200389274675
76,1,population_total,533,1779,0.21451757532357157
76,1,market_access,575,1985,-0.076675775502897156
76,1,agriculture_share,330,1035,-0.34554694019783616
76,1,manufacturing_share,422,986,0.094407854374852856
76,1,mining_share,140,289,0.10239740562861727
76,1,public_share,530,1608,-0.076940892591270238
76,2,total_rub,957,1997,-0.22513029057100578
76,2,health_pct,957,1997,-0.012699822543704905
76,2,marketplaces_pct,957,1997,0.12551395683472027
76,2,horeca_pct,957,1997,-0.48566567881542394
76,2,food_pct,957,1997,0.10215062731863664
76,2,transport_pct,957,1997,-0.11556184924670863
76,2,wage_total,944,1811,-0.21470148795105015
76,2,population_total,938,1779,-0.64629339318708634
76,2,market_access,957,1985,-0.051405356379176141
76,2,agriculture_share,543,1035,0.37548284044549224
76,2,manufacturing_share,363,986,-0.062361864880781874
76,2,mining_share,66,289,-0.21363568340258507
76,2,public_share,803,1608,0.10344652496252919
76,3,total_rub,127,1997,0.26698690846243522
76,3,health_pct,127,1997,-0.19128685788538002
76,3,marketplaces_pct,127,1997,-0.55338639571909654
76,3,horeca_pct,127,1997,-0.048905819013819955
76,3,food_pct,127,1997,0.057591310859532174
76,3,transport_pct,127,1997,-0.14203326080331352
76,3,wage_total,127,1811,0.63069257441720972
76,3,population_total,125,1779,-0.55827039005811885
76,3,market_access,116,1985,-0.53577743714343296
76,3,agriculture_share,93,1035,-0.41732526357578914
76,3,manufacturing_share,45,986,-0.43783752413271348
76,3,mining_share,44,289,0.70431687096819162
76,3,public_share,115,1608,-0.076221952706543486
77,0,total_rub,199,1872,0.53094260074936483
77,0,health_pct,199,1872,0.16475236917939123
77,0,marketplaces_pct,199,1872,-0.086400458788396459
77,0,horeca_pct,199,1872,1.3154807395370702
77,0,food_pct,199,1872,-0.25103193649009814
77,0,transport_pct,199,1872,0.26818134093346746
77,0,wage_total,182,1828,0.56764285411272142
77,0,population_total,181,1796,3.0939495703997832
77,0,market_access,198,1860,0.25779600415543391
77,0,agriculture_share,69,1052,-0.73860562205077451
77,0,manufacturing_share,154,993,0.011356064678727911
77,0,mining_share,39,290,-0.80005318279387605
77,0,public_share,158,1625,-0.20844294570948516
77,1,total_rub,575,1872,0.040930950916482092
77,1,health_pct,575,1872,-0.014752038603489358
77,1,marketplaces_pct,575,1872,-0.051372881758119639
77,1,horeca_pct,575,1872,0.25680062201950776
77,1,food_pct,575,1872,-0.054782887659366494
77,1,transport_pct,575,1872,0.10552983299679931
77,1,wage_total,561,1828,0.034895192286345821
77,1,population_total,538,1796,0.23352918236180947
77,1,market_access,575,1860,-0.014543835357768566
77,1,agriculture_share,334,1052,-0.34556759636754958
77,1,manufacturing_share,427,993,0.096625062902176886
77,1,mining_share,141,290,0.098778128007768862
77,1,public_share,535,1625,-0.079315507813326677
77,2,total_rub,971,1872,-0.17790439724886783
77,2,health_pct,971,1872,-0.0013511350394698144
77,2,marketplaces_pct,971,1872,0.12079532702548874
77,2,horeca_pct,971,1872,-0.42879260810636766
77,2,food_pct,971,1872,0.07920752088025218
77,2,transport_pct,971,1872,-0.10105800128830658
77,2,wage_total,958,1828,-0.21246727814067903
77,2,population_total,952,1796,-0.64682233320660787
77,2,market_access,971,1860,0.016265487470582971
77,2,agriculture_share,556,1052,0.36861182054951291
77,2,manufacturing_share,367,993,-0.063312711972618951
77,2,mining_share,66,290,-0.21125365518495848
77,2,public_share,817,1625,0.10299496012564797
77,3,total_rub,127,1872,0.34293145986259865
77,3,health_pct,127,1872,-0.18103422949895395
77,3,marketplaces_pct,127,1872,-0.55558397033023565
77,3,horeca_pct,127,1872,0.05446139875739231
77,3,food_pct,127,1872,0.035787503865671255
77,3,transport_pct,127,1872,-0.12535765014152669
77,3,wage_total,127,1828,0.63509015856389894
77,3,population_total,125,1796,-0.55894968912258858
77,3,market_access,116,1860,-0.50409217091374914
77,3,agriculture_share,93,1052,-0.41467534534692696
77,3,manufacturing_share,45,993,-0.43937712279560959
77,3,mining_share,44,290,0.70947953004711528
77,3,public_share,115,1625,-0.076340002786314615
78,0,total_rub,241,1918,0.62021814288480692
78,0,health_pct,241,1918,0.1569524943392985
78,0,marketplaces_pct,241,1918,-0.059115434654229658
78,0,horeca_pct,241,1918,1.247914758311383
78,0,food_pct,241,1918,-0.25536575821323276
78,0,transport_pct,241,1918,0.25491375344204537
78,0,wage_total,104,1750,0.45273529581738098
78,0,population_total,103,1718,5.3761189965552845
78,0,market_access,240,1906,0.57440422514077405
78,0,agriculture_share,67,1050,-0.73325161736073885
78,0,manufacturing_share,94,933,0.05228522960393573
78,0,mining_share,37,288,-0.79253545829643746
78,0,public_share,103,1570,-0.21517392027301138
78,1,total_rub,579,1918,0.01272417309516374
78,1,health_pct,579,1918,-0.017954607021490043
78,1,marketplaces_pct,579,1918,-0.050074284760251588
78,1,horeca_pct,579,1918,0.2209824982235149
78,1,food_pct,579,1918,-0.048499721291712289
78,1,transport_pct,579,1918,0.099364779562647568
78,1,wage_total,561,1750,0.07261411307511853
78,1,population_total,538,1718,0.24085394240293717
78,1,market_access,579,1906,-0.064380349103453208
78,1,agriculture_share,334,1050,-0.34672962138989161
78,1,manufacturing_share,427,933,0.092478290045991368
78,1,mining_share,141,288,0.09146495215808613
78,1,public_share,535,1570,-0.08592697119372672
78,2,total_rub,971,1918,-0.2013646628339151
78,2,health_pct,971,1918,-0.0042591350625038344
78,2,marketplaces_pct,971,1918,0.11737510784971301
78,2,horeca_pct,971,1918,-0.44476621265319644
78,2,food_pct,971,1918,0.086682168615998839
78,2,transport_pct,971,1918,-0.10555172443637681
78,2,wage_total,958,1750,-0.18376400018965031
78,2,population_total,952,1718,-0.64472514596682673
78,2,market_access,971,1906,-0.040079032625889958
78,2,agriculture_share,556,1050,0.36618168235262
78,2,manufacturing_share,367,933,-0.066854696878970166
78,2,mining_share,66,288,-0.21650334169890964
78,2,public_share,817,1570,0.095074319722205675
78,3,total_rub,127,1918,0.30460802326293918
78,3,health_pct,127,1918,-0.18341900413100168
78,3,marketplaces_pct,127,1918,-0.55694015034816335
78,3,horeca_pct,127,1918,0.024973773714922549
78,3,food_pct,127,1918,0.042961422292564132
78,3,transport_pct,127,1918,-0.12972990172113291
78,3,wage_total,127,1750,0.69468444079949465
78,3,population_total,125,1718,-0.55633070958044573
78,3,market_access,116,1906,-0.53158664847540837
78,3,agriculture_share,93,1050,-0.41571466108240296
78,3,manufacturing_share,45,933,-0.44149705950724683
78,3,mining_share,44,288,0.69810168760922953
78,3,public_share,115,1570,-0.082972833358940901
79,0,total_rub,338,2010,0.56831759114723157
79,0,health_pct,338,2010,0.15456561482830705
79,0,marketplaces_pct,338,2010,-0.077159996693973679
79,0,horeca_pct,338,2010,1.1731524364383934
79,0,food_pct,338,2010,-0.25137429991930854
79,0,transport_pct,338,2010,0.2384914064035516
79,0,wage_total,184,1824,0.57131186863083083
79,0,population_total,183,1792,3.0544382101349696
79,0,market_access,337,1998,0.45588315395892853
79,0,agriculture_share,69,1048,-0.73916686385708297
79,0,manufacturing_share,156,993,0.011405455895007069
79,0,mining_share,39,289,-0.79999291640045267
79,0,public_share,160,1622,-0.20909091485855955
79,1,total_rub,580,2010,-0.01483119499654713
79,1,health_pct,580,2010,-0.027169132497857015
79,1,marketplaces_pct,580,2010,-0.044820881939322585
79,1,horeca_pct,580,2010,0.13568136607096584
79,1,food_pct,580,2010,-0.03537872757553856
79,1,transport_pct,580,2010,0.085957602744146724
79,1,wage_total,561,1824,0.034007572562282443
79,1,population_total,538,1792,0.23093814615799474
79,1,market_access,580,1998,-0.075777951856195319
79,1,agriculture_share,334,1048,-0.34697273303193804
79,1,manufacturing_share,427,993,0.094636732345418861
79,1,mining_share,141,289,0.099109313049234565
79,1,public_share,535,1622,-0.078696832522056975
79,2,total_rub,970,2010,-0.22373659771333382
79,2,health_pct,970,2010,-0.013379851850361033
79,2,marketplaces_pct,970,2010,0.12354706913582678
79,2,horeca_pct,970,2010,-0.48424652824907782
79,2,food_pct,970,2010,0.10181080040300447
79,2,transport_pct,970,2010,-0.11665190289844635
79,2,wage_total,957,1824,-0.21329667058598673
79,2,population_total,951,1792,-0.64749623570275738
79,2,market_access,970,1998,-0.051609526582449231
79,2,agriculture_share,555,1048,0.36798221600450493
79,2,manufacturing_share,367,993,-0.065011053566219557
79,2,mining_share,66,289,-0.21101591747954282
79,2,public_share,816,1622,0.10335098627444894
79,3,total_rub,122,2010,0.27487907436202402
79,3,health_pct,122,2010,-0.19267725138000608
79,3,marketplaces_pct,122,2010,-0.55544644798673648
79,3,horeca_pct,122,2010,-0.045094946194523207
79,3,food_pct,122,2010,0.055145073570691136
79,3,transport_pct,122,2010,-0.1419111405287927
79,3,wage_total,122,1824,0.65512525996127691
79,3,population_total,120,1792,-0.56198329111981948
79,3,market_access,111,1998,-0.53711864885216065
79,3,agriculture_share,90,1048,-0.41487470492993672
79,3,manufacturing_share,43,993,-0.42628091098401089
79,3,mining_share,43,289,0.72447351519361491
79,3,public_share,111,1622,-0.079072549759280381
83,0,total_rub,338,2014,0.56876257296615307
83,0,health_pct,338,2014,0.15487772317715837
83,0,marketplaces_pct,338,2014,-0.076247283928170095
83,0,horeca_pct,338,2014,1.174604500601516
83,0,food_pct,338,2014,-0.25169854264635216
83,0,transport_pct,338,2014,0.2385734565267939
83,0,wage_total,184,1828,0.5727004910634107
83,0,population_total,183,1796,3.0590216241818933
83,0,market_access,337,2002,0.457761983792211
83,0,agriculture_share,69,1050,-0.73898293598205544
83,0,manufacturing_share,156,993,0.011078811131835413
83,0,mining_share,39,288,-0.79913579446054528
83,0,public_share,160,1625,-0.20971537229884607
83,1,total_rub,580,2014,-0.01455167112378708
83,1,health_pct,580,2014,-0.026906151657384948
83,1,marketplaces_pct,580,2014,-0.04387618494790501
83,1,horeca_pct,580,2014,0.13644020939219209
83,1,food_pct,580,2014,-0.035796521717392796
83,1,transport_pct,580,2014,0.086029547494574823
83,1,wage_total,561,1828,0.034921360677412389
83,1,population_total,538,1796,0.23232968276493859
83,1,market_access,580,2002,-0.074585235289685067
83,1,agriculture_share,334,1050,-0.34651224737691511
83,1,manufacturing_share,427,993,0.094283207105751693
83,1,mining_share,141,288,0.10381949975670762
83,1,public_share,535,1625,-0.079424241814097463
83,2,total_rub,971,2014,-0.22321866252200034
83,2,health_pct,971,2014,-0.013404180923256804
83,2,marketplaces_pct,971,2014,0.12435845441955568
83,2,horeca_pct,971,2014,-0.48353913114849223
83,2,food_pct,971,2014,0.10135809459251297
83,2,transport_pct,971,2014,-0.11653475668944589
83,2,wage_total,958,1828,-0.21244736456450539
83,2,population_total,952,1796,-0.64716576769928147
83,2,market_access,971,2002,-0.050923478375925653
83,2,agriculture_share,556,1050,0.36663627574070506
83,2,manufacturing_share,367,993,-0.065313018758513003
83,2,mining_share,66,288,-0.2076347593965622
83,2,public_share,817,1625,0.10286469502847051
83,3,total_rub,125,2014,0.26354832718479149
83,3,health_pct,125,2014,-0.1898211423689124
83,3,marketplaces_pct,125,2014,-0.55625832003105757
83,3,horeca_pct,125,2014,-0.053081170444784616
83,3,food_pct,125,2014,0.059339041289798181
83,3,transport_pct,125,2014,-0.13903773685966142
83,3,wage_total,125,1828,0.62845441245680222
83,3,population_total,123,1796,-0.55847573742363854
83,3,market_access,114,2002,-0.53999696988538592
83,3,agriculture_share,91,1050,-0.40796545170528148
83,3,manufacturing_share,43,993,-0.41900804851972145
83,3,mining_share,42,288,0.7198009675818724
83,3,public_share,113,1625,-0.070743600884095065
86,0,total_rub,335,1994,0.57328060136609105
86,0,health_pct,335,1994,0.1551433326812518
86,0,marketplaces_pct,335,1994,-0.074830384828567506
86,0,horeca_pct,335,1994,1.1868215574970196
86,0,food_pct,335,1994,-0.25301580743018487
86,0,transport_pct,335,1994,0.23903312360870163
86,0,wage_total,181,1808,0.58116134214972359
86,0,population_total,180,1776,3.0697656670234843
86,0,market_access,334,1982,0.46049751396854532
86,0,agriculture_share,68,1051,-0.73801433628242374
86,0,manufacturing_share,153,973,0.011449284863728282
86,0,mining_share,36,269,-0.85554363683542933
86,0,public_share,157,1607,-0.21281282870786125
86,1,total_rub,562,1994,-0.021125415267318405
86,1,health_pct,562,1994,-0.023020302408683264
86,1,marketplaces_pct,562,1994,-0.045432597102930836
86,1,horeca_pct,562,1994,0.13239891407101073
86,1,food_pct,562,1994,-0.034791234658702257
86,1,transport_pct,562,1994,0.091554112753863479
86,1,wage_total,543,1808,0.016969455715276433
86,1,population_total,520,1776,0.25102543288458612
86,1,market_access,562,1982,-0.071163197312196835
86,1,agriculture_share,334,1051,-0.34606053480993892
86,1,manufacturing_share,409,973,0.11478910211195711
86,1,mining_share,124,269,0.032268091902168346
86,1,public_share,519,1607,-0.073262363869701447
86,2,total_rub,970,1994,-0.2214260559325805
86,2,health_pct,970,1994,-0.015046570093300606
86,2,marketplaces_pct,970,1994,0.12470105185947904
86,2,horeca_pct,970,1994,-0.48115720922081306
86,2,food_pct,970,1994,0.10022014658319671
86,2,transport_pct,970,1994,-0.11711493275822339
86,2,wage_total,957,1808,-0.20595713698052051
86,2,population_total,951,1776,-0.64513734612772455
86,2,market_access,970,1982,-0.052993070213634363
86,2,agriculture_share,556,1051,0.36758094039242917
86,2,manufacturing_share,366,973,-0.077805570307987904
86,2,mining_share,65,269,-0.17215199366967221
86,2,public_share,816,1607,0.098875737003243952
86,3,total_rub,127,1994,0.2724941431275234
86,3,health_pct,127,1994,-0.19244435829950723
86,3,marketplaces_pct,127,1994,-0.55400568357699009
86,3,horeca_pct,127,1994,-0.04150329547418153
86,3,food_pct,127,1994,0.055901001429936238
86,3,transport_pct,127,1994,-0.14116553544180666
86,3,wage_total,127,1808,0.6511524622666377
86,3,population_total,125,1776,-0.55652343197396825
86,3,market_access,116,1982,-0.53801012645529211
86,3,agriculture_share,93,1051,-0.41511622972544382
86,3,manufacturing_share,45,973,-0.44941432478260768
86,3,mining_share,44,269,0.86336834360761983
86,3,public_share,115,1607,-0.080415829905547909
87,0,total_rub,337,2012,0.56916053549105305
87,0,health_pct,337,2012,0.15541422406006006
87,0,marketplaces_pct,337,2012,-0.076604597404293109
87,0,horeca_pct,337,2012,1.1762707654838065
87,0,food_pct,337,2012,-0.2515882076636361
87,0,transport_pct,337,2012,0.23910721120855219
87,0,wage_total,183,1826,0.56918951365840464
87,0,population_total,182,1794,3.0751132950464304
87,0,market_access,337,2003,0.45780663264965166
87,0,agriculture_share,68,1048,-0.73645557234995718
87,0,manufacturing_share,155,993,0.017206181357127738
87,0,mining_share,38,287,-0.83307143915482762
87,0,public_share,159,1623,-0.21104451809569794
87,1,total_rub,580,2012,-0.012650114169189418
87,1,health_pct,580,2012,-0.027009452626223993
87,1,marketplaces_pct,580,2012,-0.044296503249752005
87,1,horeca_pct,580,2012,0.13621940780414077
87,1,food_pct,580,2012,-0.036045501016053721
87,1,transport_pct,580,2012,0.085637175609112076
87,1,wage_total,561,1826,0.03762136725614966
87,1,population_total,538,1794,0.23086668942559013
87,1,market_access,580,2003,-0.074556891354006644
87,1,agriculture_share,334,1048,-0.3465465471036499
87,1,manufacturing_share,427,993,0.094199417795938156
87,1,mining_share,141,287,0.10489747947839578
87,1,public_share,535,1623,-0.079786132143580976
87,2,total_rub,971,2012,-0.22171975698712829
87,2,health_pct,971,2012,-0.013508915224205022
87,2,marketplaces_pct,971,2012,0.12386417906652183
87,2,horeca_pct,971,2012,-0.48363947552126813
87,2,food_pct,971,2012,0.10107369884810578
87,2,transport_pct,971,2012,-0.11685394406704373
87,2,wage_total,958,1826,-0.21039271831062398
87,2,population_total,952,1794,-0.64758464435134089
87,2,market_access,971,2003,-0.050894409719460847
87,2,agriculture_share,556,1048,0.36656454486186979
87,2,manufacturing_share,367,993,-0.065384587778800782
87,2,mining_share,66,287,-0.20686094296939334
87,2,public_share,817,1623,0.10243114454192927
87,3,total_rub,124,2012,0.24854717574311622
87,3,health_pct,124,2012,-0.19025769598650683
87,3,marketplaces_pct,124,2012,-0.55455158599588483
87,3,horeca_pct,124,2012,-0.046746562607202065
87,3,food_pct,124,2012,0.060879475729399862
87,3,transport_pct,124,2012,-0.13535090597957841
87,3,wage_total,124,1826,0.61523351702733797
87,3,population_total,122,1794,-0.55226489497492826
87,3,market_access,115,2003,-0.53582057721750087
87,3,agriculture_share,90,1048,-0.42204845878648434
87,3,manufacturing_share,44,993,-0.42940831350910275
87,3,mining_share,42,287,0.7266426742240385
87,3,public_share,112,1623,-0.066469518006470094
89,0,total_rub,336,2003,0.57248732303512129
89,0,health_pct,336,2003,0.15542871883369769
89,0,marketplaces_pct,336,2003,-0.076067432576659572
89,0,horeca_pct,336,2003,1.1815866013078111
89,0,food_pct,336,2003,-0.25227062403972095
89,0,transport_pct,336,2003,0.23830837747736153
89,0,wage_total,182,1817,0.57454358002384864
89,0,population_total,181,1785,3.0827780918274601
89,0,market_access,335,1991,0.45967488284727331
89,0,agriculture_share,68,1045,-0.7365523288427186
89,0,manufacturing_share,154,985,0.016665589659802259
89,0,mining_share,37,280,-0.8291569210300761
89,0,public_share,158,1615,-0.2104185820326254
89,1,total_rub,573,2003,-0.018351981687313765
89,1,health_pct,573,2003,-0.025929052520700612
89,1,marketplaces_pct,573,2003,-0.045286844474092425
89,1,horeca_pct,573,2003,0.13373343102296756
89,1,food_pct,573,2003,-0.035098157131847746
89,1,transport_pct,573,2003,0.08829305821315836
89,1,wage_total,554,1817,0.026469873360956034
89,1,population_total,531,1785,0.23595498261164372
89,1,market_access,573,1991,-0.072866553304112347
89,1,agriculture_share,330,1045,-0.34248998245294593
89,1,manufacturing_share,420,985,0.1019865139983782
89,1,mining_share,135,280,0.091537452131636304
89,1,public_share,528,1615,-0.076517468024634328
89,2,total_rub,971,2003,-0.22077320315814294
89,2,health_pct,971,2003,-0.014480917469403961
89,2,marketplaces_pct,971,2003,0.12387312728768038
89,2,horeca_pct,971,2003,-0.48239904105214265
89,2,food_pct,971,2003,0.10080649345377708
89,2,transport_pct,971,2003,-0.11737725673875873
89,2,wage_total,958,1817,-0.20547859498081428
89,2,population_total,952,1785,-0.64760679654158815
89,2,market_access,971,1991,-0.052930548740584199
89,2,agriculture_share,556,1045,0.36070867938683737
89,2,manufacturing_share,367,985,-0.071631433363465252
89,2,mining_share,66,280,-0.19127648799394251
89,2,public_share,817,1615,0.099649183477955844
89,3,total_rub,123,2003,0.26447744092347086
89,3,health_pct,123,2003,-0.18947749244691026
89,3,marketplaces_pct,123,2003,-0.55912835257662796
89,3,horeca_pct,123,2003,-0.04254378173946629
89,3,food_pct,123,2003,0.056837955855911386
89,3,transport_pct,123,2003,-0.13569285280649152
89,3,wage_total,123,1817,0.63103457386430817
89,3,population_total,121,1785,-0.55167983537158127
89,3,market_access,112,1991,-0.54324096324529603
89,3,agriculture_share,91,1045,-0.41150300184950234
89,3,manufacturing_share,44,985,-0.43436592369401344
89,3,mining_share,42,280,0.73679757733195539
89,3,public_share,112,1615,-0.069339498422572615
