phase,seed,cell,channel,c,status,null_cell,penalty,train_variance,false_persistent_object_fraction,representative,representative_false,false_boundaries_per_object_year,all_tp,all_predicted,all_truth,persistent_tp,persistent_predicted,persistent_truth,all_recall,all_precision,persistent_recall,persistent_precision,mean_absolute_onset_error,persistent_mean_absolute_onset_error,persistent_entry_matches,persistent_return_matches,censored_truth,mean_effect_norm
tune,610091001,N0_iid,absolute,0.25,COMPLETE,True,3.9245809042127076,0.9879205611273184,0.65625,13,1,2.421875,0,155,0,0,24,0,,0.0,,0.0,,,0,0,0,2.1562724635933996
tune,610091001,N0_iid,absolute,0.5,COMPLETE,True,7.849161808425415,0.9879205611273184,0.78125,13,1,0.953125,0,61,0,0,34,0,,0.0,,0.0,,,0,0,0,2.16973350715383
tune,610091001,N0_iid,absolute,1,COMPLETE,True,15.69832361685083,0.9879205611273184,0.0625,13,0,0.03125,0,2,0,0,2,0,,0.0,,0.0,,,0,0,0,2.311802445656137
tune,610091001,N0_iid,absolute,2,COMPLETE,True,31.39664723370166,0.9879205611273184,0.0,13,0,0.0,0,0,0,0,0,0,,,,,,,0,0,0,
tune,610091001,N0_iid,absolute,4,COMPLETE,True,62.79329446740332,0.9879205611273184,0.0,13,0,0.0,0,0,0,0,0,0,,,,,,,0,0,0,
tune,610091001,N0_iid,absolute,8,COMPLETE,True,125.58658893480664,0.9879205611273184,0.0,13,0,0.0,0,0,0,0,0,0,,,,,,,0,0,0,
tune,610091001,N0_iid,relative,0.25,COMPLETE,True,4.037381641082004,1.01631548277204,0.6875,13,1,2.359375,0,151,0,0,31,0,,0.0,,0.0,,,0,0,0,2.152322637749607
tune,610091001,N0_iid,relative,0.5,COMPLETE,True,8.074763282164009,1.01631548277204,0.78125,13,1,0.96875,0,62,0,0,32,0,,0.0,,0.0,,,0,0,0,2.235996704390789
tune,610091001,N0_iid,relative,1,COMPLETE,True,16.149526564328017,1.01631548277204,0.03125,13,0,0.015625,0,1,0,0,1,0,,0.0,,0.0,,,0,0,0,1.84243288501619
tune,610091001,N0_iid,relative,2,COMPLETE,True,32.299053128656034,1.01631548277204,0.0,13,0,0.0,0,0,0,0,0,0,,,,,,,0,0,0,
tune,610091001,N0_iid,relative,4,COMPLETE,True,64.59810625731207,1.01631548277204,0.0,13,0,0.0,0,0,0,0,0,0,,,,,,,0,0,0,
tune,610091001,N0_iid,relative,8,COMPLETE,True,129.19621251462414,1.01631548277204,0.0,13,0,0.0,0,0,0,0,0,0,,,,,,,0,0,0,
tune,610091001,N1_ar05,absolute,0.25,COMPLETE,True,3.2153528257170136,0.8093891412443405,0.40625,0,1,2.65625,0,170,0,0,14,0,,0.0,,0.0,,,0,0,0,2.3958319756672655
tune,610091001,N1_ar05,absolute,0.5,COMPLETE,True,6.430705651434027,0.8093891412443405,0.84375,0,1,2.0625,0,132,0,0,33,0,,0.0,,0.0,,,0,0,0,2.5045537069149097
tune,610091001,N1_ar05,absolute,1,COMPLETE,True,12.861411302868055,0.8093891412443405,0.875,0,1,0.890625,0,57,0,0,38,0,,0.0,,0.0,,,0,0,0,2.5675615500320506
tune,610091001,N1_ar05,absolute,2,COMPLETE,True,25.72282260573611,0.8093891412443405,0.15625,0,0,0.078125,0,5,0,0,5,0,,0.0,,0.0,,,0,0,0,2.5208507425644555
tune,610091001,N1_ar05,absolute,4,COMPLETE,True,51.44564521147222,0.8093891412443405,0.0,0,0,0.0,0,0,0,0,0,0,,,,,,,0,0,0,
tune,610091001,N1_ar05,absolute,8,COMPLETE,True,102.89129042294444,0.8093891412443405,0.0,0,0,0.0,0,0,0,0,0,0,,,,,,,0,0,0,
tune,610091001,N1_ar05,relative,0.25,COMPLETE,True,3.3278600588063276,0.8377101802437326,0.46875,0,1,2.625,0,168,0,0,17,0,,0.0,,0.0,,,0,0,0,2.391686947913855
tune,610091001,N1_ar05,relative,0.5,COMPLETE,True,6.655720117612655,0.8377101802437326,0.84375,0,1,2.0,0,128,0,0,37,0,,0.0,,0.0,,,0,0,0,2.4956951449517772
tune,610091001,N1_ar05,relative,1,COMPLETE,True,13.31144023522531,0.8377101802437326,0.8125,0,1,0.796875,0,51,0,0,37,0,,0.0,,0.0,,,0,0,0,2.624714136750728
tune,610091001,N1_ar05,relative,2,COMPLETE,True,26.62288047045062,0.8377101802437326,0.25,0,0,0.140625,0,9,0,0,9,0,,0.0,,0.0,,,0,0,0,2.4634919208325607
tune,610091001,N1_ar05,relative,4,COMPLETE,True,53.24576094090124,0.8377101802437326,0.0,0,0,0.0,0,0,0,0,0,0,,,,,,,0,0,0,
tune,610091001,N1_ar05,relative,8,COMPLETE,True,106.49152188180248,0.8377101802437326,0.0,0,0,0.0,0,0,0,0,0,0,,,,,,,0,0,0,
tune,610091001,N2_season_ar05,absolute,0.25,COMPLETE,True,3.2153528257170136,0.8093891412443405,0.40625,30,0,2.65625,0,170,0,0,14,0,,0.0,,0.0,,,0,0,0,2.3958319756672655
tune,610091001,N2_season_ar05,absolute,0.5,COMPLETE,True,6.430705651434027,0.8093891412443405,0.84375,30,1,2.0625,0,132,0,0,33,0,,0.0,,0.0,,,0,0,0,2.5045537069149097
tune,610091001,N2_season_ar05,absolute,1,COMPLETE,True,12.861411302868055,0.8093891412443405,0.875,30,1,0.890625,0,57,0,0,38,0,,0.0,,0.0,,,0,0,0,2.5675615500320506
tune,610091001,N2_season_ar05,absolute,2,COMPLETE,True,25.72282260573611,0.8093891412443405,0.15625,30,1,0.078125,0,5,0,0,5,0,,0.0,,0.0,,,0,0,0,2.5208507425644555
tune,610091001,N2_season_ar05,absolute,4,COMPLETE,True,51.44564521147222,0.8093891412443405,0.0,30,0,0.0,0,0,0,0,0,0,,,,,,,0,0,0,
tune,610091001,N2_season_ar05,absolute,8,COMPLETE,True,102.89129042294444,0.8093891412443405,0.0,30,0,0.0,0,0,0,0,0,0,,,,,,,0,0,0,
tune,610091001,N2_season_ar05,relative,0.25,COMPLETE,True,3.3278600588063276,0.8377101802437326,0.46875,30,0,2.625,0,168,0,0,17,0,,0.0,,0.0,,,0,0,0,2.391686947913855
tune,610091001,N2_season_ar05,relative,0.5,COMPLETE,True,6.655720117612655,0.8377101802437326,0.84375,30,1,2.0,0,128,0,0,37,0,,0.0,,0.0,,,0,0,0,2.4956951449517772
tune,610091001,N2_season_ar05,relative,1,COMPLETE,True,13.31144023522531,0.8377101802437326,0.8125,30,1,0.796875,0,51,0,0,37,0,,0.0,,0.0,,,0,0,0,2.624714136750728
tune,610091001,N2_season_ar05,relative,2,COMPLETE,True,26.62288047045062,0.8377101802437326,0.25,30,1,0.140625,0,9,0,0,9,0,,0.0,,0.0,,,0,0,0,2.4634919208325607
tune,610091001,N2_season_ar05,relative,4,COMPLETE,True,53.24576094090124,0.8377101802437326,0.0,30,0,0.0,0,0,0,0,0,0,,,,,,,0,0,0,
tune,610091001,N2_season_ar05,relative,8,COMPLETE,True,106.49152188180248,0.8377101802437326,0.0,30,0,0.0,0,0,0,0,0,0,,,,,,,0,0,0,
tune,610091001,N3_common_shift2,absolute,0.25,COMPLETE,False,3.2153528257170136,0.8093891412443405,0.28125,13,0,2.265625,28,173,32,1,11,32,0.875,0.16184971098265896,0.03125,0.09090909090909091,0.32142857142857145,1.0,1,0,0,2.506727030959063
tune,610091001,N3_common_shift2,absolute,0.5,COMPLETE,False,6.430705651434027,0.8093891412443405,0.59375,13,1,1.734375,28,139,32,6,30,32,0.875,0.2014388489208633,0.1875,0.2,0.25,0.16666666666666666,6,0,0,2.6510997938814085
tune,610091001,N3_common_shift2,absolute,1,COMPLETE,False,12.861411302868055,0.8093891412443405,0.625,13,0,0.578125,26,63,32,20,43,32,0.8125,0.4126984126984127,0.625,0.46511627906976744,0.23076923076923078,0.25,20,0,0,2.9273444684886467
tune,610091001,N3_common_shift2,absolute,2,COMPLETE,False,25.72282260573611,0.8093891412443405,0.3125,13,0,0.15625,19,29,32,19,29,32,0.59375,0.6551724137931034,0.59375,0.6551724137931034,0.2631578947368421,0.2631578947368421,19,0,0,2.979793643988967
tune,610091001,N3_common_shift2,absolute,4,COMPLETE,False,51.44564521147222,0.8093891412443405,0.03125,13,0,0.015625,10,11,32,10,11,32,0.3125,0.9090909090909091,0.3125,0.9090909090909091,0.2,0.2,10,0,0,3.2800776328797965
tune,610091001,N3_common_shift2,absolute,8,COMPLETE,False,102.89129042294444,0.8093891412443405,0.0,13,0,0.0,0,0,32,0,0,32,0.0,,0.0,,,,0,0,0,
tune,610091001,N3_common_shift2,relative,0.25,COMPLETE,True,3.3278600588063276,0.8377101802437326,0.46875,13,1,2.625,0,168,0,0,17,0,,0.0,,0.0,,,0,0,0,2.391686947913855
tune,610091001,N3_common_shift2,relative,0.5,COMPLETE,True,6.655720117612655,0.8377101802437326,0.84375,13,1,2.0,0,128,0,0,37,0,,0.0,,0.0,,,0,0,0,2.4956951449517772
tune,610091001,N3_common_shift2,relative,1,COMPLETE,True,13.31144023522531,0.8377101802437326,0.8125,13,1,0.796875,0,51,0,0,37,0,,0.0,,0.0,,,0,0,0,2.624714136750728
tune,610091001,N3_common_shift2,relative,2,COMPLETE,True,26.62288047045062,0.8377101802437326,0.25,13,1,0.140625,0,9,0,0,9,0,,0.0,,0.0,,,0,0,0,2.4634919208325607
tune,610091001,N3_common_shift2,relative,4,COMPLETE,True,53.24576094090124,0.8377101802437326,0.0,13,0,0.0,0,0,0,0,0,0,,,,,,,0,0,0,
tune,610091001,N3_common_shift2,relative,8,COMPLETE,True,106.49152188180248,0.8377101802437326,0.0,13,0,0.0,0,0,0,0,0,0,,,,,,,0,0,0,
tune,610091001,N4_spike4,absolute,0.25,COMPLETE,True,3.2153528257170136,0.8093891412443405,0.34375,30,0,2.703125,0,173,0,0,12,0,,0.0,,0.0,,,0,0,0,2.4197095665107256
tune,610091001,N4_spike4,absolute,0.5,COMPLETE,True,6.430705651434027,0.8093891412443405,0.84375,30,1,2.046875,0,131,0,0,32,0,,0.0,,0.0,,,0,0,0,2.535718507962917
tune,610091001,N4_spike4,absolute,1,COMPLETE,True,12.861411302868055,0.8093891412443405,0.875,30,1,0.921875,0,59,0,0,37,0,,0.0,,0.0,,,0,0,0,2.6078044914191065
tune,610091001,N4_spike4,absolute,2,COMPLETE,True,25.72282260573611,0.8093891412443405,0.15625,30,1,0.09375,0,6,0,0,6,0,,0.0,,0.0,,,0,0,0,2.7976415452962637
tune,610091001,N4_spike4,absolute,4,COMPLETE,True,51.44564521147222,0.8093891412443405,0.0,30,0,0.0,0,0,0,0,0,0,,,,,,,0,0,0,
tune,610091001,N4_spike4,absolute,8,COMPLETE,True,102.89129042294444,0.8093891412443405,0.0,30,0,0.0,0,0,0,0,0,0,,,,,,,0,0,0,
tune,610091001,N4_spike4,relative,0.25,COMPLETE,True,3.3278600588063276,0.8377101802437326,0.46875,30,0,2.671875,0,171,0,0,16,0,,0.0,,0.0,,,0,0,0,2.409303374033124
tune,610091001,N4_spike4,relative,0.5,COMPLETE,True,6.655720117612655,0.8377101802437326,0.8125,30,1,1.984375,0,127,0,0,36,0,,0.0,,0.0,,,0,0,0,2.5233679836705414
tune,610091001,N4_spike4,relative,1,COMPLETE,True,13.31144023522531,0.8377101802437326,0.8125,30,1,0.8125,0,52,0,0,37,0,,0.0,,0.0,,,0,0,0,2.665387606398019
tune,610091001,N4_spike4,relative,2,COMPLETE,True,26.62288047045062,0.8377101802437326,0.21875,30,1,0.140625,0,9,0,0,9,0,,0.0,,0.0,,,0,0,0,2.6686664472132415
tune,610091001,N4_spike4,relative,4,COMPLETE,True,53.24576094090124,0.8377101802437326,0.0,30,0,0.0,0,0,0,0,0,0,,,,,,,0,0,0,
tune,610091001,N4_spike4,relative,8,COMPLETE,True,106.49152188180248,0.8377101802437326,0.0,30,0,0.0,0,0,0,0,0,0,,,,,,,0,0,0,
tune,610091001,N5_boundary_null,absolute,0.25,COMPLETE,True,3.2153528257170136,0.8093891412443405,0.40625,10,1,2.65625,0,170,0,0,14,0,,0.0,,0.0,,,0,0,0,2.3958319756672655
tune,610091001,N5_boundary_null,absolute,0.5,COMPLETE,True,6.430705651434027,0.8093891412443405,0.84375,10,1,2.0625,0,132,0,0,33,0,,0.0,,0.0,,,0,0,0,2.5045537069149097
tune,610091001,N5_boundary_null,absolute,1,COMPLETE,True,12.861411302868055,0.8093891412443405,0.875,10,1,0.890625,0,57,0,0,38,0,,0.0,,0.0,,,0,0,0,2.5675615500320506
tune,610091001,N5_boundary_null,absolute,2,COMPLETE,True,25.72282260573611,0.8093891412443405,0.15625,10,0,0.078125,0,5,0,0,5,0,,0.0,,0.0,,,0,0,0,2.5208507425644555
tune,610091001,N5_boundary_null,absolute,4,COMPLETE,True,51.44564521147222,0.8093891412443405,0.0,10,0,0.0,0,0,0,0,0,0,,,,,,,0,0,0,
tune,610091001,N5_boundary_null,absolute,8,COMPLETE,True,102.89129042294444,0.8093891412443405,0.0,10,0,0.0,0,0,0,0,0,0,,,,,,,0,0,0,
tune,610091001,N5_boundary_null,relative,0.25,COMPLETE,True,3.3254736054839222,0.8371094469774507,0.4375,10,0,2.6875,0,172,0,0,15,0,,0.0,,0.0,,,0,0,0,2.379764009598581
tune,610091001,N5_boundary_null,relative,0.5,COMPLETE,True,6.6509472109678445,0.8371094469774507,0.875,10,0,2.046875,0,131,0,0,37,0,,0.0,,0.0,,,0,0,0,2.498446294857895
tune,610091001,N5_boundary_null,relative,1,COMPLETE,True,13.301894421935689,0.8371094469774507,0.8125,10,1,0.765625,0,49,0,0,35,0,,0.0,,0.0,,,0,0,0,2.6298837685482686
tune,610091001,N5_boundary_null,relative,2,COMPLETE,True,26.603788843871378,0.8371094469774507,0.25,10,0,0.140625,0,9,0,0,9,0,,0.0,,0.0,,,0,0,0,2.513402858984161
tune,610091001,N5_boundary_null,relative,4,COMPLETE,True,53.207577687742756,0.8371094469774507,0.0,10,0,0.0,0,0,0,0,0,0,,,,,,,0,0,0,
tune,610091001,N5_boundary_null,relative,8,COMPLETE,True,106.41515537548551,0.8371094469774507,0.0,10,0,0.0,0,0,0,0,0,0,,,,,,,0,0,0,
tune,610091001,P025,absolute,0.25,COMPLETE,False,3.2153528257170136,0.8093891412443405,0.4375,15,1,2.5625,5,169,8,0,15,8,0.625,0.029585798816568046,0.0,0.0,0.8,,0,0,0,2.4005663473439216
tune,610091001,P025,absolute,0.5,COMPLETE,False,6.430705651434027,0.8093891412443405,0.8125,15,1,1.984375,5,132,8,1,33,8,0.625,0.03787878787878788,0.125,0.030303030303030304,0.8,0.0,1,0,0,2.5052876572113383
tune,610091001,P025,absolute,1,COMPLETE,False,12.861411302868055,0.8093891412443405,0.84375,15,0,0.859375,2,57,8,2,38,8,0.25,0.03508771929824561,0.25,0.05263157894736842,0.5,0.5,2,0,0,2.5716486352918375
tune,610091001,P025,absolute,2,COMPLETE,False,25.72282260573611,0.8093891412443405,0.125,15,0,0.0625,1,5,8,1,5,8,0.125,0.2,0.125,0.2,1.0,1.0,1,0,0,2.545611626013323
tune,610091001,P025,absolute,4,COMPLETE,False,51.44564521147222,0.8093891412443405,0.0,15,0,0.0,0,0,8,0,0,8,0.0,,0.0,,,,0,0,0,
tune,610091001,P025,absolute,8,COMPLETE,False,102.89129042294444,0.8093891412443405,0.0,15,0,0.0,0,0,8,0,0,8,0.0,,0.0,,,,0,0,0,
tune,610091001,P025,relative,0.25,COMPLETE,False,3.3278600588063276,0.8377101802437326,0.46875,15,1,2.5,7,167,8,0,18,8,0.875,0.041916167664670656,0.0,0.0,0.7142857142857143,,0,0,0,2.396729059838917
tune,610091001,P025,relative,0.5,COMPLETE,False,6.655720117612655,0.8377101802437326,0.84375,15,1,1.984375,4,131,8,1,37,8,0.5,0.030534351145038167,0.125,0.02702702702702703,0.75,1.0,1,0,0,2.4938327316576614
tune,610091001,P025,relative,1,COMPLETE,False,13.31144023522531,0.8377101802437326,0.78125,15,1,0.765625,2,51,8,2,37,8,0.25,0.0392156862745098,0.25,0.05405405405405406,0.5,0.5,2,0,0,2.620133131042434
tune,610091001,P025,relative,2,COMPLETE,False,26.62288047045062,0.8377101802437326,0.21875,15,0,0.125,1,9,8,1,9,8,0.125,0.1111111111111111,0.125,0.1111111111111111,1.0,1.0,1,0,0,2.4688201874898326
tune,610091001,P025,relative,4,COMPLETE,False,53.24576094090124,0.8377101802437326,0.0,15,0,0.0,0,0,8,0,0,8,0.0,,0.0,,,,0,0,0,
tune,610091001,P025,relative,8,COMPLETE,False,106.49152188180248,0.8377101802437326,0.0,15,0,0.0,0,0,8,0,0,8,0.0,,0.0,,,,0,0,0,
tune,610091001,P05,absolute,0.25,COMPLETE,False,3.2153528257170136,0.8093891412443405,0.4375,2,0,2.578125,4,169,8,0,15,8,0.5,0.023668639053254437,0.0,0.0,0.75,,0,0,0,2.4018494787007327
tune,610091001,P05,absolute,0.5,COMPLETE,False,6.430705651434027,0.8093891412443405,0.8125,2,1,1.984375,5,132,8,1,33,8,0.625,0.03787878787878788,0.125,0.030303030303030304,0.6,0.0,1,0,0,2.5086778391324467
tune,610091001,P05,absolute,1,COMPLETE,False,12.861411302868055,0.8093891412443405,0.84375,2,1,0.859375,2,57,8,2,38,8,0.25,0.03508771929824561,0.25,0.05263157894736842,0.5,0.5,2,0,0,2.5778898008521565
tune,610091001,P05,absolute,2,COMPLETE,False,25.72282260573611,0.8093891412443405,0.125,2,0,0.0625,1,5,8,1,5,8,0.125,0.2,0.125,0.2,1.0,1.0,1,0,0,2.5764063197537115
tune,610091001,P05,absolute,4,COMPLETE,False,51.44564521147222,0.8093891412443405,0.0,2,0,0.0,0,0,8,0,0,8,0.0,,0.0,,,,0,0,0,
tune,610091001,P05,absolute,8,COMPLETE,False,102.89129042294444,0.8093891412443405,0.0,2,0,0.0,0,0,8,0,0,8,0.0,,0.0,,,,0,0,0,
tune,610091001,P05,relative,0.25,COMPLETE,False,3.3278600588063276,0.8377101802437326,0.5,2,0,2.515625,6,167,8,0,17,8,0.75,0.03592814371257485,0.0,0.0,0.6666666666666666,,0,0,0,2.388458666795453
tune,610091001,P05,relative,0.5,COMPLETE,False,6.655720117612655,0.8377101802437326,0.84375,2,1,1.984375,4,131,8,1,36,8,0.5,0.030534351145038167,0.125,0.027777777777777776,0.75,1.0,1,0,0,2.488844440217581
tune,610091001,P05,relative,1,COMPLETE,False,13.31144023522531,0.8377101802437326,0.78125,2,1,0.75,2,50,8,2,36,8,0.25,0.04,0.25,0.05555555555555555,0.5,0.5,2,0,0,2.6295485850956135
tune,610091001,P05,relative,2,COMPLETE,False,26.62288047045062,0.8377101802437326,0.1875,2,0,0.09375,1,7,8,1,7,8,0.125,0.14285714285714285,0.125,0.14285714285714285,1.0,1.0,1,0,0,2.4337171090763516
tune,610091001,P05,relative,4,COMPLETE,False,53.24576094090124,0.8377101802437326,0.0,2,0,0.0,0,0,8,0,0,8,0.0,,0.0,,,,0,0,0,
tune,610091001,P05,relative,8,COMPLETE,False,106.49152188180248,0.8377101802437326,0.0,2,0,0.0,0,0,8,0,0,8,0.0,,0.0,,,,0,0,0,
tune,610091001,P1,absolute,0.25,COMPLETE,False,3.2153528257170136,0.8093891412443405,0.34375,19,1,2.546875,7,170,8,1,13,8,0.875,0.041176470588235294,0.125,0.07692307692307693,0.7142857142857143,1.0,1,0,0,2.402322703331516
tune,610091001,P1,absolute,0.5,COMPLETE,False,6.430705651434027,0.8093891412443405,0.8125,19,1,1.96875,6,132,8,3,34,8,0.75,0.045454545454545456,0.375,0.08823529411764706,0.6666666666666666,0.6666666666666666,3,0,0,2.5128270263188157
tune,610091001,P1,absolute,1,COMPLETE,False,12.861411302868055,0.8093891412443405,0.84375,19,1,0.859375,2,57,8,2,38,8,0.25,0.03508771929824561,0.25,0.05263157894736842,0.5,0.5,2,0,0,2.595713584623296
tune,610091001,P1,absolute,2,COMPLETE,False,25.72282260573611,0.8093891412443405,0.125,19,0,0.0625,2,6,8,2,6,8,0.25,0.3333333333333333,0.25,0.3333333333333333,0.5,0.5,2,0,0,2.5738713424744457
tune,610091001,P1,absolute,4,COMPLETE,False,51.44564521147222,0.8093891412443405,0.0,19,0,0.0,0,0,8,0,0,8,0.0,,0.0,,,,0,0,0,
tune,610091001,P1,absolute,8,COMPLETE,False,102.89129042294444,0.8093891412443405,0.0,19,0,0.0,0,0,8,0,0,8,0.0,,0.0,,,,0,0,0,
tune,610091001,P1,relative,0.25,COMPLETE,False,3.3278600588063276,0.8377101802437326,0.46875,19,1,2.546875,6,169,8,0,16,8,0.75,0.03550295857988166,0.0,0.0,0.6666666666666666,,0,0,0,2.3872726638003336
tune,610091001,P1,relative,0.5,COMPLETE,False,6.655720117612655,0.8377101802437326,0.875,19,1,1.984375,4,131,8,1,37,8,0.5,0.030534351145038167,0.125,0.02702702702702703,0.75,1.0,1,0,0,2.498235682648488
tune,610091001,P1,relative,1,COMPLETE,False,13.31144023522531,0.8377101802437326,0.8125,19,1,0.78125,2,52,8,2,38,8,0.25,0.038461538461538464,0.25,0.05263157894736842,0.5,0.5,2,0,0,2.6419273418831324
tune,610091001,P1,relative,2,COMPLETE,False,26.62288047045062,0.8377101802437326,0.21875,19,0,0.109375,1,8,8,1,8,8,0.125,0.125,0.125,0.125,1.0,1.0,1,0,0,2.4384849701083824
tune,610091001,P1,relative,4,COMPLETE,False,53.24576094090124,0.8377101802437326,0.0,19,0,0.0,0,0,8,0,0,8,0.0,,0.0,,,,0,0,0,
tune,610091001,P1,relative,8,COMPLETE,False,106.49152188180248,0.8377101802437326,0.0,19,0,0.0,0,0,8,0,0,8,0.0,,0.0,,,,0,0,0,
tune,610091001,P2,absolute,0.25,COMPLETE,False,3.2153528257170136,0.8093891412443405,0.3125,16,1,2.546875,8,171,8,1,12,8,1.0,0.04678362573099415,0.125,0.08333333333333333,0.375,1.0,1,0,0,2.416506524357547
tune,610091001,P2,absolute,0.5,COMPLETE,False,6.430705651434027,0.8093891412443405,0.75,16,1,1.953125,8,133,8,3,31,8,1.0,0.06015037593984962,0.375,0.0967741935483871,0.25,0.3333333333333333,3,0,0,2.5334899473702275
tune,610091001,P2,absolute,1,COMPLETE,False,12.861411302868055,0.8093891412443405,0.78125,16,1,0.8125,6,58,8,5,37,8,0.75,0.10344827586206896,0.625,0.13513513513513514,0.0,0.0,5,0,0,2.629441950313599
tune,610091001,P2,absolute,2,COMPLETE,False,25.72282260573611,0.8093891412443405,0.1875,16,0,0.09375,3,9,8,3,9,8,0.375,0.3333333333333333,0.375,0.3333333333333333,0.6666666666666666,0.6666666666666666,3,0,0,2.7886907460876835
tune,610091001,P2,absolute,4,COMPLETE,False,51.44564521147222,0.8093891412443405,0.03125,16,0,0.015625,2,3,8,2,3,8,0.25,0.6666666666666666,0.25,0.6666666666666666,0.5,0.5,2,0,0,3.1470287629541063
tune,610091001,P2,absolute,8,COMPLETE,False,102.89129042294444,0.8093891412443405,0.0,16,0,0.0,0,0,8,0,0,8,0.0,,0.0,,,,0,0,0,
tune,610091001,P2,relative,0.25,COMPLETE,False,3.3278600588063276,0.8377101802437326,0.46875,16,1,2.5625,5,169,8,0,16,8,0.625,0.029585798816568046,0.0,0.0,0.4,,0,0,0,2.4118503023972866
tune,610091001,P2,relative,0.5,COMPLETE,False,6.655720117612655,0.8377101802437326,0.8125,16,1,1.9375,3,127,8,1,37,8,0.375,0.023622047244094488,0.125,0.02702702702702703,0.6666666666666666,1.0,1,0,0,2.5383010205474412
tune,610091001,P2,relative,1,COMPLETE,False,13.31144023522531,0.8377101802437326,0.8125,16,0,0.75,3,51,8,3,36,8,0.375,0.058823529411764705,0.375,0.08333333333333333,0.3333333333333333,0.3333333333333333,3,0,0,2.667159336886003
tune,610091001,P2,relative,2,COMPLETE,False,26.62288047045062,0.8377101802437326,0.3125,16,0,0.15625,2,12,8,2,12,8,0.25,0.16666666666666666,0.25,0.16666666666666666,0.5,0.5,2,0,0,2.495720882561287
tune,610091001,P2,relative,4,COMPLETE,False,53.24576094090124,0.8377101802437326,0.0,16,0,0.0,0,0,8,0,0,8,0.0,,0.0,,,,0,0,0,
tune,610091001,P2,relative,8,COMPLETE,False,106.49152188180248,0.8377101802437326,0.0,16,0,0.0,0,0,8,0,0,8,0.0,,0.0,,,,0,0,0,
tune,610091001,P6_return,absolute,0.25,COMPLETE,False,3.2153528257170136,0.8093891412443405,0.34375,10,1,2.453125,14,171,16,0,12,16,0.875,0.08187134502923976,0.0,0.0,0.6428571428571429,,0,0,0,2.399686963930553
tune,610091001,P6_return,absolute,0.5,COMPLETE,False,6.430705651434027,0.8093891412443405,0.78125,10,1,1.90625,11,133,16,4,33,16,0.6875,0.08270676691729323,0.25,0.12121212121212122,0.5454545454545454,0.5,3,1,0,2.514262329533581
tune,610091001,P6_return,absolute,1,COMPLETE,False,12.861411302868055,0.8093891412443405,0.8125,10,1,0.8125,6,58,16,5,38,16,0.375,0.10344827586206896,0.3125,0.13157894736842105,0.5,0.4,2,3,0,2.5929541926482065
tune,610091001,P6_return,absolute,2,COMPLETE,False,25.72282260573611,0.8093891412443405,0.125,10,0,0.0625,2,6,16,2,6,16,0.125,0.3333333333333333,0.125,0.3333333333333333,0.5,0.5,1,1,0,2.857236881699143
tune,610091001,P6_return,absolute,4,COMPLETE,False,51.44564521147222,0.8093891412443405,0.0,10,0,0.0,0,0,16,0,0,16,0.0,,0.0,,,,0,0,0,
tune,610091001,P6_return,absolute,8,COMPLETE,False,102.89129042294444,0.8093891412443405,0.0,10,0,0.0,0,0,16,0,0,16,0.0,,0.0,,,,0,0,0,
tune,610091001,P6_return,relative,0.25,COMPLETE,False,3.3278600588063276,0.8377101802437326,0.46875,10,0,2.4375,12,168,16,1,18,16,0.75,0.07142857142857142,0.0625,0.05555555555555555,0.5833333333333334,1.0,1,0,0,2.3920643218010604
tune,610091001,P6_return,relative,0.5,COMPLETE,False,6.655720117612655,0.8377101802437326,0.84375,10,0,1.859375,8,127,16,2,39,16,0.5,0.06299212598425197,0.125,0.05128205128205128,0.875,0.5,0,2,0,2.516740276546329
tune,610091001,P6_return,relative,1,COMPLETE,False,13.31144023522531,0.8377101802437326,0.75,10,1,0.734375,6,53,16,5,38,16,0.375,0.11320754716981132,0.3125,0.13157894736842105,0.6666666666666666,0.6,2,3,0,2.6416267576028654
tune,610091001,P6_return,relative,2,COMPLETE,False,26.62288047045062,0.8377101802437326,0.15625,10,0,0.09375,3,9,16,3,9,16,0.1875,0.3333333333333333,0.1875,0.3333333333333333,0.6666666666666666,0.6666666666666666,1,2,0,2.712475307119073
tune,610091001,P6_return,relative,4,COMPLETE,False,53.24576094090124,0.8377101802437326,0.0,10,0,0.0,0,0,16,0,0,16,0.0,,0.0,,,,0,0,0,
tune,610091001,P6_return,relative,8,COMPLETE,False,106.49152188180248,0.8377101802437326,0.0,10,0,0.0,0,0,16,0,0,16,0.0,,0.0,,,,0,0,0,
tune,610091001,C3_short_censored,absolute,0.25,COMPLETE,False,3.2153528257170136,0.8093891412443405,0.4375,10,1,2.53125,8,170,8,0,15,0,1.0,0.047058823529411764,,0.0,0.125,,0,0,8,2.404748400129802
tune,610091001,C3_short_censored,absolute,0.5,COMPLETE,False,6.430705651434027,0.8093891412443405,0.84375,10,1,1.984375,6,133,8,0,33,0,0.75,0.045112781954887216,,0.0,0.16666666666666666,,0,0,8,2.512210718734326
tune,610091001,C3_short_censored,absolute,1,COMPLETE,False,12.861411302868055,0.8093891412443405,0.84375,10,1,0.8125,3,55,8,0,34,0,0.375,0.05454545454545454,,0.0,0.3333333333333333,,0,0,8,2.614097444917762
tune,610091001,C3_short_censored,absolute,2,COMPLETE,False,25.72282260573611,0.8093891412443405,0.15625,10,0,0.078125,1,6,8,0,5,0,0.125,0.16666666666666666,,0.0,0.0,,0,0,8,2.7530782634068154
tune,610091001,C3_short_censored,absolute,4,COMPLETE,False,51.44564521147222,0.8093891412443405,0.0,10,0,0.0,0,0,8,0,0,0,0.0,,,,,,0,0,8,
tune,610091001,C3_short_censored,absolute,8,COMPLETE,False,102.89129042294444,0.8093891412443405,0.0,10,0,0.0,0,0,8,0,0,0,0.0,,,,,,0,0,8,
tune,610091001,C3_short_censored,relative,0.25,COMPLETE,False,3.3278600588063276,0.8377101802437326,0.53125,10,0,2.484375,7,166,8,0,19,0,0.875,0.04216867469879518,,0.0,0.2857142857142857,,0,0,8,2.4056177868203297
tune,610091001,C3_short_censored,relative,0.5,COMPLETE,False,6.655720117612655,0.8377101802437326,0.90625,10,1,1.9375,5,129,8,0,38,0,0.625,0.03875968992248062,,0.0,0.4,,0,0,8,2.508888285883485
tune,610091001,C3_short_censored,relative,1,COMPLETE,False,13.31144023522531,0.8377101802437326,0.84375,10,1,0.765625,3,52,8,0,34,0,0.375,0.057692307692307696,,0.0,0.3333333333333333,,0,0,8,2.6518860462703633
tune,610091001,C3_short_censored,relative,2,COMPLETE,False,26.62288047045062,0.8377101802437326,0.25,10,0,0.125,0,8,8,0,8,0,0.0,0.0,,0.0,,,0,0,8,2.433038668719667
tune,610091001,C3_short_censored,relative,4,COMPLETE,False,53.24576094090124,0.8377101802437326,0.0,10,0,0.0,0,0,8,0,0,0,0.0,,,,,,0,0,8,
tune,610091001,C3_short_censored,relative,8,COMPLETE,False,106.49152188180248,0.8377101802437326,0.0,10,0,0.0,0,0,8,0,0,0,0.0,,,,,,0,0,8,
tune,610091002,N0_iid,absolute,0.25,COMPLETE,True,3.703384811553435,0.9322396684886798,0.65625,14,0,2.28125,0,146,0,0,27,0,,0.0,,0.0,,,0,0,0,2.1324929332798
tune,610091002,N0_iid,absolute,0.5,COMPLETE,True,7.40676962310687,0.9322396684886798,0.78125,14,1,1.140625,0,73,0,0,30,0,,0.0,,0.0,,,0,0,0,2.225992148133209
tune,610091002,N0_iid,absolute,1,COMPLETE,True,14.81353924621374,0.9322396684886798,0.15625,14,0,0.078125,0,5,0,0,5,0,,0.0,,0.0,,,0,0,0,1.875136074289929
tune,610091002,N0_iid,absolute,2,COMPLETE,True,29.62707849242748,0.9322396684886798,0.0,14,0,0.0,0,0,0,0,0,0,,,,,,,0,0,0,
tune,610091002,N0_iid,absolute,4,COMPLETE,True,59.25415698485496,0.9322396684886798,0.0,14,0,0.0,0,0,0,0,0,0,,,,,,,0,0,0,
tune,610091002,N0_iid,absolute,8,COMPLETE,True,118.50831396970992,0.9322396684886798,0.0,14,0,0.0,0,0,0,0,0,0,,,,,,,0,0,0,
tune,610091002,N0_iid,relative,0.25,COMPLETE,True,3.846773448931167,0.9683343717334095,0.65625,14,0,2.28125,0,146,0,0,24,0,,0.0,,0.0,,,0,0,0,2.1284884174004786
tune,610091002,N0_iid,relative,0.5,COMPLETE,True,7.693546897862334,0.9683343717334095,0.75,14,1,1.0,0,64,0,0,30,0,,0.0,,0.0,,,0,0,0,2.1694284445032137
tune,610091002,N0_iid,relative,1,COMPLETE,True,15.387093795724669,0.9683343717334095,0.15625,14,0,0.078125,0,5,0,0,5,0,,0.0,,0.0,,,0,0,0,1.9276782979277212
tune,610091002,N0_iid,relative,2,COMPLETE,True,30.774187591449337,0.9683343717334095,0.0,14,0,0.0,0,0,0,0,0,0,,,,,,,0,0,0,
tune,610091002,N0_iid,relative,4,COMPLETE,True,61.548375182898674,0.9683343717334095,0.0,14,0,0.0,0,0,0,0,0,0,,,,,,,0,0,0,
tune,610091002,N0_iid,relative,8,COMPLETE,True,123.09675036579735,0.9683343717334095,0.0,14,0,0.0,0,0,0,0,0,0,,,,,,,0,0,0,
tune,610091002,N1_ar05,absolute,0.25,COMPLETE,True,3.1062705381377613,0.7819302513948103,0.375,4,0,2.640625,0,169,0,0,14,0,,0.0,,0.0,,,0,0,0,2.343559804733912
tune,610091002,N1_ar05,absolute,0.5,COMPLETE,True,6.212541076275523,0.7819302513948103,0.875,4,1,1.921875,0,123,0,0,40,0,,0.0,,0.0,,,0,0,0,2.503109768251472
tune,610091002,N1_ar05,absolute,1,COMPLETE,True,12.425082152551045,0.7819302513948103,0.96875,4,1,0.921875,0,59,0,0,40,0,,0.0,,0.0,,,0,0,0,2.5272914830167186
tune,610091002,N1_ar05,absolute,2,COMPLETE,True,24.85016430510209,0.7819302513948103,0.3125,4,0,0.171875,0,11,0,0,11,0,,0.0,,0.0,,,0,0,0,2.535133227223236
tune,610091002,N1_ar05,absolute,4,COMPLETE,True,49.70032861020418,0.7819302513948103,0.0,4,0,0.0,0,0,0,0,0,0,,,,,,,0,0,0,
tune,610091002,N1_ar05,absolute,8,COMPLETE,True,99.40065722040836,0.7819302513948103,0.0,4,0,0.0,0,0,0,0,0,0,,,,,,,0,0,0,
tune,610091002,N1_ar05,relative,0.25,COMPLETE,True,3.285289025916484,0.8269939280561017,0.5,4,0,2.59375,0,166,0,0,18,0,,0.0,,0.0,,,0,0,0,2.3883431284519463
tune,610091002,N1_ar05,relative,0.5,COMPLETE,True,6.570578051832968,0.8269939280561017,0.90625,4,1,1.9375,0,124,0,0,37,0,,0.0,,0.0,,,0,0,0,2.5201523077320855
tune,610091002,N1_ar05,relative,1,COMPLETE,True,13.141156103665937,0.8269939280561017,0.90625,4,0,0.8125,0,52,0,0,33,0,,0.0,,0.0,,,0,0,0,2.5970034473331944
tune,610091002,N1_ar05,relative,2,COMPLETE,True,26.282312207331874,0.8269939280561017,0.3125,4,0,0.15625,0,10,0,0,10,0,,0.0,,0.0,,,0,0,0,2.531936024000345
tune,610091002,N1_ar05,relative,4,COMPLETE,True,52.56462441466375,0.8269939280561017,0.0,4,0,0.0,0,0,0,0,0,0,,,,,,,0,0,0,
tune,610091002,N1_ar05,relative,8,COMPLETE,True,105.1292488293275,0.8269939280561017,0.0,4,0,0.0,0,0,0,0,0,0,,,,,,,0,0,0,
tune,610091002,N2_season_ar05,absolute,0.25,COMPLETE,True,3.1062705381377613,0.7819302513948103,0.375,31,0,2.640625,0,169,0,0,14,0,,0.0,,0.0,,,0,0,0,2.343559804733912
tune,610091002,N2_season_ar05,absolute,0.5,COMPLETE,True,6.212541076275523,0.7819302513948103,0.875,31,0,1.921875,0,123,0,0,40,0,,0.0,,0.0,,,0,0,0,2.503109768251472
tune,610091002,N2_season_ar05,absolute,1,COMPLETE,True,12.425082152551045,0.7819302513948103,0.96875,31,1,0.921875,0,59,0,0,40,0,,0.0,,0.0,,,0,0,0,2.5272914830167186
tune,610091002,N2_season_ar05,absolute,2,COMPLETE,True,24.85016430510209,0.7819302513948103,0.3125,31,1,0.171875,0,11,0,0,11,0,,0.0,,0.0,,,0,0,0,2.535133227223236
tune,610091002,N2_season_ar05,absolute,4,COMPLETE,True,49.70032861020418,0.7819302513948103,0.0,31,0,0.0,0,0,0,0,0,0,,,,,,,0,0,0,
tune,610091002,N2_season_ar05,absolute,8,COMPLETE,True,99.40065722040836,0.7819302513948103,0.0,31,0,0.0,0,0,0,0,0,0,,,,,,,0,0,0,
tune,610091002,N2_season_ar05,relative,0.25,COMPLETE,True,3.285289025916484,0.8269939280561017,0.5,31,0,2.59375,0,166,0,0,18,0,,0.0,,0.0,,,0,0,0,2.3883431284519463
tune,610091002,N2_season_ar05,relative,0.5,COMPLETE,True,6.570578051832968,0.8269939280561017,0.90625,31,0,1.9375,0,124,0,0,37,0,,0.0,,0.0,,,0,0,0,2.5201523077320855
tune,610091002,N2_season_ar05,relative,1,COMPLETE,True,13.141156103665937,0.8269939280561017,0.90625,31,1,0.8125,0,52,0,0,33,0,,0.0,,0.0,,,0,0,0,2.5970034473331944
tune,610091002,N2_season_ar05,relative,2,COMPLETE,True,26.282312207331874,0.8269939280561017,0.3125,31,0,0.15625,0,10,0,0,10,0,,0.0,,0.0,,,0,0,0,2.531936024000345
tune,610091002,N2_season_ar05,relative,4,COMPLETE,True,52.56462441466375,0.8269939280561017,0.0,31,0,0.0,0,0,0,0,0,0,,,,,,,0,0,0,
tune,610091002,N2_season_ar05,relative,8,COMPLETE,True,105.1292488293275,0.8269939280561017,0.0,31,0,0.0,0,0,0,0,0,0,,,,,,,0,0,0,
tune,610091002,N3_common_shift2,absolute,0.25,COMPLETE,False,3.1062705381377613,0.7819302513948103,0.28125,6,1,2.28125,30,176,32,4,15,32,0.9375,0.17045454545454544,0.125,0.26666666666666666,0.4666666666666667,0.5,4,0,0,2.4311667890260793
tune,610091002,N3_common_shift2,absolute,0.5,COMPLETE,False,6.212541076275523,0.7819302513948103,0.5625,6,1,1.625,30,134,32,13,35,32,0.9375,0.22388059701492538,0.40625,0.37142857142857144,0.5333333333333333,0.5384615384615384,13,0,0,2.596523602498293
tune,610091002,N3_common_shift2,absolute,1,COMPLETE,False,12.425082152551045,0.7819302513948103,0.625,6,0,0.640625,27,68,32,18,42,32,0.84375,0.39705882352941174,0.5625,0.42857142857142855,0.5185185185185185,0.4444444444444444,18,0,0,2.794137997229993
tune,610091002,N3_common_shift2,absolute,2,COMPLETE,False,24.85016430510209,0.7819302513948103,0.25,6,0,0.15625,19,29,32,19,28,32,0.59375,0.6551724137931034,0.59375,0.6785714285714286,0.2631578947368421,0.2631578947368421,19,0,0,2.8563192982983927
tune,610091002,N3_common_shift2,absolute,4,COMPLETE,False,49.70032861020418,0.7819302513948103,0.0625,6,0,0.03125,7,9,32,7,9,32,0.21875,0.7777777777777778,0.21875,0.7777777777777778,0.2857142857142857,0.2857142857142857,7,0,0,3.077272701756642
tune,610091002,N3_common_shift2,absolute,8,COMPLETE,False,99.40065722040836,0.7819302513948103,0.0,6,0,0.0,0,0,32,0,0,32,0.0,,0.0,,,,0,0,0,
tune,610091002,N3_common_shift2,relative,0.25,COMPLETE,True,3.285289025916484,0.8269939280561017,0.5,6,1,2.59375,0,166,0,0,18,0,,0.0,,0.0,,,0,0,0,2.3883431284519463
tune,610091002,N3_common_shift2,relative,0.5,COMPLETE,True,6.570578051832968,0.8269939280561017,0.90625,6,1,1.9375,0,124,0,0,37,0,,0.0,,0.0,,,0,0,0,2.5201523077320855
tune,610091002,N3_common_shift2,relative,1,COMPLETE,True,13.141156103665937,0.8269939280561017,0.90625,6,1,0.8125,0,52,0,0,33,0,,0.0,,0.0,,,0,0,0,2.5970034473331944
tune,610091002,N3_common_shift2,relative,2,COMPLETE,True,26.282312207331874,0.8269939280561017,0.3125,6,1,0.15625,0,10,0,0,10,0,,0.0,,0.0,,,0,0,0,2.531936024000345
tune,610091002,N3_common_shift2,relative,4,COMPLETE,True,52.56462441466375,0.8269939280561017,0.0,6,0,0.0,0,0,0,0,0,0,,,,,,,0,0,0,
tune,610091002,N3_common_shift2,relative,8,COMPLETE,True,105.1292488293275,0.8269939280561017,0.0,6,0,0.0,0,0,0,0,0,0,,,,,,,0,0,0,
tune,610091002,N4_spike4,absolute,0.25,COMPLETE,True,3.1062705381377613,0.7819302513948103,0.34375,9,0,2.6875,0,172,0,0,13,0,,0.0,,0.0,,,0,0,0,2.361518445903763
tune,610091002,N4_spike4,absolute,0.5,COMPLETE,True,6.212541076275523,0.7819302513948103,0.875,9,1,1.953125,0,125,0,0,40,0,,0.0,,0.0,,,0,0,0,2.5323718032570066
tune,610091002,N4_spike4,absolute,1,COMPLETE,True,12.425082152551045,0.7819302513948103,0.96875,9,1,0.953125,0,61,0,0,41,0,,0.0,,0.0,,,0,0,0,2.5666913097100976
tune,610091002,N4_spike4,absolute,2,COMPLETE,True,24.85016430510209,0.7819302513948103,0.375,9,0,0.203125,0,13,0,0,13,0,,0.0,,0.0,,,0,0,0,2.4744827238943876
tune,610091002,N4_spike4,absolute,4,COMPLETE,True,49.70032861020418,0.7819302513948103,0.0,9,0,0.0,0,0,0,0,0,0,,,,,,,0,0,0,
tune,610091002,N4_spike4,absolute,8,COMPLETE,True,99.40065722040836,0.7819302513948103,0.0,9,0,0.0,0,0,0,0,0,0,,,,,,,0,0,0,
tune,610091002,N4_spike4,relative,0.25,COMPLETE,True,3.285289025916484,0.8269939280561017,0.53125,9,1,2.625,0,168,0,0,17,0,,0.0,,0.0,,,0,0,0,2.4131264644307273
tune,610091002,N4_spike4,relative,0.5,COMPLETE,True,6.570578051832968,0.8269939280561017,0.875,9,1,1.921875,0,123,0,0,38,0,,0.0,,0.0,,,0,0,0,2.5461493507895288
tune,610091002,N4_spike4,relative,1,COMPLETE,True,13.141156103665937,0.8269939280561017,0.90625,9,1,0.796875,0,51,0,0,35,0,,0.0,,0.0,,,0,0,0,2.586522358833089
tune,610091002,N4_spike4,relative,2,COMPLETE,True,26.282312207331874,0.8269939280561017,0.3125,9,0,0.15625,0,10,0,0,10,0,,0.0,,0.0,,,0,0,0,2.532410763649715
tune,610091002,N4_spike4,relative,4,COMPLETE,True,52.56462441466375,0.8269939280561017,0.0,9,0,0.0,0,0,0,0,0,0,,,,,,,0,0,0,
tune,610091002,N4_spike4,relative,8,COMPLETE,True,105.1292488293275,0.8269939280561017,0.0,9,0,0.0,0,0,0,0,0,0,,,,,,,0,0,0,
tune,610091002,N5_boundary_null,absolute,0.25,COMPLETE,True,3.1062705381377613,0.7819302513948103,0.375,3,0,2.640625,0,169,0,0,14,0,,0.0,,0.0,,,0,0,0,2.343559804733912
tune,610091002,N5_boundary_null,absolute,0.5,COMPLETE,True,6.212541076275523,0.7819302513948103,0.875,3,1,1.921875,0,123,0,0,40,0,,0.0,,0.0,,,0,0,0,2.503109768251472
tune,610091002,N5_boundary_null,absolute,1,COMPLETE,True,12.425082152551045,0.7819302513948103,0.96875,3,1,0.921875,0,59,0,0,40,0,,0.0,,0.0,,,0,0,0,2.527291483016718
tune,610091002,N5_boundary_null,absolute,2,COMPLETE,True,24.85016430510209,0.7819302513948103,0.3125,3,0,0.171875,0,11,0,0,11,0,,0.0,,0.0,,,0,0,0,2.535133227223236
tune,610091002,N5_boundary_null,absolute,4,COMPLETE,True,49.70032861020418,0.7819302513948103,0.0,3,0,0.0,0,0,0,0,0,0,,,,,,,0,0,0,
tune,610091002,N5_boundary_null,absolute,8,COMPLETE,True,99.40065722040836,0.7819302513948103,0.0,3,0,0.0,0,0,0,0,0,0,,,,,,,0,0,0,
tune,610091002,N5_boundary_null,relative,0.25,COMPLETE,True,3.2728807818056866,0.8238704456298925,0.5625,3,0,2.609375,0,167,0,0,19,0,,0.0,,0.0,,,0,0,0,2.3911745555752737
tune,610091002,N5_boundary_null,relative,0.5,COMPLETE,True,6.545761563611373,0.8238704456298925,0.875,3,0,1.921875,0,123,0,0,37,0,,0.0,,0.0,,,0,0,0,2.499947759220522
tune,610091002,N5_boundary_null,relative,1,COMPLETE,True,13.091523127222747,0.8238704456298925,0.90625,3,1,0.796875,0,51,0,0,34,0,,0.0,,0.0,,,0,0,0,2.5476171778057197
tune,610091002,N5_boundary_null,relative,2,COMPLETE,True,26.183046254445493,0.8238704456298925,0.28125,3,1,0.140625,0,9,0,0,9,0,,0.0,,0.0,,,0,0,0,2.5666694510367547
tune,610091002,N5_boundary_null,relative,4,COMPLETE,True,52.366092508890986,0.8238704456298925,0.0,3,0,0.0,0,0,0,0,0,0,,,,,,,0,0,0,
tune,610091002,N5_boundary_null,relative,8,COMPLETE,True,104.73218501778197,0.8238704456298925,0.0,3,0,0.0,0,0,0,0,0,0,,,,,,,0,0,0,
tune,610091002,P025,absolute,0.25,COMPLETE,False,3.1062705381377613,0.7819302513948103,0.375,19,1,2.5625,5,169,8,0,14,8,0.625,0.029585798816568046,0.0,0.0,0.6,,0,0,0,2.342457808356161
tune,610091002,P025,absolute,0.5,COMPLETE,False,6.212541076275523,0.7819302513948103,0.8125,19,1,1.84375,5,123,8,2,40,8,0.625,0.04065040650406504,0.25,0.05,0.6,0.5,2,0,0,2.5025764062638998
tune,610091002,P025,absolute,1,COMPLETE,False,12.425082152551045,0.7819302513948103,0.875,19,1,0.84375,4,58,8,3,40,8,0.5,0.06896551724137931,0.375,0.075,0.5,0.6666666666666666,3,0,0,2.5346810329675318
tune,610091002,P025,absolute,2,COMPLETE,False,24.85016430510209,0.7819302513948103,0.3125,19,1,0.171875,0,11,8,0,11,8,0.0,0.0,0.0,0.0,,,0,0,0,2.535133227223236
tune,610091002,P025,absolute,4,COMPLETE,False,49.70032861020418,0.7819302513948103,0.0,19,0,0.0,0,0,8,0,0,8,0.0,,0.0,,,,0,0,0,
tune,610091002,P025,absolute,8,COMPLETE,False,99.40065722040836,0.7819302513948103,0.0,19,0,0.0,0,0,8,0,0,8,0.0,,0.0,,,,0,0,0,
tune,610091002,P025,relative,0.25,COMPLETE,False,3.285289025916484,0.8269939280561017,0.5,19,0,2.5,7,167,8,0,18,8,0.875,0.041916167664670656,0.0,0.0,0.5714285714285714,,0,0,0,2.3882859627932334
tune,610091002,P025,relative,0.5,COMPLETE,False,6.570578051832968,0.8269939280561017,0.84375,19,1,1.84375,6,124,8,3,37,8,0.75,0.04838709677419355,0.375,0.08108108108108109,0.5,0.6666666666666666,3,0,0,2.5235562204907476
tune,610091002,P025,relative,1,COMPLETE,False,13.141156103665937,0.8269939280561017,0.875,19,1,0.8125,3,55,8,2,36,8,0.375,0.05454545454545454,0.25,0.05555555555555555,0.6666666666666666,1.0,2,0,0,2.5816469501976447
tune,610091002,P025,relative,2,COMPLETE,False,26.282312207331874,0.8269939280561017,0.3125,19,1,0.15625,0,10,8,0,10,8,0.0,0.0,0.0,0.0,,,0,0,0,2.5380620543563124
tune,610091002,P025,relative,4,COMPLETE,False,52.56462441466375,0.8269939280561017,0.0,19,0,0.0,0,0,8,0,0,8,0.0,,0.0,,,,0,0,0,
tune,610091002,P025,relative,8,COMPLETE,False,105.1292488293275,0.8269939280561017,0.0,19,0,0.0,0,0,8,0,0,8,0.0,,0.0,,,,0,0,0,
tune,610091002,P05,absolute,0.25,COMPLETE,False,3.1062705381377613,0.7819302513948103,0.375,21,0,2.546875,6,169,8,0,14,8,0.75,0.03550295857988166,0.0,0.0,0.5,,0,0,0,2.344377440898848
tune,610091002,P05,absolute,0.5,COMPLETE,False,6.212541076275523,0.7819302513948103,0.8125,21,0,1.828125,6,123,8,3,40,8,0.75,0.04878048780487805,0.375,0.075,0.5,0.3333333333333333,3,0,0,2.5021700999648027
tune,610091002,P05,absolute,1,COMPLETE,False,12.425082152551045,0.7819302513948103,0.875,21,1,0.84375,4,58,8,3,40,8,0.5,0.06896551724137931,0.375,0.075,0.5,0.6666666666666666,3,0,0,2.537127530967773
tune,610091002,P05,absolute,2,COMPLETE,False,24.85016430510209,0.7819302513948103,0.3125,21,0,0.171875,1,12,8,1,12,8,0.125,0.08333333333333333,0.125,0.08333333333333333,0.0,0.0,1,0,0,2.497327923900201
tune,610091002,P05,absolute,4,COMPLETE,False,49.70032861020418,0.7819302513948103,0.0,21,0,0.0,0,0,8,0,0,8,0.0,,0.0,,,,0,0,0,
tune,610091002,P05,absolute,8,COMPLETE,False,99.40065722040836,0.7819302513948103,0.0,21,0,0.0,0,0,8,0,0,8,0.0,,0.0,,,,0,0,0,
tune,610091002,P05,relative,0.25,COMPLETE,False,3.285289025916484,0.8269939280561017,0.5,21,0,2.53125,7,169,8,0,17,8,0.875,0.04142011834319527,0.0,0.0,0.5714285714285714,,0,0,0,2.3802543666945826
tune,610091002,P05,relative,0.5,COMPLETE,False,6.570578051832968,0.8269939280561017,0.84375,21,1,1.84375,6,124,8,3,37,8,0.75,0.04838709677419355,0.375,0.08108108108108109,0.5,0.6666666666666666,3,0,0,2.52766727062031
tune,610091002,P05,relative,1,COMPLETE,False,13.141156103665937,0.8269939280561017,0.84375,21,1,0.796875,4,55,8,3,36,8,0.5,0.07272727272727272,0.375,0.08333333333333333,0.5,0.6666666666666666,3,0,0,2.5826382506662133
tune,610091002,P05,relative,2,COMPLETE,False,26.282312207331874,0.8269939280561017,0.3125,21,0,0.15625,2,12,8,2,12,8,0.25,0.16666666666666666,0.25,0.16666666666666666,0.5,0.5,2,0,0,2.4622079774973953
tune,610091002,P05,relative,4,COMPLETE,False,52.56462441466375,0.8269939280561017,0.0,21,0,0.0,0,0,8,0,0,8,0.0,,0.0,,,,0,0,0,
tune,610091002,P05,relative,8,COMPLETE,False,105.1292488293275,0.8269939280561017,0.0,21,0,0.0,0,0,8,0,0,8,0.0,,0.0,,,,0,0,0,
tune,610091002,P1,absolute,0.25,COMPLETE,False,3.1062705381377613,0.7819302513948103,0.375,17,0,2.53125,7,169,8,0,14,8,0.875,0.04142011834319527,0.0,0.0,0.5714285714285714,,0,0,0,2.346112113461312
tune,610091002,P1,absolute,0.5,COMPLETE,False,6.212541076275523,0.7819302513948103,0.8125,17,1,1.828125,7,124,8,3,40,8,0.875,0.056451612903225805,0.375,0.075,0.5714285714285714,0.3333333333333333,3,0,0,2.5043553948957404
tune,610091002,P1,absolute,1,COMPLETE,False,12.425082152551045,0.7819302513948103,0.875,17,1,0.8125,6,58,8,5,42,8,0.75,0.10344827586206896,0.625,0.11904761904761904,0.5,0.6,5,0,0,2.526448568129265
tune,610091002,P1,absolute,2,COMPLETE,False,24.85016430510209,0.7819302513948103,0.375,17,1,0.203125,3,16,8,3,16,8,0.375,0.1875,0.375,0.1875,0.6666666666666666,0.6666666666666666,3,0,0,2.479055061847719
tune,610091002,P1,absolute,4,COMPLETE,False,49.70032861020418,0.7819302513948103,0.0,17,0,0.0,0,0,8,0,0,8,0.0,,0.0,,,,0,0,0,
tune,610091002,P1,absolute,8,COMPLETE,False,99.40065722040836,0.7819302513948103,0.0,17,0,0.0,0,0,8,0,0,8,0.0,,0.0,,,,0,0,0,
tune,610091002,P1,relative,0.25,COMPLETE,False,3.285289025916484,0.8269939280561017,0.5,17,0,2.53125,7,169,8,0,17,8,0.875,0.04142011834319527,0.0,0.0,0.5714285714285714,,0,0,0,2.382928978681556
tune,610091002,P1,relative,0.5,COMPLETE,False,6.570578051832968,0.8269939280561017,0.84375,17,1,1.859375,7,126,8,3,39,8,0.875,0.05555555555555555,0.375,0.07692307692307693,0.5714285714285714,0.6666666666666666,3,0,0,2.520270539371023
tune,610091002,P1,relative,1,COMPLETE,False,13.141156103665937,0.8269939280561017,0.8125,17,1,0.765625,4,53,8,4,35,8,0.5,0.07547169811320754,0.5,0.11428571428571428,0.75,0.75,4,0,0,2.571424361839044
tune,610091002,P1,relative,2,COMPLETE,False,26.282312207331874,0.8269939280561017,0.28125,17,1,0.140625,3,12,8,3,12,8,0.375,0.25,0.375,0.25,0.6666666666666666,0.6666666666666666,3,0,0,2.514415509297434
tune,610091002,P1,relative,4,COMPLETE,False,52.56462441466375,0.8269939280561017,0.0,17,0,0.0,0,0,8,0,0,8,0.0,,0.0,,,,0,0,0,
tune,610091002,P1,relative,8,COMPLETE,False,105.1292488293275,0.8269939280561017,0.0,17,0,0.0,0,0,8,0,0,8,0.0,,0.0,,,,0,0,0,
tune,610091002,P2,absolute,0.25,COMPLETE,False,3.1062705381377613,0.7819302513948103,0.375,29,0,2.53125,7,169,8,1,15,8,0.875,0.04142011834319527,0.125,0.06666666666666667,0.5714285714285714,1.0,1,0,0,2.3650781585689042
tune,610091002,P2,absolute,0.5,COMPLETE,False,6.212541076275523,0.7819302513948103,0.84375,29,1,1.828125,7,124,8,3,41,8,0.875,0.056451612903225805,0.375,0.07317073170731707,0.5714285714285714,0.3333333333333333,3,0,0,2.528934679515868
tune,610091002,P2,absolute,1,COMPLETE,False,12.425082152551045,0.7819302513948103,0.90625,29,1,0.859375,7,62,8,4,42,8,0.875,0.11290322580645161,0.5,0.09523809523809523,0.5714285714285714,0.5,4,0,0,2.5778443515233382
tune,610091002,P2,absolute,2,COMPLETE,False,24.85016430510209,0.7819302513948103,0.34375,29,0,0.203125,6,19,8,6,18,8,0.75,0.3157894736842105,0.75,0.3333333333333333,0.5,0.5,6,0,0,2.6980251203247376
tune,610091002,P2,absolute,4,COMPLETE,False,49.70032861020418,0.7819302513948103,0.0,29,0,0.0,2,2,8,2,2,8,0.25,1.0,0.25,1.0,1.0,1.0,2,0,0,3.077237474956771
tune,610091002,P2,absolute,8,COMPLETE,False,99.40065722040836,0.7819302513948103,0.0,29,0,0.0,0,0,8,0,0,8,0.0,,0.0,,,,0,0,0,
tune,610091002,P2,relative,0.25,COMPLETE,False,3.285289025916484,0.8269939280561017,0.46875,29,1,2.53125,7,169,8,1,17,8,0.875,0.04142011834319527,0.125,0.058823529411764705,0.5714285714285714,1.0,1,0,0,2.3956441699731195
tune,610091002,P2,relative,0.5,COMPLETE,False,6.570578051832968,0.8269939280561017,0.875,29,1,1.875,7,127,8,2,39,8,0.875,0.05511811023622047,0.25,0.05128205128205128,0.5714285714285714,0.5,2,0,0,2.5370628766988155
tune,610091002,P2,relative,1,COMPLETE,False,13.141156103665937,0.8269939280561017,0.78125,29,1,0.734375,6,53,8,6,36,8,0.75,0.11320754716981132,0.75,0.16666666666666666,0.6666666666666666,0.6666666666666666,6,0,0,2.6108597111296232
tune,610091002,P2,relative,2,COMPLETE,False,26.282312207331874,0.8269939280561017,0.34375,29,0,0.171875,5,16,8,5,16,8,0.625,0.3125,0.625,0.3125,0.6,0.6,5,0,0,2.6245093976664142
tune,610091002,P2,relative,4,COMPLETE,False,52.56462441466375,0.8269939280561017,0.0,29,0,0.0,0,0,8,0,0,8,0.0,,0.0,,,,0,0,0,
tune,610091002,P2,relative,8,COMPLETE,False,105.1292488293275,0.8269939280561017,0.0,29,0,0.0,0,0,8,0,0,8,0.0,,0.0,,,,0,0,0,
tune,610091002,P6_return,absolute,0.25,COMPLETE,False,3.1062705381377613,0.7819302513948103,0.375,29,0,2.4375,13,169,16,0,14,16,0.8125,0.07692307692307693,0.0,0.0,0.6153846153846154,,0,0,0,2.3476591802337765
tune,610091002,P6_return,absolute,0.5,COMPLETE,False,6.212541076275523,0.7819302513948103,0.8125,29,1,1.765625,11,124,16,2,39,16,0.6875,0.08870967741935484,0.125,0.05128205128205128,0.6363636363636364,0.0,2,0,0,2.507960996888809
tune,610091002,P6_return,absolute,1,COMPLETE,False,12.425082152551045,0.7819302513948103,0.84375,29,1,0.796875,10,61,16,7,42,16,0.625,0.16393442622950818,0.4375,0.16666666666666666,0.5,0.42857142857142855,5,2,0,2.5390057742086944
tune,610091002,P6_return,absolute,2,COMPLETE,False,24.85016430510209,0.7819302513948103,0.3125,29,0,0.171875,1,12,16,1,12,16,0.0625,0.08333333333333333,0.0625,0.08333333333333333,0.0,0.0,1,0,0,2.497327923900201
tune,610091002,P6_return,absolute,4,COMPLETE,False,49.70032861020418,0.7819302513948103,0.0,29,0,0.0,0,0,16,0,0,16,0.0,,0.0,,,,0,0,0,
tune,610091002,P6_return,absolute,8,COMPLETE,False,99.40065722040836,0.7819302513948103,0.0,29,0,0.0,0,0,16,0,0,16,0.0,,0.0,,,,0,0,0,
tune,610091002,P6_return,relative,0.25,COMPLETE,False,3.285289025916484,0.8269939280561017,0.46875,29,1,2.421875,14,169,16,1,17,16,0.875,0.08284023668639054,0.0625,0.058823529411764705,0.5714285714285714,0.0,1,0,0,2.3881456631539715
tune,610091002,P6_return,relative,0.5,COMPLETE,False,6.570578051832968,0.8269939280561017,0.78125,29,1,1.8125,12,128,16,4,37,16,0.75,0.09375,0.25,0.10810810810810811,0.5833333333333334,0.5,3,1,0,2.5096269959059185
tune,610091002,P6_return,relative,1,COMPLETE,False,13.141156103665937,0.8269939280561017,0.8125,29,1,0.71875,7,53,16,6,35,16,0.4375,0.1320754716981132,0.375,0.17142857142857143,0.5714285714285714,0.6666666666666666,3,3,0,2.585112639043351
tune,610091002,P6_return,relative,2,COMPLETE,False,26.282312207331874,0.8269939280561017,0.28125,29,0,0.140625,1,10,16,1,10,16,0.0625,0.1,0.0625,0.1,0.0,0.0,1,0,0,2.5203306433477857
tune,610091002,P6_return,relative,4,COMPLETE,False,52.56462441466375,0.8269939280561017,0.0,29,0,0.0,0,0,16,0,0,16,0.0,,0.0,,,,0,0,0,
tune,610091002,P6_return,relative,8,COMPLETE,False,105.1292488293275,0.8269939280561017,0.0,29,0,0.0,0,0,16,0,0,16,0.0,,0.0,,,,0,0,0,
tune,610091002,C3_short_censored,absolute,0.25,COMPLETE,False,3.1062705381377613,0.7819302513948103,0.4375,12,0,2.53125,6,168,8,0,16,0,0.75,0.03571428571428571,,0.0,0.0,,0,0,8,2.3436488805352247
tune,610091002,C3_short_censored,absolute,0.5,COMPLETE,False,6.212541076275523,0.7819302513948103,0.9375,12,1,1.828125,4,121,8,0,44,0,0.5,0.03305785123966942,,0.0,0.0,,0,0,8,2.5208573720711915
tune,610091002,C3_short_censored,absolute,1,COMPLETE,False,12.425082152551045,0.7819302513948103,0.96875,12,1,0.90625,2,60,8,0,41,0,0.25,0.03333333333333333,,0.0,0.0,,0,0,8,2.5811255173552694
tune,610091002,C3_short_censored,absolute,2,COMPLETE,False,24.85016430510209,0.7819302513948103,0.40625,12,0,0.21875,1,15,8,0,14,0,0.125,0.06666666666666667,,0.0,0.0,,0,0,8,2.5438947538043717
tune,610091002,C3_short_censored,absolute,4,COMPLETE,False,49.70032861020418,0.7819302513948103,0.0,12,0,0.0,0,0,8,0,0,0,0.0,,,,,,0,0,8,
tune,610091002,C3_short_censored,absolute,8,COMPLETE,False,99.40065722040836,0.7819302513948103,0.0,12,0,0.0,0,0,8,0,0,0,0.0,,,,,,0,0,8,
tune,610091002,C3_short_censored,relative,0.25,COMPLETE,False,3.285289025916484,0.8269939280561017,0.59375,12,0,2.46875,5,163,8,0,20,0,0.625,0.03067484662576687,,0.0,0.0,,0,0,8,2.407009392030382
tune,610091002,C3_short_censored,relative,0.5,COMPLETE,False,6.570578051832968,0.8269939280561017,0.90625,12,1,1.828125,5,122,8,0,39,0,0.625,0.040983606557377046,,0.0,0.0,,0,0,8,2.547156775267591
tune,610091002,C3_short_censored,relative,1,COMPLETE,False,13.141156103665937,0.8269939280561017,0.90625,12,1,0.828125,4,57,8,0,35,0,0.5,0.07017543859649122,,0.0,0.0,,0,0,8,2.6169646286126773
tune,610091002,C3_short_censored,relative,2,COMPLETE,False,26.282312207331874,0.8269939280561017,0.375,12,0,0.1875,1,13,8,0,12,0,0.125,0.07692307692307693,,0.0,0.0,,0,0,8,2.5815128919898225
tune,610091002,C3_short_censored,relative,4,COMPLETE,False,52.56462441466375,0.8269939280561017,0.0,12,0,0.0,0,0,8,0,0,0,0.0,,,,,,0,0,8,
tune,610091002,C3_short_censored,relative,8,COMPLETE,False,105.1292488293275,0.8269939280561017,0.0,12,0,0.0,0,0,8,0,0,0,0.0,,,,,,0,0,8,
tune,610091003,N0_iid,absolute,0.25,COMPLETE,True,3.8200170617008387,0.9615990831175086,0.40625,7,0,2.453125,0,157,0,0,15,0,,0.0,,0.0,,,0,0,0,2.1507903926708827
tune,610091003,N0_iid,absolute,0.5,COMPLETE,True,7.640034123401677,0.9615990831175086,0.65625,7,1,0.96875,0,62,0,0,30,0,,0.0,,0.0,,,0,0,0,2.1709807599409943
tune,610091003,N0_iid,absolute,1,COMPLETE,True,15.280068246803355,0.9615990831175086,0.0625,7,0,0.09375,0,6,0,0,2,0,,0.0,,0.0,,,0,0,0,2.4097064185394976
tune,610091003,N0_iid,absolute,2,COMPLETE,True,30.56013649360671,0.9615990831175086,0.0,7,0,0.0,0,0,0,0,0,0,,,,,,,0,0,0,
tune,610091003,N0_iid,absolute,4,COMPLETE,True,61.12027298721342,0.9615990831175086,0.0,7,0,0.0,0,0,0,0,0,0,,,,,,,0,0,0,
tune,610091003,N0_iid,absolute,8,COMPLETE,True,122.24054597442684,0.9615990831175086,0.0,7,0,0.0,0,0,0,0,0,0,,,,,,,0,0,0,
tune,610091003,N0_iid,relative,0.25,COMPLETE,True,3.8932767369789243,0.9800404762943044,0.4375,7,0,2.46875,0,158,0,0,19,0,,0.0,,0.0,,,0,0,0,2.150144457682737
tune,610091003,N0_iid,relative,0.5,COMPLETE,True,7.786553473957849,0.9800404762943044,0.75,7,1,1.015625,0,65,0,0,30,0,,0.0,,0.0,,,0,0,0,2.1731404874423452
tune,610091003,N0_iid,relative,1,COMPLETE,True,15.573106947915697,0.9800404762943044,0.0625,7,0,0.078125,0,5,0,0,2,0,,0.0,,0.0,,,0,0,0,2.237234668434526
tune,610091003,N0_iid,relative,2,COMPLETE,True,31.146213895831394,0.9800404762943044,0.0,7,0,0.0,0,0,0,0,0,0,,,,,,,0,0,0,
tune,610091003,N0_iid,relative,4,COMPLETE,True,62.29242779166279,0.9800404762943044,0.0,7,0,0.0,0,0,0,0,0,0,,,,,,,0,0,0,
tune,610091003,N0_iid,relative,8,COMPLETE,True,124.58485558332558,0.9800404762943044,0.0,7,0,0.0,0,0,0,0,0,0,,,,,,,0,0,0,
tune,610091003,N1_ar05,absolute,0.25,COMPLETE,True,3.240445985375757,0.8157057515972862,0.3125,22,1,2.640625,0,169,0,0,14,0,,0.0,,0.0,,,0,0,0,2.3832399711737544
tune,610091003,N1_ar05,absolute,0.5,COMPLETE,True,6.480891970751514,0.8157057515972862,0.78125,22,1,1.9375,0,124,0,0,36,0,,0.0,,0.0,,,0,0,0,2.5207454606944113
tune,610091003,N1_ar05,absolute,1,COMPLETE,True,12.961783941503027,0.8157057515972862,0.8125,22,1,0.859375,0,55,0,0,40,0,,0.0,,0.0,,,0,0,0,2.554542556251904
tune,610091003,N1_ar05,absolute,2,COMPLETE,True,25.923567883006054,0.8157057515972862,0.21875,22,0,0.15625,0,10,0,0,8,0,,0.0,,0.0,,,0,0,0,2.6164748286493835
tune,610091003,N1_ar05,absolute,4,COMPLETE,True,51.84713576601211,0.8157057515972862,0.0,22,0,0.0,0,0,0,0,0,0,,,,,,,0,0,0,
tune,610091003,N1_ar05,absolute,8,COMPLETE,True,103.69427153202422,0.8157057515972862,0.0,22,0,0.0,0,0,0,0,0,0,,,,,,,0,0,0,
tune,610091003,N1_ar05,relative,0.25,COMPLETE,True,3.330045769577896,0.8382603813135059,0.375,22,1,2.609375,0,167,0,0,17,0,,0.0,,0.0,,,0,0,0,2.386219744315233
tune,610091003,N1_ar05,relative,0.5,COMPLETE,True,6.660091539155792,0.8382603813135059,0.75,22,1,1.921875,0,123,0,0,36,0,,0.0,,0.0,,,0,0,0,2.541052708118373
tune,610091003,N1_ar05,relative,1,COMPLETE,True,13.320183078311585,0.8382603813135059,0.75,22,1,0.875,0,56,0,0,36,0,,0.0,,0.0,,,0,0,0,2.6124918457476416
tune,610091003,N1_ar05,relative,2,COMPLETE,True,26.64036615662317,0.8382603813135059,0.21875,22,0,0.171875,0,11,0,0,9,0,,0.0,,0.0,,,0,0,0,2.6295137037725937
tune,610091003,N1_ar05,relative,4,COMPLETE,True,53.28073231324634,0.8382603813135059,0.0,22,0,0.0,0,0,0,0,0,0,,,,,,,0,0,0,
tune,610091003,N1_ar05,relative,8,COMPLETE,True,106.56146462649268,0.8382603813135059,0.0,22,0,0.0,0,0,0,0,0,0,,,,,,,0,0,0,
tune,610091003,N2_season_ar05,absolute,0.25,COMPLETE,True,3.240445985375757,0.8157057515972862,0.3125,4,1,2.640625,0,169,0,0,14,0,,0.0,,0.0,,,0,0,0,2.3832399711737544
tune,610091003,N2_season_ar05,absolute,0.5,COMPLETE,True,6.480891970751514,0.8157057515972862,0.78125,4,1,1.9375,0,124,0,0,36,0,,0.0,,0.0,,,0,0,0,2.5207454606944113
tune,610091003,N2_season_ar05,absolute,1,COMPLETE,True,12.961783941503027,0.8157057515972862,0.8125,4,1,0.859375,0,55,0,0,40,0,,0.0,,0.0,,,0,0,0,2.554542556251904
tune,610091003,N2_season_ar05,absolute,2,COMPLETE,True,25.923567883006054,0.8157057515972862,0.21875,4,0,0.15625,0,10,0,0,8,0,,0.0,,0.0,,,0,0,0,2.6164748286493835
tune,610091003,N2_season_ar05,absolute,4,COMPLETE,True,51.84713576601211,0.8157057515972862,0.0,4,0,0.0,0,0,0,0,0,0,,,,,,,0,0,0,
tune,610091003,N2_season_ar05,absolute,8,COMPLETE,True,103.69427153202422,0.8157057515972862,0.0,4,0,0.0,0,0,0,0,0,0,,,,,,,0,0,0,
tune,610091003,N2_season_ar05,relative,0.25,COMPLETE,True,3.330045769577896,0.8382603813135059,0.375,4,1,2.609375,0,167,0,0,17,0,,0.0,,0.0,,,0,0,0,2.386219744315233
tune,610091003,N2_season_ar05,relative,0.5,COMPLETE,True,6.660091539155792,0.8382603813135059,0.75,4,1,1.921875,0,123,0,0,36,0,,0.0,,0.0,,,0,0,0,2.541052708118373
tune,610091003,N2_season_ar05,relative,1,COMPLETE,True,13.320183078311585,0.8382603813135059,0.75,4,1,0.875,0,56,0,0,36,0,,0.0,,0.0,,,0,0,0,2.6124918457476416
tune,610091003,N2_season_ar05,relative,2,COMPLETE,True,26.64036615662317,0.8382603813135059,0.21875,4,0,0.171875,0,11,0,0,9,0,,0.0,,0.0,,,0,0,0,2.6295137037725937
tune,610091003,N2_season_ar05,relative,4,COMPLETE,True,53.28073231324634,0.8382603813135059,0.0,4,0,0.0,0,0,0,0,0,0,,,,,,,0,0,0,
tune,610091003,N2_season_ar05,relative,8,COMPLETE,True,106.56146462649268,0.8382603813135059,0.0,4,0,0.0,0,0,0,0,0,0,,,,,,,0,0,0,
tune,610091003,N3_common_shift2,absolute,0.25,COMPLETE,False,3.240445985375757,0.8157057515972862,0.25,16,0,2.15625,31,169,32,5,14,32,0.96875,0.1834319526627219,0.15625,0.35714285714285715,0.2903225806451613,0.4,5,0,0,2.5042112864562704
tune,610091003,N3_common_shift2,absolute,0.5,COMPLETE,False,6.480891970751514,0.8157057515972862,0.53125,16,0,1.53125,31,129,32,6,27,32,0.96875,0.24031007751937986,0.1875,0.2222222222222222,0.2903225806451613,0.3333333333333333,6,0,0,2.6563190355855695
tune,610091003,N3_common_shift2,absolute,1,COMPLETE,False,12.961783941503027,0.8157057515972862,0.65625,16,0,0.71875,22,68,32,17,45,32,0.6875,0.3235294117647059,0.53125,0.37777777777777777,0.4090909090909091,0.47058823529411764,17,0,0,2.795735005398969
tune,610091003,N3_common_shift2,absolute,2,COMPLETE,False,25.923567883006054,0.8157057515972862,0.25,16,0,0.1875,15,27,32,15,25,32,0.46875,0.5555555555555556,0.46875,0.6,0.3333333333333333,0.3333333333333333,15,0,0,2.815434413376946
tune,610091003,N3_common_shift2,absolute,4,COMPLETE,False,51.84713576601211,0.8157057515972862,0.03125,16,0,0.03125,4,6,32,4,5,32,0.125,0.6666666666666666,0.125,0.8,0.0,0.0,4,0,0,3.4006566106220557
tune,610091003,N3_common_shift2,absolute,8,COMPLETE,False,103.69427153202422,0.8157057515972862,0.0,16,0,0.0,0,0,32,0,0,32,0.0,,0.0,,,,0,0,0,
tune,610091003,N3_common_shift2,relative,0.25,COMPLETE,True,3.330045769577896,0.8382603813135059,0.375,16,1,2.609375,0,167,0,0,17,0,,0.0,,0.0,,,0,0,0,2.386219744315233
tune,610091003,N3_common_shift2,relative,0.5,COMPLETE,True,6.660091539155792,0.8382603813135059,0.75,16,1,1.921875,0,123,0,0,36,0,,0.0,,0.0,,,0,0,0,2.541052708118373
tune,610091003,N3_common_shift2,relative,1,COMPLETE,True,13.320183078311585,0.8382603813135059,0.75,16,1,0.875,0,56,0,0,36,0,,0.0,,0.0,,,0,0,0,2.6124918457476416
tune,610091003,N3_common_shift2,relative,2,COMPLETE,True,26.64036615662317,0.8382603813135059,0.21875,16,0,0.171875,0,11,0,0,9,0,,0.0,,0.0,,,0,0,0,2.6295137037725937
tune,610091003,N3_common_shift2,relative,4,COMPLETE,True,53.28073231324634,0.8382603813135059,0.0,16,0,0.0,0,0,0,0,0,0,,,,,,,0,0,0,
tune,610091003,N3_common_shift2,relative,8,COMPLETE,True,106.56146462649268,0.8382603813135059,0.0,16,0,0.0,0,0,0,0,0,0,,,,,,,0,0,0,
tune,610091003,N4_spike4,absolute,0.25,COMPLETE,True,3.240445985375757,0.8157057515972862,0.3125,9,0,2.671875,0,171,0,0,13,0,,0.0,,0.0,,,0,0,0,2.4216924366615626
tune,610091003,N4_spike4,absolute,0.5,COMPLETE,True,6.480891970751514,0.8157057515972862,0.75,9,1,1.984375,0,127,0,0,36,0,,0.0,,0.0,,,0,0,0,2.5648509333912703
tune,610091003,N4_spike4,absolute,1,COMPLETE,True,12.961783941503027,0.8157057515972862,0.84375,9,1,0.890625,0,57,0,0,41,0,,0.0,,0.0,,,0,0,0,2.576177684639434
tune,610091003,N4_spike4,absolute,2,COMPLETE,True,25.923567883006054,0.8157057515972862,0.21875,9,1,0.15625,0,10,0,0,8,0,,0.0,,0.0,,,0,0,0,2.630780510141729
tune,610091003,N4_spike4,absolute,4,COMPLETE,True,51.84713576601211,0.8157057515972862,0.0,9,0,0.0,0,0,0,0,0,0,,,,,,,0,0,0,
tune,610091003,N4_spike4,absolute,8,COMPLETE,True,103.69427153202422,0.8157057515972862,0.0,9,0,0.0,0,0,0,0,0,0,,,,,,,0,0,0,
tune,610091003,N4_spike4,relative,0.25,COMPLETE,True,3.330045769577896,0.8382603813135059,0.375,9,1,2.625,0,168,0,0,16,0,,0.0,,0.0,,,0,0,0,2.4140282195817684
tune,610091003,N4_spike4,relative,0.5,COMPLETE,True,6.660091539155792,0.8382603813135059,0.8125,9,1,1.9375,0,124,0,0,37,0,,0.0,,0.0,,,0,0,0,2.5855461961250663
tune,610091003,N4_spike4,relative,1,COMPLETE,True,13.320183078311585,0.8382603813135059,0.75,9,1,0.875,0,56,0,0,36,0,,0.0,,0.0,,,0,0,0,2.622011588251509
tune,610091003,N4_spike4,relative,2,COMPLETE,True,26.64036615662317,0.8382603813135059,0.21875,9,1,0.171875,0,11,0,0,9,0,,0.0,,0.0,,,0,0,0,2.644001385079365
tune,610091003,N4_spike4,relative,4,COMPLETE,True,53.28073231324634,0.8382603813135059,0.0,9,0,0.0,0,0,0,0,0,0,,,,,,,0,0,0,
tune,610091003,N4_spike4,relative,8,COMPLETE,True,106.56146462649268,0.8382603813135059,0.0,9,0,0.0,0,0,0,0,0,0,,,,,,,0,0,0,
tune,610091003,N5_boundary_null,absolute,0.25,COMPLETE,True,3.240445985375757,0.8157057515972862,0.3125,26,1,2.640625,0,169,0,0,14,0,,0.0,,0.0,,,0,0,0,2.3832399711737544
tune,610091003,N5_boundary_null,absolute,0.5,COMPLETE,True,6.480891970751514,0.8157057515972862,0.78125,26,1,1.9375,0,124,0,0,36,0,,0.0,,0.0,,,0,0,0,2.5207454606944113
tune,610091003,N5_boundary_null,absolute,1,COMPLETE,True,12.961783941503027,0.8157057515972862,0.8125,26,1,0.859375,0,55,0,0,40,0,,0.0,,0.0,,,0,0,0,2.554542556251904
tune,610091003,N5_boundary_null,absolute,2,COMPLETE,True,25.923567883006054,0.8157057515972862,0.21875,26,0,0.15625,0,10,0,0,8,0,,0.0,,0.0,,,0,0,0,2.6164748286493835
tune,610091003,N5_boundary_null,absolute,4,COMPLETE,True,51.84713576601211,0.8157057515972862,0.0,26,0,0.0,0,0,0,0,0,0,,,,,,,0,0,0,
tune,610091003,N5_boundary_null,absolute,8,COMPLETE,True,103.69427153202422,0.8157057515972862,0.0,26,0,0.0,0,0,0,0,0,0,,,,,,,0,0,0,
tune,610091003,N5_boundary_null,relative,0.25,COMPLETE,True,3.3309204761061615,0.8384805680252381,0.34375,26,1,2.59375,0,166,0,0,16,0,,0.0,,0.0,,,0,0,0,2.3875026757570117
tune,610091003,N5_boundary_null,relative,0.5,COMPLETE,True,6.661840952212323,0.8384805680252381,0.75,26,1,1.921875,0,123,0,0,35,0,,0.0,,0.0,,,0,0,0,2.540265268455888
tune,610091003,N5_boundary_null,relative,1,COMPLETE,True,13.323681904424646,0.8384805680252381,0.8125,26,1,0.921875,0,59,0,0,38,0,,0.0,,0.0,,,0,0,0,2.5934235860450756
tune,610091003,N5_boundary_null,relative,2,COMPLETE,True,26.647363808849292,0.8384805680252381,0.21875,26,0,0.171875,0,11,0,0,9,0,,0.0,,0.0,,,0,0,0,2.6263070668647734
tune,610091003,N5_boundary_null,relative,4,COMPLETE,True,53.294727617698584,0.8384805680252381,0.0,26,0,0.0,0,0,0,0,0,0,,,,,,,0,0,0,
tune,610091003,N5_boundary_null,relative,8,COMPLETE,True,106.58945523539717,0.8384805680252381,0.0,26,0,0.0,0,0,0,0,0,0,,,,,,,0,0,0,
tune,610091003,P025,absolute,0.25,COMPLETE,False,3.240445985375757,0.8157057515972862,0.3125,10,0,2.53125,7,169,8,1,14,8,0.875,0.04142011834319527,0.125,0.07142857142857142,0.2857142857142857,0.0,1,0,0,2.383613346089369
tune,610091003,P025,absolute,0.5,COMPLETE,False,6.480891970751514,0.8157057515972862,0.75,10,0,1.84375,6,124,8,2,36,8,0.75,0.04838709677419355,0.25,0.05555555555555555,0.3333333333333333,0.5,2,0,0,2.5203723344883455
tune,610091003,P025,absolute,1,COMPLETE,False,12.961783941503027,0.8157057515972862,0.8125,10,1,0.8125,4,56,8,2,41,8,0.5,0.07142857142857142,0.25,0.04878048780487805,0.25,0.5,2,0,0,2.516724116406461
tune,610091003,P025,absolute,2,COMPLETE,False,25.923567883006054,0.8157057515972862,0.15625,10,0,0.125,1,9,8,1,7,8,0.125,0.1111111111111111,0.125,0.14285714285714285,0.0,0.0,1,0,0,2.6757083400299893
tune,610091003,P025,absolute,4,COMPLETE,False,51.84713576601211,0.8157057515972862,0.0,10,0,0.0,0,0,8,0,0,8,0.0,,0.0,,,,0,0,0,
tune,610091003,P025,absolute,8,COMPLETE,False,103.69427153202422,0.8157057515972862,0.0,10,0,0.0,0,0,8,0,0,8,0.0,,0.0,,,,0,0,0,
tune,610091003,P025,relative,0.25,COMPLETE,False,3.330045769577896,0.8382603813135059,0.375,10,0,2.484375,8,167,8,1,17,8,1.0,0.04790419161676647,0.125,0.058823529411764705,0.375,0.0,1,0,0,2.3915841195221286
tune,610091003,P025,relative,0.5,COMPLETE,False,6.660091539155792,0.8382603813135059,0.75,10,1,1.8125,7,123,8,2,36,8,0.875,0.056910569105691054,0.25,0.05555555555555555,0.2857142857142857,0.5,2,0,0,2.5393119774924813
tune,610091003,P025,relative,1,COMPLETE,False,13.320183078311585,0.8382603813135059,0.78125,10,1,0.828125,4,57,8,3,38,8,0.5,0.07017543859649122,0.375,0.07894736842105263,0.25,0.3333333333333333,3,0,0,2.607877994241439
tune,610091003,P025,relative,2,COMPLETE,False,26.64036615662317,0.8382603813135059,0.1875,10,0,0.140625,1,10,8,1,9,8,0.125,0.1,0.125,0.1111111111111111,0.0,0.0,1,0,0,2.6427652480192423
tune,610091003,P025,relative,4,COMPLETE,False,53.28073231324634,0.8382603813135059,0.0,10,0,0.0,0,0,8,0,0,8,0.0,,0.0,,,,0,0,0,
tune,610091003,P025,relative,8,COMPLETE,False,106.56146462649268,0.8382603813135059,0.0,10,0,0.0,0,0,8,0,0,8,0.0,,0.0,,,,0,0,0,
tune,610091003,P05,absolute,0.25,COMPLETE,False,3.240445985375757,0.8157057515972862,0.3125,21,1,2.53125,7,169,8,1,14,8,0.875,0.04142011834319527,0.125,0.07142857142857142,0.2857142857142857,0.0,1,0,0,2.3847912884407676
tune,610091003,P05,absolute,0.5,COMPLETE,False,6.480891970751514,0.8157057515972862,0.71875,21,1,1.84375,7,125,8,2,35,8,0.875,0.056,0.25,0.05714285714285714,0.2857142857142857,0.5,2,0,0,2.5251967939479947
tune,610091003,P05,absolute,1,COMPLETE,False,12.961783941503027,0.8157057515972862,0.8125,21,1,0.8125,4,56,8,2,41,8,0.5,0.07142857142857142,0.25,0.04878048780487805,0.25,0.5,2,0,0,2.519722548009352
tune,610091003,P05,absolute,2,COMPLETE,False,25.923567883006054,0.8157057515972862,0.15625,21,0,0.125,1,9,8,1,7,8,0.125,0.1111111111111111,0.125,0.14285714285714285,0.0,0.0,1,0,0,2.6815801726069215
tune,610091003,P05,absolute,4,COMPLETE,False,51.84713576601211,0.8157057515972862,0.0,21,0,0.0,0,0,8,0,0,8,0.0,,0.0,,,,0,0,0,
tune,610091003,P05,absolute,8,COMPLETE,False,103.69427153202422,0.8157057515972862,0.0,21,0,0.0,0,0,8,0,0,8,0.0,,0.0,,,,0,0,0,
tune,610091003,P05,relative,0.25,COMPLETE,False,3.330045769577896,0.8382603813135059,0.375,21,1,2.484375,8,167,8,1,17,8,1.0,0.04790419161676647,0.125,0.058823529411764705,0.375,0.0,1,0,0,2.3921733897786375
tune,610091003,P05,relative,0.5,COMPLETE,False,6.660091539155792,0.8382603813135059,0.78125,21,1,1.8125,7,123,8,2,37,8,0.875,0.056910569105691054,0.25,0.05405405405405406,0.2857142857142857,0.0,2,0,0,2.5428212542365096
tune,610091003,P05,relative,1,COMPLETE,False,13.320183078311585,0.8382603813135059,0.8125,21,1,0.84375,4,58,8,3,39,8,0.5,0.06896551724137931,0.375,0.07692307692307693,0.0,0.0,3,0,0,2.59190274532463
tune,610091003,P05,relative,2,COMPLETE,False,26.64036615662317,0.8382603813135059,0.1875,21,0,0.140625,1,10,8,1,9,8,0.125,0.1,0.125,0.1111111111111111,0.0,0.0,1,0,0,2.6461390791427744
tune,610091003,P05,relative,4,COMPLETE,False,53.28073231324634,0.8382603813135059,0.0,21,0,0.0,0,0,8,0,0,8,0.0,,0.0,,,,0,0,0,
tune,610091003,P05,relative,8,COMPLETE,False,106.56146462649268,0.8382603813135059,0.0,21,0,0.0,0,0,8,0,0,8,0.0,,0.0,,,,0,0,0,
tune,610091003,P1,absolute,0.25,COMPLETE,False,3.240445985375757,0.8157057515972862,0.3125,27,1,2.546875,7,170,8,1,14,8,0.875,0.041176470588235294,0.125,0.07142857142857142,0.42857142857142855,0.0,1,0,0,2.3907845553788523
tune,610091003,P1,absolute,0.5,COMPLETE,False,6.480891970751514,0.8157057515972862,0.71875,27,1,1.84375,7,125,8,2,35,8,0.875,0.056,0.25,0.05714285714285714,0.14285714285714285,0.0,2,0,0,2.531408236541249
tune,610091003,P1,absolute,1,COMPLETE,False,12.961783941503027,0.8157057515972862,0.8125,27,1,0.8125,4,56,8,2,41,8,0.5,0.07142857142857142,0.25,0.04878048780487805,0.0,0.0,2,0,0,2.5251370274480895
tune,610091003,P1,absolute,2,COMPLETE,False,25.923567883006054,0.8157057515972862,0.15625,27,0,0.125,2,10,8,2,8,8,0.25,0.2,0.25,0.25,0.0,0.0,2,0,0,2.667117489436192
tune,610091003,P1,absolute,4,COMPLETE,False,51.84713576601211,0.8157057515972862,0.0,27,0,0.0,0,0,8,0,0,8,0.0,,0.0,,,,0,0,0,
tune,610091003,P1,absolute,8,COMPLETE,False,103.69427153202422,0.8157057515972862,0.0,27,0,0.0,0,0,8,0,0,8,0.0,,0.0,,,,0,0,0,
tune,610091003,P1,relative,0.25,COMPLETE,False,3.330045769577896,0.8382603813135059,0.375,27,1,2.5,8,168,8,1,16,8,1.0,0.047619047619047616,0.125,0.0625,0.375,0.0,1,0,0,2.3901032719605397
tune,610091003,P1,relative,0.5,COMPLETE,False,6.660091539155792,0.8382603813135059,0.78125,27,1,1.78125,8,122,8,2,36,8,1.0,0.06557377049180328,0.25,0.05555555555555555,0.25,0.0,2,0,0,2.5501289541911096
tune,610091003,P1,relative,1,COMPLETE,False,13.320183078311585,0.8382603813135059,0.8125,27,1,0.84375,4,58,8,3,39,8,0.5,0.06896551724137931,0.375,0.07692307692307693,0.25,0.0,3,0,0,2.5880071875846626
tune,610091003,P1,relative,2,COMPLETE,False,26.64036615662317,0.8382603813135059,0.21875,27,0,0.15625,2,12,8,2,11,8,0.25,0.16666666666666666,0.25,0.18181818181818182,0.0,0.0,2,0,0,2.59454385458006
tune,610091003,P1,relative,4,COMPLETE,False,53.28073231324634,0.8382603813135059,0.0,27,0,0.0,0,0,8,0,0,8,0.0,,0.0,,,,0,0,0,
tune,610091003,P1,relative,8,COMPLETE,False,106.56146462649268,0.8382603813135059,0.0,27,0,0.0,0,0,8,0,0,8,0.0,,0.0,,,,0,0,0,
tune,610091003,P2,absolute,0.25,COMPLETE,False,3.240445985375757,0.8157057515972862,0.3125,13,0,2.515625,8,169,8,1,14,8,1.0,0.047337278106508875,0.125,0.07142857142857142,0.25,0.0,1,0,0,2.411853711353179
tune,610091003,P2,absolute,0.5,COMPLETE,False,6.480891970751514,0.8157057515972862,0.71875,13,0,1.828125,8,125,8,2,35,8,1.0,0.064,0.25,0.05714285714285714,0.125,0.0,2,0,0,2.5581245070221286
tune,610091003,P2,absolute,1,COMPLETE,False,12.961783941503027,0.8157057515972862,0.78125,13,1,0.8125,5,57,8,3,41,8,0.625,0.08771929824561403,0.375,0.07317073170731707,0.2,0.3333333333333333,3,0,0,2.5882505235843656
tune,610091003,P2,absolute,2,COMPLETE,False,25.923567883006054,0.8157057515972862,0.25,13,1,0.1875,5,17,8,5,15,8,0.625,0.29411764705882354,0.625,0.3333333333333333,0.2,0.2,5,0,0,2.685141675110065
tune,610091003,P2,absolute,4,COMPLETE,False,51.84713576601211,0.8157057515972862,0.0,13,0,0.0,2,2,8,2,2,8,0.25,1.0,0.25,1.0,0.0,0.0,2,0,0,3.290822833679424
tune,610091003,P2,absolute,8,COMPLETE,False,103.69427153202422,0.8157057515972862,0.0,13,0,0.0,0,0,8,0,0,8,0.0,,0.0,,,,0,0,0,
tune,610091003,P2,relative,0.25,COMPLETE,False,3.330045769577896,0.8382603813135059,0.375,13,0,2.484375,8,167,8,1,17,8,1.0,0.04790419161676647,0.125,0.058823529411764705,0.375,0.0,1,0,0,2.411741543064561
tune,610091003,P2,relative,0.5,COMPLETE,False,6.660091539155792,0.8382603813135059,0.75,13,0,1.796875,8,123,8,2,35,8,1.0,0.06504065040650407,0.25,0.05714285714285714,0.25,0.0,2,0,0,2.5688653786132964
tune,610091003,P2,relative,1,COMPLETE,False,13.320183078311585,0.8382603813135059,0.78125,13,1,0.828125,6,59,8,4,39,8,0.75,0.1016949152542373,0.5,0.10256410256410256,0.5,0.25,4,0,0,2.6242793966946985
tune,610091003,P2,relative,2,COMPLETE,False,26.64036615662317,0.8382603813135059,0.21875,13,0,0.15625,4,14,8,4,13,8,0.5,0.2857142857142857,0.5,0.3076923076923077,0.0,0.0,4,0,0,2.6724985906248797
tune,610091003,P2,relative,4,COMPLETE,False,53.28073231324634,0.8382603813135059,0.0,13,0,0.0,2,2,8,2,2,8,0.25,1.0,0.25,1.0,0.0,0.0,2,0,0,3.0876683132862013
tune,610091003,P2,relative,8,COMPLETE,False,106.56146462649268,0.8382603813135059,0.0,13,0,0.0,0,0,8,0,0,8,0.0,,0.0,,,,0,0,0,
tune,610091003,P6_return,absolute,0.25,COMPLETE,False,3.240445985375757,0.8157057515972862,0.28125,27,1,2.40625,15,169,16,1,13,16,0.9375,0.08875739644970414,0.0625,0.07692307692307693,0.5333333333333333,0.0,0,1,0,2.393715186579026
tune,610091003,P6_return,absolute,0.5,COMPLETE,False,6.480891970751514,0.8157057515972862,0.71875,27,1,1.75,13,125,16,5,37,16,0.8125,0.104,0.3125,0.13513513513513514,0.46153846153846156,0.4,2,3,0,2.5346286478018882
tune,610091003,P6_return,absolute,1,COMPLETE,False,12.961783941503027,0.8157057515972862,0.6875,27,1,0.75,7,55,16,5,40,16,0.4375,0.12727272727272726,0.3125,0.125,0.5714285714285714,0.6,3,2,0,2.527455900549252
tune,610091003,P6_return,absolute,2,COMPLETE,False,25.923567883006054,0.8157057515972862,0.15625,27,0,0.125,1,9,16,1,7,16,0.0625,0.1111111111111111,0.0625,0.14285714285714285,0.0,0.0,1,0,0,2.681580172606921
tune,610091003,P6_return,absolute,4,COMPLETE,False,51.84713576601211,0.8157057515972862,0.0,27,0,0.0,0,0,16,0,0,16,0.0,,0.0,,,,0,0,0,
tune,610091003,P6_return,absolute,8,COMPLETE,False,103.69427153202422,0.8157057515972862,0.0,27,0,0.0,0,0,16,0,0,16,0.0,,0.0,,,,0,0,0,
tune,610091003,P6_return,relative,0.25,COMPLETE,False,3.330045769577896,0.8382603813135059,0.3125,27,1,2.375,15,167,16,4,17,16,0.9375,0.08982035928143713,0.25,0.23529411764705882,0.4,0.0,1,3,0,2.398789310109116
tune,610091003,P6_return,relative,0.5,COMPLETE,False,6.660091539155792,0.8382603813135059,0.65625,27,1,1.734375,14,125,16,4,33,16,0.875,0.112,0.25,0.12121212121212122,0.35714285714285715,0.0,2,2,0,2.5391371368742512
tune,610091003,P6_return,relative,1,COMPLETE,False,13.320183078311585,0.8382603813135059,0.75,27,1,0.78125,5,55,16,5,38,16,0.3125,0.09090909090909091,0.3125,0.13157894736842105,0.0,0.0,3,2,0,2.5747007096085266
tune,610091003,P6_return,relative,2,COMPLETE,False,26.64036615662317,0.8382603813135059,0.15625,27,0,0.140625,1,10,16,1,8,16,0.0625,0.1,0.0625,0.125,0.0,0.0,1,0,0,2.6838446075348106
tune,610091003,P6_return,relative,4,COMPLETE,False,53.28073231324634,0.8382603813135059,0.0,27,0,0.0,0,0,16,0,0,16,0.0,,0.0,,,,0,0,0,
tune,610091003,P6_return,relative,8,COMPLETE,False,106.56146462649268,0.8382603813135059,0.0,27,0,0.0,0,0,16,0,0,16,0.0,,0.0,,,,0,0,0,
tune,610091003,C3_short_censored,absolute,0.25,COMPLETE,False,3.240445985375757,0.8157057515972862,0.28125,26,1,2.53125,7,169,8,0,14,0,0.875,0.04142011834319527,,0.0,0.2857142857142857,,0,0,8,2.3971187267456426
tune,610091003,C3_short_censored,absolute,0.5,COMPLETE,False,6.480891970751514,0.8157057515972862,0.8125,26,1,1.890625,4,125,8,0,38,0,0.5,0.032,,0.0,0.25,,0,0,8,2.5320778107534307
tune,610091003,C3_short_censored,absolute,1,COMPLETE,False,12.961783941503027,0.8157057515972862,0.8125,26,1,0.890625,3,60,8,0,42,0,0.375,0.05,,0.0,0.3333333333333333,,0,0,8,2.549752385213959
tune,610091003,C3_short_censored,absolute,2,COMPLETE,False,25.923567883006054,0.8157057515972862,0.1875,26,0,0.140625,0,9,8,0,7,0,0.0,0.0,,0.0,,,0,0,8,2.6815801726069215
tune,610091003,C3_short_censored,absolute,4,COMPLETE,False,51.84713576601211,0.8157057515972862,0.0,26,0,0.0,0,0,8,0,0,0,0.0,,,,,,0,0,8,
tune,610091003,C3_short_censored,absolute,8,COMPLETE,False,103.69427153202422,0.8157057515972862,0.0,26,0,0.0,0,0,8,0,0,0,0.0,,,,,,0,0,8,
tune,610091003,C3_short_censored,relative,0.25,COMPLETE,False,3.330045769577896,0.8382603813135059,0.28125,26,1,2.5625,7,171,8,0,14,0,0.875,0.04093567251461988,,0.0,0.14285714285714285,,0,0,8,2.391211006183277
tune,610091003,C3_short_censored,relative,0.5,COMPLETE,False,6.660091539155792,0.8382603813135059,0.78125,26,1,1.859375,4,123,8,0,37,0,0.5,0.032520325203252036,,0.0,0.0,,0,0,8,2.562577261595166
tune,610091003,C3_short_censored,relative,1,COMPLETE,False,13.320183078311585,0.8382603813135059,0.75,26,0,0.875,3,59,8,0,36,0,0.375,0.05084745762711865,,0.0,0.3333333333333333,,0,0,8,2.624831167774634
tune,610091003,C3_short_censored,relative,2,COMPLETE,False,26.64036615662317,0.8382603813135059,0.1875,26,0,0.15625,0,10,8,0,8,0,0.0,0.0,,0.0,,,0,0,8,2.683111109817217
tune,610091003,C3_short_censored,relative,4,COMPLETE,False,53.28073231324634,0.8382603813135059,0.0,26,0,0.0,0,0,8,0,0,0,0.0,,,,,,0,0,8,
tune,610091003,C3_short_censored,relative,8,COMPLETE,False,106.56146462649268,0.8382603813135059,0.0,26,0,0.0,0,0,8,0,0,0,0.0,,,,,,0,0,8,
tune,610091004,N0_iid,absolute,0.25,COMPLETE,True,3.8264571166659933,0.9632202148689365,0.59375,24,0,2.40625,0,154,0,0,20,0,,0.0,,0.0,,,0,0,0,2.082227661505589
tune,610091004,N0_iid,absolute,0.5,COMPLETE,True,7.652914233331987,0.9632202148689365,0.625,24,1,0.890625,0,57,0,0,25,0,,0.0,,0.0,,,0,0,0,2.1774505813257776
tune,610091004,N0_iid,absolute,1,COMPLETE,True,15.305828466663973,0.9632202148689365,0.0625,24,0,0.03125,0,2,0,0,2,0,,0.0,,0.0,,,0,0,0,1.7028316317686718
tune,610091004,N0_iid,absolute,2,COMPLETE,True,30.611656933327946,0.9632202148689365,0.0,24,0,0.0,0,0,0,0,0,0,,,,,,,0,0,0,
tune,610091004,N0_iid,absolute,4,COMPLETE,True,61.22331386665589,0.9632202148689365,0.0,24,0,0.0,0,0,0,0,0,0,,,,,,,0,0,0,
tune,610091004,N0_iid,absolute,8,COMPLETE,True,122.44662773331179,0.9632202148689365,0.0,24,0,0.0,0,0,0,0,0,0,,,,,,,0,0,0,
tune,610091004,N0_iid,relative,0.25,COMPLETE,True,3.9724172238872146,0.9999622249198463,0.75,24,1,2.203125,0,141,0,0,31,0,,0.0,,0.0,,,0,0,0,2.0974894308828347
tune,610091004,N0_iid,relative,0.5,COMPLETE,True,7.944834447774429,0.9999622249198463,0.65625,24,1,0.71875,0,46,0,0,26,0,,0.0,,0.0,,,0,0,0,2.202609345337993
tune,610091004,N0_iid,relative,1,COMPLETE,True,15.889668895548859,0.9999622249198463,0.0625,24,1,0.03125,0,2,0,0,2,0,,0.0,,0.0,,,0,0,0,1.69442339843645
tune,610091004,N0_iid,relative,2,COMPLETE,True,31.779337791097717,0.9999622249198463,0.0,24,0,0.0,0,0,0,0,0,0,,,,,,,0,0,0,
tune,610091004,N0_iid,relative,4,COMPLETE,True,63.558675582195434,0.9999622249198463,0.0,24,0,0.0,0,0,0,0,0,0,,,,,,,0,0,0,
tune,610091004,N0_iid,relative,8,COMPLETE,True,127.11735116439087,0.9999622249198463,0.0,24,0,0.0,0,0,0,0,0,0,,,,,,,0,0,0,
tune,610091004,N1_ar05,absolute,0.25,COMPLETE,True,3.2132790491826992,0.8088671169753967,0.3125,31,0,2.765625,0,177,0,0,10,0,,0.0,,0.0,,,0,0,0,2.2888801658839184
tune,610091004,N1_ar05,absolute,0.5,COMPLETE,True,6.4265580983653985,0.8088671169753967,0.9375,31,1,1.890625,0,121,0,0,38,0,,0.0,,0.0,,,0,0,0,2.4443065416543615
tune,610091004,N1_ar05,absolute,1,COMPLETE,True,12.853116196730797,0.8088671169753967,0.75,31,1,0.703125,0,45,0,0,32,0,,0.0,,0.0,,,0,0,0,2.4979105865033864
tune,610091004,N1_ar05,absolute,2,COMPLETE,True,25.706232393461594,0.8088671169753967,0.28125,31,0,0.15625,0,10,0,0,9,0,,0.0,,0.0,,,0,0,0,2.3996133724694104
tune,610091004,N1_ar05,absolute,4,COMPLETE,True,51.41246478692319,0.8088671169753967,0.0,31,0,0.0,0,0,0,0,0,0,,,,,,,0,0,0,
tune,610091004,N1_ar05,absolute,8,COMPLETE,True,102.82492957384638,0.8088671169753967,0.0,31,0,0.0,0,0,0,0,0,0,,,,,,,0,0,0,
tune,610091004,N1_ar05,relative,0.25,COMPLETE,True,3.293478191904808,0.8290553572012279,0.40625,31,0,2.671875,0,171,0,0,13,0,,0.0,,0.0,,,0,0,0,2.2868988721317183
tune,610091004,N1_ar05,relative,0.5,COMPLETE,True,6.586956383809616,0.8290553572012279,0.96875,31,1,1.828125,0,117,0,0,44,0,,0.0,,0.0,,,0,0,0,2.44622234594506
tune,610091004,N1_ar05,relative,1,COMPLETE,True,13.173912767619232,0.8290553572012279,0.75,31,1,0.671875,0,43,0,0,34,0,,0.0,,0.0,,,0,0,0,2.5275171225834976
tune,610091004,N1_ar05,relative,2,COMPLETE,True,26.347825535238464,0.8290553572012279,0.15625,31,0,0.09375,0,6,0,0,5,0,,0.0,,0.0,,,0,0,0,2.435749656173269
tune,610091004,N1_ar05,relative,4,COMPLETE,True,52.69565107047693,0.8290553572012279,0.0,31,0,0.0,0,0,0,0,0,0,,,,,,,0,0,0,
tune,610091004,N1_ar05,relative,8,COMPLETE,True,105.39130214095385,0.8290553572012279,0.0,31,0,0.0,0,0,0,0,0,0,,,,,,,0,0,0,
tune,610091004,N2_season_ar05,absolute,0.25,COMPLETE,True,3.2132790491826992,0.8088671169753967,0.3125,5,0,2.765625,0,177,0,0,10,0,,0.0,,0.0,,,0,0,0,2.2888801658839184
tune,610091004,N2_season_ar05,absolute,0.5,COMPLETE,True,6.4265580983653985,0.8088671169753967,0.9375,5,1,1.890625,0,121,0,0,38,0,,0.0,,0.0,,,0,0,0,2.4443065416543615
tune,610091004,N2_season_ar05,absolute,1,COMPLETE,True,12.853116196730797,0.8088671169753967,0.75,5,1,0.703125,0,45,0,0,32,0,,0.0,,0.0,,,0,0,0,2.4979105865033864
tune,610091004,N2_season_ar05,absolute,2,COMPLETE,True,25.706232393461594,0.8088671169753967,0.28125,5,1,0.15625,0,10,0,0,9,0,,0.0,,0.0,,,0,0,0,2.3996133724694104
tune,610091004,N2_season_ar05,absolute,4,COMPLETE,True,51.41246478692319,0.8088671169753967,0.0,5,0,0.0,0,0,0,0,0,0,,,,,,,0,0,0,
tune,610091004,N2_season_ar05,absolute,8,COMPLETE,True,102.82492957384638,0.8088671169753967,0.0,5,0,0.0,0,0,0,0,0,0,,,,,,,0,0,0,
tune,610091004,N2_season_ar05,relative,0.25,COMPLETE,True,3.293478191904808,0.8290553572012279,0.40625,5,1,2.671875,0,171,0,0,13,0,,0.0,,0.0,,,0,0,0,2.2868988721317183
tune,610091004,N2_season_ar05,relative,0.5,COMPLETE,True,6.586956383809616,0.8290553572012279,0.96875,5,1,1.828125,0,117,0,0,44,0,,0.0,,0.0,,,0,0,0,2.44622234594506
tune,610091004,N2_season_ar05,relative,1,COMPLETE,True,13.173912767619232,0.8290553572012279,0.75,5,1,0.671875,0,43,0,0,34,0,,0.0,,0.0,,,0,0,0,2.5275171225834976
tune,610091004,N2_season_ar05,relative,2,COMPLETE,True,26.347825535238464,0.8290553572012279,0.15625,5,1,0.09375,0,6,0,0,5,0,,0.0,,0.0,,,0,0,0,2.435749656173269
tune,610091004,N2_season_ar05,relative,4,COMPLETE,True,52.69565107047693,0.8290553572012279,0.0,5,0,0.0,0,0,0,0,0,0,,,,,,,0,0,0,
tune,610091004,N2_season_ar05,relative,8,COMPLETE,True,105.39130214095385,0.8290553572012279,0.0,5,0,0.0,0,0,0,0,0,0,,,,,,,0,0,0,
tune,610091004,N3_common_shift2,absolute,0.25,COMPLETE,False,3.2132790491826992,0.8088671169753967,0.28125,9,0,2.359375,27,178,32,2,11,32,0.84375,0.15168539325842698,0.0625,0.18181818181818182,0.3333333333333333,0.0,2,0,0,2.3899655874851446
tune,610091004,N3_common_shift2,absolute,0.5,COMPLETE,False,6.4265580983653985,0.8088671169753967,0.71875,9,1,1.609375,26,129,32,9,36,32,0.8125,0.20155038759689922,0.28125,0.25,0.4230769230769231,0.3333333333333333,9,0,0,2.563739922682566
tune,610091004,N3_common_shift2,absolute,1,COMPLETE,False,12.853116196730797,0.8088671169753967,0.59375,9,0,0.640625,18,59,32,15,41,32,0.5625,0.3050847457627119,0.46875,0.36585365853658536,0.3888888888888889,0.4,15,0,0,2.77924532532058
tune,610091004,N3_common_shift2,absolute,2,COMPLETE,False,25.706232393461594,0.8088671169753967,0.21875,9,0,0.109375,14,21,32,14,21,32,0.4375,0.6666666666666666,0.4375,0.6666666666666666,0.5,0.5,14,0,0,2.780642954544374
tune,610091004,N3_common_shift2,absolute,4,COMPLETE,False,51.41246478692319,0.8088671169753967,0.03125,9,0,0.015625,5,6,32,5,6,32,0.15625,0.8333333333333334,0.15625,0.8333333333333334,0.4,0.4,5,0,0,3.243996839216378
tune,610091004,N3_common_shift2,absolute,8,COMPLETE,False,102.82492957384638,0.8088671169753967,0.0,9,0,0.0,0,0,32,0,0,32,0.0,,0.0,,,,0,0,0,
tune,610091004,N3_common_shift2,relative,0.25,COMPLETE,True,3.293478191904808,0.8290553572012279,0.40625,9,0,2.671875,0,171,0,0,13,0,,0.0,,0.0,,,0,0,0,2.2868988721317183
tune,610091004,N3_common_shift2,relative,0.5,COMPLETE,True,6.586956383809616,0.8290553572012279,0.96875,9,1,1.828125,0,117,0,0,44,0,,0.0,,0.0,,,0,0,0,2.44622234594506
tune,610091004,N3_common_shift2,relative,1,COMPLETE,True,13.173912767619232,0.8290553572012279,0.75,9,1,0.671875,0,43,0,0,34,0,,0.0,,0.0,,,0,0,0,2.5275171225834976
tune,610091004,N3_common_shift2,relative,2,COMPLETE,True,26.347825535238464,0.8290553572012279,0.15625,9,0,0.09375,0,6,0,0,5,0,,0.0,,0.0,,,0,0,0,2.435749656173269
tune,610091004,N3_common_shift2,relative,4,COMPLETE,True,52.69565107047693,0.8290553572012279,0.0,9,0,0.0,0,0,0,0,0,0,,,,,,,0,0,0,
tune,610091004,N3_common_shift2,relative,8,COMPLETE,True,105.39130214095385,0.8290553572012279,0.0,9,0,0.0,0,0,0,0,0,0,,,,,,,0,0,0,
tune,610091004,N4_spike4,absolute,0.25,COMPLETE,True,3.2132790491826992,0.8088671169753967,0.40625,3,0,2.71875,0,174,0,0,14,0,,0.0,,0.0,,,0,0,0,2.3191395203797796
tune,610091004,N4_spike4,absolute,0.5,COMPLETE,True,6.4265580983653985,0.8088671169753967,0.90625,3,0,1.90625,0,122,0,0,38,0,,0.0,,0.0,,,0,0,0,2.4852976196973406
tune,610091004,N4_spike4,absolute,1,COMPLETE,True,12.853116196730797,0.8088671169753967,0.78125,3,1,0.75,0,48,0,0,34,0,,0.0,,0.0,,,0,0,0,2.523899869111503
tune,610091004,N4_spike4,absolute,2,COMPLETE,True,25.706232393461594,0.8088671169753967,0.28125,3,1,0.15625,0,10,0,0,9,0,,0.0,,0.0,,,0,0,0,2.435506685303471
tune,610091004,N4_spike4,absolute,4,COMPLETE,True,51.41246478692319,0.8088671169753967,0.0,3,0,0.0,0,0,0,0,0,0,,,,,,,0,0,0,
tune,610091004,N4_spike4,absolute,8,COMPLETE,True,102.82492957384638,0.8088671169753967,0.0,3,0,0.0,0,0,0,0,0,0,,,,,,,0,0,0,
tune,610091004,N4_spike4,relative,0.25,COMPLETE,True,3.293478191904808,0.8290553572012279,0.4375,3,0,2.65625,0,170,0,0,15,0,,0.0,,0.0,,,0,0,0,2.308306534659386
tune,610091004,N4_spike4,relative,0.5,COMPLETE,True,6.586956383809616,0.8290553572012279,0.96875,3,1,1.828125,0,117,0,0,39,0,,0.0,,0.0,,,0,0,0,2.4980069481147225
tune,610091004,N4_spike4,relative,1,COMPLETE,True,13.173912767619232,0.8290553572012279,0.78125,3,1,0.765625,0,49,0,0,32,0,,0.0,,0.0,,,0,0,0,2.604020229984712
tune,610091004,N4_spike4,relative,2,COMPLETE,True,26.347825535238464,0.8290553572012279,0.1875,3,1,0.109375,0,7,0,0,6,0,,0.0,,0.0,,,0,0,0,2.4472684254047805
tune,610091004,N4_spike4,relative,4,COMPLETE,True,52.69565107047693,0.8290553572012279,0.0,3,0,0.0,0,0,0,0,0,0,,,,,,,0,0,0,
tune,610091004,N4_spike4,relative,8,COMPLETE,True,105.39130214095385,0.8290553572012279,0.0,3,0,0.0,0,0,0,0,0,0,,,,,,,0,0,0,
tune,610091004,N5_boundary_null,absolute,0.25,COMPLETE,True,3.2132790491826992,0.8088671169753967,0.3125,23,1,2.765625,0,177,0,0,10,0,,0.0,,0.0,,,0,0,0,2.2888801658839184
tune,610091004,N5_boundary_null,absolute,0.5,COMPLETE,True,6.4265580983653985,0.8088671169753967,0.9375,23,1,1.890625,0,121,0,0,38,0,,0.0,,0.0,,,0,0,0,2.4443065416543615
tune,610091004,N5_boundary_null,absolute,1,COMPLETE,True,12.853116196730797,0.8088671169753967,0.75,23,1,0.703125,0,45,0,0,32,0,,0.0,,0.0,,,0,0,0,2.4979105865033864
tune,610091004,N5_boundary_null,absolute,2,COMPLETE,True,25.706232393461594,0.8088671169753967,0.28125,23,1,0.15625,0,10,0,0,9,0,,0.0,,0.0,,,0,0,0,2.3996133724694104
tune,610091004,N5_boundary_null,absolute,4,COMPLETE,True,51.41246478692319,0.8088671169753967,0.0,23,0,0.0,0,0,0,0,0,0,,,,,,,0,0,0,
tune,610091004,N5_boundary_null,absolute,8,COMPLETE,True,102.82492957384638,0.8088671169753967,0.0,23,0,0.0,0,0,0,0,0,0,,,,,,,0,0,0,
tune,610091004,N5_boundary_null,relative,0.25,COMPLETE,True,3.299605481542451,0.8305977576676095,0.3125,23,0,2.765625,0,177,0,0,10,0,,0.0,,0.0,,,0,0,0,2.2768173589251104
tune,610091004,N5_boundary_null,relative,0.5,COMPLETE,True,6.599210963084902,0.8305977576676095,0.96875,23,1,1.84375,0,118,0,0,40,0,,0.0,,0.0,,,0,0,0,2.4531733951761696
tune,610091004,N5_boundary_null,relative,1,COMPLETE,True,13.198421926169804,0.8305977576676095,0.75,23,1,0.6875,0,44,0,0,32,0,,0.0,,0.0,,,0,0,0,2.53123906632135
tune,610091004,N5_boundary_null,relative,2,COMPLETE,True,26.396843852339607,0.8305977576676095,0.1875,23,0,0.109375,0,7,0,0,6,0,,0.0,,0.0,,,0,0,0,2.3643940925358913
tune,610091004,N5_boundary_null,relative,4,COMPLETE,True,52.793687704679215,0.8305977576676095,0.0,23,0,0.0,0,0,0,0,0,0,,,,,,,0,0,0,
tune,610091004,N5_boundary_null,relative,8,COMPLETE,True,105.58737540935843,0.8305977576676095,0.0,23,0,0.0,0,0,0,0,0,0,,,,,,,0,0,0,
tune,610091004,P025,absolute,0.25,COMPLETE,False,3.2132790491826992,0.8088671169753967,0.3125,25,0,2.6875,5,177,8,0,10,8,0.625,0.02824858757062147,0.0,0.0,0.8,,0,0,0,2.286654136526175
tune,610091004,P025,absolute,0.5,COMPLETE,False,6.4265580983653985,0.8088671169753967,0.9375,25,1,1.828125,4,121,8,1,38,8,0.5,0.03305785123966942,0.125,0.02631578947368421,0.5,0.0,1,0,0,2.442094995511069
tune,610091004,P025,absolute,1,COMPLETE,False,12.853116196730797,0.8088671169753967,0.75,25,1,0.703125,0,45,8,0,32,8,0.0,0.0,0.0,0.0,,,0,0,0,2.4963783016583796
tune,610091004,P025,absolute,2,COMPLETE,False,25.706232393461594,0.8088671169753967,0.28125,25,1,0.15625,0,10,8,0,9,8,0.0,0.0,0.0,0.0,,,0,0,0,2.4087390450895887
tune,610091004,P025,absolute,4,COMPLETE,False,51.41246478692319,0.8088671169753967,0.0,25,0,0.0,0,0,8,0,0,8,0.0,,0.0,,,,0,0,0,
tune,610091004,P025,absolute,8,COMPLETE,False,102.82492957384638,0.8088671169753967,0.0,25,0,0.0,0,0,8,0,0,8,0.0,,0.0,,,,0,0,0,
tune,610091004,P025,relative,0.25,COMPLETE,False,3.293478191904808,0.8290553572012279,0.40625,25,0,2.5625,6,170,8,0,14,8,0.75,0.03529411764705882,0.0,0.0,0.6666666666666666,,0,0,0,2.289874855656026
tune,610091004,P025,relative,0.5,COMPLETE,False,6.586956383809616,0.8290553572012279,0.9375,25,1,1.75,5,117,8,2,43,8,0.625,0.042735042735042736,0.25,0.046511627906976744,0.4,0.5,2,0,0,2.4542154121045137
tune,610091004,P025,relative,1,COMPLETE,False,13.173912767619232,0.8290553572012279,0.78125,25,1,0.6875,0,44,8,0,34,8,0.0,0.0,0.0,0.0,,,0,0,0,2.501857654726498
tune,610091004,P025,relative,2,COMPLETE,False,26.347825535238464,0.8290553572012279,0.21875,25,1,0.125,0,8,8,0,7,8,0.0,0.0,0.0,0.0,,,0,0,0,2.415416209075068
tune,610091004,P025,relative,4,COMPLETE,False,52.69565107047693,0.8290553572012279,0.0,25,0,0.0,0,0,8,0,0,8,0.0,,0.0,,,,0,0,0,
tune,610091004,P025,relative,8,COMPLETE,False,105.39130214095385,0.8290553572012279,0.0,25,0,0.0,0,0,8,0,0,8,0.0,,0.0,,,,0,0,0,
tune,610091004,P05,absolute,0.25,COMPLETE,False,3.2132790491826992,0.8088671169753967,0.3125,28,0,2.703125,4,177,8,0,10,8,0.5,0.022598870056497175,0.0,0.0,0.75,,0,0,0,2.286987182358095
tune,610091004,P05,absolute,0.5,COMPLETE,False,6.4265580983653985,0.8088671169753967,0.9375,28,1,1.828125,4,121,8,1,38,8,0.5,0.03305785123966942,0.125,0.02631578947368421,0.5,0.0,1,0,0,2.4438621843735038
tune,610091004,P05,absolute,1,COMPLETE,False,12.853116196730797,0.8088671169753967,0.75,28,1,0.703125,0,45,8,0,32,8,0.0,0.0,0.0,0.0,,,0,0,0,2.4959902967060543
tune,610091004,P05,absolute,2,COMPLETE,False,25.706232393461594,0.8088671169753967,0.25,28,1,0.140625,0,9,8,0,8,8,0.0,0.0,0.0,0.0,,,0,0,0,2.4376017489247106
tune,610091004,P05,absolute,4,COMPLETE,False,51.41246478692319,0.8088671169753967,0.0,28,0,0.0,0,0,8,0,0,8,0.0,,0.0,,,,0,0,0,
tune,610091004,P05,absolute,8,COMPLETE,False,102.82492957384638,0.8088671169753967,0.0,28,0,0.0,0,0,8,0,0,8,0.0,,0.0,,,,0,0,0,
tune,610091004,P05,relative,0.25,COMPLETE,False,3.293478191904808,0.8290553572012279,0.34375,28,0,2.5625,6,170,8,0,13,8,0.75,0.03529411764705882,0.0,0.0,0.6666666666666666,,0,0,0,2.2929318591688648
tune,610091004,P05,relative,0.5,COMPLETE,False,6.586956383809616,0.8290553572012279,0.9375,28,1,1.765625,5,118,8,2,42,8,0.625,0.0423728813559322,0.25,0.047619047619047616,0.4,0.5,2,0,0,2.4511353374767304
tune,610091004,P05,relative,1,COMPLETE,False,13.173912767619232,0.8290553572012279,0.75,28,1,0.6875,0,44,8,0,33,8,0.0,0.0,0.0,0.0,,,0,0,0,2.5183782684113414
tune,610091004,P05,relative,2,COMPLETE,False,26.347825535238464,0.8290553572012279,0.1875,28,0,0.109375,0,7,8,0,6,8,0.0,0.0,0.0,0.0,,,0,0,0,2.4474750683398474
tune,610091004,P05,relative,4,COMPLETE,False,52.69565107047693,0.8290553572012279,0.0,28,0,0.0,0,0,8,0,0,8,0.0,,0.0,,,,0,0,0,
tune,610091004,P05,relative,8,COMPLETE,False,105.39130214095385,0.8290553572012279,0.0,28,0,0.0,0,0,8,0,0,8,0.0,,0.0,,,,0,0,0,
tune,610091004,P1,absolute,0.25,COMPLETE,False,3.2132790491826992,0.8088671169753967,0.3125,0,0,2.703125,4,177,8,0,10,8,0.5,0.022598870056497175,0.0,0.0,0.75,,0,0,0,2.292579769067711
tune,610091004,P1,absolute,0.5,COMPLETE,False,6.4265580983653985,0.8088671169753967,0.9375,0,1,1.84375,4,122,8,1,38,8,0.5,0.03278688524590164,0.125,0.02631578947368421,0.5,0.0,1,0,0,2.448695940684944
tune,610091004,P1,absolute,1,COMPLETE,False,12.853116196730797,0.8088671169753967,0.75,0,0,0.6875,2,46,8,2,34,8,0.25,0.043478260869565216,0.25,0.058823529411764705,0.5,0.5,2,0,0,2.4961674256658255
tune,610091004,P1,absolute,2,COMPLETE,False,25.706232393461594,0.8088671169753967,0.25,0,0,0.140625,0,9,8,0,8,8,0.0,0.0,0.0,0.0,,,0,0,0,2.487568693208917
tune,610091004,P1,absolute,4,COMPLETE,False,51.41246478692319,0.8088671169753967,0.0,0,0,0.0,0,0,8,0,0,8,0.0,,0.0,,,,0,0,0,
tune,610091004,P1,absolute,8,COMPLETE,False,102.82492957384638,0.8088671169753967,0.0,0,0,0.0,0,0,8,0,0,8,0.0,,0.0,,,,0,0,0,
tune,610091004,P1,relative,0.25,COMPLETE,False,3.293478191904808,0.8290553572012279,0.28125,0,0,2.609375,5,172,8,0,11,8,0.625,0.029069767441860465,0.0,0.0,0.8,,0,0,0,2.2922818424859366
tune,610091004,P1,relative,0.5,COMPLETE,False,6.586956383809616,0.8290553572012279,0.9375,0,1,1.75,5,117,8,2,42,8,0.625,0.042735042735042736,0.25,0.047619047619047616,0.6,0.5,2,0,0,2.4657301981833832
tune,610091004,P1,relative,1,COMPLETE,False,13.173912767619232,0.8290553572012279,0.75,0,0,0.703125,2,47,8,2,35,8,0.25,0.0425531914893617,0.25,0.05714285714285714,0.5,0.5,2,0,0,2.4818312613333946
tune,610091004,P1,relative,2,COMPLETE,False,26.347825535238464,0.8290553572012279,0.1875,0,0,0.109375,0,7,8,0,6,8,0.0,0.0,0.0,0.0,,,0,0,0,2.498776440498253
tune,610091004,P1,relative,4,COMPLETE,False,52.69565107047693,0.8290553572012279,0.0,0,0,0.0,0,0,8,0,0,8,0.0,,0.0,,,,0,0,0,
tune,610091004,P1,relative,8,COMPLETE,False,105.39130214095385,0.8290553572012279,0.0,0,0,0.0,0,0,8,0,0,8,0.0,,0.0,,,,0,0,0,
tune,610091004,P2,absolute,0.25,COMPLETE,False,3.2132790491826992,0.8088671169753967,0.28125,14,0,2.703125,5,178,8,0,9,8,0.625,0.028089887640449437,0.0,0.0,0.4,,0,0,0,2.305064684994366
tune,610091004,P2,absolute,0.5,COMPLETE,False,6.4265580983653985,0.8088671169753967,0.9375,14,1,1.84375,4,122,8,1,37,8,0.5,0.03278688524590164,0.125,0.02702702702702703,0.25,0.0,1,0,0,2.480084062933119
tune,610091004,P2,absolute,1,COMPLETE,False,12.853116196730797,0.8088671169753967,0.75,14,1,0.703125,5,50,8,4,36,8,0.625,0.1,0.5,0.1111111111111111,0.2,0.25,4,0,0,2.56070099162395
tune,610091004,P2,absolute,2,COMPLETE,False,25.706232393461594,0.8088671169753967,0.28125,14,0,0.15625,2,12,8,2,11,8,0.25,0.16666666666666666,0.25,0.18181818181818182,0.0,0.0,2,0,0,2.56998495417475
tune,610091004,P2,absolute,4,COMPLETE,False,51.41246478692319,0.8088671169753967,0.0,14,0,0.0,1,1,8,1,1,8,0.125,1.0,0.125,1.0,0.0,0.0,1,0,0,3.1695704836983114
tune,610091004,P2,absolute,8,COMPLETE,False,102.82492957384638,0.8088671169753967,0.0,14,0,0.0,0,0,8,0,0,8,0.0,,0.0,,,,0,0,0,
tune,610091004,P2,relative,0.25,COMPLETE,False,3.293478191904808,0.8290553572012279,0.34375,14,0,2.625,5,173,8,0,13,8,0.625,0.028901734104046242,0.0,0.0,0.6,,0,0,0,2.3107953573445816
tune,610091004,P2,relative,0.5,COMPLETE,False,6.586956383809616,0.8290553572012279,0.96875,14,1,1.765625,4,117,8,0,39,8,0.5,0.03418803418803419,0.0,0.0,0.75,,0,0,0,2.510633334758784
tune,610091004,P2,relative,1,COMPLETE,False,13.173912767619232,0.8290553572012279,0.8125,14,1,0.796875,2,53,8,2,35,8,0.25,0.03773584905660377,0.25,0.05714285714285714,0.0,0.0,2,0,0,2.585914184372288
tune,610091004,P2,relative,2,COMPLETE,False,26.347825535238464,0.8290553572012279,0.28125,14,0,0.15625,1,11,8,1,10,8,0.125,0.09090909090909091,0.125,0.1,0.0,0.0,1,0,0,2.4938779440499914
tune,610091004,P2,relative,4,COMPLETE,False,52.69565107047693,0.8290553572012279,0.03125,14,0,0.015625,0,1,8,0,1,8,0.0,0.0,0.0,0.0,,,0,0,0,3.008189107266999
tune,610091004,P2,relative,8,COMPLETE,False,105.39130214095385,0.8290553572012279,0.0,14,0,0.0,0,0,8,0,0,8,0.0,,0.0,,,,0,0,0,
tune,610091004,P6_return,absolute,0.25,COMPLETE,False,3.2132790491826992,0.8088671169753967,0.3125,30,0,2.578125,11,176,16,1,11,16,0.6875,0.0625,0.0625,0.09090909090909091,0.36363636363636365,0.0,0,1,0,2.310050712477584
tune,610091004,P6_return,absolute,0.5,COMPLETE,False,6.4265580983653985,0.8088671169753967,0.875,30,0,1.796875,9,124,16,3,36,16,0.5625,0.07258064516129033,0.1875,0.08333333333333333,0.2222222222222222,0.3333333333333333,1,2,0,2.4564438034205445
tune,610091004,P6_return,absolute,1,COMPLETE,False,12.853116196730797,0.8088671169753967,0.65625,30,0,0.640625,4,45,16,4,32,16,0.25,0.08888888888888889,0.25,0.125,0.25,0.25,2,2,0,2.5325705227321738
tune,610091004,P6_return,absolute,2,COMPLETE,False,25.706232393461594,0.8088671169753967,0.21875,30,0,0.125,2,10,16,2,9,16,0.125,0.2,0.125,0.2222222222222222,0.5,0.5,1,1,0,2.442838178091686
tune,610091004,P6_return,absolute,4,COMPLETE,False,51.41246478692319,0.8088671169753967,0.0,30,0,0.0,0,0,16,0,0,16,0.0,,0.0,,,,0,0,0,
tune,610091004,P6_return,absolute,8,COMPLETE,False,102.82492957384638,0.8088671169753967,0.0,30,0,0.0,0,0,16,0,0,16,0.0,,0.0,,,,0,0,0,
tune,610091004,P6_return,relative,0.25,COMPLETE,False,3.293478191904808,0.8290553572012279,0.25,30,0,2.5,13,173,16,1,11,16,0.8125,0.07514450867052024,0.0625,0.09090909090909091,0.5384615384615384,0.0,0,1,0,2.305204436230322
tune,610091004,P6_return,relative,0.5,COMPLETE,False,6.586956383809616,0.8290553572012279,0.875,30,0,1.6875,9,117,16,4,42,16,0.5625,0.07692307692307693,0.25,0.09523809523809523,0.4444444444444444,0.5,1,3,0,2.477817870140212
tune,610091004,P6_return,relative,1,COMPLETE,False,13.173912767619232,0.8290553572012279,0.6875,30,0,0.703125,4,49,16,4,33,16,0.25,0.08163265306122448,0.25,0.12121212121212122,0.25,0.25,1,3,0,2.549094165529635
tune,610091004,P6_return,relative,2,COMPLETE,False,26.347825535238464,0.8290553572012279,0.1875,30,0,0.109375,1,8,16,1,7,16,0.0625,0.125,0.0625,0.14285714285714285,1.0,1.0,0,1,0,2.419348163837931
tune,610091004,P6_return,relative,4,COMPLETE,False,52.69565107047693,0.8290553572012279,0.0,30,0,0.0,0,0,16,0,0,16,0.0,,0.0,,,,0,0,0,
tune,610091004,P6_return,relative,8,COMPLETE,False,105.39130214095385,0.8290553572012279,0.0,30,0,0.0,0,0,16,0,0,16,0.0,,0.0,,,,0,0,0,
tune,610091004,C3_short_censored,absolute,0.25,COMPLETE,False,3.2132790491826992,0.8088671169753967,0.28125,2,1,2.65625,8,178,8,0,9,0,1.0,0.0449438202247191,,0.0,0.0,,0,0,8,2.3163330996436113
tune,610091004,C3_short_censored,absolute,0.5,COMPLETE,False,6.4265580983653985,0.8088671169753967,0.9375,2,1,1.84375,8,126,8,0,37,0,1.0,0.06349206349206349,,0.0,0.0,,0,0,8,2.464132754074284
tune,610091004,C3_short_censored,absolute,1,COMPLETE,False,12.853116196730797,0.8088671169753967,0.71875,2,1,0.671875,2,45,8,0,30,0,0.25,0.044444444444444446,,0.0,0.0,,0,0,8,2.561227560702972
tune,610091004,C3_short_censored,absolute,2,COMPLETE,False,25.706232393461594,0.8088671169753967,0.25,2,0,0.140625,1,10,8,0,8,0,0.125,0.1,,0.0,0.0,,0,0,8,2.5233116590756657
tune,610091004,C3_short_censored,absolute,4,COMPLETE,False,51.41246478692319,0.8088671169753967,0.0,2,0,0.0,0,0,8,0,0,0,0.0,,,,,,0,0,8,
tune,610091004,C3_short_censored,absolute,8,COMPLETE,False,102.82492957384638,0.8088671169753967,0.0,2,0,0.0,0,0,8,0,0,0,0.0,,,,,,0,0,8,
tune,610091004,C3_short_censored,relative,0.25,COMPLETE,False,3.293478191904808,0.8290553572012279,0.40625,2,1,2.546875,8,171,8,0,14,0,1.0,0.04678362573099415,,0.0,0.0,,0,0,8,2.324097113063088
tune,610091004,C3_short_censored,relative,0.5,COMPLETE,False,6.586956383809616,0.8290553572012279,0.90625,2,1,1.828125,8,125,8,0,37,0,1.0,0.064,,0.0,0.0,,0,0,8,2.460119948065009
tune,610091004,C3_short_censored,relative,1,COMPLETE,False,13.173912767619232,0.8290553572012279,0.75,2,1,0.671875,1,44,8,0,33,0,0.125,0.022727272727272728,,0.0,0.0,,0,0,8,2.5433074290796704
tune,610091004,C3_short_censored,relative,2,COMPLETE,False,26.347825535238464,0.8290553572012279,0.1875,2,0,0.109375,0,7,8,0,6,0,0.0,0.0,,0.0,,,0,0,8,2.4933031655441047
tune,610091004,C3_short_censored,relative,4,COMPLETE,False,52.69565107047693,0.8290553572012279,0.0,2,0,0.0,0,0,8,0,0,0,0.0,,,,,,0,0,8,
tune,610091004,C3_short_censored,relative,8,COMPLETE,False,105.39130214095385,0.8290553572012279,0.0,2,0,0.0,0,0,8,0,0,0,0.0,,,,,,0,0,8,
tune,610091005,N0_iid,absolute,0.25,COMPLETE,True,3.810293825087478,0.9591514879205962,0.59375,25,0,2.375,0,152,0,0,26,0,,0.0,,0.0,,,0,0,0,2.097210129062172
tune,610091005,N0_iid,absolute,0.5,COMPLETE,True,7.620587650174956,0.9591514879205962,0.59375,25,1,0.828125,0,53,0,0,23,0,,0.0,,0.0,,,0,0,0,2.193707611431055
tune,610091005,N0_iid,absolute,1,COMPLETE,True,15.241175300349912,0.9591514879205962,0.09375,25,0,0.0625,0,4,0,0,3,0,,0.0,,0.0,,,0,0,0,2.0911638255378655
tune,610091005,N0_iid,absolute,2,COMPLETE,True,30.482350600699824,0.9591514879205962,0.0,25,0,0.0,0,0,0,0,0,0,,,,,,,0,0,0,
tune,610091005,N0_iid,absolute,4,COMPLETE,True,60.96470120139965,0.9591514879205962,0.0,25,0,0.0,0,0,0,0,0,0,,,,,,,0,0,0,
tune,610091005,N0_iid,absolute,8,COMPLETE,True,121.9294024027993,0.9591514879205962,0.0,25,0,0.0,0,0,0,0,0,0,,,,,,,0,0,0,
tune,610091005,N0_iid,relative,0.25,COMPLETE,True,3.9355460927162165,0.990680788383081,0.75,25,1,2.28125,0,146,0,0,30,0,,0.0,,0.0,,,0,0,0,2.0715038374726666
tune,610091005,N0_iid,relative,0.5,COMPLETE,True,7.871092185432433,0.990680788383081,0.625,25,1,0.765625,0,49,0,0,25,0,,0.0,,0.0,,,0,0,0,2.0714886863521205
tune,610091005,N0_iid,relative,1,COMPLETE,True,15.742184370864866,0.990680788383081,0.0625,25,0,0.046875,0,3,0,0,2,0,,0.0,,0.0,,,0,0,0,2.244601654799458
tune,610091005,N0_iid,relative,2,COMPLETE,True,31.48436874172973,0.990680788383081,0.0,25,0,0.0,0,0,0,0,0,0,,,,,,,0,0,0,
tune,610091005,N0_iid,relative,4,COMPLETE,True,62.96873748345946,0.990680788383081,0.0,25,0,0.0,0,0,0,0,0,0,,,,,,,0,0,0,
tune,610091005,N0_iid,relative,8,COMPLETE,True,125.93747496691893,0.990680788383081,0.0,25,0,0.0,0,0,0,0,0,0,,,,,,,0,0,0,
tune,610091005,N1_ar05,absolute,0.25,COMPLETE,True,3.215947875413962,0.8095389309530651,0.3125,11,1,2.71875,0,174,0,0,11,0,,0.0,,0.0,,,0,0,0,2.3057605573819155
tune,610091005,N1_ar05,absolute,0.5,COMPLETE,True,6.431895750827924,0.8095389309530651,0.75,11,1,1.875,0,120,0,0,33,0,,0.0,,0.0,,,0,0,0,2.4479254635643097
tune,610091005,N1_ar05,absolute,1,COMPLETE,True,12.863791501655848,0.8095389309530651,0.6875,11,1,0.734375,0,47,0,0,29,0,,0.0,,0.0,,,0,0,0,2.577673048079272
tune,610091005,N1_ar05,absolute,2,COMPLETE,True,25.727583003311697,0.8095389309530651,0.21875,11,0,0.125,0,8,0,0,7,0,,0.0,,0.0,,,0,0,0,2.703369870615116
tune,610091005,N1_ar05,absolute,4,COMPLETE,True,51.455166006623394,0.8095389309530651,0.03125,11,0,0.015625,0,1,0,0,1,0,,0.0,,0.0,,,0,0,0,3.272678882395816
tune,610091005,N1_ar05,absolute,8,COMPLETE,True,102.91033201324679,0.8095389309530651,0.0,11,0,0.0,0,0,0,0,0,0,,,,,,,0,0,0,
tune,610091005,N1_ar05,relative,0.25,COMPLETE,True,3.3612755833330983,0.8461217494141924,0.59375,11,1,2.5625,0,164,0,0,20,0,,0.0,,0.0,,,0,0,0,2.3190204643582497
tune,610091005,N1_ar05,relative,0.5,COMPLETE,True,6.722551166666197,0.8461217494141924,0.90625,11,1,1.75,0,112,0,0,43,0,,0.0,,0.0,,,0,0,0,2.4438351436525183
tune,610091005,N1_ar05,relative,1,COMPLETE,True,13.445102333332393,0.8461217494141924,0.8125,11,1,0.734375,0,47,0,0,33,0,,0.0,,0.0,,,0,0,0,2.474120505714948
tune,610091005,N1_ar05,relative,2,COMPLETE,True,26.890204666664786,0.8461217494141924,0.15625,11,0,0.078125,0,5,0,0,5,0,,0.0,,0.0,,,0,0,0,2.633990054630171
tune,610091005,N1_ar05,relative,4,COMPLETE,True,53.78040933332957,0.8461217494141924,0.0,11,0,0.0,0,0,0,0,0,0,,,,,,,0,0,0,
tune,610091005,N1_ar05,relative,8,COMPLETE,True,107.56081866665915,0.8461217494141924,0.0,11,0,0.0,0,0,0,0,0,0,,,,,,,0,0,0,
tune,610091005,N2_season_ar05,absolute,0.25,COMPLETE,True,3.215947875413962,0.8095389309530651,0.3125,7,0,2.71875,0,174,0,0,11,0,,0.0,,0.0,,,0,0,0,2.3057605573819155
tune,610091005,N2_season_ar05,absolute,0.5,COMPLETE,True,6.431895750827924,0.8095389309530651,0.75,7,0,1.875,0,120,0,0,33,0,,0.0,,0.0,,,0,0,0,2.4479254635643097
tune,610091005,N2_season_ar05,absolute,1,COMPLETE,True,12.863791501655848,0.8095389309530651,0.6875,7,0,0.734375,0,47,0,0,29,0,,0.0,,0.0,,,0,0,0,2.577673048079272
tune,610091005,N2_season_ar05,absolute,2,COMPLETE,True,25.727583003311697,0.8095389309530651,0.21875,7,0,0.125,0,8,0,0,7,0,,0.0,,0.0,,,0,0,0,2.703369870615116
tune,610091005,N2_season_ar05,absolute,4,COMPLETE,True,51.455166006623394,0.8095389309530651,0.03125,7,0,0.015625,0,1,0,0,1,0,,0.0,,0.0,,,0,0,0,3.272678882395816
tune,610091005,N2_season_ar05,absolute,8,COMPLETE,True,102.91033201324679,0.8095389309530651,0.0,7,0,0.0,0,0,0,0,0,0,,,,,,,0,0,0,
tune,610091005,N2_season_ar05,relative,0.25,COMPLETE,True,3.3612755833330983,0.8461217494141924,0.59375,7,0,2.5625,0,164,0,0,20,0,,0.0,,0.0,,,0,0,0,2.3190204643582497
tune,610091005,N2_season_ar05,relative,0.5,COMPLETE,True,6.722551166666197,0.8461217494141924,0.90625,7,1,1.75,0,112,0,0,43,0,,0.0,,0.0,,,0,0,0,2.4438351436525183
tune,610091005,N2_season_ar05,relative,1,COMPLETE,True,13.445102333332393,0.8461217494141924,0.8125,7,1,0.734375,0,47,0,0,33,0,,0.0,,0.0,,,0,0,0,2.474120505714948
tune,610091005,N2_season_ar05,relative,2,COMPLETE,True,26.890204666664786,0.8461217494141924,0.15625,7,0,0.078125,0,5,0,0,5,0,,0.0,,0.0,,,0,0,0,2.633990054630171
tune,610091005,N2_season_ar05,relative,4,COMPLETE,True,53.78040933332957,0.8461217494141924,0.0,7,0,0.0,0,0,0,0,0,0,,,,,,,0,0,0,
tune,610091005,N2_season_ar05,relative,8,COMPLETE,True,107.56081866665915,0.8461217494141924,0.0,7,0,0.0,0,0,0,0,0,0,,,,,,,0,0,0,
tune,610091005,N3_common_shift2,absolute,0.25,COMPLETE,False,3.215947875413962,0.8095389309530651,0.21875,8,0,2.234375,30,173,32,2,9,32,0.9375,0.17341040462427745,0.0625,0.2222222222222222,0.4,0.0,2,0,0,2.4106441663548
tune,610091005,N3_common_shift2,absolute,0.5,COMPLETE,False,6.431895750827924,0.8095389309530651,0.5625,8,0,1.578125,26,127,32,8,30,32,0.8125,0.2047244094488189,0.25,0.26666666666666666,0.19230769230769232,0.25,8,0,0,2.5605972706870808
tune,610091005,N3_common_shift2,absolute,1,COMPLETE,False,12.863791501655848,0.8095389309530651,0.625,8,1,0.65625,23,65,32,18,40,32,0.71875,0.35384615384615387,0.5625,0.45,0.391304347826087,0.3888888888888889,18,0,0,2.8125084990550295
tune,610091005,N3_common_shift2,absolute,2,COMPLETE,False,25.727583003311697,0.8095389309530651,0.28125,8,0,0.1875,18,30,32,18,28,32,0.5625,0.6,0.5625,0.6428571428571429,0.3888888888888889,0.3888888888888889,18,0,0,2.7863909121129407
tune,610091005,N3_common_shift2,absolute,4,COMPLETE,False,51.455166006623394,0.8095389309530651,0.125,8,0,0.0625,5,9,32,5,9,32,0.15625,0.5555555555555556,0.15625,0.5555555555555556,0.2,0.2,5,0,0,3.1832308119792017
tune,610091005,N3_common_shift2,absolute,8,COMPLETE,False,102.91033201324679,0.8095389309530651,0.0,8,0,0.0,0,0,32,0,0,32,0.0,,0.0,,,,0,0,0,
tune,610091005,N3_common_shift2,relative,0.25,COMPLETE,True,3.3612755833330983,0.8461217494141924,0.59375,8,0,2.5625,0,164,0,0,20,0,,0.0,,0.0,,,0,0,0,2.3190204643582497
tune,610091005,N3_common_shift2,relative,0.5,COMPLETE,True,6.722551166666197,0.8461217494141924,0.90625,8,1,1.75,0,112,0,0,43,0,,0.0,,0.0,,,0,0,0,2.4438351436525187
tune,610091005,N3_common_shift2,relative,1,COMPLETE,True,13.445102333332393,0.8461217494141924,0.8125,8,1,0.734375,0,47,0,0,33,0,,0.0,,0.0,,,0,0,0,2.474120505714948
tune,610091005,N3_common_shift2,relative,2,COMPLETE,True,26.890204666664786,0.8461217494141924,0.15625,8,0,0.078125,0,5,0,0,5,0,,0.0,,0.0,,,0,0,0,2.633990054630171
tune,610091005,N3_common_shift2,relative,4,COMPLETE,True,53.78040933332957,0.8461217494141924,0.0,8,0,0.0,0,0,0,0,0,0,,,,,,,0,0,0,
tune,610091005,N3_common_shift2,relative,8,COMPLETE,True,107.56081866665915,0.8461217494141924,0.0,8,0,0.0,0,0,0,0,0,0,,,,,,,0,0,0,
tune,610091005,N4_spike4,absolute,0.25,COMPLETE,True,3.215947875413962,0.8095389309530651,0.28125,30,0,2.75,0,176,0,0,10,0,,0.0,,0.0,,,0,0,0,2.3299585361859116
tune,610091005,N4_spike4,absolute,0.5,COMPLETE,True,6.431895750827924,0.8095389309530651,0.71875,30,0,1.90625,0,122,0,0,29,0,,0.0,,0.0,,,0,0,0,2.4872712474377745
tune,610091005,N4_spike4,absolute,1,COMPLETE,True,12.863791501655848,0.8095389309530651,0.71875,30,1,0.796875,0,51,0,0,31,0,,0.0,,0.0,,,0,0,0,2.5919744910647693
tune,610091005,N4_spike4,absolute,2,COMPLETE,True,25.727583003311697,0.8095389309530651,0.21875,30,0,0.125,0,8,0,0,7,0,,0.0,,0.0,,,0,0,0,2.70842433322706
tune,610091005,N4_spike4,absolute,4,COMPLETE,True,51.455166006623394,0.8095389309530651,0.03125,30,0,0.015625,0,1,0,0,1,0,,0.0,,0.0,,,0,0,0,3.272678882395816
tune,610091005,N4_spike4,absolute,8,COMPLETE,True,102.91033201324679,0.8095389309530651,0.0,30,0,0.0,0,0,0,0,0,0,,,,,,,0,0,0,
tune,610091005,N4_spike4,relative,0.25,COMPLETE,True,3.3612755833330983,0.8461217494141924,0.5625,30,0,2.578125,0,165,0,0,18,0,,0.0,,0.0,,,0,0,0,2.3505324613121648
tune,610091005,N4_spike4,relative,0.5,COMPLETE,True,6.722551166666197,0.8461217494141924,0.8125,30,1,1.8125,0,116,0,0,40,0,,0.0,,0.0,,,0,0,0,2.4804891890641105
tune,610091005,N4_spike4,relative,1,COMPLETE,True,13.445102333332393,0.8461217494141924,0.78125,30,1,0.765625,0,49,0,0,33,0,,0.0,,0.0,,,0,0,0,2.5061745092869363
tune,610091005,N4_spike4,relative,2,COMPLETE,True,26.890204666664786,0.8461217494141924,0.15625,30,0,0.078125,0,5,0,0,5,0,,0.0,,0.0,,,0,0,0,2.6423695591209144
tune,610091005,N4_spike4,relative,4,COMPLETE,True,53.78040933332957,0.8461217494141924,0.0,30,0,0.0,0,0,0,0,0,0,,,,,,,0,0,0,
tune,610091005,N4_spike4,relative,8,COMPLETE,True,107.56081866665915,0.8461217494141924,0.0,30,0,0.0,0,0,0,0,0,0,,,,,,,0,0,0,
tune,610091005,N5_boundary_null,absolute,0.25,COMPLETE,True,3.215947875413962,0.8095389309530651,0.3125,13,0,2.71875,0,174,0,0,11,0,,0.0,,0.0,,,0,0,0,2.3057605573819155
tune,610091005,N5_boundary_null,absolute,0.5,COMPLETE,True,6.431895750827924,0.8095389309530651,0.75,13,1,1.875,0,120,0,0,33,0,,0.0,,0.0,,,0,0,0,2.4479254635643093
tune,610091005,N5_boundary_null,absolute,1,COMPLETE,True,12.863791501655848,0.8095389309530651,0.6875,13,1,0.734375,0,47,0,0,29,0,,0.0,,0.0,,,0,0,0,2.577673048079272
tune,610091005,N5_boundary_null,absolute,2,COMPLETE,True,25.727583003311697,0.8095389309530651,0.21875,13,0,0.125,0,8,0,0,7,0,,0.0,,0.0,,,0,0,0,2.7033698706151164
tune,610091005,N5_boundary_null,absolute,4,COMPLETE,True,51.455166006623394,0.8095389309530651,0.03125,13,0,0.015625,0,1,0,0,1,0,,0.0,,0.0,,,0,0,0,3.2726788823958164
tune,610091005,N5_boundary_null,absolute,8,COMPLETE,True,102.91033201324679,0.8095389309530651,0.0,13,0,0.0,0,0,0,0,0,0,,,,,,,0,0,0,
tune,610091005,N5_boundary_null,relative,0.25,COMPLETE,True,3.343249115453086,0.8415840118320599,0.5625,13,0,2.5625,0,164,0,0,19,0,,0.0,,0.0,,,0,0,0,2.2968161956303486
tune,610091005,N5_boundary_null,relative,0.5,COMPLETE,True,6.686498230906172,0.8415840118320599,0.90625,13,0,1.71875,0,110,0,0,44,0,,0.0,,0.0,,,0,0,0,2.431956816868932
tune,610091005,N5_boundary_null,relative,1,COMPLETE,True,13.372996461812344,0.8415840118320599,0.78125,13,1,0.75,0,48,0,0,33,0,,0.0,,0.0,,,0,0,0,2.47251836164228
tune,610091005,N5_boundary_null,relative,2,COMPLETE,True,26.745992923624687,0.8415840118320599,0.125,13,0,0.0625,0,4,0,0,4,0,,0.0,,0.0,,,0,0,0,2.696602558305666
tune,610091005,N5_boundary_null,relative,4,COMPLETE,True,53.491985847249374,0.8415840118320599,0.0,13,0,0.0,0,0,0,0,0,0,,,,,,,0,0,0,
tune,610091005,N5_boundary_null,relative,8,COMPLETE,True,106.98397169449875,0.8415840118320599,0.0,13,0,0.0,0,0,0,0,0,0,,,,,,,0,0,0,
tune,610091005,P025,absolute,0.25,COMPLETE,False,3.215947875413962,0.8095389309530651,0.28125,0,0,2.625,6,174,8,1,11,8,0.75,0.034482758620689655,0.125,0.09090909090909091,0.6666666666666666,0.0,1,0,0,2.3029858589195937
tune,610091005,P025,absolute,0.5,COMPLETE,False,6.431895750827924,0.8095389309530651,0.75,0,1,1.796875,3,118,8,0,33,8,0.375,0.025423728813559324,0.0,0.0,0.6666666666666666,,0,0,0,2.4498505703971767
tune,610091005,P025,absolute,1,COMPLETE,False,12.863791501655848,0.8095389309530651,0.71875,0,1,0.765625,0,49,8,0,31,8,0.0,0.0,0.0,0.0,,,0,0,0,2.5534996383760227
tune,610091005,P025,absolute,2,COMPLETE,False,25.727583003311697,0.8095389309530651,0.21875,0,0,0.125,0,8,8,0,7,8,0.0,0.0,0.0,0.0,,,0,0,0,2.7182124553071807
tune,610091005,P025,absolute,4,COMPLETE,False,51.455166006623394,0.8095389309530651,0.03125,0,0,0.015625,0,1,8,0,1,8,0.0,0.0,0.0,0.0,,,0,0,0,3.272678882395816
tune,610091005,P025,absolute,8,COMPLETE,False,102.91033201324679,0.8095389309530651,0.0,0,0,0.0,0,0,8,0,0,8,0.0,,0.0,,,,0,0,0,
tune,610091005,P025,relative,0.25,COMPLETE,False,3.3612755833330983,0.8461217494141924,0.59375,0,1,2.453125,6,163,8,1,20,8,0.75,0.03680981595092025,0.125,0.05,0.8333333333333334,1.0,1,0,0,2.324765422414886
tune,610091005,P025,relative,0.5,COMPLETE,False,6.722551166666197,0.8461217494141924,0.90625,0,1,1.671875,2,109,8,0,44,8,0.25,0.01834862385321101,0.0,0.0,0.5,,0,0,0,2.4424509597159387
tune,610091005,P025,relative,1,COMPLETE,False,13.445102333332393,0.8461217494141924,0.8125,0,1,0.75,0,48,8,0,34,8,0.0,0.0,0.0,0.0,,,0,0,0,2.46869179688377
tune,610091005,P025,relative,2,COMPLETE,False,26.890204666664786,0.8461217494141924,0.15625,0,0,0.078125,0,5,8,0,5,8,0.0,0.0,0.0,0.0,,,0,0,0,2.646375997822998
tune,610091005,P025,relative,4,COMPLETE,False,53.78040933332957,0.8461217494141924,0.0,0,0,0.0,0,0,8,0,0,8,0.0,,0.0,,,,0,0,0,
tune,610091005,P025,relative,8,COMPLETE,False,107.56081866665915,0.8461217494141924,0.0,0,0,0.0,0,0,8,0,0,8,0.0,,0.0,,,,0,0,0,
tune,610091005,P05,absolute,0.25,COMPLETE,False,3.215947875413962,0.8095389309530651,0.28125,8,0,2.625,6,174,8,1,11,8,0.75,0.034482758620689655,0.125,0.09090909090909091,0.6666666666666666,0.0,1,0,0,2.3047749081327527
tune,610091005,P05,absolute,0.5,COMPLETE,False,6.431895750827924,0.8095389309530651,0.75,8,0,1.796875,3,118,8,0,33,8,0.375,0.025423728813559324,0.0,0.0,0.6666666666666666,,0,0,0,2.4512370178148952
tune,610091005,P05,absolute,1,COMPLETE,False,12.863791501655848,0.8095389309530651,0.71875,8,1,0.796875,1,52,8,0,32,8,0.125,0.019230769230769232,0.0,0.0,1.0,,0,0,0,2.5824419243423096
tune,610091005,P05,absolute,2,COMPLETE,False,25.727583003311697,0.8095389309530651,0.21875,8,1,0.125,0,8,8,0,7,8,0.0,0.0,0.0,0.0,,,0,0,0,2.736534857551846
tune,610091005,P05,absolute,4,COMPLETE,False,51.455166006623394,0.8095389309530651,0.03125,8,0,0.015625,0,1,8,0,1,8,0.0,0.0,0.0,0.0,,,0,0,0,3.272678882395816
tune,610091005,P05,absolute,8,COMPLETE,False,102.91033201324679,0.8095389309530651,0.0,8,0,0.0,0,0,8,0,0,8,0.0,,0.0,,,,0,0,0,
tune,610091005,P05,relative,0.25,COMPLETE,False,3.3612755833330983,0.8461217494141924,0.59375,8,0,2.453125,6,163,8,1,20,8,0.75,0.03680981595092025,0.125,0.05,0.8333333333333334,1.0,1,0,0,2.3258241930035286
tune,610091005,P05,relative,0.5,COMPLETE,False,6.722551166666197,0.8461217494141924,0.90625,8,1,1.671875,2,109,8,0,44,8,0.25,0.01834862385321101,0.0,0.0,0.5,,0,0,0,2.442913207233445
tune,610091005,P05,relative,1,COMPLETE,False,13.445102333332393,0.8461217494141924,0.78125,8,1,0.71875,1,47,8,1,35,8,0.125,0.02127659574468085,0.125,0.02857142857142857,1.0,1.0,1,0,0,2.4781510073510473
tune,610091005,P05,relative,2,COMPLETE,False,26.890204666664786,0.8461217494141924,0.1875,8,0,0.09375,0,6,8,0,6,8,0.0,0.0,0.0,0.0,,,0,0,0,2.633110901639608
tune,610091005,P05,relative,4,COMPLETE,False,53.78040933332957,0.8461217494141924,0.0,8,0,0.0,0,0,8,0,0,8,0.0,,0.0,,,,0,0,0,
tune,610091005,P05,relative,8,COMPLETE,False,107.56081866665915,0.8461217494141924,0.0,8,0,0.0,0,0,8,0,0,8,0.0,,0.0,,,,0,0,0,
tune,610091005,P1,absolute,0.25,COMPLETE,False,3.215947875413962,0.8095389309530651,0.28125,25,0,2.625,6,174,8,1,11,8,0.75,0.034482758620689655,0.125,0.09090909090909091,0.3333333333333333,0.0,1,0,0,2.3100734141834773
tune,610091005,P1,absolute,0.5,COMPLETE,False,6.431895750827924,0.8095389309530651,0.71875,25,1,1.8125,5,121,8,1,32,8,0.625,0.04132231404958678,0.125,0.03125,0.2,0.0,1,0,0,2.4532685912117946
tune,610091005,P1,absolute,1,COMPLETE,False,12.863791501655848,0.8095389309530651,0.71875,25,1,0.765625,3,52,8,2,34,8,0.375,0.057692307692307696,0.25,0.058823529411764705,0.6666666666666666,0.5,2,0,0,2.5763202003116046
tune,610091005,P1,absolute,2,COMPLETE,False,25.727583003311697,0.8095389309530651,0.25,25,1,0.125,0,8,8,0,8,8,0.0,0.0,0.0,0.0,,,0,0,0,2.656974864779121
tune,610091005,P1,absolute,4,COMPLETE,False,51.455166006623394,0.8095389309530651,0.03125,25,0,0.015625,0,1,8,0,1,8,0.0,0.0,0.0,0.0,,,0,0,0,3.272678882395816
tune,610091005,P1,absolute,8,COMPLETE,False,102.91033201324679,0.8095389309530651,0.0,25,0,0.0,0,0,8,0,0,8,0.0,,0.0,,,,0,0,0,
tune,610091005,P1,relative,0.25,COMPLETE,False,3.3612755833330983,0.8461217494141924,0.53125,25,0,2.484375,6,165,8,1,18,8,0.75,0.03636363636363636,0.125,0.05555555555555555,0.5,1.0,1,0,0,2.3242016495857363
tune,610091005,P1,relative,0.5,COMPLETE,False,6.722551166666197,0.8461217494141924,0.84375,25,1,1.703125,4,113,8,1,43,8,0.5,0.035398230088495575,0.125,0.023255813953488372,0.5,1.0,1,0,0,2.436868356080169
tune,610091005,P1,relative,1,COMPLETE,False,13.445102333332393,0.8461217494141924,0.78125,25,1,0.734375,1,48,8,1,34,8,0.125,0.020833333333333332,0.125,0.029411764705882353,1.0,1.0,1,0,0,2.5179983203280707
tune,610091005,P1,relative,2,COMPLETE,False,26.890204666664786,0.8461217494141924,0.15625,25,1,0.078125,0,5,8,0,5,8,0.0,0.0,0.0,0.0,,,0,0,0,2.7639896483635167
tune,610091005,P1,relative,4,COMPLETE,False,53.78040933332957,0.8461217494141924,0.0,25,0,0.0,0,0,8,0,0,8,0.0,,0.0,,,,0,0,0,
tune,610091005,P1,relative,8,COMPLETE,False,107.56081866665915,0.8461217494141924,0.0,25,0,0.0,0,0,8,0,0,8,0.0,,0.0,,,,0,0,0,
tune,610091005,P2,absolute,0.25,COMPLETE,False,3.215947875413962,0.8095389309530651,0.25,20,0,2.609375,8,175,8,1,10,8,1.0,0.045714285714285714,0.125,0.1,0.5,0.0,1,0,0,2.3313970272501217
tune,610091005,P2,absolute,0.5,COMPLETE,False,6.431895750827924,0.8095389309530651,0.71875,20,0,1.828125,5,122,8,1,32,8,0.625,0.040983606557377046,0.125,0.03125,0.2,0.0,1,0,0,2.484583070412776
tune,610091005,P2,absolute,1,COMPLETE,False,12.863791501655848,0.8095389309530651,0.6875,20,0,0.734375,6,53,8,6,34,8,0.75,0.11320754716981132,0.75,0.17647058823529413,0.16666666666666666,0.16666666666666666,6,0,0,2.660964079062299
tune,610091005,P2,absolute,2,COMPLETE,False,25.727583003311697,0.8095389309530651,0.25,20,0,0.125,5,13,8,5,13,8,0.625,0.38461538461538464,0.625,0.38461538461538464,0.4,0.4,5,0,0,2.6729070695721484
tune,610091005,P2,absolute,4,COMPLETE,False,51.455166006623394,0.8095389309530651,0.0625,20,0,0.03125,1,3,8,1,3,8,0.125,0.3333333333333333,0.125,0.3333333333333333,0.0,0.0,1,0,0,3.1664419801922077
tune,610091005,P2,absolute,8,COMPLETE,False,102.91033201324679,0.8095389309530651,0.0,20,0,0.0,0,0,8,0,0,8,0.0,,0.0,,,,0,0,0,
tune,610091005,P2,relative,0.25,COMPLETE,False,3.3612755833330983,0.8461217494141924,0.5,20,0,2.4375,7,163,8,0,18,8,0.875,0.04294478527607362,0.0,0.0,0.5714285714285714,,0,0,0,2.3541150056852906
tune,610091005,P2,relative,0.5,COMPLETE,False,6.722551166666197,0.8461217494141924,0.84375,20,0,1.75,5,117,8,1,41,8,0.625,0.042735042735042736,0.125,0.024390243902439025,0.2,0.0,1,0,0,2.4691761320627443
tune,610091005,P2,relative,1,COMPLETE,False,13.445102333332393,0.8461217494141924,0.71875,20,0,0.71875,4,50,8,3,33,8,0.5,0.08,0.375,0.09090909090909091,0.25,0.3333333333333333,3,0,0,2.5933903306651422
tune,610091005,P2,relative,2,COMPLETE,False,26.890204666664786,0.8461217494141924,0.1875,20,0,0.09375,2,8,8,2,8,8,0.25,0.25,0.25,0.25,0.5,0.5,2,0,0,2.753998024193889
tune,610091005,P2,relative,4,COMPLETE,False,53.78040933332957,0.8461217494141924,0.0,20,0,0.0,0,0,8,0,0,8,0.0,,0.0,,,,0,0,0,
tune,610091005,P2,relative,8,COMPLETE,False,107.56081866665915,0.8461217494141924,0.0,20,0,0.0,0,0,8,0,0,8,0.0,,0.0,,,,0,0,0,
tune,610091005,P6_return,absolute,0.25,COMPLETE,False,3.215947875413962,0.8095389309530651,0.28125,2,0,2.546875,11,174,16,1,11,16,0.6875,0.06321839080459771,0.0625,0.09090909090909091,0.36363636363636365,0.0,1,0,0,2.3142929401302097
tune,610091005,P6_return,absolute,0.5,COMPLETE,False,6.431895750827924,0.8095389309530651,0.6875,2,1,1.734375,8,119,16,2,31,16,0.5,0.06722689075630252,0.125,0.06451612903225806,0.375,0.5,0,2,0,2.4622381632843786
tune,610091005,P6_return,absolute,1,COMPLETE,False,12.863791501655848,0.8095389309530651,0.71875,2,1,0.71875,6,52,16,3,32,16,0.375,0.11538461538461539,0.1875,0.09375,0.8333333333333334,0.6666666666666666,1,2,0,2.606027990139151
tune,610091005,P6_return,absolute,2,COMPLETE,False,25.727583003311697,0.8095389309530651,0.1875,2,0,0.109375,1,8,16,1,7,16,0.0625,0.125,0.0625,0.14285714285714285,0.0,0.0,0,1,0,2.7133369498451447
tune,610091005,P6_return,absolute,4,COMPLETE,False,51.455166006623394,0.8095389309530651,0.03125,2,0,0.015625,0,1,16,0,1,16,0.0,0.0,0.0,0.0,,,0,0,0,3.272678882395816
tune,610091005,P6_return,absolute,8,COMPLETE,False,102.91033201324679,0.8095389309530651,0.0,2,0,0.0,0,0,16,0,0,16,0.0,,0.0,,,,0,0,0,
tune,610091005,P6_return,relative,0.25,COMPLETE,False,3.3612755833330983,0.8461217494141924,0.5,2,1,2.359375,11,162,16,3,19,16,0.6875,0.06790123456790123,0.1875,0.15789473684210525,0.45454545454545453,0.3333333333333333,1,2,0,2.3429603961651435
tune,610091005,P6_return,relative,0.5,COMPLETE,False,6.722551166666197,0.8461217494141924,0.875,2,1,1.625,7,111,16,3,42,16,0.4375,0.06306306306306306,0.1875,0.07142857142857142,0.2857142857142857,0.3333333333333333,0,3,0,2.451694884737482
tune,610091005,P6_return,relative,1,COMPLETE,False,13.445102333332393,0.8461217494141924,0.71875,2,1,0.65625,5,47,16,4,33,16,0.3125,0.10638297872340426,0.25,0.12121212121212122,0.6,0.5,1,3,0,2.519440524048019
tune,610091005,P6_return,relative,2,COMPLETE,False,26.890204666664786,0.8461217494141924,0.15625,2,0,0.078125,0,5,16,0,5,16,0.0,0.0,0.0,0.0,,,0,0,0,2.645068958180064
tune,610091005,P6_return,relative,4,COMPLETE,False,53.78040933332957,0.8461217494141924,0.0,2,0,0.0,0,0,16,0,0,16,0.0,,0.0,,,,0,0,0,
tune,610091005,P6_return,relative,8,COMPLETE,False,107.56081866665915,0.8461217494141924,0.0,2,0,0.0,0,0,16,0,0,16,0.0,,0.0,,,,0,0,0,
tune,610091005,C3_short_censored,absolute,0.25,COMPLETE,False,3.215947875413962,0.8095389309530651,0.3125,1,0,2.609375,8,175,8,0,11,0,1.0,0.045714285714285714,,0.0,0.125,,0,0,8,2.337452806891674
tune,610091005,C3_short_censored,absolute,0.5,COMPLETE,False,6.431895750827924,0.8095389309530651,0.71875,1,1,1.796875,8,123,8,0,31,0,1.0,0.06504065040650407,,0.0,0.125,,0,0,8,2.486426428095616
tune,610091005,C3_short_censored,absolute,1,COMPLETE,False,12.863791501655848,0.8095389309530651,0.71875,1,1,0.6875,8,52,8,0,29,0,1.0,0.15384615384615385,,0.0,0.25,,0,0,8,2.644579828055076
tune,610091005,C3_short_censored,absolute,2,COMPLETE,False,25.727583003311697,0.8095389309530651,0.1875,1,0,0.09375,4,10,8,0,6,0,0.5,0.4,,0.0,0.25,,0,0,8,3.0044800320624736
tune,610091005,C3_short_censored,absolute,4,COMPLETE,False,51.455166006623394,0.8095389309530651,0.03125,1,0,0.015625,0,1,8,0,1,0,0.0,0.0,,0.0,,,0,0,8,3.272678882395816
tune,610091005,C3_short_censored,absolute,8,COMPLETE,False,102.91033201324679,0.8095389309530651,0.0,1,0,0.0,0,0,8,0,0,0,0.0,,,,,,0,0,8,
tune,610091005,C3_short_censored,relative,0.25,COMPLETE,False,3.3612755833330983,0.8461217494141924,0.53125,1,0,2.484375,8,167,8,0,17,0,1.0,0.04790419161676647,,0.0,0.25,,0,0,8,2.3319740097050183
tune,610091005,C3_short_censored,relative,0.5,COMPLETE,False,6.722551166666197,0.8461217494141924,0.875,1,1,1.65625,8,114,8,0,40,0,1.0,0.07017543859649122,,0.0,0.25,,0,0,8,2.470756254923441
tune,610091005,C3_short_censored,relative,1,COMPLETE,False,13.445102333332393,0.8461217494141924,0.78125,1,1,0.6875,5,49,8,0,30,0,0.625,0.10204081632653061,,0.0,0.4,,0,0,8,2.5685076455007585
tune,610091005,C3_short_censored,relative,2,COMPLETE,False,26.890204666664786,0.8461217494141924,0.125,1,0,0.078125,3,8,8,0,4,0,0.375,0.375,,0.0,0.3333333333333333,,0,0,8,2.9751185277606873
tune,610091005,C3_short_censored,relative,4,COMPLETE,False,53.78040933332957,0.8461217494141924,0.0,1,0,0.0,0,0,8,0,0,0,0.0,,,,,,0,0,8,
tune,610091005,C3_short_censored,relative,8,COMPLETE,False,107.56081866665915,0.8461217494141924,0.0,1,0,0.0,0,0,8,0,0,0,0.0,,,,,,0,0,8,
tune,610091006,N0_iid,absolute,0.25,COMPLETE,True,3.7734571002293213,0.9498787123605615,0.5625,25,0,2.3125,0,148,0,0,22,0,,0.0,,0.0,,,0,0,0,2.1314873150194797
tune,610091006,N0_iid,absolute,0.5,COMPLETE,True,7.546914200458643,0.9498787123605615,0.625,25,0,0.828125,0,53,0,0,22,0,,0.0,,0.0,,,0,0,0,2.1560650100959893
tune,610091006,N0_iid,absolute,1,COMPLETE,True,15.093828400917285,0.9498787123605615,0.0,25,0,0.015625,0,1,0,0,0,0,,0.0,,,,,0,0,0,1.982913901130954
tune,610091006,N0_iid,absolute,2,COMPLETE,True,30.18765680183457,0.9498787123605615,0.0,25,0,0.0,0,0,0,0,0,0,,,,,,,0,0,0,
tune,610091006,N0_iid,absolute,4,COMPLETE,True,60.37531360366914,0.9498787123605615,0.0,25,0,0.0,0,0,0,0,0,0,,,,,,,0,0,0,
tune,610091006,N0_iid,absolute,8,COMPLETE,True,120.75062720733828,0.9498787123605615,0.0,25,0,0.0,0,0,0,0,0,0,,,,,,,0,0,0,
tune,610091006,N0_iid,relative,0.25,COMPLETE,True,3.8730308392221495,0.9749440496539644,0.5625,25,0,2.359375,0,151,0,0,23,0,,0.0,,0.0,,,0,0,0,2.096314538325464
tune,610091006,N0_iid,relative,0.5,COMPLETE,True,7.746061678444299,0.9749440496539644,0.59375,25,0,0.8125,0,52,0,0,24,0,,0.0,,0.0,,,0,0,0,2.1401779953121447
tune,610091006,N0_iid,relative,1,COMPLETE,True,15.492123356888598,0.9749440496539644,0.0,25,0,0.0,0,0,0,0,0,0,,,,,,,0,0,0,
tune,610091006,N0_iid,relative,2,COMPLETE,True,30.984246713777196,0.9749440496539644,0.0,25,0,0.0,0,0,0,0,0,0,,,,,,,0,0,0,
tune,610091006,N0_iid,relative,4,COMPLETE,True,61.96849342755439,0.9749440496539644,0.0,25,0,0.0,0,0,0,0,0,0,,,,,,,0,0,0,
tune,610091006,N0_iid,relative,8,COMPLETE,True,123.93698685510878,0.9749440496539644,0.0,25,0,0.0,0,0,0,0,0,0,,,,,,,0,0,0,
tune,610091006,N1_ar05,absolute,0.25,COMPLETE,True,3.192001631594834,0.8035110295775855,0.375,12,0,2.703125,0,173,0,0,12,0,,0.0,,0.0,,,0,0,0,2.338459498817955
tune,610091006,N1_ar05,absolute,0.5,COMPLETE,True,6.384003263189668,0.8035110295775855,0.71875,12,1,1.921875,0,123,0,0,33,0,,0.0,,0.0,,,0,0,0,2.492896474619254
tune,610091006,N1_ar05,absolute,1,COMPLETE,True,12.768006526379336,0.8035110295775855,0.59375,12,1,0.734375,0,47,0,0,26,0,,0.0,,0.0,,,0,0,0,2.5578373170323054
tune,610091006,N1_ar05,absolute,2,COMPLETE,True,25.536013052758673,0.8035110295775855,0.0625,12,0,0.03125,0,2,0,0,2,0,,0.0,,0.0,,,0,0,0,2.4244183140397544
tune,610091006,N1_ar05,absolute,4,COMPLETE,True,51.072026105517345,0.8035110295775855,0.0,12,0,0.0,0,0,0,0,0,0,,,,,,,0,0,0,
tune,610091006,N1_ar05,absolute,8,COMPLETE,True,102.14405221103469,0.8035110295775855,0.0,12,0,0.0,0,0,0,0,0,0,,,,,,,0,0,0,
tune,610091006,N1_ar05,relative,0.25,COMPLETE,True,3.3040081482709835,0.8317060250447043,0.375,12,0,2.640625,0,169,0,0,13,0,,0.0,,0.0,,,0,0,0,2.3393926805517635
tune,610091006,N1_ar05,relative,0.5,COMPLETE,True,6.608016296541967,0.8317060250447043,0.78125,12,0,1.84375,0,118,0,0,35,0,,0.0,,0.0,,,0,0,0,2.4556641031388096
tune,610091006,N1_ar05,relative,1,COMPLETE,True,13.216032593083934,0.8317060250447043,0.59375,12,1,0.6875,0,44,0,0,24,0,,0.0,,0.0,,,0,0,0,2.5132819744795474
tune,610091006,N1_ar05,relative,2,COMPLETE,True,26.43206518616787,0.8317060250447043,0.09375,12,0,0.046875,0,3,0,0,3,0,,0.0,,0.0,,,0,0,0,2.6386933770619527
tune,610091006,N1_ar05,relative,4,COMPLETE,True,52.86413037233574,0.8317060250447043,0.0,12,0,0.0,0,0,0,0,0,0,,,,,,,0,0,0,
tune,610091006,N1_ar05,relative,8,COMPLETE,True,105.72826074467147,0.8317060250447043,0.0,12,0,0.0,0,0,0,0,0,0,,,,,,,0,0,0,
tune,610091006,N2_season_ar05,absolute,0.25,COMPLETE,True,3.192001631594834,0.8035110295775855,0.375,30,1,2.703125,0,173,0,0,12,0,,0.0,,0.0,,,0,0,0,2.338459498817955
tune,610091006,N2_season_ar05,absolute,0.5,COMPLETE,True,6.384003263189668,0.8035110295775855,0.71875,30,0,1.921875,0,123,0,0,33,0,,0.0,,0.0,,,0,0,0,2.492896474619254
tune,610091006,N2_season_ar05,absolute,1,COMPLETE,True,12.768006526379336,0.8035110295775855,0.59375,30,0,0.734375,0,47,0,0,26,0,,0.0,,0.0,,,0,0,0,2.5578373170323054
tune,610091006,N2_season_ar05,absolute,2,COMPLETE,True,25.536013052758673,0.8035110295775855,0.0625,30,1,0.03125,0,2,0,0,2,0,,0.0,,0.0,,,0,0,0,2.4244183140397544
tune,610091006,N2_season_ar05,absolute,4,COMPLETE,True,51.072026105517345,0.8035110295775855,0.0,30,0,0.0,0,0,0,0,0,0,,,,,,,0,0,0,
tune,610091006,N2_season_ar05,absolute,8,COMPLETE,True,102.14405221103469,0.8035110295775855,0.0,30,0,0.0,0,0,0,0,0,0,,,,,,,0,0,0,
tune,610091006,N2_season_ar05,relative,0.25,COMPLETE,True,3.3040081482709835,0.8317060250447043,0.375,30,1,2.640625,0,169,0,0,13,0,,0.0,,0.0,,,0,0,0,2.3393926805517635
tune,610091006,N2_season_ar05,relative,0.5,COMPLETE,True,6.608016296541967,0.8317060250447043,0.78125,30,0,1.84375,0,118,0,0,35,0,,0.0,,0.0,,,0,0,0,2.4556641031388096
tune,610091006,N2_season_ar05,relative,1,COMPLETE,True,13.216032593083934,0.8317060250447043,0.59375,30,0,0.6875,0,44,0,0,24,0,,0.0,,0.0,,,0,0,0,2.5132819744795474
tune,610091006,N2_season_ar05,relative,2,COMPLETE,True,26.43206518616787,0.8317060250447043,0.09375,30,1,0.046875,0,3,0,0,3,0,,0.0,,0.0,,,0,0,0,2.6386933770619527
tune,610091006,N2_season_ar05,relative,4,COMPLETE,True,52.86413037233574,0.8317060250447043,0.0,30,0,0.0,0,0,0,0,0,0,,,,,,,0,0,0,
tune,610091006,N2_season_ar05,relative,8,COMPLETE,True,105.72826074467147,0.8317060250447043,0.0,30,0,0.0,0,0,0,0,0,0,,,,,,,0,0,0,
tune,610091006,N3_common_shift2,absolute,0.25,COMPLETE,False,3.192001631594834,0.8035110295775855,0.3125,5,0,2.25,28,172,32,3,15,32,0.875,0.16279069767441862,0.09375,0.2,0.2857142857142857,0.3333333333333333,3,0,0,2.4681147522771076
tune,610091006,N3_common_shift2,absolute,0.5,COMPLETE,False,6.384003263189668,0.8035110295775855,0.5625,5,0,1.578125,28,129,32,8,33,32,0.875,0.21705426356589147,0.25,0.24242424242424243,0.21428571428571427,0.125,8,0,0,2.6315597027312783
tune,610091006,N3_common_shift2,absolute,1,COMPLETE,False,12.768006526379336,0.8035110295775855,0.59375,5,0,0.5625,26,62,32,18,40,32,0.8125,0.41935483870967744,0.5625,0.45,0.15384615384615385,0.16666666666666666,18,0,0,2.7565874945783007
tune,610091006,N3_common_shift2,absolute,2,COMPLETE,False,25.536013052758673,0.8035110295775855,0.1875,5,0,0.125,17,25,32,17,23,32,0.53125,0.68,0.53125,0.7391304347826086,0.17647058823529413,0.17647058823529413,17,0,0,2.75652276291712
tune,610091006,N3_common_shift2,absolute,4,COMPLETE,False,51.072026105517345,0.8035110295775855,0.09375,5,0,0.046875,6,9,32,6,9,32,0.1875,0.6666666666666666,0.1875,0.6666666666666666,0.0,0.0,6,0,0,3.211540653371635
tune,610091006,N3_common_shift2,absolute,8,COMPLETE,False,102.14405221103469,0.8035110295775855,0.0,5,0,0.0,0,0,32,0,0,32,0.0,,0.0,,,,0,0,0,
tune,610091006,N3_common_shift2,relative,0.25,COMPLETE,True,3.3040081482709835,0.8317060250447043,0.375,5,1,2.640625,0,169,0,0,13,0,,0.0,,0.0,,,0,0,0,2.3393926805517635
tune,610091006,N3_common_shift2,relative,0.5,COMPLETE,True,6.608016296541967,0.8317060250447043,0.78125,5,1,1.84375,0,118,0,0,35,0,,0.0,,0.0,,,0,0,0,2.4556641031388096
tune,610091006,N3_common_shift2,relative,1,COMPLETE,True,13.216032593083934,0.8317060250447043,0.59375,5,0,0.6875,0,44,0,0,24,0,,0.0,,0.0,,,0,0,0,2.5132819744795474
tune,610091006,N3_common_shift2,relative,2,COMPLETE,True,26.43206518616787,0.8317060250447043,0.09375,5,0,0.046875,0,3,0,0,3,0,,0.0,,0.0,,,0,0,0,2.6386933770619527
tune,610091006,N3_common_shift2,relative,4,COMPLETE,True,52.86413037233574,0.8317060250447043,0.0,5,0,0.0,0,0,0,0,0,0,,,,,,,0,0,0,
tune,610091006,N3_common_shift2,relative,8,COMPLETE,True,105.72826074467147,0.8317060250447043,0.0,5,0,0.0,0,0,0,0,0,0,,,,,,,0,0,0,
tune,610091006,N4_spike4,absolute,0.25,COMPLETE,True,3.192001631594834,0.8035110295775855,0.375,18,0,2.703125,0,173,0,0,13,0,,0.0,,0.0,,,0,0,0,2.382557976703131
tune,610091006,N4_spike4,absolute,0.5,COMPLETE,True,6.384003263189668,0.8035110295775855,0.75,18,0,2.03125,0,130,0,0,34,0,,0.0,,0.0,,,0,0,0,2.5237878547858466
tune,610091006,N4_spike4,absolute,1,COMPLETE,True,12.768006526379336,0.8035110295775855,0.65625,18,1,0.8125,0,52,0,0,28,0,,0.0,,0.0,,,0,0,0,2.622513652515906
tune,610091006,N4_spike4,absolute,2,COMPLETE,True,25.536013052758673,0.8035110295775855,0.09375,18,0,0.046875,0,3,0,0,3,0,,0.0,,0.0,,,0,0,0,2.3079371860379414
tune,610091006,N4_spike4,absolute,4,COMPLETE,True,51.072026105517345,0.8035110295775855,0.0,18,0,0.0,0,0,0,0,0,0,,,,,,,0,0,0,
tune,610091006,N4_spike4,absolute,8,COMPLETE,True,102.14405221103469,0.8035110295775855,0.0,18,0,0.0,0,0,0,0,0,0,,,,,,,0,0,0,
tune,610091006,N4_spike4,relative,0.25,COMPLETE,True,3.3040081482709835,0.8317060250447043,0.34375,18,0,2.703125,0,173,0,0,11,0,,0.0,,0.0,,,0,0,0,2.355876986801074
tune,610091006,N4_spike4,relative,0.5,COMPLETE,True,6.608016296541967,0.8317060250447043,0.78125,18,0,1.890625,0,121,0,0,34,0,,0.0,,0.0,,,0,0,0,2.4873548380271053
tune,610091006,N4_spike4,relative,1,COMPLETE,True,13.216032593083934,0.8317060250447043,0.5625,18,1,0.65625,0,42,0,0,23,0,,0.0,,0.0,,,0,0,0,2.506748483608664
tune,610091006,N4_spike4,relative,2,COMPLETE,True,26.43206518616787,0.8317060250447043,0.125,18,0,0.078125,0,5,0,0,4,0,,0.0,,0.0,,,0,0,0,2.710008415246899
tune,610091006,N4_spike4,relative,4,COMPLETE,True,52.86413037233574,0.8317060250447043,0.0,18,0,0.0,0,0,0,0,0,0,,,,,,,0,0,0,
tune,610091006,N4_spike4,relative,8,COMPLETE,True,105.72826074467147,0.8317060250447043,0.0,18,0,0.0,0,0,0,0,0,0,,,,,,,0,0,0,
tune,610091006,N5_boundary_null,absolute,0.25,COMPLETE,True,3.192001631594834,0.8035110295775855,0.375,13,1,2.703125,0,173,0,0,12,0,,0.0,,0.0,,,0,0,0,2.338459498817955
tune,610091006,N5_boundary_null,absolute,0.5,COMPLETE,True,6.384003263189668,0.8035110295775855,0.71875,13,1,1.921875,0,123,0,0,33,0,,0.0,,0.0,,,0,0,0,2.492896474619254
tune,610091006,N5_boundary_null,absolute,1,COMPLETE,True,12.768006526379336,0.8035110295775855,0.59375,13,0,0.734375,0,47,0,0,26,0,,0.0,,0.0,,,0,0,0,2.5578373170323054
tune,610091006,N5_boundary_null,absolute,2,COMPLETE,True,25.536013052758673,0.8035110295775855,0.0625,13,0,0.03125,0,2,0,0,2,0,,0.0,,0.0,,,0,0,0,2.4244183140397544
tune,610091006,N5_boundary_null,absolute,4,COMPLETE,True,51.072026105517345,0.8035110295775855,0.0,13,0,0.0,0,0,0,0,0,0,,,,,,,0,0,0,
tune,610091006,N5_boundary_null,absolute,8,COMPLETE,True,102.14405221103469,0.8035110295775855,0.0,13,0,0.0,0,0,0,0,0,0,,,,,,,0,0,0,
tune,610091006,N5_boundary_null,relative,0.25,COMPLETE,True,3.3139590352658517,0.8342109258490507,0.375,13,1,2.65625,0,170,0,0,13,0,,0.0,,0.0,,,0,0,0,2.332684298977743
tune,610091006,N5_boundary_null,relative,0.5,COMPLETE,True,6.627918070531703,0.8342109258490507,0.78125,13,1,1.84375,0,118,0,0,36,0,,0.0,,0.0,,,0,0,0,2.4602317515335326
tune,610091006,N5_boundary_null,relative,1,COMPLETE,True,13.255836141063407,0.8342109258490507,0.59375,13,0,0.6875,0,44,0,0,25,0,,0.0,,0.0,,,0,0,0,2.5297789723121253
tune,610091006,N5_boundary_null,relative,2,COMPLETE,True,26.511672282126813,0.8342109258490507,0.09375,13,0,0.046875,0,3,0,0,3,0,,0.0,,0.0,,,0,0,0,2.6414591633867133
tune,610091006,N5_boundary_null,relative,4,COMPLETE,True,53.02334456425363,0.8342109258490507,0.0,13,0,0.0,0,0,0,0,0,0,,,,,,,0,0,0,
tune,610091006,N5_boundary_null,relative,8,COMPLETE,True,106.04668912850725,0.8342109258490507,0.0,13,0,0.0,0,0,0,0,0,0,,,,,,,0,0,0,
tune,610091006,P025,absolute,0.25,COMPLETE,False,3.192001631594834,0.8035110295775855,0.375,7,0,2.578125,8,173,8,0,12,8,1.0,0.046242774566473986,0.0,0.0,0.375,,0,0,0,2.3431642906442796
tune,610091006,P025,absolute,0.5,COMPLETE,False,6.384003263189668,0.8035110295775855,0.71875,7,0,1.859375,4,123,8,0,33,8,0.5,0.032520325203252036,0.0,0.0,0.25,,0,0,0,2.4946779064125404
tune,610091006,P025,absolute,1,COMPLETE,False,12.768006526379336,0.8035110295775855,0.65625,7,0,0.765625,2,51,8,2,29,8,0.25,0.0392156862745098,0.25,0.06896551724137931,1.0,1.0,2,0,0,2.5418522255121037
tune,610091006,P025,absolute,2,COMPLETE,False,25.536013052758673,0.8035110295775855,0.0625,7,0,0.03125,1,3,8,1,3,8,0.125,0.3333333333333333,0.125,0.3333333333333333,1.0,1.0,1,0,0,2.314001959413299
tune,610091006,P025,absolute,4,COMPLETE,False,51.072026105517345,0.8035110295775855,0.0,7,0,0.0,0,0,8,0,0,8,0.0,,0.0,,,,0,0,0,
tune,610091006,P025,absolute,8,COMPLETE,False,102.14405221103469,0.8035110295775855,0.0,7,0,0.0,0,0,8,0,0,8,0.0,,0.0,,,,0,0,0,
tune,610091006,P025,relative,0.25,COMPLETE,False,3.3040081482709835,0.8317060250447043,0.375,7,0,2.546875,7,170,8,0,13,8,0.875,0.041176470588235294,0.0,0.0,0.42857142857142855,,0,0,0,2.342478981578049
tune,610091006,P025,relative,0.5,COMPLETE,False,6.608016296541967,0.8317060250447043,0.78125,7,1,1.75,6,118,8,0,34,8,0.75,0.05084745762711865,0.0,0.0,0.3333333333333333,,0,0,0,2.459277842415183
tune,610091006,P025,relative,1,COMPLETE,False,13.216032593083934,0.8317060250447043,0.59375,7,0,0.671875,1,44,8,0,24,8,0.125,0.022727272727272728,0.0,0.0,0.0,,0,0,0,2.5129488975469267
tune,610091006,P025,relative,2,COMPLETE,False,26.43206518616787,0.8317060250447043,0.125,7,0,0.0625,0,4,8,0,4,8,0.0,0.0,0.0,0.0,,,0,0,0,2.501405481993588
tune,610091006,P025,relative,4,COMPLETE,False,52.86413037233574,0.8317060250447043,0.0,7,0,0.0,0,0,8,0,0,8,0.0,,0.0,,,,0,0,0,
tune,610091006,P025,relative,8,COMPLETE,False,105.72826074467147,0.8317060250447043,0.0,7,0,0.0,0,0,8,0,0,8,0.0,,0.0,,,,0,0,0,
tune,610091006,P05,absolute,0.25,COMPLETE,False,3.192001631594834,0.8035110295775855,0.375,6,0,2.578125,8,173,8,0,12,8,1.0,0.046242774566473986,0.0,0.0,0.375,,0,0,0,2.34598772013082
tune,610091006,P05,absolute,0.5,COMPLETE,False,6.384003263189668,0.8035110295775855,0.75,6,0,1.890625,4,125,8,0,34,8,0.5,0.032,0.0,0.0,0.5,,0,0,0,2.482713516413315
tune,610091006,P05,absolute,1,COMPLETE,False,12.768006526379336,0.8035110295775855,0.65625,6,0,0.765625,2,51,8,2,29,8,0.25,0.0392156862745098,0.25,0.06896551724137931,1.0,1.0,2,0,0,2.5515831622871255
tune,610091006,P05,absolute,2,COMPLETE,False,25.536013052758673,0.8035110295775855,0.0625,6,0,0.03125,1,3,8,1,3,8,0.125,0.3333333333333333,0.125,0.3333333333333333,1.0,1.0,1,0,0,2.349349080825252
tune,610091006,P05,absolute,4,COMPLETE,False,51.072026105517345,0.8035110295775855,0.0,6,0,0.0,0,0,8,0,0,8,0.0,,0.0,,,,0,0,0,
tune,610091006,P05,absolute,8,COMPLETE,False,102.14405221103469,0.8035110295775855,0.0,6,0,0.0,0,0,8,0,0,8,0.0,,0.0,,,,0,0,0,
tune,610091006,P05,relative,0.25,COMPLETE,False,3.3040081482709835,0.8317060250447043,0.375,6,0,2.546875,7,170,8,0,13,8,0.875,0.041176470588235294,0.0,0.0,0.42857142857142855,,0,0,0,2.344925147707274
tune,610091006,P05,relative,0.5,COMPLETE,False,6.608016296541967,0.8317060250447043,0.75,6,1,1.796875,6,121,8,0,33,8,0.75,0.049586776859504134,0.0,0.0,0.3333333333333333,,0,0,0,2.4577346760795393
tune,610091006,P05,relative,1,COMPLETE,False,13.216032593083934,0.8317060250447043,0.5625,6,0,0.625,3,43,8,2,24,8,0.375,0.06976744186046512,0.25,0.08333333333333333,0.6666666666666666,1.0,2,0,0,2.5347865995922656
tune,610091006,P05,relative,2,COMPLETE,False,26.43206518616787,0.8317060250447043,0.125,6,0,0.0625,0,4,8,0,4,8,0.0,0.0,0.0,0.0,,,0,0,0,2.5060904966972366
tune,610091006,P05,relative,4,COMPLETE,False,52.86413037233574,0.8317060250447043,0.0,6,0,0.0,0,0,8,0,0,8,0.0,,0.0,,,,0,0,0,
tune,610091006,P05,relative,8,COMPLETE,False,105.72826074467147,0.8317060250447043,0.0,6,0,0.0,0,0,8,0,0,8,0.0,,0.0,,,,0,0,0,
tune,610091006,P1,absolute,0.25,COMPLETE,False,3.192001631594834,0.8035110295775855,0.375,20,1,2.578125,8,173,8,0,12,8,1.0,0.046242774566473986,0.0,0.0,0.375,,0,0,0,2.353978729757735
tune,610091006,P1,absolute,0.5,COMPLETE,False,6.384003263189668,0.8035110295775855,0.75,20,1,1.90625,5,127,8,0,33,8,0.625,0.03937007874015748,0.0,0.0,0.2,,0,0,0,2.4931528935173284
tune,610091006,P1,absolute,1,COMPLETE,False,12.768006526379336,0.8035110295775855,0.65625,20,1,0.765625,3,52,8,2,29,8,0.375,0.057692307692307696,0.25,0.06896551724137931,0.0,0.0,2,0,0,2.576364071152533
tune,610091006,P1,absolute,2,COMPLETE,False,25.536013052758673,0.8035110295775855,0.09375,20,0,0.046875,2,5,8,2,5,8,0.25,0.4,0.25,0.4,0.0,0.0,2,0,0,2.3485457371515928
tune,610091006,P1,absolute,4,COMPLETE,False,51.072026105517345,0.8035110295775855,0.0,20,0,0.0,0,0,8,0,0,8,0.0,,0.0,,,,0,0,0,
tune,610091006,P1,absolute,8,COMPLETE,False,102.14405221103469,0.8035110295775855,0.0,20,0,0.0,0,0,8,0,0,8,0.0,,0.0,,,,0,0,0,
tune,610091006,P1,relative,0.25,COMPLETE,False,3.3040081482709835,0.8317060250447043,0.375,20,1,2.5625,8,172,8,0,14,8,1.0,0.046511627906976744,0.0,0.0,0.375,,0,0,0,2.3416508145289376
tune,610091006,P1,relative,0.5,COMPLETE,False,6.608016296541967,0.8317060250447043,0.75,20,1,1.78125,6,120,8,0,33,8,0.75,0.05,0.0,0.0,0.3333333333333333,,0,0,0,2.474056226254721
tune,610091006,P1,relative,1,COMPLETE,False,13.216032593083934,0.8317060250447043,0.59375,20,1,0.625,2,42,8,2,24,8,0.25,0.047619047619047616,0.25,0.08333333333333333,0.5,0.5,2,0,0,2.5021447198923754
tune,610091006,P1,relative,2,COMPLETE,False,26.43206518616787,0.8317060250447043,0.125,20,0,0.0625,2,6,8,2,6,8,0.25,0.3333333333333333,0.25,0.3333333333333333,0.0,0.0,2,0,0,2.4203500399736804
tune,610091006,P1,relative,4,COMPLETE,False,52.86413037233574,0.8317060250447043,0.0,20,0,0.0,0,0,8,0,0,8,0.0,,0.0,,,,0,0,0,
tune,610091006,P1,relative,8,COMPLETE,False,105.72826074467147,0.8317060250447043,0.0,20,0,0.0,0,0,8,0,0,8,0.0,,0.0,,,,0,0,0,
tune,610091006,P2,absolute,0.25,COMPLETE,False,3.192001631594834,0.8035110295775855,0.375,1,0,2.578125,7,172,8,0,14,8,0.875,0.040697674418604654,0.0,0.0,0.14285714285714285,,0,0,0,2.3865147484229636
tune,610091006,P2,absolute,0.5,COMPLETE,False,6.384003263189668,0.8035110295775855,0.71875,1,1,1.890625,7,128,8,2,34,8,0.875,0.0546875,0.25,0.058823529411764705,0.0,0.0,2,0,0,2.5256471157627804
tune,610091006,P2,absolute,1,COMPLETE,False,12.768006526379336,0.8035110295775855,0.59375,1,1,0.71875,7,53,8,6,31,8,0.875,0.1320754716981132,0.75,0.1935483870967742,0.0,0.0,6,0,0,2.617004999387059
tune,610091006,P2,absolute,2,COMPLETE,False,25.536013052758673,0.8035110295775855,0.125,1,0,0.0625,6,10,8,6,10,8,0.75,0.6,0.75,0.6,0.0,0.0,6,0,0,2.637186414452638
tune,610091006,P2,absolute,4,COMPLETE,False,51.072026105517345,0.8035110295775855,0.0,1,0,0.0,3,3,8,3,3,8,0.375,1.0,0.375,1.0,0.0,0.0,3,0,0,3.130794154761579
tune,610091006,P2,absolute,8,COMPLETE,False,102.14405221103469,0.8035110295775855,0.0,1,0,0.0,0,0,8,0,0,8,0.0,,0.0,,,,0,0,0,
tune,610091006,P2,relative,0.25,COMPLETE,False,3.3040081482709835,0.8317060250447043,0.40625,1,0,2.5625,7,171,8,0,15,8,0.875,0.04093567251461988,0.0,0.0,0.2857142857142857,,0,0,0,2.368810120944483
tune,610091006,P2,relative,0.5,COMPLETE,False,6.608016296541967,0.8317060250447043,0.78125,1,1,1.75,7,119,8,1,35,8,0.875,0.058823529411764705,0.125,0.02857142857142857,0.14285714285714285,0.0,1,0,0,2.49584807805991
tune,610091006,P2,relative,1,COMPLETE,False,13.216032593083934,0.8317060250447043,0.59375,1,1,0.6875,5,49,8,4,28,8,0.625,0.10204081632653061,0.5,0.14285714285714285,0.0,0.0,4,0,0,2.5788664847828873
tune,610091006,P2,relative,2,COMPLETE,False,26.43206518616787,0.8317060250447043,0.21875,1,0,0.125,2,10,8,2,9,8,0.25,0.2,0.25,0.2222222222222222,0.0,0.0,2,0,0,2.6200439936707083
tune,610091006,P2,relative,4,COMPLETE,False,52.86413037233574,0.8317060250447043,0.0,1,0,0.0,1,1,8,1,1,8,0.125,1.0,0.125,1.0,0.0,0.0,1,0,0,2.991065701379216
tune,610091006,P2,relative,8,COMPLETE,False,105.72826074467147,0.8317060250447043,0.0,1,0,0.0,0,0,8,0,0,8,0.0,,0.0,,,,0,0,0,
tune,610091006,P6_return,absolute,0.25,COMPLETE,False,3.192001631594834,0.8035110295775855,0.25,26,0,2.5,16,176,16,2,10,16,1.0,0.09090909090909091,0.125,0.2,0.4375,0.5,0,2,0,2.3547945365591656
tune,610091006,P6_return,absolute,0.5,COMPLETE,False,6.384003263189668,0.8035110295775855,0.6875,26,1,1.84375,11,129,16,4,34,16,0.6875,0.08527131782945736,0.25,0.11764705882352941,0.2727272727272727,0.25,1,3,0,2.4986435771836866
tune,610091006,P6_return,absolute,1,COMPLETE,False,12.768006526379336,0.8035110295775855,0.65625,26,0,0.765625,3,52,16,2,29,16,0.1875,0.057692307692307696,0.125,0.06896551724137931,0.6666666666666666,1.0,2,0,0,2.5780862346207694
tune,610091006,P6_return,absolute,2,COMPLETE,False,25.536013052758673,0.8035110295775855,0.0625,26,0,0.03125,1,3,16,1,3,16,0.0625,0.3333333333333333,0.0625,0.3333333333333333,0.0,0.0,1,0,0,2.340613988861655
tune,610091006,P6_return,absolute,4,COMPLETE,False,51.072026105517345,0.8035110295775855,0.0,26,0,0.0,0,0,16,0,0,16,0.0,,0.0,,,,0,0,0,
tune,610091006,P6_return,absolute,8,COMPLETE,False,102.14405221103469,0.8035110295775855,0.0,26,0,0.0,0,0,16,0,0,16,0.0,,0.0,,,,0,0,0,
tune,610091006,P6_return,relative,0.25,COMPLETE,False,3.3040081482709835,0.8317060250447043,0.34375,26,1,2.453125,14,171,16,0,13,16,0.875,0.08187134502923976,0.0,0.0,0.5,,0,0,0,2.353286047414546
tune,610091006,P6_return,relative,0.5,COMPLETE,False,6.608016296541967,0.8317060250447043,0.71875,26,1,1.734375,11,122,16,2,32,16,0.6875,0.09016393442622951,0.125,0.0625,0.5454545454545454,0.5,0,2,0,2.471978985317471
tune,610091006,P6_return,relative,1,COMPLETE,False,13.216032593083934,0.8317060250447043,0.5625,26,0,0.640625,2,43,16,2,24,16,0.125,0.046511627906976744,0.125,0.08333333333333333,0.5,0.5,2,0,0,2.489856507704179
tune,610091006,P6_return,relative,2,COMPLETE,False,26.43206518616787,0.8317060250447043,0.125,26,0,0.078125,0,5,16,0,4,16,0.0,0.0,0.0,0.0,,,0,0,0,2.7280396805100096
tune,610091006,P6_return,relative,4,COMPLETE,False,52.86413037233574,0.8317060250447043,0.0,26,0,0.0,0,0,16,0,0,16,0.0,,0.0,,,,0,0,0,
tune,610091006,P6_return,relative,8,COMPLETE,False,105.72826074467147,0.8317060250447043,0.0,26,0,0.0,0,0,16,0,0,16,0.0,,0.0,,,,0,0,0,
tune,610091006,C3_short_censored,absolute,0.25,COMPLETE,False,3.192001631594834,0.8035110295775855,0.3125,25,0,2.640625,7,176,8,0,10,0,0.875,0.03977272727272727,,0.0,0.14285714285714285,,0,0,8,2.3498455399344294
tune,610091006,C3_short_censored,absolute,0.5,COMPLETE,False,6.384003263189668,0.8035110295775855,0.71875,25,0,1.890625,6,127,8,0,32,0,0.75,0.047244094488188976,,0.0,0.16666666666666666,,0,0,8,2.504605793650928
tune,610091006,C3_short_censored,absolute,1,COMPLETE,False,12.768006526379336,0.8035110295775855,0.625,25,0,0.765625,5,54,8,0,27,0,0.625,0.09259259259259259,,0.0,0.2,,0,0,8,2.586327151758136
tune,610091006,C3_short_censored,absolute,2,COMPLETE,False,25.536013052758673,0.8035110295775855,0.09375,25,0,0.046875,1,4,8,0,3,0,0.125,0.25,,0.0,0.0,,0,0,8,2.5707474832850856
tune,610091006,C3_short_censored,absolute,4,COMPLETE,False,51.072026105517345,0.8035110295775855,0.0,25,0,0.0,0,0,8,0,0,0,0.0,,,,,,0,0,8,
tune,610091006,C3_short_censored,absolute,8,COMPLETE,False,102.14405221103469,0.8035110295775855,0.0,25,0,0.0,0,0,8,0,0,0,0.0,,,,,,0,0,8,
tune,610091006,C3_short_censored,relative,0.25,COMPLETE,False,3.3040081482709835,0.8317060250447043,0.40625,25,0,2.578125,7,172,8,0,13,0,0.875,0.040697674418604654,,0.0,0.14285714285714285,,0,0,8,2.338469341285301
tune,610091006,C3_short_censored,relative,0.5,COMPLETE,False,6.608016296541967,0.8317060250447043,0.78125,25,0,1.8125,5,121,8,0,34,0,0.625,0.04132231404958678,,0.0,0.0,,0,0,8,2.4749389298804663
tune,610091006,C3_short_censored,relative,1,COMPLETE,False,13.216032593083934,0.8317060250447043,0.625,25,0,0.75,2,50,8,0,26,0,0.25,0.04,,0.0,0.0,,0,0,8,2.547985297200688
tune,610091006,C3_short_censored,relative,2,COMPLETE,False,26.43206518616787,0.8317060250447043,0.125,25,0,0.0625,0,4,8,0,4,0,0.0,0.0,,0.0,,,0,0,8,2.50197916874365
tune,610091006,C3_short_censored,relative,4,COMPLETE,False,52.86413037233574,0.8317060250447043,0.0,25,0,0.0,0,0,8,0,0,0,0.0,,,,,,0,0,8,
tune,610091006,C3_short_censored,relative,8,COMPLETE,False,105.72826074467147,0.8317060250447043,0.0,25,0,0.0,0,0,8,0,0,0,0.0,,,,,,0,0,8,
tune,610091007,N0_iid,absolute,0.25,COMPLETE,True,3.7718639119222273,0.9494776648284197,0.46875,1,1,2.421875,0,155,0,0,18,0,,0.0,,0.0,,,0,0,0,2.127285724646201
tune,610091007,N0_iid,absolute,0.5,COMPLETE,True,7.5437278238444545,0.9494776648284197,0.6875,1,0,0.890625,0,57,0,0,26,0,,0.0,,0.0,,,0,0,0,2.193850411226745
tune,610091007,N0_iid,absolute,1,COMPLETE,True,15.087455647688909,0.9494776648284197,0.03125,1,0,0.015625,0,1,0,0,1,0,,0.0,,0.0,,,0,0,0,2.8665104055664172
tune,610091007,N0_iid,absolute,2,COMPLETE,True,30.174911295377818,0.9494776648284197,0.0,1,0,0.0,0,0,0,0,0,0,,,,,,,0,0,0,
tune,610091007,N0_iid,absolute,4,COMPLETE,True,60.349822590755636,0.9494776648284197,0.0,1,0,0.0,0,0,0,0,0,0,,,,,,,0,0,0,
tune,610091007,N0_iid,absolute,8,COMPLETE,True,120.69964518151127,0.9494776648284197,0.0,1,0,0.0,0,0,0,0,0,0,,,,,,,0,0,0,
tune,610091007,N0_iid,relative,0.25,COMPLETE,True,3.8916522241385194,0.9796315435506505,0.53125,1,1,2.3125,0,148,0,0,20,0,,0.0,,0.0,,,0,0,0,2.1167806210467988
tune,610091007,N0_iid,relative,0.5,COMPLETE,True,7.783304448277039,0.9796315435506505,0.65625,1,0,0.765625,0,49,0,0,25,0,,0.0,,0.0,,,0,0,0,2.2023389908758952
tune,610091007,N0_iid,relative,1,COMPLETE,True,15.566608896554078,0.9796315435506505,0.03125,1,0,0.046875,0,3,0,0,2,0,,0.0,,0.0,,,0,0,0,2.5578269425220816
tune,610091007,N0_iid,relative,2,COMPLETE,True,31.133217793108155,0.9796315435506505,0.0,1,0,0.0,0,0,0,0,0,0,,,,,,,0,0,0,
tune,610091007,N0_iid,relative,4,COMPLETE,True,62.26643558621631,0.9796315435506505,0.0,1,0,0.0,0,0,0,0,0,0,,,,,,,0,0,0,
tune,610091007,N0_iid,relative,8,COMPLETE,True,124.53287117243262,0.9796315435506505,0.0,1,0,0.0,0,0,0,0,0,0,,,,,,,0,0,0,
tune,610091007,N1_ar05,absolute,0.25,COMPLETE,True,3.28397663027297,0.8266635634459162,0.25,31,0,2.75,0,176,0,0,9,0,,0.0,,0.0,,,0,0,0,2.3618760254564197
tune,610091007,N1_ar05,absolute,0.5,COMPLETE,True,6.56795326054594,0.8266635634459162,0.84375,31,1,1.859375,0,119,0,0,39,0,,0.0,,0.0,,,0,0,0,2.528328941584839
tune,610091007,N1_ar05,absolute,1,COMPLETE,True,13.13590652109188,0.8266635634459162,0.8125,31,1,0.84375,0,54,0,0,33,0,,0.0,,0.0,,,0,0,0,2.6010475953712806
tune,610091007,N1_ar05,absolute,2,COMPLETE,True,26.27181304218376,0.8266635634459162,0.125,31,0,0.09375,0,6,0,0,4,0,,0.0,,0.0,,,0,0,0,2.7709942799360436
tune,610091007,N1_ar05,absolute,4,COMPLETE,True,52.54362608436752,0.8266635634459162,0.0,31,0,0.0,0,0,0,0,0,0,,,,,,,0,0,0,
tune,610091007,N1_ar05,absolute,8,COMPLETE,True,105.08725216873503,0.8266635634459162,0.0,31,0,0.0,0,0,0,0,0,0,,,,,,,0,0,0,
tune,610091007,N1_ar05,relative,0.25,COMPLETE,True,3.3774715034406464,0.8501986898241727,0.3125,31,0,2.703125,0,173,0,0,10,0,,0.0,,0.0,,,0,0,0,2.3513943497179004
tune,610091007,N1_ar05,relative,0.5,COMPLETE,True,6.754943006881293,0.8501986898241727,0.9375,31,1,1.78125,0,114,0,0,41,0,,0.0,,0.0,,,0,0,0,2.5049884692961815
tune,610091007,N1_ar05,relative,1,COMPLETE,True,13.509886013762586,0.8501986898241727,0.78125,31,1,0.75,0,48,0,0,28,0,,0.0,,0.0,,,0,0,0,2.6195806473384486
tune,610091007,N1_ar05,relative,2,COMPLETE,True,27.01977202752517,0.8501986898241727,0.125,31,0,0.09375,0,6,0,0,4,0,,0.0,,0.0,,,0,0,0,2.8467074819814813
tune,610091007,N1_ar05,relative,4,COMPLETE,True,54.03954405505034,0.8501986898241727,0.0,31,0,0.0,0,0,0,0,0,0,,,,,,,0,0,0,
tune,610091007,N1_ar05,relative,8,COMPLETE,True,108.07908811010068,0.8501986898241727,0.0,31,0,0.0,0,0,0,0,0,0,,,,,,,0,0,0,
tune,610091007,N2_season_ar05,absolute,0.25,COMPLETE,True,3.28397663027297,0.8266635634459162,0.25,28,0,2.75,0,176,0,0,9,0,,0.0,,0.0,,,0,0,0,2.3618760254564197
tune,610091007,N2_season_ar05,absolute,0.5,COMPLETE,True,6.56795326054594,0.8266635634459162,0.84375,28,1,1.859375,0,119,0,0,39,0,,0.0,,0.0,,,0,0,0,2.528328941584839
tune,610091007,N2_season_ar05,absolute,1,COMPLETE,True,13.13590652109188,0.8266635634459162,0.8125,28,1,0.84375,0,54,0,0,33,0,,0.0,,0.0,,,0,0,0,2.6010475953712806
tune,610091007,N2_season_ar05,absolute,2,COMPLETE,True,26.27181304218376,0.8266635634459162,0.125,28,0,0.09375,0,6,0,0,4,0,,0.0,,0.0,,,0,0,0,2.7709942799360436
tune,610091007,N2_season_ar05,absolute,4,COMPLETE,True,52.54362608436752,0.8266635634459162,0.0,28,0,0.0,0,0,0,0,0,0,,,,,,,0,0,0,
tune,610091007,N2_season_ar05,absolute,8,COMPLETE,True,105.08725216873503,0.8266635634459162,0.0,28,0,0.0,0,0,0,0,0,0,,,,,,,0,0,0,
tune,610091007,N2_season_ar05,relative,0.25,COMPLETE,True,3.3774715034406464,0.8501986898241727,0.3125,28,1,2.703125,0,173,0,0,10,0,,0.0,,0.0,,,0,0,0,2.3513943497179004
tune,610091007,N2_season_ar05,relative,0.5,COMPLETE,True,6.754943006881293,0.8501986898241727,0.9375,28,1,1.78125,0,114,0,0,41,0,,0.0,,0.0,,,0,0,0,2.5049884692961815
tune,610091007,N2_season_ar05,relative,1,COMPLETE,True,13.509886013762586,0.8501986898241727,0.78125,28,1,0.75,0,48,0,0,28,0,,0.0,,0.0,,,0,0,0,2.6195806473384486
tune,610091007,N2_season_ar05,relative,2,COMPLETE,True,27.01977202752517,0.8501986898241727,0.125,28,0,0.09375,0,6,0,0,4,0,,0.0,,0.0,,,0,0,0,2.8467074819814813
tune,610091007,N2_season_ar05,relative,4,COMPLETE,True,54.03954405505034,0.8501986898241727,0.0,28,0,0.0,0,0,0,0,0,0,,,,,,,0,0,0,
tune,610091007,N2_season_ar05,relative,8,COMPLETE,True,108.07908811010068,0.8501986898241727,0.0,28,0,0.0,0,0,0,0,0,0,,,,,,,0,0,0,
tune,610091007,N3_common_shift2,absolute,0.25,COMPLETE,False,3.28397663027297,0.8266635634459162,0.25,7,0,2.21875,29,171,32,1,10,32,0.90625,0.1695906432748538,0.03125,0.1,0.4827586206896552,0.0,1,0,0,2.4597684511553735
tune,610091007,N3_common_shift2,absolute,0.5,COMPLETE,False,6.56795326054594,0.8266635634459162,0.65625,7,1,1.578125,28,129,32,11,38,32,0.875,0.21705426356589147,0.34375,0.2894736842105263,0.5,0.45454545454545453,11,0,0,2.622913247323941
tune,610091007,N3_common_shift2,absolute,1,COMPLETE,False,13.13590652109188,0.8266635634459162,0.625,7,0,0.609375,21,60,32,17,39,32,0.65625,0.35,0.53125,0.4358974358974359,0.19047619047619047,0.17647058823529413,17,0,0,2.8575213739025584
tune,610091007,N3_common_shift2,absolute,2,COMPLETE,False,26.27181304218376,0.8266635634459162,0.375,7,0,0.1875,18,30,32,18,30,32,0.5625,0.6,0.5625,0.6,0.2222222222222222,0.2222222222222222,18,0,0,2.7884230172786943
tune,610091007,N3_common_shift2,absolute,4,COMPLETE,False,52.54362608436752,0.8266635634459162,0.03125,7,0,0.015625,3,4,32,3,4,32,0.09375,0.75,0.09375,0.75,0.0,0.0,3,0,0,3.483197882355179
tune,610091007,N3_common_shift2,absolute,8,COMPLETE,False,105.08725216873503,0.8266635634459162,0.0,7,0,0.0,0,0,32,0,0,32,0.0,,0.0,,,,0,0,0,
tune,610091007,N3_common_shift2,relative,0.25,COMPLETE,True,3.3774715034406464,0.8501986898241727,0.3125,7,0,2.703125,0,173,0,0,10,0,,0.0,,0.0,,,0,0,0,2.3513943497179004
tune,610091007,N3_common_shift2,relative,0.5,COMPLETE,True,6.754943006881293,0.8501986898241727,0.9375,7,0,1.78125,0,114,0,0,41,0,,0.0,,0.0,,,0,0,0,2.5049884692961815
tune,610091007,N3_common_shift2,relative,1,COMPLETE,True,13.509886013762586,0.8501986898241727,0.78125,7,0,0.75,0,48,0,0,28,0,,0.0,,0.0,,,0,0,0,2.6195806473384486
tune,610091007,N3_common_shift2,relative,2,COMPLETE,True,27.01977202752517,0.8501986898241727,0.125,7,0,0.09375,0,6,0,0,4,0,,0.0,,0.0,,,0,0,0,2.8467074819814813
tune,610091007,N3_common_shift2,relative,4,COMPLETE,True,54.03954405505034,0.8501986898241727,0.0,7,0,0.0,0,0,0,0,0,0,,,,,,,0,0,0,
tune,610091007,N3_common_shift2,relative,8,COMPLETE,True,108.07908811010068,0.8501986898241727,0.0,7,0,0.0,0,0,0,0,0,0,,,,,,,0,0,0,
tune,610091007,N4_spike4,absolute,0.25,COMPLETE,True,3.28397663027297,0.8266635634459162,0.28125,22,0,2.765625,0,177,0,0,9,0,,0.0,,0.0,,,0,0,0,2.397823460031604
tune,610091007,N4_spike4,absolute,0.5,COMPLETE,True,6.56795326054594,0.8266635634459162,0.8125,22,1,2.0,0,128,0,0,34,0,,0.0,,0.0,,,0,0,0,2.5530767437897346
tune,610091007,N4_spike4,absolute,1,COMPLETE,True,13.13590652109188,0.8266635634459162,0.8125,22,0,0.828125,0,53,0,0,31,0,,0.0,,0.0,,,0,0,0,2.6482049966552434
tune,610091007,N4_spike4,absolute,2,COMPLETE,True,26.27181304218376,0.8266635634459162,0.125,22,0,0.09375,0,6,0,0,4,0,,0.0,,0.0,,,0,0,0,2.7739198087681327
tune,610091007,N4_spike4,absolute,4,COMPLETE,True,52.54362608436752,0.8266635634459162,0.0,22,0,0.0,0,0,0,0,0,0,,,,,,,0,0,0,
tune,610091007,N4_spike4,absolute,8,COMPLETE,True,105.08725216873503,0.8266635634459162,0.0,22,0,0.0,0,0,0,0,0,0,,,,,,,0,0,0,
tune,610091007,N4_spike4,relative,0.25,COMPLETE,True,3.3774715034406464,0.8501986898241727,0.28125,22,0,2.671875,0,171,0,0,9,0,,0.0,,0.0,,,0,0,0,2.3921912728466492
tune,610091007,N4_spike4,relative,0.5,COMPLETE,True,6.754943006881293,0.8501986898241727,0.90625,22,1,1.90625,0,122,0,0,38,0,,0.0,,0.0,,,0,0,0,2.5369161467534536
tune,610091007,N4_spike4,relative,1,COMPLETE,True,13.509886013762586,0.8501986898241727,0.84375,22,0,0.828125,0,53,0,0,30,0,,0.0,,0.0,,,0,0,0,2.627168511932889
tune,610091007,N4_spike4,relative,2,COMPLETE,True,27.01977202752517,0.8501986898241727,0.125,22,0,0.09375,0,6,0,0,4,0,,0.0,,0.0,,,0,0,0,2.8558161876106745
tune,610091007,N4_spike4,relative,4,COMPLETE,True,54.03954405505034,0.8501986898241727,0.0,22,0,0.0,0,0,0,0,0,0,,,,,,,0,0,0,
tune,610091007,N4_spike4,relative,8,COMPLETE,True,108.07908811010068,0.8501986898241727,0.0,22,0,0.0,0,0,0,0,0,0,,,,,,,0,0,0,
tune,610091007,N5_boundary_null,absolute,0.25,COMPLETE,True,3.28397663027297,0.8266635634459162,0.25,3,0,2.75,0,176,0,0,9,0,,0.0,,0.0,,,0,0,0,2.3618760254564197
tune,610091007,N5_boundary_null,absolute,0.5,COMPLETE,True,6.56795326054594,0.8266635634459162,0.84375,3,1,1.859375,0,119,0,0,39,0,,0.0,,0.0,,,0,0,0,2.5283289415848396
tune,610091007,N5_boundary_null,absolute,1,COMPLETE,True,13.13590652109188,0.8266635634459162,0.8125,3,0,0.84375,0,54,0,0,33,0,,0.0,,0.0,,,0,0,0,2.6010475953712806
tune,610091007,N5_boundary_null,absolute,2,COMPLETE,True,26.27181304218376,0.8266635634459162,0.125,3,0,0.09375,0,6,0,0,4,0,,0.0,,0.0,,,0,0,0,2.7709942799360436
tune,610091007,N5_boundary_null,absolute,4,COMPLETE,True,52.54362608436752,0.8266635634459162,0.0,3,0,0.0,0,0,0,0,0,0,,,,,,,0,0,0,
tune,610091007,N5_boundary_null,absolute,8,COMPLETE,True,105.08725216873503,0.8266635634459162,0.0,3,0,0.0,0,0,0,0,0,0,,,,,,,0,0,0,
tune,610091007,N5_boundary_null,relative,0.25,COMPLETE,True,3.3698349666630554,0.8482763720321534,0.34375,3,0,2.734375,0,175,0,0,11,0,,0.0,,0.0,,,0,0,0,2.335189553468801
tune,610091007,N5_boundary_null,relative,0.5,COMPLETE,True,6.739669933326111,0.8482763720321534,0.875,3,1,1.75,0,112,0,0,40,0,,0.0,,0.0,,,0,0,0,2.518581348773188
tune,610091007,N5_boundary_null,relative,1,COMPLETE,True,13.479339866652222,0.8482763720321534,0.78125,3,1,0.796875,0,51,0,0,31,0,,0.0,,0.0,,,0,0,0,2.6305967207361807
tune,610091007,N5_boundary_null,relative,2,COMPLETE,True,26.958679733304443,0.8482763720321534,0.125,3,0,0.09375,0,6,0,0,4,0,,0.0,,0.0,,,0,0,0,2.8322401159111137
tune,610091007,N5_boundary_null,relative,4,COMPLETE,True,53.917359466608886,0.8482763720321534,0.0,3,0,0.0,0,0,0,0,0,0,,,,,,,0,0,0,
tune,610091007,N5_boundary_null,relative,8,COMPLETE,True,107.83471893321777,0.8482763720321534,0.0,3,0,0.0,0,0,0,0,0,0,,,,,,,0,0,0,
tune,610091007,P025,absolute,0.25,COMPLETE,False,3.28397663027297,0.8266635634459162,0.28125,30,1,2.640625,6,175,8,0,10,8,0.75,0.03428571428571429,0.0,0.0,0.3333333333333333,,0,0,0,2.3675046500030823
tune,610091007,P025,absolute,0.5,COMPLETE,False,6.56795326054594,0.8266635634459162,0.84375,30,1,1.78125,5,119,8,4,39,8,0.625,0.04201680672268908,0.5,0.10256410256410256,0.6,0.75,4,0,0,2.5238243196550836
tune,610091007,P025,absolute,1,COMPLETE,False,13.13590652109188,0.8266635634459162,0.78125,30,1,0.796875,3,54,8,3,32,8,0.375,0.05555555555555555,0.375,0.09375,0.3333333333333333,0.3333333333333333,3,0,0,2.597037090949738
tune,610091007,P025,absolute,2,COMPLETE,False,26.27181304218376,0.8266635634459162,0.125,30,0,0.09375,0,6,8,0,4,8,0.0,0.0,0.0,0.0,,,0,0,0,2.7534560316934016
tune,610091007,P025,absolute,4,COMPLETE,False,52.54362608436752,0.8266635634459162,0.0,30,0,0.0,0,0,8,0,0,8,0.0,,0.0,,,,0,0,0,
tune,610091007,P025,absolute,8,COMPLETE,False,105.08725216873503,0.8266635634459162,0.0,30,0,0.0,0,0,8,0,0,8,0.0,,0.0,,,,0,0,0,
tune,610091007,P025,relative,0.25,COMPLETE,False,3.3774715034406464,0.8501986898241727,0.3125,30,1,2.59375,6,172,8,0,10,8,0.75,0.03488372093023256,0.0,0.0,0.3333333333333333,,0,0,0,2.3536146535748865
tune,610091007,P025,relative,0.5,COMPLETE,False,6.754943006881293,0.8501986898241727,0.90625,30,1,1.65625,6,112,8,3,42,8,0.75,0.05357142857142857,0.375,0.07142857142857142,0.5,0.6666666666666666,3,0,0,2.5171966507638905
tune,610091007,P025,relative,1,COMPLETE,False,13.509886013762586,0.8501986898241727,0.75,30,1,0.734375,2,49,8,2,28,8,0.25,0.04081632653061224,0.25,0.07142857142857142,0.5,0.5,2,0,0,2.604886503011792
tune,610091007,P025,relative,2,COMPLETE,False,27.01977202752517,0.8501986898241727,0.125,30,0,0.09375,0,6,8,0,4,8,0.0,0.0,0.0,0.0,,,0,0,0,2.82854566464319
tune,610091007,P025,relative,4,COMPLETE,False,54.03954405505034,0.8501986898241727,0.0,30,0,0.0,0,0,8,0,0,8,0.0,,0.0,,,,0,0,0,
tune,610091007,P025,relative,8,COMPLETE,False,108.07908811010068,0.8501986898241727,0.0,30,0,0.0,0,0,8,0,0,8,0.0,,0.0,,,,0,0,0,
tune,610091007,P05,absolute,0.25,COMPLETE,False,3.28397663027297,0.8266635634459162,0.3125,10,0,2.640625,6,175,8,0,11,8,0.75,0.03428571428571429,0.0,0.0,0.3333333333333333,,0,0,0,2.3659845833181024
tune,610091007,P05,absolute,0.5,COMPLETE,False,6.56795326054594,0.8266635634459162,0.84375,10,0,1.796875,5,120,8,4,39,8,0.625,0.041666666666666664,0.5,0.10256410256410256,0.6,0.75,4,0,0,2.518248474579217
tune,610091007,P05,absolute,1,COMPLETE,False,13.13590652109188,0.8266635634459162,0.78125,10,1,0.796875,3,54,8,3,32,8,0.375,0.05555555555555555,0.375,0.09375,0.3333333333333333,0.3333333333333333,3,0,0,2.600892761141811
tune,610091007,P05,absolute,2,COMPLETE,False,26.27181304218376,0.8266635634459162,0.125,10,0,0.09375,0,6,8,0,4,8,0.0,0.0,0.0,0.0,,,0,0,0,2.7373320513821433
tune,610091007,P05,absolute,4,COMPLETE,False,52.54362608436752,0.8266635634459162,0.0,10,0,0.0,0,0,8,0,0,8,0.0,,0.0,,,,0,0,0,
tune,610091007,P05,absolute,8,COMPLETE,False,105.08725216873503,0.8266635634459162,0.0,10,0,0.0,0,0,8,0,0,8,0.0,,0.0,,,,0,0,0,
tune,610091007,P05,relative,0.25,COMPLETE,False,3.3774715034406464,0.8501986898241727,0.3125,10,0,2.578125,6,171,8,0,10,8,0.75,0.03508771929824561,0.0,0.0,0.3333333333333333,,0,0,0,2.3543238057786215
tune,610091007,P05,relative,0.5,COMPLETE,False,6.754943006881293,0.8501986898241727,0.90625,10,1,1.65625,6,112,8,3,42,8,0.75,0.05357142857142857,0.375,0.07142857142857142,0.5,0.6666666666666666,3,0,0,2.519118477672945
tune,610091007,P05,relative,1,COMPLETE,False,13.509886013762586,0.8501986898241727,0.78125,10,1,0.71875,2,48,8,2,29,8,0.25,0.041666666666666664,0.25,0.06896551724137931,0.5,0.5,2,0,0,2.5828125165750366
tune,610091007,P05,relative,2,COMPLETE,False,27.01977202752517,0.8501986898241727,0.125,10,0,0.09375,0,6,8,0,4,8,0.0,0.0,0.0,0.0,,,0,0,0,2.805130382789965
tune,610091007,P05,relative,4,COMPLETE,False,54.03954405505034,0.8501986898241727,0.0,10,0,0.0,0,0,8,0,0,8,0.0,,0.0,,,,0,0,0,
tune,610091007,P05,relative,8,COMPLETE,False,108.07908811010068,0.8501986898241727,0.0,10,0,0.0,0,0,8,0,0,8,0.0,,0.0,,,,0,0,0,
tune,610091007,P1,absolute,0.25,COMPLETE,False,3.28397663027297,0.8266635634459162,0.3125,31,0,2.640625,6,175,8,0,11,8,0.75,0.03428571428571429,0.0,0.0,0.3333333333333333,,0,0,0,2.368109272015545
tune,610091007,P1,absolute,0.5,COMPLETE,False,6.56795326054594,0.8266635634459162,0.84375,31,1,1.828125,6,123,8,2,38,8,0.75,0.04878048780487805,0.25,0.05263157894736842,0.5,0.5,2,0,0,2.5224076205887354
tune,610091007,P1,absolute,1,COMPLETE,False,13.13590652109188,0.8266635634459162,0.78125,31,1,0.78125,3,53,8,3,31,8,0.375,0.05660377358490566,0.375,0.0967741935483871,0.0,0.0,3,0,0,2.6282045670148926
tune,610091007,P1,absolute,2,COMPLETE,False,26.27181304218376,0.8266635634459162,0.1875,31,0,0.125,2,10,8,2,8,8,0.25,0.2,0.25,0.25,0.5,0.5,2,0,0,2.5966956647373984
tune,610091007,P1,absolute,4,COMPLETE,False,52.54362608436752,0.8266635634459162,0.0,31,0,0.0,0,0,8,0,0,8,0.0,,0.0,,,,0,0,0,
tune,610091007,P1,absolute,8,COMPLETE,False,105.08725216873503,0.8266635634459162,0.0,31,0,0.0,0,0,8,0,0,8,0.0,,0.0,,,,0,0,0,
tune,610091007,P1,relative,0.25,COMPLETE,False,3.3774715034406464,0.8501986898241727,0.34375,31,0,2.5625,6,170,8,0,11,8,0.75,0.03529411764705882,0.0,0.0,0.3333333333333333,,0,0,0,2.3651131283519327
tune,610091007,P1,relative,0.5,COMPLETE,False,6.754943006881293,0.8501986898241727,0.875,31,1,1.71875,5,115,8,2,39,8,0.625,0.043478260869565216,0.25,0.05128205128205128,0.4,0.5,2,0,0,2.5035960849223446
tune,610091007,P1,relative,1,COMPLETE,False,13.509886013762586,0.8501986898241727,0.8125,31,1,0.71875,2,48,8,2,31,8,0.25,0.041666666666666664,0.25,0.06451612903225806,0.5,0.5,2,0,0,2.5997907681055836
tune,610091007,P1,relative,2,COMPLETE,False,27.01977202752517,0.8501986898241727,0.1875,31,0,0.125,0,8,8,0,6,8,0.0,0.0,0.0,0.0,,,0,0,0,2.6871559915540413
tune,610091007,P1,relative,4,COMPLETE,False,54.03954405505034,0.8501986898241727,0.0,31,0,0.0,0,0,8,0,0,8,0.0,,0.0,,,,0,0,0,
tune,610091007,P1,relative,8,COMPLETE,False,108.07908811010068,0.8501986898241727,0.0,31,0,0.0,0,0,8,0,0,8,0.0,,0.0,,,,0,0,0,
tune,610091007,P2,absolute,0.25,COMPLETE,False,3.28397663027297,0.8266635634459162,0.28125,4,1,2.625,6,174,8,0,10,8,0.75,0.034482758620689655,0.0,0.0,0.16666666666666666,,0,0,0,2.390212063316307
tune,610091007,P2,absolute,0.5,COMPLETE,False,6.56795326054594,0.8266635634459162,0.84375,4,1,1.828125,6,123,8,3,38,8,0.75,0.04878048780487805,0.375,0.07894736842105263,0.3333333333333333,0.3333333333333333,3,0,0,2.552573137567443
tune,610091007,P2,absolute,1,COMPLETE,False,13.13590652109188,0.8266635634459162,0.78125,4,1,0.78125,5,55,8,4,32,8,0.625,0.09090909090909091,0.5,0.125,0.0,0.0,4,0,0,2.683507333682864
tune,610091007,P2,absolute,2,COMPLETE,False,26.27181304218376,0.8266635634459162,0.1875,4,0,0.109375,4,11,8,4,10,8,0.5,0.36363636363636365,0.5,0.4,0.25,0.25,4,0,0,2.683831698689025
tune,610091007,P2,absolute,4,COMPLETE,False,52.54362608436752,0.8266635634459162,0.0,4,0,0.0,0,0,8,0,0,8,0.0,,0.0,,,,0,0,0,
tune,610091007,P2,absolute,8,COMPLETE,False,105.08725216873503,0.8266635634459162,0.0,4,0,0.0,0,0,8,0,0,8,0.0,,0.0,,,,0,0,0,
tune,610091007,P2,relative,0.25,COMPLETE,False,3.3774715034406464,0.8501986898241727,0.3125,4,1,2.578125,6,171,8,0,10,8,0.75,0.03508771929824561,0.0,0.0,0.16666666666666666,,0,0,0,2.3720229652005873
tune,610091007,P2,relative,0.5,COMPLETE,False,6.754943006881293,0.8501986898241727,0.875,4,1,1.71875,5,115,8,2,40,8,0.625,0.043478260869565216,0.25,0.05,0.4,0.5,2,0,0,2.5159931046759336
tune,610091007,P2,relative,1,COMPLETE,False,13.509886013762586,0.8501986898241727,0.75,4,1,0.6875,5,49,8,5,32,8,0.625,0.10204081632653061,0.625,0.15625,0.2,0.2,5,0,0,2.6444235073414246
tune,610091007,P2,relative,2,COMPLETE,False,27.01977202752517,0.8501986898241727,0.3125,4,0,0.1875,4,16,8,4,14,8,0.5,0.25,0.5,0.2857142857142857,0.25,0.25,4,0,0,2.544034108500437
tune,610091007,P2,relative,4,COMPLETE,False,54.03954405505034,0.8501986898241727,0.0,4,0,0.0,0,0,8,0,0,8,0.0,,0.0,,,,0,0,0,
tune,610091007,P2,relative,8,COMPLETE,False,108.07908811010068,0.8501986898241727,0.0,4,0,0.0,0,0,8,0,0,8,0.0,,0.0,,,,0,0,0,
tune,610091007,P6_return,absolute,0.25,COMPLETE,False,3.28397663027297,0.8266635634459162,0.3125,17,0,2.515625,14,175,16,1,11,16,0.875,0.08,0.0625,0.09090909090909091,0.42857142857142855,0.0,0,1,0,2.3689829313871207
tune,610091007,P6_return,absolute,0.5,COMPLETE,False,6.56795326054594,0.8266635634459162,0.8125,17,1,1.71875,13,123,16,6,38,16,0.8125,0.10569105691056911,0.375,0.15789473684210525,0.46153846153846156,0.16666666666666666,2,4,0,2.5163917924463783
tune,610091007,P6_return,absolute,1,COMPLETE,False,13.13590652109188,0.8266635634459162,0.75,17,1,0.71875,7,53,16,5,30,16,0.4375,0.1320754716981132,0.3125,0.16666666666666666,0.2857142857142857,0.2,2,3,0,2.6482308938581096
tune,610091007,P6_return,absolute,2,COMPLETE,False,26.27181304218376,0.8266635634459162,0.125,17,0,0.078125,1,6,16,0,4,16,0.0625,0.16666666666666666,0.0,0.0,1.0,,0,0,0,2.7775727985601293
tune,610091007,P6_return,absolute,4,COMPLETE,False,52.54362608436752,0.8266635634459162,0.0,17,0,0.0,0,0,16,0,0,16,0.0,,0.0,,,,0,0,0,
tune,610091007,P6_return,absolute,8,COMPLETE,False,105.08725216873503,0.8266635634459162,0.0,17,0,0.0,0,0,16,0,0,16,0.0,,0.0,,,,0,0,0,
tune,610091007,P6_return,relative,0.25,COMPLETE,False,3.3774715034406464,0.8501986898241727,0.28125,17,0,2.453125,14,171,16,1,10,16,0.875,0.08187134502923976,0.0625,0.1,0.42857142857142855,0.0,0,1,0,2.361242952819737
tune,610091007,P6_return,relative,0.5,COMPLETE,False,6.754943006881293,0.8501986898241727,0.84375,17,1,1.671875,11,118,16,5,39,16,0.6875,0.09322033898305085,0.3125,0.1282051282051282,0.45454545454545453,0.2,2,3,0,2.5026208157508325
tune,610091007,P6_return,relative,1,COMPLETE,False,13.509886013762586,0.8501986898241727,0.6875,17,0,0.640625,7,48,16,4,28,16,0.4375,0.14583333333333334,0.25,0.14285714285714285,0.5714285714285714,0.25,3,1,0,2.62852145073014
tune,610091007,P6_return,relative,2,COMPLETE,False,27.01977202752517,0.8501986898241727,0.125,17,0,0.078125,1,6,16,0,4,16,0.0625,0.16666666666666666,0.0,0.0,1.0,,0,0,0,2.8449222155892837
tune,610091007,P6_return,relative,4,COMPLETE,False,54.03954405505034,0.8501986898241727,0.0,17,0,0.0,0,0,16,0,0,16,0.0,,0.0,,,,0,0,0,
tune,610091007,P6_return,relative,8,COMPLETE,False,108.07908811010068,0.8501986898241727,0.0,17,0,0.0,0,0,16,0,0,16,0.0,,0.0,,,,0,0,0,
tune,610091007,C3_short_censored,absolute,0.25,COMPLETE,False,3.28397663027297,0.8266635634459162,0.25,9,0,2.65625,7,177,8,0,8,0,0.875,0.03954802259887006,,0.0,0.14285714285714285,,0,0,8,2.3995283693249605
tune,610091007,C3_short_censored,absolute,0.5,COMPLETE,False,6.56795326054594,0.8266635634459162,0.84375,9,1,1.828125,6,123,8,0,36,0,0.75,0.04878048780487805,,0.0,0.16666666666666666,,0,0,8,2.56670006590493
tune,610091007,C3_short_censored,absolute,1,COMPLETE,False,13.13590652109188,0.8266635634459162,0.8125,9,1,0.828125,4,57,8,0,31,0,0.5,0.07017543859649122,,0.0,0.0,,0,0,8,2.6857818977978716
tune,610091007,C3_short_censored,absolute,2,COMPLETE,False,26.27181304218376,0.8266635634459162,0.15625,9,1,0.109375,2,9,8,0,5,0,0.25,0.2222222222222222,,0.0,0.0,,0,0,8,2.9688300449263156
tune,610091007,C3_short_censored,absolute,4,COMPLETE,False,52.54362608436752,0.8266635634459162,0.0,9,0,0.0,0,0,8,0,0,0,0.0,,,,,,0,0,8,
tune,610091007,C3_short_censored,absolute,8,COMPLETE,False,105.08725216873503,0.8266635634459162,0.0,9,0,0.0,0,0,8,0,0,0,0.0,,,,,,0,0,8,
tune,610091007,C3_short_censored,relative,0.25,COMPLETE,False,3.3774715034406464,0.8501986898241727,0.3125,9,0,2.609375,6,173,8,0,10,0,0.75,0.03468208092485549,,0.0,0.16666666666666666,,0,0,8,2.3851842238809464
tune,610091007,C3_short_censored,relative,0.5,COMPLETE,False,6.754943006881293,0.8501986898241727,0.84375,9,1,1.734375,6,117,8,0,35,0,0.75,0.05128205128205128,,0.0,0.16666666666666666,,0,0,8,2.5442558263250596
tune,610091007,C3_short_censored,relative,1,COMPLETE,False,13.509886013762586,0.8501986898241727,0.71875,9,1,0.75,2,50,8,0,27,0,0.25,0.04,,0.0,0.0,,0,0,8,2.6567833487075485
tune,610091007,C3_short_censored,relative,2,COMPLETE,False,27.01977202752517,0.8501986898241727,0.125,9,1,0.109375,1,8,8,0,4,0,0.125,0.125,,0.0,0.0,,0,0,8,2.916678558568175
tune,610091007,C3_short_censored,relative,4,COMPLETE,False,54.03954405505034,0.8501986898241727,0.0,9,0,0.0,0,0,8,0,0,0,0.0,,,,,,0,0,8,
tune,610091007,C3_short_censored,relative,8,COMPLETE,False,108.07908811010068,0.8501986898241727,0.0,9,0,0.0,0,0,8,0,0,0,0.0,,,,,,0,0,8,
tune,610091008,N0_iid,absolute,0.25,COMPLETE,True,4.116485764010399,1.036228077624402,0.65625,30,1,2.3125,0,148,0,0,24,0,,0.0,,0.0,,,0,0,0,2.2463013230572626
tune,610091008,N0_iid,absolute,0.5,COMPLETE,True,8.232971528020798,1.036228077624402,0.75,30,0,0.96875,0,62,0,0,25,0,,0.0,,0.0,,,0,0,0,2.29907068838845
tune,610091008,N0_iid,absolute,1,COMPLETE,True,16.465943056041596,1.036228077624402,0.0625,30,0,0.03125,0,2,0,0,2,0,,0.0,,0.0,,,0,0,0,1.8070509462649635
tune,610091008,N0_iid,absolute,2,COMPLETE,True,32.93188611208319,1.036228077624402,0.0,30,0,0.0,0,0,0,0,0,0,,,,,,,0,0,0,
tune,610091008,N0_iid,absolute,4,COMPLETE,True,65.86377222416638,1.036228077624402,0.0,30,0,0.0,0,0,0,0,0,0,,,,,,,0,0,0,
tune,610091008,N0_iid,absolute,8,COMPLETE,True,131.72754444833276,1.036228077624402,0.0,30,0,0.0,0,0,0,0,0,0,,,,,,,0,0,0,
tune,610091008,N0_iid,relative,0.25,COMPLETE,True,4.296024381824914,1.0814226847389978,0.75,30,1,2.25,0,144,0,0,26,0,,0.0,,0.0,,,0,0,0,2.26412456096
tune,610091008,N0_iid,relative,0.5,COMPLETE,True,8.592048763649828,1.0814226847389978,0.625,30,1,0.8125,0,52,0,0,23,0,,0.0,,0.0,,,0,0,0,2.331424182200415
tune,610091008,N0_iid,relative,1,COMPLETE,True,17.184097527299656,1.0814226847389978,0.03125,30,0,0.015625,0,1,0,0,1,0,,0.0,,0.0,,,0,0,0,2.0448921223014827
tune,610091008,N0_iid,relative,2,COMPLETE,True,34.36819505459931,1.0814226847389978,0.0,30,0,0.0,0,0,0,0,0,0,,,,,,,0,0,0,
tune,610091008,N0_iid,relative,4,COMPLETE,True,68.73639010919862,1.0814226847389978,0.0,30,0,0.0,0,0,0,0,0,0,,,,,,,0,0,0,
tune,610091008,N0_iid,relative,8,COMPLETE,True,137.47278021839725,1.0814226847389978,0.0,30,0,0.0,0,0,0,0,0,0,,,,,,,0,0,0,
tune,610091008,N1_ar05,absolute,0.25,COMPLETE,True,3.4521988464984847,0.8690095337046004,0.28125,20,1,2.71875,0,174,0,0,9,0,,0.0,,0.0,,,0,0,0,2.474121917024188
tune,610091008,N1_ar05,absolute,0.5,COMPLETE,True,6.9043976929969695,0.8690095337046004,0.8125,20,1,2.0625,0,132,0,0,35,0,,0.0,,0.0,,,0,0,0,2.611788891072387
tune,610091008,N1_ar05,absolute,1,COMPLETE,True,13.808795385993939,0.8690095337046004,0.71875,20,1,0.828125,0,53,0,0,33,0,,0.0,,0.0,,,0,0,0,2.7451018118432495
tune,610091008,N1_ar05,absolute,2,COMPLETE,True,27.617590771987878,0.8690095337046004,0.1875,20,0,0.125,0,8,0,0,6,0,,0.0,,0.0,,,0,0,0,2.759689610191935
tune,610091008,N1_ar05,absolute,4,COMPLETE,True,55.235181543975756,0.8690095337046004,0.03125,20,0,0.015625,0,1,0,0,1,0,,0.0,,0.0,,,0,0,0,3.087778813250891
tune,610091008,N1_ar05,absolute,8,COMPLETE,True,110.47036308795151,0.8690095337046004,0.0,20,0,0.0,0,0,0,0,0,0,,,,,,,0,0,0,
tune,610091008,N1_ar05,relative,0.25,COMPLETE,True,3.590183732545791,0.9037439701649669,0.34375,20,1,2.75,0,176,0,0,11,0,,0.0,,0.0,,,0,0,0,2.481523085269293
tune,610091008,N1_ar05,relative,0.5,COMPLETE,True,7.180367465091582,0.9037439701649669,0.875,20,1,1.875,0,120,0,0,38,0,,0.0,,0.0,,,0,0,0,2.6459294329064806
tune,610091008,N1_ar05,relative,1,COMPLETE,True,14.360734930183163,0.9037439701649669,0.78125,20,0,0.828125,0,53,0,0,35,0,,0.0,,0.0,,,0,0,0,2.754164404174096
tune,610091008,N1_ar05,relative,2,COMPLETE,True,28.721469860366327,0.9037439701649669,0.15625,20,0,0.078125,0,5,0,0,5,0,,0.0,,0.0,,,0,0,0,2.543129404236975
tune,610091008,N1_ar05,relative,4,COMPLETE,True,57.44293972073265,0.9037439701649669,0.0,20,0,0.0,0,0,0,0,0,0,,,,,,,0,0,0,
tune,610091008,N1_ar05,relative,8,COMPLETE,True,114.8858794414653,0.9037439701649669,0.0,20,0,0.0,0,0,0,0,0,0,,,,,,,0,0,0,
tune,610091008,N2_season_ar05,absolute,0.25,COMPLETE,True,3.4521988464984847,0.8690095337046004,0.28125,4,0,2.71875,0,174,0,0,9,0,,0.0,,0.0,,,0,0,0,2.474121917024188
tune,610091008,N2_season_ar05,absolute,0.5,COMPLETE,True,6.9043976929969695,0.8690095337046004,0.8125,4,1,2.0625,0,132,0,0,35,0,,0.0,,0.0,,,0,0,0,2.611788891072387
tune,610091008,N2_season_ar05,absolute,1,COMPLETE,True,13.808795385993939,0.8690095337046004,0.71875,4,1,0.828125,0,53,0,0,33,0,,0.0,,0.0,,,0,0,0,2.7451018118432495
tune,610091008,N2_season_ar05,absolute,2,COMPLETE,True,27.617590771987878,0.8690095337046004,0.1875,4,0,0.125,0,8,0,0,6,0,,0.0,,0.0,,,0,0,0,2.759689610191935
tune,610091008,N2_season_ar05,absolute,4,COMPLETE,True,55.235181543975756,0.8690095337046004,0.03125,4,0,0.015625,0,1,0,0,1,0,,0.0,,0.0,,,0,0,0,3.087778813250891
tune,610091008,N2_season_ar05,absolute,8,COMPLETE,True,110.47036308795151,0.8690095337046004,0.0,4,0,0.0,0,0,0,0,0,0,,,,,,,0,0,0,
tune,610091008,N2_season_ar05,relative,0.25,COMPLETE,True,3.590183732545791,0.9037439701649669,0.34375,4,1,2.75,0,176,0,0,11,0,,0.0,,0.0,,,0,0,0,2.481523085269293
tune,610091008,N2_season_ar05,relative,0.5,COMPLETE,True,7.180367465091582,0.9037439701649669,0.875,4,1,1.875,0,120,0,0,38,0,,0.0,,0.0,,,0,0,0,2.6459294329064806
tune,610091008,N2_season_ar05,relative,1,COMPLETE,True,14.360734930183163,0.9037439701649669,0.78125,4,1,0.828125,0,53,0,0,35,0,,0.0,,0.0,,,0,0,0,2.754164404174096
tune,610091008,N2_season_ar05,relative,2,COMPLETE,True,28.721469860366327,0.9037439701649669,0.15625,4,0,0.078125,0,5,0,0,5,0,,0.0,,0.0,,,0,0,0,2.543129404236975
tune,610091008,N2_season_ar05,relative,4,COMPLETE,True,57.44293972073265,0.9037439701649669,0.0,4,0,0.0,0,0,0,0,0,0,,,,,,,0,0,0,
tune,610091008,N2_season_ar05,relative,8,COMPLETE,True,114.8858794414653,0.9037439701649669,0.0,4,0,0.0,0,0,0,0,0,0,,,,,,,0,0,0,
tune,610091008,N3_common_shift2,absolute,0.25,COMPLETE,False,3.4521988464984847,0.8690095337046004,0.21875,15,0,2.28125,30,176,32,1,8,32,0.9375,0.17045454545454544,0.03125,0.125,0.5333333333333333,0.0,1,0,0,2.5448269357906317
tune,610091008,N3_common_shift2,absolute,0.5,COMPLETE,False,6.9043976929969695,0.8690095337046004,0.59375,15,0,1.765625,26,139,32,6,28,32,0.8125,0.18705035971223022,0.1875,0.21428571428571427,0.5,0.3333333333333333,6,0,0,2.673050357037525
tune,610091008,N3_common_shift2,absolute,1,COMPLETE,False,13.808795385993939,0.8690095337046004,0.6875,15,1,0.75,19,67,32,15,43,32,0.59375,0.2835820895522388,0.46875,0.3488372093023256,0.42105263157894735,0.4,15,0,0,2.8295029711127944
tune,610091008,N3_common_shift2,absolute,2,COMPLETE,False,27.617590771987878,0.8690095337046004,0.21875,15,0,0.109375,15,22,32,14,21,32,0.46875,0.6818181818181818,0.4375,0.6666666666666666,0.5333333333333333,0.5,14,0,0,2.9766497313218534
tune,610091008,N3_common_shift2,absolute,4,COMPLETE,False,55.235181543975756,0.8690095337046004,0.03125,15,0,0.015625,5,6,32,5,6,32,0.15625,0.8333333333333334,0.15625,0.8333333333333334,0.4,0.4,5,0,0,3.452397324231655
tune,610091008,N3_common_shift2,absolute,8,COMPLETE,False,110.47036308795151,0.8690095337046004,0.0,15,0,0.0,0,0,32,0,0,32,0.0,,0.0,,,,0,0,0,
tune,610091008,N3_common_shift2,relative,0.25,COMPLETE,True,3.590183732545791,0.9037439701649669,0.34375,15,1,2.75,0,176,0,0,11,0,,0.0,,0.0,,,0,0,0,2.481523085269293
tune,610091008,N3_common_shift2,relative,0.5,COMPLETE,True,7.180367465091582,0.9037439701649669,0.875,15,1,1.875,0,120,0,0,38,0,,0.0,,0.0,,,0,0,0,2.6459294329064806
tune,610091008,N3_common_shift2,relative,1,COMPLETE,True,14.360734930183163,0.9037439701649669,0.78125,15,1,0.828125,0,53,0,0,35,0,,0.0,,0.0,,,0,0,0,2.754164404174096
tune,610091008,N3_common_shift2,relative,2,COMPLETE,True,28.721469860366327,0.9037439701649669,0.15625,15,1,0.078125,0,5,0,0,5,0,,0.0,,0.0,,,0,0,0,2.543129404236975
tune,610091008,N3_common_shift2,relative,4,COMPLETE,True,57.44293972073265,0.9037439701649669,0.0,15,0,0.0,0,0,0,0,0,0,,,,,,,0,0,0,
tune,610091008,N3_common_shift2,relative,8,COMPLETE,True,114.8858794414653,0.9037439701649669,0.0,15,0,0.0,0,0,0,0,0,0,,,,,,,0,0,0,
tune,610091008,N4_spike4,absolute,0.25,COMPLETE,True,3.4521988464984847,0.8690095337046004,0.28125,22,0,2.703125,0,173,0,0,9,0,,0.0,,0.0,,,0,0,0,2.495078144174709
tune,610091008,N4_spike4,absolute,0.5,COMPLETE,True,6.9043976929969695,0.8690095337046004,0.75,22,0,2.109375,0,135,0,0,31,0,,0.0,,0.0,,,0,0,0,2.6226572658683938
tune,610091008,N4_spike4,absolute,1,COMPLETE,True,13.808795385993939,0.8690095337046004,0.75,22,1,0.890625,0,57,0,0,35,0,,0.0,,0.0,,,0,0,0,2.7590319887035455
tune,610091008,N4_spike4,absolute,2,COMPLETE,True,27.617590771987878,0.8690095337046004,0.1875,22,0,0.125,0,8,0,0,6,0,,0.0,,0.0,,,0,0,0,2.796870765182934
tune,610091008,N4_spike4,absolute,4,COMPLETE,True,55.235181543975756,0.8690095337046004,0.03125,22,0,0.015625,0,1,0,0,1,0,,0.0,,0.0,,,0,0,0,3.1591710525564185
tune,610091008,N4_spike4,absolute,8,COMPLETE,True,110.47036308795151,0.8690095337046004,0.0,22,0,0.0,0,0,0,0,0,0,,,,,,,0,0,0,
tune,610091008,N4_spike4,relative,0.25,COMPLETE,True,3.590183732545791,0.9037439701649669,0.3125,22,0,2.765625,0,177,0,0,11,0,,0.0,,0.0,,,0,0,0,2.480040026810857
tune,610091008,N4_spike4,relative,0.5,COMPLETE,True,7.180367465091582,0.9037439701649669,0.8125,22,1,1.890625,0,121,0,0,34,0,,0.0,,0.0,,,0,0,0,2.6600132303454584
tune,610091008,N4_spike4,relative,1,COMPLETE,True,14.360734930183163,0.9037439701649669,0.78125,22,1,0.84375,0,54,0,0,34,0,,0.0,,0.0,,,0,0,0,2.762119637333424
tune,610091008,N4_spike4,relative,2,COMPLETE,True,28.721469860366327,0.9037439701649669,0.15625,22,0,0.078125,0,5,0,0,5,0,,0.0,,0.0,,,0,0,0,2.60356863685601
tune,610091008,N4_spike4,relative,4,COMPLETE,True,57.44293972073265,0.9037439701649669,0.03125,22,0,0.015625,0,1,0,0,1,0,,0.0,,0.0,,,0,0,0,3.117696836681868
tune,610091008,N4_spike4,relative,8,COMPLETE,True,114.8858794414653,0.9037439701649669,0.0,22,0,0.0,0,0,0,0,0,0,,,,,,,0,0,0,
tune,610091008,N5_boundary_null,absolute,0.25,COMPLETE,True,3.4521988464984847,0.8690095337046004,0.28125,21,0,2.71875,0,174,0,0,9,0,,0.0,,0.0,,,0,0,0,2.474121917024188
tune,610091008,N5_boundary_null,absolute,0.5,COMPLETE,True,6.9043976929969695,0.8690095337046004,0.8125,21,1,2.0625,0,132,0,0,35,0,,0.0,,0.0,,,0,0,0,2.611788891072387
tune,610091008,N5_boundary_null,absolute,1,COMPLETE,True,13.808795385993939,0.8690095337046004,0.71875,21,0,0.828125,0,53,0,0,33,0,,0.0,,0.0,,,0,0,0,2.7451018118432495
tune,610091008,N5_boundary_null,absolute,2,COMPLETE,True,27.617590771987878,0.8690095337046004,0.1875,21,0,0.125,0,8,0,0,6,0,,0.0,,0.0,,,0,0,0,2.759689610191935
tune,610091008,N5_boundary_null,absolute,4,COMPLETE,True,55.235181543975756,0.8690095337046004,0.03125,21,0,0.015625,0,1,0,0,1,0,,0.0,,0.0,,,0,0,0,3.087778813250891
tune,610091008,N5_boundary_null,absolute,8,COMPLETE,True,110.47036308795151,0.8690095337046004,0.0,21,0,0.0,0,0,0,0,0,0,,,,,,,0,0,0,
tune,610091008,N5_boundary_null,relative,0.25,COMPLETE,True,3.5813245975607924,0.9015138921466778,0.375,21,0,2.71875,0,174,0,0,12,0,,0.0,,0.0,,,0,0,0,2.482174966464184
tune,610091008,N5_boundary_null,relative,0.5,COMPLETE,True,7.162649195121585,0.9015138921466778,0.90625,21,1,1.953125,0,125,0,0,37,0,,0.0,,0.0,,,0,0,0,2.640683424734392
tune,610091008,N5_boundary_null,relative,1,COMPLETE,True,14.32529839024317,0.9015138921466778,0.78125,21,1,0.796875,0,51,0,0,33,0,,0.0,,0.0,,,0,0,0,2.738198470274808
tune,610091008,N5_boundary_null,relative,2,COMPLETE,True,28.65059678048634,0.9015138921466778,0.15625,21,0,0.09375,0,6,0,0,5,0,,0.0,,0.0,,,0,0,0,2.8015533958211996
tune,610091008,N5_boundary_null,relative,4,COMPLETE,True,57.30119356097268,0.9015138921466778,0.0,21,0,0.0,0,0,0,0,0,0,,,,,,,0,0,0,
tune,610091008,N5_boundary_null,relative,8,COMPLETE,True,114.60238712194536,0.9015138921466778,0.0,21,0,0.0,0,0,0,0,0,0,,,,,,,0,0,0,
tune,610091008,P025,absolute,0.25,COMPLETE,False,3.4521988464984847,0.8690095337046004,0.28125,11,0,2.609375,7,174,8,0,9,8,0.875,0.040229885057471264,0.0,0.0,0.8571428571428571,,0,0,0,2.474274311862858
tune,610091008,P025,absolute,0.5,COMPLETE,False,6.9043976929969695,0.8690095337046004,0.78125,11,1,1.984375,5,132,8,2,35,8,0.625,0.03787878787878788,0.25,0.05714285714285714,1.0,1.0,2,0,0,2.6113284509060466
tune,610091008,P025,absolute,1,COMPLETE,False,13.808795385993939,0.8690095337046004,0.71875,11,1,0.8125,3,55,8,1,35,8,0.375,0.05454545454545454,0.125,0.02857142857142857,1.0,1.0,1,0,0,2.716926883680253
tune,610091008,P025,absolute,2,COMPLETE,False,27.617590771987878,0.8690095337046004,0.15625,11,0,0.109375,1,8,8,1,6,8,0.125,0.125,0.125,0.16666666666666666,1.0,1.0,1,0,0,2.7352557965902307
tune,610091008,P025,absolute,4,COMPLETE,False,55.235181543975756,0.8690095337046004,0.0,11,0,0.0,1,1,8,1,1,8,0.125,1.0,0.125,1.0,1.0,1.0,1,0,0,3.053547207720663
tune,610091008,P025,absolute,8,COMPLETE,False,110.47036308795151,0.8690095337046004,0.0,11,0,0.0,0,0,8,0,0,8,0.0,,0.0,,,,0,0,0,
tune,610091008,P025,relative,0.25,COMPLETE,False,3.590183732545791,0.9037439701649669,0.28125,11,0,2.65625,7,177,8,1,10,8,0.875,0.03954802259887006,0.125,0.1,0.8571428571428571,1.0,1,0,0,2.476806956949833
tune,610091008,P025,relative,0.5,COMPLETE,False,7.180367465091582,0.9037439701649669,0.84375,11,1,1.796875,5,120,8,2,40,8,0.625,0.041666666666666664,0.25,0.05,1.0,1.0,2,0,0,2.6269058559939973
tune,610091008,P025,relative,1,COMPLETE,False,14.360734930183163,0.9037439701649669,0.71875,11,1,0.75,3,51,8,1,34,8,0.375,0.058823529411764705,0.125,0.029411764705882353,1.0,1.0,1,0,0,2.748621024614414
tune,610091008,P025,relative,2,COMPLETE,False,28.721469860366327,0.9037439701649669,0.125,11,0,0.0625,1,5,8,1,5,8,0.125,0.2,0.125,0.2,1.0,1.0,1,0,0,2.5108058006178644
tune,610091008,P025,relative,4,COMPLETE,False,57.44293972073265,0.9037439701649669,0.0,11,0,0.0,0,0,8,0,0,8,0.0,,0.0,,,,0,0,0,
tune,610091008,P025,relative,8,COMPLETE,False,114.8858794414653,0.9037439701649669,0.0,11,0,0.0,0,0,8,0,0,8,0.0,,0.0,,,,0,0,0,
tune,610091008,P05,absolute,0.25,COMPLETE,False,3.4521988464984847,0.8690095337046004,0.28125,30,0,2.609375,7,174,8,0,9,8,0.875,0.040229885057471264,0.0,0.0,0.8571428571428571,,0,0,0,2.4750827312028227
tune,610091008,P05,absolute,0.5,COMPLETE,False,6.9043976929969695,0.8690095337046004,0.78125,30,1,2.0,6,134,8,2,34,8,0.75,0.04477611940298507,0.25,0.058823529411764705,0.8333333333333334,1.0,2,0,0,2.6090561637375855
tune,610091008,P05,absolute,1,COMPLETE,False,13.808795385993939,0.8690095337046004,0.71875,30,1,0.8125,3,55,8,1,35,8,0.375,0.05454545454545454,0.125,0.02857142857142857,1.0,1.0,1,0,0,2.717475176366156
tune,610091008,P05,absolute,2,COMPLETE,False,27.617590771987878,0.8690095337046004,0.15625,30,0,0.109375,1,8,8,1,6,8,0.125,0.125,0.125,0.16666666666666666,1.0,1.0,1,0,0,2.714073796252988
tune,610091008,P05,absolute,4,COMPLETE,False,55.235181543975756,0.8690095337046004,0.0,30,0,0.0,0,0,8,0,0,8,0.0,,0.0,,,,0,0,0,
tune,610091008,P05,absolute,8,COMPLETE,False,110.47036308795151,0.8690095337046004,0.0,30,0,0.0,0,0,8,0,0,8,0.0,,0.0,,,,0,0,0,
tune,610091008,P05,relative,0.25,COMPLETE,False,3.590183732545791,0.9037439701649669,0.28125,30,1,2.65625,7,177,8,1,10,8,0.875,0.03954802259887006,0.125,0.1,0.8571428571428571,1.0,1,0,0,2.473013323650124
tune,610091008,P05,relative,0.5,COMPLETE,False,7.180367465091582,0.9037439701649669,0.78125,30,1,1.78125,5,119,8,2,35,8,0.625,0.04201680672268908,0.25,0.05714285714285714,1.0,1.0,2,0,0,2.6330747720806094
tune,610091008,P05,relative,1,COMPLETE,False,14.360734930183163,0.9037439701649669,0.75,30,1,0.765625,3,52,8,1,35,8,0.375,0.057692307692307696,0.125,0.02857142857142857,1.0,1.0,1,0,0,2.7200518923108854
tune,610091008,P05,relative,2,COMPLETE,False,28.721469860366327,0.9037439701649669,0.1875,30,0,0.09375,1,7,8,1,7,8,0.125,0.14285714285714285,0.125,0.14285714285714285,1.0,1.0,1,0,0,2.436483318958467
tune,610091008,P05,relative,4,COMPLETE,False,57.44293972073265,0.9037439701649669,0.0,30,0,0.0,0,0,8,0,0,8,0.0,,0.0,,,,0,0,0,
tune,610091008,P05,relative,8,COMPLETE,False,114.8858794414653,0.9037439701649669,0.0,30,0,0.0,0,0,8,0,0,8,0.0,,0.0,,,,0,0,0,
tune,610091008,P1,absolute,0.25,COMPLETE,False,3.4521988464984847,0.8690095337046004,0.28125,29,0,2.609375,7,174,8,0,9,8,0.875,0.040229885057471264,0.0,0.0,0.8571428571428571,,0,0,0,2.478586931191948
tune,610091008,P1,absolute,0.5,COMPLETE,False,6.9043976929969695,0.8690095337046004,0.75,29,0,2.0,7,135,8,2,32,8,0.875,0.05185185185185185,0.25,0.0625,0.8571428571428571,1.0,2,0,0,2.6069476545499666
tune,610091008,P1,absolute,1,COMPLETE,False,13.808795385993939,0.8690095337046004,0.71875,29,0,0.796875,3,54,8,1,34,8,0.375,0.05555555555555555,0.125,0.029411764705882353,1.0,1.0,1,0,0,2.7360906584780764
tune,610091008,P1,absolute,2,COMPLETE,False,27.617590771987878,0.8690095337046004,0.15625,29,0,0.109375,2,9,8,2,7,8,0.25,0.2222222222222222,0.25,0.2857142857142857,0.5,0.5,2,0,0,2.679463382719472
tune,610091008,P1,absolute,4,COMPLETE,False,55.235181543975756,0.8690095337046004,0.0,29,0,0.0,1,1,8,1,1,8,0.125,1.0,0.125,1.0,1.0,1.0,1,0,0,3.054917585610004
tune,610091008,P1,absolute,8,COMPLETE,False,110.47036308795151,0.8690095337046004,0.0,29,0,0.0,0,0,8,0,0,8,0.0,,0.0,,,,0,0,0,
tune,610091008,P1,relative,0.25,COMPLETE,False,3.590183732545791,0.9037439701649669,0.3125,29,0,2.640625,7,176,8,1,11,8,0.875,0.03977272727272727,0.125,0.09090909090909091,0.8571428571428571,1.0,1,0,0,2.4737813722452175
tune,610091008,P1,relative,0.5,COMPLETE,False,7.180367465091582,0.9037439701649669,0.78125,29,1,1.796875,5,120,8,2,33,8,0.625,0.041666666666666664,0.25,0.06060606060606061,1.0,1.0,2,0,0,2.63407426152365
tune,610091008,P1,relative,1,COMPLETE,False,14.360734930183163,0.9037439701649669,0.71875,29,0,0.765625,3,52,8,1,34,8,0.375,0.057692307692307696,0.125,0.029411764705882353,1.0,1.0,1,0,0,2.719425285444551
tune,610091008,P1,relative,2,COMPLETE,False,28.721469860366327,0.9037439701649669,0.1875,29,0,0.09375,1,7,8,1,7,8,0.125,0.14285714285714285,0.125,0.14285714285714285,1.0,1.0,1,0,0,2.476190126706219
tune,610091008,P1,relative,4,COMPLETE,False,57.44293972073265,0.9037439701649669,0.0,29,0,0.0,0,0,8,0,0,8,0.0,,0.0,,,,0,0,0,
tune,610091008,P1,relative,8,COMPLETE,False,114.8858794414653,0.9037439701649669,0.0,29,0,0.0,0,0,8,0,0,8,0.0,,0.0,,,,0,0,0,
tune,610091008,P2,absolute,0.25,COMPLETE,False,3.4521988464984847,0.8690095337046004,0.28125,0,1,2.59375,8,174,8,0,9,8,1.0,0.04597701149425287,0.0,0.0,0.75,,0,0,0,2.496100513489808
tune,610091008,P2,absolute,0.5,COMPLETE,False,6.9043976929969695,0.8690095337046004,0.75,0,1,1.984375,7,134,8,2,33,8,0.875,0.05223880597014925,0.25,0.06060606060606061,0.7142857142857143,0.5,2,0,0,2.6273582208974107
tune,610091008,P2,absolute,1,COMPLETE,False,13.808795385993939,0.8690095337046004,0.78125,0,1,0.8125,4,56,8,2,38,8,0.5,0.07142857142857142,0.25,0.05263157894736842,1.0,1.0,2,0,0,2.710895640788339
tune,610091008,P2,absolute,2,COMPLETE,False,27.617590771987878,0.8690095337046004,0.1875,0,0,0.125,4,12,8,3,9,8,0.5,0.3333333333333333,0.375,0.3333333333333333,0.75,0.6666666666666666,3,0,0,2.9969841643160624
tune,610091008,P2,absolute,4,COMPLETE,False,55.235181543975756,0.8690095337046004,0.0,0,0,0.0,1,1,8,1,1,8,0.125,1.0,0.125,1.0,1.0,1.0,1,0,0,3.2916267895999014
tune,610091008,P2,absolute,8,COMPLETE,False,110.47036308795151,0.8690095337046004,0.0,0,0,0.0,0,0,8,0,0,8,0.0,,0.0,,,,0,0,0,
tune,610091008,P2,relative,0.25,COMPLETE,False,3.590183732545791,0.9037439701649669,0.28125,0,0,2.65625,8,178,8,1,10,8,1.0,0.0449438202247191,0.125,0.1,0.75,1.0,1,0,0,2.4790965404163243
tune,610091008,P2,relative,0.5,COMPLETE,False,7.180367465091582,0.9037439701649669,0.8125,0,1,1.828125,6,123,8,1,35,8,0.75,0.04878048780487805,0.125,0.02857142857142857,0.6666666666666666,1.0,1,0,0,2.6509702319344837
tune,610091008,P2,relative,1,COMPLETE,False,14.360734930183163,0.9037439701649669,0.8125,0,1,0.765625,5,54,8,3,37,8,0.625,0.09259259259259259,0.375,0.08108108108108109,1.0,1.0,3,0,0,2.7137449009721935
tune,610091008,P2,relative,2,COMPLETE,False,28.721469860366327,0.9037439701649669,0.15625,0,1,0.078125,3,8,8,3,8,8,0.375,0.375,0.375,0.375,0.6666666666666666,0.6666666666666666,3,0,0,2.608075666459471
tune,610091008,P2,relative,4,COMPLETE,False,57.44293972073265,0.9037439701649669,0.0,0,0,0.0,0,0,8,0,0,8,0.0,,0.0,,,,0,0,0,
tune,610091008,P2,relative,8,COMPLETE,False,114.8858794414653,0.9037439701649669,0.0,0,0,0.0,0,0,8,0,0,8,0.0,,0.0,,,,0,0,0,
tune,610091008,P6_return,absolute,0.25,COMPLETE,False,3.4521988464984847,0.8690095337046004,0.3125,15,1,2.515625,12,173,16,0,10,16,0.75,0.06936416184971098,0.0,0.0,0.75,,0,0,0,2.4966028303598957
tune,610091008,P6_return,absolute,0.5,COMPLETE,False,6.9043976929969695,0.8690095337046004,0.71875,15,1,1.890625,13,134,16,5,33,16,0.8125,0.09701492537313433,0.3125,0.15151515151515152,0.7692307692307693,0.4,3,2,0,2.632484169330207
tune,610091008,P6_return,absolute,1,COMPLETE,False,13.808795385993939,0.8690095337046004,0.71875,15,1,0.75,7,55,16,3,35,16,0.4375,0.12727272727272726,0.1875,0.08571428571428572,0.8571428571428571,0.6666666666666666,1,2,0,2.75634120997206
tune,610091008,P6_return,absolute,2,COMPLETE,False,27.617590771987878,0.8690095337046004,0.125,15,1,0.09375,2,8,16,2,6,16,0.125,0.25,0.125,0.3333333333333333,1.0,1.0,1,1,0,2.7733891173338154
tune,610091008,P6_return,absolute,4,COMPLETE,False,55.235181543975756,0.8690095337046004,0.0,15,0,0.0,0,0,16,0,0,16,0.0,,0.0,,,,0,0,0,
tune,610091008,P6_return,absolute,8,COMPLETE,False,110.47036308795151,0.8690095337046004,0.0,15,0,0.0,0,0,16,0,0,16,0.0,,0.0,,,,0,0,0,
tune,610091008,P6_return,relative,0.25,COMPLETE,False,3.590183732545791,0.9037439701649669,0.28125,15,1,2.578125,13,178,16,1,10,16,0.8125,0.07303370786516854,0.0625,0.1,0.6153846153846154,1.0,1,0,0,2.4770794086892622
tune,610091008,P6_return,relative,0.5,COMPLETE,False,7.180367465091582,0.9037439701649669,0.78125,15,1,1.6875,11,119,16,4,34,16,0.6875,0.09243697478991597,0.25,0.11764705882352941,0.8181818181818182,0.5,2,2,0,2.6695461900842465
tune,610091008,P6_return,relative,1,COMPLETE,False,14.360734930183163,0.9037439701649669,0.75,15,1,0.71875,8,54,16,5,36,16,0.5,0.14814814814814814,0.3125,0.1388888888888889,0.875,0.8,1,4,0,2.7228098989587797
tune,610091008,P6_return,relative,2,COMPLETE,False,28.721469860366327,0.9037439701649669,0.125,15,1,0.0625,1,5,16,1,5,16,0.0625,0.2,0.0625,0.2,1.0,1.0,1,0,0,2.5367290608746464
tune,610091008,P6_return,relative,4,COMPLETE,False,57.44293972073265,0.9037439701649669,0.0,15,0,0.0,0,0,16,0,0,16,0.0,,0.0,,,,0,0,0,
tune,610091008,P6_return,relative,8,COMPLETE,False,114.8858794414653,0.9037439701649669,0.0,15,0,0.0,0,0,16,0,0,16,0.0,,0.0,,,,0,0,0,
tune,610091008,C3_short_censored,absolute,0.25,COMPLETE,False,3.4521988464984847,0.8690095337046004,0.28125,24,0,2.59375,8,174,8,0,9,0,1.0,0.04597701149425287,,0.0,0.25,,0,0,8,2.4872226798150643
tune,610091008,C3_short_censored,absolute,0.5,COMPLETE,False,6.9043976929969695,0.8690095337046004,0.8125,24,1,1.953125,7,132,8,0,35,0,0.875,0.05303030303030303,,0.0,0.42857142857142855,,0,0,8,2.6257722527975482
tune,610091008,C3_short_censored,absolute,1,COMPLETE,False,13.808795385993939,0.8690095337046004,0.78125,24,1,0.84375,5,59,8,0,36,0,0.625,0.0847457627118644,,0.0,0.4,,0,0,8,2.73878110306491
tune,610091008,C3_short_censored,absolute,2,COMPLETE,False,27.617590771987878,0.8690095337046004,0.1875,24,0,0.125,1,9,8,0,6,0,0.125,0.1111111111111111,,0.0,1.0,,0,0,8,2.7806598338160793
tune,610091008,C3_short_censored,absolute,4,COMPLETE,False,55.235181543975756,0.8690095337046004,0.0,24,0,0.0,0,0,8,0,0,0,0.0,,,,,,0,0,8,
tune,610091008,C3_short_censored,absolute,8,COMPLETE,False,110.47036308795151,0.8690095337046004,0.0,24,0,0.0,0,0,8,0,0,0,0.0,,,,,,0,0,8,
tune,610091008,C3_short_censored,relative,0.25,COMPLETE,False,3.590183732545791,0.9037439701649669,0.375,24,0,2.609375,8,175,8,0,12,0,1.0,0.045714285714285714,,0.0,0.375,,0,0,8,2.4916166775898323
tune,610091008,C3_short_censored,relative,0.5,COMPLETE,False,7.180367465091582,0.9037439701649669,0.8125,24,0,1.828125,5,122,8,0,36,0,0.625,0.040983606557377046,,0.0,0.4,,0,0,8,2.631310026777546
tune,610091008,C3_short_censored,relative,1,COMPLETE,False,14.360734930183163,0.9037439701649669,0.8125,24,1,0.84375,2,56,8,0,34,0,0.25,0.03571428571428571,,0.0,0.5,,0,0,8,2.7336027673661616
tune,610091008,C3_short_censored,relative,2,COMPLETE,False,28.721469860366327,0.9037439701649669,0.21875,24,0,0.109375,1,8,8,0,7,0,0.125,0.125,,0.0,1.0,,0,0,8,2.641027598636272
tune,610091008,C3_short_censored,relative,4,COMPLETE,False,57.44293972073265,0.9037439701649669,0.0,24,0,0.0,0,0,8,0,0,0,0.0,,,,,,0,0,8,
tune,610091008,C3_short_censored,relative,8,COMPLETE,False,114.8858794414653,0.9037439701649669,0.0,24,0,0.0,0,0,8,0,0,0,0.0,,,,,,0,0,8,
tune,610091009,N0_iid,absolute,0.25,COMPLETE,True,3.9647628514042443,0.9980354174101995,0.59375,31,1,2.265625,0,145,0,0,24,0,,0.0,,0.0,,,0,0,0,2.179529869393241
tune,610091009,N0_iid,absolute,0.5,COMPLETE,True,7.929525702808489,0.9980354174101995,0.6875,31,1,0.9375,0,60,0,0,31,0,,0.0,,0.0,,,0,0,0,2.18312917280555
tune,610091009,N0_iid,absolute,1,COMPLETE,True,15.859051405616977,0.9980354174101995,0.0625,31,0,0.046875,0,3,0,0,2,0,,0.0,,0.0,,,0,0,0,2.5050112803308675
tune,610091009,N0_iid,absolute,2,COMPLETE,True,31.718102811233955,0.9980354174101995,0.0,31,0,0.0,0,0,0,0,0,0,,,,,,,0,0,0,
tune,610091009,N0_iid,absolute,4,COMPLETE,True,63.43620562246791,0.9980354174101995,0.0,31,0,0.0,0,0,0,0,0,0,,,,,,,0,0,0,
tune,610091009,N0_iid,absolute,8,COMPLETE,True,126.87241124493582,0.9980354174101995,0.0,31,0,0.0,0,0,0,0,0,0,,,,,,,0,0,0,
tune,610091009,N0_iid,relative,0.25,COMPLETE,True,4.123934983897002,1.0381032428127244,0.65625,31,1,2.234375,0,143,0,0,27,0,,0.0,,0.0,,,0,0,0,2.1791260427234267
tune,610091009,N0_iid,relative,0.5,COMPLETE,True,8.247869967794005,1.0381032428127244,0.53125,31,1,0.828125,0,53,0,0,24,0,,0.0,,0.0,,,0,0,0,2.2649708004702176
tune,610091009,N0_iid,relative,1,COMPLETE,True,16.49573993558801,1.0381032428127244,0.0625,31,0,0.046875,0,3,0,0,3,0,,0.0,,0.0,,,0,0,0,2.439205331952045
tune,610091009,N0_iid,relative,2,COMPLETE,True,32.99147987117602,1.0381032428127244,0.0,31,0,0.0,0,0,0,0,0,0,,,,,,,0,0,0,
tune,610091009,N0_iid,relative,4,COMPLETE,True,65.98295974235204,1.0381032428127244,0.0,31,0,0.0,0,0,0,0,0,0,,,,,,,0,0,0,
tune,610091009,N0_iid,relative,8,COMPLETE,True,131.96591948470407,1.0381032428127244,0.0,31,0,0.0,0,0,0,0,0,0,,,,,,,0,0,0,
tune,610091009,N1_ar05,absolute,0.25,COMPLETE,True,3.393079278460493,0.8541275785977497,0.53125,13,1,2.5625,0,164,0,0,19,0,,0.0,,0.0,,,0,0,0,2.449556411007153
tune,610091009,N1_ar05,absolute,0.5,COMPLETE,True,6.786158556920986,0.8541275785977497,0.84375,13,1,1.953125,0,125,0,0,36,0,,0.0,,0.0,,,0,0,0,2.600753798686519
tune,610091009,N1_ar05,absolute,1,COMPLETE,True,13.572317113841972,0.8541275785977497,0.75,13,0,0.859375,0,55,0,0,33,0,,0.0,,0.0,,,0,0,0,2.723557613398778
tune,610091009,N1_ar05,absolute,2,COMPLETE,True,27.144634227683945,0.8541275785977497,0.15625,13,0,0.125,0,8,0,0,7,0,,0.0,,0.0,,,0,0,0,3.0762608867767995
tune,610091009,N1_ar05,absolute,4,COMPLETE,True,54.28926845536789,0.8541275785977497,0.0,13,0,0.0,0,0,0,0,0,0,,,,,,,0,0,0,
tune,610091009,N1_ar05,absolute,8,COMPLETE,True,108.57853691073578,0.8541275785977497,0.0,13,0,0.0,0,0,0,0,0,0,,,,,,,0,0,0,
tune,610091009,N1_ar05,relative,0.25,COMPLETE,True,3.549399645642294,0.8934775394295172,0.34375,13,0,2.6875,0,172,0,0,12,0,,0.0,,0.0,,,0,0,0,2.4143392183047614
tune,610091009,N1_ar05,relative,0.5,COMPLETE,True,7.098799291284588,0.8934775394295172,0.8125,13,1,1.859375,0,119,0,0,36,0,,0.0,,0.0,,,0,0,0,2.592126135179404
tune,610091009,N1_ar05,relative,1,COMPLETE,True,14.197598582569176,0.8934775394295172,0.71875,13,0,0.765625,0,49,0,0,31,0,,0.0,,0.0,,,0,0,0,2.7706875215333753
tune,610091009,N1_ar05,relative,2,COMPLETE,True,28.395197165138352,0.8934775394295172,0.09375,13,0,0.078125,0,5,0,0,5,0,,0.0,,0.0,,,0,0,0,3.199601091519912
tune,610091009,N1_ar05,relative,4,COMPLETE,True,56.790394330276705,0.8934775394295172,0.0,13,0,0.0,0,0,0,0,0,0,,,,,,,0,0,0,
tune,610091009,N1_ar05,relative,8,COMPLETE,True,113.58078866055341,0.8934775394295172,0.0,13,0,0.0,0,0,0,0,0,0,,,,,,,0,0,0,
tune,610091009,N2_season_ar05,absolute,0.25,COMPLETE,True,3.393079278460493,0.8541275785977497,0.53125,1,1,2.5625,0,164,0,0,19,0,,0.0,,0.0,,,0,0,0,2.449556411007153
tune,610091009,N2_season_ar05,absolute,0.5,COMPLETE,True,6.786158556920986,0.8541275785977497,0.84375,1,1,1.953125,0,125,0,0,36,0,,0.0,,0.0,,,0,0,0,2.600753798686519
tune,610091009,N2_season_ar05,absolute,1,COMPLETE,True,13.572317113841972,0.8541275785977497,0.75,1,1,0.859375,0,55,0,0,33,0,,0.0,,0.0,,,0,0,0,2.723557613398778
tune,610091009,N2_season_ar05,absolute,2,COMPLETE,True,27.144634227683945,0.8541275785977497,0.15625,1,0,0.125,0,8,0,0,7,0,,0.0,,0.0,,,0,0,0,3.0762608867767995
tune,610091009,N2_season_ar05,absolute,4,COMPLETE,True,54.28926845536789,0.8541275785977497,0.0,1,0,0.0,0,0,0,0,0,0,,,,,,,0,0,0,
tune,610091009,N2_season_ar05,absolute,8,COMPLETE,True,108.57853691073578,0.8541275785977497,0.0,1,0,0.0,0,0,0,0,0,0,,,,,,,0,0,0,
tune,610091009,N2_season_ar05,relative,0.25,COMPLETE,True,3.549399645642294,0.8934775394295172,0.34375,1,1,2.6875,0,172,0,0,12,0,,0.0,,0.0,,,0,0,0,2.4143392183047614
tune,610091009,N2_season_ar05,relative,0.5,COMPLETE,True,7.098799291284588,0.8934775394295172,0.8125,1,1,1.859375,0,119,0,0,36,0,,0.0,,0.0,,,0,0,0,2.592126135179404
tune,610091009,N2_season_ar05,relative,1,COMPLETE,True,14.197598582569176,0.8934775394295172,0.71875,1,1,0.765625,0,49,0,0,31,0,,0.0,,0.0,,,0,0,0,2.7706875215333753
tune,610091009,N2_season_ar05,relative,2,COMPLETE,True,28.395197165138352,0.8934775394295172,0.09375,1,0,0.078125,0,5,0,0,5,0,,0.0,,0.0,,,0,0,0,3.199601091519912
tune,610091009,N2_season_ar05,relative,4,COMPLETE,True,56.790394330276705,0.8934775394295172,0.0,1,0,0.0,0,0,0,0,0,0,,,,,,,0,0,0,
tune,610091009,N2_season_ar05,relative,8,COMPLETE,True,113.58078866055341,0.8934775394295172,0.0,1,0,0.0,0,0,0,0,0,0,,,,,,,0,0,0,
tune,610091009,N3_common_shift2,absolute,0.25,COMPLETE,False,3.393079278460493,0.8541275785977497,0.34375,17,1,2.1875,27,167,32,3,15,32,0.84375,0.16167664670658682,0.09375,0.2,0.4074074074074074,0.0,3,0,0,2.5182781087756165
tune,610091009,N3_common_shift2,absolute,0.5,COMPLETE,False,6.786158556920986,0.8541275785977497,0.53125,17,1,1.625,26,130,32,11,33,32,0.8125,0.2,0.34375,0.3333333333333333,0.34615384615384615,0.2727272727272727,11,0,0,2.69430315550497
tune,610091009,N3_common_shift2,absolute,1,COMPLETE,False,13.572317113841972,0.8541275785977497,0.625,17,1,0.71875,21,67,32,13,39,32,0.65625,0.31343283582089554,0.40625,0.3333333333333333,0.42857142857142855,0.3076923076923077,13,0,0,2.899410773722117
tune,610091009,N3_common_shift2,absolute,2,COMPLETE,False,27.144634227683945,0.8541275785977497,0.25,17,1,0.203125,17,30,32,16,24,32,0.53125,0.5666666666666667,0.5,0.6666666666666666,0.29411764705882354,0.3125,16,0,0,3.013116905349759
tune,610091009,N3_common_shift2,absolute,4,COMPLETE,False,54.28926845536789,0.8541275785977497,0.03125,17,0,0.015625,2,3,32,2,3,32,0.0625,0.6666666666666666,0.0625,0.6666666666666666,0.5,0.5,2,0,0,3.4567286376527413
tune,610091009,N3_common_shift2,absolute,8,COMPLETE,False,108.57853691073578,0.8541275785977497,0.0,17,0,0.0,0,0,32,0,0,32,0.0,,0.0,,,,0,0,0,
tune,610091009,N3_common_shift2,relative,0.25,COMPLETE,True,3.549399645642294,0.8934775394295172,0.34375,17,0,2.6875,0,172,0,0,12,0,,0.0,,0.0,,,0,0,0,2.4143392183047614
tune,610091009,N3_common_shift2,relative,0.5,COMPLETE,True,7.098799291284588,0.8934775394295172,0.8125,17,1,1.859375,0,119,0,0,36,0,,0.0,,0.0,,,0,0,0,2.592126135179404
tune,610091009,N3_common_shift2,relative,1,COMPLETE,True,14.197598582569176,0.8934775394295172,0.71875,17,1,0.765625,0,49,0,0,31,0,,0.0,,0.0,,,0,0,0,2.7706875215333753
tune,610091009,N3_common_shift2,relative,2,COMPLETE,True,28.395197165138352,0.8934775394295172,0.09375,17,0,0.078125,0,5,0,0,5,0,,0.0,,0.0,,,0,0,0,3.199601091519912
tune,610091009,N3_common_shift2,relative,4,COMPLETE,True,56.790394330276705,0.8934775394295172,0.0,17,0,0.0,0,0,0,0,0,0,,,,,,,0,0,0,
tune,610091009,N3_common_shift2,relative,8,COMPLETE,True,113.58078866055341,0.8934775394295172,0.0,17,0,0.0,0,0,0,0,0,0,,,,,,,0,0,0,
tune,610091009,N4_spike4,absolute,0.25,COMPLETE,True,3.393079278460493,0.8541275785977497,0.53125,14,0,2.59375,0,166,0,0,19,0,,0.0,,0.0,,,0,0,0,2.493822722635312
tune,610091009,N4_spike4,absolute,0.5,COMPLETE,True,6.786158556920986,0.8541275785977497,0.84375,14,0,2.0,0,128,0,0,36,0,,0.0,,0.0,,,0,0,0,2.629801579448987
tune,610091009,N4_spike4,absolute,1,COMPLETE,True,13.572317113841972,0.8541275785977497,0.78125,14,1,0.890625,0,57,0,0,34,0,,0.0,,0.0,,,0,0,0,2.819412568479718
tune,610091009,N4_spike4,absolute,2,COMPLETE,True,27.144634227683945,0.8541275785977497,0.15625,14,0,0.125,0,8,0,0,7,0,,0.0,,0.0,,,0,0,0,3.0750669297285835
tune,610091009,N4_spike4,absolute,4,COMPLETE,True,54.28926845536789,0.8541275785977497,0.0,14,0,0.0,0,0,0,0,0,0,,,,,,,0,0,0,
tune,610091009,N4_spike4,absolute,8,COMPLETE,True,108.57853691073578,0.8541275785977497,0.0,14,0,0.0,0,0,0,0,0,0,,,,,,,0,0,0,
tune,610091009,N4_spike4,relative,0.25,COMPLETE,True,3.549399645642294,0.8934775394295172,0.375,14,0,2.71875,0,174,0,0,13,0,,0.0,,0.0,,,0,0,0,2.450668004799547
tune,610091009,N4_spike4,relative,0.5,COMPLETE,True,7.098799291284588,0.8934775394295172,0.8125,14,1,1.828125,0,117,0,0,37,0,,0.0,,0.0,,,0,0,0,2.638713304978551
tune,610091009,N4_spike4,relative,1,COMPLETE,True,14.197598582569176,0.8934775394295172,0.78125,14,1,0.765625,0,49,0,0,33,0,,0.0,,0.0,,,0,0,0,2.8312873643380403
tune,610091009,N4_spike4,relative,2,COMPLETE,True,28.395197165138352,0.8934775394295172,0.09375,14,0,0.078125,0,5,0,0,5,0,,0.0,,0.0,,,0,0,0,3.2077360794466285
tune,610091009,N4_spike4,relative,4,COMPLETE,True,56.790394330276705,0.8934775394295172,0.0,14,0,0.0,0,0,0,0,0,0,,,,,,,0,0,0,
tune,610091009,N4_spike4,relative,8,COMPLETE,True,113.58078866055341,0.8934775394295172,0.0,14,0,0.0,0,0,0,0,0,0,,,,,,,0,0,0,
tune,610091009,N5_boundary_null,absolute,0.25,COMPLETE,True,3.393079278460493,0.8541275785977497,0.53125,16,1,2.5625,0,164,0,0,19,0,,0.0,,0.0,,,0,0,0,2.4495564110071526
tune,610091009,N5_boundary_null,absolute,0.5,COMPLETE,True,6.786158556920986,0.8541275785977497,0.84375,16,1,1.953125,0,125,0,0,36,0,,0.0,,0.0,,,0,0,0,2.600753798686519
tune,610091009,N5_boundary_null,absolute,1,COMPLETE,True,13.572317113841972,0.8541275785977497,0.75,16,1,0.859375,0,55,0,0,33,0,,0.0,,0.0,,,0,0,0,2.723557613398778
tune,610091009,N5_boundary_null,absolute,2,COMPLETE,True,27.144634227683945,0.8541275785977497,0.15625,16,1,0.125,0,8,0,0,7,0,,0.0,,0.0,,,0,0,0,3.0762608867767995
tune,610091009,N5_boundary_null,absolute,4,COMPLETE,True,54.28926845536789,0.8541275785977497,0.0,16,0,0.0,0,0,0,0,0,0,,,,,,,0,0,0,
tune,610091009,N5_boundary_null,absolute,8,COMPLETE,True,108.57853691073578,0.8541275785977497,0.0,16,0,0.0,0,0,0,0,0,0,,,,,,,0,0,0,
tune,610091009,N5_boundary_null,relative,0.25,COMPLETE,True,3.524522112296953,0.8872152079088161,0.34375,16,1,2.6875,0,172,0,0,12,0,,0.0,,0.0,,,0,0,0,2.409749889254344
tune,610091009,N5_boundary_null,relative,0.5,COMPLETE,True,7.049044224593906,0.8872152079088161,0.875,16,1,1.75,0,112,0,0,41,0,,0.0,,0.0,,,0,0,0,2.594660292962998
tune,610091009,N5_boundary_null,relative,1,COMPLETE,True,14.098088449187811,0.8872152079088161,0.71875,16,1,0.71875,0,46,0,0,31,0,,0.0,,0.0,,,0,0,0,2.799361554475796
tune,610091009,N5_boundary_null,relative,2,COMPLETE,True,28.196176898375622,0.8872152079088161,0.09375,16,1,0.078125,0,5,0,0,5,0,,0.0,,0.0,,,0,0,0,3.24230077190946
tune,610091009,N5_boundary_null,relative,4,COMPLETE,True,56.392353796751244,0.8872152079088161,0.0,16,0,0.0,0,0,0,0,0,0,,,,,,,0,0,0,
tune,610091009,N5_boundary_null,relative,8,COMPLETE,True,112.78470759350249,0.8872152079088161,0.0,16,0,0.0,0,0,0,0,0,0,,,,,,,0,0,0,
tune,610091009,P025,absolute,0.25,COMPLETE,False,3.393079278460493,0.8541275785977497,0.5,29,0,2.46875,5,163,8,1,19,8,0.625,0.03067484662576687,0.125,0.05263157894736842,0.6,0.0,1,0,0,2.4568273028670498
tune,610091009,P025,absolute,0.5,COMPLETE,False,6.786158556920986,0.8541275785977497,0.78125,29,1,1.875,5,125,8,2,36,8,0.625,0.04,0.25,0.05555555555555555,0.6,0.5,2,0,0,2.6018278437830213
tune,610091009,P025,absolute,1,COMPLETE,False,13.572317113841972,0.8541275785977497,0.75,29,0,0.84375,1,55,8,1,33,8,0.125,0.01818181818181818,0.125,0.030303030303030304,0.0,0.0,1,0,0,2.7297443295256176
tune,610091009,P025,absolute,2,COMPLETE,False,27.144634227683945,0.8541275785977497,0.15625,29,0,0.140625,0,9,8,0,7,8,0.0,0.0,0.0,0.0,,,0,0,0,3.0517471451160465
tune,610091009,P025,absolute,4,COMPLETE,False,54.28926845536789,0.8541275785977497,0.0,29,0,0.0,0,0,8,0,0,8,0.0,,0.0,,,,0,0,0,
tune,610091009,P025,absolute,8,COMPLETE,False,108.57853691073578,0.8541275785977497,0.0,29,0,0.0,0,0,8,0,0,8,0.0,,0.0,,,,0,0,0,
tune,610091009,P025,relative,0.25,COMPLETE,False,3.549399645642294,0.8934775394295172,0.34375,29,1,2.578125,6,171,8,0,12,8,0.75,0.03508771929824561,0.0,0.0,0.8333333333333334,,0,0,0,2.4217230275147723
tune,610091009,P025,relative,0.5,COMPLETE,False,7.098799291284588,0.8934775394295172,0.78125,29,1,1.75,5,117,8,2,36,8,0.625,0.042735042735042736,0.25,0.05555555555555555,0.6,0.5,2,0,0,2.603625989859436
tune,610091009,P025,relative,1,COMPLETE,False,14.197598582569176,0.8934775394295172,0.75,29,0,0.75,3,51,8,2,33,8,0.375,0.058823529411764705,0.25,0.06060606060606061,0.6666666666666666,0.5,2,0,0,2.743400283039031
tune,610091009,P025,relative,2,COMPLETE,False,28.395197165138352,0.8934775394295172,0.09375,29,0,0.078125,0,5,8,0,5,8,0.0,0.0,0.0,0.0,,,0,0,0,3.2081836482754924
tune,610091009,P025,relative,4,COMPLETE,False,56.790394330276705,0.8934775394295172,0.0,29,0,0.0,0,0,8,0,0,8,0.0,,0.0,,,,0,0,0,
tune,610091009,P025,relative,8,COMPLETE,False,113.58078866055341,0.8934775394295172,0.0,29,0,0.0,0,0,8,0,0,8,0.0,,0.0,,,,0,0,0,
tune,610091009,P05,absolute,0.25,COMPLETE,False,3.393079278460493,0.8541275785977497,0.5,6,0,2.46875,5,163,8,1,19,8,0.625,0.03067484662576687,0.125,0.05263157894736842,0.6,0.0,1,0,0,2.459306134511338
tune,610091009,P05,absolute,0.5,COMPLETE,False,6.786158556920986,0.8541275785977497,0.78125,6,0,1.890625,5,126,8,2,36,8,0.625,0.03968253968253968,0.25,0.05555555555555555,0.6,0.5,2,0,0,2.5997896959771407
tune,610091009,P05,absolute,1,COMPLETE,False,13.572317113841972,0.8541275785977497,0.78125,6,1,0.859375,2,57,8,1,34,8,0.25,0.03508771929824561,0.125,0.029411764705882353,0.5,0.0,1,0,0,2.7446700451597423
tune,610091009,P05,absolute,2,COMPLETE,False,27.144634227683945,0.8541275785977497,0.15625,6,0,0.140625,0,9,8,0,7,8,0.0,0.0,0.0,0.0,,,0,0,0,3.062484988821331
tune,610091009,P05,absolute,4,COMPLETE,False,54.28926845536789,0.8541275785977497,0.0,6,0,0.0,0,0,8,0,0,8,0.0,,0.0,,,,0,0,0,
tune,610091009,P05,absolute,8,COMPLETE,False,108.57853691073578,0.8541275785977497,0.0,6,0,0.0,0,0,8,0,0,8,0.0,,0.0,,,,0,0,0,
tune,610091009,P05,relative,0.25,COMPLETE,False,3.549399645642294,0.8934775394295172,0.3125,6,0,2.5625,7,171,8,1,12,8,0.875,0.04093567251461988,0.125,0.08333333333333333,0.8571428571428571,1.0,1,0,0,2.4182865974458854
tune,610091009,P05,relative,0.5,COMPLETE,False,7.098799291284588,0.8934775394295172,0.78125,6,0,1.734375,5,116,8,2,37,8,0.625,0.04310344827586207,0.25,0.05405405405405406,0.6,0.5,2,0,0,2.6105323380733427
tune,610091009,P05,relative,1,COMPLETE,False,14.197598582569176,0.8934775394295172,0.78125,6,1,0.75,3,51,8,2,34,8,0.375,0.058823529411764705,0.25,0.058823529411764705,0.6666666666666666,0.5,2,0,0,2.751284778716874
tune,610091009,P05,relative,2,COMPLETE,False,28.395197165138352,0.8934775394295172,0.09375,6,0,0.078125,0,5,8,0,5,8,0.0,0.0,0.0,0.0,,,0,0,0,3.220683974452615
tune,610091009,P05,relative,4,COMPLETE,False,56.790394330276705,0.8934775394295172,0.0,6,0,0.0,0,0,8,0,0,8,0.0,,0.0,,,,0,0,0,
tune,610091009,P05,relative,8,COMPLETE,False,113.58078866055341,0.8934775394295172,0.0,6,0,0.0,0,0,8,0,0,8,0.0,,0.0,,,,0,0,0,
tune,610091009,P1,absolute,0.25,COMPLETE,False,3.393079278460493,0.8541275785977497,0.4375,8,0,2.515625,6,167,8,1,17,8,0.75,0.03592814371257485,0.125,0.058823529411764705,0.6666666666666666,0.0,1,0,0,2.4428077033673805
tune,610091009,P1,absolute,0.5,COMPLETE,False,6.786158556920986,0.8541275785977497,0.78125,8,1,1.890625,5,126,8,2,36,8,0.625,0.03968253968253968,0.25,0.05555555555555555,0.6,0.5,2,0,0,2.608400700584449
tune,610091009,P1,absolute,1,COMPLETE,False,13.572317113841972,0.8541275785977497,0.75,8,1,0.828125,4,57,8,2,34,8,0.5,0.07017543859649122,0.25,0.058823529411764705,0.5,0.0,2,0,0,2.7339719066753996
tune,610091009,P1,absolute,2,COMPLETE,False,27.144634227683945,0.8541275785977497,0.15625,8,0,0.140625,1,10,8,1,8,8,0.125,0.1,0.125,0.125,0.0,0.0,1,0,0,2.9959908923803877
tune,610091009,P1,absolute,4,COMPLETE,False,54.28926845536789,0.8541275785977497,0.0,8,0,0.0,0,0,8,0,0,8,0.0,,0.0,,,,0,0,0,
tune,610091009,P1,absolute,8,COMPLETE,False,108.57853691073578,0.8541275785977497,0.0,8,0,0.0,0,0,8,0,0,8,0.0,,0.0,,,,0,0,0,
tune,610091009,P1,relative,0.25,COMPLETE,False,3.549399645642294,0.8934775394295172,0.34375,8,1,2.53125,7,169,8,2,15,8,0.875,0.04142011834319527,0.25,0.13333333333333333,0.7142857142857143,0.5,2,0,0,2.429627376966115
tune,610091009,P1,relative,0.5,COMPLETE,False,7.098799291284588,0.8934775394295172,0.78125,8,1,1.6875,6,114,8,3,38,8,0.75,0.05263157894736842,0.375,0.07894736842105263,0.6666666666666666,0.6666666666666666,3,0,0,2.608517969442077
tune,610091009,P1,relative,1,COMPLETE,False,14.197598582569176,0.8934775394295172,0.78125,8,1,0.75,3,51,8,2,34,8,0.375,0.058823529411764705,0.25,0.058823529411764705,0.6666666666666666,0.5,2,0,0,2.778231646962253
tune,610091009,P1,relative,2,COMPLETE,False,28.395197165138352,0.8934775394295172,0.125,8,0,0.09375,0,6,8,0,6,8,0.0,0.0,0.0,0.0,,,0,0,0,3.1615960324171226
tune,610091009,P1,relative,4,COMPLETE,False,56.790394330276705,0.8934775394295172,0.0,8,0,0.0,0,0,8,0,0,8,0.0,,0.0,,,,0,0,0,
tune,610091009,P1,relative,8,COMPLETE,False,113.58078866055341,0.8934775394295172,0.0,8,0,0.0,0,0,8,0,0,8,0.0,,0.0,,,,0,0,0,
tune,610091009,P2,absolute,0.25,COMPLETE,False,3.393079278460493,0.8541275785977497,0.46875,13,1,2.46875,8,166,8,1,18,8,1.0,0.04819277108433735,0.125,0.05555555555555555,0.5,0.0,1,0,0,2.4705283316324618
tune,610091009,P2,absolute,0.5,COMPLETE,False,6.786158556920986,0.8541275785977497,0.78125,13,1,1.84375,7,125,8,2,36,8,0.875,0.056,0.25,0.05555555555555555,0.2857142857142857,0.0,2,0,0,2.626045954820838
tune,610091009,P2,absolute,1,COMPLETE,False,13.572317113841972,0.8541275785977497,0.75,13,0,0.8125,6,58,8,2,33,8,0.75,0.10344827586206896,0.25,0.06060606060606061,0.5,0.0,2,0,0,2.8040746938577272
tune,610091009,P2,absolute,2,COMPLETE,False,27.144634227683945,0.8541275785977497,0.21875,13,0,0.15625,6,16,8,6,15,8,0.75,0.375,0.75,0.4,0.3333333333333333,0.3333333333333333,6,0,0,2.9004571384170132
tune,610091009,P2,absolute,4,COMPLETE,False,54.28926845536789,0.8541275785977497,0.0,13,0,0.0,0,0,8,0,0,8,0.0,,0.0,,,,0,0,0,
tune,610091009,P2,absolute,8,COMPLETE,False,108.57853691073578,0.8541275785977497,0.0,13,0,0.0,0,0,8,0,0,8,0.0,,0.0,,,,0,0,0,
tune,610091009,P2,relative,0.25,COMPLETE,False,3.549399645642294,0.8934775394295172,0.4375,13,0,2.515625,8,169,8,1,17,8,1.0,0.047337278106508875,0.125,0.058823529411764705,0.5,0.0,1,0,0,2.4535913922595247
tune,610091009,P2,relative,0.5,COMPLETE,False,7.098799291284588,0.8934775394295172,0.78125,13,1,1.640625,8,113,8,3,39,8,1.0,0.07079646017699115,0.375,0.07692307692307693,0.5,0.3333333333333333,3,0,0,2.6396961741587295
tune,610091009,P2,relative,1,COMPLETE,False,14.197598582569176,0.8934775394295172,0.71875,13,0,0.703125,5,50,8,2,32,8,0.625,0.1,0.25,0.0625,0.4,0.0,2,0,0,2.8492758296144274
tune,610091009,P2,relative,2,COMPLETE,False,28.395197165138352,0.8934775394295172,0.125,13,0,0.09375,4,10,8,4,10,8,0.5,0.4,0.5,0.4,0.25,0.25,4,0,0,2.988791862259043
tune,610091009,P2,relative,4,COMPLETE,False,56.790394330276705,0.8934775394295172,0.0,13,0,0.0,0,0,8,0,0,8,0.0,,0.0,,,,0,0,0,
tune,610091009,P2,relative,8,COMPLETE,False,113.58078866055341,0.8934775394295172,0.0,13,0,0.0,0,0,8,0,0,8,0.0,,0.0,,,,0,0,0,
tune,610091009,P6_return,absolute,0.25,COMPLETE,False,3.393079278460493,0.8541275785977497,0.4375,31,0,2.390625,12,165,16,2,18,16,0.75,0.07272727272727272,0.125,0.1111111111111111,0.4166666666666667,0.5,2,0,0,2.463080301083681
tune,610091009,P6_return,absolute,0.5,COMPLETE,False,6.786158556920986,0.8541275785977497,0.78125,31,0,1.796875,10,125,16,2,35,16,0.625,0.08,0.125,0.05714285714285714,0.6,0.5,2,0,0,2.607978236826385
tune,610091009,P6_return,absolute,1,COMPLETE,False,13.572317113841972,0.8541275785977497,0.78125,31,1,0.8125,5,57,16,3,34,16,0.3125,0.08771929824561403,0.1875,0.08823529411764706,0.6,0.3333333333333333,1,2,0,2.7683303680276405
tune,610091009,P6_return,absolute,2,COMPLETE,False,27.144634227683945,0.8541275785977497,0.15625,31,0,0.125,0,8,16,0,7,16,0.0,0.0,0.0,0.0,,,0,0,0,3.0749508251739455
tune,610091009,P6_return,absolute,4,COMPLETE,False,54.28926845536789,0.8541275785977497,0.0,31,0,0.0,0,0,16,0,0,16,0.0,,0.0,,,,0,0,0,
tune,610091009,P6_return,absolute,8,COMPLETE,False,108.57853691073578,0.8541275785977497,0.0,31,0,0.0,0,0,16,0,0,16,0.0,,0.0,,,,0,0,0,
tune,610091009,P6_return,relative,0.25,COMPLETE,False,3.549399645642294,0.8934775394295172,0.34375,31,0,2.4375,12,168,16,3,16,16,0.75,0.07142857142857142,0.1875,0.1875,0.75,0.6666666666666666,3,0,0,2.4329906636828853
tune,610091009,P6_return,relative,0.5,COMPLETE,False,7.098799291284588,0.8934775394295172,0.78125,31,0,1.609375,11,114,16,4,38,16,0.6875,0.09649122807017543,0.25,0.10526315789473684,0.7272727272727273,0.5,3,1,0,2.610449752310226
tune,610091009,P6_return,relative,1,COMPLETE,False,14.197598582569176,0.8934775394295172,0.75,31,0,0.6875,5,49,16,4,33,16,0.3125,0.10204081632653061,0.25,0.12121212121212122,0.6,0.5,2,2,0,2.795673155188463
tune,610091009,P6_return,relative,2,COMPLETE,False,28.395197165138352,0.8934775394295172,0.09375,31,0,0.078125,0,5,16,0,5,16,0.0,0.0,0.0,0.0,,,0,0,0,3.2315320482189605
tune,610091009,P6_return,relative,4,COMPLETE,False,56.790394330276705,0.8934775394295172,0.0,31,0,0.0,0,0,16,0,0,16,0.0,,0.0,,,,0,0,0,
tune,610091009,P6_return,relative,8,COMPLETE,False,113.58078866055341,0.8934775394295172,0.0,31,0,0.0,0,0,16,0,0,16,0.0,,0.0,,,,0,0,0,
tune,610091009,C3_short_censored,absolute,0.25,COMPLETE,False,3.393079278460493,0.8541275785977497,0.53125,26,0,2.453125,8,165,8,0,19,0,1.0,0.048484848484848485,,0.0,0.375,,0,0,8,2.5023087168366254
tune,610091009,C3_short_censored,absolute,0.5,COMPLETE,False,6.786158556920986,0.8541275785977497,0.84375,26,0,1.84375,8,126,8,0,36,0,1.0,0.06349206349206349,,0.0,0.375,,0,0,8,2.6704582454342702
tune,610091009,C3_short_censored,absolute,1,COMPLETE,False,13.572317113841972,0.8541275785977497,0.75,26,0,0.84375,5,59,8,0,30,0,0.625,0.0847457627118644,,0.0,0.2,,0,0,8,2.867015309161783
tune,610091009,C3_short_censored,absolute,2,COMPLETE,False,27.144634227683945,0.8541275785977497,0.15625,26,0,0.125,4,12,8,0,7,0,0.5,0.3333333333333333,,0.0,0.25,,0,0,8,3.285828480151802
tune,610091009,C3_short_censored,absolute,4,COMPLETE,False,54.28926845536789,0.8541275785977497,0.0,26,0,0.0,0,0,8,0,0,0,0.0,,,,,,0,0,8,
tune,610091009,C3_short_censored,absolute,8,COMPLETE,False,108.57853691073578,0.8541275785977497,0.0,26,0,0.0,0,0,8,0,0,0,0.0,,,,,,0,0,8,
tune,610091009,C3_short_censored,relative,0.25,COMPLETE,False,3.549399645642294,0.8934775394295172,0.3125,26,0,2.59375,8,174,8,0,11,0,1.0,0.04597701149425287,,0.0,0.375,,0,0,8,2.4503425086042547
tune,610091009,C3_short_censored,relative,0.5,COMPLETE,False,7.098799291284588,0.8934775394295172,0.78125,26,0,1.78125,7,121,8,0,34,0,0.875,0.05785123966942149,,0.0,0.42857142857142855,,0,0,8,2.6482430798168077
tune,610091009,C3_short_censored,relative,1,COMPLETE,False,14.197598582569176,0.8934775394295172,0.75,26,0,0.6875,5,49,8,0,29,0,0.625,0.10204081632653061,,0.0,0.2,,0,0,8,2.8101009741034293
tune,610091009,C3_short_censored,relative,2,COMPLETE,False,28.395197165138352,0.8934775394295172,0.09375,26,0,0.078125,1,6,8,0,5,0,0.125,0.16666666666666666,,0.0,1.0,,0,0,8,3.2241745904257315
tune,610091009,C3_short_censored,relative,4,COMPLETE,False,56.790394330276705,0.8934775394295172,0.0,26,0,0.0,0,0,8,0,0,0,0.0,,,,,,0,0,8,
tune,610091009,C3_short_censored,relative,8,COMPLETE,False,113.58078866055341,0.8934775394295172,0.0,26,0,0.0,0,0,8,0,0,0,0.0,,,,,,0,0,8,
tune,610091010,N0_iid,absolute,0.25,COMPLETE,True,3.75573627573641,0.945417913283166,0.40625,3,0,2.375,0,152,0,0,17,0,,0.0,,0.0,,,0,0,0,2.0907498839469234
tune,610091010,N0_iid,absolute,0.5,COMPLETE,True,7.51147255147282,0.945417913283166,0.53125,3,0,0.828125,0,53,0,0,20,0,,0.0,,0.0,,,0,0,0,2.1612009976015067
tune,610091010,N0_iid,absolute,1,COMPLETE,True,15.02294510294564,0.945417913283166,0.0625,3,0,0.046875,0,3,0,0,2,0,,0.0,,0.0,,,0,0,0,1.9371506526878315
tune,610091010,N0_iid,absolute,2,COMPLETE,True,30.04589020589128,0.945417913283166,0.0,3,0,0.0,0,0,0,0,0,0,,,,,,,0,0,0,
tune,610091010,N0_iid,absolute,4,COMPLETE,True,60.09178041178256,0.945417913283166,0.0,3,0,0.0,0,0,0,0,0,0,,,,,,,0,0,0,
tune,610091010,N0_iid,absolute,8,COMPLETE,True,120.18356082356512,0.945417913283166,0.0,3,0,0.0,0,0,0,0,0,0,,,,,,,0,0,0,
tune,610091010,N0_iid,relative,0.25,COMPLETE,True,3.9009130038006075,0.9819627261312991,0.53125,3,0,2.265625,0,145,0,0,23,0,,0.0,,0.0,,,0,0,0,2.099111011416444
tune,610091010,N0_iid,relative,0.5,COMPLETE,True,7.801826007601215,0.9819627261312991,0.53125,3,1,0.734375,0,47,0,0,23,0,,0.0,,0.0,,,0,0,0,2.078813494673257
tune,610091010,N0_iid,relative,1,COMPLETE,True,15.60365201520243,0.9819627261312991,0.0,3,0,0.015625,0,1,0,0,0,0,,0.0,,,,,0,0,0,2.078367306511362
tune,610091010,N0_iid,relative,2,COMPLETE,True,31.20730403040486,0.9819627261312991,0.0,3,0,0.0,0,0,0,0,0,0,,,,,,,0,0,0,
tune,610091010,N0_iid,relative,4,COMPLETE,True,62.41460806080972,0.9819627261312991,0.0,3,0,0.0,0,0,0,0,0,0,,,,,,,0,0,0,
tune,610091010,N0_iid,relative,8,COMPLETE,True,124.82921612161944,0.9819627261312991,0.0,3,0,0.0,0,0,0,0,0,0,,,,,,,0,0,0,
tune,610091010,N1_ar05,absolute,0.25,COMPLETE,True,3.247213897639969,0.8174094136811902,0.25,14,0,2.6875,0,172,0,0,8,0,,0.0,,0.0,,,0,0,0,2.3212986276871344
tune,610091010,N1_ar05,absolute,0.5,COMPLETE,True,6.494427795279938,0.8174094136811902,0.875,14,1,1.75,0,112,0,0,33,0,,0.0,,0.0,,,0,0,0,2.470912906646421
tune,610091010,N1_ar05,absolute,1,COMPLETE,True,12.988855590559876,0.8174094136811902,0.65625,14,1,0.671875,0,43,0,0,24,0,,0.0,,0.0,,,0,0,0,2.6577288974680124
tune,610091010,N1_ar05,absolute,2,COMPLETE,True,25.97771118111975,0.8174094136811902,0.1875,14,0,0.125,0,8,0,0,6,0,,0.0,,0.0,,,0,0,0,2.6799715618030167
tune,610091010,N1_ar05,absolute,4,COMPLETE,True,51.9554223622395,0.8174094136811902,0.0,14,0,0.0,0,0,0,0,0,0,,,,,,,0,0,0,
tune,610091010,N1_ar05,absolute,8,COMPLETE,True,103.910844724479,0.8174094136811902,0.0,14,0,0.0,0,0,0,0,0,0,,,,,,,0,0,0,
tune,610091010,N1_ar05,relative,0.25,COMPLETE,True,3.367911897215429,0.8477922847132383,0.34375,14,0,2.640625,0,169,0,0,12,0,,0.0,,0.0,,,0,0,0,2.320679423838361
tune,610091010,N1_ar05,relative,0.5,COMPLETE,True,6.735823794430858,0.8477922847132383,0.75,14,1,1.6875,0,108,0,0,34,0,,0.0,,0.0,,,0,0,0,2.463274630902952
tune,610091010,N1_ar05,relative,1,COMPLETE,True,13.471647588861716,0.8477922847132383,0.625,14,1,0.640625,0,41,0,0,25,0,,0.0,,0.0,,,0,0,0,2.5787068921677534
tune,610091010,N1_ar05,relative,2,COMPLETE,True,26.94329517772343,0.8477922847132383,0.125,14,0,0.078125,0,5,0,0,4,0,,0.0,,0.0,,,0,0,0,2.6256834610973807
tune,610091010,N1_ar05,relative,4,COMPLETE,True,53.88659035544686,0.8477922847132383,0.0,14,0,0.0,0,0,0,0,0,0,,,,,,,0,0,0,
tune,610091010,N1_ar05,relative,8,COMPLETE,True,107.77318071089373,0.8477922847132383,0.0,14,0,0.0,0,0,0,0,0,0,,,,,,,0,0,0,
tune,610091010,N2_season_ar05,absolute,0.25,COMPLETE,True,3.247213897639969,0.8174094136811902,0.25,2,0,2.6875,0,172,0,0,8,0,,0.0,,0.0,,,0,0,0,2.3212986276871344
tune,610091010,N2_season_ar05,absolute,0.5,COMPLETE,True,6.494427795279938,0.8174094136811902,0.875,2,1,1.75,0,112,0,0,33,0,,0.0,,0.0,,,0,0,0,2.470912906646421
tune,610091010,N2_season_ar05,absolute,1,COMPLETE,True,12.988855590559876,0.8174094136811902,0.65625,2,1,0.671875,0,43,0,0,24,0,,0.0,,0.0,,,0,0,0,2.6577288974680124
tune,610091010,N2_season_ar05,absolute,2,COMPLETE,True,25.97771118111975,0.8174094136811902,0.1875,2,1,0.125,0,8,0,0,6,0,,0.0,,0.0,,,0,0,0,2.6799715618030167
tune,610091010,N2_season_ar05,absolute,4,COMPLETE,True,51.9554223622395,0.8174094136811902,0.0,2,0,0.0,0,0,0,0,0,0,,,,,,,0,0,0,
tune,610091010,N2_season_ar05,absolute,8,COMPLETE,True,103.910844724479,0.8174094136811902,0.0,2,0,0.0,0,0,0,0,0,0,,,,,,,0,0,0,
tune,610091010,N2_season_ar05,relative,0.25,COMPLETE,True,3.367911897215429,0.8477922847132383,0.34375,2,0,2.640625,0,169,0,0,12,0,,0.0,,0.0,,,0,0,0,2.320679423838361
tune,610091010,N2_season_ar05,relative,0.5,COMPLETE,True,6.735823794430858,0.8477922847132383,0.75,2,0,1.6875,0,108,0,0,34,0,,0.0,,0.0,,,0,0,0,2.463274630902952
tune,610091010,N2_season_ar05,relative,1,COMPLETE,True,13.471647588861716,0.8477922847132383,0.625,2,1,0.640625,0,41,0,0,25,0,,0.0,,0.0,,,0,0,0,2.5787068921677534
tune,610091010,N2_season_ar05,relative,2,COMPLETE,True,26.94329517772343,0.8477922847132383,0.125,2,1,0.078125,0,5,0,0,4,0,,0.0,,0.0,,,0,0,0,2.6256834610973807
tune,610091010,N2_season_ar05,relative,4,COMPLETE,True,53.88659035544686,0.8477922847132383,0.0,2,0,0.0,0,0,0,0,0,0,,,,,,,0,0,0,
tune,610091010,N2_season_ar05,relative,8,COMPLETE,True,107.77318071089373,0.8477922847132383,0.0,2,0,0.0,0,0,0,0,0,0,,,,,,,0,0,0,
tune,610091010,N3_common_shift2,absolute,0.25,COMPLETE,False,3.247213897639969,0.8174094136811902,0.3125,12,0,2.15625,29,167,32,2,13,32,0.90625,0.17365269461077845,0.0625,0.15384615384615385,0.4482758620689655,1.0,2,0,0,2.4461474624428634
tune,610091010,N3_common_shift2,absolute,0.5,COMPLETE,False,6.494427795279938,0.8174094136811902,0.65625,12,1,1.5,28,124,32,8,31,32,0.875,0.22580645161290322,0.25,0.25806451612903225,0.4642857142857143,0.5,8,0,0,2.6096643364564396
tune,610091010,N3_common_shift2,absolute,1,COMPLETE,False,12.988855590559876,0.8174094136811902,0.5625,12,0,0.515625,23,56,32,16,36,32,0.71875,0.4107142857142857,0.5,0.4444444444444444,0.43478260869565216,0.25,16,0,0,2.806369979086997
tune,610091010,N3_common_shift2,absolute,2,COMPLETE,False,25.97771118111975,0.8174094136811902,0.34375,12,0,0.171875,16,27,32,15,26,32,0.5,0.5925925925925926,0.46875,0.5769230769230769,0.25,0.2,15,0,0,2.8422574758638355
tune,610091010,N3_common_shift2,absolute,4,COMPLETE,False,51.9554223622395,0.8174094136811902,0.15625,12,0,0.078125,6,11,32,6,11,32,0.1875,0.5454545454545454,0.1875,0.5454545454545454,0.3333333333333333,0.3333333333333333,6,0,0,3.239061745020007
tune,610091010,N3_common_shift2,absolute,8,COMPLETE,False,103.910844724479,0.8174094136811902,0.0,12,0,0.0,0,0,32,0,0,32,0.0,,0.0,,,,0,0,0,
tune,610091010,N3_common_shift2,relative,0.25,COMPLETE,True,3.367911897215429,0.8477922847132383,0.34375,12,1,2.640625,0,169,0,0,12,0,,0.0,,0.0,,,0,0,0,2.320679423838361
tune,610091010,N3_common_shift2,relative,0.5,COMPLETE,True,6.735823794430858,0.8477922847132383,0.75,12,1,1.6875,0,108,0,0,34,0,,0.0,,0.0,,,0,0,0,2.463274630902952
tune,610091010,N3_common_shift2,relative,1,COMPLETE,True,13.471647588861716,0.8477922847132383,0.625,12,0,0.640625,0,41,0,0,25,0,,0.0,,0.0,,,0,0,0,2.5787068921677534
tune,610091010,N3_common_shift2,relative,2,COMPLETE,True,26.94329517772343,0.8477922847132383,0.125,12,0,0.078125,0,5,0,0,4,0,,0.0,,0.0,,,0,0,0,2.6256834610973807
tune,610091010,N3_common_shift2,relative,4,COMPLETE,True,53.88659035544686,0.8477922847132383,0.0,12,0,0.0,0,0,0,0,0,0,,,,,,,0,0,0,
tune,610091010,N3_common_shift2,relative,8,COMPLETE,True,107.77318071089373,0.8477922847132383,0.0,12,0,0.0,0,0,0,0,0,0,,,,,,,0,0,0,
tune,610091010,N4_spike4,absolute,0.25,COMPLETE,True,3.247213897639969,0.8174094136811902,0.28125,22,0,2.671875,0,171,0,0,9,0,,0.0,,0.0,,,0,0,0,2.348944638172325
tune,610091010,N4_spike4,absolute,0.5,COMPLETE,True,6.494427795279938,0.8174094136811902,0.875,22,1,1.765625,0,113,0,0,35,0,,0.0,,0.0,,,0,0,0,2.500975564816311
tune,610091010,N4_spike4,absolute,1,COMPLETE,True,12.988855590559876,0.8174094136811902,0.59375,22,1,0.625,0,40,0,0,22,0,,0.0,,0.0,,,0,0,0,2.7069431520811134
tune,610091010,N4_spike4,absolute,2,COMPLETE,True,25.97771118111975,0.8174094136811902,0.21875,22,0,0.15625,0,10,0,0,7,0,,0.0,,0.0,,,0,0,0,2.8782651451950865
tune,610091010,N4_spike4,absolute,4,COMPLETE,True,51.9554223622395,0.8174094136811902,0.0,22,0,0.0,0,0,0,0,0,0,,,,,,,0,0,0,
tune,610091010,N4_spike4,absolute,8,COMPLETE,True,103.910844724479,0.8174094136811902,0.0,22,0,0.0,0,0,0,0,0,0,,,,,,,0,0,0,
tune,610091010,N4_spike4,relative,0.25,COMPLETE,True,3.367911897215429,0.8477922847132383,0.375,22,1,2.625,0,168,0,0,14,0,,0.0,,0.0,,,0,0,0,2.3415723282305185
tune,610091010,N4_spike4,relative,0.5,COMPLETE,True,6.735823794430858,0.8477922847132383,0.75,22,1,1.703125,0,109,0,0,34,0,,0.0,,0.0,,,0,0,0,2.5036785961897663
tune,610091010,N4_spike4,relative,1,COMPLETE,True,13.471647588861716,0.8477922847132383,0.65625,22,1,0.671875,0,43,0,0,26,0,,0.0,,0.0,,,0,0,0,2.6402858032356886
tune,610091010,N4_spike4,relative,2,COMPLETE,True,26.94329517772343,0.8477922847132383,0.1875,22,0,0.125,0,8,0,0,6,0,,0.0,,0.0,,,0,0,0,2.914033981083519
tune,610091010,N4_spike4,relative,4,COMPLETE,True,53.88659035544686,0.8477922847132383,0.0,22,0,0.0,0,0,0,0,0,0,,,,,,,0,0,0,
tune,610091010,N4_spike4,relative,8,COMPLETE,True,107.77318071089373,0.8477922847132383,0.0,22,0,0.0,0,0,0,0,0,0,,,,,,,0,0,0,
tune,610091010,N5_boundary_null,absolute,0.25,COMPLETE,True,3.247213897639969,0.8174094136811902,0.25,29,0,2.6875,0,172,0,0,8,0,,0.0,,0.0,,,0,0,0,2.3212986276871344
tune,610091010,N5_boundary_null,absolute,0.5,COMPLETE,True,6.494427795279938,0.8174094136811902,0.875,29,0,1.75,0,112,0,0,33,0,,0.0,,0.0,,,0,0,0,2.470912906646421
tune,610091010,N5_boundary_null,absolute,1,COMPLETE,True,12.988855590559876,0.8174094136811902,0.65625,29,1,0.671875,0,43,0,0,24,0,,0.0,,0.0,,,0,0,0,2.6577288974680124
tune,610091010,N5_boundary_null,absolute,2,COMPLETE,True,25.97771118111975,0.8174094136811902,0.1875,29,0,0.125,0,8,0,0,6,0,,0.0,,0.0,,,0,0,0,2.6799715618030167
tune,610091010,N5_boundary_null,absolute,4,COMPLETE,True,51.9554223622395,0.8174094136811902,0.0,29,0,0.0,0,0,0,0,0,0,,,,,,,0,0,0,
tune,610091010,N5_boundary_null,absolute,8,COMPLETE,True,103.910844724479,0.8174094136811902,0.0,29,0,0.0,0,0,0,0,0,0,,,,,,,0,0,0,
tune,610091010,N5_boundary_null,relative,0.25,COMPLETE,True,3.366801419178228,0.8475127480920276,0.375,29,0,2.609375,0,167,0,0,14,0,,0.0,,0.0,,,0,0,0,2.3227158152301217
tune,610091010,N5_boundary_null,relative,0.5,COMPLETE,True,6.733602838356456,0.8475127480920276,0.75,29,0,1.734375,0,111,0,0,33,0,,0.0,,0.0,,,0,0,0,2.4536781658870965
tune,610091010,N5_boundary_null,relative,1,COMPLETE,True,13.467205676712911,0.8475127480920276,0.65625,29,1,0.65625,0,42,0,0,27,0,,0.0,,0.0,,,0,0,0,2.580113829599079
tune,610091010,N5_boundary_null,relative,2,COMPLETE,True,26.934411353425823,0.8475127480920276,0.09375,29,0,0.0625,0,4,0,0,3,0,,0.0,,0.0,,,0,0,0,2.725639421224475
tune,610091010,N5_boundary_null,relative,4,COMPLETE,True,53.868822706851645,0.8475127480920276,0.0,29,0,0.0,0,0,0,0,0,0,,,,,,,0,0,0,
tune,610091010,N5_boundary_null,relative,8,COMPLETE,True,107.73764541370329,0.8475127480920276,0.0,29,0,0.0,0,0,0,0,0,0,,,,,,,0,0,0,
tune,610091010,P025,absolute,0.25,COMPLETE,False,3.247213897639969,0.8174094136811902,0.28125,11,0,2.578125,7,172,8,0,9,8,0.875,0.040697674418604654,0.0,0.0,0.7142857142857143,,0,0,0,2.32251683524823
tune,610091010,P025,absolute,0.5,COMPLETE,False,6.494427795279938,0.8174094136811902,0.875,11,1,1.671875,5,112,8,0,34,8,0.625,0.044642857142857144,0.0,0.0,1.0,,0,0,0,2.4687543846185553
tune,610091010,P025,absolute,1,COMPLETE,False,12.988855590559876,0.8174094136811902,0.5625,11,1,0.59375,2,40,8,1,22,8,0.25,0.05,0.125,0.045454545454545456,1.0,1.0,1,0,0,2.674029745483577
tune,610091010,P025,absolute,2,COMPLETE,False,25.97771118111975,0.8174094136811902,0.1875,11,1,0.125,0,8,8,0,6,8,0.0,0.0,0.0,0.0,,,0,0,0,2.695288065713835
tune,610091010,P025,absolute,4,COMPLETE,False,51.9554223622395,0.8174094136811902,0.0,11,0,0.0,0,0,8,0,0,8,0.0,,0.0,,,,0,0,0,
tune,610091010,P025,absolute,8,COMPLETE,False,103.910844724479,0.8174094136811902,0.0,11,0,0.0,0,0,8,0,0,8,0.0,,0.0,,,,0,0,0,
tune,610091010,P025,relative,0.25,COMPLETE,False,3.367911897215429,0.8477922847132383,0.375,11,0,2.546875,5,168,8,0,14,8,0.625,0.02976190476190476,0.0,0.0,0.6,,0,0,0,2.3165845810136156
tune,610091010,P025,relative,0.5,COMPLETE,False,6.735823794430858,0.8477922847132383,0.75,11,1,1.609375,5,108,8,1,34,8,0.625,0.046296296296296294,0.125,0.029411764705882353,0.6,0.0,1,0,0,2.4649633356620195
tune,610091010,P025,relative,1,COMPLETE,False,13.471647588861716,0.8477922847132383,0.625,11,1,0.609375,1,40,8,0,24,8,0.125,0.025,0.0,0.0,1.0,,0,0,0,2.5966627447905246
tune,610091010,P025,relative,2,COMPLETE,False,26.94329517772343,0.8477922847132383,0.15625,11,1,0.09375,0,6,8,0,5,8,0.0,0.0,0.0,0.0,,,0,0,0,2.6589729524045795
tune,610091010,P025,relative,4,COMPLETE,False,53.88659035544686,0.8477922847132383,0.0,11,0,0.0,0,0,8,0,0,8,0.0,,0.0,,,,0,0,0,
tune,610091010,P025,relative,8,COMPLETE,False,107.77318071089373,0.8477922847132383,0.0,11,0,0.0,0,0,8,0,0,8,0.0,,0.0,,,,0,0,0,
tune,610091010,P05,absolute,0.25,COMPLETE,False,3.247213897639969,0.8174094136811902,0.28125,6,0,2.578125,7,172,8,0,9,8,0.875,0.040697674418604654,0.0,0.0,0.7142857142857143,,0,0,0,2.3239549751440607
tune,610091010,P05,absolute,0.5,COMPLETE,False,6.494427795279938,0.8174094136811902,0.875,6,1,1.671875,5,112,8,0,34,8,0.625,0.044642857142857144,0.0,0.0,1.0,,0,0,0,2.4696517595639227
tune,610091010,P05,absolute,1,COMPLETE,False,12.988855590559876,0.8174094136811902,0.5625,6,0,0.59375,2,40,8,1,22,8,0.25,0.05,0.125,0.045454545454545456,1.0,1.0,1,0,0,2.680628020973356
tune,610091010,P05,absolute,2,COMPLETE,False,25.97771118111975,0.8174094136811902,0.21875,6,0,0.140625,1,10,8,0,7,8,0.125,0.1,0.0,0.0,1.0,,0,0,0,2.7867874372390147
tune,610091010,P05,absolute,4,COMPLETE,False,51.9554223622395,0.8174094136811902,0.03125,6,0,0.015625,0,1,8,0,1,8,0.0,0.0,0.0,0.0,,,0,0,0,3.1432110232318617
tune,610091010,P05,absolute,8,COMPLETE,False,103.910844724479,0.8174094136811902,0.0,6,0,0.0,0,0,8,0,0,8,0.0,,0.0,,,,0,0,0,
tune,610091010,P05,relative,0.25,COMPLETE,False,3.367911897215429,0.8477922847132383,0.375,6,0,2.578125,5,170,8,0,13,8,0.625,0.029411764705882353,0.0,0.0,0.6,,0,0,0,2.3118455511090112
tune,610091010,P05,relative,0.5,COMPLETE,False,6.735823794430858,0.8477922847132383,0.75,6,1,1.609375,5,108,8,1,34,8,0.625,0.046296296296296294,0.125,0.029411764705882353,0.6,0.0,1,0,0,2.4684088490722407
tune,610091010,P05,relative,1,COMPLETE,False,13.471647588861716,0.8477922847132383,0.625,6,1,0.609375,1,40,8,0,24,8,0.125,0.025,0.0,0.0,1.0,,0,0,0,2.6040814625624975
tune,610091010,P05,relative,2,COMPLETE,False,26.94329517772343,0.8477922847132383,0.125,6,0,0.078125,0,5,8,0,4,8,0.0,0.0,0.0,0.0,,,0,0,0,2.7704257568387733
tune,610091010,P05,relative,4,COMPLETE,False,53.88659035544686,0.8477922847132383,0.0,6,0,0.0,0,0,8,0,0,8,0.0,,0.0,,,,0,0,0,
tune,610091010,P05,relative,8,COMPLETE,False,107.77318071089373,0.8477922847132383,0.0,6,0,0.0,0,0,8,0,0,8,0.0,,0.0,,,,0,0,0,
tune,610091010,P1,absolute,0.25,COMPLETE,False,3.247213897639969,0.8174094136811902,0.3125,24,0,2.5625,7,171,8,0,10,8,0.875,0.04093567251461988,0.0,0.0,0.8571428571428571,,0,0,0,2.325099086958795
tune,610091010,P1,absolute,0.5,COMPLETE,False,6.494427795279938,0.8174094136811902,0.875,24,1,1.6875,5,113,8,0,34,8,0.625,0.04424778761061947,0.0,0.0,1.0,,0,0,0,2.4665352299390686
tune,610091010,P1,absolute,1,COMPLETE,False,12.988855590559876,0.8174094136811902,0.59375,24,1,0.609375,4,43,8,2,24,8,0.5,0.09302325581395349,0.25,0.08333333333333333,0.75,0.5,2,0,0,2.691571578308328
tune,610091010,P1,absolute,2,COMPLETE,False,25.97771118111975,0.8174094136811902,0.1875,24,0,0.125,1,9,8,1,7,8,0.125,0.1111111111111111,0.125,0.14285714285714285,0.0,0.0,1,0,0,2.7255899028986437
tune,610091010,P1,absolute,4,COMPLETE,False,51.9554223622395,0.8174094136811902,0.03125,24,0,0.015625,0,1,8,0,1,8,0.0,0.0,0.0,0.0,,,0,0,0,3.2788851536580546
tune,610091010,P1,absolute,8,COMPLETE,False,103.910844724479,0.8174094136811902,0.0,24,0,0.0,0,0,8,0,0,8,0.0,,0.0,,,,0,0,0,
tune,610091010,P1,relative,0.25,COMPLETE,False,3.367911897215429,0.8477922847132383,0.40625,24,0,2.53125,6,168,8,0,15,8,0.75,0.03571428571428571,0.0,0.0,0.6666666666666666,,0,0,0,2.316556758501144
tune,610091010,P1,relative,0.5,COMPLETE,False,6.735823794430858,0.8477922847132383,0.75,24,0,1.59375,5,107,8,1,34,8,0.625,0.04672897196261682,0.125,0.029411764705882353,0.6,0.0,1,0,0,2.4677767583182004
tune,610091010,P1,relative,1,COMPLETE,False,13.471647588861716,0.8477922847132383,0.625,24,1,0.625,2,42,8,0,24,8,0.25,0.047619047619047616,0.0,0.0,1.0,,0,0,0,2.6457354301903195
tune,610091010,P1,relative,2,COMPLETE,False,26.94329517772343,0.8477922847132383,0.125,24,0,0.078125,1,6,8,1,5,8,0.125,0.16666666666666666,0.125,0.2,1.0,1.0,1,0,0,2.696084699330583
tune,610091010,P1,relative,4,COMPLETE,False,53.88659035544686,0.8477922847132383,0.0,24,0,0.0,0,0,8,0,0,8,0.0,,0.0,,,,0,0,0,
tune,610091010,P1,relative,8,COMPLETE,False,107.77318071089373,0.8477922847132383,0.0,24,0,0.0,0,0,8,0,0,8,0.0,,0.0,,,,0,0,0,
tune,610091010,P2,absolute,0.25,COMPLETE,False,3.247213897639969,0.8174094136811902,0.3125,30,1,2.578125,7,172,8,0,10,8,0.875,0.040697674418604654,0.0,0.0,0.5714285714285714,,0,0,0,2.3424509460652554
tune,610091010,P2,absolute,0.5,COMPLETE,False,6.494427795279938,0.8174094136811902,0.84375,30,1,1.671875,7,114,8,2,34,8,0.875,0.06140350877192982,0.25,0.058823529411764705,0.42857142857142855,0.5,2,0,0,2.4938470021582138
tune,610091010,P2,absolute,1,COMPLETE,False,12.988855590559876,0.8174094136811902,0.5625,30,1,0.59375,6,44,8,4,25,8,0.75,0.13636363636363635,0.5,0.16,0.5,0.25,4,0,0,2.7655538511561337
tune,610091010,P2,absolute,2,COMPLETE,False,25.97771118111975,0.8174094136811902,0.21875,30,0,0.140625,3,12,8,2,9,8,0.375,0.25,0.25,0.2222222222222222,0.3333333333333333,0.0,2,0,0,2.8632393123669697
tune,610091010,P2,absolute,4,COMPLETE,False,51.9554223622395,0.8174094136811902,0.03125,30,0,0.015625,1,2,8,1,2,8,0.125,0.5,0.125,0.5,0.0,0.0,1,0,0,3.4956596937668465
tune,610091010,P2,absolute,8,COMPLETE,False,103.910844724479,0.8174094136811902,0.0,30,0,0.0,0,0,8,0,0,8,0.0,,0.0,,,,0,0,0,
tune,610091010,P2,relative,0.25,COMPLETE,False,3.367911897215429,0.8477922847132383,0.40625,30,1,2.515625,7,168,8,0,15,8,0.875,0.041666666666666664,0.0,0.0,0.42857142857142855,,0,0,0,2.3343232459665555
tune,610091010,P2,relative,0.5,COMPLETE,False,6.735823794430858,0.8477922847132383,0.71875,30,1,1.59375,6,108,8,2,34,8,0.75,0.05555555555555555,0.25,0.058823529411764705,0.3333333333333333,0.0,2,0,0,2.489406404320732
tune,610091010,P2,relative,1,COMPLETE,False,13.471647588861716,0.8477922847132383,0.6875,30,1,0.65625,5,47,8,2,27,8,0.625,0.10638297872340426,0.25,0.07407407407407407,0.6,0.0,2,0,0,2.6540581865960102
tune,610091010,P2,relative,2,COMPLETE,False,26.94329517772343,0.8477922847132383,0.125,30,0,0.078125,1,6,8,1,5,8,0.125,0.16666666666666666,0.125,0.2,1.0,1.0,1,0,0,2.9310129525653057
tune,610091010,P2,relative,4,COMPLETE,False,53.88659035544686,0.8477922847132383,0.03125,30,0,0.015625,0,1,8,0,1,8,0.0,0.0,0.0,0.0,,,0,0,0,3.325464892348555
tune,610091010,P2,relative,8,COMPLETE,False,107.77318071089373,0.8477922847132383,0.0,30,0,0.0,0,0,8,0,0,8,0.0,,0.0,,,,0,0,0,
tune,610091010,P6_return,absolute,0.25,COMPLETE,False,3.247213897639969,0.8174094136811902,0.25,14,0,2.484375,13,172,16,1,9,16,0.8125,0.0755813953488372,0.0625,0.1111111111111111,0.5384615384615384,0.0,0,1,0,2.3388898659046817
tune,610091010,P6_return,absolute,0.5,COMPLETE,False,6.494427795279938,0.8174094136811902,0.84375,14,1,1.625,10,114,16,2,33,16,0.625,0.08771929824561403,0.125,0.06060606060606061,0.8,0.0,0,2,0,2.4647796464775964
tune,610091010,P6_return,absolute,1,COMPLETE,False,12.988855590559876,0.8174094136811902,0.5625,14,0,0.578125,4,41,16,1,22,16,0.25,0.0975609756097561,0.0625,0.045454545454545456,1.0,1.0,1,0,0,2.7154516684061836
tune,610091010,P6_return,absolute,2,COMPLETE,False,25.97771118111975,0.8174094136811902,0.21875,14,0,0.140625,1,10,16,0,7,16,0.0625,0.1,0.0,0.0,1.0,,0,0,0,2.8334300433725836
tune,610091010,P6_return,absolute,4,COMPLETE,False,51.9554223622395,0.8174094136811902,0.0,14,0,0.0,0,0,16,0,0,16,0.0,,0.0,,,,0,0,0,
tune,610091010,P6_return,absolute,8,COMPLETE,False,103.910844724479,0.8174094136811902,0.0,14,0,0.0,0,0,16,0,0,16,0.0,,0.0,,,,0,0,0,
tune,610091010,P6_return,relative,0.25,COMPLETE,False,3.367911897215429,0.8477922847132383,0.375,14,0,2.421875,13,168,16,2,16,16,0.8125,0.07738095238095238,0.125,0.125,0.6153846153846154,0.0,0,2,0,2.324935028774263
tune,610091010,P6_return,relative,0.5,COMPLETE,False,6.735823794430858,0.8477922847132383,0.75,14,1,1.546875,8,107,16,2,34,16,0.5,0.07476635514018691,0.125,0.058823529411764705,0.75,0.5,1,1,0,2.4715870905184705
tune,610091010,P6_return,relative,1,COMPLETE,False,13.471647588861716,0.8477922847132383,0.5625,14,0,0.546875,4,39,16,1,22,16,0.25,0.10256410256410256,0.0625,0.045454545454545456,1.0,1.0,0,1,0,2.637835423617129
tune,610091010,P6_return,relative,2,COMPLETE,False,26.94329517772343,0.8477922847132383,0.15625,14,0,0.09375,0,6,16,0,5,16,0.0,0.0,0.0,0.0,,,0,0,0,2.664562292437257
tune,610091010,P6_return,relative,4,COMPLETE,False,53.88659035544686,0.8477922847132383,0.0,14,0,0.0,0,0,16,0,0,16,0.0,,0.0,,,,0,0,0,
tune,610091010,P6_return,relative,8,COMPLETE,False,107.77318071089373,0.8477922847132383,0.0,14,0,0.0,0,0,16,0,0,16,0.0,,0.0,,,,0,0,0,
tune,610091010,C3_short_censored,absolute,0.25,COMPLETE,False,3.247213897639969,0.8174094136811902,0.28125,29,0,2.59375,8,174,8,0,9,0,1.0,0.04597701149425287,,0.0,0.0,,0,0,8,2.362169706377665
tune,610091010,C3_short_censored,absolute,0.5,COMPLETE,False,6.494427795279938,0.8174094136811902,0.8125,29,0,1.6875,8,116,8,0,32,0,1.0,0.06896551724137931,,0.0,0.0,,0,0,8,2.5117695322729214
tune,610091010,C3_short_censored,absolute,1,COMPLETE,False,12.988855590559876,0.8174094136811902,0.59375,29,1,0.640625,5,46,8,0,23,0,0.625,0.10869565217391304,,0.0,0.0,,0,0,8,2.767711156662679
tune,610091010,C3_short_censored,absolute,2,COMPLETE,False,25.97771118111975,0.8174094136811902,0.21875,29,0,0.140625,1,10,8,0,7,0,0.125,0.1,,0.0,0.0,,0,0,8,2.7210952659435876
tune,610091010,C3_short_censored,absolute,4,COMPLETE,False,51.9554223622395,0.8174094136811902,0.03125,29,0,0.015625,0,1,8,0,1,0,0.0,0.0,,0.0,,,0,0,8,3.2788851536580546
tune,610091010,C3_short_censored,absolute,8,COMPLETE,False,103.910844724479,0.8174094136811902,0.0,29,0,0.0,0,0,8,0,0,0,0.0,,,,,,0,0,8,
tune,610091010,C3_short_censored,relative,0.25,COMPLETE,False,3.367911897215429,0.8477922847132383,0.3125,29,0,2.578125,8,173,8,0,11,0,1.0,0.046242774566473986,,0.0,0.0,,0,0,8,2.3466435570904465
tune,610091010,C3_short_censored,relative,0.5,COMPLETE,False,6.735823794430858,0.8477922847132383,0.75,29,0,1.609375,7,110,8,0,35,0,0.875,0.06363636363636363,,0.0,0.0,,0,0,8,2.509659462489063
tune,610091010,C3_short_censored,relative,1,COMPLETE,False,13.471647588861716,0.8477922847132383,0.65625,29,1,0.6875,3,47,8,0,27,0,0.375,0.06382978723404255,,0.0,0.0,,0,0,8,2.6472905292063156
tune,610091010,C3_short_censored,relative,2,COMPLETE,False,26.94329517772343,0.8477922847132383,0.09375,29,0,0.0625,1,5,8,0,3,0,0.125,0.2,,0.0,0.0,,0,0,8,2.883073249049132
tune,610091010,C3_short_censored,relative,4,COMPLETE,False,53.88659035544686,0.8477922847132383,0.0,29,0,0.0,0,0,8,0,0,0,0.0,,,,,,0,0,8,
tune,610091010,C3_short_censored,relative,8,COMPLETE,False,107.77318071089373,0.8477922847132383,0.0,29,0,0.0,0,0,8,0,0,0,0.0,,,,,,0,0,8,
tune,610091011,N0_iid,absolute,0.25,COMPLETE,True,3.660413221967672,0.9214225856122559,0.65625,29,0,2.375,0,152,0,0,26,0,,0.0,,0.0,,,0,0,0,2.074163451828217
tune,610091011,N0_iid,absolute,0.5,COMPLETE,True,7.320826443935344,0.9214225856122559,0.65625,29,1,1.046875,0,67,0,0,27,0,,0.0,,0.0,,,0,0,0,2.1353987854454353
tune,610091011,N0_iid,absolute,1,COMPLETE,True,14.641652887870688,0.9214225856122559,0.0,29,0,0.046875,0,3,0,0,0,0,,0.0,,,,,0,0,0,2.2978933506880335
tune,610091011,N0_iid,absolute,2,COMPLETE,True,29.283305775741375,0.9214225856122559,0.0,29,0,0.0,0,0,0,0,0,0,,,,,,,0,0,0,
tune,610091011,N0_iid,absolute,4,COMPLETE,True,58.56661155148275,0.9214225856122559,0.0,29,0,0.0,0,0,0,0,0,0,,,,,,,0,0,0,
tune,610091011,N0_iid,absolute,8,COMPLETE,True,117.1332231029655,0.9214225856122559,0.0,29,0,0.0,0,0,0,0,0,0,,,,,,,0,0,0,
tune,610091011,N0_iid,relative,0.25,COMPLETE,True,3.778607514951099,0.9511752076364048,0.625,29,0,2.328125,0,149,0,0,27,0,,0.0,,0.0,,,0,0,0,2.082701126054812
tune,610091011,N0_iid,relative,0.5,COMPLETE,True,7.557215029902198,0.9511752076364048,0.5625,29,0,0.90625,0,58,0,0,24,0,,0.0,,0.0,,,0,0,0,2.2016814828449256
tune,610091011,N0_iid,relative,1,COMPLETE,True,15.114430059804397,0.9511752076364048,0.0,29,0,0.046875,0,3,0,0,0,0,,0.0,,,,,0,0,0,2.3314936194331595
tune,610091011,N0_iid,relative,2,COMPLETE,True,30.228860119608793,0.9511752076364048,0.0,29,0,0.0,0,0,0,0,0,0,,,,,,,0,0,0,
tune,610091011,N0_iid,relative,4,COMPLETE,True,60.457720239217586,0.9511752076364048,0.0,29,0,0.0,0,0,0,0,0,0,,,,,,,0,0,0,
tune,610091011,N0_iid,relative,8,COMPLETE,True,120.91544047843517,0.9511752076364048,0.0,29,0,0.0,0,0,0,0,0,0,,,,,,,0,0,0,
tune,610091011,N1_ar05,absolute,0.25,COMPLETE,True,3.1290789289044563,0.7876717251354732,0.3125,2,0,2.625,0,168,0,0,11,0,,0.0,,0.0,,,0,0,0,2.357391530425913
tune,610091011,N1_ar05,absolute,0.5,COMPLETE,True,6.2581578578089125,0.7876717251354732,0.75,2,0,1.96875,0,126,0,0,35,0,,0.0,,0.0,,,0,0,0,2.549279232786656
tune,610091011,N1_ar05,absolute,1,COMPLETE,True,12.516315715617825,0.7876717251354732,0.6875,2,1,0.859375,0,55,0,0,29,0,,0.0,,0.0,,,0,0,0,2.7287960164119562
tune,610091011,N1_ar05,absolute,2,COMPLETE,True,25.03263143123565,0.7876717251354732,0.15625,2,0,0.109375,0,7,0,0,5,0,,0.0,,0.0,,,0,0,0,2.7601513930473787
tune,610091011,N1_ar05,absolute,4,COMPLETE,True,50.0652628624713,0.7876717251354732,0.0,2,0,0.0,0,0,0,0,0,0,,,,,,,0,0,0,
tune,610091011,N1_ar05,absolute,8,COMPLETE,True,100.1305257249426,0.7876717251354732,0.0,2,0,0.0,0,0,0,0,0,0,,,,,,,0,0,0,
tune,610091011,N1_ar05,relative,0.25,COMPLETE,True,3.2500376085819087,0.8181202162270692,0.4375,2,0,2.578125,0,165,0,0,18,0,,0.0,,0.0,,,0,0,0,2.355312188799094
tune,610091011,N1_ar05,relative,0.5,COMPLETE,True,6.500075217163817,0.8181202162270692,0.78125,2,0,1.921875,0,123,0,0,39,0,,0.0,,0.0,,,0,0,0,2.5127118127471126
tune,610091011,N1_ar05,relative,1,COMPLETE,True,13.000150434327635,0.8181202162270692,0.71875,2,1,0.875,0,56,0,0,34,0,,0.0,,0.0,,,0,0,0,2.6755665573272256
tune,610091011,N1_ar05,relative,2,COMPLETE,True,26.00030086865527,0.8181202162270692,0.09375,2,0,0.0625,0,4,0,0,3,0,,0.0,,0.0,,,0,0,0,2.641036650284999
tune,610091011,N1_ar05,relative,4,COMPLETE,True,52.00060173731054,0.8181202162270692,0.0,2,0,0.0,0,0,0,0,0,0,,,,,,,0,0,0,
tune,610091011,N1_ar05,relative,8,COMPLETE,True,104.00120347462108,0.8181202162270692,0.0,2,0,0.0,0,0,0,0,0,0,,,,,,,0,0,0,
tune,610091011,N2_season_ar05,absolute,0.25,COMPLETE,True,3.1290789289044563,0.7876717251354732,0.3125,3,1,2.625,0,168,0,0,11,0,,0.0,,0.0,,,0,0,0,2.357391530425913
tune,610091011,N2_season_ar05,absolute,0.5,COMPLETE,True,6.2581578578089125,0.7876717251354732,0.75,3,0,1.96875,0,126,0,0,35,0,,0.0,,0.0,,,0,0,0,2.549279232786656
tune,610091011,N2_season_ar05,absolute,1,COMPLETE,True,12.516315715617825,0.7876717251354732,0.6875,3,0,0.859375,0,55,0,0,29,0,,0.0,,0.0,,,0,0,0,2.7287960164119562
tune,610091011,N2_season_ar05,absolute,2,COMPLETE,True,25.03263143123565,0.7876717251354732,0.15625,3,0,0.109375,0,7,0,0,5,0,,0.0,,0.0,,,0,0,0,2.7601513930473787
tune,610091011,N2_season_ar05,absolute,4,COMPLETE,True,50.0652628624713,0.7876717251354732,0.0,3,0,0.0,0,0,0,0,0,0,,,,,,,0,0,0,
tune,610091011,N2_season_ar05,absolute,8,COMPLETE,True,100.1305257249426,0.7876717251354732,0.0,3,0,0.0,0,0,0,0,0,0,,,,,,,0,0,0,
tune,610091011,N2_season_ar05,relative,0.25,COMPLETE,True,3.2500376085819087,0.8181202162270692,0.4375,3,1,2.578125,0,165,0,0,18,0,,0.0,,0.0,,,0,0,0,2.355312188799094
tune,610091011,N2_season_ar05,relative,0.5,COMPLETE,True,6.500075217163817,0.8181202162270692,0.78125,3,1,1.921875,0,123,0,0,39,0,,0.0,,0.0,,,0,0,0,2.5127118127471126
tune,610091011,N2_season_ar05,relative,1,COMPLETE,True,13.000150434327635,0.8181202162270692,0.71875,3,0,0.875,0,56,0,0,34,0,,0.0,,0.0,,,0,0,0,2.6755665573272256
tune,610091011,N2_season_ar05,relative,2,COMPLETE,True,26.00030086865527,0.8181202162270692,0.09375,3,0,0.0625,0,4,0,0,3,0,,0.0,,0.0,,,0,0,0,2.641036650284999
tune,610091011,N2_season_ar05,relative,4,COMPLETE,True,52.00060173731054,0.8181202162270692,0.0,3,0,0.0,0,0,0,0,0,0,,,,,,,0,0,0,
tune,610091011,N2_season_ar05,relative,8,COMPLETE,True,104.00120347462108,0.8181202162270692,0.0,3,0,0.0,0,0,0,0,0,0,,,,,,,0,0,0,
tune,610091011,N3_common_shift2,absolute,0.25,COMPLETE,False,3.1290789289044563,0.7876717251354732,0.40625,4,1,2.078125,31,164,32,5,19,32,0.96875,0.18902439024390244,0.15625,0.2631578947368421,0.3870967741935484,0.2,5,0,0,2.4754385808621957
tune,610091011,N3_common_shift2,absolute,0.5,COMPLETE,False,6.2581578578089125,0.7876717251354732,0.59375,4,1,1.5625,29,129,32,8,32,32,0.90625,0.2248062015503876,0.25,0.25,0.4482758620689655,0.5,8,0,0,2.643947615556142
tune,610091011,N3_common_shift2,absolute,1,COMPLETE,False,12.516315715617825,0.7876717251354732,0.59375,4,0,0.65625,28,70,32,20,42,32,0.875,0.4,0.625,0.47619047619047616,0.35714285714285715,0.35,20,0,0,2.818443749518581
tune,610091011,N3_common_shift2,absolute,2,COMPLETE,False,25.03263143123565,0.7876717251354732,0.21875,4,0,0.171875,15,26,32,15,23,32,0.46875,0.5769230769230769,0.46875,0.6521739130434783,0.4,0.4,15,0,0,2.8593374273520027
tune,610091011,N3_common_shift2,absolute,4,COMPLETE,False,50.0652628624713,0.7876717251354732,0.0,4,0,0.015625,6,7,32,6,6,32,0.1875,0.8571428571428571,0.1875,1.0,0.3333333333333333,0.3333333333333333,6,0,0,3.134446633818996
tune,610091011,N3_common_shift2,absolute,8,COMPLETE,False,100.1305257249426,0.7876717251354732,0.0,4,0,0.0,0,0,32,0,0,32,0.0,,0.0,,,,0,0,0,
tune,610091011,N3_common_shift2,relative,0.25,COMPLETE,True,3.2500376085819087,0.8181202162270692,0.4375,4,1,2.578125,0,165,0,0,18,0,,0.0,,0.0,,,0,0,0,2.355312188799094
tune,610091011,N3_common_shift2,relative,0.5,COMPLETE,True,6.500075217163817,0.8181202162270692,0.78125,4,1,1.921875,0,123,0,0,39,0,,0.0,,0.0,,,0,0,0,2.5127118127471126
tune,610091011,N3_common_shift2,relative,1,COMPLETE,True,13.000150434327635,0.8181202162270692,0.71875,4,0,0.875,0,56,0,0,34,0,,0.0,,0.0,,,0,0,0,2.6755665573272256
tune,610091011,N3_common_shift2,relative,2,COMPLETE,True,26.00030086865527,0.8181202162270692,0.09375,4,0,0.0625,0,4,0,0,3,0,,0.0,,0.0,,,0,0,0,2.641036650284999
tune,610091011,N3_common_shift2,relative,4,COMPLETE,True,52.00060173731054,0.8181202162270692,0.0,4,0,0.0,0,0,0,0,0,0,,,,,,,0,0,0,
tune,610091011,N3_common_shift2,relative,8,COMPLETE,True,104.00120347462108,0.8181202162270692,0.0,4,0,0.0,0,0,0,0,0,0,,,,,,,0,0,0,
tune,610091011,N4_spike4,absolute,0.25,COMPLETE,True,3.1290789289044563,0.7876717251354732,0.34375,24,1,2.625,0,168,0,0,13,0,,0.0,,0.0,,,0,0,0,2.3664384389779833
tune,610091011,N4_spike4,absolute,0.5,COMPLETE,True,6.2581578578089125,0.7876717251354732,0.6875,24,1,2.0,0,128,0,0,34,0,,0.0,,0.0,,,0,0,0,2.5605158624005875
tune,610091011,N4_spike4,absolute,1,COMPLETE,True,12.516315715617825,0.7876717251354732,0.71875,24,1,0.875,0,56,0,0,30,0,,0.0,,0.0,,,0,0,0,2.724936990361428
tune,610091011,N4_spike4,absolute,2,COMPLETE,True,25.03263143123565,0.7876717251354732,0.15625,24,0,0.109375,0,7,0,0,5,0,,0.0,,0.0,,,0,0,0,2.7620113453535455
tune,610091011,N4_spike4,absolute,4,COMPLETE,True,50.0652628624713,0.7876717251354732,0.0,24,0,0.0,0,0,0,0,0,0,,,,,,,0,0,0,
tune,610091011,N4_spike4,absolute,8,COMPLETE,True,100.1305257249426,0.7876717251354732,0.0,24,0,0.0,0,0,0,0,0,0,,,,,,,0,0,0,
tune,610091011,N4_spike4,relative,0.25,COMPLETE,True,3.2500376085819087,0.8181202162270692,0.34375,24,0,2.625,0,168,0,0,15,0,,0.0,,0.0,,,0,0,0,2.349864949745581
tune,610091011,N4_spike4,relative,0.5,COMPLETE,True,6.500075217163817,0.8181202162270692,0.78125,24,1,1.921875,0,123,0,0,39,0,,0.0,,0.0,,,0,0,0,2.51468792520005
tune,610091011,N4_spike4,relative,1,COMPLETE,True,13.000150434327635,0.8181202162270692,0.6875,24,1,0.84375,0,54,0,0,32,0,,0.0,,0.0,,,0,0,0,2.686109798998306
tune,610091011,N4_spike4,relative,2,COMPLETE,True,26.00030086865527,0.8181202162270692,0.09375,24,0,0.0625,0,4,0,0,3,0,,0.0,,0.0,,,0,0,0,2.6949494915676473
tune,610091011,N4_spike4,relative,4,COMPLETE,True,52.00060173731054,0.8181202162270692,0.0,24,0,0.0,0,0,0,0,0,0,,,,,,,0,0,0,
tune,610091011,N4_spike4,relative,8,COMPLETE,True,104.00120347462108,0.8181202162270692,0.0,24,0,0.0,0,0,0,0,0,0,,,,,,,0,0,0,
tune,610091011,N5_boundary_null,absolute,0.25,COMPLETE,True,3.1290789289044563,0.7876717251354732,0.3125,19,0,2.625,0,168,0,0,11,0,,0.0,,0.0,,,0,0,0,2.357391530425913
tune,610091011,N5_boundary_null,absolute,0.5,COMPLETE,True,6.2581578578089125,0.7876717251354732,0.75,19,1,1.96875,0,126,0,0,35,0,,0.0,,0.0,,,0,0,0,2.549279232786656
tune,610091011,N5_boundary_null,absolute,1,COMPLETE,True,12.516315715617825,0.7876717251354732,0.6875,19,1,0.859375,0,55,0,0,29,0,,0.0,,0.0,,,0,0,0,2.7287960164119562
tune,610091011,N5_boundary_null,absolute,2,COMPLETE,True,25.03263143123565,0.7876717251354732,0.15625,19,0,0.109375,0,7,0,0,5,0,,0.0,,0.0,,,0,0,0,2.760151393047379
tune,610091011,N5_boundary_null,absolute,4,COMPLETE,True,50.0652628624713,0.7876717251354732,0.0,19,0,0.0,0,0,0,0,0,0,,,,,,,0,0,0,
tune,610091011,N5_boundary_null,absolute,8,COMPLETE,True,100.1305257249426,0.7876717251354732,0.0,19,0,0.0,0,0,0,0,0,0,,,,,,,0,0,0,
tune,610091011,N5_boundary_null,relative,0.25,COMPLETE,True,3.2549791866396336,0.8193641418045499,0.4375,19,0,2.59375,0,166,0,0,15,0,,0.0,,0.0,,,0,0,0,2.343233662461099
tune,610091011,N5_boundary_null,relative,0.5,COMPLETE,True,6.509958373279267,0.8193641418045499,0.8125,19,1,1.921875,0,123,0,0,40,0,,0.0,,0.0,,,0,0,0,2.5054805138042675
tune,610091011,N5_boundary_null,relative,1,COMPLETE,True,13.019916746558534,0.8193641418045499,0.6875,19,1,0.8125,0,52,0,0,32,0,,0.0,,0.0,,,0,0,0,2.681752149091158
tune,610091011,N5_boundary_null,relative,2,COMPLETE,True,26.03983349311707,0.8193641418045499,0.09375,19,0,0.0625,0,4,0,0,3,0,,0.0,,0.0,,,0,0,0,2.6804196544851377
tune,610091011,N5_boundary_null,relative,4,COMPLETE,True,52.07966698623414,0.8193641418045499,0.0,19,0,0.0,0,0,0,0,0,0,,,,,,,0,0,0,
tune,610091011,N5_boundary_null,relative,8,COMPLETE,True,104.15933397246827,0.8193641418045499,0.0,19,0,0.0,0,0,0,0,0,0,,,,,,,0,0,0,
tune,610091011,P025,absolute,0.25,COMPLETE,False,3.1290789289044563,0.7876717251354732,0.3125,20,0,2.5,8,168,8,0,11,8,1.0,0.047619047619047616,0.0,0.0,0.625,,0,0,0,2.354627848374264
tune,610091011,P025,absolute,0.5,COMPLETE,False,6.2581578578089125,0.7876717251354732,0.71875,20,1,1.890625,5,126,8,1,35,8,0.625,0.03968253968253968,0.125,0.02857142857142857,0.8,1.0,1,0,0,2.5508627556627093
tune,610091011,P025,absolute,1,COMPLETE,False,12.516315715617825,0.7876717251354732,0.6875,20,0,0.8125,3,55,8,0,29,8,0.375,0.05454545454545454,0.0,0.0,1.0,,0,0,0,2.7279903940664503
tune,610091011,P025,absolute,2,COMPLETE,False,25.03263143123565,0.7876717251354732,0.15625,20,0,0.109375,0,7,8,0,5,8,0.0,0.0,0.0,0.0,,,0,0,0,2.761232341256992
tune,610091011,P025,absolute,4,COMPLETE,False,50.0652628624713,0.7876717251354732,0.0,20,0,0.0,0,0,8,0,0,8,0.0,,0.0,,,,0,0,0,
tune,610091011,P025,absolute,8,COMPLETE,False,100.1305257249426,0.7876717251354732,0.0,20,0,0.0,0,0,8,0,0,8,0.0,,0.0,,,,0,0,0,
tune,610091011,P025,relative,0.25,COMPLETE,False,3.2500376085819087,0.8181202162270692,0.40625,20,0,2.5,8,168,8,0,17,8,1.0,0.047619047619047616,0.0,0.0,0.5,,0,0,0,2.3489000551923827
tune,610091011,P025,relative,0.5,COMPLETE,False,6.500075217163817,0.8181202162270692,0.78125,20,1,1.828125,5,122,8,1,39,8,0.625,0.040983606557377046,0.125,0.02564102564102564,0.8,1.0,1,0,0,2.513266049085513
tune,610091011,P025,relative,1,COMPLETE,False,13.000150434327635,0.8181202162270692,0.65625,20,0,0.78125,3,53,8,1,31,8,0.375,0.05660377358490566,0.125,0.03225806451612903,1.0,1.0,1,0,0,2.714495767812905
tune,610091011,P025,relative,2,COMPLETE,False,26.00030086865527,0.8181202162270692,0.09375,20,0,0.0625,0,4,8,0,3,8,0.0,0.0,0.0,0.0,,,0,0,0,2.6766743073127364
tune,610091011,P025,relative,4,COMPLETE,False,52.00060173731054,0.8181202162270692,0.0,20,0,0.0,0,0,8,0,0,8,0.0,,0.0,,,,0,0,0,
tune,610091011,P025,relative,8,COMPLETE,False,104.00120347462108,0.8181202162270692,0.0,20,0,0.0,0,0,8,0,0,8,0.0,,0.0,,,,0,0,0,
tune,610091011,P05,absolute,0.25,COMPLETE,False,3.1290789289044563,0.7876717251354732,0.3125,28,1,2.5,8,168,8,0,11,8,1.0,0.047619047619047616,0.0,0.0,0.625,,0,0,0,2.351767833600355
tune,610091011,P05,absolute,0.5,COMPLETE,False,6.2581578578089125,0.7876717251354732,0.71875,28,1,1.890625,5,126,8,1,35,8,0.625,0.03968253968253968,0.125,0.02857142857142857,0.8,1.0,1,0,0,2.5504201509931046
tune,610091011,P05,absolute,1,COMPLETE,False,12.516315715617825,0.7876717251354732,0.6875,28,0,0.828125,2,55,8,0,29,8,0.25,0.03636363636363636,0.0,0.0,1.0,,0,0,0,2.7106801970223833
tune,610091011,P05,absolute,2,COMPLETE,False,25.03263143123565,0.7876717251354732,0.1875,28,0,0.125,0,8,8,0,6,8,0.0,0.0,0.0,0.0,,,0,0,0,2.6823699674403283
tune,610091011,P05,absolute,4,COMPLETE,False,50.0652628624713,0.7876717251354732,0.0,28,0,0.0,0,0,8,0,0,8,0.0,,0.0,,,,0,0,0,
tune,610091011,P05,absolute,8,COMPLETE,False,100.1305257249426,0.7876717251354732,0.0,28,0,0.0,0,0,8,0,0,8,0.0,,0.0,,,,0,0,0,
tune,610091011,P05,relative,0.25,COMPLETE,False,3.2500376085819087,0.8181202162270692,0.40625,28,1,2.5,8,168,8,0,17,8,1.0,0.047619047619047616,0.0,0.0,0.625,,0,0,0,2.3474682598829006
tune,610091011,P05,relative,0.5,COMPLETE,False,6.500075217163817,0.8181202162270692,0.78125,28,1,1.828125,5,122,8,1,38,8,0.625,0.040983606557377046,0.125,0.02631578947368421,0.8,1.0,1,0,0,2.5215422040994806
tune,610091011,P05,relative,1,COMPLETE,False,13.000150434327635,0.8181202162270692,0.625,28,0,0.734375,4,51,8,2,31,8,0.5,0.0784313725490196,0.25,0.06451612903225806,1.0,1.0,2,0,0,2.7008394824858133
tune,610091011,P05,relative,2,COMPLETE,False,26.00030086865527,0.8181202162270692,0.125,28,0,0.078125,0,5,8,0,4,8,0.0,0.0,0.0,0.0,,,0,0,0,2.5923042307789674
tune,610091011,P05,relative,4,COMPLETE,False,52.00060173731054,0.8181202162270692,0.0,28,0,0.0,0,0,8,0,0,8,0.0,,0.0,,,,0,0,0,
tune,610091011,P05,relative,8,COMPLETE,False,104.00120347462108,0.8181202162270692,0.0,28,0,0.0,0,0,8,0,0,8,0.0,,0.0,,,,0,0,0,
tune,610091011,P1,absolute,0.25,COMPLETE,False,3.1290789289044563,0.7876717251354732,0.3125,5,0,2.5,8,168,8,1,12,8,1.0,0.047619047619047616,0.125,0.08333333333333333,0.625,0.0,1,0,0,2.3520993327806856
tune,610091011,P1,absolute,0.5,COMPLETE,False,6.2581578578089125,0.7876717251354732,0.71875,5,1,1.90625,5,127,8,0,35,8,0.625,0.03937007874015748,0.0,0.0,0.8,,0,0,0,2.5443691838454034
tune,610091011,P1,absolute,1,COMPLETE,False,12.516315715617825,0.7876717251354732,0.6875,5,1,0.828125,2,55,8,0,29,8,0.25,0.03636363636363636,0.0,0.0,1.0,,0,0,0,2.714140253674495
tune,610091011,P1,absolute,2,COMPLETE,False,25.03263143123565,0.7876717251354732,0.21875,5,1,0.15625,0,10,8,0,7,8,0.0,0.0,0.0,0.0,,,0,0,0,2.7284294983019732
tune,610091011,P1,absolute,4,COMPLETE,False,50.0652628624713,0.7876717251354732,0.0,5,0,0.0,0,0,8,0,0,8,0.0,,0.0,,,,0,0,0,
tune,610091011,P1,absolute,8,COMPLETE,False,100.1305257249426,0.7876717251354732,0.0,5,0,0.0,0,0,8,0,0,8,0.0,,0.0,,,,0,0,0,
tune,610091011,P1,relative,0.25,COMPLETE,False,3.2500376085819087,0.8181202162270692,0.40625,5,0,2.515625,8,169,8,0,17,8,1.0,0.047337278106508875,0.0,0.0,0.625,,0,0,0,2.348519171060991
tune,610091011,P1,relative,0.5,COMPLETE,False,6.500075217163817,0.8181202162270692,0.8125,5,1,1.796875,5,120,8,1,39,8,0.625,0.041666666666666664,0.125,0.02564102564102564,0.8,1.0,1,0,0,2.5109567132112898
tune,610091011,P1,relative,1,COMPLETE,False,13.000150434327635,0.8181202162270692,0.65625,5,1,0.765625,4,53,8,2,33,8,0.5,0.07547169811320754,0.25,0.06060606060606061,1.0,1.0,2,0,0,2.6914254878020976
tune,610091011,P1,relative,2,COMPLETE,False,26.00030086865527,0.8181202162270692,0.15625,5,1,0.09375,0,6,8,0,5,8,0.0,0.0,0.0,0.0,,,0,0,0,2.600708503992815
tune,610091011,P1,relative,4,COMPLETE,False,52.00060173731054,0.8181202162270692,0.0,5,0,0.0,0,0,8,0,0,8,0.0,,0.0,,,,0,0,0,
tune,610091011,P1,relative,8,COMPLETE,False,104.00120347462108,0.8181202162270692,0.0,5,0,0.0,0,0,8,0,0,8,0.0,,0.0,,,,0,0,0,
tune,610091011,P2,absolute,0.25,COMPLETE,False,3.1290789289044563,0.7876717251354732,0.375,8,0,2.484375,7,166,8,1,14,8,0.875,0.04216867469879518,0.125,0.07142857142857142,0.42857142857142855,0.0,1,0,0,2.3687462943152915
tune,610091011,P2,absolute,0.5,COMPLETE,False,6.2581578578089125,0.7876717251354732,0.6875,8,1,1.90625,7,129,8,1,34,8,0.875,0.05426356589147287,0.125,0.029411764705882353,0.42857142857142855,0.0,1,0,0,2.547941517938638
tune,610091011,P2,absolute,1,COMPLETE,False,12.516315715617825,0.7876717251354732,0.6875,8,1,0.796875,5,56,8,3,32,8,0.625,0.08928571428571429,0.375,0.09375,0.2,0.3333333333333333,3,0,0,2.7184421103823917
tune,610091011,P2,absolute,2,COMPLETE,False,25.03263143123565,0.7876717251354732,0.1875,8,0,0.140625,2,11,8,2,8,8,0.25,0.18181818181818182,0.25,0.25,0.5,0.5,2,0,0,2.8550817470206553
tune,610091011,P2,absolute,4,COMPLETE,False,50.0652628624713,0.7876717251354732,0.0,8,0,0.0,2,2,8,2,2,8,0.25,1.0,0.25,1.0,0.5,0.5,2,0,0,2.932766327852642
tune,610091011,P2,absolute,8,COMPLETE,False,100.1305257249426,0.7876717251354732,0.0,8,0,0.0,0,0,8,0,0,8,0.0,,0.0,,,,0,0,0,
tune,610091011,P2,relative,0.25,COMPLETE,False,3.2500376085819087,0.8181202162270692,0.375,8,0,2.53125,8,170,8,0,14,8,1.0,0.047058823529411764,0.0,0.0,0.375,,0,0,0,2.3444451079901873
tune,610091011,P2,relative,0.5,COMPLETE,False,6.500075217163817,0.8181202162270692,0.78125,8,1,1.859375,6,125,8,2,40,8,0.75,0.048,0.25,0.05,0.3333333333333333,0.5,2,0,0,2.5152273312725772
tune,610091011,P2,relative,1,COMPLETE,False,13.000150434327635,0.8181202162270692,0.65625,8,1,0.84375,4,58,8,2,33,8,0.5,0.06896551724137931,0.25,0.06060606060606061,0.25,0.5,2,0,0,2.7044412524449637
tune,610091011,P2,relative,2,COMPLETE,False,26.00030086865527,0.8181202162270692,0.15625,8,0,0.109375,2,9,8,2,7,8,0.25,0.2222222222222222,0.25,0.2857142857142857,0.5,0.5,2,0,0,2.698815105884062
tune,610091011,P2,relative,4,COMPLETE,False,52.00060173731054,0.8181202162270692,0.0,8,0,0.0,0,0,8,0,0,8,0.0,,0.0,,,,0,0,0,
tune,610091011,P2,relative,8,COMPLETE,False,104.00120347462108,0.8181202162270692,0.0,8,0,0.0,0,0,8,0,0,8,0.0,,0.0,,,,0,0,0,
tune,610091011,P6_return,absolute,0.25,COMPLETE,False,3.1290789289044563,0.7876717251354732,0.34375,17,1,2.390625,15,168,16,3,15,16,0.9375,0.08928571428571429,0.1875,0.2,0.4666666666666667,0.0,1,2,0,2.365376079009066
tune,610091011,P6_return,absolute,0.5,COMPLETE,False,6.2581578578089125,0.7876717251354732,0.71875,17,1,1.828125,10,127,16,2,37,16,0.625,0.07874015748031496,0.125,0.05405405405405406,0.5,0.0,0,2,0,2.552904984717507
tune,610091011,P6_return,absolute,1,COMPLETE,False,12.516315715617825,0.7876717251354732,0.6875,17,1,0.796875,5,56,16,1,30,16,0.3125,0.08928571428571429,0.0625,0.03333333333333333,0.6,0.0,0,1,0,2.680613418910031
tune,610091011,P6_return,absolute,2,COMPLETE,False,25.03263143123565,0.7876717251354732,0.15625,17,0,0.109375,0,7,16,0,5,16,0.0,0.0,0.0,0.0,,,0,0,0,2.7641893104622315
tune,610091011,P6_return,absolute,4,COMPLETE,False,50.0652628624713,0.7876717251354732,0.0,17,0,0.0,0,0,16,0,0,16,0.0,,0.0,,,,0,0,0,
tune,610091011,P6_return,absolute,8,COMPLETE,False,100.1305257249426,0.7876717251354732,0.0,17,0,0.0,0,0,16,0,0,16,0.0,,0.0,,,,0,0,0,
tune,610091011,P6_return,relative,0.25,COMPLETE,False,3.2500376085819087,0.8181202162270692,0.375,17,1,2.375,15,167,16,3,17,16,0.9375,0.08982035928143713,0.1875,0.17647058823529413,0.4666666666666667,0.0,0,3,0,2.3616361282532856
tune,610091011,P6_return,relative,0.5,COMPLETE,False,6.500075217163817,0.8181202162270692,0.71875,17,1,1.796875,10,125,16,3,39,16,0.625,0.08,0.1875,0.07692307692307693,0.6,0.3333333333333333,1,2,0,2.5104465932102364
tune,610091011,P6_return,relative,1,COMPLETE,False,13.000150434327635,0.8181202162270692,0.625,17,0,0.765625,5,54,16,3,31,16,0.3125,0.09259259259259259,0.1875,0.0967741935483871,0.8,0.6666666666666666,2,1,0,2.6584783280597346
tune,610091011,P6_return,relative,2,COMPLETE,False,26.00030086865527,0.8181202162270692,0.09375,17,0,0.0625,0,4,16,0,3,16,0.0,0.0,0.0,0.0,,,0,0,0,2.7207305308034697
tune,610091011,P6_return,relative,4,COMPLETE,False,52.00060173731054,0.8181202162270692,0.0,17,0,0.0,0,0,16,0,0,16,0.0,,0.0,,,,0,0,0,
tune,610091011,P6_return,relative,8,COMPLETE,False,104.00120347462108,0.8181202162270692,0.0,17,0,0.0,0,0,16,0,0,16,0.0,,0.0,,,,0,0,0,
tune,610091011,C3_short_censored,absolute,0.25,COMPLETE,False,3.1290789289044563,0.7876717251354732,0.34375,11,0,2.546875,7,170,8,0,12,0,0.875,0.041176470588235294,,0.0,0.0,,0,0,8,2.388665515944583
tune,610091011,C3_short_censored,absolute,0.5,COMPLETE,False,6.2581578578089125,0.7876717251354732,0.75,11,0,1.921875,7,130,8,0,35,0,0.875,0.05384615384615385,,0.0,0.0,,0,0,8,2.5780245080049755
tune,610091011,C3_short_censored,absolute,1,COMPLETE,False,12.516315715617825,0.7876717251354732,0.65625,11,0,0.8125,6,58,8,0,27,0,0.75,0.10344827586206896,,0.0,0.3333333333333333,,0,0,8,2.7810587267314575
tune,610091011,C3_short_censored,absolute,2,COMPLETE,False,25.03263143123565,0.7876717251354732,0.15625,11,0,0.109375,3,10,8,0,5,0,0.375,0.3,,0.0,0.3333333333333333,,0,0,8,3.0503442136289003
tune,610091011,C3_short_censored,absolute,4,COMPLETE,False,50.0652628624713,0.7876717251354732,0.0,11,0,0.0,0,0,8,0,0,0,0.0,,,,,,0,0,8,
tune,610091011,C3_short_censored,absolute,8,COMPLETE,False,100.1305257249426,0.7876717251354732,0.0,11,0,0.0,0,0,8,0,0,0,0.0,,,,,,0,0,8,
tune,610091011,C3_short_censored,relative,0.25,COMPLETE,False,3.2500376085819087,0.8181202162270692,0.375,11,0,2.53125,7,169,8,0,14,0,0.875,0.04142011834319527,,0.0,0.0,,0,0,8,2.3716344173529054
tune,610091011,C3_short_censored,relative,0.5,COMPLETE,False,6.500075217163817,0.8181202162270692,0.78125,11,1,1.875,6,126,8,0,39,0,0.75,0.047619047619047616,,0.0,0.16666666666666666,,0,0,8,2.5478177006464517
tune,610091011,C3_short_censored,relative,1,COMPLETE,False,13.000150434327635,0.8181202162270692,0.65625,11,0,0.8125,5,57,8,0,31,0,0.625,0.08771929824561403,,0.0,0.2,,0,0,8,2.7646369643175452
tune,610091011,C3_short_censored,relative,2,COMPLETE,False,26.00030086865527,0.8181202162270692,0.09375,11,0,0.0625,3,7,8,0,3,0,0.375,0.42857142857142855,,0.0,0.3333333333333333,,0,0,8,2.9351333170291727
tune,610091011,C3_short_censored,relative,4,COMPLETE,False,52.00060173731054,0.8181202162270692,0.0,11,0,0.0,0,0,8,0,0,0,0.0,,,,,,0,0,8,
tune,610091011,C3_short_censored,relative,8,COMPLETE,False,104.00120347462108,0.8181202162270692,0.0,11,0,0.0,0,0,8,0,0,0,0.0,,,,,,0,0,8,
tune,610091012,N0_iid,absolute,0.25,COMPLETE,True,3.831153688763925,0.9644024659820127,0.5625,8,1,2.40625,0,154,0,0,22,0,,0.0,,0.0,,,0,0,0,2.155429114128025
tune,610091012,N0_iid,absolute,0.5,COMPLETE,True,7.66230737752785,0.9644024659820127,0.65625,8,1,0.90625,0,58,0,0,25,0,,0.0,,0.0,,,0,0,0,2.297178110587345
tune,610091012,N0_iid,absolute,1,COMPLETE,True,15.3246147550557,0.9644024659820127,0.0625,8,0,0.0625,0,4,0,0,2,0,,0.0,,0.0,,,0,0,0,2.0804424960365555
tune,610091012,N0_iid,absolute,2,COMPLETE,True,30.6492295101114,0.9644024659820127,0.0,8,0,0.0,0,0,0,0,0,0,,,,,,,0,0,0,
tune,610091012,N0_iid,absolute,4,COMPLETE,True,61.2984590202228,0.9644024659820127,0.0,8,0,0.0,0,0,0,0,0,0,,,,,,,0,0,0,
tune,610091012,N0_iid,absolute,8,COMPLETE,True,122.5969180404456,0.9644024659820127,0.0,8,0,0.0,0,0,0,0,0,0,,,,,,,0,0,0,
tune,610091012,N0_iid,relative,0.25,COMPLETE,True,3.924433952961471,0.9878835696201681,0.6875,8,1,2.359375,0,151,0,0,27,0,,0.0,,0.0,,,0,0,0,2.169591598692184
tune,610091012,N0_iid,relative,0.5,COMPLETE,True,7.848867905922942,0.9878835696201681,0.71875,8,1,0.859375,0,55,0,0,28,0,,0.0,,0.0,,,0,0,0,2.2528905068568523
tune,610091012,N0_iid,relative,1,COMPLETE,True,15.697735811845885,0.9878835696201681,0.03125,8,0,0.046875,0,3,0,0,1,0,,0.0,,0.0,,,0,0,0,2.178642352052679
tune,610091012,N0_iid,relative,2,COMPLETE,True,31.39547162369177,0.9878835696201681,0.0,8,0,0.0,0,0,0,0,0,0,,,,,,,0,0,0,
tune,610091012,N0_iid,relative,4,COMPLETE,True,62.79094324738354,0.9878835696201681,0.0,8,0,0.0,0,0,0,0,0,0,,,,,,,0,0,0,
tune,610091012,N0_iid,relative,8,COMPLETE,True,125.58188649476708,0.9878835696201681,0.0,8,0,0.0,0,0,0,0,0,0,,,,,,,0,0,0,
tune,610091012,N1_ar05,absolute,0.25,COMPLETE,True,3.3112167984652228,0.8335206324941822,0.3125,25,0,2.796875,0,179,0,0,10,0,,0.0,,0.0,,,0,0,0,2.373324989328521
tune,610091012,N1_ar05,absolute,0.5,COMPLETE,True,6.6224335969304455,0.8335206324941822,0.6875,25,1,1.9375,0,124,0,0,29,0,,0.0,,0.0,,,0,0,0,2.5585144882686155
tune,610091012,N1_ar05,absolute,1,COMPLETE,True,13.244867193860891,0.8335206324941822,0.78125,25,1,0.828125,0,53,0,0,31,0,,0.0,,0.0,,,0,0,0,2.6622950295387344
tune,610091012,N1_ar05,absolute,2,COMPLETE,True,26.489734387721782,0.8335206324941822,0.25,25,0,0.171875,0,11,0,0,10,0,,0.0,,0.0,,,0,0,0,2.844013613185146
tune,610091012,N1_ar05,absolute,4,COMPLETE,True,52.979468775443564,0.8335206324941822,0.0,25,0,0.0,0,0,0,0,0,0,,,,,,,0,0,0,
tune,610091012,N1_ar05,absolute,8,COMPLETE,True,105.95893755088713,0.8335206324941822,0.0,25,0,0.0,0,0,0,0,0,0,,,,,,,0,0,0,
tune,610091012,N1_ar05,relative,0.25,COMPLETE,True,3.4468741852937987,0.8676691759916279,0.25,25,0,2.765625,0,177,0,0,10,0,,0.0,,0.0,,,0,0,0,2.3799274166427704
tune,610091012,N1_ar05,relative,0.5,COMPLETE,True,6.8937483705875975,0.8676691759916279,0.84375,25,1,1.9375,0,124,0,0,32,0,,0.0,,0.0,,,0,0,0,2.5775739028195797
tune,610091012,N1_ar05,relative,1,COMPLETE,True,13.787496741175195,0.8676691759916279,0.65625,25,1,0.703125,0,45,0,0,26,0,,0.0,,0.0,,,0,0,0,2.75435869515829
tune,610091012,N1_ar05,relative,2,COMPLETE,True,27.57499348235039,0.8676691759916279,0.25,25,0,0.15625,0,10,0,0,9,0,,0.0,,0.0,,,0,0,0,2.7267437257553384
tune,610091012,N1_ar05,relative,4,COMPLETE,True,55.14998696470078,0.8676691759916279,0.0,25,0,0.0,0,0,0,0,0,0,,,,,,,0,0,0,
tune,610091012,N1_ar05,relative,8,COMPLETE,True,110.29997392940156,0.8676691759916279,0.0,25,0,0.0,0,0,0,0,0,0,,,,,,,0,0,0,
tune,610091012,N2_season_ar05,absolute,0.25,COMPLETE,True,3.3112167984652228,0.8335206324941822,0.3125,3,0,2.796875,0,179,0,0,10,0,,0.0,,0.0,,,0,0,0,2.373324989328521
tune,610091012,N2_season_ar05,absolute,0.5,COMPLETE,True,6.6224335969304455,0.8335206324941822,0.6875,3,0,1.9375,0,124,0,0,29,0,,0.0,,0.0,,,0,0,0,2.5585144882686155
tune,610091012,N2_season_ar05,absolute,1,COMPLETE,True,13.244867193860891,0.8335206324941822,0.78125,3,1,0.828125,0,53,0,0,31,0,,0.0,,0.0,,,0,0,0,2.6622950295387344
tune,610091012,N2_season_ar05,absolute,2,COMPLETE,True,26.489734387721782,0.8335206324941822,0.25,3,0,0.171875,0,11,0,0,10,0,,0.0,,0.0,,,0,0,0,2.844013613185146
tune,610091012,N2_season_ar05,absolute,4,COMPLETE,True,52.979468775443564,0.8335206324941822,0.0,3,0,0.0,0,0,0,0,0,0,,,,,,,0,0,0,
tune,610091012,N2_season_ar05,absolute,8,COMPLETE,True,105.95893755088713,0.8335206324941822,0.0,3,0,0.0,0,0,0,0,0,0,,,,,,,0,0,0,
tune,610091012,N2_season_ar05,relative,0.25,COMPLETE,True,3.4468741852937987,0.8676691759916279,0.25,3,0,2.765625,0,177,0,0,10,0,,0.0,,0.0,,,0,0,0,2.3799274166427704
tune,610091012,N2_season_ar05,relative,0.5,COMPLETE,True,6.8937483705875975,0.8676691759916279,0.84375,3,1,1.9375,0,124,0,0,32,0,,0.0,,0.0,,,0,0,0,2.5775739028195797
tune,610091012,N2_season_ar05,relative,1,COMPLETE,True,13.787496741175195,0.8676691759916279,0.65625,3,1,0.703125,0,45,0,0,26,0,,0.0,,0.0,,,0,0,0,2.75435869515829
tune,610091012,N2_season_ar05,relative,2,COMPLETE,True,27.57499348235039,0.8676691759916279,0.25,3,0,0.15625,0,10,0,0,9,0,,0.0,,0.0,,,0,0,0,2.7267437257553384
tune,610091012,N2_season_ar05,relative,4,COMPLETE,True,55.14998696470078,0.8676691759916279,0.0,3,0,0.0,0,0,0,0,0,0,,,,,,,0,0,0,
tune,610091012,N2_season_ar05,relative,8,COMPLETE,True,110.29997392940156,0.8676691759916279,0.0,3,0,0.0,0,0,0,0,0,0,,,,,,,0,0,0,
tune,610091012,N3_common_shift2,absolute,0.25,COMPLETE,False,3.3112167984652228,0.8335206324941822,0.3125,15,1,2.359375,28,179,32,1,11,32,0.875,0.1564245810055866,0.03125,0.09090909090909091,0.5,0.0,1,0,0,2.477061893695025
tune,610091012,N3_common_shift2,absolute,0.5,COMPLETE,False,6.6224335969304455,0.8335206324941822,0.625,15,1,1.59375,26,128,32,6,32,32,0.8125,0.203125,0.1875,0.1875,0.5,0.5,6,0,0,2.672454731056625
tune,610091012,N3_common_shift2,absolute,1,COMPLETE,False,13.244867193860891,0.8335206324941822,0.6875,15,1,0.6875,20,64,32,15,42,32,0.625,0.3125,0.46875,0.35714285714285715,0.4,0.4666666666666667,15,0,0,2.9292356920257925
tune,610091012,N3_common_shift2,absolute,2,COMPLETE,False,26.489734387721782,0.8335206324941822,0.34375,15,1,0.21875,17,31,32,17,29,32,0.53125,0.5483870967741935,0.53125,0.5862068965517241,0.4117647058823529,0.4117647058823529,17,0,0,2.9916791150266393
tune,610091012,N3_common_shift2,absolute,4,COMPLETE,False,52.979468775443564,0.8335206324941822,0.03125,15,0,0.015625,5,6,32,5,6,32,0.15625,0.8333333333333334,0.15625,0.8333333333333334,0.4,0.4,5,0,0,3.3905345314351134
tune,610091012,N3_common_shift2,absolute,8,COMPLETE,False,105.95893755088713,0.8335206324941822,0.0,15,0,0.0,0,0,32,0,0,32,0.0,,0.0,,,,0,0,0,
tune,610091012,N3_common_shift2,relative,0.25,COMPLETE,True,3.4468741852937987,0.8676691759916279,0.25,15,0,2.765625,0,177,0,0,10,0,,0.0,,0.0,,,0,0,0,2.3799274166427704
tune,610091012,N3_common_shift2,relative,0.5,COMPLETE,True,6.8937483705875975,0.8676691759916279,0.84375,15,1,1.9375,0,124,0,0,32,0,,0.0,,0.0,,,0,0,0,2.5775739028195797
tune,610091012,N3_common_shift2,relative,1,COMPLETE,True,13.787496741175195,0.8676691759916279,0.65625,15,1,0.703125,0,45,0,0,26,0,,0.0,,0.0,,,0,0,0,2.75435869515829
tune,610091012,N3_common_shift2,relative,2,COMPLETE,True,27.57499348235039,0.8676691759916279,0.25,15,0,0.15625,0,10,0,0,9,0,,0.0,,0.0,,,0,0,0,2.7267437257553384
tune,610091012,N3_common_shift2,relative,4,COMPLETE,True,55.14998696470078,0.8676691759916279,0.0,15,0,0.0,0,0,0,0,0,0,,,,,,,0,0,0,
tune,610091012,N3_common_shift2,relative,8,COMPLETE,True,110.29997392940156,0.8676691759916279,0.0,15,0,0.0,0,0,0,0,0,0,,,,,,,0,0,0,
tune,610091012,N4_spike4,absolute,0.25,COMPLETE,True,3.3112167984652228,0.8335206324941822,0.34375,14,1,2.78125,0,178,0,0,11,0,,0.0,,0.0,,,0,0,0,2.423481185471953
tune,610091012,N4_spike4,absolute,0.5,COMPLETE,True,6.6224335969304455,0.8335206324941822,0.75,14,1,2.0,0,128,0,0,31,0,,0.0,,0.0,,,0,0,0,2.6090064065877847
tune,610091012,N4_spike4,absolute,1,COMPLETE,True,13.244867193860891,0.8335206324941822,0.75,14,0,0.90625,0,58,0,0,33,0,,0.0,,0.0,,,0,0,0,2.7945040149944558
tune,610091012,N4_spike4,absolute,2,COMPLETE,True,26.489734387721782,0.8335206324941822,0.25,14,0,0.171875,0,11,0,0,10,0,,0.0,,0.0,,,0,0,0,2.873202447269119
tune,610091012,N4_spike4,absolute,4,COMPLETE,True,52.979468775443564,0.8335206324941822,0.0,14,0,0.0,0,0,0,0,0,0,,,,,,,0,0,0,
tune,610091012,N4_spike4,absolute,8,COMPLETE,True,105.95893755088713,0.8335206324941822,0.0,14,0,0.0,0,0,0,0,0,0,,,,,,,0,0,0,
tune,610091012,N4_spike4,relative,0.25,COMPLETE,True,3.4468741852937987,0.8676691759916279,0.28125,14,1,2.765625,0,177,0,0,11,0,,0.0,,0.0,,,0,0,0,2.426842589380348
tune,610091012,N4_spike4,relative,0.5,COMPLETE,True,6.8937483705875975,0.8676691759916279,0.875,14,1,1.921875,0,123,0,0,32,0,,0.0,,0.0,,,0,0,0,2.6345375714106387
tune,610091012,N4_spike4,relative,1,COMPLETE,True,13.787496741175195,0.8676691759916279,0.6875,14,0,0.765625,0,49,0,0,28,0,,0.0,,0.0,,,0,0,0,2.8466979174623437
tune,610091012,N4_spike4,relative,2,COMPLETE,True,27.57499348235039,0.8676691759916279,0.25,14,0,0.15625,0,10,0,0,9,0,,0.0,,0.0,,,0,0,0,2.766971985172698
tune,610091012,N4_spike4,relative,4,COMPLETE,True,55.14998696470078,0.8676691759916279,0.0,14,0,0.0,0,0,0,0,0,0,,,,,,,0,0,0,
tune,610091012,N4_spike4,relative,8,COMPLETE,True,110.29997392940156,0.8676691759916279,0.0,14,0,0.0,0,0,0,0,0,0,,,,,,,0,0,0,
tune,610091012,N5_boundary_null,absolute,0.25,COMPLETE,True,3.3112167984652228,0.8335206324941822,0.3125,12,0,2.796875,0,179,0,0,10,0,,0.0,,0.0,,,0,0,0,2.373324989328521
tune,610091012,N5_boundary_null,absolute,0.5,COMPLETE,True,6.6224335969304455,0.8335206324941822,0.6875,12,0,1.9375,0,124,0,0,29,0,,0.0,,0.0,,,0,0,0,2.5585144882686155
tune,610091012,N5_boundary_null,absolute,1,COMPLETE,True,13.244867193860891,0.8335206324941822,0.78125,12,1,0.828125,0,53,0,0,31,0,,0.0,,0.0,,,0,0,0,2.6622950295387344
tune,610091012,N5_boundary_null,absolute,2,COMPLETE,True,26.489734387721782,0.8335206324941822,0.25,12,0,0.171875,0,11,0,0,10,0,,0.0,,0.0,,,0,0,0,2.8440136131851457
tune,610091012,N5_boundary_null,absolute,4,COMPLETE,True,52.979468775443564,0.8335206324941822,0.0,12,0,0.0,0,0,0,0,0,0,,,,,,,0,0,0,
tune,610091012,N5_boundary_null,absolute,8,COMPLETE,True,105.95893755088713,0.8335206324941822,0.0,12,0,0.0,0,0,0,0,0,0,,,,,,,0,0,0,
tune,610091012,N5_boundary_null,relative,0.25,COMPLETE,True,3.4354212810614566,0.8647861778188529,0.28125,12,1,2.765625,0,177,0,0,10,0,,0.0,,0.0,,,0,0,0,2.3906622776722903
tune,610091012,N5_boundary_null,relative,0.5,COMPLETE,True,6.870842562122913,0.8647861778188529,0.84375,12,1,1.859375,0,119,0,0,32,0,,0.0,,0.0,,,0,0,0,2.5840611078835347
tune,610091012,N5_boundary_null,relative,1,COMPLETE,True,13.741685124245826,0.8647861778188529,0.6875,12,1,0.703125,0,45,0,0,28,0,,0.0,,0.0,,,0,0,0,2.7302030712855436
tune,610091012,N5_boundary_null,relative,2,COMPLETE,True,27.483370248491653,0.8647861778188529,0.25,12,0,0.15625,0,10,0,0,9,0,,0.0,,0.0,,,0,0,0,2.721981816533555
tune,610091012,N5_boundary_null,relative,4,COMPLETE,True,54.966740496983306,0.8647861778188529,0.0,12,0,0.0,0,0,0,0,0,0,,,,,,,0,0,0,
tune,610091012,N5_boundary_null,relative,8,COMPLETE,True,109.93348099396661,0.8647861778188529,0.0,12,0,0.0,0,0,0,0,0,0,,,,,,,0,0,0,
tune,610091012,P025,absolute,0.25,COMPLETE,False,3.3112167984652228,0.8335206324941822,0.3125,24,0,2.6875,7,179,8,0,10,8,0.875,0.03910614525139665,0.0,0.0,0.8571428571428571,,0,0,0,2.372394542751658
tune,610091012,P025,absolute,0.5,COMPLETE,False,6.6224335969304455,0.8335206324941822,0.6875,24,0,1.859375,5,124,8,0,29,8,0.625,0.04032258064516129,0.0,0.0,0.8,,0,0,0,2.558320064170767
tune,610091012,P025,absolute,1,COMPLETE,False,13.244867193860891,0.8335206324941822,0.75,24,0,0.796875,2,53,8,1,31,8,0.25,0.03773584905660377,0.125,0.03225806451612903,0.5,0.0,1,0,0,2.6629580853899153
tune,610091012,P025,absolute,2,COMPLETE,False,26.489734387721782,0.8335206324941822,0.25,24,0,0.15625,1,11,8,1,10,8,0.125,0.09090909090909091,0.125,0.1,0.0,0.0,1,0,0,2.82217832943055
tune,610091012,P025,absolute,4,COMPLETE,False,52.979468775443564,0.8335206324941822,0.0,24,0,0.0,0,0,8,0,0,8,0.0,,0.0,,,,0,0,0,
tune,610091012,P025,absolute,8,COMPLETE,False,105.95893755088713,0.8335206324941822,0.0,24,0,0.0,0,0,8,0,0,8,0.0,,0.0,,,,0,0,0,
tune,610091012,P025,relative,0.25,COMPLETE,False,3.4468741852937987,0.8676691759916279,0.25,24,0,2.671875,7,178,8,0,10,8,0.875,0.03932584269662921,0.0,0.0,0.8571428571428571,,0,0,0,2.3754218416527046
tune,610091012,P025,relative,0.5,COMPLETE,False,6.8937483705875975,0.8676691759916279,0.8125,24,0,1.859375,5,124,8,2,32,8,0.625,0.04032258064516129,0.25,0.0625,0.8,1.0,2,0,0,2.5780389728619877
tune,610091012,P025,relative,1,COMPLETE,False,13.787496741175195,0.8676691759916279,0.59375,24,0,0.65625,3,45,8,2,26,8,0.375,0.06666666666666667,0.25,0.07692307692307693,0.6666666666666666,0.5,2,0,0,2.75133163575339
tune,610091012,P025,relative,2,COMPLETE,False,27.57499348235039,0.8676691759916279,0.21875,24,0,0.125,2,10,8,2,9,8,0.25,0.2,0.25,0.2222222222222222,0.5,0.5,2,0,0,2.7099997384989694
tune,610091012,P025,relative,4,COMPLETE,False,55.14998696470078,0.8676691759916279,0.0,24,0,0.0,0,0,8,0,0,8,0.0,,0.0,,,,0,0,0,
tune,610091012,P025,relative,8,COMPLETE,False,110.29997392940156,0.8676691759916279,0.0,24,0,0.0,0,0,8,0,0,8,0.0,,0.0,,,,0,0,0,
tune,610091012,P05,absolute,0.25,COMPLETE,False,3.3112167984652228,0.8335206324941822,0.3125,5,0,2.6875,7,179,8,0,10,8,0.875,0.03910614525139665,0.0,0.0,0.8571428571428571,,0,0,0,2.3722125434814494
tune,610091012,P05,absolute,0.5,COMPLETE,False,6.6224335969304455,0.8335206324941822,0.6875,5,1,1.875,5,125,8,0,29,8,0.625,0.04,0.0,0.0,0.8,,0,0,0,2.554210704190752
tune,610091012,P05,absolute,1,COMPLETE,False,13.244867193860891,0.8335206324941822,0.75,5,0,0.8125,4,56,8,2,32,8,0.5,0.07142857142857142,0.25,0.0625,0.5,0.0,2,0,0,2.685227806662483
tune,610091012,P05,absolute,2,COMPLETE,False,26.489734387721782,0.8335206324941822,0.25,5,0,0.15625,1,11,8,1,10,8,0.125,0.09090909090909091,0.125,0.1,0.0,0.0,1,0,0,2.801530856444269
tune,610091012,P05,absolute,4,COMPLETE,False,52.979468775443564,0.8335206324941822,0.0,5,0,0.0,0,0,8,0,0,8,0.0,,0.0,,,,0,0,0,
tune,610091012,P05,absolute,8,COMPLETE,False,105.95893755088713,0.8335206324941822,0.0,5,0,0.0,0,0,8,0,0,8,0.0,,0.0,,,,0,0,0,
tune,610091012,P05,relative,0.25,COMPLETE,False,3.4468741852937987,0.8676691759916279,0.25,5,0,2.6875,7,179,8,0,9,8,0.875,0.03910614525139665,0.0,0.0,0.8571428571428571,,0,0,0,2.3680159858514607
tune,610091012,P05,relative,0.5,COMPLETE,False,6.8937483705875975,0.8676691759916279,0.84375,5,1,1.859375,5,124,8,1,32,8,0.625,0.04032258064516129,0.125,0.03125,0.6,1.0,1,0,0,2.57631976960256
tune,610091012,P05,relative,1,COMPLETE,False,13.787496741175195,0.8676691759916279,0.65625,5,0,0.671875,3,46,8,2,29,8,0.375,0.06521739130434782,0.25,0.06896551724137931,0.6666666666666666,0.5,2,0,0,2.681651918105017
tune,610091012,P05,relative,2,COMPLETE,False,27.57499348235039,0.8676691759916279,0.21875,5,0,0.125,2,10,8,2,9,8,0.25,0.2,0.25,0.2222222222222222,0.5,0.5,2,0,0,2.695037721173908
tune,610091012,P05,relative,4,COMPLETE,False,55.14998696470078,0.8676691759916279,0.0,5,0,0.0,0,0,8,0,0,8,0.0,,0.0,,,,0,0,0,
tune,610091012,P05,relative,8,COMPLETE,False,110.29997392940156,0.8676691759916279,0.0,5,0,0.0,0,0,8,0,0,8,0.0,,0.0,,,,0,0,0,
tune,610091012,P1,absolute,0.25,COMPLETE,False,3.3112167984652228,0.8335206324941822,0.34375,7,0,2.6875,6,178,8,0,11,8,0.75,0.033707865168539325,0.0,0.0,0.8333333333333334,,0,0,0,2.3785811990428933
tune,610091012,P1,absolute,0.5,COMPLETE,False,6.6224335969304455,0.8335206324941822,0.78125,7,0,1.890625,6,127,8,0,32,8,0.75,0.047244094488188976,0.0,0.0,0.8333333333333334,,0,0,0,2.543272130157573
tune,610091012,P1,absolute,1,COMPLETE,False,13.244867193860891,0.8335206324941822,0.71875,7,1,0.796875,4,55,8,3,33,8,0.5,0.07272727272727272,0.375,0.09090909090909091,0.5,0.3333333333333333,3,0,0,2.6978359158306606
tune,610091012,P1,absolute,2,COMPLETE,False,26.489734387721782,0.8335206324941822,0.25,7,0,0.15625,3,13,8,3,12,8,0.375,0.23076923076923078,0.375,0.25,0.6666666666666666,0.6666666666666666,3,0,0,2.586990301399579
tune,610091012,P1,absolute,4,COMPLETE,False,52.979468775443564,0.8335206324941822,0.0,7,0,0.0,0,0,8,0,0,8,0.0,,0.0,,,,0,0,0,
tune,610091012,P1,absolute,8,COMPLETE,False,105.95893755088713,0.8335206324941822,0.0,7,0,0.0,0,0,8,0,0,8,0.0,,0.0,,,,0,0,0,
tune,610091012,P1,relative,0.25,COMPLETE,False,3.4468741852937987,0.8676691759916279,0.3125,7,0,2.671875,6,177,8,0,11,8,0.75,0.03389830508474576,0.0,0.0,0.8333333333333334,,0,0,0,2.3874982668372984
tune,610091012,P1,relative,0.5,COMPLETE,False,6.8937483705875975,0.8676691759916279,0.875,7,0,1.84375,6,124,8,1,33,8,0.75,0.04838709677419355,0.125,0.030303030303030304,0.8333333333333334,1.0,1,0,0,2.5740489353654725
tune,610091012,P1,relative,1,COMPLETE,False,13.787496741175195,0.8676691759916279,0.625,7,1,0.625,4,44,8,3,29,8,0.5,0.09090909090909091,0.375,0.10344827586206896,0.75,0.6666666666666666,3,0,0,2.714404070443266
tune,610091012,P1,relative,2,COMPLETE,False,27.57499348235039,0.8676691759916279,0.21875,7,0,0.15625,1,11,8,1,8,8,0.125,0.09090909090909091,0.125,0.125,1.0,1.0,1,0,0,2.716323822462766
tune,610091012,P1,relative,4,COMPLETE,False,55.14998696470078,0.8676691759916279,0.0,7,0,0.0,0,0,8,0,0,8,0.0,,0.0,,,,0,0,0,
tune,610091012,P1,relative,8,COMPLETE,False,110.29997392940156,0.8676691759916279,0.0,7,0,0.0,0,0,8,0,0,8,0.0,,0.0,,,,0,0,0,
tune,610091012,P2,absolute,0.25,COMPLETE,False,3.3112167984652228,0.8335206324941822,0.34375,21,1,2.6875,6,178,8,0,11,8,0.75,0.033707865168539325,0.0,0.0,0.8333333333333334,,0,0,0,2.385815550778163
tune,610091012,P2,absolute,0.5,COMPLETE,False,6.6224335969304455,0.8335206324941822,0.78125,21,1,1.890625,5,126,8,0,33,8,0.625,0.03968253968253968,0.0,0.0,0.8,,0,0,0,2.5685446276325172
tune,610091012,P2,absolute,1,COMPLETE,False,13.244867193860891,0.8335206324941822,0.71875,21,1,0.796875,4,55,8,3,34,8,0.5,0.07272727272727272,0.375,0.08823529411764706,0.75,0.6666666666666666,3,0,0,2.7503007431318567
tune,610091012,P2,absolute,2,COMPLETE,False,26.489734387721782,0.8335206324941822,0.3125,21,0,0.1875,4,16,8,4,15,8,0.5,0.25,0.5,0.26666666666666666,0.75,0.75,4,0,0,2.779058476471176
tune,610091012,P2,absolute,4,COMPLETE,False,52.979468775443564,0.8335206324941822,0.0,21,0,0.0,1,1,8,1,1,8,0.125,1.0,0.125,1.0,1.0,1.0,1,0,0,3.0901216785110988
tune,610091012,P2,absolute,8,COMPLETE,False,105.95893755088713,0.8335206324941822,0.0,21,0,0.0,0,0,8,0,0,8,0.0,,0.0,,,,0,0,0,
tune,610091012,P2,relative,0.25,COMPLETE,False,3.4468741852937987,0.8676691759916279,0.34375,21,0,2.65625,6,176,8,0,12,8,0.75,0.03409090909090909,0.0,0.0,0.8333333333333334,,0,0,0,2.402687121149181
tune,610091012,P2,relative,0.5,COMPLETE,False,6.8937483705875975,0.8676691759916279,0.84375,21,1,1.84375,6,124,8,1,32,8,0.75,0.04838709677419355,0.125,0.03125,0.8333333333333334,1.0,1,0,0,2.592015006769373
tune,610091012,P2,relative,1,COMPLETE,False,13.787496741175195,0.8676691759916279,0.65625,21,1,0.65625,4,46,8,4,32,8,0.5,0.08695652173913043,0.5,0.125,0.75,0.75,4,0,0,2.788251985850271
tune,610091012,P2,relative,2,COMPLETE,False,27.57499348235039,0.8676691759916279,0.3125,21,0,0.1875,3,15,8,3,13,8,0.375,0.2,0.375,0.23076923076923078,0.6666666666666666,0.6666666666666666,3,0,0,2.658310984164764
tune,610091012,P2,relative,4,COMPLETE,False,55.14998696470078,0.8676691759916279,0.0,21,0,0.0,0,0,8,0,0,8,0.0,,0.0,,,,0,0,0,
tune,610091012,P2,relative,8,COMPLETE,False,110.29997392940156,0.8676691759916279,0.0,21,0,0.0,0,0,8,0,0,8,0.0,,0.0,,,,0,0,0,
tune,610091012,P6_return,absolute,0.25,COMPLETE,False,3.3112167984652228,0.8335206324941822,0.25,13,0,2.59375,14,180,16,1,9,16,0.875,0.07777777777777778,0.0625,0.1111111111111111,0.8571428571428571,0.0,0,1,0,2.365894168370281
tune,610091012,P6_return,absolute,0.5,COMPLETE,False,6.6224335969304455,0.8335206324941822,0.6875,13,1,1.765625,13,126,16,5,33,16,0.8125,0.10317460317460317,0.3125,0.15151515151515152,0.7692307692307693,0.6,2,3,0,2.543435703609285
tune,610091012,P6_return,absolute,1,COMPLETE,False,13.244867193860891,0.8335206324941822,0.6875,13,1,0.75,6,54,16,5,33,16,0.375,0.1111111111111111,0.3125,0.15151515151515152,0.6666666666666666,0.6,4,1,0,2.6773805651426517
tune,610091012,P6_return,absolute,2,COMPLETE,False,26.489734387721782,0.8335206324941822,0.25,13,0,0.15625,1,11,16,1,10,16,0.0625,0.09090909090909091,0.0625,0.1,0.0,0.0,1,0,0,2.801530856444269
tune,610091012,P6_return,absolute,4,COMPLETE,False,52.979468775443564,0.8335206324941822,0.0,13,0,0.0,0,0,16,0,0,16,0.0,,0.0,,,,0,0,0,
tune,610091012,P6_return,absolute,8,COMPLETE,False,105.95893755088713,0.8335206324941822,0.0,13,0,0.0,0,0,16,0,0,16,0.0,,0.0,,,,0,0,0,
tune,610091012,P6_return,relative,0.25,COMPLETE,False,3.4468741852937987,0.8676691759916279,0.25,13,0,2.515625,14,175,16,3,13,16,0.875,0.08,0.1875,0.23076923076923078,0.7142857142857143,0.6666666666666666,1,2,0,2.3984798176250237
tune,610091012,P6_return,relative,0.5,COMPLETE,False,6.8937483705875975,0.8676691759916279,0.78125,13,1,1.703125,13,122,16,5,33,16,0.8125,0.10655737704918032,0.3125,0.15151515151515152,0.7692307692307693,0.6,3,2,0,2.567555032355037
tune,610091012,P6_return,relative,1,COMPLETE,False,13.787496741175195,0.8676691759916279,0.625,13,1,0.609375,3,42,16,2,27,16,0.1875,0.07142857142857142,0.125,0.07407407407407407,1.0,1.0,2,0,0,2.769076049219693
tune,610091012,P6_return,relative,2,COMPLETE,False,27.57499348235039,0.8676691759916279,0.21875,13,0,0.125,2,10,16,2,9,16,0.125,0.2,0.125,0.2222222222222222,0.5,0.5,2,0,0,2.691574239332698
tune,610091012,P6_return,relative,4,COMPLETE,False,55.14998696470078,0.8676691759916279,0.0,13,0,0.0,0,0,16,0,0,16,0.0,,0.0,,,,0,0,0,
tune,610091012,P6_return,relative,8,COMPLETE,False,110.29997392940156,0.8676691759916279,0.0,13,0,0.0,0,0,16,0,0,16,0.0,,0.0,,,,0,0,0,
tune,610091012,C3_short_censored,absolute,0.25,COMPLETE,False,3.3112167984652228,0.8335206324941822,0.25,22,0,2.71875,7,181,8,0,8,0,0.875,0.03867403314917127,,0.0,0.2857142857142857,,0,0,8,2.378373787224182
tune,610091012,C3_short_censored,absolute,0.5,COMPLETE,False,6.6224335969304455,0.8335206324941822,0.65625,22,1,1.875,5,125,8,0,28,0,0.625,0.04,,0.0,0.4,,0,0,8,2.581594277405067
tune,610091012,C3_short_censored,absolute,1,COMPLETE,False,13.244867193860891,0.8335206324941822,0.75,22,1,0.8125,3,55,8,0,31,0,0.375,0.05454545454545454,,0.0,0.3333333333333333,,0,0,8,2.71824593489706
tune,610091012,C3_short_censored,absolute,2,COMPLETE,False,26.489734387721782,0.8335206324941822,0.3125,22,1,0.203125,0,13,8,0,12,0,0.0,0.0,,0.0,,,0,0,8,2.7782606345660996
tune,610091012,C3_short_censored,absolute,4,COMPLETE,False,52.979468775443564,0.8335206324941822,0.0,22,0,0.0,0,0,8,0,0,0,0.0,,,,,,0,0,8,
tune,610091012,C3_short_censored,absolute,8,COMPLETE,False,105.95893755088713,0.8335206324941822,0.0,22,0,0.0,0,0,8,0,0,0,0.0,,,,,,0,0,8,
tune,610091012,C3_short_censored,relative,0.25,COMPLETE,False,3.4468741852937987,0.8676691759916279,0.28125,22,0,2.6875,6,178,8,0,9,0,0.75,0.033707865168539325,,0.0,0.3333333333333333,,0,0,8,2.4049799155218707
tune,610091012,C3_short_censored,relative,0.5,COMPLETE,False,6.8937483705875975,0.8676691759916279,0.8125,22,1,1.859375,5,124,8,0,31,0,0.625,0.04032258064516129,,0.0,0.4,,0,0,8,2.600953714450585
tune,610091012,C3_short_censored,relative,1,COMPLETE,False,13.787496741175195,0.8676691759916279,0.71875,22,1,0.6875,3,47,8,0,29,0,0.375,0.06382978723404255,,0.0,0.3333333333333333,,0,0,8,2.724190055935848
tune,610091012,C3_short_censored,relative,2,COMPLETE,False,27.57499348235039,0.8676691759916279,0.25,22,0,0.171875,0,11,8,0,9,0,0.0,0.0,,0.0,,,0,0,8,2.8083937870534914
tune,610091012,C3_short_censored,relative,4,COMPLETE,False,55.14998696470078,0.8676691759916279,0.0,22,0,0.0,0,0,8,0,0,0,0.0,,,,,,0,0,8,
tune,610091012,C3_short_censored,relative,8,COMPLETE,False,110.29997392940156,0.8676691759916279,0.0,22,0,0.0,0,0,8,0,0,0,0.0,,,,,,0,0,8,
tune,610091013,N0_iid,absolute,0.25,COMPLETE,True,3.8404556163113166,0.9667440065710526,0.59375,18,1,2.328125,0,149,0,0,22,0,,0.0,,0.0,,,0,0,0,2.103986517889662
tune,610091013,N0_iid,absolute,0.5,COMPLETE,True,7.680911232622633,0.9667440065710526,0.78125,18,1,0.9375,0,60,0,0,28,0,,0.0,,0.0,,,0,0,0,2.219400766084051
tune,610091013,N0_iid,absolute,1,COMPLETE,True,15.361822465245266,0.9667440065710526,0.0,18,0,0.0,0,0,0,0,0,0,,,,,,,0,0,0,
tune,610091013,N0_iid,absolute,2,COMPLETE,True,30.723644930490533,0.9667440065710526,0.0,18,0,0.0,0,0,0,0,0,0,,,,,,,0,0,0,
tune,610091013,N0_iid,absolute,4,COMPLETE,True,61.447289860981066,0.9667440065710526,0.0,18,0,0.0,0,0,0,0,0,0,,,,,,,0,0,0,
tune,610091013,N0_iid,absolute,8,COMPLETE,True,122.89457972196213,0.9667440065710526,0.0,18,0,0.0,0,0,0,0,0,0,,,,,,,0,0,0,
tune,610091013,N0_iid,relative,0.25,COMPLETE,True,3.980260791911368,1.0019366579390112,0.65625,18,1,2.203125,0,141,0,0,25,0,,0.0,,0.0,,,0,0,0,2.0882881365648416
tune,610091013,N0_iid,relative,0.5,COMPLETE,True,7.960521583822736,1.0019366579390112,0.75,18,1,0.8125,0,52,0,0,27,0,,0.0,,0.0,,,0,0,0,2.1381753426001144
tune,610091013,N0_iid,relative,1,COMPLETE,True,15.921043167645472,1.0019366579390112,0.09375,18,0,0.046875,0,3,0,0,3,0,,0.0,,0.0,,,0,0,0,1.8693154747815204
tune,610091013,N0_iid,relative,2,COMPLETE,True,31.842086335290944,1.0019366579390112,0.0,18,0,0.0,0,0,0,0,0,0,,,,,,,0,0,0,
tune,610091013,N0_iid,relative,4,COMPLETE,True,63.68417267058189,1.0019366579390112,0.0,18,0,0.0,0,0,0,0,0,0,,,,,,,0,0,0,
tune,610091013,N0_iid,relative,8,COMPLETE,True,127.36834534116377,1.0019366579390112,0.0,18,0,0.0,0,0,0,0,0,0,,,,,,,0,0,0,
tune,610091013,N1_ar05,absolute,0.25,COMPLETE,True,3.2168982659035357,0.8097781693147311,0.34375,11,0,2.65625,0,170,0,0,12,0,,0.0,,0.0,,,0,0,0,2.343277712211356
tune,610091013,N1_ar05,absolute,0.5,COMPLETE,True,6.433796531807071,0.8097781693147311,0.84375,11,1,1.921875,0,123,0,0,35,0,,0.0,,0.0,,,0,0,0,2.493380696681033
tune,610091013,N1_ar05,absolute,1,COMPLETE,True,12.867593063614143,0.8097781693147311,0.84375,11,1,0.921875,0,59,0,0,37,0,,0.0,,0.0,,,0,0,0,2.6403365121396685
tune,610091013,N1_ar05,absolute,2,COMPLETE,True,25.735186127228285,0.8097781693147311,0.21875,11,0,0.140625,0,9,0,0,7,0,,0.0,,0.0,,,0,0,0,2.6892384563157776
tune,610091013,N1_ar05,absolute,4,COMPLETE,True,51.47037225445657,0.8097781693147311,0.0,11,0,0.0,0,0,0,0,0,0,,,,,,,0,0,0,
tune,610091013,N1_ar05,absolute,8,COMPLETE,True,102.94074450891314,0.8097781693147311,0.0,11,0,0.0,0,0,0,0,0,0,,,,,,,0,0,0,
tune,610091013,N1_ar05,relative,0.25,COMPLETE,True,3.3068449964929267,0.8324201345905787,0.34375,11,0,2.734375,0,175,0,0,12,0,,0.0,,0.0,,,0,0,0,2.2795216237453872
tune,610091013,N1_ar05,relative,0.5,COMPLETE,True,6.6136899929858535,0.8324201345905787,0.84375,11,0,1.84375,0,118,0,0,36,0,,0.0,,0.0,,,0,0,0,2.4653706451735165
tune,610091013,N1_ar05,relative,1,COMPLETE,True,13.227379985971707,0.8324201345905787,0.875,11,1,0.765625,0,49,0,0,33,0,,0.0,,0.0,,,0,0,0,2.6026530382239934
tune,610091013,N1_ar05,relative,2,COMPLETE,True,26.454759971943414,0.8324201345905787,0.15625,11,0,0.078125,0,5,0,0,5,0,,0.0,,0.0,,,0,0,0,2.635889152405923
tune,610091013,N1_ar05,relative,4,COMPLETE,True,52.90951994388683,0.8324201345905787,0.0,11,0,0.0,0,0,0,0,0,0,,,,,,,0,0,0,
tune,610091013,N1_ar05,relative,8,COMPLETE,True,105.81903988777366,0.8324201345905787,0.0,11,0,0.0,0,0,0,0,0,0,,,,,,,0,0,0,
tune,610091013,N2_season_ar05,absolute,0.25,COMPLETE,True,3.2168982659035357,0.8097781693147311,0.34375,14,0,2.65625,0,170,0,0,12,0,,0.0,,0.0,,,0,0,0,2.343277712211356
tune,610091013,N2_season_ar05,absolute,0.5,COMPLETE,True,6.433796531807071,0.8097781693147311,0.84375,14,0,1.921875,0,123,0,0,35,0,,0.0,,0.0,,,0,0,0,2.493380696681033
tune,610091013,N2_season_ar05,absolute,1,COMPLETE,True,12.867593063614143,0.8097781693147311,0.84375,14,1,0.921875,0,59,0,0,37,0,,0.0,,0.0,,,0,0,0,2.6403365121396685
tune,610091013,N2_season_ar05,absolute,2,COMPLETE,True,25.735186127228285,0.8097781693147311,0.21875,14,1,0.140625,0,9,0,0,7,0,,0.0,,0.0,,,0,0,0,2.6892384563157776
tune,610091013,N2_season_ar05,absolute,4,COMPLETE,True,51.47037225445657,0.8097781693147311,0.0,14,0,0.0,0,0,0,0,0,0,,,,,,,0,0,0,
tune,610091013,N2_season_ar05,absolute,8,COMPLETE,True,102.94074450891314,0.8097781693147311,0.0,14,0,0.0,0,0,0,0,0,0,,,,,,,0,0,0,
tune,610091013,N2_season_ar05,relative,0.25,COMPLETE,True,3.3068449964929267,0.8324201345905787,0.34375,14,0,2.734375,0,175,0,0,12,0,,0.0,,0.0,,,0,0,0,2.2795216237453872
tune,610091013,N2_season_ar05,relative,0.5,COMPLETE,True,6.6136899929858535,0.8324201345905787,0.84375,14,0,1.84375,0,118,0,0,36,0,,0.0,,0.0,,,0,0,0,2.4653706451735165
tune,610091013,N2_season_ar05,relative,1,COMPLETE,True,13.227379985971707,0.8324201345905787,0.875,14,1,0.765625,0,49,0,0,33,0,,0.0,,0.0,,,0,0,0,2.6026530382239934
tune,610091013,N2_season_ar05,relative,2,COMPLETE,True,26.454759971943414,0.8324201345905787,0.15625,14,0,0.078125,0,5,0,0,5,0,,0.0,,0.0,,,0,0,0,2.635889152405923
tune,610091013,N2_season_ar05,relative,4,COMPLETE,True,52.90951994388683,0.8324201345905787,0.0,14,0,0.0,0,0,0,0,0,0,,,,,,,0,0,0,
tune,610091013,N2_season_ar05,relative,8,COMPLETE,True,105.81903988777366,0.8324201345905787,0.0,14,0,0.0,0,0,0,0,0,0,,,,,,,0,0,0,
tune,610091013,N3_common_shift2,absolute,0.25,COMPLETE,False,3.2168982659035357,0.8097781693147311,0.28125,14,0,2.1875,31,171,32,2,12,32,0.96875,0.18128654970760233,0.0625,0.16666666666666666,0.41935483870967744,0.5,2,0,0,2.481589421412492
tune,610091013,N3_common_shift2,absolute,0.5,COMPLETE,False,6.433796531807071,0.8097781693147311,0.65625,14,0,1.578125,30,131,32,8,32,32,0.9375,0.22900763358778625,0.25,0.25,0.4,0.25,8,0,0,2.664085868933722
tune,610091013,N3_common_shift2,absolute,1,COMPLETE,False,12.867593063614143,0.8097781693147311,0.65625,14,0,0.6875,23,67,32,17,43,32,0.71875,0.34328358208955223,0.53125,0.3953488372093023,0.17391304347826086,0.11764705882352941,17,0,0,2.944736304771025
tune,610091013,N3_common_shift2,absolute,2,COMPLETE,False,25.735186127228285,0.8097781693147311,0.34375,14,0,0.21875,18,32,32,18,30,32,0.5625,0.5625,0.5625,0.6,0.16666666666666666,0.16666666666666666,18,0,0,2.987964962145947
tune,610091013,N3_common_shift2,absolute,4,COMPLETE,False,51.47037225445657,0.8097781693147311,0.125,14,0,0.0625,7,11,32,7,11,32,0.21875,0.6363636363636364,0.21875,0.6363636363636364,0.2857142857142857,0.2857142857142857,7,0,0,3.4042545508614865
tune,610091013,N3_common_shift2,absolute,8,COMPLETE,False,102.94074450891314,0.8097781693147311,0.0,14,0,0.0,0,0,32,0,0,32,0.0,,0.0,,,,0,0,0,
tune,610091013,N3_common_shift2,relative,0.25,COMPLETE,True,3.3068449964929267,0.8324201345905787,0.34375,14,0,2.734375,0,175,0,0,12,0,,0.0,,0.0,,,0,0,0,2.2795216237453872
tune,610091013,N3_common_shift2,relative,0.5,COMPLETE,True,6.6136899929858535,0.8324201345905787,0.84375,14,0,1.84375,0,118,0,0,36,0,,0.0,,0.0,,,0,0,0,2.4653706451735165
tune,610091013,N3_common_shift2,relative,1,COMPLETE,True,13.227379985971707,0.8324201345905787,0.875,14,1,0.765625,0,49,0,0,33,0,,0.0,,0.0,,,0,0,0,2.6026530382239934
tune,610091013,N3_common_shift2,relative,2,COMPLETE,True,26.454759971943414,0.8324201345905787,0.15625,14,0,0.078125,0,5,0,0,5,0,,0.0,,0.0,,,0,0,0,2.635889152405923
tune,610091013,N3_common_shift2,relative,4,COMPLETE,True,52.90951994388683,0.8324201345905787,0.0,14,0,0.0,0,0,0,0,0,0,,,,,,,0,0,0,
tune,610091013,N3_common_shift2,relative,8,COMPLETE,True,105.81903988777366,0.8324201345905787,0.0,14,0,0.0,0,0,0,0,0,0,,,,,,,0,0,0,
tune,610091013,N4_spike4,absolute,0.25,COMPLETE,True,3.2168982659035357,0.8097781693147311,0.34375,16,0,2.671875,0,171,0,0,12,0,,0.0,,0.0,,,0,0,0,2.378212587230991
tune,610091013,N4_spike4,absolute,0.5,COMPLETE,True,6.433796531807071,0.8097781693147311,0.84375,16,1,1.96875,0,126,0,0,34,0,,0.0,,0.0,,,0,0,0,2.53451745145028
tune,610091013,N4_spike4,absolute,1,COMPLETE,True,12.867593063614143,0.8097781693147311,0.84375,16,1,0.9375,0,60,0,0,36,0,,0.0,,0.0,,,0,0,0,2.6927116697366515
tune,610091013,N4_spike4,absolute,2,COMPLETE,True,25.735186127228285,0.8097781693147311,0.21875,16,0,0.140625,0,9,0,0,7,0,,0.0,,0.0,,,0,0,0,2.7346759366560227
tune,610091013,N4_spike4,absolute,4,COMPLETE,True,51.47037225445657,0.8097781693147311,0.0,16,0,0.0,0,0,0,0,0,0,,,,,,,0,0,0,
tune,610091013,N4_spike4,absolute,8,COMPLETE,True,102.94074450891314,0.8097781693147311,0.0,16,0,0.0,0,0,0,0,0,0,,,,,,,0,0,0,
tune,610091013,N4_spike4,relative,0.25,COMPLETE,True,3.3068449964929267,0.8324201345905787,0.3125,16,0,2.75,0,176,0,0,11,0,,0.0,,0.0,,,0,0,0,2.3167665316688444
tune,610091013,N4_spike4,relative,0.5,COMPLETE,True,6.6136899929858535,0.8324201345905787,0.8125,16,1,1.875,0,120,0,0,34,0,,0.0,,0.0,,,0,0,0,2.512957173830214
tune,610091013,N4_spike4,relative,1,COMPLETE,True,13.227379985971707,0.8324201345905787,0.90625,16,1,0.8125,0,52,0,0,34,0,,0.0,,0.0,,,0,0,0,2.6639410548145865
tune,610091013,N4_spike4,relative,2,COMPLETE,True,26.454759971943414,0.8324201345905787,0.1875,16,0,0.09375,0,6,0,0,6,0,,0.0,,0.0,,,0,0,0,2.5853089487810497
tune,610091013,N4_spike4,relative,4,COMPLETE,True,52.90951994388683,0.8324201345905787,0.0,16,0,0.0,0,0,0,0,0,0,,,,,,,0,0,0,
tune,610091013,N4_spike4,relative,8,COMPLETE,True,105.81903988777366,0.8324201345905787,0.0,16,0,0.0,0,0,0,0,0,0,,,,,,,0,0,0,
tune,610091013,N5_boundary_null,absolute,0.25,COMPLETE,True,3.2168982659035357,0.8097781693147311,0.34375,4,1,2.65625,0,170,0,0,12,0,,0.0,,0.0,,,0,0,0,2.343277712211356
tune,610091013,N5_boundary_null,absolute,0.5,COMPLETE,True,6.433796531807071,0.8097781693147311,0.84375,4,1,1.921875,0,123,0,0,35,0,,0.0,,0.0,,,0,0,0,2.493380696681033
tune,610091013,N5_boundary_null,absolute,1,COMPLETE,True,12.867593063614143,0.8097781693147311,0.84375,4,1,0.921875,0,59,0,0,37,0,,0.0,,0.0,,,0,0,0,2.6403365121396685
tune,610091013,N5_boundary_null,absolute,2,COMPLETE,True,25.735186127228285,0.8097781693147311,0.21875,4,0,0.140625,0,9,0,0,7,0,,0.0,,0.0,,,0,0,0,2.6892384563157776
tune,610091013,N5_boundary_null,absolute,4,COMPLETE,True,51.47037225445657,0.8097781693147311,0.0,4,0,0.0,0,0,0,0,0,0,,,,,,,0,0,0,
tune,610091013,N5_boundary_null,absolute,8,COMPLETE,True,102.94074450891314,0.8097781693147311,0.0,4,0,0.0,0,0,0,0,0,0,,,,,,,0,0,0,
tune,610091013,N5_boundary_null,relative,0.25,COMPLETE,True,3.2977286498707343,0.8301253096168447,0.40625,4,0,2.703125,0,173,0,0,14,0,,0.0,,0.0,,,0,0,0,2.280991438463929
tune,610091013,N5_boundary_null,relative,0.5,COMPLETE,True,6.595457299741469,0.8301253096168447,0.84375,4,1,1.796875,0,115,0,0,36,0,,0.0,,0.0,,,0,0,0,2.4646026663389207
tune,610091013,N5_boundary_null,relative,1,COMPLETE,True,13.190914599482937,0.8301253096168447,0.84375,4,1,0.75,0,48,0,0,32,0,,0.0,,0.0,,,0,0,0,2.5989776098227373
tune,610091013,N5_boundary_null,relative,2,COMPLETE,True,26.381829198965875,0.8301253096168447,0.15625,4,0,0.078125,0,5,0,0,5,0,,0.0,,0.0,,,0,0,0,2.6066846260373575
tune,610091013,N5_boundary_null,relative,4,COMPLETE,True,52.76365839793175,0.8301253096168447,0.0,4,0,0.0,0,0,0,0,0,0,,,,,,,0,0,0,
tune,610091013,N5_boundary_null,relative,8,COMPLETE,True,105.5273167958635,0.8301253096168447,0.0,4,0,0.0,0,0,0,0,0,0,,,,,,,0,0,0,
tune,610091013,P025,absolute,0.25,COMPLETE,False,3.2168982659035357,0.8097781693147311,0.34375,6,1,2.5625,6,170,8,0,12,8,0.75,0.03529411764705882,0.0,0.0,0.5,,0,0,0,2.343767873420806
tune,610091013,P025,absolute,0.5,COMPLETE,False,6.433796531807071,0.8097781693147311,0.875,6,1,1.859375,3,122,8,0,38,8,0.375,0.02459016393442623,0.0,0.0,0.6666666666666666,,0,0,0,2.493324359343631
tune,610091013,P025,absolute,1,COMPLETE,False,12.867593063614143,0.8097781693147311,0.78125,6,1,0.859375,4,59,8,3,37,8,0.5,0.06779661016949153,0.375,0.08108108108108109,0.5,0.3333333333333333,3,0,0,2.6491567706074486
tune,610091013,P025,absolute,2,COMPLETE,False,25.735186127228285,0.8097781693147311,0.1875,6,0,0.125,1,9,8,1,7,8,0.125,0.1111111111111111,0.125,0.14285714285714285,0.0,0.0,1,0,0,2.723013399296883
tune,610091013,P025,absolute,4,COMPLETE,False,51.47037225445657,0.8097781693147311,0.0,6,0,0.0,0,0,8,0,0,8,0.0,,0.0,,,,0,0,0,
tune,610091013,P025,absolute,8,COMPLETE,False,102.94074450891314,0.8097781693147311,0.0,6,0,0.0,0,0,8,0,0,8,0.0,,0.0,,,,0,0,0,
tune,610091013,P025,relative,0.25,COMPLETE,False,3.3068449964929267,0.8324201345905787,0.34375,6,1,2.625,7,175,8,0,12,8,0.875,0.04,0.0,0.0,0.5714285714285714,,0,0,0,2.279406715623464
tune,610091013,P025,relative,0.5,COMPLETE,False,6.6136899929858535,0.8324201345905787,0.8125,6,1,1.765625,4,117,8,1,36,8,0.5,0.03418803418803419,0.125,0.027777777777777776,0.5,0.0,1,0,0,2.4692251971267845
tune,610091013,P025,relative,1,COMPLETE,False,13.227379985971707,0.8324201345905787,0.84375,6,1,0.734375,2,49,8,1,33,8,0.25,0.04081632653061224,0.125,0.030303030303030304,0.5,0.0,1,0,0,2.6033268459655785
tune,610091013,P025,relative,2,COMPLETE,False,26.454759971943414,0.8324201345905787,0.1875,6,0,0.09375,0,6,8,0,6,8,0.0,0.0,0.0,0.0,,,0,0,0,2.600667859691667
tune,610091013,P025,relative,4,COMPLETE,False,52.90951994388683,0.8324201345905787,0.0,6,0,0.0,0,0,8,0,0,8,0.0,,0.0,,,,0,0,0,
tune,610091013,P025,relative,8,COMPLETE,False,105.81903988777366,0.8324201345905787,0.0,6,0,0.0,0,0,8,0,0,8,0.0,,0.0,,,,0,0,0,
tune,610091013,P05,absolute,0.25,COMPLETE,False,3.2168982659035357,0.8097781693147311,0.34375,24,0,2.53125,8,170,8,0,12,8,1.0,0.047058823529411764,0.0,0.0,0.5,,0,0,0,2.34838196439936
tune,610091013,P05,absolute,0.5,COMPLETE,False,6.433796531807071,0.8097781693147311,0.875,24,1,1.84375,4,122,8,0,38,8,0.5,0.03278688524590164,0.0,0.0,0.5,,0,0,0,2.496682207600544
tune,610091013,P05,absolute,1,COMPLETE,False,12.867593063614143,0.8097781693147311,0.78125,24,0,0.859375,4,59,8,3,37,8,0.5,0.06779661016949153,0.375,0.08108108108108109,0.5,0.3333333333333333,3,0,0,2.659621106690673
tune,610091013,P05,absolute,2,COMPLETE,False,25.735186127228285,0.8097781693147311,0.1875,24,0,0.125,2,10,8,2,8,8,0.25,0.2,0.25,0.25,0.0,0.0,2,0,0,2.7027243393599307
tune,610091013,P05,absolute,4,COMPLETE,False,51.47037225445657,0.8097781693147311,0.0,24,0,0.0,0,0,8,0,0,8,0.0,,0.0,,,,0,0,0,
tune,610091013,P05,absolute,8,COMPLETE,False,102.94074450891314,0.8097781693147311,0.0,24,0,0.0,0,0,8,0,0,8,0.0,,0.0,,,,0,0,0,
tune,610091013,P05,relative,0.25,COMPLETE,False,3.3068449964929267,0.8324201345905787,0.34375,24,0,2.609375,7,174,8,0,12,8,0.875,0.040229885057471264,0.0,0.0,0.7142857142857143,,0,0,0,2.280294805809619
tune,610091013,P05,relative,0.5,COMPLETE,False,6.6136899929858535,0.8324201345905787,0.8125,24,1,1.78125,4,118,8,1,36,8,0.5,0.03389830508474576,0.125,0.027777777777777776,0.5,0.0,1,0,0,2.4604059621417083
tune,610091013,P05,relative,1,COMPLETE,False,13.227379985971707,0.8324201345905787,0.8125,24,1,0.71875,3,49,8,2,33,8,0.375,0.061224489795918366,0.25,0.06060606060606061,0.3333333333333333,0.0,2,0,0,2.6039233666574773
tune,610091013,P05,relative,2,COMPLETE,False,26.454759971943414,0.8324201345905787,0.1875,24,0,0.09375,1,7,8,1,7,8,0.125,0.14285714285714285,0.125,0.14285714285714285,0.0,0.0,1,0,0,2.537215965893012
tune,610091013,P05,relative,4,COMPLETE,False,52.90951994388683,0.8324201345905787,0.0,24,0,0.0,0,0,8,0,0,8,0.0,,0.0,,,,0,0,0,
tune,610091013,P05,relative,8,COMPLETE,False,105.81903988777366,0.8324201345905787,0.0,24,0,0.0,0,0,8,0,0,8,0.0,,0.0,,,,0,0,0,
tune,610091013,P1,absolute,0.25,COMPLETE,False,3.2168982659035357,0.8097781693147311,0.34375,14,0,2.53125,8,170,8,0,12,8,1.0,0.047058823529411764,0.0,0.0,0.375,,0,0,0,2.3522251793713616
tune,610091013,P1,absolute,0.5,COMPLETE,False,6.433796531807071,0.8097781693147311,0.84375,14,0,1.859375,5,124,8,1,38,8,0.625,0.04032258064516129,0.125,0.02631578947368421,0.2,0.0,1,0,0,2.5005137650008225
tune,610091013,P1,absolute,1,COMPLETE,False,12.867593063614143,0.8097781693147311,0.78125,14,0,0.859375,4,59,8,3,37,8,0.5,0.06779661016949153,0.375,0.08108108108108109,0.5,0.3333333333333333,3,0,0,2.6852116820381426
tune,610091013,P1,absolute,2,COMPLETE,False,25.735186127228285,0.8097781693147311,0.1875,14,0,0.125,2,10,8,2,8,8,0.25,0.2,0.25,0.25,0.0,0.0,2,0,0,2.817054731241609
tune,610091013,P1,absolute,4,COMPLETE,False,51.47037225445657,0.8097781693147311,0.0,14,0,0.0,1,1,8,1,1,8,0.125,1.0,0.125,1.0,0.0,0.0,1,0,0,3.0598794943625145
tune,610091013,P1,absolute,8,COMPLETE,False,102.94074450891314,0.8097781693147311,0.0,14,0,0.0,0,0,8,0,0,8,0.0,,0.0,,,,0,0,0,
tune,610091013,P1,relative,0.25,COMPLETE,False,3.3068449964929267,0.8324201345905787,0.375,14,0,2.609375,7,174,8,0,13,8,0.875,0.040229885057471264,0.0,0.0,0.5714285714285714,,0,0,0,2.2823262304499687
tune,610091013,P1,relative,0.5,COMPLETE,False,6.6136899929858535,0.8324201345905787,0.8125,14,0,1.78125,5,119,8,1,36,8,0.625,0.04201680672268908,0.125,0.027777777777777776,0.4,0.0,1,0,0,2.4633208236964927
tune,610091013,P1,relative,1,COMPLETE,False,13.227379985971707,0.8324201345905787,0.8125,14,0,0.703125,5,50,8,4,35,8,0.625,0.1,0.5,0.11428571428571428,0.4,0.25,4,0,0,2.6030963646001313
tune,610091013,P1,relative,2,COMPLETE,False,26.454759971943414,0.8324201345905787,0.1875,14,0,0.09375,2,8,8,2,8,8,0.25,0.25,0.25,0.25,0.0,0.0,2,0,0,2.5730007513142157
tune,610091013,P1,relative,4,COMPLETE,False,52.90951994388683,0.8324201345905787,0.0,14,0,0.0,0,0,8,0,0,8,0.0,,0.0,,,,0,0,0,
tune,610091013,P1,relative,8,COMPLETE,False,105.81903988777366,0.8324201345905787,0.0,14,0,0.0,0,0,8,0,0,8,0.0,,0.0,,,,0,0,0,
tune,610091013,P2,absolute,0.25,COMPLETE,False,3.2168982659035357,0.8097781693147311,0.34375,18,1,2.53125,8,170,8,0,12,8,1.0,0.047058823529411764,0.0,0.0,0.375,,0,0,0,2.3759600071910962
tune,610091013,P2,absolute,0.5,COMPLETE,False,6.433796531807071,0.8097781693147311,0.84375,18,1,1.859375,7,126,8,1,36,8,0.875,0.05555555555555555,0.125,0.027777777777777776,0.42857142857142855,0.0,1,0,0,2.524140490017982
tune,610091013,P2,absolute,1,COMPLETE,False,12.867593063614143,0.8097781693147311,0.71875,18,1,0.8125,6,58,8,6,37,8,0.75,0.10344827586206896,0.75,0.16216216216216217,0.0,0.0,6,0,0,2.7174067342112322
tune,610091013,P2,absolute,2,COMPLETE,False,25.735186127228285,0.8097781693147311,0.1875,18,0,0.125,7,15,8,7,13,8,0.875,0.4666666666666667,0.875,0.5384615384615384,0.14285714285714285,0.14285714285714285,7,0,0,2.8194784715414705
tune,610091013,P2,absolute,4,COMPLETE,False,51.47037225445657,0.8097781693147311,0.0,18,0,0.0,3,3,8,3,3,8,0.375,1.0,0.375,1.0,0.3333333333333333,0.3333333333333333,3,0,0,3.567350957633017
tune,610091013,P2,absolute,8,COMPLETE,False,102.94074450891314,0.8097781693147311,0.0,18,0,0.0,0,0,8,0,0,8,0.0,,0.0,,,,0,0,0,
tune,610091013,P2,relative,0.25,COMPLETE,False,3.3068449964929267,0.8324201345905787,0.375,18,1,2.609375,7,174,8,0,13,8,0.875,0.040229885057471264,0.0,0.0,0.5714285714285714,,0,0,0,2.302795515641254
tune,610091013,P2,relative,0.5,COMPLETE,False,6.6136899929858535,0.8324201345905787,0.78125,18,1,1.78125,7,121,8,1,35,8,0.875,0.05785123966942149,0.125,0.02857142857142857,0.5714285714285714,0.0,1,0,0,2.481216870585506
tune,610091013,P2,relative,1,COMPLETE,False,13.227379985971707,0.8324201345905787,0.75,18,1,0.671875,5,48,8,5,35,8,0.625,0.10416666666666667,0.625,0.14285714285714285,0.2,0.2,5,0,0,2.5920234304444514
tune,610091013,P2,relative,2,COMPLETE,False,26.454759971943414,0.8324201345905787,0.21875,18,0,0.125,3,11,8,3,10,8,0.375,0.2727272727272727,0.375,0.3,0.0,0.0,3,0,0,2.8785280921158303
tune,610091013,P2,relative,4,COMPLETE,False,52.90951994388683,0.8324201345905787,0.0,18,0,0.0,2,2,8,2,2,8,0.25,1.0,0.25,1.0,0.0,0.0,2,0,0,3.1928926044712744
tune,610091013,P2,relative,8,COMPLETE,False,105.81903988777366,0.8324201345905787,0.0,18,0,0.0,0,0,8,0,0,8,0.0,,0.0,,,,0,0,0,
tune,610091013,P6_return,absolute,0.25,COMPLETE,False,3.2168982659035357,0.8097781693147311,0.375,10,0,2.46875,11,169,16,1,13,16,0.6875,0.0650887573964497,0.0625,0.07692307692307693,0.45454545454545453,0.0,0,1,0,2.35653956831103
tune,610091013,P6_return,absolute,0.5,COMPLETE,False,6.433796531807071,0.8097781693147311,0.84375,10,1,1.828125,6,123,16,3,39,16,0.375,0.04878048780487805,0.1875,0.07692307692307693,0.16666666666666666,0.0,2,1,0,2.5051800681300285
tune,610091013,P6_return,absolute,1,COMPLETE,False,12.867593063614143,0.8097781693147311,0.71875,10,1,0.828125,5,58,16,5,37,16,0.3125,0.08620689655172414,0.3125,0.13513513513513514,0.2,0.2,4,1,0,2.649851739294575
tune,610091013,P6_return,absolute,2,COMPLETE,False,25.735186127228285,0.8097781693147311,0.1875,10,0,0.125,2,10,16,2,8,16,0.125,0.2,0.125,0.25,0.0,0.0,2,0,0,2.7027243393599307
tune,610091013,P6_return,absolute,4,COMPLETE,False,51.47037225445657,0.8097781693147311,0.0,10,0,0.0,0,0,16,0,0,16,0.0,,0.0,,,,0,0,0,
tune,610091013,P6_return,absolute,8,COMPLETE,False,102.94074450891314,0.8097781693147311,0.0,10,0,0.0,0,0,16,0,0,16,0.0,,0.0,,,,0,0,0,
tune,610091013,P6_return,relative,0.25,COMPLETE,False,3.3068449964929267,0.8324201345905787,0.375,10,1,2.578125,9,174,16,0,13,16,0.5625,0.05172413793103448,0.0,0.0,0.4444444444444444,,0,0,0,2.2836888318681874
tune,610091013,P6_return,relative,0.5,COMPLETE,False,6.6136899929858535,0.8324201345905787,0.84375,10,1,1.765625,5,118,16,0,37,16,0.3125,0.0423728813559322,0.0,0.0,0.4,,0,0,0,2.46755417294854
tune,610091013,P6_return,relative,1,COMPLETE,False,13.227379985971707,0.8324201345905787,0.75,10,1,0.671875,5,48,16,4,33,16,0.3125,0.10416666666666667,0.25,0.12121212121212122,0.2,0.0,3,1,0,2.602859621469759
tune,610091013,P6_return,relative,2,COMPLETE,False,26.454759971943414,0.8324201345905787,0.1875,10,0,0.09375,1,7,16,1,7,16,0.0625,0.14285714285714285,0.0625,0.14285714285714285,0.0,0.0,1,0,0,2.516456402439225
tune,610091013,P6_return,relative,4,COMPLETE,False,52.90951994388683,0.8324201345905787,0.0,10,0,0.0,0,0,16,0,0,16,0.0,,0.0,,,,0,0,0,
tune,610091013,P6_return,relative,8,COMPLETE,False,105.81903988777366,0.8324201345905787,0.0,10,0,0.0,0,0,16,0,0,16,0.0,,0.0,,,,0,0,0,
tune,610091013,C3_short_censored,absolute,0.25,COMPLETE,False,3.2168982659035357,0.8097781693147311,0.34375,29,0,2.5625,7,171,8,0,11,0,0.875,0.04093567251461988,,0.0,0.5714285714285714,,0,0,8,2.3666193671348004
tune,610091013,C3_short_censored,absolute,0.5,COMPLETE,False,6.433796531807071,0.8097781693147311,0.8125,29,0,1.859375,7,126,8,0,33,0,0.875,0.05555555555555555,,0.0,0.5714285714285714,,0,0,8,2.512410720468246
tune,610091013,C3_short_censored,absolute,1,COMPLETE,False,12.867593063614143,0.8097781693147311,0.8125,29,1,0.921875,3,62,8,0,36,0,0.375,0.04838709677419355,,0.0,0.3333333333333333,,0,0,8,2.6516014182530836
tune,610091013,C3_short_censored,absolute,2,COMPLETE,False,25.735186127228285,0.8097781693147311,0.1875,29,0,0.140625,1,10,8,0,6,0,0.125,0.1,,0.0,1.0,,0,0,8,2.895372569718601
tune,610091013,C3_short_censored,absolute,4,COMPLETE,False,51.47037225445657,0.8097781693147311,0.0,29,0,0.0,0,0,8,0,0,0,0.0,,,,,,0,0,8,
tune,610091013,C3_short_censored,absolute,8,COMPLETE,False,102.94074450891314,0.8097781693147311,0.0,29,0,0.0,0,0,8,0,0,0,0.0,,,,,,0,0,8,
tune,610091013,C3_short_censored,relative,0.25,COMPLETE,False,3.3068449964929267,0.8324201345905787,0.34375,29,0,2.609375,8,175,8,0,12,0,1.0,0.045714285714285714,,0.0,0.25,,0,0,8,2.3022654306094568
tune,610091013,C3_short_censored,relative,0.5,COMPLETE,False,6.6136899929858535,0.8324201345905787,0.8125,29,1,1.796875,6,121,8,0,35,0,0.75,0.049586776859504134,,0.0,0.3333333333333333,,0,0,8,2.4891010982750057
tune,610091013,C3_short_censored,relative,1,COMPLETE,False,13.227379985971707,0.8324201345905787,0.78125,29,1,0.71875,4,50,8,0,29,0,0.5,0.08,,0.0,0.25,,0,0,8,2.5971777160396177
tune,610091013,C3_short_censored,relative,2,COMPLETE,False,26.454759971943414,0.8324201345905787,0.1875,29,0,0.109375,1,8,8,0,6,0,0.125,0.125,,0.0,1.0,,0,0,8,2.724616247041574
tune,610091013,C3_short_censored,relative,4,COMPLETE,False,52.90951994388683,0.8324201345905787,0.0,29,0,0.0,0,0,8,0,0,0,0.0,,,,,,0,0,8,
tune,610091013,C3_short_censored,relative,8,COMPLETE,False,105.81903988777366,0.8324201345905787,0.0,29,0,0.0,0,0,8,0,0,0,0.0,,,,,,0,0,8,
tune,610091014,N0_iid,absolute,0.25,COMPLETE,True,4.064249127092162,1.0230787378820936,0.53125,1,0,2.25,0,144,0,0,20,0,,0.0,,0.0,,,0,0,0,2.1024044765214374
tune,610091014,N0_iid,absolute,0.5,COMPLETE,True,8.128498254184324,1.0230787378820936,0.59375,1,0,0.703125,0,45,0,0,23,0,,0.0,,0.0,,,0,0,0,2.1507236956524456
tune,610091014,N0_iid,absolute,1,COMPLETE,True,16.256996508368648,1.0230787378820936,0.09375,1,0,0.0625,0,4,0,0,3,0,,0.0,,0.0,,,0,0,0,1.9227450909200936
tune,610091014,N0_iid,absolute,2,COMPLETE,True,32.513993016737295,1.0230787378820936,0.0,1,0,0.0,0,0,0,0,0,0,,,,,,,0,0,0,
tune,610091014,N0_iid,absolute,4,COMPLETE,True,65.02798603347459,1.0230787378820936,0.0,1,0,0.0,0,0,0,0,0,0,,,,,,,0,0,0,
tune,610091014,N0_iid,absolute,8,COMPLETE,True,130.05597206694918,1.0230787378820936,0.0,1,0,0.0,0,0,0,0,0,0,,,,,,,0,0,0,
tune,610091014,N0_iid,relative,0.25,COMPLETE,True,4.195232891869707,1.05605080739879,0.5625,1,0,2.171875,0,139,0,0,19,0,,0.0,,0.0,,,0,0,0,2.1497085823868987
tune,610091014,N0_iid,relative,0.5,COMPLETE,True,8.390465783739414,1.05605080739879,0.625,1,0,0.703125,0,45,0,0,23,0,,0.0,,0.0,,,0,0,0,2.1554642914620232
tune,610091014,N0_iid,relative,1,COMPLETE,True,16.780931567478827,1.05605080739879,0.0625,1,0,0.03125,0,2,0,0,2,0,,0.0,,0.0,,,0,0,0,1.8029950951391087
tune,610091014,N0_iid,relative,2,COMPLETE,True,33.561863134957655,1.05605080739879,0.0,1,0,0.0,0,0,0,0,0,0,,,,,,,0,0,0,
tune,610091014,N0_iid,relative,4,COMPLETE,True,67.12372626991531,1.05605080739879,0.0,1,0,0.0,0,0,0,0,0,0,,,,,,,0,0,0,
tune,610091014,N0_iid,relative,8,COMPLETE,True,134.24745253983062,1.05605080739879,0.0,1,0,0.0,0,0,0,0,0,0,,,,,,,0,0,0,
tune,610091014,N1_ar05,absolute,0.25,COMPLETE,True,3.330996884191785,0.8384998019563676,0.28125,23,0,2.6875,0,172,0,0,9,0,,0.0,,0.0,,,0,0,0,2.3789799375924296
tune,610091014,N1_ar05,absolute,0.5,COMPLETE,True,6.66199376838357,0.8384998019563676,0.84375,23,1,1.921875,0,123,0,0,36,0,,0.0,,0.0,,,0,0,0,2.5245728404445975
tune,610091014,N1_ar05,absolute,1,COMPLETE,True,13.32398753676714,0.8384998019563676,0.78125,23,1,0.828125,0,53,0,0,32,0,,0.0,,0.0,,,0,0,0,2.660427229347307
tune,610091014,N1_ar05,absolute,2,COMPLETE,True,26.64797507353428,0.8384998019563676,0.25,23,0,0.140625,0,9,0,0,8,0,,0.0,,0.0,,,0,0,0,2.620964985960547
tune,610091014,N1_ar05,absolute,4,COMPLETE,True,53.29595014706856,0.8384998019563676,0.0,23,0,0.0,0,0,0,0,0,0,,,,,,,0,0,0,
tune,610091014,N1_ar05,absolute,8,COMPLETE,True,106.59190029413712,0.8384998019563676,0.0,23,0,0.0,0,0,0,0,0,0,,,,,,,0,0,0,
tune,610091014,N1_ar05,relative,0.25,COMPLETE,True,3.494346391486829,0.8796191828139687,0.34375,23,1,2.578125,0,165,0,0,11,0,,0.0,,0.0,,,0,0,0,2.4285431397246238
tune,610091014,N1_ar05,relative,0.5,COMPLETE,True,6.988692782973658,0.8796191828139687,0.8125,23,1,1.921875,0,123,0,0,33,0,,0.0,,0.0,,,0,0,0,2.5529862312476945
tune,610091014,N1_ar05,relative,1,COMPLETE,True,13.977385565947316,0.8796191828139687,0.75,23,1,0.796875,0,51,0,0,31,0,,0.0,,0.0,,,0,0,0,2.761694520727307
tune,610091014,N1_ar05,relative,2,COMPLETE,True,27.95477113189463,0.8796191828139687,0.21875,23,0,0.125,0,8,0,0,8,0,,0.0,,0.0,,,0,0,0,2.670324595509686
tune,610091014,N1_ar05,relative,4,COMPLETE,True,55.90954226378926,0.8796191828139687,0.0,23,0,0.0,0,0,0,0,0,0,,,,,,,0,0,0,
tune,610091014,N1_ar05,relative,8,COMPLETE,True,111.81908452757853,0.8796191828139687,0.0,23,0,0.0,0,0,0,0,0,0,,,,,,,0,0,0,
tune,610091014,N2_season_ar05,absolute,0.25,COMPLETE,True,3.330996884191785,0.8384998019563676,0.28125,17,0,2.6875,0,172,0,0,9,0,,0.0,,0.0,,,0,0,0,2.3789799375924296
tune,610091014,N2_season_ar05,absolute,0.5,COMPLETE,True,6.66199376838357,0.8384998019563676,0.84375,17,1,1.921875,0,123,0,0,36,0,,0.0,,0.0,,,0,0,0,2.5245728404445975
tune,610091014,N2_season_ar05,absolute,1,COMPLETE,True,13.32398753676714,0.8384998019563676,0.78125,17,1,0.828125,0,53,0,0,32,0,,0.0,,0.0,,,0,0,0,2.660427229347307
tune,610091014,N2_season_ar05,absolute,2,COMPLETE,True,26.64797507353428,0.8384998019563676,0.25,17,0,0.140625,0,9,0,0,8,0,,0.0,,0.0,,,0,0,0,2.620964985960547
tune,610091014,N2_season_ar05,absolute,4,COMPLETE,True,53.29595014706856,0.8384998019563676,0.0,17,0,0.0,0,0,0,0,0,0,,,,,,,0,0,0,
tune,610091014,N2_season_ar05,absolute,8,COMPLETE,True,106.59190029413712,0.8384998019563676,0.0,17,0,0.0,0,0,0,0,0,0,,,,,,,0,0,0,
tune,610091014,N2_season_ar05,relative,0.25,COMPLETE,True,3.494346391486829,0.8796191828139687,0.34375,17,1,2.578125,0,165,0,0,11,0,,0.0,,0.0,,,0,0,0,2.4285431397246238
tune,610091014,N2_season_ar05,relative,0.5,COMPLETE,True,6.988692782973658,0.8796191828139687,0.8125,17,1,1.921875,0,123,0,0,33,0,,0.0,,0.0,,,0,0,0,2.5529862312476945
tune,610091014,N2_season_ar05,relative,1,COMPLETE,True,13.977385565947316,0.8796191828139687,0.75,17,1,0.796875,0,51,0,0,31,0,,0.0,,0.0,,,0,0,0,2.761694520727307
tune,610091014,N2_season_ar05,relative,2,COMPLETE,True,27.95477113189463,0.8796191828139687,0.21875,17,0,0.125,0,8,0,0,8,0,,0.0,,0.0,,,0,0,0,2.670324595509686
tune,610091014,N2_season_ar05,relative,4,COMPLETE,True,55.90954226378926,0.8796191828139687,0.0,17,0,0.0,0,0,0,0,0,0,,,,,,,0,0,0,
tune,610091014,N2_season_ar05,relative,8,COMPLETE,True,111.81908452757853,0.8796191828139687,0.0,17,0,0.0,0,0,0,0,0,0,,,,,,,0,0,0,
tune,610091014,N3_common_shift2,absolute,0.25,COMPLETE,False,3.330996884191785,0.8384998019563676,0.34375,9,1,2.21875,30,172,32,0,11,32,0.9375,0.1744186046511628,0.0,0.0,0.3333333333333333,,0,0,0,2.490066742430927
tune,610091014,N3_common_shift2,absolute,0.5,COMPLETE,False,6.66199376838357,0.8384998019563676,0.65625,9,1,1.546875,28,127,32,10,32,32,0.875,0.2204724409448819,0.3125,0.3125,0.35714285714285715,0.2,10,0,0,2.652823408659283
tune,610091014,N3_common_shift2,absolute,1,COMPLETE,False,13.32398753676714,0.8384998019563676,0.5625,9,0,0.75,23,71,32,18,39,32,0.71875,0.323943661971831,0.5625,0.46153846153846156,0.30434782608695654,0.3333333333333333,18,0,0,2.83416198117664
tune,610091014,N3_common_shift2,absolute,2,COMPLETE,False,26.64797507353428,0.8384998019563676,0.25,9,0,0.125,16,24,32,16,24,32,0.5,0.6666666666666666,0.5,0.6666666666666666,0.375,0.375,16,0,0,2.8146103351927927
tune,610091014,N3_common_shift2,absolute,4,COMPLETE,False,53.29595014706856,0.8384998019563676,0.0625,9,0,0.03125,4,6,32,4,6,32,0.125,0.6666666666666666,0.125,0.6666666666666666,0.25,0.25,4,0,0,3.63688885781608
tune,610091014,N3_common_shift2,absolute,8,COMPLETE,False,106.59190029413712,0.8384998019563676,0.0,9,0,0.0,0,0,32,0,0,32,0.0,,0.0,,,,0,0,0,
tune,610091014,N3_common_shift2,relative,0.25,COMPLETE,True,3.494346391486829,0.8796191828139687,0.34375,9,0,2.578125,0,165,0,0,11,0,,0.0,,0.0,,,0,0,0,2.4285431397246238
tune,610091014,N3_common_shift2,relative,0.5,COMPLETE,True,6.988692782973658,0.8796191828139687,0.8125,9,1,1.921875,0,123,0,0,33,0,,0.0,,0.0,,,0,0,0,2.5529862312476945
tune,610091014,N3_common_shift2,relative,1,COMPLETE,True,13.977385565947316,0.8796191828139687,0.75,9,0,0.796875,0,51,0,0,31,0,,0.0,,0.0,,,0,0,0,2.761694520727307
tune,610091014,N3_common_shift2,relative,2,COMPLETE,True,27.95477113189463,0.8796191828139687,0.21875,9,0,0.125,0,8,0,0,8,0,,0.0,,0.0,,,0,0,0,2.670324595509686
tune,610091014,N3_common_shift2,relative,4,COMPLETE,True,55.90954226378926,0.8796191828139687,0.0,9,0,0.0,0,0,0,0,0,0,,,,,,,0,0,0,
tune,610091014,N3_common_shift2,relative,8,COMPLETE,True,111.81908452757853,0.8796191828139687,0.0,9,0,0.0,0,0,0,0,0,0,,,,,,,0,0,0,
tune,610091014,N4_spike4,absolute,0.25,COMPLETE,True,3.330996884191785,0.8384998019563676,0.21875,7,0,2.71875,0,174,0,0,7,0,,0.0,,0.0,,,0,0,0,2.419690557575921
tune,610091014,N4_spike4,absolute,0.5,COMPLETE,True,6.66199376838357,0.8384998019563676,0.78125,7,1,1.984375,0,127,0,0,33,0,,0.0,,0.0,,,0,0,0,2.563415284086655
tune,610091014,N4_spike4,absolute,1,COMPLETE,True,13.32398753676714,0.8384998019563676,0.8125,7,1,0.875,0,56,0,0,31,0,,0.0,,0.0,,,0,0,0,2.7245510668443242
tune,610091014,N4_spike4,absolute,2,COMPLETE,True,26.64797507353428,0.8384998019563676,0.25,7,1,0.140625,0,9,0,0,8,0,,0.0,,0.0,,,0,0,0,2.634147964121094
tune,610091014,N4_spike4,absolute,4,COMPLETE,True,53.29595014706856,0.8384998019563676,0.0,7,0,0.0,0,0,0,0,0,0,,,,,,,0,0,0,
tune,610091014,N4_spike4,absolute,8,COMPLETE,True,106.59190029413712,0.8384998019563676,0.0,7,0,0.0,0,0,0,0,0,0,,,,,,,0,0,0,
tune,610091014,N4_spike4,relative,0.25,COMPLETE,True,3.494346391486829,0.8796191828139687,0.28125,7,0,2.625,0,168,0,0,9,0,,0.0,,0.0,,,0,0,0,2.45662792807179
tune,610091014,N4_spike4,relative,0.5,COMPLETE,True,6.988692782973658,0.8796191828139687,0.78125,7,1,1.96875,0,126,0,0,31,0,,0.0,,0.0,,,0,0,0,2.582138675930282
tune,610091014,N4_spike4,relative,1,COMPLETE,True,13.977385565947316,0.8796191828139687,0.78125,7,1,0.8125,0,52,0,0,29,0,,0.0,,0.0,,,0,0,0,2.8249262347459823
tune,610091014,N4_spike4,relative,2,COMPLETE,True,27.95477113189463,0.8796191828139687,0.21875,7,1,0.125,0,8,0,0,8,0,,0.0,,0.0,,,0,0,0,2.6693955729704038
tune,610091014,N4_spike4,relative,4,COMPLETE,True,55.90954226378926,0.8796191828139687,0.0,7,0,0.0,0,0,0,0,0,0,,,,,,,0,0,0,
tune,610091014,N4_spike4,relative,8,COMPLETE,True,111.81908452757853,0.8796191828139687,0.0,7,0,0.0,0,0,0,0,0,0,,,,,,,0,0,0,
tune,610091014,N5_boundary_null,absolute,0.25,COMPLETE,True,3.330996884191785,0.8384998019563676,0.28125,16,0,2.6875,0,172,0,0,9,0,,0.0,,0.0,,,0,0,0,2.3789799375924296
tune,610091014,N5_boundary_null,absolute,0.5,COMPLETE,True,6.66199376838357,0.8384998019563676,0.84375,16,1,1.921875,0,123,0,0,36,0,,0.0,,0.0,,,0,0,0,2.5245728404445975
tune,610091014,N5_boundary_null,absolute,1,COMPLETE,True,13.32398753676714,0.8384998019563676,0.78125,16,1,0.828125,0,53,0,0,32,0,,0.0,,0.0,,,0,0,0,2.660427229347307
tune,610091014,N5_boundary_null,absolute,2,COMPLETE,True,26.64797507353428,0.8384998019563676,0.25,16,1,0.140625,0,9,0,0,8,0,,0.0,,0.0,,,0,0,0,2.620964985960547
tune,610091014,N5_boundary_null,absolute,4,COMPLETE,True,53.29595014706856,0.8384998019563676,0.0,16,0,0.0,0,0,0,0,0,0,,,,,,,0,0,0,
tune,610091014,N5_boundary_null,absolute,8,COMPLETE,True,106.59190029413712,0.8384998019563676,0.0,16,0,0.0,0,0,0,0,0,0,,,,,,,0,0,0,
tune,610091014,N5_boundary_null,relative,0.25,COMPLETE,True,3.456451298903348,0.8700799881731197,0.28125,16,0,2.59375,0,166,0,0,9,0,,0.0,,0.0,,,0,0,0,2.4012961219832616
tune,610091014,N5_boundary_null,relative,0.5,COMPLETE,True,6.912902597806696,0.8700799881731197,0.78125,16,1,1.90625,0,122,0,0,33,0,,0.0,,0.0,,,0,0,0,2.535441492027754
tune,610091014,N5_boundary_null,relative,1,COMPLETE,True,13.825805195613391,0.8700799881731197,0.75,16,1,0.78125,0,50,0,0,30,0,,0.0,,0.0,,,0,0,0,2.70318793666325
tune,610091014,N5_boundary_null,relative,2,COMPLETE,True,27.651610391226782,0.8700799881731197,0.21875,16,0,0.125,0,8,0,0,8,0,,0.0,,0.0,,,0,0,0,2.697569846214822
tune,610091014,N5_boundary_null,relative,4,COMPLETE,True,55.303220782453565,0.8700799881731197,0.0,16,0,0.0,0,0,0,0,0,0,,,,,,,0,0,0,
tune,610091014,N5_boundary_null,relative,8,COMPLETE,True,110.60644156490713,0.8700799881731197,0.0,16,0,0.0,0,0,0,0,0,0,,,,,,,0,0,0,
tune,610091014,P025,absolute,0.25,COMPLETE,False,3.330996884191785,0.8384998019563676,0.25,24,0,2.609375,6,173,8,0,8,8,0.75,0.03468208092485549,0.0,0.0,0.3333333333333333,,0,0,0,2.3723046594503376
tune,610091014,P025,absolute,0.5,COMPLETE,False,6.66199376838357,0.8384998019563676,0.78125,24,1,1.859375,4,123,8,3,36,8,0.5,0.032520325203252036,0.375,0.08333333333333333,0.5,0.3333333333333333,3,0,0,2.5243022470710867
tune,610091014,P025,absolute,1,COMPLETE,False,13.32398753676714,0.8384998019563676,0.78125,24,1,0.8125,2,54,8,2,33,8,0.25,0.037037037037037035,0.25,0.06060606060606061,0.5,0.5,2,0,0,2.6363548694725165
tune,610091014,P025,absolute,2,COMPLETE,False,26.64797507353428,0.8384998019563676,0.25,24,0,0.140625,0,9,8,0,8,8,0.0,0.0,0.0,0.0,,,0,0,0,2.6118775886479835
tune,610091014,P025,absolute,4,COMPLETE,False,53.29595014706856,0.8384998019563676,0.0,24,0,0.0,0,0,8,0,0,8,0.0,,0.0,,,,0,0,0,
tune,610091014,P025,absolute,8,COMPLETE,False,106.59190029413712,0.8384998019563676,0.0,24,0,0.0,0,0,8,0,0,8,0.0,,0.0,,,,0,0,0,
tune,610091014,P025,relative,0.25,COMPLETE,False,3.494346391486829,0.8796191828139687,0.3125,24,0,2.484375,7,166,8,0,10,8,0.875,0.04216867469879518,0.0,0.0,0.42857142857142855,,0,0,0,2.424532884751288
tune,610091014,P025,relative,0.5,COMPLETE,False,6.988692782973658,0.8796191828139687,0.75,24,1,1.84375,4,122,8,1,32,8,0.5,0.03278688524590164,0.125,0.03125,0.25,0.0,1,0,0,2.561151576638761
tune,610091014,P025,relative,1,COMPLETE,False,13.977385565947316,0.8796191828139687,0.71875,24,1,0.765625,1,50,8,1,29,8,0.125,0.02,0.125,0.034482758620689655,1.0,1.0,1,0,0,2.7609381878204187
tune,610091014,P025,relative,2,COMPLETE,False,27.95477113189463,0.8796191828139687,0.21875,24,0,0.125,0,8,8,0,8,8,0.0,0.0,0.0,0.0,,,0,0,0,2.668734325421799
tune,610091014,P025,relative,4,COMPLETE,False,55.90954226378926,0.8796191828139687,0.0,24,0,0.0,0,0,8,0,0,8,0.0,,0.0,,,,0,0,0,
tune,610091014,P025,relative,8,COMPLETE,False,111.81908452757853,0.8796191828139687,0.0,24,0,0.0,0,0,8,0,0,8,0.0,,0.0,,,,0,0,0,
tune,610091014,P05,absolute,0.25,COMPLETE,False,3.330996884191785,0.8384998019563676,0.25,3,0,2.609375,6,173,8,0,8,8,0.75,0.03468208092485549,0.0,0.0,0.3333333333333333,,0,0,0,2.3743534409090503
tune,610091014,P05,absolute,0.5,COMPLETE,False,6.66199376838357,0.8384998019563676,0.78125,3,0,1.859375,4,123,8,3,36,8,0.5,0.032520325203252036,0.375,0.08333333333333333,0.5,0.3333333333333333,3,0,0,2.5250047117444585
tune,610091014,P05,absolute,1,COMPLETE,False,13.32398753676714,0.8384998019563676,0.78125,3,1,0.828125,3,56,8,3,34,8,0.375,0.05357142857142857,0.375,0.08823529411764706,0.6666666666666666,0.6666666666666666,3,0,0,2.6391662966646017
tune,610091014,P05,absolute,2,COMPLETE,False,26.64797507353428,0.8384998019563676,0.25,3,0,0.140625,0,9,8,0,8,8,0.0,0.0,0.0,0.0,,,0,0,0,2.6035457997410236
tune,610091014,P05,absolute,4,COMPLETE,False,53.29595014706856,0.8384998019563676,0.0,3,0,0.0,0,0,8,0,0,8,0.0,,0.0,,,,0,0,0,
tune,610091014,P05,absolute,8,COMPLETE,False,106.59190029413712,0.8384998019563676,0.0,3,0,0.0,0,0,8,0,0,8,0.0,,0.0,,,,0,0,0,
tune,610091014,P05,relative,0.25,COMPLETE,False,3.494346391486829,0.8796191828139687,0.34375,3,0,2.484375,7,166,8,0,11,8,0.875,0.04216867469879518,0.0,0.0,0.42857142857142855,,0,0,0,2.4248786500144965
tune,610091014,P05,relative,0.5,COMPLETE,False,6.988692782973658,0.8796191828139687,0.75,3,0,1.84375,4,122,8,1,32,8,0.5,0.03278688524590164,0.125,0.03125,0.25,0.0,1,0,0,2.5629680812438043
tune,610091014,P05,relative,1,COMPLETE,False,13.977385565947316,0.8796191828139687,0.71875,3,1,0.765625,1,50,8,1,29,8,0.125,0.02,0.125,0.034482758620689655,1.0,1.0,1,0,0,2.7656253869132614
tune,610091014,P05,relative,2,COMPLETE,False,27.95477113189463,0.8796191828139687,0.21875,3,0,0.125,0,8,8,0,8,8,0.0,0.0,0.0,0.0,,,0,0,0,2.668398562000526
tune,610091014,P05,relative,4,COMPLETE,False,55.90954226378926,0.8796191828139687,0.0,3,0,0.0,0,0,8,0,0,8,0.0,,0.0,,,,0,0,0,
tune,610091014,P05,relative,8,COMPLETE,False,111.81908452757853,0.8796191828139687,0.0,3,0,0.0,0,0,8,0,0,8,0.0,,0.0,,,,0,0,0,
tune,610091014,P1,absolute,0.25,COMPLETE,False,3.330996884191785,0.8384998019563676,0.25,18,0,2.578125,8,173,8,0,8,8,1.0,0.046242774566473986,0.0,0.0,0.5,,0,0,0,2.378915969021547
tune,610091014,P1,absolute,0.5,COMPLETE,False,6.66199376838357,0.8384998019563676,0.75,18,1,1.84375,7,125,8,3,35,8,0.875,0.056,0.375,0.08571428571428572,0.42857142857142855,0.3333333333333333,3,0,0,2.5244966729305274
tune,610091014,P1,absolute,1,COMPLETE,False,13.32398753676714,0.8384998019563676,0.75,18,1,0.8125,5,57,8,5,35,8,0.625,0.08771929824561403,0.625,0.14285714285714285,0.6,0.6,5,0,0,2.646092043362403
tune,610091014,P1,absolute,2,COMPLETE,False,26.64797507353428,0.8384998019563676,0.25,18,0,0.125,0,8,8,0,8,8,0.0,0.0,0.0,0.0,,,0,0,0,2.593262008823563
tune,610091014,P1,absolute,4,COMPLETE,False,53.29595014706856,0.8384998019563676,0.0,18,0,0.0,0,0,8,0,0,8,0.0,,0.0,,,,0,0,0,
tune,610091014,P1,absolute,8,COMPLETE,False,106.59190029413712,0.8384998019563676,0.0,18,0,0.0,0,0,8,0,0,8,0.0,,0.0,,,,0,0,0,
tune,610091014,P1,relative,0.25,COMPLETE,False,3.494346391486829,0.8796191828139687,0.375,18,0,2.484375,7,166,8,0,12,8,0.875,0.04216867469879518,0.0,0.0,0.42857142857142855,,0,0,0,2.4369685142496094
tune,610091014,P1,relative,0.5,COMPLETE,False,6.988692782973658,0.8796191828139687,0.75,18,1,1.890625,4,125,8,1,33,8,0.5,0.032,0.125,0.030303030303030304,0.25,0.0,1,0,0,2.535813587951873
tune,610091014,P1,relative,1,COMPLETE,False,13.977385565947316,0.8796191828139687,0.71875,18,1,0.78125,2,52,8,2,31,8,0.25,0.038461538461538464,0.25,0.06451612903225806,1.0,1.0,2,0,0,2.7376189233790336
tune,610091014,P1,relative,2,COMPLETE,False,27.95477113189463,0.8796191828139687,0.21875,18,0,0.125,0,8,8,0,8,8,0.0,0.0,0.0,0.0,,,0,0,0,2.6665875361402858
tune,610091014,P1,relative,4,COMPLETE,False,55.90954226378926,0.8796191828139687,0.0,18,0,0.0,0,0,8,0,0,8,0.0,,0.0,,,,0,0,0,
tune,610091014,P1,relative,8,COMPLETE,False,111.81908452757853,0.8796191828139687,0.0,18,0,0.0,0,0,8,0,0,8,0.0,,0.0,,,,0,0,0,
tune,610091014,P2,absolute,0.25,COMPLETE,False,3.330996884191785,0.8384998019563676,0.25,5,0,2.59375,8,174,8,0,8,8,1.0,0.04597701149425287,0.0,0.0,0.25,,0,0,0,2.3993571359192334
tune,610091014,P2,absolute,0.5,COMPLETE,False,6.66199376838357,0.8384998019563676,0.78125,5,0,1.84375,8,126,8,3,35,8,1.0,0.06349206349206349,0.375,0.08571428571428572,0.375,0.0,3,0,0,2.5454820801274827
tune,610091014,P2,absolute,1,COMPLETE,False,13.32398753676714,0.8384998019563676,0.71875,5,0,0.765625,8,57,8,7,35,8,1.0,0.14035087719298245,0.875,0.2,0.375,0.42857142857142855,7,0,0,2.7236656595772626
tune,610091014,P2,absolute,2,COMPLETE,False,26.64797507353428,0.8384998019563676,0.28125,5,0,0.140625,4,13,8,4,13,8,0.5,0.3076923076923077,0.5,0.3076923076923077,0.5,0.5,4,0,0,2.579862724023956
tune,610091014,P2,absolute,4,COMPLETE,False,53.29595014706856,0.8384998019563676,0.0,5,0,0.0,0,0,8,0,0,8,0.0,,0.0,,,,0,0,0,
tune,610091014,P2,absolute,8,COMPLETE,False,106.59190029413712,0.8384998019563676,0.0,5,0,0.0,0,0,8,0,0,8,0.0,,0.0,,,,0,0,0,
tune,610091014,P2,relative,0.25,COMPLETE,False,3.494346391486829,0.8796191828139687,0.3125,5,0,2.484375,8,167,8,0,10,8,1.0,0.04790419161676647,0.0,0.0,0.375,,0,0,0,2.4506780472380325
tune,610091014,P2,relative,0.5,COMPLETE,False,6.988692782973658,0.8796191828139687,0.71875,5,1,1.8125,8,124,8,2,34,8,1.0,0.06451612903225806,0.25,0.058823529411764705,0.375,0.5,2,0,0,2.5544285113129055
tune,610091014,P2,relative,1,COMPLETE,False,13.977385565947316,0.8796191828139687,0.75,5,0,0.75,7,55,8,6,34,8,0.875,0.12727272727272726,0.75,0.17647058823529413,0.5714285714285714,0.6666666666666666,6,0,0,2.7351586370941803
tune,610091014,P2,relative,2,COMPLETE,False,27.95477113189463,0.8796191828139687,0.25,5,0,0.140625,3,12,8,3,12,8,0.375,0.25,0.375,0.25,0.6666666666666666,0.6666666666666666,3,0,0,2.550260991613555
tune,610091014,P2,relative,4,COMPLETE,False,55.90954226378926,0.8796191828139687,0.0,5,0,0.0,0,0,8,0,0,8,0.0,,0.0,,,,0,0,0,
tune,610091014,P2,relative,8,COMPLETE,False,111.81908452757853,0.8796191828139687,0.0,5,0,0.0,0,0,8,0,0,8,0.0,,0.0,,,,0,0,0,
tune,610091014,P6_return,absolute,0.25,COMPLETE,False,3.330996884191785,0.8384998019563676,0.1875,13,0,2.453125,16,173,16,2,8,16,1.0,0.09248554913294797,0.125,0.25,0.625,0.5,0,2,0,2.3867323444991744
tune,610091014,P6_return,absolute,0.5,COMPLETE,False,6.66199376838357,0.8384998019563676,0.6875,13,1,1.765625,13,126,16,5,34,16,0.8125,0.10317460317460317,0.3125,0.14705882352941177,0.6153846153846154,0.6,3,2,0,2.5331468247795996
tune,610091014,P6_return,absolute,1,COMPLETE,False,13.32398753676714,0.8384998019563676,0.78125,13,0,0.765625,7,56,16,5,34,16,0.4375,0.125,0.3125,0.14705882352941177,0.5714285714285714,0.4,4,1,0,2.66694366008911
tune,610091014,P6_return,absolute,2,COMPLETE,False,26.64797507353428,0.8384998019563676,0.25,13,0,0.125,1,9,16,0,8,16,0.0625,0.1111111111111111,0.0,0.0,1.0,,0,0,0,2.6411563943877914
tune,610091014,P6_return,absolute,4,COMPLETE,False,53.29595014706856,0.8384998019563676,0.0,13,0,0.0,0,0,16,0,0,16,0.0,,0.0,,,,0,0,0,
tune,610091014,P6_return,absolute,8,COMPLETE,False,106.59190029413712,0.8384998019563676,0.0,13,0,0.0,0,0,16,0,0,16,0.0,,0.0,,,,0,0,0,
tune,610091014,P6_return,relative,0.25,COMPLETE,False,3.494346391486829,0.8796191828139687,0.3125,13,0,2.390625,13,166,16,1,11,16,0.8125,0.0783132530120482,0.0625,0.09090909090909091,0.6153846153846154,1.0,0,1,0,2.4449726518024084
tune,610091014,P6_return,relative,0.5,COMPLETE,False,6.988692782973658,0.8796191828139687,0.71875,13,1,1.796875,7,122,16,3,33,16,0.4375,0.05737704918032787,0.1875,0.09090909090909091,0.5714285714285714,0.6666666666666666,1,2,0,2.565492485634702
tune,610091014,P6_return,relative,1,COMPLETE,False,13.977385565947316,0.8796191828139687,0.71875,13,0,0.75,2,50,16,1,27,16,0.125,0.04,0.0625,0.037037037037037035,1.0,1.0,1,0,0,2.794838136893428
tune,610091014,P6_return,relative,2,COMPLETE,False,27.95477113189463,0.8796191828139687,0.21875,13,0,0.125,0,8,16,0,8,16,0.0,0.0,0.0,0.0,,,0,0,0,2.661042935442203
tune,610091014,P6_return,relative,4,COMPLETE,False,55.90954226378926,0.8796191828139687,0.0,13,0,0.0,0,0,16,0,0,16,0.0,,0.0,,,,0,0,0,
tune,610091014,P6_return,relative,8,COMPLETE,False,111.81908452757853,0.8796191828139687,0.0,13,0,0.0,0,0,16,0,0,16,0.0,,0.0,,,,0,0,0,
tune,610091014,C3_short_censored,absolute,0.25,COMPLETE,False,3.330996884191785,0.8384998019563676,0.25,28,1,2.625,6,174,8,0,8,0,0.75,0.034482758620689655,,0.0,0.16666666666666666,,0,0,8,2.40091022533897
tune,610091014,C3_short_censored,absolute,0.5,COMPLETE,False,6.66199376838357,0.8384998019563676,0.78125,28,1,1.875,7,127,8,0,33,0,0.875,0.05511811023622047,,0.0,0.2857142857142857,,0,0,8,2.5332831505272835
tune,610091014,C3_short_censored,absolute,1,COMPLETE,False,13.32398753676714,0.8384998019563676,0.8125,28,1,0.796875,6,57,8,0,31,0,0.75,0.10526315789473684,,0.0,0.16666666666666666,,0,0,8,2.6890256006808975
tune,610091014,C3_short_censored,absolute,2,COMPLETE,False,26.64797507353428,0.8384998019563676,0.25,28,1,0.125,2,10,8,0,8,0,0.25,0.2,,0.0,0.0,,0,0,8,2.786040148160178
tune,610091014,C3_short_censored,absolute,4,COMPLETE,False,53.29595014706856,0.8384998019563676,0.0,28,0,0.0,0,0,8,0,0,0,0.0,,,,,,0,0,8,
tune,610091014,C3_short_censored,absolute,8,COMPLETE,False,106.59190029413712,0.8384998019563676,0.0,28,0,0.0,0,0,8,0,0,0,0.0,,,,,,0,0,8,
tune,610091014,C3_short_censored,relative,0.25,COMPLETE,False,3.494346391486829,0.8796191828139687,0.3125,28,1,2.515625,7,168,8,0,10,0,0.875,0.041666666666666664,,0.0,0.42857142857142855,,0,0,8,2.4553035824527325
tune,610091014,C3_short_censored,relative,0.5,COMPLETE,False,6.988692782973658,0.8796191828139687,0.75,28,1,1.875,7,127,8,0,30,0,0.875,0.05511811023622047,,0.0,0.42857142857142855,,0,0,8,2.579351740137528
tune,610091014,C3_short_censored,relative,1,COMPLETE,False,13.977385565947316,0.8796191828139687,0.75,28,1,0.765625,4,53,8,0,29,0,0.5,0.07547169811320754,,0.0,0.25,,0,0,8,2.7898272009149236
tune,610091014,C3_short_censored,relative,2,COMPLETE,False,27.95477113189463,0.8796191828139687,0.21875,28,1,0.125,1,9,8,0,8,0,0.125,0.1111111111111111,,0.0,0.0,,0,0,8,2.776006544006208
tune,610091014,C3_short_censored,relative,4,COMPLETE,False,55.90954226378926,0.8796191828139687,0.0,28,0,0.0,0,0,8,0,0,0,0.0,,,,,,0,0,8,
tune,610091014,C3_short_censored,relative,8,COMPLETE,False,111.81908452757853,0.8796191828139687,0.0,28,0,0.0,0,0,8,0,0,0,0.0,,,,,,0,0,8,
tune,610091015,N0_iid,absolute,0.25,COMPLETE,True,3.9444292650737207,0.9929169172422405,0.65625,26,1,2.34375,0,150,0,0,23,0,,0.0,,0.0,,,0,0,0,2.1216733605939346
tune,610091015,N0_iid,absolute,0.5,COMPLETE,True,7.888858530147441,0.9929169172422405,0.65625,26,1,0.796875,0,51,0,0,26,0,,0.0,,0.0,,,0,0,0,2.190743005686501
tune,610091015,N0_iid,absolute,1,COMPLETE,True,15.777717060294883,0.9929169172422405,0.0625,26,0,0.0625,0,4,0,0,2,0,,0.0,,0.0,,,0,0,0,2.4275615564777975
tune,610091015,N0_iid,absolute,2,COMPLETE,True,31.555434120589766,0.9929169172422405,0.0,26,0,0.0,0,0,0,0,0,0,,,,,,,0,0,0,
tune,610091015,N0_iid,absolute,4,COMPLETE,True,63.11086824117953,0.9929169172422405,0.0,26,0,0.0,0,0,0,0,0,0,,,,,,,0,0,0,
tune,610091015,N0_iid,absolute,8,COMPLETE,True,126.22173648235906,0.9929169172422405,0.0,26,0,0.0,0,0,0,0,0,0,,,,,,,0,0,0,
tune,610091015,N0_iid,relative,0.25,COMPLETE,True,4.060937256932277,1.0222450527812916,0.65625,26,1,2.28125,0,146,0,0,24,0,,0.0,,0.0,,,0,0,0,2.113812993326331
tune,610091015,N0_iid,relative,0.5,COMPLETE,True,8.121874513864555,1.0222450527812916,0.625,26,1,0.78125,0,50,0,0,27,0,,0.0,,0.0,,,0,0,0,2.224262343278467
tune,610091015,N0_iid,relative,1,COMPLETE,True,16.24374902772911,1.0222450527812916,0.0625,26,0,0.03125,0,2,0,0,2,0,,0.0,,0.0,,,0,0,0,2.701592365519542
tune,610091015,N0_iid,relative,2,COMPLETE,True,32.48749805545822,1.0222450527812916,0.0,26,0,0.0,0,0,0,0,0,0,,,,,,,0,0,0,
tune,610091015,N0_iid,relative,4,COMPLETE,True,64.97499611091644,1.0222450527812916,0.0,26,0,0.0,0,0,0,0,0,0,,,,,,,0,0,0,
tune,610091015,N0_iid,relative,8,COMPLETE,True,129.94999222183287,1.0222450527812916,0.0,26,0,0.0,0,0,0,0,0,0,,,,,,,0,0,0,
tune,610091015,N1_ar05,absolute,0.25,COMPLETE,True,3.3082015485801546,0.8327616145426862,0.5,4,1,2.625,0,168,0,0,16,0,,0.0,,0.0,,,0,0,0,2.3358262683655675
tune,610091015,N1_ar05,absolute,0.5,COMPLETE,True,6.616403097160309,0.8327616145426862,0.84375,4,1,1.90625,0,122,0,0,36,0,,0.0,,0.0,,,0,0,0,2.493467656011875
tune,610091015,N1_ar05,absolute,1,COMPLETE,True,13.232806194320618,0.8327616145426862,0.8125,4,1,0.875,0,56,0,0,36,0,,0.0,,0.0,,,0,0,0,2.6473249084426205
tune,610091015,N1_ar05,absolute,2,COMPLETE,True,26.465612388641237,0.8327616145426862,0.125,4,0,0.09375,0,6,0,0,4,0,,0.0,,0.0,,,0,0,0,2.839711395245416
tune,610091015,N1_ar05,absolute,4,COMPLETE,True,52.93122477728247,0.8327616145426862,0.0,4,0,0.0,0,0,0,0,0,0,,,,,,,0,0,0,
tune,610091015,N1_ar05,absolute,8,COMPLETE,True,105.86244955456495,0.8327616145426862,0.0,4,0,0.0,0,0,0,0,0,0,,,,,,,0,0,0,
tune,610091015,N1_ar05,relative,0.25,COMPLETE,True,3.439341742643757,0.8657730614379693,0.40625,4,1,2.609375,0,167,0,0,16,0,,0.0,,0.0,,,0,0,0,2.3250998618403034
tune,610091015,N1_ar05,relative,0.5,COMPLETE,True,6.878683485287514,0.8657730614379693,0.8125,4,1,1.78125,0,114,0,0,37,0,,0.0,,0.0,,,0,0,0,2.4864052934568974
tune,610091015,N1_ar05,relative,1,COMPLETE,True,13.757366970575028,0.8657730614379693,0.78125,4,1,0.78125,0,50,0,0,35,0,,0.0,,0.0,,,0,0,0,2.6150076040760215
tune,610091015,N1_ar05,relative,2,COMPLETE,True,27.514733941150055,0.8657730614379693,0.0625,4,0,0.0625,0,4,0,0,2,0,,0.0,,0.0,,,0,0,0,3.1791893484377445
tune,610091015,N1_ar05,relative,4,COMPLETE,True,55.02946788230011,0.8657730614379693,0.0,4,0,0.0,0,0,0,0,0,0,,,,,,,0,0,0,
tune,610091015,N1_ar05,relative,8,COMPLETE,True,110.05893576460022,0.8657730614379693,0.0,4,0,0.0,0,0,0,0,0,0,,,,,,,0,0,0,
tune,610091015,N2_season_ar05,absolute,0.25,COMPLETE,True,3.3082015485801546,0.8327616145426862,0.5,13,1,2.625,0,168,0,0,16,0,,0.0,,0.0,,,0,0,0,2.3358262683655675
tune,610091015,N2_season_ar05,absolute,0.5,COMPLETE,True,6.616403097160309,0.8327616145426862,0.84375,13,1,1.90625,0,122,0,0,36,0,,0.0,,0.0,,,0,0,0,2.493467656011875
tune,610091015,N2_season_ar05,absolute,1,COMPLETE,True,13.232806194320618,0.8327616145426862,0.8125,13,1,0.875,0,56,0,0,36,0,,0.0,,0.0,,,0,0,0,2.6473249084426205
tune,610091015,N2_season_ar05,absolute,2,COMPLETE,True,26.465612388641237,0.8327616145426862,0.125,13,0,0.09375,0,6,0,0,4,0,,0.0,,0.0,,,0,0,0,2.839711395245416
tune,610091015,N2_season_ar05,absolute,4,COMPLETE,True,52.93122477728247,0.8327616145426862,0.0,13,0,0.0,0,0,0,0,0,0,,,,,,,0,0,0,
tune,610091015,N2_season_ar05,absolute,8,COMPLETE,True,105.86244955456495,0.8327616145426862,0.0,13,0,0.0,0,0,0,0,0,0,,,,,,,0,0,0,
tune,610091015,N2_season_ar05,relative,0.25,COMPLETE,True,3.439341742643757,0.8657730614379693,0.40625,13,1,2.609375,0,167,0,0,16,0,,0.0,,0.0,,,0,0,0,2.3250998618403034
tune,610091015,N2_season_ar05,relative,0.5,COMPLETE,True,6.878683485287514,0.8657730614379693,0.8125,13,1,1.78125,0,114,0,0,37,0,,0.0,,0.0,,,0,0,0,2.4864052934568974
tune,610091015,N2_season_ar05,relative,1,COMPLETE,True,13.757366970575028,0.8657730614379693,0.78125,13,0,0.78125,0,50,0,0,35,0,,0.0,,0.0,,,0,0,0,2.6150076040760215
tune,610091015,N2_season_ar05,relative,2,COMPLETE,True,27.514733941150055,0.8657730614379693,0.0625,13,0,0.0625,0,4,0,0,2,0,,0.0,,0.0,,,0,0,0,3.1791893484377445
tune,610091015,N2_season_ar05,relative,4,COMPLETE,True,55.02946788230011,0.8657730614379693,0.0,13,0,0.0,0,0,0,0,0,0,,,,,,,0,0,0,
tune,610091015,N2_season_ar05,relative,8,COMPLETE,True,110.05893576460022,0.8657730614379693,0.0,13,0,0.0,0,0,0,0,0,0,,,,,,,0,0,0,
tune,610091015,N3_common_shift2,absolute,0.25,COMPLETE,False,3.3082015485801546,0.8327616145426862,0.3125,11,0,2.21875,30,172,32,3,13,32,0.9375,0.1744186046511628,0.09375,0.23076923076923078,0.3333333333333333,0.3333333333333333,3,0,0,2.4204272418238983
tune,610091015,N3_common_shift2,absolute,0.5,COMPLETE,False,6.616403097160309,0.8327616145426862,0.625,11,1,1.515625,28,125,32,7,31,32,0.875,0.224,0.21875,0.22580645161290322,0.39285714285714285,0.2857142857142857,7,0,0,2.6311143835119783
tune,610091015,N3_common_shift2,absolute,1,COMPLETE,False,13.232806194320618,0.8327616145426862,0.65625,11,0,0.703125,20,65,32,14,40,32,0.625,0.3076923076923077,0.4375,0.35,0.35,0.21428571428571427,14,0,0,2.8917634869334465
tune,610091015,N3_common_shift2,absolute,2,COMPLETE,False,26.465612388641237,0.8327616145426862,0.3125,11,0,0.1875,18,30,32,18,28,32,0.5625,0.6,0.5625,0.6428571428571429,0.2777777777777778,0.2777777777777778,18,0,0,2.9370025591763196
tune,610091015,N3_common_shift2,absolute,4,COMPLETE,False,52.93122477728247,0.8327616145426862,0.0625,11,0,0.03125,6,8,32,6,8,32,0.1875,0.75,0.1875,0.75,0.3333333333333333,0.3333333333333333,6,0,0,3.2886959993104243
tune,610091015,N3_common_shift2,absolute,8,COMPLETE,False,105.86244955456495,0.8327616145426862,0.0,11,0,0.0,0,0,32,0,0,32,0.0,,0.0,,,,0,0,0,
tune,610091015,N3_common_shift2,relative,0.25,COMPLETE,True,3.439341742643757,0.8657730614379693,0.40625,11,1,2.609375,0,167,0,0,16,0,,0.0,,0.0,,,0,0,0,2.3250998618403034
tune,610091015,N3_common_shift2,relative,0.5,COMPLETE,True,6.878683485287514,0.8657730614379693,0.8125,11,1,1.78125,0,114,0,0,37,0,,0.0,,0.0,,,0,0,0,2.4864052934568974
tune,610091015,N3_common_shift2,relative,1,COMPLETE,True,13.757366970575028,0.8657730614379693,0.78125,11,1,0.78125,0,50,0,0,35,0,,0.0,,0.0,,,0,0,0,2.6150076040760215
tune,610091015,N3_common_shift2,relative,2,COMPLETE,True,27.514733941150055,0.8657730614379693,0.0625,11,0,0.0625,0,4,0,0,2,0,,0.0,,0.0,,,0,0,0,3.179189348437744
tune,610091015,N3_common_shift2,relative,4,COMPLETE,True,55.02946788230011,0.8657730614379693,0.0,11,0,0.0,0,0,0,0,0,0,,,,,,,0,0,0,
tune,610091015,N3_common_shift2,relative,8,COMPLETE,True,110.05893576460022,0.8657730614379693,0.0,11,0,0.0,0,0,0,0,0,0,,,,,,,0,0,0,
tune,610091015,N4_spike4,absolute,0.25,COMPLETE,True,3.3082015485801546,0.8327616145426862,0.5,31,0,2.625,0,168,0,0,16,0,,0.0,,0.0,,,0,0,0,2.3672112100880636
tune,610091015,N4_spike4,absolute,0.5,COMPLETE,True,6.616403097160309,0.8327616145426862,0.78125,31,0,1.9375,0,124,0,0,34,0,,0.0,,0.0,,,0,0,0,2.5271347328537987
tune,610091015,N4_spike4,absolute,1,COMPLETE,True,13.232806194320618,0.8327616145426862,0.8125,31,1,0.953125,0,61,0,0,39,0,,0.0,,0.0,,,0,0,0,2.6606860724295456
tune,610091015,N4_spike4,absolute,2,COMPLETE,True,26.465612388641237,0.8327616145426862,0.125,31,0,0.09375,0,6,0,0,4,0,,0.0,,0.0,,,0,0,0,2.79014054158367
tune,610091015,N4_spike4,absolute,4,COMPLETE,True,52.93122477728247,0.8327616145426862,0.0,31,0,0.0,0,0,0,0,0,0,,,,,,,0,0,0,
tune,610091015,N4_spike4,absolute,8,COMPLETE,True,105.86244955456495,0.8327616145426862,0.0,31,0,0.0,0,0,0,0,0,0,,,,,,,0,0,0,
tune,610091015,N4_spike4,relative,0.25,COMPLETE,True,3.439341742643757,0.8657730614379693,0.4375,31,0,2.59375,0,166,0,0,16,0,,0.0,,0.0,,,0,0,0,2.3628959895094317
tune,610091015,N4_spike4,relative,0.5,COMPLETE,True,6.878683485287514,0.8657730614379693,0.78125,31,0,1.84375,0,118,0,0,36,0,,0.0,,0.0,,,0,0,0,2.4935294862634256
tune,610091015,N4_spike4,relative,1,COMPLETE,True,13.757366970575028,0.8657730614379693,0.75,31,1,0.78125,0,50,0,0,34,0,,0.0,,0.0,,,0,0,0,2.67155353762204
tune,610091015,N4_spike4,relative,2,COMPLETE,True,27.514733941150055,0.8657730614379693,0.0625,31,0,0.0625,0,4,0,0,2,0,,0.0,,0.0,,,0,0,0,3.1295926417384132
tune,610091015,N4_spike4,relative,4,COMPLETE,True,55.02946788230011,0.8657730614379693,0.0,31,0,0.0,0,0,0,0,0,0,,,,,,,0,0,0,
tune,610091015,N4_spike4,relative,8,COMPLETE,True,110.05893576460022,0.8657730614379693,0.0,31,0,0.0,0,0,0,0,0,0,,,,,,,0,0,0,
tune,610091015,N5_boundary_null,absolute,0.25,COMPLETE,True,3.3082015485801546,0.8327616145426863,0.5,18,1,2.625,0,168,0,0,16,0,,0.0,,0.0,,,0,0,0,2.3358262683655675
tune,610091015,N5_boundary_null,absolute,0.5,COMPLETE,True,6.616403097160309,0.8327616145426863,0.84375,18,1,1.90625,0,122,0,0,36,0,,0.0,,0.0,,,0,0,0,2.493467656011875
tune,610091015,N5_boundary_null,absolute,1,COMPLETE,True,13.232806194320618,0.8327616145426863,0.8125,18,0,0.875,0,56,0,0,36,0,,0.0,,0.0,,,0,0,0,2.6473249084426205
tune,610091015,N5_boundary_null,absolute,2,COMPLETE,True,26.465612388641237,0.8327616145426863,0.125,18,0,0.09375,0,6,0,0,4,0,,0.0,,0.0,,,0,0,0,2.839711395245416
tune,610091015,N5_boundary_null,absolute,4,COMPLETE,True,52.93122477728247,0.8327616145426863,0.0,18,0,0.0,0,0,0,0,0,0,,,,,,,0,0,0,
tune,610091015,N5_boundary_null,absolute,8,COMPLETE,True,105.86244955456495,0.8327616145426863,0.0,18,0,0.0,0,0,0,0,0,0,,,,,,,0,0,0,
tune,610091015,N5_boundary_null,relative,0.25,COMPLETE,True,3.4379068700724913,0.865411866153594,0.4375,18,1,2.609375,0,167,0,0,18,0,,0.0,,0.0,,,0,0,0,2.3282325957060013
tune,610091015,N5_boundary_null,relative,0.5,COMPLETE,True,6.875813740144983,0.865411866153594,0.8125,18,1,1.765625,0,113,0,0,39,0,,0.0,,0.0,,,0,0,0,2.4787174072047655
tune,610091015,N5_boundary_null,relative,1,COMPLETE,True,13.751627480289965,0.865411866153594,0.8125,18,1,0.796875,0,51,0,0,36,0,,0.0,,0.0,,,0,0,0,2.5918547737167588
tune,610091015,N5_boundary_null,relative,2,COMPLETE,True,27.50325496057993,0.865411866153594,0.0625,18,0,0.0625,0,4,0,0,2,0,,0.0,,0.0,,,0,0,0,3.2057612837632
tune,610091015,N5_boundary_null,relative,4,COMPLETE,True,55.00650992115986,0.865411866153594,0.0,18,0,0.0,0,0,0,0,0,0,,,,,,,0,0,0,
tune,610091015,N5_boundary_null,relative,8,COMPLETE,True,110.01301984231972,0.865411866153594,0.0,18,0,0.0,0,0,0,0,0,0,,,,,,,0,0,0,
tune,610091015,P025,absolute,0.25,COMPLETE,False,3.3082015485801546,0.8327616145426862,0.46875,1,0,2.515625,7,168,8,1,16,8,0.875,0.041666666666666664,0.125,0.0625,0.5714285714285714,0.0,1,0,0,2.333589758757902
tune,610091015,P025,absolute,0.5,COMPLETE,False,6.616403097160309,0.8327616145426862,0.8125,1,0,1.828125,4,121,8,2,37,8,0.5,0.03305785123966942,0.25,0.05405405405405406,0.75,0.5,2,0,0,2.4942258018783994
tune,610091015,P025,absolute,1,COMPLETE,False,13.232806194320618,0.8327616145426862,0.75,1,1,0.84375,2,56,8,2,36,8,0.25,0.03571428571428571,0.25,0.05555555555555555,0.5,0.5,2,0,0,2.6450655915060146
tune,610091015,P025,absolute,2,COMPLETE,False,26.465612388641237,0.8327616145426862,0.125,1,0,0.09375,0,6,8,0,4,8,0.0,0.0,0.0,0.0,,,0,0,0,2.866628695751274
tune,610091015,P025,absolute,4,COMPLETE,False,52.93122477728247,0.8327616145426862,0.0,1,0,0.0,0,0,8,0,0,8,0.0,,0.0,,,,0,0,0,
tune,610091015,P025,absolute,8,COMPLETE,False,105.86244955456495,0.8327616145426862,0.0,1,0,0.0,0,0,8,0,0,8,0.0,,0.0,,,,0,0,0,
tune,610091015,P025,relative,0.25,COMPLETE,False,3.439341742643757,0.8657730614379693,0.4375,1,0,2.515625,7,168,8,0,16,8,0.875,0.041666666666666664,0.0,0.0,0.5714285714285714,,0,0,0,2.3228354911760976
tune,610091015,P025,relative,0.5,COMPLETE,False,6.878683485287514,0.8657730614379693,0.8125,1,1,1.703125,5,114,8,1,37,8,0.625,0.043859649122807015,0.125,0.02702702702702703,0.6,0.0,1,0,0,2.4857775719003152
tune,610091015,P025,relative,1,COMPLETE,False,13.757366970575028,0.8657730614379693,0.71875,1,1,0.71875,2,48,8,2,33,8,0.25,0.041666666666666664,0.25,0.06060606060606061,0.5,0.5,2,0,0,2.6439960595927006
tune,610091015,P025,relative,2,COMPLETE,False,27.514733941150055,0.8657730614379693,0.0625,1,0,0.0625,0,4,8,0,2,8,0.0,0.0,0.0,0.0,,,0,0,0,3.195734625242419
tune,610091015,P025,relative,4,COMPLETE,False,55.02946788230011,0.8657730614379693,0.0,1,0,0.0,0,0,8,0,0,8,0.0,,0.0,,,,0,0,0,
tune,610091015,P025,relative,8,COMPLETE,False,110.05893576460022,0.8657730614379693,0.0,1,0,0.0,0,0,8,0,0,8,0.0,,0.0,,,,0,0,0,
tune,610091015,P05,absolute,0.25,COMPLETE,False,3.3082015485801546,0.8327616145426862,0.5,15,1,2.484375,8,167,8,1,17,8,1.0,0.04790419161676647,0.125,0.058823529411764705,0.5,0.0,1,0,0,2.338977569348881
tune,610091015,P05,absolute,0.5,COMPLETE,False,6.616403097160309,0.8327616145426862,0.84375,15,1,1.828125,3,120,8,1,37,8,0.375,0.025,0.125,0.02702702702702703,0.6666666666666666,0.0,1,0,0,2.496814594427223
tune,610091015,P05,absolute,1,COMPLETE,False,13.232806194320618,0.8327616145426862,0.78125,15,1,0.890625,2,59,8,1,39,8,0.25,0.03389830508474576,0.125,0.02564102564102564,0.5,0.0,1,0,0,2.615339231221318
tune,610091015,P05,absolute,2,COMPLETE,False,26.465612388641237,0.8327616145426862,0.15625,15,0,0.09375,0,6,8,0,5,8,0.0,0.0,0.0,0.0,,,0,0,0,2.7808408857661124
tune,610091015,P05,absolute,4,COMPLETE,False,52.93122477728247,0.8327616145426862,0.0,15,0,0.0,0,0,8,0,0,8,0.0,,0.0,,,,0,0,0,
tune,610091015,P05,absolute,8,COMPLETE,False,105.86244955456495,0.8327616145426862,0.0,15,0,0.0,0,0,8,0,0,8,0.0,,0.0,,,,0,0,0,
tune,610091015,P05,relative,0.25,COMPLETE,False,3.439341742643757,0.8657730614379693,0.46875,15,1,2.515625,6,167,8,0,17,8,0.75,0.03592814371257485,0.0,0.0,0.6666666666666666,,0,0,0,2.3268776128134125
tune,610091015,P05,relative,0.5,COMPLETE,False,6.878683485287514,0.8657730614379693,0.8125,15,1,1.703125,5,114,8,1,38,8,0.625,0.043859649122807015,0.125,0.02631578947368421,0.6,0.0,1,0,0,2.483585882239103
tune,610091015,P05,relative,1,COMPLETE,False,13.757366970575028,0.8657730614379693,0.71875,15,1,0.703125,3,48,8,3,34,8,0.375,0.0625,0.375,0.08823529411764706,0.6666666666666666,0.6666666666666666,3,0,0,2.5760711043730136
tune,610091015,P05,relative,2,COMPLETE,False,27.514733941150055,0.8657730614379693,0.09375,15,1,0.09375,0,6,8,0,4,8,0.0,0.0,0.0,0.0,,,0,0,0,3.1073486787824955
tune,610091015,P05,relative,4,COMPLETE,False,55.02946788230011,0.8657730614379693,0.0,15,0,0.0,0,0,8,0,0,8,0.0,,0.0,,,,0,0,0,
tune,610091015,P05,relative,8,COMPLETE,False,110.05893576460022,0.8657730614379693,0.0,15,0,0.0,0,0,8,0,0,8,0.0,,0.0,,,,0,0,0,
tune,610091015,P1,absolute,0.25,COMPLETE,False,3.3082015485801546,0.8327616145426862,0.5,17,1,2.484375,8,167,8,1,17,8,1.0,0.04790419161676647,0.125,0.058823529411764705,0.5,0.0,1,0,0,2.3400734402165884
tune,610091015,P1,absolute,0.5,COMPLETE,False,6.616403097160309,0.8327616145426862,0.84375,17,1,1.828125,3,120,8,1,37,8,0.375,0.025,0.125,0.02702702702702703,0.6666666666666666,0.0,1,0,0,2.4978113512355415
tune,610091015,P1,absolute,1,COMPLETE,False,13.232806194320618,0.8327616145426862,0.78125,17,1,0.890625,1,58,8,1,39,8,0.125,0.017241379310344827,0.125,0.02564102564102564,0.0,0.0,1,0,0,2.6287910082895136
tune,610091015,P1,absolute,2,COMPLETE,False,26.465612388641237,0.8327616145426862,0.15625,17,1,0.09375,1,7,8,1,6,8,0.125,0.14285714285714285,0.125,0.16666666666666666,0.0,0.0,1,0,0,2.7517280482803446
tune,610091015,P1,absolute,4,COMPLETE,False,52.93122477728247,0.8327616145426862,0.0,17,0,0.0,0,0,8,0,0,8,0.0,,0.0,,,,0,0,0,
tune,610091015,P1,absolute,8,COMPLETE,False,105.86244955456495,0.8327616145426862,0.0,17,0,0.0,0,0,8,0,0,8,0.0,,0.0,,,,0,0,0,
tune,610091015,P1,relative,0.25,COMPLETE,False,3.439341742643757,0.8657730614379693,0.53125,17,0,2.46875,7,165,8,0,18,8,0.875,0.04242424242424243,0.0,0.0,0.5714285714285714,,0,0,0,2.344365744856088
tune,610091015,P1,relative,0.5,COMPLETE,False,6.878683485287514,0.8657730614379693,0.8125,17,1,1.6875,5,113,8,1,37,8,0.625,0.04424778761061947,0.125,0.02702702702702703,0.6,0.0,1,0,0,2.4876884946765436
tune,610091015,P1,relative,1,COMPLETE,False,13.757366970575028,0.8657730614379693,0.71875,17,1,0.703125,3,48,8,3,34,8,0.375,0.0625,0.375,0.08823529411764706,0.3333333333333333,0.3333333333333333,3,0,0,2.591101939146504
tune,610091015,P1,relative,2,COMPLETE,False,27.514733941150055,0.8657730614379693,0.15625,17,1,0.125,0,8,8,0,6,8,0.0,0.0,0.0,0.0,,,0,0,0,2.9769860862320394
tune,610091015,P1,relative,4,COMPLETE,False,55.02946788230011,0.8657730614379693,0.0,17,0,0.0,0,0,8,0,0,8,0.0,,0.0,,,,0,0,0,
tune,610091015,P1,relative,8,COMPLETE,False,110.05893576460022,0.8657730614379693,0.0,17,0,0.0,0,0,8,0,0,8,0.0,,0.0,,,,0,0,0,
tune,610091015,P2,absolute,0.25,COMPLETE,False,3.3082015485801546,0.8327616145426862,0.53125,12,1,2.484375,8,167,8,1,18,8,1.0,0.04790419161676647,0.125,0.05555555555555555,0.5,0.0,1,0,0,2.3553486322281194
tune,610091015,P2,absolute,0.5,COMPLETE,False,6.616403097160309,0.8327616145426862,0.84375,12,1,1.8125,7,123,8,1,34,8,0.875,0.056910569105691054,0.125,0.029411764705882353,0.5714285714285714,0.0,1,0,0,2.5233032391204757
tune,610091015,P2,absolute,1,COMPLETE,False,13.232806194320618,0.8327616145426862,0.78125,12,1,0.859375,2,57,8,2,39,8,0.25,0.03508771929824561,0.25,0.05128205128205128,0.5,0.5,2,0,0,2.6537499151732886
tune,610091015,P2,absolute,2,COMPLETE,False,26.465612388641237,0.8327616145426862,0.1875,12,1,0.09375,3,9,8,3,9,8,0.375,0.3333333333333333,0.375,0.3333333333333333,0.3333333333333333,0.3333333333333333,3,0,0,2.8250600392227687
tune,610091015,P2,absolute,4,COMPLETE,False,52.93122477728247,0.8327616145426862,0.03125,12,0,0.015625,1,2,8,1,2,8,0.125,0.5,0.125,0.5,1.0,1.0,1,0,0,3.4461174607709815
tune,610091015,P2,absolute,8,COMPLETE,False,105.86244955456495,0.8327616145426862,0.0,12,0,0.0,0,0,8,0,0,8,0.0,,0.0,,,,0,0,0,
tune,610091015,P2,relative,0.25,COMPLETE,False,3.439341742643757,0.8657730614379693,0.5625,12,0,2.484375,7,166,8,0,19,8,0.875,0.04216867469879518,0.0,0.0,0.5714285714285714,,0,0,0,2.3470976218602235
tune,610091015,P2,relative,0.5,COMPLETE,False,6.878683485287514,0.8657730614379693,0.875,12,1,1.6875,6,114,8,1,38,8,0.75,0.05263157894736842,0.125,0.02631578947368421,0.6666666666666666,0.0,1,0,0,2.5080005491908564
tune,610091015,P2,relative,1,COMPLETE,False,13.757366970575028,0.8657730614379693,0.75,12,1,0.71875,3,49,8,3,36,8,0.375,0.061224489795918366,0.375,0.08333333333333333,0.3333333333333333,0.3333333333333333,3,0,0,2.6517270286507424
tune,610091015,P2,relative,2,COMPLETE,False,27.514733941150055,0.8657730614379693,0.21875,12,1,0.125,2,10,8,2,10,8,0.25,0.2,0.25,0.2,0.0,0.0,2,0,0,2.836921401022162
tune,610091015,P2,relative,4,COMPLETE,False,55.02946788230011,0.8657730614379693,0.03125,12,0,0.015625,1,2,8,1,2,8,0.125,0.5,0.125,0.5,0.0,0.0,1,0,0,3.1709229497141562
tune,610091015,P2,relative,8,COMPLETE,False,110.05893576460022,0.8657730614379693,0.0,12,0,0.0,0,0,8,0,0,8,0.0,,0.0,,,,0,0,0,
tune,610091015,P6_return,absolute,0.25,COMPLETE,False,3.3082015485801546,0.8327616145426862,0.53125,25,0,2.375,14,166,16,1,18,16,0.875,0.08433734939759036,0.0625,0.05555555555555555,0.5714285714285714,0.0,0,1,0,2.342180547928578
tune,610091015,P6_return,absolute,0.5,COMPLETE,False,6.616403097160309,0.8327616145426862,0.8125,25,1,1.75,8,120,16,4,38,16,0.5,0.06666666666666667,0.25,0.10526315789473684,0.5,0.0,1,3,0,2.506515562855674
tune,610091015,P6_return,absolute,1,COMPLETE,False,13.232806194320618,0.8327616145426862,0.78125,25,1,0.84375,5,59,16,5,41,16,0.3125,0.0847457627118644,0.3125,0.12195121951219512,0.4,0.4,2,3,0,2.5981857904445005
tune,610091015,P6_return,absolute,2,COMPLETE,False,26.465612388641237,0.8327616145426862,0.15625,25,0,0.078125,1,6,16,0,5,16,0.0625,0.16666666666666666,0.0,0.0,1.0,,0,0,0,2.672644124243084
tune,610091015,P6_return,absolute,4,COMPLETE,False,52.93122477728247,0.8327616145426862,0.0,25,0,0.0,0,0,16,0,0,16,0.0,,0.0,,,,0,0,0,
tune,610091015,P6_return,absolute,8,COMPLETE,False,105.86244955456495,0.8327616145426862,0.0,25,0,0.0,0,0,16,0,0,16,0.0,,0.0,,,,0,0,0,
tune,610091015,P6_return,relative,0.25,COMPLETE,False,3.439341742643757,0.8657730614379693,0.53125,25,0,2.390625,11,164,16,0,19,16,0.6875,0.06707317073170732,0.0,0.0,0.6363636363636364,,0,0,0,2.3397334363077666
tune,610091015,P6_return,relative,0.5,COMPLETE,False,6.878683485287514,0.8657730614379693,0.84375,25,1,1.625,9,113,16,2,38,16,0.5625,0.07964601769911504,0.125,0.05263157894736842,0.7777777777777778,0.5,1,1,0,2.4812243023395872
tune,610091015,P6_return,relative,1,COMPLETE,False,13.757366970575028,0.8657730614379693,0.6875,25,0,0.671875,6,49,16,5,35,16,0.375,0.12244897959183673,0.3125,0.14285714285714285,0.5,0.4,3,2,0,2.590880154500168
tune,610091015,P6_return,relative,2,COMPLETE,False,27.514733941150055,0.8657730614379693,0.0625,25,0,0.046875,1,4,16,0,2,16,0.0625,0.25,0.0,0.0,1.0,,0,0,0,3.102581799829414
tune,610091015,P6_return,relative,4,COMPLETE,False,55.02946788230011,0.8657730614379693,0.0,25,0,0.0,0,0,16,0,0,16,0.0,,0.0,,,,0,0,0,
tune,610091015,P6_return,relative,8,COMPLETE,False,110.05893576460022,0.8657730614379693,0.0,25,0,0.0,0,0,16,0,0,16,0.0,,0.0,,,,0,0,0,
tune,610091015,C3_short_censored,absolute,0.25,COMPLETE,False,3.3082015485801546,0.8327616145426862,0.53125,17,1,2.515625,6,167,8,0,17,0,0.75,0.03592814371257485,,0.0,0.3333333333333333,,0,0,8,2.3767558177003787
tune,610091015,C3_short_censored,absolute,0.5,COMPLETE,False,6.616403097160309,0.8327616145426862,0.875,17,1,1.796875,6,121,8,0,36,0,0.75,0.049586776859504134,,0.0,0.3333333333333333,,0,0,8,2.5493129445615095
tune,610091015,C3_short_censored,absolute,1,COMPLETE,False,13.232806194320618,0.8327616145426862,0.75,17,1,0.796875,6,57,8,0,33,0,0.75,0.10526315789473684,,0.0,0.5,,0,0,8,2.7694840767907656
tune,610091015,C3_short_censored,absolute,2,COMPLETE,False,26.465612388641237,0.8327616145426862,0.125,17,1,0.0625,2,6,8,0,4,0,0.25,0.3333333333333333,,0.0,1.0,,0,0,8,3.2168929416361642
tune,610091015,C3_short_censored,absolute,4,COMPLETE,False,52.93122477728247,0.8327616145426862,0.0,17,0,0.0,1,1,8,0,0,0,0.125,1.0,,,1.0,,0,0,8,4.497017085509416
tune,610091015,C3_short_censored,absolute,8,COMPLETE,False,105.86244955456495,0.8327616145426862,0.0,17,0,0.0,0,0,8,0,0,0,0.0,,,,,,0,0,8,
tune,610091015,C3_short_censored,relative,0.25,COMPLETE,False,3.439341742643757,0.8657730614379693,0.46875,17,0,2.515625,6,167,8,0,18,0,0.75,0.03592814371257485,,0.0,0.3333333333333333,,0,0,8,2.3464731067272
tune,610091015,C3_short_censored,relative,0.5,COMPLETE,False,6.878683485287514,0.8657730614379693,0.84375,17,1,1.71875,6,116,8,0,37,0,0.75,0.05172413793103448,,0.0,0.3333333333333333,,0,0,8,2.509859976923933
tune,610091015,C3_short_censored,relative,1,COMPLETE,False,13.757366970575028,0.8657730614379693,0.75,17,1,0.6875,4,48,8,0,32,0,0.5,0.08333333333333333,,0.0,0.5,,0,0,8,2.7105791895800793
tune,610091015,C3_short_censored,relative,2,COMPLETE,False,27.514733941150055,0.8657730614379693,0.09375,17,1,0.078125,1,6,8,0,4,0,0.125,0.16666666666666666,,0.0,1.0,,0,0,8,3.3061838460788597
tune,610091015,C3_short_censored,relative,4,COMPLETE,False,55.02946788230011,0.8657730614379693,0.0,17,0,0.0,1,1,8,0,0,0,0.125,1.0,,,1.0,,0,0,8,4.1411218194638435
tune,610091015,C3_short_censored,relative,8,COMPLETE,False,110.05893576460022,0.8657730614379693,0.0,17,0,0.0,0,0,8,0,0,0,0.0,,,,,,0,0,8,
tune,610091016,N0_iid,absolute,0.25,COMPLETE,True,3.886608252540115,0.9783618428173935,0.65625,17,1,2.390625,0,153,0,0,24,0,,0.0,,0.0,,,0,0,0,2.1129463170078555
tune,610091016,N0_iid,absolute,0.5,COMPLETE,True,7.77321650508023,0.9783618428173935,0.625,17,1,0.75,0,48,0,0,29,0,,0.0,,0.0,,,0,0,0,2.185968577492035
tune,610091016,N0_iid,absolute,1,COMPLETE,True,15.54643301016046,0.9783618428173935,0.09375,17,0,0.0625,0,4,0,0,3,0,,0.0,,0.0,,,0,0,0,2.2499057773685505
tune,610091016,N0_iid,absolute,2,COMPLETE,True,31.09286602032092,0.9783618428173935,0.0,17,0,0.0,0,0,0,0,0,0,,,,,,,0,0,0,
tune,610091016,N0_iid,absolute,4,COMPLETE,True,62.18573204064184,0.9783618428173935,0.0,17,0,0.0,0,0,0,0,0,0,,,,,,,0,0,0,
tune,610091016,N0_iid,absolute,8,COMPLETE,True,124.37146408128368,0.9783618428173935,0.0,17,0,0.0,0,0,0,0,0,0,,,,,,,0,0,0,
tune,610091016,N0_iid,relative,0.25,COMPLETE,True,3.9835553333334865,1.00276598093931,0.6875,17,1,2.328125,0,149,0,0,25,0,,0.0,,0.0,,,0,0,0,2.1027520778048086
tune,610091016,N0_iid,relative,0.5,COMPLETE,True,7.967110666666973,1.00276598093931,0.59375,17,1,0.625,0,40,0,0,25,0,,0.0,,0.0,,,0,0,0,2.137992013715168
tune,610091016,N0_iid,relative,1,COMPLETE,True,15.934221333333946,1.00276598093931,0.0625,17,0,0.046875,0,3,0,0,2,0,,0.0,,0.0,,,0,0,0,2.3485014476103565
tune,610091016,N0_iid,relative,2,COMPLETE,True,31.868442666667892,1.00276598093931,0.0,17,0,0.0,0,0,0,0,0,0,,,,,,,0,0,0,
tune,610091016,N0_iid,relative,4,COMPLETE,True,63.736885333335785,1.00276598093931,0.0,17,0,0.0,0,0,0,0,0,0,,,,,,,0,0,0,
tune,610091016,N0_iid,relative,8,COMPLETE,True,127.47377066667157,1.00276598093931,0.0,17,0,0.0,0,0,0,0,0,0,,,,,,,0,0,0,
tune,610091016,N1_ar05,absolute,0.25,COMPLETE,True,3.407513168354636,0.8577609695129848,0.4375,2,1,2.609375,0,167,0,0,14,0,,0.0,,0.0,,,0,0,0,2.384502332773166
tune,610091016,N1_ar05,absolute,0.5,COMPLETE,True,6.815026336709272,0.8577609695129848,0.96875,2,1,1.6875,0,108,0,0,44,0,,0.0,,0.0,,,0,0,0,2.539247356293414
tune,610091016,N1_ar05,absolute,1,COMPLETE,True,13.630052673418543,0.8577609695129848,0.75,2,1,0.65625,0,42,0,0,31,0,,0.0,,0.0,,,0,0,0,2.6215257429314995
tune,610091016,N1_ar05,absolute,2,COMPLETE,True,27.260105346837086,0.8577609695129848,0.21875,2,1,0.140625,0,9,0,0,8,0,,0.0,,0.0,,,0,0,0,2.7309943381214503
tune,610091016,N1_ar05,absolute,4,COMPLETE,True,54.52021069367417,0.8577609695129848,0.0,2,0,0.0,0,0,0,0,0,0,,,,,,,0,0,0,
tune,610091016,N1_ar05,absolute,8,COMPLETE,True,109.04042138734835,0.8577609695129848,0.0,2,0,0.0,0,0,0,0,0,0,,,,,,,0,0,0,
tune,610091016,N1_ar05,relative,0.25,COMPLETE,True,3.5085968723096777,0.883206404826829,0.46875,2,1,2.5625,0,164,0,0,17,0,,0.0,,0.0,,,0,0,0,2.3930616484181284
tune,610091016,N1_ar05,relative,0.5,COMPLETE,True,7.017193744619355,0.883206404826829,0.9375,2,1,1.6875,0,108,0,0,37,0,,0.0,,0.0,,,0,0,0,2.567489238458678
tune,610091016,N1_ar05,relative,1,COMPLETE,True,14.03438748923871,0.883206404826829,0.71875,2,1,0.671875,0,43,0,0,32,0,,0.0,,0.0,,,0,0,0,2.670206745959895
tune,610091016,N1_ar05,relative,2,COMPLETE,True,28.06877497847742,0.883206404826829,0.15625,2,1,0.078125,0,5,0,0,5,0,,0.0,,0.0,,,0,0,0,2.943972255250844
tune,610091016,N1_ar05,relative,4,COMPLETE,True,56.13754995695484,0.883206404826829,0.0,2,0,0.0,0,0,0,0,0,0,,,,,,,0,0,0,
tune,610091016,N1_ar05,relative,8,COMPLETE,True,112.27509991390968,0.883206404826829,0.0,2,0,0.0,0,0,0,0,0,0,,,,,,,0,0,0,
tune,610091016,N2_season_ar05,absolute,0.25,COMPLETE,True,3.407513168354636,0.8577609695129848,0.4375,5,0,2.609375,0,167,0,0,14,0,,0.0,,0.0,,,0,0,0,2.384502332773166
tune,610091016,N2_season_ar05,absolute,0.5,COMPLETE,True,6.815026336709272,0.8577609695129848,0.96875,5,1,1.6875,0,108,0,0,44,0,,0.0,,0.0,,,0,0,0,2.539247356293414
tune,610091016,N2_season_ar05,absolute,1,COMPLETE,True,13.630052673418543,0.8577609695129848,0.75,5,1,0.65625,0,42,0,0,31,0,,0.0,,0.0,,,0,0,0,2.6215257429314995
tune,610091016,N2_season_ar05,absolute,2,COMPLETE,True,27.260105346837086,0.8577609695129848,0.21875,5,0,0.140625,0,9,0,0,8,0,,0.0,,0.0,,,0,0,0,2.7309943381214503
tune,610091016,N2_season_ar05,absolute,4,COMPLETE,True,54.52021069367417,0.8577609695129848,0.0,5,0,0.0,0,0,0,0,0,0,,,,,,,0,0,0,
tune,610091016,N2_season_ar05,absolute,8,COMPLETE,True,109.04042138734835,0.8577609695129848,0.0,5,0,0.0,0,0,0,0,0,0,,,,,,,0,0,0,
tune,610091016,N2_season_ar05,relative,0.25,COMPLETE,True,3.5085968723096777,0.883206404826829,0.46875,5,0,2.5625,0,164,0,0,17,0,,0.0,,0.0,,,0,0,0,2.3930616484181284
tune,610091016,N2_season_ar05,relative,0.5,COMPLETE,True,7.017193744619355,0.883206404826829,0.9375,5,0,1.6875,0,108,0,0,37,0,,0.0,,0.0,,,0,0,0,2.567489238458678
tune,610091016,N2_season_ar05,relative,1,COMPLETE,True,14.03438748923871,0.883206404826829,0.71875,5,1,0.671875,0,43,0,0,32,0,,0.0,,0.0,,,0,0,0,2.670206745959895
tune,610091016,N2_season_ar05,relative,2,COMPLETE,True,28.06877497847742,0.883206404826829,0.15625,5,0,0.078125,0,5,0,0,5,0,,0.0,,0.0,,,0,0,0,2.943972255250844
tune,610091016,N2_season_ar05,relative,4,COMPLETE,True,56.13754995695484,0.883206404826829,0.0,5,0,0.0,0,0,0,0,0,0,,,,,,,0,0,0,
tune,610091016,N2_season_ar05,relative,8,COMPLETE,True,112.27509991390968,0.883206404826829,0.0,5,0,0.0,0,0,0,0,0,0,,,,,,,0,0,0,
tune,610091016,N3_common_shift2,absolute,0.25,COMPLETE,False,3.407513168354636,0.8577609695129848,0.25,19,0,2.171875,31,170,32,3,11,32,0.96875,0.18235294117647058,0.09375,0.2727272727272727,0.2903225806451613,0.0,3,0,0,2.4981203111550165
tune,610091016,N3_common_shift2,absolute,0.5,COMPLETE,False,6.815026336709272,0.8577609695129848,0.6875,19,0,1.453125,29,122,32,13,40,32,0.90625,0.23770491803278687,0.40625,0.325,0.20689655172413793,0.15384615384615385,13,0,0,2.6787433948536012
tune,610091016,N3_common_shift2,absolute,1,COMPLETE,False,13.630052673418543,0.8577609695129848,0.59375,19,1,0.578125,24,61,32,20,44,32,0.75,0.39344262295081966,0.625,0.45454545454545453,0.20833333333333334,0.25,20,0,0,2.8415976280214252
tune,610091016,N3_common_shift2,absolute,2,COMPLETE,False,27.260105346837086,0.8577609695129848,0.25,19,1,0.171875,16,27,32,15,26,32,0.5,0.5925925925925926,0.46875,0.5769230769230769,0.125,0.13333333333333333,15,0,0,2.9710680550966306
tune,610091016,N3_common_shift2,absolute,4,COMPLETE,False,54.52021069367417,0.8577609695129848,0.03125,19,0,0.015625,1,2,32,1,2,32,0.03125,0.5,0.03125,0.5,0.0,0.0,1,0,0,3.624534728297591
tune,610091016,N3_common_shift2,absolute,8,COMPLETE,False,109.04042138734835,0.8577609695129848,0.0,19,0,0.0,0,0,32,0,0,32,0.0,,0.0,,,,0,0,0,
tune,610091016,N3_common_shift2,relative,0.25,COMPLETE,True,3.5085968723096777,0.883206404826829,0.46875,19,0,2.5625,0,164,0,0,17,0,,0.0,,0.0,,,0,0,0,2.3930616484181284
tune,610091016,N3_common_shift2,relative,0.5,COMPLETE,True,7.017193744619355,0.883206404826829,0.9375,19,0,1.6875,0,108,0,0,37,0,,0.0,,0.0,,,0,0,0,2.567489238458678
tune,610091016,N3_common_shift2,relative,1,COMPLETE,True,14.03438748923871,0.883206404826829,0.71875,19,1,0.671875,0,43,0,0,32,0,,0.0,,0.0,,,0,0,0,2.670206745959895
tune,610091016,N3_common_shift2,relative,2,COMPLETE,True,28.06877497847742,0.883206404826829,0.15625,19,0,0.078125,0,5,0,0,5,0,,0.0,,0.0,,,0,0,0,2.943972255250844
tune,610091016,N3_common_shift2,relative,4,COMPLETE,True,56.13754995695484,0.883206404826829,0.0,19,0,0.0,0,0,0,0,0,0,,,,,,,0,0,0,
tune,610091016,N3_common_shift2,relative,8,COMPLETE,True,112.27509991390968,0.883206404826829,0.0,19,0,0.0,0,0,0,0,0,0,,,,,,,0,0,0,
tune,610091016,N4_spike4,absolute,0.25,COMPLETE,True,3.407513168354636,0.8577609695129848,0.40625,7,1,2.671875,0,171,0,0,13,0,,0.0,,0.0,,,0,0,0,2.4079506761006124
tune,610091016,N4_spike4,absolute,0.5,COMPLETE,True,6.815026336709272,0.8577609695129848,0.90625,7,1,1.75,0,112,0,0,41,0,,0.0,,0.0,,,0,0,0,2.584739411981758
tune,610091016,N4_spike4,absolute,1,COMPLETE,True,13.630052673418543,0.8577609695129848,0.75,7,1,0.6875,0,44,0,0,32,0,,0.0,,0.0,,,0,0,0,2.643454199151216
tune,610091016,N4_spike4,absolute,2,COMPLETE,True,27.260105346837086,0.8577609695129848,0.21875,7,0,0.140625,0,9,0,0,8,0,,0.0,,0.0,,,0,0,0,2.7537853451310026
tune,610091016,N4_spike4,absolute,4,COMPLETE,True,54.52021069367417,0.8577609695129848,0.0,7,0,0.0,0,0,0,0,0,0,,,,,,,0,0,0,
tune,610091016,N4_spike4,absolute,8,COMPLETE,True,109.04042138734835,0.8577609695129848,0.0,7,0,0.0,0,0,0,0,0,0,,,,,,,0,0,0,
tune,610091016,N4_spike4,relative,0.25,COMPLETE,True,3.5085968723096777,0.883206404826829,0.4375,7,1,2.625,0,168,0,0,15,0,,0.0,,0.0,,,0,0,0,2.401366874130058
tune,610091016,N4_spike4,relative,0.5,COMPLETE,True,7.017193744619355,0.883206404826829,0.90625,7,1,1.671875,0,107,0,0,37,0,,0.0,,0.0,,,0,0,0,2.579697737352051
tune,610091016,N4_spike4,relative,1,COMPLETE,True,14.03438748923871,0.883206404826829,0.71875,7,1,0.6875,0,44,0,0,32,0,,0.0,,0.0,,,0,0,0,2.708410539172032
tune,610091016,N4_spike4,relative,2,COMPLETE,True,28.06877497847742,0.883206404826829,0.15625,7,0,0.078125,0,5,0,0,5,0,,0.0,,0.0,,,0,0,0,2.9788084848654957
tune,610091016,N4_spike4,relative,4,COMPLETE,True,56.13754995695484,0.883206404826829,0.0,7,0,0.0,0,0,0,0,0,0,,,,,,,0,0,0,
tune,610091016,N4_spike4,relative,8,COMPLETE,True,112.27509991390968,0.883206404826829,0.0,7,0,0.0,0,0,0,0,0,0,,,,,,,0,0,0,
tune,610091016,N5_boundary_null,absolute,0.25,COMPLETE,True,3.407513168354636,0.8577609695129848,0.4375,30,0,2.609375,0,167,0,0,14,0,,0.0,,0.0,,,0,0,0,2.384502332773166
tune,610091016,N5_boundary_null,absolute,0.5,COMPLETE,True,6.815026336709272,0.8577609695129848,0.96875,30,1,1.6875,0,108,0,0,44,0,,0.0,,0.0,,,0,0,0,2.539247356293414
tune,610091016,N5_boundary_null,absolute,1,COMPLETE,True,13.630052673418543,0.8577609695129848,0.75,30,1,0.65625,0,42,0,0,31,0,,0.0,,0.0,,,0,0,0,2.6215257429314995
tune,610091016,N5_boundary_null,absolute,2,COMPLETE,True,27.260105346837086,0.8577609695129848,0.21875,30,1,0.140625,0,9,0,0,8,0,,0.0,,0.0,,,0,0,0,2.7309943381214503
tune,610091016,N5_boundary_null,absolute,4,COMPLETE,True,54.52021069367417,0.8577609695129848,0.0,30,0,0.0,0,0,0,0,0,0,,,,,,,0,0,0,
tune,610091016,N5_boundary_null,absolute,8,COMPLETE,True,109.04042138734835,0.8577609695129848,0.0,30,0,0.0,0,0,0,0,0,0,,,,,,,0,0,0,
tune,610091016,N5_boundary_null,relative,0.25,COMPLETE,True,3.5063704357459677,0.8826459520006499,0.5625,30,1,2.5,0,160,0,0,19,0,,0.0,,0.0,,,0,0,0,2.4092329558419574
tune,610091016,N5_boundary_null,relative,0.5,COMPLETE,True,7.0127408714919355,0.8826459520006499,0.9375,30,1,1.640625,0,105,0,0,38,0,,0.0,,0.0,,,0,0,0,2.552748055031956
tune,610091016,N5_boundary_null,relative,1,COMPLETE,True,14.025481742983871,0.8826459520006499,0.71875,30,1,0.671875,0,43,0,0,33,0,,0.0,,0.0,,,0,0,0,2.656988415756516
tune,610091016,N5_boundary_null,relative,2,COMPLETE,True,28.050963485967742,0.8826459520006499,0.15625,30,1,0.078125,0,5,0,0,5,0,,0.0,,0.0,,,0,0,0,2.944380765504224
tune,610091016,N5_boundary_null,relative,4,COMPLETE,True,56.101926971935484,0.8826459520006499,0.0,30,0,0.0,0,0,0,0,0,0,,,,,,,0,0,0,
tune,610091016,N5_boundary_null,relative,8,COMPLETE,True,112.20385394387097,0.8826459520006499,0.0,30,0,0.0,0,0,0,0,0,0,,,,,,,0,0,0,
tune,610091016,P025,absolute,0.25,COMPLETE,False,3.407513168354636,0.8577609695129848,0.375,20,0,2.5,8,168,8,1,13,8,1.0,0.047619047619047616,0.125,0.07692307692307693,0.625,1.0,1,0,0,2.378485593677557
tune,610091016,P025,absolute,0.5,COMPLETE,False,6.815026336709272,0.8577609695129848,0.90625,20,1,1.609375,6,109,8,3,43,8,0.75,0.05504587155963303,0.375,0.06976744186046512,0.8333333333333334,0.6666666666666666,3,0,0,2.540723325655056
tune,610091016,P025,absolute,1,COMPLETE,False,13.630052673418543,0.8577609695129848,0.75,20,0,0.640625,1,42,8,1,31,8,0.125,0.023809523809523808,0.125,0.03225806451612903,1.0,1.0,1,0,0,2.6263552275542312
tune,610091016,P025,absolute,2,COMPLETE,False,27.260105346837086,0.8577609695129848,0.21875,20,0,0.140625,0,9,8,0,8,8,0.0,0.0,0.0,0.0,,,0,0,0,2.7140905456359494
tune,610091016,P025,absolute,4,COMPLETE,False,54.52021069367417,0.8577609695129848,0.0,20,0,0.0,0,0,8,0,0,8,0.0,,0.0,,,,0,0,0,
tune,610091016,P025,absolute,8,COMPLETE,False,109.04042138734835,0.8577609695129848,0.0,20,0,0.0,0,0,8,0,0,8,0.0,,0.0,,,,0,0,0,
tune,610091016,P025,relative,0.25,COMPLETE,False,3.5085968723096777,0.883206404826829,0.40625,20,0,2.46875,7,165,8,2,16,8,0.875,0.04242424242424243,0.25,0.125,0.7142857142857143,1.0,2,0,0,2.3842067103159095
tune,610091016,P025,relative,0.5,COMPLETE,False,7.017193744619355,0.883206404826829,0.84375,20,1,1.625,5,109,8,2,36,8,0.625,0.045871559633027525,0.25,0.05555555555555555,1.0,1.0,2,0,0,2.565272482238022
tune,610091016,P025,relative,1,COMPLETE,False,14.03438748923871,0.883206404826829,0.71875,20,1,0.65625,1,43,8,1,32,8,0.125,0.023255813953488372,0.125,0.03125,1.0,1.0,1,0,0,2.676073273726116
tune,610091016,P025,relative,2,COMPLETE,False,28.06877497847742,0.883206404826829,0.15625,20,0,0.078125,0,5,8,0,5,8,0.0,0.0,0.0,0.0,,,0,0,0,2.915751849834531
tune,610091016,P025,relative,4,COMPLETE,False,56.13754995695484,0.883206404826829,0.0,20,0,0.0,0,0,8,0,0,8,0.0,,0.0,,,,0,0,0,
tune,610091016,P025,relative,8,COMPLETE,False,112.27509991390968,0.883206404826829,0.0,20,0,0.0,0,0,8,0,0,8,0.0,,0.0,,,,0,0,0,
tune,610091016,P05,absolute,0.25,COMPLETE,False,3.407513168354636,0.8577609695129848,0.375,28,1,2.5,8,168,8,1,13,8,1.0,0.047619047619047616,0.125,0.07692307692307693,0.625,1.0,1,0,0,2.382735593112717
tune,610091016,P05,absolute,0.5,COMPLETE,False,6.815026336709272,0.8577609695129848,0.90625,28,0,1.609375,6,109,8,3,43,8,0.75,0.05504587155963303,0.375,0.06976744186046512,0.8333333333333334,0.6666666666666666,3,0,0,2.5442311780085682
tune,610091016,P05,absolute,1,COMPLETE,False,13.630052673418543,0.8577609695129848,0.71875,28,0,0.625,3,43,8,3,32,8,0.375,0.06976744186046512,0.375,0.09375,0.6666666666666666,0.6666666666666666,3,0,0,2.62889007948965
tune,610091016,P05,absolute,2,COMPLETE,False,27.260105346837086,0.8577609695129848,0.21875,28,0,0.140625,0,9,8,0,8,8,0.0,0.0,0.0,0.0,,,0,0,0,2.6973800971518185
tune,610091016,P05,absolute,4,COMPLETE,False,54.52021069367417,0.8577609695129848,0.0,28,0,0.0,0,0,8,0,0,8,0.0,,0.0,,,,0,0,0,
tune,610091016,P05,absolute,8,COMPLETE,False,109.04042138734835,0.8577609695129848,0.0,28,0,0.0,0,0,8,0,0,8,0.0,,0.0,,,,0,0,0,
tune,610091016,P05,relative,0.25,COMPLETE,False,3.5085968723096777,0.883206404826829,0.4375,28,1,2.453125,7,164,8,2,17,8,0.875,0.042682926829268296,0.25,0.11764705882352941,0.7142857142857143,1.0,2,0,0,2.389816527515205
tune,610091016,P05,relative,0.5,COMPLETE,False,7.017193744619355,0.883206404826829,0.8125,28,1,1.625,5,109,8,3,36,8,0.625,0.045871559633027525,0.375,0.08333333333333333,0.8,0.6666666666666666,3,0,0,2.562553044480331
tune,610091016,P05,relative,1,COMPLETE,False,14.03438748923871,0.883206404826829,0.6875,28,1,0.640625,3,44,8,3,33,8,0.375,0.06818181818181818,0.375,0.09090909090909091,0.6666666666666666,0.6666666666666666,3,0,0,2.664098896308335
tune,610091016,P05,relative,2,COMPLETE,False,28.06877497847742,0.883206404826829,0.15625,28,0,0.078125,0,5,8,0,5,8,0.0,0.0,0.0,0.0,,,0,0,0,2.8887884426401103
tune,610091016,P05,relative,4,COMPLETE,False,56.13754995695484,0.883206404826829,0.0,28,0,0.0,0,0,8,0,0,8,0.0,,0.0,,,,0,0,0,
tune,610091016,P05,relative,8,COMPLETE,False,112.27509991390968,0.883206404826829,0.0,28,0,0.0,0,0,8,0,0,8,0.0,,0.0,,,,0,0,0,
tune,610091016,P1,absolute,0.25,COMPLETE,False,3.407513168354636,0.8577609695129848,0.40625,24,1,2.53125,8,170,8,1,14,8,1.0,0.047058823529411764,0.125,0.07142857142857142,0.625,0.0,1,0,0,2.3816814803989192
tune,610091016,P1,absolute,0.5,COMPLETE,False,6.815026336709272,0.8577609695129848,0.875,24,1,1.65625,7,113,8,4,43,8,0.875,0.061946902654867256,0.5,0.09302325581395349,0.42857142857142855,0.25,4,0,0,2.553662491898724
tune,610091016,P1,absolute,1,COMPLETE,False,13.630052673418543,0.8577609695129848,0.71875,24,1,0.625,4,44,8,4,33,8,0.5,0.09090909090909091,0.5,0.12121212121212122,0.5,0.5,4,0,0,2.631187146257719
tune,610091016,P1,absolute,2,COMPLETE,False,27.260105346837086,0.8577609695129848,0.21875,24,0,0.15625,0,10,8,0,8,8,0.0,0.0,0.0,0.0,,,0,0,0,2.7402207661512845
tune,610091016,P1,absolute,4,COMPLETE,False,54.52021069367417,0.8577609695129848,0.0,24,0,0.0,0,0,8,0,0,8,0.0,,0.0,,,,0,0,0,
tune,610091016,P1,absolute,8,COMPLETE,False,109.04042138734835,0.8577609695129848,0.0,24,0,0.0,0,0,8,0,0,8,0.0,,0.0,,,,0,0,0,
tune,610091016,P1,relative,0.25,COMPLETE,False,3.5085968723096777,0.883206404826829,0.40625,24,0,2.484375,7,166,8,1,15,8,0.875,0.04216867469879518,0.125,0.06666666666666667,0.5714285714285714,1.0,1,0,0,2.392935682555818
tune,610091016,P1,relative,0.5,COMPLETE,False,7.017193744619355,0.883206404826829,0.8125,24,1,1.609375,6,109,8,3,35,8,0.75,0.05504587155963303,0.375,0.08571428571428572,0.6666666666666666,0.6666666666666666,3,0,0,2.574401162654287
tune,610091016,P1,relative,1,COMPLETE,False,14.03438748923871,0.883206404826829,0.65625,24,1,0.640625,5,46,8,4,33,8,0.625,0.10869565217391304,0.5,0.12121212121212122,0.6,0.75,4,0,0,2.690796939736251
tune,610091016,P1,relative,2,COMPLETE,False,28.06877497847742,0.883206404826829,0.15625,24,0,0.078125,0,5,8,0,5,8,0.0,0.0,0.0,0.0,,,0,0,0,2.8788405975999836
tune,610091016,P1,relative,4,COMPLETE,False,56.13754995695484,0.883206404826829,0.0,24,0,0.0,0,0,8,0,0,8,0.0,,0.0,,,,0,0,0,
tune,610091016,P1,relative,8,COMPLETE,False,112.27509991390968,0.883206404826829,0.0,24,0,0.0,0,0,8,0,0,8,0.0,,0.0,,,,0,0,0,
tune,610091016,P2,absolute,0.25,COMPLETE,False,3.407513168354636,0.8577609695129848,0.40625,28,1,2.546875,8,171,8,2,15,8,1.0,0.04678362573099415,0.25,0.13333333333333333,0.375,0.0,2,0,0,2.4100124082053584
tune,610091016,P2,absolute,0.5,COMPLETE,False,6.815026336709272,0.8577609695129848,0.90625,28,0,1.625,8,112,8,4,44,8,1.0,0.07142857142857142,0.5,0.09090909090909091,0.375,0.25,4,0,0,2.589240617546857
tune,610091016,P2,absolute,1,COMPLETE,False,13.630052673418543,0.8577609695129848,0.65625,28,0,0.609375,7,46,8,7,34,8,0.875,0.15217391304347827,0.875,0.20588235294117646,0.2857142857142857,0.2857142857142857,7,0,0,2.701820274927931
tune,610091016,P2,absolute,2,COMPLETE,False,27.260105346837086,0.8577609695129848,0.21875,28,0,0.140625,5,14,8,5,13,8,0.625,0.35714285714285715,0.625,0.38461538461538464,0.2,0.2,5,0,0,2.7050092456273083
tune,610091016,P2,absolute,4,COMPLETE,False,54.52021069367417,0.8577609695129848,0.0,28,0,0.0,0,0,8,0,0,8,0.0,,0.0,,,,0,0,0,
tune,610091016,P2,absolute,8,COMPLETE,False,109.04042138734835,0.8577609695129848,0.0,28,0,0.0,0,0,8,0,0,8,0.0,,0.0,,,,0,0,0,
tune,610091016,P2,relative,0.25,COMPLETE,False,3.5085968723096777,0.883206404826829,0.40625,28,1,2.5,8,168,8,1,15,8,1.0,0.047619047619047616,0.125,0.06666666666666667,0.375,0.0,1,0,0,2.405192294225905
tune,610091016,P2,relative,0.5,COMPLETE,False,7.017193744619355,0.883206404826829,0.78125,28,1,1.515625,8,105,8,5,36,8,1.0,0.0761904761904762,0.625,0.1388888888888889,0.5,0.4,5,0,0,2.62721339931562
tune,610091016,P2,relative,1,COMPLETE,False,14.03438748923871,0.883206404826829,0.71875,28,1,0.65625,6,48,8,6,37,8,0.75,0.125,0.75,0.16216216216216217,0.16666666666666666,0.16666666666666666,6,0,0,2.6980941445609825
tune,610091016,P2,relative,2,COMPLETE,False,28.06877497847742,0.883206404826829,0.15625,28,0,0.078125,5,10,8,5,10,8,0.625,0.5,0.625,0.5,0.4,0.4,5,0,0,2.744275313932376
tune,610091016,P2,relative,4,COMPLETE,False,56.13754995695484,0.883206404826829,0.0,28,0,0.0,0,0,8,0,0,8,0.0,,0.0,,,,0,0,0,
tune,610091016,P2,relative,8,COMPLETE,False,112.27509991390968,0.883206404826829,0.0,28,0,0.0,0,0,8,0,0,8,0.0,,0.0,,,,0,0,0,
tune,610091016,P6_return,absolute,0.25,COMPLETE,False,3.407513168354636,0.8577609695129848,0.375,27,1,2.484375,12,171,16,2,14,16,0.75,0.07017543859649122,0.125,0.14285714285714285,0.5,0.5,1,1,0,2.403019191969672
tune,610091016,P6_return,absolute,0.5,COMPLETE,False,6.815026336709272,0.8577609695129848,0.84375,27,1,1.5,13,109,16,6,44,16,0.8125,0.11926605504587157,0.375,0.13636363636363635,0.38461538461538464,0.3333333333333333,4,2,0,2.5801793290896406
tune,610091016,P6_return,absolute,1,COMPLETE,False,13.630052673418543,0.8577609695129848,0.6875,27,1,0.59375,7,45,16,5,33,16,0.4375,0.15555555555555556,0.3125,0.15151515151515152,0.5714285714285714,0.4,4,1,0,2.6472837046556683
tune,610091016,P6_return,absolute,2,COMPLETE,False,27.260105346837086,0.8577609695129848,0.1875,27,0,0.125,1,9,16,1,8,16,0.0625,0.1111111111111111,0.0625,0.125,0.0,0.0,0,1,0,2.765273865901069
tune,610091016,P6_return,absolute,4,COMPLETE,False,54.52021069367417,0.8577609695129848,0.0,27,0,0.0,0,0,16,0,0,16,0.0,,0.0,,,,0,0,0,
tune,610091016,P6_return,absolute,8,COMPLETE,False,109.04042138734835,0.8577609695129848,0.0,27,0,0.0,0,0,16,0,0,16,0.0,,0.0,,,,0,0,0,
tune,610091016,P6_return,relative,0.25,COMPLETE,False,3.5085968723096777,0.883206404826829,0.40625,27,1,2.390625,10,163,16,2,16,16,0.625,0.06134969325153374,0.125,0.125,0.5,1.0,1,1,0,2.415699845797762
tune,610091016,P6_return,relative,0.5,COMPLETE,False,7.017193744619355,0.883206404826829,0.8125,27,1,1.5625,9,109,16,4,36,16,0.5625,0.08256880733944955,0.25,0.1111111111111111,0.5555555555555556,0.5,2,2,0,2.5924330123832022
tune,610091016,P6_return,relative,1,COMPLETE,False,14.03438748923871,0.883206404826829,0.65625,27,0,0.640625,6,47,16,5,34,16,0.375,0.1276595744680851,0.3125,0.14705882352941177,0.5,0.4,4,1,0,2.6956812802421113
tune,610091016,P6_return,relative,2,COMPLETE,False,28.06877497847742,0.883206404826829,0.125,27,0,0.0625,1,5,16,1,5,16,0.0625,0.2,0.0625,0.2,0.0,0.0,0,1,0,2.992679861669732
tune,610091016,P6_return,relative,4,COMPLETE,False,56.13754995695484,0.883206404826829,0.0,27,0,0.0,0,0,16,0,0,16,0.0,,0.0,,,,0,0,0,
tune,610091016,P6_return,relative,8,COMPLETE,False,112.27509991390968,0.883206404826829,0.0,27,0,0.0,0,0,16,0,0,16,0.0,,0.0,,,,0,0,0,
tune,610091016,C3_short_censored,absolute,0.25,COMPLETE,False,3.407513168354636,0.8577609695129848,0.40625,27,1,2.5,8,168,8,0,13,0,1.0,0.047619047619047616,,0.0,0.125,,0,0,8,2.428274120149736
tune,610091016,C3_short_censored,absolute,0.5,COMPLETE,False,6.815026336709272,0.8577609695129848,0.90625,27,1,1.609375,8,111,8,0,42,0,1.0,0.07207207207207207,,0.0,0.125,,0,0,8,2.589028654509933
tune,610091016,C3_short_censored,absolute,1,COMPLETE,False,13.630052673418543,0.8577609695129848,0.71875,27,1,0.625,6,46,8,0,30,0,0.75,0.13043478260869565,,0.0,0.16666666666666666,,0,0,8,2.698787069482994
tune,610091016,C3_short_censored,absolute,2,COMPLETE,False,27.260105346837086,0.8577609695129848,0.1875,27,0,0.125,2,10,8,0,7,0,0.25,0.2,,0.0,0.0,,0,0,8,2.9572636926496143
tune,610091016,C3_short_censored,absolute,4,COMPLETE,False,54.52021069367417,0.8577609695129848,0.0,27,0,0.0,0,0,8,0,0,0,0.0,,,,,,0,0,8,
tune,610091016,C3_short_censored,absolute,8,COMPLETE,False,109.04042138734835,0.8577609695129848,0.0,27,0,0.0,0,0,8,0,0,0,0.0,,,,,,0,0,8,
tune,610091016,C3_short_censored,relative,0.25,COMPLETE,False,3.5085968723096777,0.883206404826829,0.5,27,1,2.421875,8,163,8,0,18,0,1.0,0.049079754601226995,,0.0,0.125,,0,0,8,2.430049234230492
tune,610091016,C3_short_censored,relative,0.5,COMPLETE,False,7.017193744619355,0.883206404826829,0.875,27,1,1.640625,7,112,8,0,36,0,0.875,0.0625,,0.0,0.14285714285714285,,0,0,8,2.589332214675735
tune,610091016,C3_short_censored,relative,1,COMPLETE,False,14.03438748923871,0.883206404826829,0.75,27,0,0.671875,4,47,8,0,34,0,0.5,0.0851063829787234,,0.0,0.0,,0,0,8,2.675503926763893
tune,610091016,C3_short_censored,relative,2,COMPLETE,False,28.06877497847742,0.883206404826829,0.125,27,0,0.0625,1,5,8,0,4,0,0.125,0.2,,0.0,0.0,,0,0,8,3.2203437836841844
tune,610091016,C3_short_censored,relative,4,COMPLETE,False,56.13754995695484,0.883206404826829,0.0,27,0,0.0,0,0,8,0,0,0,0.0,,,,,,0,0,8,
tune,610091016,C3_short_censored,relative,8,COMPLETE,False,112.27509991390968,0.883206404826829,0.0,27,0,0.0,0,0,8,0,0,0,0.0,,,,,,0,0,8,
