model,entity_id,reference_cluster,peer_jaccard_mean,original_peer_retention_mean
historical_kmeans4,tid_1,2,0.9546882008217566,0.9951515151515153
historical_kmeans4,tid_10,2,0.8901375701406186,0.9303896103896107
historical_kmeans4,tid_1001,0,0.6770819509741344,0.7287195438050802
historical_kmeans4,tid_1002,1,0.9074038345184295,0.9456876456876455
historical_kmeans4,tid_1003,1,0.9074038345184295,0.9456876456876455
historical_kmeans4,tid_1004,1,0.9074038345184295,0.9456876456876455
historical_kmeans4,tid_1005,1,0.7280432952671725,0.7652680652680651
historical_kmeans4,tid_1006,1,0.9074038345184295,0.9456876456876455
historical_kmeans4,tid_1007,2,0.9546882008217566,0.9951515151515153
historical_kmeans4,tid_1008,0,0.36139003013550786,0.3893208916537066
historical_kmeans4,tid_1009,0,0.8462991808710939,0.913945049248315
historical_kmeans4,tid_1010,0,0.8462991808710939,0.913945049248315
historical_kmeans4,tid_1011,0,0.8462991808710939,0.913945049248315
historical_kmeans4,tid_1012,1,0.9074038345184295,0.9456876456876455
historical_kmeans4,tid_1013,1,0.9074038345184295,0.9456876456876455
historical_kmeans4,tid_1014,1,0.8804316966798037,0.9182595182595183
historical_kmeans4,tid_1015,1,0.9074038345184295,0.9456876456876455
historical_kmeans4,tid_1016,1,0.9074038345184295,0.9456876456876455
historical_kmeans4,tid_1017,1,0.9074038345184295,0.9456876456876455
historical_kmeans4,tid_1018,0,0.8462991808710939,0.913945049248315
historical_kmeans4,tid_1019,1,0.9074038345184295,0.9456876456876455
historical_kmeans4,tid_1020,0,0.6510127734984871,0.6998963193364437
historical_kmeans4,tid_1021,0,0.8247273715959953,0.8897874546397094
historical_kmeans4,tid_1023,1,0.9074038345184295,0.9456876456876455
historical_kmeans4,tid_1024,1,0.9074038345184295,0.9456876456876455
historical_kmeans4,tid_1025,1,0.9074038345184295,0.9456876456876455
historical_kmeans4,tid_1026,1,0.9074038345184295,0.9456876456876455
historical_kmeans4,tid_1027,1,0.9074038345184295,0.9456876456876455
historical_kmeans4,tid_1028,1,0.9074038345184295,0.9456876456876455
historical_kmeans4,tid_1029,1,0.9074038345184295,0.9456876456876455
historical_kmeans4,tid_1030,1,0.9074038345184295,0.9456876456876455
historical_kmeans4,tid_1031,0,0.7049499206955403,0.7567133229652668
historical_kmeans4,tid_1032,1,0.9074038345184295,0.9456876456876455
historical_kmeans4,tid_1033,1,0.9074038345184295,0.9456876456876455
historical_kmeans4,tid_1034,1,0.9074038345184295,0.9456876456876455
historical_kmeans4,tid_1035,1,0.9074038345184295,0.9456876456876455
historical_kmeans4,tid_1036,1,0.8202524038902689,0.8552447552447551
historical_kmeans4,tid_1037,1,0.4577408333072296,0.4829059829059828
historical_kmeans4,tid_1038,1,0.9074038345184295,0.9456876456876455
historical_kmeans4,tid_1039,0,0.8462991808710939,0.913945049248315
historical_kmeans4,tid_1040,0,0.8245765352630535,0.8892690513219282
historical_kmeans4,tid_1041,1,0.9074038345184295,0.9456876456876455
historical_kmeans4,tid_1044,1,0.9074038345184295,0.9456876456876455
historical_kmeans4,tid_1047,1,0.7497928176816437,0.7867521367521367
historical_kmeans4,tid_1048,0,0.8462991808710939,0.913945049248315
historical_kmeans4,tid_1049,0,0.8462991808710939,0.913945049248315
historical_kmeans4,tid_1051,0,0.8462991808710939,0.913945049248315
historical_kmeans4,tid_1052,1,0.9074038345184295,0.9456876456876455
historical_kmeans4,tid_1053,1,0.8830041973497437,0.9210178710178712
historical_kmeans4,tid_1054,0,0.8462991808710939,0.913945049248315
historical_kmeans4,tid_1055,1,0.7511302608878593,0.7881118881118881
historical_kmeans4,tid_1056,1,0.9074038345184295,0.9456876456876455
historical_kmeans4,tid_1057,1,0.8007823754871133,0.836985236985237
historical_kmeans4,tid_1058,1,0.6342248934250343,0.6702797202797203
historical_kmeans4,tid_1059,0,0.8462991808710939,0.913945049248315
historical_kmeans4,tid_1060,1,0.9074038345184295,0.9456876456876455
historical_kmeans4,tid_1061,0,0.8462991808710939,0.913945049248315
historical_kmeans4,tid_1062,1,0.8582006617629795,0.895843045843046
historical_kmeans4,tid_1063,1,0.6919899695045382,0.7282828282828283
historical_kmeans4,tid_1064,1,0.9074038345184295,0.9456876456876455
historical_kmeans4,tid_1065,1,0.8539936748075477,0.8911421911421912
historical_kmeans4,tid_1066,1,0.9074038345184295,0.9456876456876455
historical_kmeans4,tid_1067,1,0.9074038345184295,0.9456876456876455
historical_kmeans4,tid_1068,1,0.9074038345184295,0.9456876456876455
historical_kmeans4,tid_1069,1,0.6442652955354292,0.6707459207459207
historical_kmeans4,tid_1070,1,0.818553337914104,0.8572261072261073
historical_kmeans4,tid_1071,0,0.8462991808710939,0.913945049248315
historical_kmeans4,tid_1072,1,0.6342248934250343,0.6702797202797203
historical_kmeans4,tid_11,2,0.9227039698281891,0.9627705627705629
historical_kmeans4,tid_1107,0,0.8037906215935291,0.8642301710730946
historical_kmeans4,tid_1108,1,0.9074038345184295,0.9456876456876455
historical_kmeans4,tid_1109,0,0.8462991808710939,0.913945049248315
historical_kmeans4,tid_1110,0,0.6247285429552207,0.6892172109901503
historical_kmeans4,tid_1111,1,0.6992447241295745,0.7374514374514375
historical_kmeans4,tid_1112,0,0.8462991808710939,0.913945049248315
historical_kmeans4,tid_1113,1,0.9074038345184295,0.9456876456876455
historical_kmeans4,tid_1115,1,0.9074038345184295,0.9456876456876455
historical_kmeans4,tid_1116,1,0.9074038345184295,0.9456876456876455
historical_kmeans4,tid_1117,0,0.34185823749461175,0.38081907724209435
historical_kmeans4,tid_1118,1,0.9074038345184295,0.9456876456876455
historical_kmeans4,tid_1119,1,0.9074038345184295,0.9456876456876455
historical_kmeans4,tid_1120,1,0.9074038345184295,0.9456876456876455
historical_kmeans4,tid_1121,1,0.9074038345184295,0.9456876456876455
historical_kmeans4,tid_1122,1,0.9074038345184295,0.9456876456876455
historical_kmeans4,tid_1123,1,0.9074038345184295,0.9456876456876455
historical_kmeans4,tid_1124,1,0.9074038345184295,0.9456876456876455
historical_kmeans4,tid_1125,1,0.9074038345184295,0.9456876456876455
historical_kmeans4,tid_1126,1,0.9074038345184295,0.9456876456876455
historical_kmeans4,tid_1127,1,0.9074038345184295,0.9456876456876455
historical_kmeans4,tid_1128,1,0.9074038345184295,0.9456876456876455
historical_kmeans4,tid_1129,1,0.9074038345184295,0.9456876456876455
historical_kmeans4,tid_1130,1,0.9074038345184295,0.9456876456876455
historical_kmeans4,tid_1131,0,0.8462991808710939,0.913945049248315
historical_kmeans4,tid_1132,1,0.9074038345184295,0.9456876456876455
historical_kmeans4,tid_1133,1,0.9074038345184295,0.9456876456876455
historical_kmeans4,tid_1134,2,0.9546882008217566,0.9951515151515153
historical_kmeans4,tid_1135,0,0.8037906215935291,0.8642301710730946
historical_kmeans4,tid_1136,0,0.8462991808710939,0.913945049248315
historical_kmeans4,tid_1137,0,0.8462991808710939,0.913945049248315
historical_kmeans4,tid_1138,0,0.8462991808710939,0.913945049248315
historical_kmeans4,tid_1139,0,0.8462991808710939,0.913945049248315
historical_kmeans4,tid_1140,0,0.8462991808710939,0.913945049248315
historical_kmeans4,tid_1141,0,0.8462991808710939,0.913945049248315
historical_kmeans4,tid_1142,0,0.8462991808710939,0.913945049248315
historical_kmeans4,tid_1143,1,0.9074038345184295,0.9456876456876455
historical_kmeans4,tid_1144,1,0.9074038345184295,0.9456876456876455
historical_kmeans4,tid_1146,1,0.9074038345184295,0.9456876456876455
historical_kmeans4,tid_1147,0,0.8462991808710939,0.913945049248315
historical_kmeans4,tid_1148,0,0.8462991808710939,0.913945049248315
historical_kmeans4,tid_1149,0,0.8462991808710939,0.913945049248315
historical_kmeans4,tid_1150,2,0.9546882008217566,0.9951515151515153
historical_kmeans4,tid_1151,0,0.8197842572506481,0.8872472783825814
historical_kmeans4,tid_1152,3,0.8662115613866224,0.9164021164021161
historical_kmeans4,tid_1153,0,0.3891039795483008,0.4156039398652152
historical_kmeans4,tid_1154,1,0.8040332271237247,0.8414529914529914
historical_kmeans4,tid_1155,0,0.8462991808710939,0.913945049248315
historical_kmeans4,tid_1157,1,0.9074038345184295,0.9456876456876455
historical_kmeans4,tid_1158,1,0.4617348183325431,0.49067599067599055
historical_kmeans4,tid_1159,0,0.8462991808710939,0.913945049248315
historical_kmeans4,tid_1160,0,0.8462991808710939,0.913945049248315
historical_kmeans4,tid_1161,0,0.8462991808710939,0.913945049248315
historical_kmeans4,tid_1163,0,0.8462991808710939,0.913945049248315
historical_kmeans4,tid_1164,1,0.820309140167188,0.8551282051282051
historical_kmeans4,tid_1165,0,0.8462991808710939,0.913945049248315
historical_kmeans4,tid_1166,1,0.9074038345184295,0.9456876456876455
historical_kmeans4,tid_1167,1,0.6218150082141353,0.6575757575757576
historical_kmeans4,tid_1168,1,0.9074038345184295,0.9456876456876455
historical_kmeans4,tid_1169,0,0.8462991808710939,0.913945049248315
historical_kmeans4,tid_1170,0,0.8462991808710939,0.913945049248315
historical_kmeans4,tid_1171,0,0.8213771889082856,0.8857439087610159
historical_kmeans4,tid_1172,0,0.8462991808710939,0.913945049248315
historical_kmeans4,tid_1173,0,0.8462991808710939,0.913945049248315
historical_kmeans4,tid_1174,0,0.8462991808710939,0.913945049248315
historical_kmeans4,tid_1175,0,0.8462991808710939,0.913945049248315
historical_kmeans4,tid_1176,2,0.9546882008217566,0.9951515151515153
historical_kmeans4,tid_1178,0,0.8462991808710939,0.913945049248315
historical_kmeans4,tid_1179,0,0.8462991808710939,0.913945049248315
historical_kmeans4,tid_1180,0,0.4229823137346919,0.481907724209435
historical_kmeans4,tid_1181,0,0.8462991808710939,0.913945049248315
historical_kmeans4,tid_1184,0,0.8462991808710939,0.913945049248315
historical_kmeans4,tid_1185,3,0.36663643940175844,0.44365079365079363
historical_kmeans4,tid_1186,2,0.9546882008217566,0.9951515151515153
historical_kmeans4,tid_1187,0,0.8462991808710939,0.913945049248315
historical_kmeans4,tid_1188,2,0.9546882008217566,0.9951515151515153
historical_kmeans4,tid_1189,0,0.6217468666533393,0.6805598755832035
historical_kmeans4,tid_1190,2,0.9546882008217566,0.9951515151515153
historical_kmeans4,tid_1191,0,0.6770811766892568,0.7362882322446863
historical_kmeans4,tid_1192,0,0.8462991808710939,0.913945049248315
historical_kmeans4,tid_1193,0,0.8462991808710939,0.913945049248315
historical_kmeans4,tid_1194,0,0.8462991808710939,0.913945049248315
historical_kmeans4,tid_1195,0,0.563236917176993,0.62016588906169
historical_kmeans4,tid_1196,0,0.8462991808710939,0.913945049248315
historical_kmeans4,tid_1197,0,0.8462991808710939,0.913945049248315
historical_kmeans4,tid_1198,2,0.9546882008217566,0.9951515151515153
historical_kmeans4,tid_12,0,0.8462991808710939,0.913945049248315
historical_kmeans4,tid_1200,1,0.9074038345184295,0.9456876456876455
historical_kmeans4,tid_1201,1,0.9074038345184295,0.9456876456876455
historical_kmeans4,tid_1203,1,0.9074038345184295,0.9456876456876455
historical_kmeans4,tid_1204,1,0.9074038345184295,0.9456876456876455
historical_kmeans4,tid_1205,1,0.9074038345184295,0.9456876456876455
historical_kmeans4,tid_1206,1,0.9074038345184295,0.9456876456876455
historical_kmeans4,tid_1207,1,0.6721145099826824,0.7036130536130535
historical_kmeans4,tid_1208,1,0.9074038345184295,0.9456876456876455
historical_kmeans4,tid_1209,1,0.9074038345184295,0.9456876456876455
historical_kmeans4,tid_1210,1,0.9074038345184295,0.9456876456876455
historical_kmeans4,tid_1211,1,0.9074038345184295,0.9456876456876455
historical_kmeans4,tid_1212,0,0.8250518805393875,0.8895282529808188
historical_kmeans4,tid_1213,1,0.9074038345184295,0.9456876456876455
historical_kmeans4,tid_1214,1,0.9074038345184295,0.9456876456876455
historical_kmeans4,tid_1215,1,0.9074038345184295,0.9456876456876455
historical_kmeans4,tid_1217,1,0.9074038345184295,0.9456876456876455
historical_kmeans4,tid_1218,1,0.9074038345184295,0.9456876456876455
historical_kmeans4,tid_1219,1,0.9074038345184295,0.9456876456876455
historical_kmeans4,tid_1220,1,0.9074038345184295,0.9456876456876455
historical_kmeans4,tid_1221,1,0.9074038345184295,0.9456876456876455
historical_kmeans4,tid_1222,1,0.9074038345184295,0.9456876456876455
historical_kmeans4,tid_1223,1,0.9074038345184295,0.9456876456876455
historical_kmeans4,tid_1224,2,0.9546882008217566,0.9951515151515153
historical_kmeans4,tid_1225,0,0.8462991808710939,0.913945049248315
historical_kmeans4,tid_1226,0,0.8462991808710939,0.913945049248315
historical_kmeans4,tid_1227,0,0.7617234638477438,0.8284085018144114
historical_kmeans4,tid_1228,0,0.8462991808710939,0.913945049248315
historical_kmeans4,tid_1229,0,0.8462991808710939,0.913945049248315
historical_kmeans4,tid_1230,0,0.8462991808710939,0.913945049248315
historical_kmeans4,tid_1231,0,0.8462991808710939,0.913945049248315
historical_kmeans4,tid_1232,0,0.8462991808710939,0.913945049248315
historical_kmeans4,tid_1233,0,0.8462991808710939,0.913945049248315
historical_kmeans4,tid_1234,0,0.8462991808710939,0.913945049248315
historical_kmeans4,tid_1235,0,0.8462991808710939,0.913945049248315
historical_kmeans4,tid_1236,0,0.8462991808710939,0.913945049248315
historical_kmeans4,tid_1237,0,0.5883454684703366,0.6533955417314671
historical_kmeans4,tid_1238,0,0.8462991808710939,0.913945049248315
historical_kmeans4,tid_1240,0,0.8462991808710939,0.913945049248315
historical_kmeans4,tid_1241,0,0.8462991808710939,0.913945049248315
historical_kmeans4,tid_1242,1,0.9074038345184295,0.9456876456876455
historical_kmeans4,tid_1243,0,0.8462991808710939,0.913945049248315
historical_kmeans4,tid_1244,1,0.9074038345184295,0.9456876456876455
historical_kmeans4,tid_1246,0,0.8462991808710939,0.913945049248315
historical_kmeans4,tid_1249,0,0.8462991808710939,0.913945049248315
historical_kmeans4,tid_1250,0,0.8462991808710939,0.913945049248315
historical_kmeans4,tid_1251,1,0.3708692899822345,0.39463869463869466
historical_kmeans4,tid_1252,0,0.8462991808710939,0.913945049248315
historical_kmeans4,tid_1253,1,0.9074038345184295,0.9456876456876455
historical_kmeans4,tid_1254,0,0.8462991808710939,0.913945049248315
historical_kmeans4,tid_1256,1,0.5499632927472023,0.579059829059829
historical_kmeans4,tid_1257,1,0.9074038345184295,0.9456876456876455
historical_kmeans4,tid_1258,2,0.9546882008217566,0.9951515151515153
historical_kmeans4,tid_1259,0,0.8462991808710939,0.913945049248315
historical_kmeans4,tid_1260,0,0.8462991808710939,0.913945049248315
historical_kmeans4,tid_1261,1,0.6637761530678941,0.6999611499611499
historical_kmeans4,tid_1262,0,0.8462991808710939,0.913945049248315
historical_kmeans4,tid_1264,0,0.8462991808710939,0.913945049248315
historical_kmeans4,tid_1265,0,0.6804138906453885,0.7468118195956454
historical_kmeans4,tid_1266,1,0.9074038345184295,0.9456876456876455
historical_kmeans4,tid_1267,3,0.8662115613866224,0.9164021164021161
historical_kmeans4,tid_1268,1,0.8583150475505223,0.8959984459984459
historical_kmeans4,tid_1269,1,0.9074038345184295,0.9456876456876455
historical_kmeans4,tid_1270,1,0.9074038345184295,0.9456876456876455
historical_kmeans4,tid_1271,1,0.9074038345184295,0.9456876456876455
historical_kmeans4,tid_1272,1,0.9074038345184295,0.9456876456876455
historical_kmeans4,tid_1273,1,0.9074038345184295,0.9456876456876455
historical_kmeans4,tid_1274,0,0.8462991808710939,0.913945049248315
historical_kmeans4,tid_1275,0,0.8462991808710939,0.913945049248315
historical_kmeans4,tid_1276,1,0.5350328568447621,0.5645299145299145
historical_kmeans4,tid_1277,1,0.8768572769531768,0.9135975135975137
historical_kmeans4,tid_1278,1,0.8338010245942936,0.8711732711732711
historical_kmeans4,tid_1279,1,0.9074038345184295,0.9456876456876455
historical_kmeans4,tid_1280,1,0.9074038345184295,0.9456876456876455
historical_kmeans4,tid_1281,1,0.9074038345184295,0.9456876456876455
historical_kmeans4,tid_1282,3,0.8662115613866224,0.9164021164021161
historical_kmeans4,tid_1284,1,0.8827146847192082,0.9206682206682207
historical_kmeans4,tid_1285,1,0.9074038345184295,0.9456876456876455
historical_kmeans4,tid_1286,1,0.9074038345184295,0.9456876456876455
historical_kmeans4,tid_1287,1,0.9074038345184295,0.9456876456876455
historical_kmeans4,tid_1288,1,0.9074038345184295,0.9456876456876455
historical_kmeans4,tid_1289,0,0.6144564240240716,0.6721099015033697
historical_kmeans4,tid_1290,1,0.7793440773245035,0.8164335664335665
historical_kmeans4,tid_1291,1,0.629118362195363,0.660955710955711
historical_kmeans4,tid_1292,1,0.9074038345184295,0.9456876456876455
historical_kmeans4,tid_1293,1,0.6342248934250343,0.6702797202797203
historical_kmeans4,tid_1294,0,0.4533240539754778,0.5132711249351997
historical_kmeans4,tid_1295,1,0.9074038345184295,0.9456876456876455
historical_kmeans4,tid_1296,1,0.8338010245942936,0.8711732711732711
historical_kmeans4,tid_1297,3,0.8662115613866224,0.9164021164021161
historical_kmeans4,tid_1298,1,0.9074038345184295,0.9456876456876455
historical_kmeans4,tid_1299,1,0.9074038345184295,0.9456876456876455
historical_kmeans4,tid_13,0,0.8462991808710939,0.913945049248315
historical_kmeans4,tid_1300,1,0.8338010245942936,0.8711732711732711
historical_kmeans4,tid_1301,1,0.9074038345184295,0.9456876456876455
historical_kmeans4,tid_1302,0,0.8462991808710939,0.913945049248315
historical_kmeans4,tid_1303,0,0.8462991808710939,0.913945049248315
historical_kmeans4,tid_1304,1,0.9074038345184295,0.9456876456876455
historical_kmeans4,tid_1305,1,0.9074038345184295,0.9456876456876455
historical_kmeans4,tid_1306,1,0.9074038345184295,0.9456876456876455
historical_kmeans4,tid_1308,1,0.9074038345184295,0.9456876456876455
historical_kmeans4,tid_1309,1,0.9074038345184295,0.9456876456876455
historical_kmeans4,tid_1310,1,0.9074038345184295,0.9456876456876455
historical_kmeans4,tid_1311,1,0.9074038345184295,0.9456876456876455
historical_kmeans4,tid_1312,1,0.9074038345184295,0.9456876456876455
historical_kmeans4,tid_1313,1,0.9074038345184295,0.9456876456876455
historical_kmeans4,tid_1314,1,0.9074038345184295,0.9456876456876455
historical_kmeans4,tid_1315,0,0.8462991808710939,0.913945049248315
historical_kmeans4,tid_1316,1,0.9074038345184295,0.9456876456876455
historical_kmeans4,tid_1317,1,0.9074038345184295,0.9456876456876455
historical_kmeans4,tid_1319,1,0.8828898115622008,0.9208624708624707
historical_kmeans4,tid_1320,1,0.9074038345184295,0.9456876456876455
historical_kmeans4,tid_1321,1,0.9074038345184295,0.9456876456876455
historical_kmeans4,tid_1322,1,0.9074038345184295,0.9456876456876455
historical_kmeans4,tid_1323,1,0.9074038345184295,0.9456876456876455
historical_kmeans4,tid_1324,1,0.7944866629037766,0.8298368298368299
historical_kmeans4,tid_1325,1,0.9074038345184295,0.9456876456876455
historical_kmeans4,tid_1326,3,0.7966908265787307,0.8674603174603173
historical_kmeans4,tid_1327,1,0.9074038345184295,0.9456876456876455
historical_kmeans4,tid_1328,1,0.9074038345184295,0.9456876456876455
historical_kmeans4,tid_1329,1,0.9074038345184295,0.9456876456876455
historical_kmeans4,tid_1330,1,0.9074038345184295,0.9456876456876455
historical_kmeans4,tid_1331,1,0.9074038345184295,0.9456876456876455
historical_kmeans4,tid_1333,0,0.8462991808710939,0.913945049248315
historical_kmeans4,tid_1334,0,0.8462991808710939,0.913945049248315
historical_kmeans4,tid_1335,1,0.8063162151631292,0.8438616938616939
historical_kmeans4,tid_1336,1,0.9074038345184295,0.9456876456876455
historical_kmeans4,tid_1337,1,0.9074038345184295,0.9456876456876455
historical_kmeans4,tid_1338,1,0.9074038345184295,0.9456876456876455
historical_kmeans4,tid_1339,1,0.8584901743935149,0.8961926961926964
historical_kmeans4,tid_1340,1,0.9074038345184295,0.9456876456876455
historical_kmeans4,tid_1341,1,0.9074038345184295,0.9456876456876455
historical_kmeans4,tid_1343,1,0.8338010245942936,0.8711732711732711
historical_kmeans4,tid_1344,1,0.9074038345184295,0.9456876456876455
historical_kmeans4,tid_1345,1,0.9074038345184295,0.9456876456876455
historical_kmeans4,tid_1346,1,0.9074038345184295,0.9456876456876455
historical_kmeans4,tid_1347,1,0.9074038345184295,0.9456876456876455
historical_kmeans4,tid_1348,1,0.9074038345184295,0.9456876456876455
historical_kmeans4,tid_1349,1,0.9074038345184295,0.9456876456876455
historical_kmeans4,tid_1350,1,0.9074038345184295,0.9456876456876455
historical_kmeans4,tid_1351,0,0.8462991808710939,0.913945049248315
historical_kmeans4,tid_1352,1,0.7498657679192786,0.7858585858585859
historical_kmeans4,tid_1353,0,0.6471016274673832,0.7102125453602902
historical_kmeans4,tid_1355,1,0.9074038345184295,0.9456876456876455
historical_kmeans4,tid_1356,1,0.8583150475505223,0.8959984459984459
historical_kmeans4,tid_1357,1,0.8338010245942936,0.8711732711732711
historical_kmeans4,tid_1358,1,0.8055872081576495,0.842851592851593
historical_kmeans4,tid_1392,1,0.9074038345184295,0.9456876456876455
historical_kmeans4,tid_1393,1,0.7333034524034358,0.7719114219114219
historical_kmeans4,tid_1394,0,0.7278028346296183,0.7848626231207878
historical_kmeans4,tid_1395,2,0.9546882008217566,0.9951515151515153
historical_kmeans4,tid_1396,0,0.5042138445305535,0.5454121306376362
historical_kmeans4,tid_1397,2,0.9546882008217566,0.9951515151515153
historical_kmeans4,tid_1398,0,0.8462991808710939,0.913945049248315
historical_kmeans4,tid_1399,0,0.7278028346296183,0.7848626231207878
historical_kmeans4,tid_14,0,0.8462991808710939,0.913945049248315
historical_kmeans4,tid_1400,0,0.8462991808710939,0.913945049248315
historical_kmeans4,tid_1401,1,0.5476825337924096,0.5803418803418803
historical_kmeans4,tid_1402,2,0.9546882008217566,0.9951515151515153
historical_kmeans4,tid_1403,0,0.8462991808710939,0.913945049248315
historical_kmeans4,tid_1404,1,0.788042006744878,0.826068376068376
historical_kmeans4,tid_1405,0,0.6770819509741344,0.7287195438050802
historical_kmeans4,tid_1406,1,0.8200497266984642,0.8575369075369076
historical_kmeans4,tid_1407,0,0.8462991808710939,0.913945049248315
historical_kmeans4,tid_1408,0,0.7311391868179521,0.7811301192327631
historical_kmeans4,tid_1409,2,0.9546882008217566,0.9951515151515153
historical_kmeans4,tid_1410,2,0.9546882008217566,0.9951515151515153
historical_kmeans4,tid_1411,0,0.8462991808710939,0.913945049248315
historical_kmeans4,tid_1412,1,0.9074038345184295,0.9456876456876455
historical_kmeans4,tid_1413,0,0.8462991808710939,0.913945049248315
historical_kmeans4,tid_1414,1,0.9074038345184295,0.9456876456876455
historical_kmeans4,tid_1415,1,0.9074038345184295,0.9456876456876455
historical_kmeans4,tid_1416,1,0.9074038345184295,0.9456876456876455
historical_kmeans4,tid_1417,1,0.9074038345184295,0.9456876456876455
historical_kmeans4,tid_1419,1,0.9074038345184295,0.9456876456876455
historical_kmeans4,tid_1420,1,0.9074038345184295,0.9456876456876455
historical_kmeans4,tid_1421,1,0.9074038345184295,0.9456876456876455
historical_kmeans4,tid_1422,1,0.6366959853112505,0.6726107226107225
historical_kmeans4,tid_1423,1,0.9074038345184295,0.9456876456876455
historical_kmeans4,tid_1425,1,0.9074038345184295,0.9456876456876455
historical_kmeans4,tid_1426,1,0.9074038345184295,0.9456876456876455
historical_kmeans4,tid_1427,1,0.9074038345184295,0.9456876456876455
historical_kmeans4,tid_1428,1,0.9074038345184295,0.9456876456876455
historical_kmeans4,tid_1429,1,0.9074038345184295,0.9456876456876455
historical_kmeans4,tid_1430,0,0.8462991808710939,0.913945049248315
historical_kmeans4,tid_1431,3,0.47075161681414684,0.5084656084656085
historical_kmeans4,tid_1438,3,0.694875129105408,0.7388888888888888
historical_kmeans4,tid_1439,2,0.9546882008217566,0.9951515151515153
historical_kmeans4,tid_1440,0,0.6678725441865208,0.7169517884914463
historical_kmeans4,tid_1443,2,0.9546882008217566,0.9951515151515153
historical_kmeans4,tid_1444,2,0.9546882008217566,0.9951515151515153
historical_kmeans4,tid_1445,2,0.9546882008217566,0.9951515151515153
historical_kmeans4,tid_1446,2,0.9546882008217566,0.9951515151515153
historical_kmeans4,tid_1447,0,0.8462991808710939,0.913945049248315
historical_kmeans4,tid_1448,2,0.9546882008217566,0.9951515151515153
historical_kmeans4,tid_1449,0,0.5958153541045388,0.6461897356143079
historical_kmeans4,tid_1453,2,0.9546882008217566,0.9951515151515153
historical_kmeans4,tid_1454,0,0.8462991808710939,0.913945049248315
historical_kmeans4,tid_1456,2,0.9546882008217566,0.9951515151515153
historical_kmeans4,tid_1457,2,0.9546882008217566,0.9951515151515153
historical_kmeans4,tid_1459,2,0.9546882008217566,0.9951515151515153
historical_kmeans4,tid_1461,2,0.9546882008217566,0.9951515151515153
historical_kmeans4,tid_1463,0,0.8462991808710939,0.913945049248315
historical_kmeans4,tid_1464,2,0.9546882008217566,0.9951515151515153
historical_kmeans4,tid_1465,2,0.9546882008217566,0.9951515151515153
historical_kmeans4,tid_1467,2,0.9546882008217566,0.9951515151515153
historical_kmeans4,tid_1468,2,0.9546882008217566,0.9951515151515153
historical_kmeans4,tid_1472,2,0.9546882008217566,0.9951515151515153
historical_kmeans4,tid_1473,0,0.7780393907459205,0.8375324002073612
historical_kmeans4,tid_1474,0,0.1390857801750281,0.17506480041472267
historical_kmeans4,tid_1475,2,0.9546882008217566,0.9951515151515153
historical_kmeans4,tid_1477,0,0.8462991808710939,0.913945049248315
historical_kmeans4,tid_1478,1,0.9074038345184295,0.9456876456876455
historical_kmeans4,tid_1480,2,0.9546882008217566,0.9951515151515153
historical_kmeans4,tid_1481,2,0.9546882008217566,0.9951515151515153
historical_kmeans4,tid_1483,0,0.4519252252438037,0.4917055469155002
historical_kmeans4,tid_1484,2,0.9546882008217566,0.9951515151515153
historical_kmeans4,tid_1486,0,0.6770819509741344,0.7287195438050802
historical_kmeans4,tid_1488,2,0.9546882008217566,0.9951515151515153
historical_kmeans4,tid_1489,0,0.8462991808710939,0.913945049248315
historical_kmeans4,tid_1490,0,0.8462991808710939,0.913945049248315
historical_kmeans4,tid_1491,2,0.9220563421589703,0.9624242424242426
historical_kmeans4,tid_1492,0,0.615829697854976,0.6592016588906167
historical_kmeans4,tid_1493,2,0.9546882008217566,0.9951515151515153
historical_kmeans4,tid_1494,1,0.9074038345184295,0.9456876456876455
historical_kmeans4,tid_1495,0,0.8462991808710939,0.913945049248315
historical_kmeans4,tid_1496,0,0.10544187789388994,0.11741835147744945
historical_kmeans4,tid_15,0,0.82494164648126,0.8893208916537064
historical_kmeans4,tid_1500,2,0.9546882008217566,0.9951515151515153
historical_kmeans4,tid_1501,2,0.9546882008217566,0.9951515151515153
historical_kmeans4,tid_1504,0,0.6770819509741344,0.7287195438050802
historical_kmeans4,tid_1506,2,0.9229547057903892,0.962770562770563
historical_kmeans4,tid_1507,0,0.8462991808710939,0.913945049248315
historical_kmeans4,tid_1508,0,0.8462991808710939,0.913945049248315
historical_kmeans4,tid_1509,0,0.8462991808710939,0.913945049248315
historical_kmeans4,tid_1510,1,0.8182876979289833,0.8559440559440559
historical_kmeans4,tid_1511,0,0.8462991808710939,0.913945049248315
historical_kmeans4,tid_1512,1,0.7565928697241995,0.7925796425796426
historical_kmeans4,tid_1518,0,0.7278028346296183,0.7848626231207878
historical_kmeans4,tid_1519,0,0.8462991808710939,0.913945049248315
historical_kmeans4,tid_1520,1,0.9074038345184295,0.9456876456876455
historical_kmeans4,tid_1521,0,0.8462991808710939,0.913945049248315
historical_kmeans4,tid_1522,1,0.9074038345184295,0.9456876456876455
historical_kmeans4,tid_1523,2,0.9546882008217566,0.9951515151515153
historical_kmeans4,tid_1525,0,0.8462991808710939,0.913945049248315
historical_kmeans4,tid_1526,0,0.8462991808710939,0.913945049248315
historical_kmeans4,tid_1527,0,0.82494164648126,0.8893208916537064
historical_kmeans4,tid_1528,1,0.9074038345184295,0.9456876456876455
historical_kmeans4,tid_1529,1,0.9074038345184295,0.9456876456876455
historical_kmeans4,tid_1530,1,0.9074038345184295,0.9456876456876455
historical_kmeans4,tid_1532,0,0.7184075958191791,0.771902540176257
historical_kmeans4,tid_1533,1,0.9074038345184295,0.9456876456876455
historical_kmeans4,tid_1534,1,0.9074038345184295,0.9456876456876455
historical_kmeans4,tid_1535,1,0.9074038345184295,0.9456876456876455
historical_kmeans4,tid_1536,1,0.9074038345184295,0.9456876456876455
historical_kmeans4,tid_1537,1,0.9074038345184295,0.9456876456876455
historical_kmeans4,tid_1539,0,0.8250518805393875,0.8895282529808188
historical_kmeans4,tid_1540,0,0.8462991808710939,0.913945049248315
historical_kmeans4,tid_1541,1,0.9074038345184295,0.9456876456876455
historical_kmeans4,tid_1542,1,0.9074038345184295,0.9456876456876455
historical_kmeans4,tid_1543,1,0.9074038345184295,0.9456876456876455
historical_kmeans4,tid_1544,1,0.9074038345184295,0.9456876456876455
historical_kmeans4,tid_1545,1,0.9074038345184295,0.9456876456876455
historical_kmeans4,tid_1546,1,0.9074038345184295,0.9456876456876455
historical_kmeans4,tid_1547,1,0.9074038345184295,0.9456876456876455
historical_kmeans4,tid_1548,1,0.9074038345184295,0.9456876456876455
historical_kmeans4,tid_1549,1,0.9074038345184295,0.9456876456876455
historical_kmeans4,tid_1550,1,0.9074038345184295,0.9456876456876455
historical_kmeans4,tid_1551,1,0.9074038345184295,0.9456876456876455
historical_kmeans4,tid_1552,1,0.9074038345184295,0.9456876456876455
historical_kmeans4,tid_1553,0,0.8033292349313471,0.8648522550544322
historical_kmeans4,tid_1554,1,0.9074038345184295,0.9456876456876455
historical_kmeans4,tid_1555,1,0.9074038345184295,0.9456876456876455
historical_kmeans4,tid_1556,1,0.9074038345184295,0.9456876456876455
historical_kmeans4,tid_1557,1,0.9074038345184295,0.9456876456876455
historical_kmeans4,tid_1558,0,0.7336500598843144,0.799222395023328
historical_kmeans4,tid_1559,1,0.9074038345184295,0.9456876456876455
historical_kmeans4,tid_1560,2,0.9546882008217566,0.9951515151515153
historical_kmeans4,tid_1561,1,0.9074038345184295,0.9456876456876455
historical_kmeans4,tid_1562,1,0.7611652697513475,0.7945221445221443
historical_kmeans4,tid_1563,0,0.8462991808710939,0.913945049248315
historical_kmeans4,tid_1564,1,0.9074038345184295,0.9456876456876455
historical_kmeans4,tid_1565,0,0.5573441183995492,0.604665629860031
historical_kmeans4,tid_1566,1,0.9074038345184295,0.9456876456876455
historical_kmeans4,tid_1567,1,0.9074038345184295,0.9456876456876455
historical_kmeans4,tid_1568,1,0.9074038345184295,0.9456876456876455
historical_kmeans4,tid_1569,1,0.9074038345184295,0.9456876456876455
historical_kmeans4,tid_1570,1,0.8479953427847647,0.8847319347319347
historical_kmeans4,tid_1571,1,0.878464555164425,0.9152680652680654
historical_kmeans4,tid_1572,0,0.8462991808710939,0.913945049248315
historical_kmeans4,tid_1573,1,0.9074038345184295,0.9456876456876455
historical_kmeans4,tid_1574,1,0.9074038345184295,0.9456876456876455
historical_kmeans4,tid_1575,0,0.825148155983363,0.8888543286677032
historical_kmeans4,tid_1577,0,0.8462991808710939,0.913945049248315
historical_kmeans4,tid_1578,1,0.8786511977085638,0.9171717171717171
historical_kmeans4,tid_1579,1,0.9074038345184295,0.9456876456876455
historical_kmeans4,tid_1580,1,0.9074038345184295,0.9456876456876455
historical_kmeans4,tid_1581,1,0.9074038345184295,0.9456876456876455
historical_kmeans4,tid_1582,1,0.9074038345184295,0.9456876456876455
historical_kmeans4,tid_1583,1,0.9074038345184295,0.9456876456876455
historical_kmeans4,tid_1584,1,0.9074038345184295,0.9456876456876455
historical_kmeans4,tid_1585,1,0.9074038345184295,0.9456876456876455
historical_kmeans4,tid_1586,0,0.8462991808710939,0.913945049248315
historical_kmeans4,tid_1587,1,0.9074038345184295,0.9456876456876455
historical_kmeans4,tid_1588,1,0.9074038345184295,0.9456876456876455
historical_kmeans4,tid_1589,1,0.9074038345184295,0.9456876456876455
historical_kmeans4,tid_1590,1,0.9074038345184295,0.9456876456876455
historical_kmeans4,tid_1591,1,0.9074038345184295,0.9456876456876455
historical_kmeans4,tid_1592,0,0.8247273715959953,0.8897874546397094
historical_kmeans4,tid_1593,1,0.9074038345184295,0.9456876456876455
historical_kmeans4,tid_1594,1,0.9074038345184295,0.9456876456876455
historical_kmeans4,tid_1595,1,0.9074038345184295,0.9456876456876455
historical_kmeans4,tid_1596,1,0.9074038345184295,0.9456876456876455
historical_kmeans4,tid_1597,2,0.9546882008217566,0.9951515151515153
historical_kmeans4,tid_1598,2,0.9546882008217566,0.9951515151515153
historical_kmeans4,tid_1599,0,0.8462991808710939,0.913945049248315
historical_kmeans4,tid_16,0,0.8462991808710939,0.913945049248315
historical_kmeans4,tid_1600,0,0.8462991808710939,0.913945049248315
historical_kmeans4,tid_1601,2,0.9546882008217566,0.9951515151515153
historical_kmeans4,tid_1602,1,0.8780878199989266,0.9153846153846156
historical_kmeans4,tid_1603,0,0.8462991808710939,0.913945049248315
historical_kmeans4,tid_1604,0,0.8462991808710939,0.913945049248315
historical_kmeans4,tid_1605,1,0.9074038345184295,0.9456876456876455
historical_kmeans4,tid_1606,1,0.9074038345184295,0.9456876456876455
historical_kmeans4,tid_1607,1,0.9074038345184295,0.9456876456876455
historical_kmeans4,tid_1608,0,0.4830213924605279,0.545878693623639
historical_kmeans4,tid_1609,0,0.8462991808710939,0.913945049248315
historical_kmeans4,tid_1610,1,0.9074038345184295,0.9456876456876455
historical_kmeans4,tid_1611,1,0.8068288867556677,0.8437451437451438
historical_kmeans4,tid_1612,1,0.9074038345184295,0.9456876456876455
historical_kmeans4,tid_1613,1,0.9074038345184295,0.9456876456876455
historical_kmeans4,tid_1614,1,0.9074038345184295,0.9456876456876455
historical_kmeans4,tid_1615,0,0.8462991808710939,0.913945049248315
historical_kmeans4,tid_1616,1,0.9074038345184295,0.9456876456876455
historical_kmeans4,tid_1617,1,0.9074038345184295,0.9456876456876455
historical_kmeans4,tid_1618,1,0.5798899102438304,0.6094017094017092
historical_kmeans4,tid_1619,1,0.15264760640982847,0.17544677544677548
historical_kmeans4,tid_1620,2,0.9546882008217566,0.9951515151515153
historical_kmeans4,tid_1621,0,0.6211184829056742,0.67817522032141
historical_kmeans4,tid_1622,1,0.9074038345184295,0.9456876456876455
historical_kmeans4,tid_1623,0,0.8462991808710939,0.913945049248315
historical_kmeans4,tid_1624,1,0.9074038345184295,0.9456876456876455
historical_kmeans4,tid_1625,0,0.8462991808710939,0.913945049248315
historical_kmeans4,tid_1626,1,0.9074038345184295,0.9456876456876455
historical_kmeans4,tid_1627,1,0.9074038345184295,0.9456876456876455
historical_kmeans4,tid_1628,1,0.9074038345184295,0.9456876456876455
historical_kmeans4,tid_1629,1,0.8242551770984589,0.8624708624708625
historical_kmeans4,tid_1630,0,0.6188149245276622,0.6821669258683255
historical_kmeans4,tid_1631,1,0.9074038345184295,0.9456876456876455
historical_kmeans4,tid_1632,2,0.9546882008217566,0.9951515151515153
historical_kmeans4,tid_1633,0,0.5403176464624498,0.6029548989113531
historical_kmeans4,tid_1634,1,0.7918359102618201,0.8292152292152293
historical_kmeans4,tid_1635,0,0.33937829934712255,0.3915500259201659
historical_kmeans4,tid_1636,1,0.7446983352217269,0.7775058275058274
historical_kmeans4,tid_1637,1,0.9074038345184295,0.9456876456876455
historical_kmeans4,tid_1638,0,0.7895219254904422,0.8557283566614825
historical_kmeans4,tid_1639,1,0.7786150703190236,0.8154234654234654
historical_kmeans4,tid_1640,1,0.8828898115622008,0.9208624708624707
historical_kmeans4,tid_1641,1,0.9074038345184295,0.9456876456876455
historical_kmeans4,tid_1642,1,0.9074038345184295,0.9456876456876455
historical_kmeans4,tid_1643,1,0.6572425275969028,0.6947940947940947
historical_kmeans4,tid_1644,1,0.9074038345184295,0.9456876456876455
historical_kmeans4,tid_1645,0,0.7376813162372513,0.8039917055469153
historical_kmeans4,tid_1646,1,0.9074038345184295,0.9456876456876455
historical_kmeans4,tid_1647,1,0.8828898115622008,0.9208624708624707
historical_kmeans4,tid_1648,1,0.9074038345184295,0.9456876456876455
historical_kmeans4,tid_1649,1,0.6302013392975986,0.664024864024864
historical_kmeans4,tid_1650,1,0.8830041973497437,0.9210178710178712
historical_kmeans4,tid_1651,1,0.53467336197331,0.566083916083916
historical_kmeans4,tid_1652,0,0.8245055905013167,0.888335925349922
historical_kmeans4,tid_1653,1,0.9074038345184295,0.9456876456876455
historical_kmeans4,tid_1654,0,0.8462991808710939,0.913945049248315
historical_kmeans4,tid_1655,1,0.9074038345184295,0.9456876456876455
historical_kmeans4,tid_1656,1,0.7793440773245035,0.8164335664335665
historical_kmeans4,tid_1657,1,0.9074038345184295,0.9456876456876455
historical_kmeans4,tid_1658,0,0.5112527272075579,0.5731467081389321
historical_kmeans4,tid_1659,0,0.8462991808710939,0.913945049248315
historical_kmeans4,tid_1660,1,0.9074038345184295,0.9456876456876455
historical_kmeans4,tid_1661,1,0.6603611230589507,0.697008547008547
historical_kmeans4,tid_1662,3,0.8388425327864035,0.8859788359788359
historical_kmeans4,tid_1663,1,0.9074038345184295,0.9456876456876455
historical_kmeans4,tid_1664,1,0.9074038345184295,0.9456876456876455
historical_kmeans4,tid_1665,2,0.9546882008217566,0.9951515151515153
historical_kmeans4,tid_1666,0,0.8462991808710939,0.913945049248315
historical_kmeans4,tid_1667,0,0.8462991808710939,0.913945049248315
historical_kmeans4,tid_1668,0,0.8462991808710939,0.913945049248315
historical_kmeans4,tid_1669,1,0.9074038345184295,0.9456876456876455
historical_kmeans4,tid_167,2,0.9546882008217566,0.9951515151515153
historical_kmeans4,tid_1670,0,0.250754807167668,0.28475894245723177
historical_kmeans4,tid_1671,1,0.8768925033492037,0.9145299145299144
historical_kmeans4,tid_1672,0,0.8462991808710939,0.913945049248315
historical_kmeans4,tid_1673,0,0.8462991808710939,0.913945049248315
historical_kmeans4,tid_1674,0,0.8462991808710939,0.913945049248315
historical_kmeans4,tid_1675,0,0.8462991808710939,0.913945049248315
historical_kmeans4,tid_1676,1,0.9074038345184295,0.9456876456876455
historical_kmeans4,tid_1678,1,0.9074038345184295,0.9456876456876455
historical_kmeans4,tid_1679,1,0.9074038345184295,0.9456876456876455
historical_kmeans4,tid_168,2,0.9546882008217566,0.9951515151515153
historical_kmeans4,tid_1680,1,0.6098902388233317,0.6385003885003883
historical_kmeans4,tid_1681,1,0.8197816266201984,0.8543123543123543
historical_kmeans4,tid_1682,0,0.45361087537151107,0.5133748055987558
historical_kmeans4,tid_1683,0,0.8462991808710939,0.913945049248315
historical_kmeans4,tid_1685,1,0.9074038345184295,0.9456876456876455
historical_kmeans4,tid_1686,1,0.9074038345184295,0.9456876456876455
historical_kmeans4,tid_1687,1,0.6582146358478466,0.6936285936285936
historical_kmeans4,tid_1688,1,0.9074038345184295,0.9456876456876455
historical_kmeans4,tid_1689,1,0.8205165658202327,0.8578088578088577
historical_kmeans4,tid_169,2,0.9546882008217566,0.9951515151515153
historical_kmeans4,tid_1690,1,0.9074038345184295,0.9456876456876455
historical_kmeans4,tid_1691,0,0.7647365108478383,0.8277864178330739
historical_kmeans4,tid_1692,1,0.9074038345184295,0.9456876456876455
historical_kmeans4,tid_1693,0,0.8189479131068468,0.8865215137376876
historical_kmeans4,tid_1694,0,0.3109528065579484,0.36397096941420426
historical_kmeans4,tid_1696,1,0.9074038345184295,0.9456876456876455
historical_kmeans4,tid_1697,0,0.47957079444605816,0.5372213582166925
historical_kmeans4,tid_1698,1,0.9074038345184295,0.9456876456876455
historical_kmeans4,tid_1699,1,0.8583150475505223,0.8959984459984459
historical_kmeans4,tid_17,0,0.8462991808710939,0.913945049248315
historical_kmeans4,tid_1700,0,0.8462991808710939,0.913945049248315
historical_kmeans4,tid_1701,1,0.9074038345184295,0.9456876456876455
historical_kmeans4,tid_1702,1,0.9074038345184295,0.9456876456876455
historical_kmeans4,tid_1703,0,0.8462991808710939,0.913945049248315
historical_kmeans4,tid_1704,0,0.8462991808710939,0.913945049248315
historical_kmeans4,tid_1705,1,0.789540712290155,0.8245532245532243
historical_kmeans4,tid_1706,0,0.8245765352630535,0.8892690513219282
historical_kmeans4,tid_1707,0,0.7819970312237517,0.8386210471747018
historical_kmeans4,tid_1708,1,0.5762042369227632,0.6101010101010099
historical_kmeans4,tid_1709,0,0.28012155560401436,0.32182477967858997
historical_kmeans4,tid_1710,1,0.9074038345184295,0.9456876456876455
historical_kmeans4,tid_1711,1,0.9074038345184295,0.9456876456876455
historical_kmeans4,tid_1712,1,0.9074038345184295,0.9456876456876455
historical_kmeans4,tid_1714,1,0.9074038345184295,0.9456876456876455
historical_kmeans4,tid_1715,1,0.9074038345184295,0.9456876456876455
historical_kmeans4,tid_1717,1,0.9074038345184295,0.9456876456876455
historical_kmeans4,tid_1718,1,0.9074038345184295,0.9456876456876455
historical_kmeans4,tid_1719,0,0.8462991808710939,0.913945049248315
historical_kmeans4,tid_1722,1,0.9074038345184295,0.9456876456876455
historical_kmeans4,tid_1724,1,0.9074038345184295,0.9456876456876455
historical_kmeans4,tid_1725,1,0.9074038345184295,0.9456876456876455
historical_kmeans4,tid_1726,0,0.4802467486074581,0.5146189735614307
historical_kmeans4,tid_1727,1,0.9074038345184295,0.9456876456876455
historical_kmeans4,tid_1728,1,0.9074038345184295,0.9456876456876455
historical_kmeans4,tid_173,1,0.6999391668506311,0.7316627816627813
historical_kmeans4,tid_1730,1,0.8504407156820405,0.8878010878010879
historical_kmeans4,tid_1731,1,0.9074038345184295,0.9456876456876455
historical_kmeans4,tid_1732,1,0.9074038345184295,0.9456876456876455
historical_kmeans4,tid_1733,1,0.9074038345184295,0.9456876456876455
historical_kmeans4,tid_1737,1,0.9074038345184295,0.9456876456876455
historical_kmeans4,tid_1738,1,0.9074038345184295,0.9456876456876455
historical_kmeans4,tid_1739,1,0.9074038345184295,0.9456876456876455
historical_kmeans4,tid_1740,0,0.8462991808710939,0.913945049248315
historical_kmeans4,tid_1741,1,0.9074038345184295,0.9456876456876455
historical_kmeans4,tid_1742,0,0.7559426482098498,0.8102125453602902
historical_kmeans4,tid_1743,1,0.9074038345184295,0.9456876456876455
historical_kmeans4,tid_1744,1,0.9074038345184295,0.9456876456876455
historical_kmeans4,tid_1745,1,0.9074038345184295,0.9456876456876455
historical_kmeans4,tid_1746,1,0.9074038345184295,0.9456876456876455
historical_kmeans4,tid_1747,1,0.9074038345184295,0.9456876456876455
historical_kmeans4,tid_1749,1,0.9074038345184295,0.9456876456876455
historical_kmeans4,tid_1750,1,0.9074038345184295,0.9456876456876455
historical_kmeans4,tid_1751,1,0.9074038345184295,0.9456876456876455
historical_kmeans4,tid_1752,0,0.7310190981711876,0.7855365474339034
historical_kmeans4,tid_1753,1,0.9074038345184295,0.9456876456876455
historical_kmeans4,tid_1754,0,0.3948954581245215,0.4517366511145672
historical_kmeans4,tid_1755,1,0.9074038345184295,0.9456876456876455
historical_kmeans4,tid_1756,1,0.9074038345184295,0.9456876456876455
historical_kmeans4,tid_1757,1,0.9074038345184295,0.9456876456876455
historical_kmeans4,tid_1758,2,0.9546882008217566,0.9951515151515153
historical_kmeans4,tid_1759,1,0.9074038345184295,0.9456876456876455
historical_kmeans4,tid_1760,0,0.8462991808710939,0.913945049248315
historical_kmeans4,tid_1761,1,0.9074038345184295,0.9456876456876455
historical_kmeans4,tid_1762,1,0.9074038345184295,0.9456876456876455
historical_kmeans4,tid_1764,0,0.8462991808710939,0.913945049248315
historical_kmeans4,tid_1765,0,0.8462991808710939,0.913945049248315
historical_kmeans4,tid_1766,1,0.9074038345184295,0.9456876456876455
historical_kmeans4,tid_1768,1,0.7717973346611527,0.8094794094794096
historical_kmeans4,tid_1769,1,0.9074038345184295,0.9456876456876455
historical_kmeans4,tid_1770,1,0.9074038345184295,0.9456876456876455
historical_kmeans4,tid_1771,1,0.9074038345184295,0.9456876456876455
historical_kmeans4,tid_1773,1,0.9074038345184295,0.9456876456876455
historical_kmeans4,tid_1774,1,0.9074038345184295,0.9456876456876455
historical_kmeans4,tid_1775,1,0.9074038345184295,0.9456876456876455
historical_kmeans4,tid_1776,1,0.9074038345184295,0.9456876456876455
historical_kmeans4,tid_1777,1,0.9074038345184295,0.9456876456876455
historical_kmeans4,tid_1778,0,0.6228294816639639,0.6871954380508035
historical_kmeans4,tid_1780,1,0.9074038345184295,0.9456876456876455
historical_kmeans4,tid_1781,1,0.9074038345184295,0.9456876456876455
historical_kmeans4,tid_1782,1,0.9074038345184295,0.9456876456876455
historical_kmeans4,tid_1783,2,0.8580913538603273,0.8973160173160175
historical_kmeans4,tid_1784,1,0.9074038345184295,0.9456876456876455
historical_kmeans4,tid_1785,1,0.9074038345184295,0.9456876456876455
historical_kmeans4,tid_1786,1,0.9074038345184295,0.9456876456876455
historical_kmeans4,tid_1787,1,0.9074038345184295,0.9456876456876455
historical_kmeans4,tid_1788,1,0.9074038345184295,0.9456876456876455
historical_kmeans4,tid_18,0,0.8462991808710939,0.913945049248315
historical_kmeans4,tid_181,1,0.9074038345184295,0.9456876456876455
historical_kmeans4,tid_184,1,0.9074038345184295,0.9456876456876455
historical_kmeans4,tid_1845,2,0.9546882008217566,0.9951515151515153
historical_kmeans4,tid_1846,1,0.7595932179361261,0.7937839937839936
historical_kmeans4,tid_1848,1,0.9074038345184295,0.9456876456876455
historical_kmeans4,tid_1849,1,0.9074038345184295,0.9456876456876455
historical_kmeans4,tid_185,2,0.9546882008217566,0.9951515151515153
historical_kmeans4,tid_1850,1,0.9074038345184295,0.9456876456876455
historical_kmeans4,tid_1851,1,0.9074038345184295,0.9456876456876455
historical_kmeans4,tid_1852,1,0.9074038345184295,0.9456876456876455
historical_kmeans4,tid_1853,1,0.9074038345184295,0.9456876456876455
historical_kmeans4,tid_1854,1,0.9074038345184295,0.9456876456876455
historical_kmeans4,tid_1855,1,0.9074038345184295,0.9456876456876455
historical_kmeans4,tid_1856,1,0.9074038345184295,0.9456876456876455
historical_kmeans4,tid_1857,1,0.9074038345184295,0.9456876456876455
historical_kmeans4,tid_1858,1,0.9074038345184295,0.9456876456876455
historical_kmeans4,tid_1859,1,0.9074038345184295,0.9456876456876455
historical_kmeans4,tid_1860,1,0.9074038345184295,0.9456876456876455
historical_kmeans4,tid_1861,1,0.9074038345184295,0.9456876456876455
historical_kmeans4,tid_1862,1,0.9074038345184295,0.9456876456876455
historical_kmeans4,tid_1863,0,0.8462991808710939,0.913945049248315
historical_kmeans4,tid_1864,1,0.9074038345184295,0.9456876456876455
historical_kmeans4,tid_1865,1,0.9074038345184295,0.9456876456876455
historical_kmeans4,tid_1868,1,0.9074038345184295,0.9456876456876455
historical_kmeans4,tid_1869,1,0.9074038345184295,0.9456876456876455
historical_kmeans4,tid_1870,1,0.9074038345184295,0.9456876456876455
historical_kmeans4,tid_1871,1,0.9074038345184295,0.9456876456876455
historical_kmeans4,tid_1872,1,0.9074038345184295,0.9456876456876455
historical_kmeans4,tid_1873,1,0.9074038345184295,0.9456876456876455
historical_kmeans4,tid_1874,2,0.9546882008217566,0.9951515151515153
historical_kmeans4,tid_1875,0,0.8462991808710939,0.913945049248315
historical_kmeans4,tid_1876,0,0.8462991808710939,0.913945049248315
historical_kmeans4,tid_1877,0,0.5032615008684593,0.5446863659927424
historical_kmeans4,tid_1878,1,0.9074038345184295,0.9456876456876455
historical_kmeans4,tid_1879,0,0.7564675814708219,0.8133748055987556
historical_kmeans4,tid_188,0,0.5624323646744204,0.6111975116640747
historical_kmeans4,tid_1880,1,0.5193266962543232,0.547008547008547
historical_kmeans4,tid_1881,0,0.8462991808710939,0.913945049248315
historical_kmeans4,tid_1883,0,0.7564675814708219,0.8133748055987556
historical_kmeans4,tid_1884,1,0.9074038345184295,0.9456876456876455
historical_kmeans4,tid_1885,1,0.9074038345184295,0.9456876456876455
historical_kmeans4,tid_1886,1,0.9074038345184295,0.9456876456876455
historical_kmeans4,tid_1887,1,0.4577408333072296,0.4829059829059828
historical_kmeans4,tid_1888,1,0.9074038345184295,0.9456876456876455
historical_kmeans4,tid_1889,1,0.9074038345184295,0.9456876456876455
historical_kmeans4,tid_1890,0,0.2174312805736132,0.2401762571280456
historical_kmeans4,tid_1891,1,0.9074038345184295,0.9456876456876455
historical_kmeans4,tid_1892,1,0.9074038345184295,0.9456876456876455
historical_kmeans4,tid_1893,0,0.8462991808710939,0.913945049248315
historical_kmeans4,tid_1894,1,0.9074038345184295,0.9456876456876455
historical_kmeans4,tid_1895,1,0.9074038345184295,0.9456876456876455
historical_kmeans4,tid_1896,1,0.9074038345184295,0.9456876456876455
historical_kmeans4,tid_1897,1,0.9074038345184295,0.9456876456876455
historical_kmeans4,tid_1898,1,0.9074038345184295,0.9456876456876455
historical_kmeans4,tid_1899,0,0.08331722982318641,0.11404872991187141
historical_kmeans4,tid_19,1,0.9074038345184295,0.9456876456876455
historical_kmeans4,tid_1900,1,0.9074038345184295,0.9456876456876455
historical_kmeans4,tid_1901,1,0.9074038345184295,0.9456876456876455
historical_kmeans4,tid_1902,1,0.9074038345184295,0.9456876456876455
historical_kmeans4,tid_1903,1,0.9074038345184295,0.9456876456876455
historical_kmeans4,tid_1904,0,0.8462991808710939,0.913945049248315
historical_kmeans4,tid_1905,0,0.8462991808710939,0.913945049248315
historical_kmeans4,tid_1906,0,0.8462991808710939,0.913945049248315
historical_kmeans4,tid_1907,1,0.9074038345184295,0.9456876456876455
historical_kmeans4,tid_1908,1,0.9074038345184295,0.9456876456876455
historical_kmeans4,tid_1909,1,0.9074038345184295,0.9456876456876455
historical_kmeans4,tid_191,0,0.6195831791935162,0.6592016588906169
historical_kmeans4,tid_1910,1,0.9074038345184295,0.9456876456876455
historical_kmeans4,tid_1912,1,0.9074038345184295,0.9456876456876455
historical_kmeans4,tid_1915,1,0.9074038345184295,0.9456876456876455
historical_kmeans4,tid_1916,1,0.9074038345184295,0.9456876456876455
historical_kmeans4,tid_1917,1,0.9074038345184295,0.9456876456876455
historical_kmeans4,tid_1918,1,0.9074038345184295,0.9456876456876455
historical_kmeans4,tid_1919,0,0.8462991808710939,0.913945049248315
historical_kmeans4,tid_1920,0,0.8462991808710939,0.913945049248315
historical_kmeans4,tid_1921,1,0.9074038345184295,0.9456876456876455
historical_kmeans4,tid_1922,0,0.8462991808710939,0.913945049248315
historical_kmeans4,tid_1923,1,0.9074038345184295,0.9456876456876455
historical_kmeans4,tid_1924,0,0.5358718583752666,0.5772420943494035
historical_kmeans4,tid_1925,1,0.9074038345184295,0.9456876456876455
historical_kmeans4,tid_1926,1,0.9074038345184295,0.9456876456876455
historical_kmeans4,tid_1927,0,0.7563089423566141,0.8128564022809744
historical_kmeans4,tid_1928,1,0.9074038345184295,0.9456876456876455
historical_kmeans4,tid_1929,1,0.9074038345184295,0.9456876456876455
historical_kmeans4,tid_1930,1,0.9074038345184295,0.9456876456876455
historical_kmeans4,tid_1931,1,0.9074038345184295,0.9456876456876455
historical_kmeans4,tid_1932,1,0.8771581433343244,0.9158119658119659
historical_kmeans4,tid_1933,1,0.9074038345184295,0.9456876456876455
historical_kmeans4,tid_1934,0,0.7018103709214654,0.7551062726801451
historical_kmeans4,tid_1935,1,0.9074038345184295,0.9456876456876455
historical_kmeans4,tid_1936,0,0.7052990786893149,0.7522550544323483
historical_kmeans4,tid_1937,1,0.9074038345184295,0.9456876456876455
historical_kmeans4,tid_1938,1,0.9074038345184295,0.9456876456876455
historical_kmeans4,tid_1939,1,0.6992661043884272,0.7373737373737372
historical_kmeans4,tid_194,2,0.9546882008217566,0.9951515151515153
historical_kmeans4,tid_1940,1,0.9074038345184295,0.9456876456876455
historical_kmeans4,tid_1941,1,0.9074038345184295,0.9456876456876455
historical_kmeans4,tid_1942,1,0.9074038345184295,0.9456876456876455
historical_kmeans4,tid_1943,1,0.9074038345184295,0.9456876456876455
historical_kmeans4,tid_1944,1,0.9074038345184295,0.9456876456876455
historical_kmeans4,tid_1945,1,0.9074038345184295,0.9456876456876455
historical_kmeans4,tid_1947,1,0.9074038345184295,0.9456876456876455
historical_kmeans4,tid_1948,1,0.8068288867556677,0.8437451437451438
historical_kmeans4,tid_1949,1,0.9074038345184295,0.9456876456876455
historical_kmeans4,tid_195,2,0.9546882008217566,0.9951515151515153
historical_kmeans4,tid_1950,1,0.9074038345184295,0.9456876456876455
historical_kmeans4,tid_1951,1,0.9074038345184295,0.9456876456876455
historical_kmeans4,tid_1952,2,0.9546882008217566,0.9951515151515153
historical_kmeans4,tid_1954,3,0.8662115613866224,0.9164021164021161
historical_kmeans4,tid_1955,3,0.8662115613866224,0.9164021164021161
historical_kmeans4,tid_1956,3,0.8662115613866224,0.9164021164021161
historical_kmeans4,tid_1957,3,0.8662115613866224,0.9164021164021161
historical_kmeans4,tid_1958,3,0.8662115613866224,0.9164021164021161
historical_kmeans4,tid_1959,3,0.8662115613866224,0.9164021164021161
historical_kmeans4,tid_196,2,0.9546882008217566,0.9951515151515153
historical_kmeans4,tid_1960,3,0.7162289913682529,0.7965608465608462
historical_kmeans4,tid_1961,0,0.7402311086200914,0.7969414204250908
historical_kmeans4,tid_1962,3,0.8662115613866224,0.9164021164021161
historical_kmeans4,tid_1963,3,0.8662115613866224,0.9164021164021161
historical_kmeans4,tid_1965,3,0.8662115613866224,0.9164021164021161
historical_kmeans4,tid_1966,3,0.8662115613866224,0.9164021164021161
historical_kmeans4,tid_1967,3,0.8662115613866224,0.9164021164021161
historical_kmeans4,tid_1968,3,0.8662115613866224,0.9164021164021161
historical_kmeans4,tid_1969,3,0.8662115613866224,0.9164021164021161
historical_kmeans4,tid_1970,3,0.8662115613866224,0.9164021164021161
historical_kmeans4,tid_1971,2,0.9546882008217566,0.9951515151515153
historical_kmeans4,tid_1972,0,0.8462991808710939,0.913945049248315
historical_kmeans4,tid_1973,1,0.6016623650262827,0.6377233877233878
historical_kmeans4,tid_1974,0,0.8462991808710939,0.913945049248315
historical_kmeans4,tid_1975,1,0.8786511977085638,0.9171717171717171
historical_kmeans4,tid_1976,1,0.9074038345184295,0.9456876456876455
historical_kmeans4,tid_1977,2,0.9546882008217566,0.9951515151515153
historical_kmeans4,tid_1978,0,0.8462991808710939,0.913945049248315
historical_kmeans4,tid_1979,2,0.9546882008217566,0.9951515151515153
historical_kmeans4,tid_198,2,0.9546882008217566,0.9951515151515153
historical_kmeans4,tid_1980,0,0.8462991808710939,0.913945049248315
historical_kmeans4,tid_1981,0,0.8462991808710939,0.913945049248315
historical_kmeans4,tid_1982,0,0.8462991808710939,0.913945049248315
historical_kmeans4,tid_1983,1,0.43388525685096707,0.4646076146076145
historical_kmeans4,tid_1984,1,0.9074038345184295,0.9456876456876455
historical_kmeans4,tid_1985,0,0.8462991808710939,0.913945049248315
historical_kmeans4,tid_1986,0,0.8462991808710939,0.913945049248315
historical_kmeans4,tid_1987,0,0.8462991808710939,0.913945049248315
historical_kmeans4,tid_1988,1,0.8786511977085638,0.9171717171717171
historical_kmeans4,tid_1989,1,0.9074038345184295,0.9456876456876455
historical_kmeans4,tid_1990,0,0.8462991808710939,0.913945049248315
historical_kmeans4,tid_1991,0,0.5695344653499272,0.6324520476931053
historical_kmeans4,tid_1992,1,0.8786511977085638,0.9171717171717171
historical_kmeans4,tid_1993,0,0.8462991808710939,0.913945049248315
historical_kmeans4,tid_1994,1,0.9074038345184295,0.9456876456876455
historical_kmeans4,tid_1995,0,0.8462991808710939,0.913945049248315
historical_kmeans4,tid_1996,0,0.3938289556581604,0.45121824779678593
historical_kmeans4,tid_1997,1,0.9074038345184295,0.9456876456876455
historical_kmeans4,tid_1999,0,0.8462991808710939,0.913945049248315
historical_kmeans4,tid_2,2,0.9546882008217566,0.9951515151515153
historical_kmeans4,tid_20,0,0.8462991808710939,0.913945049248315
historical_kmeans4,tid_2000,0,0.6742741456389951,0.7208398133748055
historical_kmeans4,tid_2001,1,0.658738916381263,0.695104895104895
historical_kmeans4,tid_2002,0,0.8462991808710939,0.913945049248315
historical_kmeans4,tid_2004,0,0.7570750392609435,0.8104199066874027
historical_kmeans4,tid_2005,0,0.8462991808710939,0.913945049248315
historical_kmeans4,tid_2006,0,0.8462991808710939,0.913945049248315
historical_kmeans4,tid_2007,1,0.9074038345184295,0.9456876456876455
historical_kmeans4,tid_2008,0,0.8462991808710939,0.913945049248315
historical_kmeans4,tid_2009,1,0.9074038345184295,0.9456876456876455
historical_kmeans4,tid_201,2,0.9546882008217566,0.9951515151515153
historical_kmeans4,tid_2010,0,0.8462991808710939,0.913945049248315
historical_kmeans4,tid_2011,0,0.8462991808710939,0.913945049248315
historical_kmeans4,tid_2012,0,0.8462991808710939,0.913945049248315
historical_kmeans4,tid_2015,1,0.9074038345184295,0.9456876456876455
historical_kmeans4,tid_2017,0,0.8462991808710939,0.913945049248315
historical_kmeans4,tid_2018,1,0.7223809584881145,0.7585470085470085
historical_kmeans4,tid_2019,0,0.8462991808710939,0.913945049248315
historical_kmeans4,tid_2021,0,0.8462991808710939,0.913945049248315
historical_kmeans4,tid_2022,1,0.8237403088283161,0.8590520590520592
historical_kmeans4,tid_2023,1,0.7793440773245035,0.8164335664335665
historical_kmeans4,tid_2024,0,0.8462991808710939,0.913945049248315
historical_kmeans4,tid_2025,3,0.2706649139118385,0.33148148148148143
historical_kmeans4,tid_2027,1,0.8830041973497437,0.9210178710178712
historical_kmeans4,tid_2028,1,0.9074038345184295,0.9456876456876455
historical_kmeans4,tid_203,1,0.9074038345184295,0.9456876456876455
historical_kmeans4,tid_2030,0,0.8187306527401644,0.8861586314152409
historical_kmeans4,tid_2031,1,0.9074038345184295,0.9456876456876455
historical_kmeans4,tid_2032,0,0.8462991808710939,0.913945049248315
historical_kmeans4,tid_2033,0,0.8462991808710939,0.913945049248315
historical_kmeans4,tid_2034,0,0.8462991808710939,0.913945049248315
historical_kmeans4,tid_2035,1,0.9074038345184295,0.9456876456876455
historical_kmeans4,tid_2036,1,0.8338010245942936,0.8711732711732711
historical_kmeans4,tid_2037,1,0.9074038345184295,0.9456876456876455
historical_kmeans4,tid_2039,1,0.9074038345184295,0.9456876456876455
historical_kmeans4,tid_204,2,0.9546882008217566,0.9951515151515153
historical_kmeans4,tid_2040,0,0.8462991808710939,0.913945049248315
historical_kmeans4,tid_2041,1,0.6031125648641431,0.6383449883449883
historical_kmeans4,tid_2042,1,0.9074038345184295,0.9456876456876455
historical_kmeans4,tid_2043,1,0.8539936748075477,0.8911421911421912
historical_kmeans4,tid_2044,2,0.8908291549862315,0.9296969696969699
historical_kmeans4,tid_2045,1,0.9074038345184295,0.9456876456876455
historical_kmeans4,tid_2046,1,0.9074038345184295,0.9456876456876455
historical_kmeans4,tid_2047,0,0.8462991808710939,0.913945049248315
historical_kmeans4,tid_2048,0,0.6199374842233525,0.6686365992742352
historical_kmeans4,tid_2049,1,0.9074038345184295,0.9456876456876455
historical_kmeans4,tid_205,2,0.9546882008217566,0.9951515151515153
historical_kmeans4,tid_2050,1,0.9074038345184295,0.9456876456876455
historical_kmeans4,tid_2051,1,0.9074038345184295,0.9456876456876455
historical_kmeans4,tid_2052,1,0.9074038345184295,0.9456876456876455
historical_kmeans4,tid_2053,1,0.9074038345184295,0.9456876456876455
historical_kmeans4,tid_2054,1,0.9074038345184295,0.9456876456876455
historical_kmeans4,tid_2055,1,0.9074038345184295,0.9456876456876455
historical_kmeans4,tid_2056,1,0.9074038345184295,0.9456876456876455
historical_kmeans4,tid_2057,1,0.9074038345184295,0.9456876456876455
historical_kmeans4,tid_2058,1,0.9074038345184295,0.9456876456876455
historical_kmeans4,tid_2059,1,0.9074038345184295,0.9456876456876455
historical_kmeans4,tid_206,2,0.9546882008217566,0.9951515151515153
historical_kmeans4,tid_2060,0,0.8462991808710939,0.913945049248315
historical_kmeans4,tid_2061,0,0.7723203786500078,0.833644375324002
historical_kmeans4,tid_2062,0,0.7982124479755495,0.863089683773976
historical_kmeans4,tid_2063,0,0.7819970312237517,0.8386210471747018
historical_kmeans4,tid_2064,1,0.9074038345184295,0.9456876456876455
historical_kmeans4,tid_2065,1,0.9074038345184295,0.9456876456876455
historical_kmeans4,tid_2066,1,0.9074038345184295,0.9456876456876455
historical_kmeans4,tid_2067,1,0.9074038345184295,0.9456876456876455
historical_kmeans4,tid_2068,1,0.9074038345184295,0.9456876456876455
historical_kmeans4,tid_2069,1,0.5987053718282872,0.6335664335664334
historical_kmeans4,tid_207,0,0.8462991808710939,0.913945049248315
historical_kmeans4,tid_2070,1,0.8786511977085638,0.9171717171717171
historical_kmeans4,tid_2072,1,0.9074038345184295,0.9456876456876455
historical_kmeans4,tid_2073,1,0.9074038345184295,0.9456876456876455
historical_kmeans4,tid_2074,0,0.8462991808710939,0.913945049248315
historical_kmeans4,tid_2075,1,0.9074038345184295,0.9456876456876455
historical_kmeans4,tid_2076,0,0.7057466978153378,0.7572317262830481
historical_kmeans4,tid_2077,1,0.9074038345184295,0.9456876456876455
historical_kmeans4,tid_2078,1,0.9074038345184295,0.9456876456876455
historical_kmeans4,tid_2079,1,0.9074038345184295,0.9456876456876455
historical_kmeans4,tid_208,1,0.9074038345184295,0.9456876456876455
historical_kmeans4,tid_2080,1,0.9074038345184295,0.9456876456876455
historical_kmeans4,tid_2081,1,0.9074038345184295,0.9456876456876455
historical_kmeans4,tid_2082,1,0.9074038345184295,0.9456876456876455
historical_kmeans4,tid_2085,1,0.9074038345184295,0.9456876456876455
historical_kmeans4,tid_2087,1,0.9074038345184295,0.9456876456876455
historical_kmeans4,tid_2088,1,0.9074038345184295,0.9456876456876455
historical_kmeans4,tid_2089,1,0.7575735795818057,0.7911033411033409
historical_kmeans4,tid_209,1,0.33638498494449226,0.3610722610722611
historical_kmeans4,tid_2090,1,0.9074038345184295,0.9456876456876455
historical_kmeans4,tid_2091,1,0.9074038345184295,0.9456876456876455
historical_kmeans4,tid_2093,0,0.5333769126021892,0.5740279937791599
historical_kmeans4,tid_2094,1,0.9074038345184295,0.9456876456876455
historical_kmeans4,tid_2095,1,0.9074038345184295,0.9456876456876455
historical_kmeans4,tid_2096,1,0.9074038345184295,0.9456876456876455
historical_kmeans4,tid_2098,1,0.9074038345184295,0.9456876456876455
historical_kmeans4,tid_21,2,0.9546882008217566,0.9951515151515153
historical_kmeans4,tid_210,1,0.9074038345184295,0.9456876456876455
historical_kmeans4,tid_2100,1,0.9074038345184295,0.9456876456876455
historical_kmeans4,tid_2101,2,0.9546882008217566,0.9951515151515153
historical_kmeans4,tid_2105,1,0.9074038345184295,0.9456876456876455
historical_kmeans4,tid_2108,0,0.7023543513299839,0.7570243649559355
historical_kmeans4,tid_2109,1,0.8481398665393379,0.8860139860139858
historical_kmeans4,tid_211,0,0.5951265330387888,0.6586832555728357
historical_kmeans4,tid_2110,1,0.9074038345184295,0.9456876456876455
historical_kmeans4,tid_2111,1,0.9074038345184295,0.9456876456876455
historical_kmeans4,tid_2112,1,0.9074038345184295,0.9456876456876455
historical_kmeans4,tid_2113,1,0.9074038345184295,0.9456876456876455
historical_kmeans4,tid_2114,1,0.9074038345184295,0.9456876456876455
historical_kmeans4,tid_2116,1,0.9074038345184295,0.9456876456876455
historical_kmeans4,tid_2117,1,0.9074038345184295,0.9456876456876455
historical_kmeans4,tid_2118,1,0.9074038345184295,0.9456876456876455
historical_kmeans4,tid_2119,0,0.6219218573680328,0.66464489372732
historical_kmeans4,tid_212,1,0.9074038345184295,0.9456876456876455
historical_kmeans4,tid_2120,1,0.9074038345184295,0.9456876456876455
historical_kmeans4,tid_2121,1,0.9074038345184295,0.9456876456876455
historical_kmeans4,tid_2122,1,0.9074038345184295,0.9456876456876455
historical_kmeans4,tid_2124,0,0.6510127734984871,0.6998963193364437
historical_kmeans4,tid_2125,1,0.9074038345184295,0.9456876456876455
historical_kmeans4,tid_2126,1,0.9074038345184295,0.9456876456876455
historical_kmeans4,tid_2127,1,0.9074038345184295,0.9456876456876455
historical_kmeans4,tid_2128,1,0.9074038345184295,0.9456876456876455
historical_kmeans4,tid_2129,1,0.9074038345184295,0.9456876456876455
historical_kmeans4,tid_213,1,0.9074038345184295,0.9456876456876455
historical_kmeans4,tid_2130,1,0.9074038345184295,0.9456876456876455
historical_kmeans4,tid_2131,1,0.9074038345184295,0.9456876456876455
historical_kmeans4,tid_2132,1,0.9074038345184295,0.9456876456876455
historical_kmeans4,tid_2133,1,0.9074038345184295,0.9456876456876455
historical_kmeans4,tid_2134,1,0.9074038345184295,0.9456876456876455
historical_kmeans4,tid_2136,1,0.9074038345184295,0.9456876456876455
historical_kmeans4,tid_2137,1,0.9074038345184295,0.9456876456876455
historical_kmeans4,tid_2138,1,0.9074038345184295,0.9456876456876455
historical_kmeans4,tid_2139,1,0.9074038345184295,0.9456876456876455
historical_kmeans4,tid_214,1,0.9074038345184295,0.9456876456876455
historical_kmeans4,tid_2140,1,0.9074038345184295,0.9456876456876455
historical_kmeans4,tid_2142,1,0.9074038345184295,0.9456876456876455
historical_kmeans4,tid_2143,1,0.9074038345184295,0.9456876456876455
historical_kmeans4,tid_2144,2,0.9546882008217566,0.9951515151515153
historical_kmeans4,tid_2145,1,0.9074038345184295,0.9456876456876455
historical_kmeans4,tid_2146,0,0.8197842572506481,0.8872472783825814
historical_kmeans4,tid_2148,3,0.6554893999901231,0.7365079365079363
historical_kmeans4,tid_2149,1,0.5430920928416233,0.5781274281274281
historical_kmeans4,tid_215,1,0.9074038345184295,0.9456876456876455
historical_kmeans4,tid_2150,1,0.9074038345184295,0.9456876456876455
historical_kmeans4,tid_2151,1,0.9074038345184295,0.9456876456876455
historical_kmeans4,tid_2152,1,0.9074038345184295,0.9456876456876455
historical_kmeans4,tid_2153,1,0.9074038345184295,0.9456876456876455
historical_kmeans4,tid_2154,1,0.9074038345184295,0.9456876456876455
historical_kmeans4,tid_2155,1,0.7793440773245035,0.8164335664335665
historical_kmeans4,tid_2156,1,0.9074038345184295,0.9456876456876455
historical_kmeans4,tid_2157,1,0.9074038345184295,0.9456876456876455
historical_kmeans4,tid_2158,1,0.9074038345184295,0.9456876456876455
historical_kmeans4,tid_2159,1,0.9074038345184295,0.9456876456876455
historical_kmeans4,tid_216,1,0.9074038345184295,0.9456876456876455
historical_kmeans4,tid_2160,1,0.9074038345184295,0.9456876456876455
historical_kmeans4,tid_2161,2,0.9546882008217566,0.9951515151515153
historical_kmeans4,tid_2162,1,0.9074038345184295,0.9456876456876455
historical_kmeans4,tid_2163,1,0.8068288867556677,0.8437451437451438
historical_kmeans4,tid_2164,2,0.9546882008217566,0.9951515151515153
historical_kmeans4,tid_2165,0,0.6199374842233525,0.6686365992742352
historical_kmeans4,tid_2167,0,0.7817574256562485,0.8406946604458267
historical_kmeans4,tid_2168,0,0.7310190981711876,0.7855365474339034
historical_kmeans4,tid_2169,0,0.82494164648126,0.8893208916537064
historical_kmeans4,tid_217,1,0.9074038345184295,0.9456876456876455
historical_kmeans4,tid_2171,1,0.9074038345184295,0.9456876456876455
historical_kmeans4,tid_2172,1,0.9074038345184295,0.9456876456876455
historical_kmeans4,tid_2173,1,0.6677616638049274,0.6998057498057496
historical_kmeans4,tid_2174,1,0.9074038345184295,0.9456876456876455
historical_kmeans4,tid_2175,1,0.9074038345184295,0.9456876456876455
historical_kmeans4,tid_2176,1,0.9074038345184295,0.9456876456876455
historical_kmeans4,tid_2177,0,0.5032923313738885,0.5444790046656298
historical_kmeans4,tid_2178,1,0.9074038345184295,0.9456876456876455
historical_kmeans4,tid_2179,1,0.9074038345184295,0.9456876456876455
historical_kmeans4,tid_218,0,0.8462991808710939,0.913945049248315
historical_kmeans4,tid_2180,1,0.9074038345184295,0.9456876456876455
historical_kmeans4,tid_2181,1,0.9074038345184295,0.9456876456876455
historical_kmeans4,tid_2182,1,0.9074038345184295,0.9456876456876455
historical_kmeans4,tid_2183,1,0.9074038345184295,0.9456876456876455
historical_kmeans4,tid_2184,1,0.9074038345184295,0.9456876456876455
historical_kmeans4,tid_2185,1,0.9074038345184295,0.9456876456876455
historical_kmeans4,tid_2186,0,0.6228705487151259,0.6699844479004664
historical_kmeans4,tid_2187,1,0.9074038345184295,0.9456876456876455
historical_kmeans4,tid_2188,0,0.7278028346296183,0.7848626231207878
historical_kmeans4,tid_2189,1,0.9074038345184295,0.9456876456876455
historical_kmeans4,tid_219,1,0.9074038345184295,0.9456876456876455
historical_kmeans4,tid_2190,2,0.9546882008217566,0.9951515151515153
historical_kmeans4,tid_2191,0,0.8462991808710939,0.913945049248315
historical_kmeans4,tid_2192,0,0.8462991808710939,0.913945049248315
historical_kmeans4,tid_2193,0,0.7281471836484518,0.7797822706065318
historical_kmeans4,tid_2194,0,0.8462991808710939,0.913945049248315
historical_kmeans4,tid_2195,0,0.8462991808710939,0.913945049248315
historical_kmeans4,tid_2196,1,0.9074038345184295,0.9456876456876455
historical_kmeans4,tid_2197,1,0.9074038345184295,0.9456876456876455
historical_kmeans4,tid_2198,1,0.9074038345184295,0.9456876456876455
historical_kmeans4,tid_2199,0,0.8462991808710939,0.913945049248315
historical_kmeans4,tid_22,0,0.6247285429552207,0.6892172109901503
historical_kmeans4,tid_220,1,0.9074038345184295,0.9456876456876455
historical_kmeans4,tid_2200,1,0.7457902573306845,0.7832944832944833
historical_kmeans4,tid_2201,0,0.8462991808710939,0.913945049248315
historical_kmeans4,tid_2202,0,0.8462991808710939,0.913945049248315
historical_kmeans4,tid_2203,0,0.8462991808710939,0.913945049248315
historical_kmeans4,tid_2204,1,0.9074038345184295,0.9456876456876455
historical_kmeans4,tid_2205,1,0.7793440773245035,0.8164335664335665
historical_kmeans4,tid_2206,0,0.593196320680957,0.6577501296008295
historical_kmeans4,tid_2207,1,0.9074038345184295,0.9456876456876455
historical_kmeans4,tid_2208,1,0.24301378721521655,0.2687645687645688
historical_kmeans4,tid_221,1,0.9074038345184295,0.9456876456876455
historical_kmeans4,tid_2210,2,0.9546882008217566,0.9951515151515153
historical_kmeans4,tid_2211,1,0.9074038345184295,0.9456876456876455
historical_kmeans4,tid_2212,1,0.7497928176816437,0.7867521367521367
historical_kmeans4,tid_2213,1,0.9074038345184295,0.9456876456876455
historical_kmeans4,tid_2215,0,0.8190123692150014,0.8850181441161221
historical_kmeans4,tid_2216,2,0.9546882008217566,0.9951515151515153
historical_kmeans4,tid_2217,0,0.82494164648126,0.8893208916537064
historical_kmeans4,tid_2218,0,0.8462991808710939,0.913945049248315
historical_kmeans4,tid_2219,0,0.8462991808710939,0.913945049248315
historical_kmeans4,tid_222,0,0.8462991808710939,0.913945049248315
historical_kmeans4,tid_2220,0,0.7972645811880816,0.8597719025401761
historical_kmeans4,tid_2221,2,0.7938669193585568,0.8322077922077924
historical_kmeans4,tid_2222,0,0.8462991808710939,0.913945049248315
historical_kmeans4,tid_2223,1,0.7278435673244544,0.763014763014763
historical_kmeans4,tid_2224,0,0.8462991808710939,0.913945049248315
historical_kmeans4,tid_2225,0,0.4890181113163586,0.549507516848108
historical_kmeans4,tid_2226,2,0.9546882008217566,0.9951515151515153
historical_kmeans4,tid_2227,0,0.8462991808710939,0.913945049248315
historical_kmeans4,tid_2228,0,0.7819970312237517,0.8386210471747018
historical_kmeans4,tid_2229,0,0.8462991808710939,0.913945049248315
historical_kmeans4,tid_223,1,0.9074038345184295,0.9456876456876455
historical_kmeans4,tid_2230,0,0.7079824187763178,0.7745982374287195
historical_kmeans4,tid_2231,0,0.8462991808710939,0.913945049248315
historical_kmeans4,tid_2232,0,0.8462991808710939,0.913945049248315
historical_kmeans4,tid_2233,1,0.4669344992773495,0.4965423465423466
historical_kmeans4,tid_2234,1,0.9074038345184295,0.9456876456876455
historical_kmeans4,tid_2235,0,0.8462991808710939,0.913945049248315
historical_kmeans4,tid_2236,0,0.8462991808710939,0.913945049248315
historical_kmeans4,tid_2237,0,0.8462991808710939,0.913945049248315
historical_kmeans4,tid_2238,0,0.7524980230320443,0.8073613271124934
historical_kmeans4,tid_224,0,0.8462991808710939,0.913945049248315
historical_kmeans4,tid_2241,0,0.6739782450507071,0.7297563504406426
historical_kmeans4,tid_2242,2,0.9546882008217566,0.9951515151515153
historical_kmeans4,tid_2243,0,0.8462991808710939,0.913945049248315
historical_kmeans4,tid_2244,3,0.8662115613866224,0.9164021164021161
historical_kmeans4,tid_2245,0,0.8462991808710939,0.913945049248315
historical_kmeans4,tid_2248,0,0.7640254571886285,0.829911871435977
historical_kmeans4,tid_2249,3,0.8662115613866224,0.9164021164021161
historical_kmeans4,tid_225,1,0.47312319632447153,0.506060606060606
historical_kmeans4,tid_2250,3,0.8662115613866224,0.9164021164021161
historical_kmeans4,tid_2251,2,0.9546882008217566,0.9951515151515153
historical_kmeans4,tid_2252,0,0.8462991808710939,0.913945049248315
historical_kmeans4,tid_2253,1,0.9074038345184295,0.9456876456876455
historical_kmeans4,tid_2254,1,0.9074038345184295,0.9456876456876455
historical_kmeans4,tid_2255,1,0.9074038345184295,0.9456876456876455
historical_kmeans4,tid_2256,1,0.9074038345184295,0.9456876456876455
historical_kmeans4,tid_2257,1,0.9074038345184295,0.9456876456876455
historical_kmeans4,tid_2258,1,0.9074038345184295,0.9456876456876455
historical_kmeans4,tid_2259,1,0.9074038345184295,0.9456876456876455
historical_kmeans4,tid_226,1,0.6938255126910888,0.7226884226884226
historical_kmeans4,tid_2260,1,0.9074038345184295,0.9456876456876455
historical_kmeans4,tid_2262,0,0.7772600574556999,0.8360290305857956
historical_kmeans4,tid_2264,1,0.9074038345184295,0.9456876456876455
historical_kmeans4,tid_2265,1,0.9074038345184295,0.9456876456876455
historical_kmeans4,tid_2266,1,0.9074038345184295,0.9456876456876455
historical_kmeans4,tid_2267,1,0.9074038345184295,0.9456876456876455
historical_kmeans4,tid_2268,1,0.9074038345184295,0.9456876456876455
historical_kmeans4,tid_2269,1,0.9074038345184295,0.9456876456876455
historical_kmeans4,tid_227,1,0.9074038345184295,0.9456876456876455
historical_kmeans4,tid_2270,1,0.9074038345184295,0.9456876456876455
historical_kmeans4,tid_2271,1,0.9074038345184295,0.9456876456876455
historical_kmeans4,tid_2272,1,0.8234652434332937,0.8614219114219115
historical_kmeans4,tid_2274,0,0.596574969509162,0.6612752721617418
historical_kmeans4,tid_2275,2,0.9546882008217566,0.9951515151515153
historical_kmeans4,tid_2276,1,0.9074038345184295,0.9456876456876455
historical_kmeans4,tid_2278,1,0.9074038345184295,0.9456876456876455
historical_kmeans4,tid_2279,0,0.8462991808710939,0.913945049248315
historical_kmeans4,tid_228,0,0.8462991808710939,0.913945049248315
historical_kmeans4,tid_2280,0,0.8462991808710939,0.913945049248315
historical_kmeans4,tid_2281,2,0.9546882008217566,0.9951515151515153
historical_kmeans4,tid_2282,0,0.7561226955988494,0.809694142042509
historical_kmeans4,tid_2286,0,0.8462991808710939,0.913945049248315
historical_kmeans4,tid_2287,1,0.6376226722869267,0.6714452214452213
historical_kmeans4,tid_2288,0,0.8462991808710939,0.913945049248315
historical_kmeans4,tid_2289,0,0.8462991808710939,0.913945049248315
historical_kmeans4,tid_229,0,0.8462991808710939,0.913945049248315
historical_kmeans4,tid_2292,1,0.7223809584881145,0.7585470085470085
historical_kmeans4,tid_2293,1,0.9074038345184295,0.9456876456876455
historical_kmeans4,tid_2294,1,0.9074038345184295,0.9456876456876455
historical_kmeans4,tid_2295,0,0.8462991808710939,0.913945049248315
historical_kmeans4,tid_2296,0,0.6242873077255927,0.6902021772939346
historical_kmeans4,tid_2297,1,0.9074038345184295,0.9456876456876455
historical_kmeans4,tid_2298,1,0.9074038345184295,0.9456876456876455
historical_kmeans4,tid_2299,1,0.8786511977085638,0.9171717171717171
historical_kmeans4,tid_23,0,0.8462991808710939,0.913945049248315
historical_kmeans4,tid_230,1,0.6928296988452547,0.7288655788655788
historical_kmeans4,tid_2300,1,0.7177771354217987,0.754079254079254
historical_kmeans4,tid_2301,1,0.8190006858600053,0.8546620046620047
historical_kmeans4,tid_2302,1,0.8828898115622008,0.9208624708624707
historical_kmeans4,tid_2303,1,0.9074038345184295,0.9456876456876455
historical_kmeans4,tid_2304,1,0.9074038345184295,0.9456876456876455
historical_kmeans4,tid_2305,0,0.5633932164067008,0.6223950233281492
historical_kmeans4,tid_2307,1,0.6901498746949662,0.7266899766899766
historical_kmeans4,tid_2308,1,0.9074038345184295,0.9456876456876455
historical_kmeans4,tid_2309,1,0.9074038345184295,0.9456876456876455
historical_kmeans4,tid_231,1,0.9074038345184295,0.9456876456876455
historical_kmeans4,tid_2310,1,0.6507696106383439,0.6881895881895882
historical_kmeans4,tid_2311,0,0.8462991808710939,0.913945049248315
historical_kmeans4,tid_2312,2,0.9546882008217566,0.9951515151515153
historical_kmeans4,tid_2314,1,0.6325596332152543,0.6670551670551671
historical_kmeans4,tid_2315,1,0.9074038345184295,0.9456876456876455
historical_kmeans4,tid_2316,1,0.9074038345184295,0.9456876456876455
historical_kmeans4,tid_2317,0,0.5066143088558054,0.5627268014515292
historical_kmeans4,tid_2318,0,0.6450798289255624,0.6881285640228096
historical_kmeans4,tid_232,1,0.8338010245942936,0.8711732711732711
historical_kmeans4,tid_2320,0,0.8462991808710939,0.913945049248315
historical_kmeans4,tid_2321,1,0.9074038345184295,0.9456876456876455
historical_kmeans4,tid_2322,1,0.9074038345184295,0.9456876456876455
historical_kmeans4,tid_2323,1,0.9074038345184295,0.9456876456876455
historical_kmeans4,tid_2324,1,0.9074038345184295,0.9456876456876455
historical_kmeans4,tid_2325,1,0.9074038345184295,0.9456876456876455
historical_kmeans4,tid_2326,1,0.9074038345184295,0.9456876456876455
historical_kmeans4,tid_2327,1,0.9074038345184295,0.9456876456876455
historical_kmeans4,tid_2328,1,0.9074038345184295,0.9456876456876455
historical_kmeans4,tid_2329,1,0.9074038345184295,0.9456876456876455
historical_kmeans4,tid_233,1,0.9074038345184295,0.9456876456876455
historical_kmeans4,tid_2330,1,0.9074038345184295,0.9456876456876455
historical_kmeans4,tid_2332,1,0.9074038345184295,0.9456876456876455
historical_kmeans4,tid_2333,0,0.7023543513299839,0.7570243649559355
historical_kmeans4,tid_2334,1,0.6882901760241228,0.7247863247863247
historical_kmeans4,tid_2335,1,0.8190006858600053,0.8546620046620047
historical_kmeans4,tid_2336,1,0.22128293082346945,0.24568764568764573
historical_kmeans4,tid_2337,0,0.8462991808710939,0.913945049248315
historical_kmeans4,tid_2338,0,0.7024166112254691,0.763037843442198
historical_kmeans4,tid_2339,3,0.8662115613866224,0.9164021164021161
historical_kmeans4,tid_234,0,0.8197842572506481,0.8872472783825814
historical_kmeans4,tid_2340,0,0.8182902195287993,0.8846034214618971
historical_kmeans4,tid_2341,3,0.8662115613866224,0.9164021164021161
historical_kmeans4,tid_2342,3,0.8662115613866224,0.9164021164021161
historical_kmeans4,tid_2343,3,0.8662115613866224,0.9164021164021161
historical_kmeans4,tid_2344,2,0.9546882008217566,0.9951515151515153
historical_kmeans4,tid_2345,3,0.8662115613866224,0.9164021164021161
historical_kmeans4,tid_2348,3,0.8662115613866224,0.9164021164021161
historical_kmeans4,tid_2349,3,0.8662115613866224,0.9164021164021161
historical_kmeans4,tid_235,1,0.7505947749247586,0.7868686868686868
historical_kmeans4,tid_2351,2,0.9546882008217566,0.9951515151515153
historical_kmeans4,tid_2352,2,0.9546882008217566,0.9951515151515153
historical_kmeans4,tid_2353,2,0.9546882008217566,0.9951515151515153
historical_kmeans4,tid_2354,2,0.9546882008217566,0.9951515151515153
historical_kmeans4,tid_2355,2,0.9546882008217566,0.9951515151515153
historical_kmeans4,tid_2356,2,0.9546882008217566,0.9951515151515153
historical_kmeans4,tid_2357,2,0.9546882008217566,0.9951515151515153
historical_kmeans4,tid_2358,2,0.9546882008217566,0.9951515151515153
historical_kmeans4,tid_2359,2,0.9546882008217566,0.9951515151515153
historical_kmeans4,tid_236,1,0.7493530963267402,0.7859751359751359
historical_kmeans4,tid_2360,2,0.9546882008217566,0.9951515151515153
historical_kmeans4,tid_2361,2,0.9546882008217566,0.9951515151515153
historical_kmeans4,tid_2362,2,0.9546882008217566,0.9951515151515153
historical_kmeans4,tid_2363,2,0.9546882008217566,0.9951515151515153
historical_kmeans4,tid_2364,2,0.9546882008217566,0.9951515151515153
historical_kmeans4,tid_2365,2,0.9546882008217566,0.9951515151515153
historical_kmeans4,tid_2366,2,0.9546882008217566,0.9951515151515153
historical_kmeans4,tid_2367,2,0.9546882008217566,0.9951515151515153
historical_kmeans4,tid_2368,2,0.9546882008217566,0.9951515151515153
historical_kmeans4,tid_2369,2,0.9546882008217566,0.9951515151515153
historical_kmeans4,tid_237,0,0.8462991808710939,0.913945049248315
historical_kmeans4,tid_2370,2,0.9546882008217566,0.9951515151515153
historical_kmeans4,tid_2371,2,0.9546882008217566,0.9951515151515153
historical_kmeans4,tid_2372,2,0.9546882008217566,0.9951515151515153
historical_kmeans4,tid_2373,2,0.9546882008217566,0.9951515151515153
historical_kmeans4,tid_2374,2,0.9546882008217566,0.9951515151515153
historical_kmeans4,tid_2375,2,0.9546882008217566,0.9951515151515153
historical_kmeans4,tid_2376,2,0.9546882008217566,0.9951515151515153
historical_kmeans4,tid_2377,2,0.9546882008217566,0.9951515151515153
historical_kmeans4,tid_2378,2,0.9546882008217566,0.9951515151515153
historical_kmeans4,tid_2379,2,0.9546882008217566,0.9951515151515153
historical_kmeans4,tid_238,1,0.8338010245942936,0.8711732711732711
historical_kmeans4,tid_2380,2,0.9546882008217566,0.9951515151515153
historical_kmeans4,tid_2381,2,0.9546882008217566,0.9951515151515153
historical_kmeans4,tid_2382,2,0.9546882008217566,0.9951515151515153
historical_kmeans4,tid_2383,2,0.9546882008217566,0.9951515151515153
historical_kmeans4,tid_2384,2,0.9546882008217566,0.9951515151515153
historical_kmeans4,tid_2385,2,0.9546882008217566,0.9951515151515153
historical_kmeans4,tid_2386,2,0.9546882008217566,0.9951515151515153
historical_kmeans4,tid_2387,2,0.9546882008217566,0.9951515151515153
historical_kmeans4,tid_2388,2,0.9546882008217566,0.9951515151515153
historical_kmeans4,tid_2389,2,0.9546882008217566,0.9951515151515153
historical_kmeans4,tid_239,1,0.9074038345184295,0.9456876456876455
historical_kmeans4,tid_2390,2,0.9546882008217566,0.9951515151515153
historical_kmeans4,tid_2391,2,0.9546882008217566,0.9951515151515153
historical_kmeans4,tid_2392,2,0.9546882008217566,0.9951515151515153
historical_kmeans4,tid_2393,2,0.9546882008217566,0.9951515151515153
historical_kmeans4,tid_2395,0,0.5374090044911158,0.5696734059097979
historical_kmeans4,tid_2398,2,0.9546882008217566,0.9951515151515153
historical_kmeans4,tid_2399,2,0.9546882008217566,0.9951515151515153
historical_kmeans4,tid_240,1,0.9074038345184295,0.9456876456876455
historical_kmeans4,tid_2400,2,0.9546882008217566,0.9951515151515153
historical_kmeans4,tid_2401,2,0.9546882008217566,0.9951515151515153
historical_kmeans4,tid_2402,2,0.9546882008217566,0.9951515151515153
historical_kmeans4,tid_2403,2,0.9546882008217566,0.9951515151515153
historical_kmeans4,tid_2404,2,0.9546882008217566,0.9951515151515153
historical_kmeans4,tid_2405,2,0.9546882008217566,0.9951515151515153
historical_kmeans4,tid_2406,2,0.9546882008217566,0.9951515151515153
historical_kmeans4,tid_2407,2,0.9546882008217566,0.9951515151515153
historical_kmeans4,tid_2408,2,0.9546882008217566,0.9951515151515153
historical_kmeans4,tid_2409,2,0.9546882008217566,0.9951515151515153
historical_kmeans4,tid_241,1,0.9074038345184295,0.9456876456876455
historical_kmeans4,tid_2410,2,0.9546882008217566,0.9951515151515153
historical_kmeans4,tid_2411,2,0.9546882008217566,0.9951515151515153
historical_kmeans4,tid_2412,2,0.9546882008217566,0.9951515151515153
historical_kmeans4,tid_2416,2,0.9546882008217566,0.9951515151515153
historical_kmeans4,tid_242,1,0.5714326845360228,0.6046231546231546
historical_kmeans4,tid_2422,2,0.9546882008217566,0.9951515151515153
historical_kmeans4,tid_2423,2,0.9546882008217566,0.9951515151515153
historical_kmeans4,tid_2424,2,0.9546882008217566,0.9951515151515153
historical_kmeans4,tid_2425,2,0.9546882008217566,0.9951515151515153
historical_kmeans4,tid_2426,2,0.9546882008217566,0.9951515151515153
historical_kmeans4,tid_2427,2,0.9546882008217566,0.9951515151515153
historical_kmeans4,tid_2428,2,0.9546882008217566,0.9951515151515153
historical_kmeans4,tid_2429,2,0.9546882008217566,0.9951515151515153
historical_kmeans4,tid_243,1,0.4509372992887048,0.48146853146853147
historical_kmeans4,tid_2430,2,0.9546882008217566,0.9951515151515153
historical_kmeans4,tid_2431,2,0.9546882008217566,0.9951515151515153
historical_kmeans4,tid_2432,2,0.9546882008217566,0.9951515151515153
historical_kmeans4,tid_2433,2,0.9546882008217566,0.9951515151515153
historical_kmeans4,tid_2434,2,0.9546882008217566,0.9951515151515153
historical_kmeans4,tid_2435,2,0.9546882008217566,0.9951515151515153
historical_kmeans4,tid_2436,2,0.9546882008217566,0.9951515151515153
historical_kmeans4,tid_2437,2,0.9546882008217566,0.9951515151515153
historical_kmeans4,tid_2439,2,0.9546882008217566,0.9951515151515153
historical_kmeans4,tid_2440,2,0.9546882008217566,0.9951515151515153
historical_kmeans4,tid_2441,2,0.9546882008217566,0.9951515151515153
historical_kmeans4,tid_2442,2,0.9546882008217566,0.9951515151515153
historical_kmeans4,tid_2443,2,0.9546882008217566,0.9951515151515153
historical_kmeans4,tid_2444,2,0.9546882008217566,0.9951515151515153
historical_kmeans4,tid_2445,2,0.9546882008217566,0.9951515151515153
historical_kmeans4,tid_2446,2,0.9546882008217566,0.9951515151515153
historical_kmeans4,tid_2447,2,0.9546882008217566,0.9951515151515153
historical_kmeans4,tid_2449,2,0.9546882008217566,0.9951515151515153
historical_kmeans4,tid_2450,2,0.9546882008217566,0.9951515151515153
historical_kmeans4,tid_2451,2,0.9546882008217566,0.9951515151515153
historical_kmeans4,tid_2452,2,0.9546882008217566,0.9951515151515153
historical_kmeans4,tid_2453,2,0.9546882008217566,0.9951515151515153
historical_kmeans4,tid_2454,2,0.9546882008217566,0.9951515151515153
historical_kmeans4,tid_2455,2,0.9546882008217566,0.9951515151515153
historical_kmeans4,tid_2456,2,0.9546882008217566,0.9951515151515153
historical_kmeans4,tid_2457,2,0.9546882008217566,0.9951515151515153
historical_kmeans4,tid_2458,2,0.9546882008217566,0.9951515151515153
historical_kmeans4,tid_2459,2,0.9546882008217566,0.9951515151515153
historical_kmeans4,tid_2460,2,0.9546882008217566,0.9951515151515153
historical_kmeans4,tid_2461,2,0.9546882008217566,0.9951515151515153
historical_kmeans4,tid_2462,2,0.9546882008217566,0.9951515151515153
historical_kmeans4,tid_2463,2,0.9546882008217566,0.9951515151515153
historical_kmeans4,tid_2464,2,0.9546882008217566,0.9951515151515153
historical_kmeans4,tid_2465,2,0.9546882008217566,0.9951515151515153
historical_kmeans4,tid_2466,2,0.9546882008217566,0.9951515151515153
historical_kmeans4,tid_2467,2,0.9546882008217566,0.9951515151515153
historical_kmeans4,tid_2468,2,0.9546882008217566,0.9951515151515153
historical_kmeans4,tid_2469,2,0.9546882008217566,0.9951515151515153
historical_kmeans4,tid_2470,2,0.9546882008217566,0.9951515151515153
historical_kmeans4,tid_2471,2,0.9546882008217566,0.9951515151515153
historical_kmeans4,tid_2472,2,0.9546882008217566,0.9951515151515153
historical_kmeans4,tid_2473,2,0.9546882008217566,0.9951515151515153
historical_kmeans4,tid_2474,2,0.9546882008217566,0.9951515151515153
historical_kmeans4,tid_2475,2,0.9546882008217566,0.9951515151515153
historical_kmeans4,tid_2476,2,0.9546882008217566,0.9951515151515153
historical_kmeans4,tid_2477,2,0.9546882008217566,0.9951515151515153
historical_kmeans4,tid_2478,2,0.9546882008217566,0.9951515151515153
historical_kmeans4,tid_2479,2,0.9546882008217566,0.9951515151515153
historical_kmeans4,tid_2480,2,0.9546882008217566,0.9951515151515153
historical_kmeans4,tid_2481,2,0.9546882008217566,0.9951515151515153
historical_kmeans4,tid_2482,2,0.9546882008217566,0.9951515151515153
historical_kmeans4,tid_2483,2,0.9546882008217566,0.9951515151515153
historical_kmeans4,tid_2484,2,0.9546882008217566,0.9951515151515153
historical_kmeans4,tid_2485,2,0.9546882008217566,0.9951515151515153
historical_kmeans4,tid_2486,2,0.9546882008217566,0.9951515151515153
historical_kmeans4,tid_2487,2,0.9546882008217566,0.9951515151515153
historical_kmeans4,tid_2488,2,0.9546882008217566,0.9951515151515153
historical_kmeans4,tid_2489,2,0.9546882008217566,0.9951515151515153
historical_kmeans4,tid_2490,2,0.9546882008217566,0.9951515151515153
historical_kmeans4,tid_2491,2,0.9546882008217566,0.9951515151515153
historical_kmeans4,tid_2492,2,0.9546882008217566,0.9951515151515153
historical_kmeans4,tid_2493,2,0.9546882008217566,0.9951515151515153
historical_kmeans4,tid_2494,2,0.9546882008217566,0.9951515151515153
historical_kmeans4,tid_2495,2,0.9546882008217566,0.9951515151515153
historical_kmeans4,tid_2496,2,0.9546882008217566,0.9951515151515153
historical_kmeans4,tid_2497,2,0.9546882008217566,0.9951515151515153
historical_kmeans4,tid_2498,2,0.9546882008217566,0.9951515151515153
historical_kmeans4,tid_2499,2,0.9546882008217566,0.9951515151515153
historical_kmeans4,tid_25,2,0.9546882008217566,0.9951515151515153
historical_kmeans4,tid_2500,2,0.9546882008217566,0.9951515151515153
historical_kmeans4,tid_2501,2,0.9546882008217566,0.9951515151515153
historical_kmeans4,tid_2502,2,0.9546882008217566,0.9951515151515153
historical_kmeans4,tid_2503,2,0.9546882008217566,0.9951515151515153
historical_kmeans4,tid_2504,2,0.9546882008217566,0.9951515151515153
historical_kmeans4,tid_2505,2,0.9546882008217566,0.9951515151515153
historical_kmeans4,tid_2506,2,0.9546882008217566,0.9951515151515153
historical_kmeans4,tid_2507,2,0.9546882008217566,0.9951515151515153
historical_kmeans4,tid_2508,2,0.9546882008217566,0.9951515151515153
historical_kmeans4,tid_2509,2,0.9546882008217566,0.9951515151515153
historical_kmeans4,tid_2510,2,0.9546882008217566,0.9951515151515153
historical_kmeans4,tid_2511,2,0.9546882008217566,0.9951515151515153
historical_kmeans4,tid_2512,2,0.9546882008217566,0.9951515151515153
historical_kmeans4,tid_2513,2,0.9546882008217566,0.9951515151515153
historical_kmeans4,tid_2514,2,0.9546882008217566,0.9951515151515153
historical_kmeans4,tid_2515,2,0.9546882008217566,0.9951515151515153
historical_kmeans4,tid_2516,2,0.9546882008217566,0.9951515151515153
historical_kmeans4,tid_2517,2,0.9546882008217566,0.9951515151515153
historical_kmeans4,tid_2518,2,0.9546882008217566,0.9951515151515153
historical_kmeans4,tid_2519,2,0.9546882008217566,0.9951515151515153
historical_kmeans4,tid_2520,2,0.9546882008217566,0.9951515151515153
historical_kmeans4,tid_2521,2,0.9546882008217566,0.9951515151515153
historical_kmeans4,tid_2522,2,0.9546882008217566,0.9951515151515153
historical_kmeans4,tid_2523,2,0.9546882008217566,0.9951515151515153
historical_kmeans4,tid_2524,2,0.9546882008217566,0.9951515151515153
historical_kmeans4,tid_2525,2,0.9546882008217566,0.9951515151515153
historical_kmeans4,tid_2526,2,0.9546882008217566,0.9951515151515153
historical_kmeans4,tid_2527,2,0.9546882008217566,0.9951515151515153
historical_kmeans4,tid_2528,2,0.9546882008217566,0.9951515151515153
historical_kmeans4,tid_2529,2,0.9546882008217566,0.9951515151515153
historical_kmeans4,tid_2530,2,0.9546882008217566,0.9951515151515153
historical_kmeans4,tid_2531,2,0.9546882008217566,0.9951515151515153
historical_kmeans4,tid_2532,2,0.9546882008217566,0.9951515151515153
historical_kmeans4,tid_2533,2,0.9546882008217566,0.9951515151515153
historical_kmeans4,tid_2534,2,0.9546882008217566,0.9951515151515153
historical_kmeans4,tid_2535,2,0.9546882008217566,0.9951515151515153
historical_kmeans4,tid_2536,2,0.9546882008217566,0.9951515151515153
historical_kmeans4,tid_2537,2,0.9546882008217566,0.9951515151515153
historical_kmeans4,tid_2538,2,0.9546882008217566,0.9951515151515153
historical_kmeans4,tid_2539,2,0.9546882008217566,0.9951515151515153
historical_kmeans4,tid_2540,2,0.9546882008217566,0.9951515151515153
historical_kmeans4,tid_2541,2,0.9546882008217566,0.9951515151515153
historical_kmeans4,tid_2542,2,0.9546882008217566,0.9951515151515153
historical_kmeans4,tid_2543,2,0.9546882008217566,0.9951515151515153
historical_kmeans4,tid_2544,2,0.9546882008217566,0.9951515151515153
historical_kmeans4,tid_2545,2,0.9546882008217566,0.9951515151515153
historical_kmeans4,tid_2546,2,0.9546882008217566,0.9951515151515153
historical_kmeans4,tid_2547,2,0.9546882008217566,0.9951515151515153
historical_kmeans4,tid_2548,2,0.9546882008217566,0.9951515151515153
historical_kmeans4,tid_2549,2,0.9546882008217566,0.9951515151515153
historical_kmeans4,tid_2550,2,0.9546882008217566,0.9951515151515153
historical_kmeans4,tid_2551,2,0.9546882008217566,0.9951515151515153
historical_kmeans4,tid_2552,2,0.9546882008217566,0.9951515151515153
historical_kmeans4,tid_2553,2,0.9546882008217566,0.9951515151515153
historical_kmeans4,tid_2554,2,0.9546882008217566,0.9951515151515153
historical_kmeans4,tid_2555,2,0.9546882008217566,0.9951515151515153
historical_kmeans4,tid_2556,2,0.9546882008217566,0.9951515151515153
historical_kmeans4,tid_2557,2,0.9546882008217566,0.9951515151515153
historical_kmeans4,tid_2558,2,0.9546882008217566,0.9951515151515153
historical_kmeans4,tid_2559,2,0.9546882008217566,0.9951515151515153
historical_kmeans4,tid_2560,2,0.9546882008217566,0.9951515151515153
historical_kmeans4,tid_2561,2,0.9546882008217566,0.9951515151515153
historical_kmeans4,tid_2562,2,0.9546882008217566,0.9951515151515153
historical_kmeans4,tid_2563,2,0.9546882008217566,0.9951515151515153
historical_kmeans4,tid_2564,2,0.9546882008217566,0.9951515151515153
historical_kmeans4,tid_2565,2,0.9546882008217566,0.9951515151515153
historical_kmeans4,tid_2566,2,0.9546882008217566,0.9951515151515153
historical_kmeans4,tid_2567,2,0.9546882008217566,0.9951515151515153
historical_kmeans4,tid_2568,2,0.9546882008217566,0.9951515151515153
historical_kmeans4,tid_2569,2,0.9546882008217566,0.9951515151515153
historical_kmeans4,tid_2570,2,0.9546882008217566,0.9951515151515153
historical_kmeans4,tid_2571,2,0.9546882008217566,0.9951515151515153
historical_kmeans4,tid_2572,2,0.9546882008217566,0.9951515151515153
historical_kmeans4,tid_2573,2,0.9546882008217566,0.9951515151515153
historical_kmeans4,tid_2574,2,0.9546882008217566,0.9951515151515153
historical_kmeans4,tid_2575,2,0.9546882008217566,0.9951515151515153
historical_kmeans4,tid_2576,2,0.9546882008217566,0.9951515151515153
historical_kmeans4,tid_2577,2,0.9546882008217566,0.9951515151515153
historical_kmeans4,tid_2578,2,0.9546882008217566,0.9951515151515153
historical_kmeans4,tid_2579,2,0.9546882008217566,0.9951515151515153
historical_kmeans4,tid_2580,2,0.9546882008217566,0.9951515151515153
historical_kmeans4,tid_2581,2,0.9546882008217566,0.9951515151515153
historical_kmeans4,tid_2582,2,0.9546882008217566,0.9951515151515153
historical_kmeans4,tid_2583,2,0.9546882008217566,0.9951515151515153
historical_kmeans4,tid_2584,2,0.9546882008217566,0.9951515151515153
historical_kmeans4,tid_2585,2,0.9546882008217566,0.9951515151515153
historical_kmeans4,tid_2586,2,0.9546882008217566,0.9951515151515153
historical_kmeans4,tid_2587,2,0.9546882008217566,0.9951515151515153
historical_kmeans4,tid_2588,2,0.9546882008217566,0.9951515151515153
historical_kmeans4,tid_2589,2,0.9546882008217566,0.9951515151515153
historical_kmeans4,tid_2590,2,0.9546882008217566,0.9951515151515153
historical_kmeans4,tid_2591,0,0.7561226955988494,0.809694142042509
historical_kmeans4,tid_2592,2,0.9546882008217566,0.9951515151515153
historical_kmeans4,tid_2593,1,0.8205852126615649,0.8587801087801089
historical_kmeans4,tid_2595,0,0.8462991808710939,0.913945049248315
historical_kmeans4,tid_2596,2,0.9227039698281891,0.9627705627705629
historical_kmeans4,tid_2597,2,0.9546882008217566,0.9951515151515153
historical_kmeans4,tid_2598,0,0.7817574256562485,0.8406946604458267
historical_kmeans4,tid_2599,2,0.9546882008217566,0.9951515151515153
historical_kmeans4,tid_26,0,0.5896849110432072,0.6302747537584241
historical_kmeans4,tid_2600,2,0.9546882008217566,0.9951515151515153
historical_kmeans4,tid_2601,2,0.9546882008217566,0.9951515151515153
historical_kmeans4,tid_2602,2,0.9546882008217566,0.9951515151515153
historical_kmeans4,tid_2604,2,0.9546882008217566,0.9951515151515153
historical_kmeans4,tid_2605,2,0.9546882008217566,0.9951515151515153
historical_kmeans4,tid_2606,2,0.9546882008217566,0.9951515151515153
historical_kmeans4,tid_2607,0,0.8462991808710939,0.913945049248315
historical_kmeans4,tid_2618,1,0.9074038345184295,0.9456876456876455
historical_kmeans4,tid_2619,0,0.7817574256562485,0.8406946604458267
historical_kmeans4,tid_2620,0,0.8462991808710939,0.913945049248315
historical_kmeans4,tid_2621,0,0.8462991808710939,0.913945049248315
historical_kmeans4,tid_2644,2,0.9546882008217566,0.9951515151515153
historical_kmeans4,tid_2646,2,0.9546882008217566,0.9951515151515153
historical_kmeans4,tid_2647,0,0.8462991808710939,0.913945049248315
historical_kmeans4,tid_2648,0,0.5342480336550375,0.5699326075686885
historical_kmeans4,tid_2649,2,0.9546882008217566,0.9951515151515153
historical_kmeans4,tid_2651,2,0.9546882008217566,0.9951515151515153
historical_kmeans4,tid_2652,0,0.82494164648126,0.8893208916537064
historical_kmeans4,tid_269,2,0.9546882008217566,0.9951515151515153
historical_kmeans4,tid_27,2,0.9546882008217566,0.9951515151515153
historical_kmeans4,tid_270,0,0.6543844640833943,0.7195438050803524
historical_kmeans4,tid_271,1,0.9074038345184295,0.9456876456876455
historical_kmeans4,tid_2710,0,0.8462991808710939,0.913945049248315
historical_kmeans4,tid_272,0,0.8462991808710939,0.913945049248315
historical_kmeans4,tid_273,0,0.8462991808710939,0.913945049248315
historical_kmeans4,tid_274,0,0.8462991808710939,0.913945049248315
historical_kmeans4,tid_275,1,0.9074038345184295,0.9456876456876455
historical_kmeans4,tid_276,3,0.6231969251974318,0.6846560846560846
historical_kmeans4,tid_277,1,0.662411801825609,0.6971250971250971
historical_kmeans4,tid_278,0,0.5619837467312548,0.600777604976672
historical_kmeans4,tid_279,1,0.6038069964053886,0.6385392385392384
historical_kmeans4,tid_28,2,0.6979177213942679,0.7338528138528139
historical_kmeans4,tid_280,1,0.9074038345184295,0.9456876456876455
historical_kmeans4,tid_2808,2,0.9546882008217566,0.9951515151515153
historical_kmeans4,tid_2809,0,0.8462991808710939,0.913945049248315
historical_kmeans4,tid_281,1,0.7215790012449995,0.7584304584304584
historical_kmeans4,tid_2813,0,0.7278028346296183,0.7848626231207878
historical_kmeans4,tid_2814,2,0.9546882008217566,0.9951515151515153
historical_kmeans4,tid_282,1,0.7493269475460571,0.7856643356643358
historical_kmeans4,tid_283,0,0.8462991808710939,0.913945049248315
historical_kmeans4,tid_284,0,0.5678127222215272,0.631000518403318
historical_kmeans4,tid_285,1,0.9074038345184295,0.9456876456876455
historical_kmeans4,tid_287,1,0.9074038345184295,0.9456876456876455
historical_kmeans4,tid_2872,3,0.6891036256195137,0.7724867724867722
historical_kmeans4,tid_2876,2,0.9546882008217566,0.9951515151515153
historical_kmeans4,tid_2879,0,0.8168001726793862,0.8826853291861065
historical_kmeans4,tid_288,1,0.8203299232760937,0.8559052059052058
historical_kmeans4,tid_2880,0,0.8462991808710939,0.913945049248315
historical_kmeans4,tid_2881,2,0.9546882008217566,0.9951515151515153
historical_kmeans4,tid_2882,0,0.8462991808710939,0.913945049248315
historical_kmeans4,tid_2883,0,0.7023543513299839,0.7570243649559355
historical_kmeans4,tid_2884,0,0.8462991808710939,0.913945049248315
historical_kmeans4,tid_2885,0,0.8462991808710939,0.913945049248315
historical_kmeans4,tid_2886,0,0.568528507663573,0.6328667703473303
historical_kmeans4,tid_2887,2,0.9546882008217566,0.9951515151515153
historical_kmeans4,tid_289,1,0.9074038345184295,0.9456876456876455
historical_kmeans4,tid_29,2,0.9546882008217566,0.9951515151515153
historical_kmeans4,tid_290,1,0.9074038345184295,0.9456876456876455
historical_kmeans4,tid_292,1,0.9074038345184295,0.9456876456876455
historical_kmeans4,tid_293,1,0.9074038345184295,0.9456876456876455
historical_kmeans4,tid_294,1,0.9074038345184295,0.9456876456876455
historical_kmeans4,tid_295,1,0.9074038345184295,0.9456876456876455
historical_kmeans4,tid_296,1,0.9074038345184295,0.9456876456876455
historical_kmeans4,tid_297,1,0.9074038345184295,0.9456876456876455
historical_kmeans4,tid_298,1,0.9074038345184295,0.9456876456876455
historical_kmeans4,tid_3,1,0.9074038345184295,0.9456876456876455
historical_kmeans4,tid_30,3,0.8138134598681344,0.8714285714285713
historical_kmeans4,tid_300,1,0.9074038345184295,0.9456876456876455
historical_kmeans4,tid_3005,0,0.8462991808710939,0.913945049248315
historical_kmeans4,tid_3007,0,0.8462991808710939,0.913945049248315
historical_kmeans4,tid_3009,2,0.8577700534877631,0.8973160173160175
historical_kmeans4,tid_301,0,0.8462991808710939,0.913945049248315
historical_kmeans4,tid_3011,0,0.8462991808710939,0.913945049248315
historical_kmeans4,tid_3012,1,0.9074038345184295,0.9456876456876455
historical_kmeans4,tid_3013,2,0.9546882008217566,0.9951515151515153
historical_kmeans4,tid_302,1,0.9074038345184295,0.9456876456876455
historical_kmeans4,tid_303,0,0.6751791665095216,0.7291342664593051
historical_kmeans4,tid_304,1,0.9074038345184295,0.9456876456876455
historical_kmeans4,tid_305,1,0.9074038345184295,0.9456876456876455
historical_kmeans4,tid_306,1,0.9074038345184295,0.9456876456876455
historical_kmeans4,tid_307,1,0.9074038345184295,0.9456876456876455
historical_kmeans4,tid_308,1,0.9074038345184295,0.9456876456876455
historical_kmeans4,tid_309,3,0.8662115613866224,0.9164021164021161
historical_kmeans4,tid_31,0,0.8462991808710939,0.913945049248315
historical_kmeans4,tid_312,0,0.7675677438997351,0.8265422498703991
historical_kmeans4,tid_314,3,0.8662115613866224,0.9164021164021161
historical_kmeans4,tid_316,3,0.8662115613866224,0.9164021164021161
historical_kmeans4,tid_317,3,0.8662115613866224,0.9164021164021161
historical_kmeans4,tid_318,3,0.8662115613866224,0.9164021164021161
historical_kmeans4,tid_319,3,0.8662115613866224,0.9164021164021161
historical_kmeans4,tid_32,0,0.6258783086364054,0.6894245723172628
historical_kmeans4,tid_320,3,0.8662115613866224,0.9164021164021161
historical_kmeans4,tid_321,3,0.7436818204684451,0.8222222222222219
historical_kmeans4,tid_323,3,0.8662115613866224,0.9164021164021161
historical_kmeans4,tid_324,3,0.8662115613866224,0.9164021164021161
historical_kmeans4,tid_325,3,0.4234992734729392,0.49973544973544975
historical_kmeans4,tid_326,3,0.8662115613866224,0.9164021164021161
historical_kmeans4,tid_327,0,0.8462991808710939,0.913945049248315
historical_kmeans4,tid_329,3,0.8662115613866224,0.9164021164021161
historical_kmeans4,tid_33,0,0.8462991808710939,0.913945049248315
historical_kmeans4,tid_330,3,0.794640760408706,0.863227513227513
historical_kmeans4,tid_331,3,0.8662115613866224,0.9164021164021161
historical_kmeans4,tid_332,3,0.8662115613866224,0.9164021164021161
historical_kmeans4,tid_333,0,0.8462991808710939,0.913945049248315
historical_kmeans4,tid_334,3,0.8662115613866224,0.9164021164021161
historical_kmeans4,tid_335,3,0.8662115613866224,0.9164021164021161
historical_kmeans4,tid_336,3,0.8662115613866224,0.9164021164021161
historical_kmeans4,tid_337,3,0.8662115613866224,0.9164021164021161
historical_kmeans4,tid_338,3,0.8662115613866224,0.9164021164021161
historical_kmeans4,tid_339,3,0.8662115613866224,0.9164021164021161
historical_kmeans4,tid_34,0,0.8462991808710939,0.913945049248315
historical_kmeans4,tid_340,3,0.8662115613866224,0.9164021164021161
historical_kmeans4,tid_341,3,0.8662115613866224,0.9164021164021161
historical_kmeans4,tid_342,3,0.8662115613866224,0.9164021164021161
historical_kmeans4,tid_343,3,0.8662115613866224,0.9164021164021161
historical_kmeans4,tid_345,2,0.9546882008217566,0.9951515151515153
historical_kmeans4,tid_346,2,0.9546882008217566,0.9951515151515153
historical_kmeans4,tid_347,2,0.9546882008217566,0.9951515151515153
historical_kmeans4,tid_348,2,0.9546882008217566,0.9951515151515153
historical_kmeans4,tid_349,2,0.9546882008217566,0.9951515151515153
historical_kmeans4,tid_35,0,0.734942465355532,0.794504924831519
historical_kmeans4,tid_351,2,0.9546882008217566,0.9951515151515153
historical_kmeans4,tid_352,2,0.9546882008217566,0.9951515151515153
historical_kmeans4,tid_354,2,0.9546882008217566,0.9951515151515153
historical_kmeans4,tid_355,2,0.9546882008217566,0.9951515151515153
historical_kmeans4,tid_356,0,0.8462991808710939,0.913945049248315
historical_kmeans4,tid_357,0,0.8462991808710939,0.913945049248315
historical_kmeans4,tid_358,0,0.8462991808710939,0.913945049248315
historical_kmeans4,tid_359,0,0.8462991808710939,0.913945049248315
historical_kmeans4,tid_36,0,0.8462991808710939,0.913945049248315
historical_kmeans4,tid_360,1,0.5980240128174976,0.6346930846930846
historical_kmeans4,tid_361,0,0.8462991808710939,0.913945049248315
historical_kmeans4,tid_362,2,0.9546882008217566,0.9951515151515153
historical_kmeans4,tid_363,0,0.8462991808710939,0.913945049248315
historical_kmeans4,tid_364,0,0.8462991808710939,0.913945049248315
historical_kmeans4,tid_365,0,0.7894568125092523,0.8554691550025919
historical_kmeans4,tid_366,0,0.8462991808710939,0.913945049248315
historical_kmeans4,tid_367,0,0.8462991808710939,0.913945049248315
historical_kmeans4,tid_368,0,0.8462991808710939,0.913945049248315
historical_kmeans4,tid_369,0,0.8462991808710939,0.913945049248315
historical_kmeans4,tid_37,0,0.8462991808710939,0.913945049248315
historical_kmeans4,tid_370,0,0.7986654823726792,0.8594608605495074
historical_kmeans4,tid_371,0,0.8462991808710939,0.913945049248315
historical_kmeans4,tid_372,0,0.8462991808710939,0.913945049248315
historical_kmeans4,tid_373,2,0.9546882008217566,0.9951515151515153
historical_kmeans4,tid_374,0,0.8462991808710939,0.913945049248315
historical_kmeans4,tid_375,0,0.7819970312237517,0.8386210471747018
historical_kmeans4,tid_376,1,0.2942413360716956,0.31530691530691535
historical_kmeans4,tid_377,1,0.9074038345184295,0.9456876456876455
historical_kmeans4,tid_378,0,0.8462991808710939,0.913945049248315
historical_kmeans4,tid_379,2,0.9546882008217566,0.9951515151515153
historical_kmeans4,tid_38,0,0.8462991808710939,0.913945049248315
historical_kmeans4,tid_380,0,0.8462991808710939,0.913945049248315
historical_kmeans4,tid_381,0,0.8462991808710939,0.913945049248315
historical_kmeans4,tid_382,0,0.8462991808710939,0.913945049248315
historical_kmeans4,tid_383,0,0.8462991808710939,0.913945049248315
historical_kmeans4,tid_384,0,0.8462991808710939,0.913945049248315
historical_kmeans4,tid_385,2,0.9546882008217566,0.9951515151515153
historical_kmeans4,tid_386,0,0.8462991808710939,0.913945049248315
historical_kmeans4,tid_387,0,0.8462991808710939,0.913945049248315
historical_kmeans4,tid_388,0,0.19104403327600364,0.20777604976671846
historical_kmeans4,tid_39,0,0.8462991808710939,0.913945049248315
historical_kmeans4,tid_390,0,0.8462991808710939,0.913945049248315
historical_kmeans4,tid_391,0,0.8462991808710939,0.913945049248315
historical_kmeans4,tid_392,1,0.9074038345184295,0.9456876456876455
historical_kmeans4,tid_393,0,0.8208506975714596,0.8861067910834628
historical_kmeans4,tid_395,0,0.8462991808710939,0.913945049248315
historical_kmeans4,tid_396,0,0.8462991808710939,0.913945049248315
historical_kmeans4,tid_397,0,0.8462991808710939,0.913945049248315
historical_kmeans4,tid_398,0,0.3643809743564087,0.4198548470710213
historical_kmeans4,tid_4,0,0.6886455456484464,0.7376879212026957
historical_kmeans4,tid_40,0,0.8462991808710939,0.913945049248315
historical_kmeans4,tid_401,0,0.8462991808710939,0.913945049248315
historical_kmeans4,tid_402,0,0.8462991808710939,0.913945049248315
historical_kmeans4,tid_403,0,0.8462991808710939,0.913945049248315
historical_kmeans4,tid_404,0,0.8210267805152441,0.8856402280974597
historical_kmeans4,tid_405,0,0.24506377466180349,0.2712804561949197
historical_kmeans4,tid_408,1,0.6272162742625463,0.6605283605283606
historical_kmeans4,tid_41,0,0.8462991808710939,0.913945049248315
historical_kmeans4,tid_410,0,0.8462991808710939,0.913945049248315
historical_kmeans4,tid_413,0,0.8462991808710939,0.913945049248315
historical_kmeans4,tid_414,0,0.19264552794427728,0.21311560393986514
historical_kmeans4,tid_416,0,0.8462991808710939,0.913945049248315
historical_kmeans4,tid_418,2,0.9546882008217566,0.9951515151515153
historical_kmeans4,tid_419,0,0.8462991808710939,0.913945049248315
historical_kmeans4,tid_42,0,0.8462991808710939,0.913945049248315
historical_kmeans4,tid_420,0,0.8462991808710939,0.913945049248315
historical_kmeans4,tid_421,0,0.8462991808710939,0.913945049248315
historical_kmeans4,tid_422,0,0.8462991808710939,0.913945049248315
historical_kmeans4,tid_423,0,0.8462991808710939,0.913945049248315
historical_kmeans4,tid_424,0,0.5116861393017315,0.5743908761016071
historical_kmeans4,tid_425,0,0.8462991808710939,0.913945049248315
historical_kmeans4,tid_428,1,0.8830041973497437,0.9210178710178712
historical_kmeans4,tid_429,1,0.5404790200757947,0.5752913752913752
historical_kmeans4,tid_43,0,0.8462991808710939,0.913945049248315
historical_kmeans4,tid_430,2,0.9546882008217566,0.9951515151515153
historical_kmeans4,tid_431,0,0.8462991808710939,0.913945049248315
historical_kmeans4,tid_432,1,0.9074038345184295,0.9456876456876455
historical_kmeans4,tid_433,1,0.8068288867556677,0.8437451437451438
historical_kmeans4,tid_434,0,0.7077277014626501,0.7744945567651632
historical_kmeans4,tid_435,0,0.8462991808710939,0.913945049248315
historical_kmeans4,tid_436,0,0.8462991808710939,0.913945049248315
historical_kmeans4,tid_437,1,0.8584901743935149,0.8961926961926964
historical_kmeans4,tid_438,0,0.8462991808710939,0.913945049248315
historical_kmeans4,tid_44,0,0.8462991808710939,0.913945049248315
historical_kmeans4,tid_440,0,0.8186441815660663,0.8842923794712284
historical_kmeans4,tid_441,1,0.6608430654794126,0.6955322455322455
historical_kmeans4,tid_442,0,0.700188531653835,0.762208398133748
historical_kmeans4,tid_443,0,0.8462991808710939,0.913945049248315
historical_kmeans4,tid_444,0,0.4824774120520093,0.5439606013478485
historical_kmeans4,tid_445,1,0.8068288867556677,0.8437451437451438
historical_kmeans4,tid_446,0,0.8462991808710939,0.913945049248315
historical_kmeans4,tid_447,1,0.8301012311138781,0.8676767676767677
historical_kmeans4,tid_448,0,0.6755008369395344,0.7219803006739244
historical_kmeans4,tid_449,1,0.9074038345184295,0.9456876456876455
historical_kmeans4,tid_45,0,0.8462991808710939,0.913945049248315
historical_kmeans4,tid_450,0,0.8462991808710939,0.913945049248315
historical_kmeans4,tid_451,1,0.9074038345184295,0.9456876456876455
historical_kmeans4,tid_452,0,0.8462991808710939,0.913945049248315
historical_kmeans4,tid_453,0,0.8462991808710939,0.913945049248315
historical_kmeans4,tid_455,0,0.8462991808710939,0.913945049248315
historical_kmeans4,tid_456,1,0.9074038345184295,0.9456876456876455
historical_kmeans4,tid_457,1,0.9074038345184295,0.9456876456876455
historical_kmeans4,tid_458,0,0.8462991808710939,0.913945049248315
historical_kmeans4,tid_459,0,0.8462991808710939,0.913945049248315
historical_kmeans4,tid_46,0,0.8462991808710939,0.913945049248315
historical_kmeans4,tid_460,0,0.8462991808710939,0.913945049248315
historical_kmeans4,tid_47,0,0.8462991808710939,0.913945049248315
historical_kmeans4,tid_478,2,0.9546882008217566,0.9951515151515153
historical_kmeans4,tid_479,1,0.9074038345184295,0.9456876456876455
historical_kmeans4,tid_48,0,0.8462991808710939,0.913945049248315
historical_kmeans4,tid_480,0,0.8462991808710939,0.913945049248315
historical_kmeans4,tid_481,0,0.7962203003708713,0.8582166925868324
historical_kmeans4,tid_482,1,0.9074038345184295,0.9456876456876455
historical_kmeans4,tid_484,0,0.8462991808710939,0.913945049248315
historical_kmeans4,tid_485,0,0.8462991808710939,0.913945049248315
historical_kmeans4,tid_486,0,0.8462991808710939,0.913945049248315
historical_kmeans4,tid_487,0,0.8462991808710939,0.913945049248315
historical_kmeans4,tid_489,1,0.9074038345184295,0.9456876456876455
historical_kmeans4,tid_49,0,0.8462991808710939,0.913945049248315
historical_kmeans4,tid_490,0,0.8462991808710939,0.913945049248315
historical_kmeans4,tid_491,0,0.8462991808710939,0.913945049248315
historical_kmeans4,tid_492,0,0.8462991808710939,0.913945049248315
historical_kmeans4,tid_493,1,0.9074038345184295,0.9456876456876455
historical_kmeans4,tid_494,0,0.6217157393017811,0.6772420943494039
historical_kmeans4,tid_495,1,0.9074038345184295,0.9456876456876455
historical_kmeans4,tid_496,0,0.7583622328761612,0.824002073613271
historical_kmeans4,tid_497,0,0.6267589146090303,0.6905650596163816
historical_kmeans4,tid_498,0,0.8462991808710939,0.913945049248315
historical_kmeans4,tid_499,0,0.8462991808710939,0.913945049248315
historical_kmeans4,tid_5,0,0.7057466978153378,0.7572317262830481
historical_kmeans4,tid_50,0,0.7022838850856579,0.7508035251425607
historical_kmeans4,tid_501,0,0.8462991808710939,0.913945049248315
historical_kmeans4,tid_502,0,0.8462991808710939,0.913945049248315
historical_kmeans4,tid_503,0,0.5111960012817406,0.5727838258164853
historical_kmeans4,tid_504,2,0.9546882008217566,0.9951515151515153
historical_kmeans4,tid_505,0,0.8462991808710939,0.913945049248315
historical_kmeans4,tid_506,0,0.3660338638320991,0.3961638154484189
historical_kmeans4,tid_507,0,0.790494052946406,0.8551581130119231
historical_kmeans4,tid_508,0,0.8462991808710939,0.913945049248315
historical_kmeans4,tid_509,0,0.8462991808710939,0.913945049248315
historical_kmeans4,tid_51,0,0.8462991808710939,0.913945049248315
historical_kmeans4,tid_510,0,0.8462991808710939,0.913945049248315
historical_kmeans4,tid_511,0,0.8462991808710939,0.913945049248315
historical_kmeans4,tid_512,1,0.7901045491053521,0.8249417249417248
historical_kmeans4,tid_515,0,0.8462991808710939,0.913945049248315
historical_kmeans4,tid_516,1,0.9074038345184295,0.9456876456876455
historical_kmeans4,tid_517,0,0.8462991808710939,0.913945049248315
historical_kmeans4,tid_518,1,0.8785076977637765,0.915967365967366
historical_kmeans4,tid_519,1,0.8055872081576495,0.842851592851593
historical_kmeans4,tid_52,0,0.8462991808710939,0.913945049248315
historical_kmeans4,tid_520,1,0.9074038345184295,0.9456876456876455
historical_kmeans4,tid_521,1,0.9074038345184295,0.9456876456876455
historical_kmeans4,tid_522,1,0.9074038345184295,0.9456876456876455
historical_kmeans4,tid_523,1,0.9074038345184295,0.9456876456876455
historical_kmeans4,tid_524,0,0.8462991808710939,0.913945049248315
historical_kmeans4,tid_525,1,0.9074038345184295,0.9456876456876455
historical_kmeans4,tid_527,1,0.9074038345184295,0.9456876456876455
historical_kmeans4,tid_528,1,0.8068288867556677,0.8437451437451438
historical_kmeans4,tid_529,0,0.8462991808710939,0.913945049248315
historical_kmeans4,tid_53,0,0.8462991808710939,0.913945049248315
historical_kmeans4,tid_530,0,0.7345241450422287,0.8006220839813375
historical_kmeans4,tid_531,1,0.7498657679192786,0.7858585858585859
historical_kmeans4,tid_532,1,0.8338010245942936,0.8711732711732711
historical_kmeans4,tid_533,1,0.9074038345184295,0.9456876456876455
historical_kmeans4,tid_534,1,0.9074038345184295,0.9456876456876455
historical_kmeans4,tid_535,0,0.8462991808710939,0.913945049248315
historical_kmeans4,tid_536,1,0.8035553334101884,0.8412975912975913
historical_kmeans4,tid_537,1,0.7793440773245035,0.8164335664335665
historical_kmeans4,tid_538,1,0.9074038345184295,0.9456876456876455
historical_kmeans4,tid_539,0,0.8462991808710939,0.913945049248315
historical_kmeans4,tid_54,0,0.8462991808710939,0.913945049248315
historical_kmeans4,tid_540,1,0.3107714301877747,0.3346930846930848
historical_kmeans4,tid_541,1,0.9074038345184295,0.9456876456876455
historical_kmeans4,tid_542,3,0.4305945927037041,0.453968253968254
historical_kmeans4,tid_543,0,0.8462991808710939,0.913945049248315
historical_kmeans4,tid_544,1,0.9074038345184295,0.9456876456876455
historical_kmeans4,tid_545,0,0.8170904536213717,0.8835147744945566
historical_kmeans4,tid_546,1,0.8781653393847514,0.9160450660450657
historical_kmeans4,tid_547,1,0.7301933985998618,0.7623543123543122
historical_kmeans4,tid_548,1,0.9074038345184295,0.9456876456876455
historical_kmeans4,tid_549,1,0.9074038345184295,0.9456876456876455
historical_kmeans4,tid_55,0,0.8462991808710939,0.913945049248315
historical_kmeans4,tid_550,0,0.8462991808710939,0.913945049248315
historical_kmeans4,tid_552,1,0.8338010245942936,0.8711732711732711
historical_kmeans4,tid_553,1,0.9074038345184295,0.9456876456876455
historical_kmeans4,tid_554,1,0.5111738086561469,0.5407536907536907
historical_kmeans4,tid_555,1,0.5494279238729387,0.5748640248640247
historical_kmeans4,tid_556,3,0.8662115613866224,0.9164021164021161
historical_kmeans4,tid_557,1,0.9074038345184295,0.9456876456876455
historical_kmeans4,tid_558,1,0.3848394382921849,0.4092074592074592
historical_kmeans4,tid_559,0,0.8170904536213717,0.8835147744945566
historical_kmeans4,tid_56,0,0.8462991808710939,0.913945049248315
historical_kmeans4,tid_560,1,0.7786150703190236,0.8154234654234654
historical_kmeans4,tid_561,1,0.6279329861694644,0.664024864024864
historical_kmeans4,tid_562,1,0.9074038345184295,0.9456876456876455
historical_kmeans4,tid_563,1,0.9074038345184295,0.9456876456876455
historical_kmeans4,tid_564,1,0.3876653650458035,0.4141802641802642
historical_kmeans4,tid_565,1,0.9074038345184295,0.9456876456876455
historical_kmeans4,tid_566,1,0.9074038345184295,0.9456876456876455
historical_kmeans4,tid_567,1,0.9074038345184295,0.9456876456876455
historical_kmeans4,tid_568,0,0.8151394882568128,0.8822187662001035
historical_kmeans4,tid_569,1,0.9074038345184295,0.9456876456876455
historical_kmeans4,tid_57,0,0.36205432379461155,0.39170554691550025
historical_kmeans4,tid_570,1,0.9074038345184295,0.9456876456876455
historical_kmeans4,tid_571,1,0.9074038345184295,0.9456876456876455
historical_kmeans4,tid_572,1,0.9074038345184295,0.9456876456876455
historical_kmeans4,tid_574,0,0.7229809574856775,0.7804561949196474
historical_kmeans4,tid_578,0,0.7561226955988494,0.809694142042509
historical_kmeans4,tid_579,0,0.8462991808710939,0.913945049248315
historical_kmeans4,tid_58,0,0.5975809271955163,0.6608605495075169
historical_kmeans4,tid_580,3,0.8662115613866224,0.9164021164021161
historical_kmeans4,tid_581,0,0.8462991808710939,0.913945049248315
historical_kmeans4,tid_582,3,0.794640760408706,0.863227513227513
historical_kmeans4,tid_583,3,0.8662115613866224,0.9164021164021161
historical_kmeans4,tid_584,0,0.8462991808710939,0.913945049248315
historical_kmeans4,tid_585,1,0.5001992710168749,0.5314685314685313
historical_kmeans4,tid_586,0,0.8462991808710939,0.913945049248315
historical_kmeans4,tid_587,2,0.8909164655499596,0.9293506493506494
historical_kmeans4,tid_588,3,0.7100038174016353,0.7859788359788359
historical_kmeans4,tid_589,0,0.8462991808710939,0.913945049248315
historical_kmeans4,tid_59,0,0.8462991808710939,0.913945049248315
historical_kmeans4,tid_591,0,0.8462991808710939,0.913945049248315
historical_kmeans4,tid_592,0,0.8462991808710939,0.913945049248315
historical_kmeans4,tid_593,0,0.8462991808710939,0.913945049248315
historical_kmeans4,tid_594,0,0.8462991808710939,0.913945049248315
historical_kmeans4,tid_595,0,0.8462991808710939,0.913945049248315
historical_kmeans4,tid_598,0,0.8462991808710939,0.913945049248315
historical_kmeans4,tid_599,0,0.8462991808710939,0.913945049248315
historical_kmeans4,tid_6,0,0.8462991808710939,0.913945049248315
historical_kmeans4,tid_60,0,0.8462991808710939,0.913945049248315
historical_kmeans4,tid_600,0,0.5615874064920637,0.6148781752203213
historical_kmeans4,tid_601,0,0.8462991808710939,0.913945049248315
historical_kmeans4,tid_602,3,0.8662115613866224,0.9164021164021161
historical_kmeans4,tid_603,0,0.8462991808710939,0.913945049248315
historical_kmeans4,tid_604,0,0.6742741456389951,0.7208398133748055
historical_kmeans4,tid_605,0,0.8165720853545246,0.8823224468636597
historical_kmeans4,tid_606,0,0.8462991808710939,0.913945049248315
historical_kmeans4,tid_607,0,0.8462991808710939,0.913945049248315
historical_kmeans4,tid_608,2,0.9234207286587621,0.962770562770563
historical_kmeans4,tid_61,0,0.8462991808710939,0.913945049248315
historical_kmeans4,tid_612,0,0.8234207906698691,0.8868325557283564
historical_kmeans4,tid_613,0,0.7910034078727068,0.8556765163297044
historical_kmeans4,tid_614,3,0.8662115613866224,0.9164021164021161
historical_kmeans4,tid_615,3,0.8662115613866224,0.9164021164021161
historical_kmeans4,tid_616,3,0.8662115613866224,0.9164021164021161
historical_kmeans4,tid_618,3,0.8662115613866224,0.9164021164021161
historical_kmeans4,tid_619,3,0.8662115613866224,0.9164021164021161
historical_kmeans4,tid_62,0,0.8462991808710939,0.913945049248315
historical_kmeans4,tid_621,3,0.8662115613866224,0.9164021164021161
historical_kmeans4,tid_63,0,0.8462991808710939,0.913945049248315
historical_kmeans4,tid_65,0,0.8462991808710939,0.913945049248315
historical_kmeans4,tid_66,2,0.9546882008217566,0.9951515151515153
historical_kmeans4,tid_666,2,0.9546882008217566,0.9951515151515153
historical_kmeans4,tid_667,0,0.8462991808710939,0.913945049248315
historical_kmeans4,tid_668,1,0.9074038345184295,0.9456876456876455
historical_kmeans4,tid_669,1,0.7913694374504346,0.8303030303030303
historical_kmeans4,tid_67,0,0.8462991808710939,0.913945049248315
historical_kmeans4,tid_670,0,0.8462991808710939,0.913945049248315
historical_kmeans4,tid_671,0,0.8462991808710939,0.913945049248315
historical_kmeans4,tid_674,0,0.8462991808710939,0.913945049248315
historical_kmeans4,tid_675,0,0.8462991808710939,0.913945049248315
historical_kmeans4,tid_676,0,0.8462991808710939,0.913945049248315
historical_kmeans4,tid_677,0,0.8462991808710939,0.913945049248315
historical_kmeans4,tid_678,0,0.7675677438997351,0.8265422498703991
historical_kmeans4,tid_679,0,0.8462991808710939,0.913945049248315
historical_kmeans4,tid_68,0,0.8462991808710939,0.913945049248315
historical_kmeans4,tid_680,0,0.8462991808710939,0.913945049248315
historical_kmeans4,tid_683,1,0.6737175173098574,0.7048562548562548
historical_kmeans4,tid_685,0,0.764927296506735,0.8246241575946086
historical_kmeans4,tid_686,0,0.8462991808710939,0.913945049248315
historical_kmeans4,tid_687,1,0.9074038345184295,0.9456876456876455
historical_kmeans4,tid_689,0,0.8462991808710939,0.913945049248315
historical_kmeans4,tid_69,2,0.5047416894653963,0.5324675324675324
historical_kmeans4,tid_690,1,0.8068288867556677,0.8437451437451438
historical_kmeans4,tid_691,1,0.9074038345184295,0.9456876456876455
historical_kmeans4,tid_692,0,0.6736041427956471,0.7388284085018143
historical_kmeans4,tid_693,0,0.8462991808710939,0.913945049248315
historical_kmeans4,tid_694,1,0.9074038345184295,0.9456876456876455
historical_kmeans4,tid_695,1,0.7303854553158228,0.7627039627039626
historical_kmeans4,tid_696,0,0.8462991808710939,0.913945049248315
historical_kmeans4,tid_697,1,0.9074038345184295,0.9456876456876455
historical_kmeans4,tid_698,1,0.672734368072793,0.7043512043512042
historical_kmeans4,tid_699,1,0.9074038345184295,0.9456876456876455
historical_kmeans4,tid_7,2,0.9546882008217566,0.9951515151515153
historical_kmeans4,tid_70,1,0.5112239959841172,0.5457653457653457
historical_kmeans4,tid_701,1,0.9074038345184295,0.9456876456876455
historical_kmeans4,tid_702,1,0.8768925033492037,0.9145299145299144
historical_kmeans4,tid_703,1,0.9074038345184295,0.9456876456876455
historical_kmeans4,tid_704,1,0.7223809584881145,0.7585470085470085
historical_kmeans4,tid_705,1,0.9074038345184295,0.9456876456876455
historical_kmeans4,tid_706,1,0.9074038345184295,0.9456876456876455
historical_kmeans4,tid_708,3,0.8662115613866224,0.9164021164021161
historical_kmeans4,tid_71,0,0.8462991808710939,0.913945049248315
historical_kmeans4,tid_710,1,0.9074038345184295,0.9456876456876455
historical_kmeans4,tid_711,1,0.3300297708357015,0.35384615384615387
historical_kmeans4,tid_712,1,0.9074038345184295,0.9456876456876455
historical_kmeans4,tid_713,1,0.9074038345184295,0.9456876456876455
historical_kmeans4,tid_714,1,0.8511663882773995,0.8898601398601399
historical_kmeans4,tid_715,1,0.9074038345184295,0.9456876456876455
historical_kmeans4,tid_716,0,0.82494164648126,0.8893208916537064
historical_kmeans4,tid_717,1,0.9074038345184295,0.9456876456876455
historical_kmeans4,tid_718,3,0.8662115613866224,0.9164021164021161
historical_kmeans4,tid_719,1,0.9074038345184295,0.9456876456876455
historical_kmeans4,tid_72,0,0.7712751179739062,0.829911871435977
historical_kmeans4,tid_720,3,0.8662115613866224,0.9164021164021161
historical_kmeans4,tid_721,1,0.4027154791817749,0.4269230769230769
historical_kmeans4,tid_722,0,0.8462991808710939,0.913945049248315
historical_kmeans4,tid_723,1,0.9074038345184295,0.9456876456876455
historical_kmeans4,tid_725,0,0.8462991808710939,0.913945049248315
historical_kmeans4,tid_726,3,0.8662115613866224,0.9164021164021161
historical_kmeans4,tid_727,2,0.9546882008217566,0.9951515151515153
historical_kmeans4,tid_73,2,0.9546882008217566,0.9951515151515153
historical_kmeans4,tid_731,0,0.8462991808710939,0.913945049248315
historical_kmeans4,tid_734,1,0.9074038345184295,0.9456876456876455
historical_kmeans4,tid_735,0,0.8462991808710939,0.913945049248315
historical_kmeans4,tid_736,3,0.4515216775996073,0.5079365079365079
historical_kmeans4,tid_737,0,0.6528883388472189,0.7180922757905649
historical_kmeans4,tid_738,0,0.8462991808710939,0.913945049248315
historical_kmeans4,tid_739,1,0.8295624107406566,0.8674825174825175
historical_kmeans4,tid_74,0,0.8462991808710939,0.913945049248315
historical_kmeans4,tid_741,0,0.8462991808710939,0.913945049248315
historical_kmeans4,tid_742,0,0.8462991808710939,0.913945049248315
historical_kmeans4,tid_743,1,0.8830041973497437,0.9210178710178712
historical_kmeans4,tid_744,0,0.8462991808710939,0.913945049248315
historical_kmeans4,tid_745,1,0.9074038345184295,0.9456876456876455
historical_kmeans4,tid_746,1,0.8827146847192082,0.9206682206682207
historical_kmeans4,tid_747,1,0.9074038345184295,0.9456876456876455
historical_kmeans4,tid_748,0,0.8462991808710939,0.913945049248315
historical_kmeans4,tid_749,1,0.6918934309166693,0.7267676767676766
historical_kmeans4,tid_75,0,0.8462991808710939,0.913945049248315
historical_kmeans4,tid_751,1,0.9074038345184295,0.9456876456876455
historical_kmeans4,tid_752,1,0.7215790012449995,0.7584304584304584
historical_kmeans4,tid_753,1,0.5366798684364702,0.5642579642579643
historical_kmeans4,tid_754,0,0.8462991808710939,0.913945049248315
historical_kmeans4,tid_755,1,0.8830041973497437,0.9210178710178712
historical_kmeans4,tid_756,0,0.8462991808710939,0.913945049248315
historical_kmeans4,tid_757,0,0.8462991808710939,0.913945049248315
historical_kmeans4,tid_758,0,0.5116861393017315,0.5743908761016071
historical_kmeans4,tid_76,2,0.9546882008217566,0.9951515151515153
historical_kmeans4,tid_760,1,0.8828898115622008,0.9208624708624707
historical_kmeans4,tid_761,1,0.8338010245942936,0.8711732711732711
historical_kmeans4,tid_763,0,0.8462991808710939,0.913945049248315
historical_kmeans4,tid_764,1,0.8582006617629795,0.895843045843046
historical_kmeans4,tid_765,1,0.9074038345184295,0.9456876456876455
historical_kmeans4,tid_766,0,0.8462991808710939,0.913945049248315
historical_kmeans4,tid_767,0,0.8462991808710939,0.913945049248315
historical_kmeans4,tid_769,1,0.9074038345184295,0.9456876456876455
historical_kmeans4,tid_77,2,0.9234207286587621,0.962770562770563
historical_kmeans4,tid_770,1,0.6038069964053886,0.6385392385392384
historical_kmeans4,tid_771,0,0.3892601191995665,0.4367547952306895
historical_kmeans4,tid_773,3,0.568133789696706,0.6444444444444444
historical_kmeans4,tid_774,1,0.6903005825737608,0.7258352758352759
historical_kmeans4,tid_775,2,0.9546882008217566,0.9951515151515153
historical_kmeans4,tid_776,0,0.8462991808710939,0.913945049248315
historical_kmeans4,tid_777,2,0.6980670257631412,0.7329870129870131
historical_kmeans4,tid_778,0,0.8462991808710939,0.913945049248315
historical_kmeans4,tid_779,0,0.8462991808710939,0.913945049248315
historical_kmeans4,tid_78,0,0.8462991808710939,0.913945049248315
historical_kmeans4,tid_780,0,0.8462991808710939,0.913945049248315
historical_kmeans4,tid_781,0,0.8462991808710939,0.913945049248315
historical_kmeans4,tid_782,2,0.9546882008217566,0.9951515151515153
historical_kmeans4,tid_783,0,0.8462991808710939,0.913945049248315
historical_kmeans4,tid_784,0,0.8186441815660663,0.8842923794712284
historical_kmeans4,tid_785,2,0.9546882008217566,0.9951515151515153
historical_kmeans4,tid_787,3,0.6446988629025234,0.6997354497354497
historical_kmeans4,tid_788,3,0.5821875878788209,0.6481481481481484
historical_kmeans4,tid_789,0,0.8462991808710939,0.913945049248315
historical_kmeans4,tid_79,0,0.8462991808710939,0.913945049248315
historical_kmeans4,tid_790,0,0.8462991808710939,0.913945049248315
historical_kmeans4,tid_791,3,0.7519175503728566,0.7939153439153439
historical_kmeans4,tid_792,3,0.6302857620246045,0.7134920634920634
historical_kmeans4,tid_793,3,0.7966908265787307,0.8674603174603173
historical_kmeans4,tid_794,0,0.8462991808710939,0.913945049248315
historical_kmeans4,tid_795,3,0.7453966713293424,0.8248677248677246
historical_kmeans4,tid_796,3,0.8662115613866224,0.9164021164021161
historical_kmeans4,tid_797,3,0.7710118602353268,0.8460317460317459
historical_kmeans4,tid_798,0,0.47619812020146923,0.5247796785899429
historical_kmeans4,tid_799,3,0.6599359456584242,0.7441798941798939
historical_kmeans4,tid_8,0,0.5654077068756702,0.5996889580093312
historical_kmeans4,tid_80,0,0.8462991808710939,0.913945049248315
historical_kmeans4,tid_800,3,0.843579164901015,0.9010582010582009
historical_kmeans4,tid_801,3,0.8662115613866224,0.9164021164021161
historical_kmeans4,tid_802,1,0.541334894807608,0.5754856254856254
historical_kmeans4,tid_803,3,0.6888351741639519,0.7724867724867722
historical_kmeans4,tid_804,1,0.6615072982554548,0.6975912975912977
historical_kmeans4,tid_805,3,0.6597830156019234,0.743121693121693
historical_kmeans4,tid_806,0,0.8462991808710939,0.913945049248315
historical_kmeans4,tid_807,3,0.7453966713293424,0.8248677248677246
historical_kmeans4,tid_808,1,0.855917673723575,0.8934343434343436
historical_kmeans4,tid_809,2,0.9546882008217566,0.9951515151515153
historical_kmeans4,tid_81,0,0.8462991808710939,0.913945049248315
historical_kmeans4,tid_810,0,0.7556882481806012,0.8118714359771901
historical_kmeans4,tid_811,2,0.9546882008217566,0.9951515151515153
historical_kmeans4,tid_812,2,0.9546882008217566,0.9951515151515153
historical_kmeans4,tid_813,2,0.9546882008217566,0.9951515151515153
historical_kmeans4,tid_814,0,0.5635011360045444,0.608087091757387
historical_kmeans4,tid_815,0,0.8030047259879549,0.8651114567133227
historical_kmeans4,tid_817,1,0.9074038345184295,0.9456876456876455
historical_kmeans4,tid_818,0,0.7819717005415132,0.8402280974598236
historical_kmeans4,tid_819,2,0.9546882008217566,0.9951515151515153
historical_kmeans4,tid_82,0,0.8462991808710939,0.913945049248315
historical_kmeans4,tid_820,0,0.6161364060867215,0.6575427682737168
historical_kmeans4,tid_821,0,0.7265217299706389,0.7808709175738724
historical_kmeans4,tid_822,1,0.42749514212312445,0.453030303030303
historical_kmeans4,tid_823,0,0.8002261640205546,0.8606531881804041
historical_kmeans4,tid_824,2,0.9546882008217566,0.9951515151515153
historical_kmeans4,tid_825,0,0.6228705487151259,0.6699844479004664
historical_kmeans4,tid_826,0,0.5956118944916049,0.6370139968895799
historical_kmeans4,tid_827,0,0.3616488377598704,0.39652669777086574
historical_kmeans4,tid_828,1,0.9074038345184295,0.9456876456876455
historical_kmeans4,tid_829,1,0.9074038345184295,0.9456876456876455
historical_kmeans4,tid_83,0,0.8462991808710939,0.913945049248315
historical_kmeans4,tid_830,2,0.8907039409507919,0.9298701298701301
historical_kmeans4,tid_831,1,0.9074038345184295,0.9456876456876455
historical_kmeans4,tid_832,0,0.7563089423566141,0.8128564022809744
historical_kmeans4,tid_833,1,0.9074038345184295,0.9456876456876455
historical_kmeans4,tid_834,2,0.9546882008217566,0.9951515151515153
historical_kmeans4,tid_835,0,0.44913957016240863,0.4873509590461379
historical_kmeans4,tid_836,1,0.7890795041284497,0.8240093240093239
historical_kmeans4,tid_838,1,0.9074038345184295,0.9456876456876455
historical_kmeans4,tid_839,1,0.9074038345184295,0.9456876456876455
historical_kmeans4,tid_840,0,0.64905568490325,0.6933644375324001
historical_kmeans4,tid_841,2,0.9546882008217566,0.9951515151515153
historical_kmeans4,tid_842,2,0.9546882008217566,0.9951515151515153
historical_kmeans4,tid_843,0,0.8462991808710939,0.913945049248315
historical_kmeans4,tid_844,3,0.7453966713293424,0.8248677248677246
historical_kmeans4,tid_846,0,0.4461922831973841,0.4923794712286158
historical_kmeans4,tid_847,3,0.6570522284275176,0.7399470899470898
historical_kmeans4,tid_848,3,0.8662115613866224,0.9164021164021161
historical_kmeans4,tid_849,1,0.22497352750531593,0.23694638694638687
historical_kmeans4,tid_851,3,0.8662115613866224,0.9164021164021161
historical_kmeans4,tid_852,3,0.8662115613866224,0.9164021164021161
historical_kmeans4,tid_853,3,0.8662115613866224,0.9164021164021161
historical_kmeans4,tid_854,3,0.8662115613866224,0.9164021164021161
historical_kmeans4,tid_855,3,0.8662115613866224,0.9164021164021161
historical_kmeans4,tid_856,3,0.7453966713293424,0.8248677248677246
historical_kmeans4,tid_857,3,0.8662115613866224,0.9164021164021161
historical_kmeans4,tid_859,3,0.8662115613866224,0.9164021164021161
historical_kmeans4,tid_860,3,0.5974168560743024,0.6727513227513227
historical_kmeans4,tid_870,3,0.8662115613866224,0.9164021164021161
historical_kmeans4,tid_871,3,0.6000447286138387,0.6854497354497354
historical_kmeans4,tid_872,2,0.9234207286587621,0.962770562770563
historical_kmeans4,tid_873,0,0.47619812020146923,0.5247796785899429
historical_kmeans4,tid_874,3,0.27989734077331796,0.34920634920634913
historical_kmeans4,tid_875,3,0.8662115613866224,0.9164021164021161
historical_kmeans4,tid_876,3,0.8662115613866224,0.9164021164021161
historical_kmeans4,tid_877,3,0.8662115613866224,0.9164021164021161
historical_kmeans4,tid_878,3,0.7180028541250414,0.8007936507936505
historical_kmeans4,tid_879,3,0.8662115613866224,0.9164021164021161
historical_kmeans4,tid_880,3,0.8662115613866224,0.9164021164021161
historical_kmeans4,tid_881,0,0.7909533907322958,0.8548470710212543
historical_kmeans4,tid_882,3,0.8662115613866224,0.9164021164021161
historical_kmeans4,tid_883,0,0.38695571601988266,0.4299118714359772
historical_kmeans4,tid_884,3,0.8662115613866224,0.9164021164021161
historical_kmeans4,tid_885,0,0.5634842103355263,0.6162260238465526
historical_kmeans4,tid_886,3,0.7453966713293424,0.8248677248677246
historical_kmeans4,tid_888,3,0.8662115613866224,0.9164021164021161
historical_kmeans4,tid_889,3,0.8662115613866224,0.9164021164021161
historical_kmeans4,tid_890,0,0.8462991808710939,0.913945049248315
historical_kmeans4,tid_891,0,0.7924745912921828,0.8588387765681699
historical_kmeans4,tid_892,0,0.8462991808710939,0.913945049248315
historical_kmeans4,tid_895,1,0.9074038345184295,0.9456876456876455
historical_kmeans4,tid_896,0,0.8462991808710939,0.913945049248315
historical_kmeans4,tid_897,1,0.7310480564604197,0.7696969696969697
historical_kmeans4,tid_898,1,0.9074038345184295,0.9456876456876455
historical_kmeans4,tid_899,0,0.8462991808710939,0.913945049248315
historical_kmeans4,tid_9,0,0.8462991808710939,0.913945049248315
historical_kmeans4,tid_900,1,0.9074038345184295,0.9456876456876455
historical_kmeans4,tid_901,1,0.9074038345184295,0.9456876456876455
historical_kmeans4,tid_902,1,0.9074038345184295,0.9456876456876455
historical_kmeans4,tid_903,1,0.5719388995478825,0.6061771561771561
historical_kmeans4,tid_904,1,0.8583150475505223,0.8959984459984459
historical_kmeans4,tid_905,1,0.8248936709618105,0.8623931623931624
historical_kmeans4,tid_907,3,0.8662115613866224,0.9164021164021161
historical_kmeans4,tid_908,1,0.9074038345184295,0.9456876456876455
historical_kmeans4,tid_909,1,0.9074038345184295,0.9456876456876455
historical_kmeans4,tid_911,1,0.9074038345184295,0.9456876456876455
historical_kmeans4,tid_912,0,0.8462991808710939,0.913945049248315
historical_kmeans4,tid_913,1,0.9074038345184295,0.9456876456876455
historical_kmeans4,tid_914,1,0.9074038345184295,0.9456876456876455
historical_kmeans4,tid_915,1,0.9074038345184295,0.9456876456876455
historical_kmeans4,tid_916,3,0.7453966713293424,0.8248677248677246
historical_kmeans4,tid_917,3,0.8662115613866224,0.9164021164021161
historical_kmeans4,tid_918,2,0.9546882008217566,0.9951515151515153
historical_kmeans4,tid_920,1,0.6958770538045267,0.7328671328671328
historical_kmeans4,tid_922,1,0.9074038345184295,0.9456876456876455
historical_kmeans4,tid_923,1,0.9074038345184295,0.9456876456876455
historical_kmeans4,tid_924,1,0.9074038345184295,0.9456876456876455
historical_kmeans4,tid_925,1,0.9074038345184295,0.9456876456876455
historical_kmeans4,tid_926,1,0.9074038345184295,0.9456876456876455
historical_kmeans4,tid_927,0,0.8462991808710939,0.913945049248315
historical_kmeans4,tid_928,2,0.9546882008217566,0.9951515151515153
historical_kmeans4,tid_929,0,0.5066631311255444,0.5468118195956453
historical_kmeans4,tid_930,1,0.9074038345184295,0.9456876456876455
historical_kmeans4,tid_986,0,0.25057145910370615,0.2685329186106791
historical_kmeans4,tid_987,0,0.6429849386194024,0.6951270088128562
historical_kmeans4,tid_988,0,0.7819970312237517,0.8386210471747018
historical_kmeans4,tid_989,0,0.8462991808710939,0.913945049248315
historical_kmeans4,tid_991,0,0.8462991808710939,0.913945049248315
historical_kmeans4,tid_992,0,0.8462991808710939,0.913945049248315
historical_kmeans4,tid_993,1,0.9074038345184295,0.9456876456876455
historical_kmeans4,tid_994,1,0.9074038345184295,0.9456876456876455
historical_kmeans4,tid_995,1,0.9074038345184295,0.9456876456876455
historical_kmeans4,tid_996,0,0.5635011360045444,0.608087091757387
historical_kmeans4,tid_998,1,0.9074038345184295,0.9456876456876455
historical_kmeans4,tid_999,1,0.9074038345184295,0.9456876456876455
sw_constrained_huber75,tid_1,2,0.7732990064543716,0.868661971830986
sw_constrained_huber75,tid_10,0,0.8069662517124885,0.8772270114942529
sw_constrained_huber75,tid_1001,1,0.8874145832017569,0.9080046742623428
sw_constrained_huber75,tid_1002,1,0.9475855166602014,0.9692667250949457
sw_constrained_huber75,tid_1003,1,0.9475855166602014,0.9692667250949457
sw_constrained_huber75,tid_1004,1,0.9475855166602014,0.9692667250949457
sw_constrained_huber75,tid_1005,1,0.9475855166602014,0.9692667250949457
sw_constrained_huber75,tid_1006,1,0.9475855166602014,0.9692667250949457
sw_constrained_huber75,tid_1007,0,0.27309304489724084,0.3157327586206897
sw_constrained_huber75,tid_1008,0,0.8069662517124885,0.8772270114942529
sw_constrained_huber75,tid_1009,0,0.7794238967749714,0.845617816091954
sw_constrained_huber75,tid_1010,0,0.7371434065879294,0.7991379310344828
sw_constrained_huber75,tid_1011,0,0.5459081441841643,0.6024425287356323
sw_constrained_huber75,tid_1012,1,0.9475855166602014,0.9692667250949457
sw_constrained_huber75,tid_1013,1,0.9475855166602014,0.9692667250949457
sw_constrained_huber75,tid_1014,1,0.9475855166602014,0.9692667250949457
sw_constrained_huber75,tid_1015,1,0.9475855166602014,0.9692667250949457
sw_constrained_huber75,tid_1016,1,0.9475855166602014,0.9692667250949457
sw_constrained_huber75,tid_1017,1,0.9475855166602014,0.9692667250949457
sw_constrained_huber75,tid_1018,1,0.9475855166602014,0.9692667250949457
sw_constrained_huber75,tid_1019,1,0.9475855166602014,0.9692667250949457
sw_constrained_huber75,tid_1020,1,0.9475855166602014,0.9692667250949457
sw_constrained_huber75,tid_1021,1,0.9475855166602014,0.9692667250949457
sw_constrained_huber75,tid_1023,1,0.9475855166602014,0.9692667250949457
sw_constrained_huber75,tid_1024,1,0.9475855166602014,0.9692667250949457
sw_constrained_huber75,tid_1025,1,0.9475855166602014,0.9692667250949457
sw_constrained_huber75,tid_1026,1,0.9475855166602014,0.9692667250949457
sw_constrained_huber75,tid_1027,1,0.9475855166602014,0.9692667250949457
sw_constrained_huber75,tid_1028,1,0.9475855166602014,0.9692667250949457
sw_constrained_huber75,tid_1029,1,0.9475855166602014,0.9692667250949457
sw_constrained_huber75,tid_1030,1,0.9475855166602014,0.9692667250949457
sw_constrained_huber75,tid_1031,1,0.9175210004149352,0.9387671633070405
sw_constrained_huber75,tid_1032,1,0.9475855166602014,0.9692667250949457
sw_constrained_huber75,tid_1033,1,0.9475855166602014,0.9692667250949457
sw_constrained_huber75,tid_1034,1,0.9475855166602014,0.9692667250949457
sw_constrained_huber75,tid_1035,1,0.9475855166602014,0.9692667250949457
sw_constrained_huber75,tid_1036,1,0.9475855166602014,0.9692667250949457
sw_constrained_huber75,tid_1037,1,0.9475855166602014,0.9692667250949457
sw_constrained_huber75,tid_1038,1,0.9475855166602014,0.9692667250949457
sw_constrained_huber75,tid_1039,0,0.6556083636377076,0.7175287356321839
sw_constrained_huber75,tid_1040,1,0.9475855166602014,0.9692667250949457
sw_constrained_huber75,tid_1041,1,0.9475855166602014,0.9692667250949457
sw_constrained_huber75,tid_1044,1,0.9475855166602014,0.9692667250949457
sw_constrained_huber75,tid_1047,1,0.9475855166602014,0.9692667250949457
sw_constrained_huber75,tid_1048,1,0.8918629045543885,0.912240724510663
sw_constrained_huber75,tid_1049,0,0.8117235235884844,0.8817528735632185
sw_constrained_huber75,tid_1051,0,0.698050039985532,0.7652298850574714
sw_constrained_huber75,tid_1052,1,0.9475855166602014,0.9692667250949457
sw_constrained_huber75,tid_1053,1,0.9475855166602014,0.9692667250949457
sw_constrained_huber75,tid_1054,0,0.8117235235884844,0.8817528735632185
sw_constrained_huber75,tid_1055,1,0.9475855166602014,0.9692667250949457
sw_constrained_huber75,tid_1056,1,0.9475855166602014,0.9692667250949457
sw_constrained_huber75,tid_1057,1,0.8855845757684766,0.9065439672801634
sw_constrained_huber75,tid_1058,1,0.9475855166602014,0.9692667250949457
sw_constrained_huber75,tid_1059,1,0.8918629045543885,0.912240724510663
sw_constrained_huber75,tid_1060,1,0.9475855166602014,0.9692667250949457
sw_constrained_huber75,tid_1061,1,0.9216073025674476,0.9429155711364298
sw_constrained_huber75,tid_1062,1,0.9475855166602014,0.9692667250949457
sw_constrained_huber75,tid_1063,1,0.9475855166602014,0.9692667250949457
sw_constrained_huber75,tid_1064,1,0.9475855166602014,0.9692667250949457
sw_constrained_huber75,tid_1065,1,0.9475855166602014,0.9692667250949457
sw_constrained_huber75,tid_1066,1,0.9475855166602014,0.9692667250949457
sw_constrained_huber75,tid_1067,1,0.9475855166602014,0.9692667250949457
sw_constrained_huber75,tid_1068,1,0.9475855166602014,0.9692667250949457
sw_constrained_huber75,tid_1069,3,0.41011338248721035,0.4628726287262873
sw_constrained_huber75,tid_1070,1,0.9475855166602014,0.9692667250949457
sw_constrained_huber75,tid_1071,0,0.8117235235884844,0.8817528735632185
sw_constrained_huber75,tid_1072,1,0.9475855166602014,0.9692667250949457
sw_constrained_huber75,tid_11,0,0.8069662517124885,0.8772270114942529
sw_constrained_huber75,tid_1107,0,0.8069662517124885,0.8772270114942529
sw_constrained_huber75,tid_1108,1,0.9475855166602014,0.9692667250949457
sw_constrained_huber75,tid_1109,1,0.5130058477484599,0.5295939234589542
sw_constrained_huber75,tid_1110,1,0.9475855166602014,0.9692667250949457
sw_constrained_huber75,tid_1111,1,0.9475855166602014,0.9692667250949457
sw_constrained_huber75,tid_1112,1,0.9475855166602014,0.9692667250949457
sw_constrained_huber75,tid_1113,1,0.9475855166602014,0.9692667250949457
sw_constrained_huber75,tid_1115,1,0.9475855166602014,0.9692667250949457
sw_constrained_huber75,tid_1116,1,0.9475855166602014,0.9692667250949457
sw_constrained_huber75,tid_1117,0,0.8069662517124885,0.8772270114942529
sw_constrained_huber75,tid_1118,1,0.9475855166602014,0.9692667250949457
sw_constrained_huber75,tid_1119,1,0.9475855166602014,0.9692667250949457
sw_constrained_huber75,tid_1120,1,0.9475855166602014,0.9692667250949457
sw_constrained_huber75,tid_1121,1,0.9475855166602014,0.9692667250949457
sw_constrained_huber75,tid_1122,1,0.8852436973240575,0.9059888986269352
sw_constrained_huber75,tid_1123,1,0.9475855166602014,0.9692667250949457
sw_constrained_huber75,tid_1124,1,0.9475855166602014,0.9692667250949457
sw_constrained_huber75,tid_1125,1,0.9475855166602014,0.9692667250949457
sw_constrained_huber75,tid_1126,1,0.9475855166602014,0.9692667250949457
sw_constrained_huber75,tid_1127,1,0.9475855166602014,0.9692667250949457
sw_constrained_huber75,tid_1128,1,0.9475855166602014,0.9692667250949457
sw_constrained_huber75,tid_1129,1,0.9475855166602014,0.9692667250949457
sw_constrained_huber75,tid_1130,1,0.9475855166602014,0.9692667250949457
sw_constrained_huber75,tid_1131,1,0.6758953243215949,0.6916155419222904
sw_constrained_huber75,tid_1132,1,0.9475855166602014,0.9692667250949457
sw_constrained_huber75,tid_1133,1,0.9475855166602014,0.9692667250949457
sw_constrained_huber75,tid_1134,2,0.8982142584895533,0.9940140845070424
sw_constrained_huber75,tid_1135,0,0.8069662517124885,0.8772270114942529
sw_constrained_huber75,tid_1136,0,0.8117235235884844,0.8817528735632185
sw_constrained_huber75,tid_1137,1,0.9475855166602014,0.9692667250949457
sw_constrained_huber75,tid_1138,1,0.7646254343607141,0.7831434414256501
sw_constrained_huber75,tid_1139,1,0.5125968776497758,0.5294770669003799
sw_constrained_huber75,tid_1140,0,0.8069662517124885,0.8772270114942529
sw_constrained_huber75,tid_1141,0,0.8117235235884844,0.8817528735632185
sw_constrained_huber75,tid_1142,0,0.8117235235884844,0.8817528735632185
sw_constrained_huber75,tid_1143,1,0.9475855166602014,0.9692667250949457
sw_constrained_huber75,tid_1144,1,0.9475855166602014,0.9692667250949457
sw_constrained_huber75,tid_1146,1,0.9475855166602014,0.9692667250949457
sw_constrained_huber75,tid_1147,0,0.8117235235884844,0.8817528735632185
sw_constrained_huber75,tid_1148,1,0.6038102719421384,0.6220274612912652
sw_constrained_huber75,tid_1149,0,0.7849779202949863,0.8526580459770117
sw_constrained_huber75,tid_1150,0,0.13357035499009096,0.16336206896551725
sw_constrained_huber75,tid_1151,1,0.9216073025674476,0.9429155711364298
sw_constrained_huber75,tid_1152,3,0.8073925346420467,0.8528455284552845
sw_constrained_huber75,tid_1153,0,0.7014354760844138,0.7655172413793103
sw_constrained_huber75,tid_1154,1,0.9216073025674476,0.9429155711364298
sw_constrained_huber75,tid_1155,1,0.45539598871437303,0.4712240724510663
sw_constrained_huber75,tid_1157,1,0.9475855166602014,0.9692667250949457
sw_constrained_huber75,tid_1158,1,0.9475855166602014,0.9692667250949457
sw_constrained_huber75,tid_1159,0,0.7570594037884094,0.8239942528735633
sw_constrained_huber75,tid_1160,1,0.9475855166602014,0.9692667250949457
sw_constrained_huber75,tid_1161,1,0.9177324466768434,0.9391761612620507
sw_constrained_huber75,tid_1163,1,0.7331199173175762,0.7519427402862987
sw_constrained_huber75,tid_1164,1,0.8855845757684766,0.9065439672801634
sw_constrained_huber75,tid_1165,1,0.6707696000736606,0.6893076248904471
sw_constrained_huber75,tid_1166,1,0.9475855166602014,0.9692667250949457
sw_constrained_huber75,tid_1167,1,0.9475855166602014,0.9692667250949457
sw_constrained_huber75,tid_1168,1,0.9475855166602014,0.9692667250949457
sw_constrained_huber75,tid_1169,0,0.8117235235884844,0.8817528735632185
sw_constrained_huber75,tid_1170,0,0.8117235235884844,0.8817528735632185
sw_constrained_huber75,tid_1171,0,0.8117235235884844,0.8817528735632185
sw_constrained_huber75,tid_1172,0,0.8117235235884844,0.8817528735632185
sw_constrained_huber75,tid_1173,0,0.5006619092477264,0.5574712643678162
sw_constrained_huber75,tid_1174,0,0.8117235235884844,0.8817528735632185
sw_constrained_huber75,tid_1175,0,0.8117235235884844,0.8817528735632185
sw_constrained_huber75,tid_1176,2,0.8982142584895533,0.9940140845070424
sw_constrained_huber75,tid_1178,0,0.7035252059277717,0.7662356321839082
sw_constrained_huber75,tid_1179,1,0.4561861585750346,0.47172071282500727
sw_constrained_huber75,tid_1180,1,0.8923873048276432,0.9129126497224654
sw_constrained_huber75,tid_1181,0,0.8117235235884844,0.8817528735632185
sw_constrained_huber75,tid_1184,1,0.23662449920674095,0.24723926380368097
sw_constrained_huber75,tid_1185,3,0.3648757944129802,0.45501355013550143
sw_constrained_huber75,tid_1186,2,0.8982142584895533,0.9940140845070424
sw_constrained_huber75,tid_1187,0,0.8117235235884844,0.8817528735632185
sw_constrained_huber75,tid_1188,0,0.5588516571765733,0.6147988505747127
sw_constrained_huber75,tid_1189,1,0.9475855166602014,0.9692667250949457
sw_constrained_huber75,tid_1190,0,0.6496603028104968,0.7092672413793103
sw_constrained_huber75,tid_1191,0,0.7297793123588432,0.7920258620689657
sw_constrained_huber75,tid_1192,1,0.29923601926334326,0.3122699386503067
sw_constrained_huber75,tid_1193,1,0.6461476679359766,0.6617294770669003
sw_constrained_huber75,tid_1194,0,0.8117235235884844,0.8817528735632185
sw_constrained_huber75,tid_1195,1,0.9475855166602014,0.9692667250949457
sw_constrained_huber75,tid_1196,1,0.6774661538588779,0.6938358165352031
sw_constrained_huber75,tid_1197,0,0.8117235235884844,0.8817528735632185
sw_constrained_huber75,tid_1198,0,0.7519322758043745,0.8176005747126438
sw_constrained_huber75,tid_12,0,0.8069662517124885,0.8772270114942529
sw_constrained_huber75,tid_1200,1,0.9475855166602014,0.9692667250949457
sw_constrained_huber75,tid_1201,1,0.9475855166602014,0.9692667250949457
sw_constrained_huber75,tid_1203,1,0.9475855166602014,0.9692667250949457
sw_constrained_huber75,tid_1204,1,0.9475855166602014,0.9692667250949457
sw_constrained_huber75,tid_1205,1,0.9475855166602014,0.9692667250949457
sw_constrained_huber75,tid_1206,1,0.9475855166602014,0.9692667250949457
sw_constrained_huber75,tid_1207,1,0.9475855166602014,0.9692667250949457
sw_constrained_huber75,tid_1208,1,0.9475855166602014,0.9692667250949457
sw_constrained_huber75,tid_1209,1,0.9475855166602014,0.9692667250949457
sw_constrained_huber75,tid_1210,1,0.9475855166602014,0.9692667250949457
sw_constrained_huber75,tid_1211,1,0.9475855166602014,0.9692667250949457
sw_constrained_huber75,tid_1212,1,0.7948785589622102,0.8143441425650014
sw_constrained_huber75,tid_1213,1,0.9475855166602014,0.9692667250949457
sw_constrained_huber75,tid_1214,1,0.9475855166602014,0.9692667250949457
sw_constrained_huber75,tid_1215,1,0.9475855166602014,0.9692667250949457
sw_constrained_huber75,tid_1217,1,0.9475855166602014,0.9692667250949457
sw_constrained_huber75,tid_1218,1,0.9475855166602014,0.9692667250949457
sw_constrained_huber75,tid_1219,1,0.9475855166602014,0.9692667250949457
sw_constrained_huber75,tid_1220,1,0.9475855166602014,0.9692667250949457
sw_constrained_huber75,tid_1221,1,0.9475855166602014,0.9692667250949457
sw_constrained_huber75,tid_1222,1,0.9475855166602014,0.9692667250949457
sw_constrained_huber75,tid_1223,1,0.9475855166602014,0.9692667250949457
sw_constrained_huber75,tid_1224,0,0.8069662517124885,0.8772270114942529
sw_constrained_huber75,tid_1225,0,0.8117235235884844,0.8817528735632185
sw_constrained_huber75,tid_1226,0,0.8117235235884844,0.8817528735632185
sw_constrained_huber75,tid_1227,1,0.9475855166602014,0.9692667250949457
sw_constrained_huber75,tid_1228,1,0.9475855166602014,0.9692667250949457
sw_constrained_huber75,tid_1229,0,0.8117235235884844,0.8817528735632185
sw_constrained_huber75,tid_1230,0,0.8117235235884844,0.8817528735632185
sw_constrained_huber75,tid_1231,0,0.8117235235884844,0.8817528735632185
sw_constrained_huber75,tid_1232,1,0.9475855166602014,0.9692667250949457
sw_constrained_huber75,tid_1233,0,0.8069662517124885,0.8772270114942529
sw_constrained_huber75,tid_1234,0,0.8117235235884844,0.8817528735632185
sw_constrained_huber75,tid_1235,0,0.6831944503301915,0.7447557471264369
sw_constrained_huber75,tid_1236,0,0.8117235235884844,0.8817528735632185
sw_constrained_huber75,tid_1237,1,0.9475855166602014,0.9692667250949457
sw_constrained_huber75,tid_1238,0,0.8117235235884844,0.8817528735632185
sw_constrained_huber75,tid_1240,0,0.344225620724889,0.39446839080459756
sw_constrained_huber75,tid_1241,1,0.9475855166602014,0.9692667250949457
sw_constrained_huber75,tid_1242,1,0.9475855166602014,0.9692667250949457
sw_constrained_huber75,tid_1243,0,0.8069662517124885,0.8772270114942529
sw_constrained_huber75,tid_1244,1,0.9475855166602014,0.9692667250949457
sw_constrained_huber75,tid_1246,0,0.6420407861511349,0.7030172413793104
sw_constrained_huber75,tid_1249,1,0.8899631215300082,0.9110137306456322
sw_constrained_huber75,tid_1250,0,0.7999191510276928,0.8673132183908047
sw_constrained_huber75,tid_1251,1,0.9475855166602014,0.9692667250949457
sw_constrained_huber75,tid_1252,1,0.9177324466768434,0.9391761612620507
sw_constrained_huber75,tid_1253,1,0.9475855166602014,0.9692667250949457
sw_constrained_huber75,tid_1254,0,0.4383918462685017,0.49454022988505747
sw_constrained_huber75,tid_1256,1,0.9475855166602014,0.9692667250949457
sw_constrained_huber75,tid_1257,1,0.9475855166602014,0.9692667250949457
sw_constrained_huber75,tid_1258,0,0.8069662517124885,0.8772270114942529
sw_constrained_huber75,tid_1259,1,0.9475855166602014,0.9692667250949457
sw_constrained_huber75,tid_1260,0,0.8117235235884844,0.8817528735632185
sw_constrained_huber75,tid_1261,1,0.9475855166602014,0.9692667250949457
sw_constrained_huber75,tid_1262,1,0.80187770178169,0.8200701139351445
sw_constrained_huber75,tid_1264,0,0.8117235235884844,0.8817528735632185
sw_constrained_huber75,tid_1265,1,0.9216073025674476,0.9429155711364298
sw_constrained_huber75,tid_1266,1,0.9475855166602014,0.9692667250949457
sw_constrained_huber75,tid_1267,3,0.8073925346420467,0.8528455284552845
sw_constrained_huber75,tid_1268,1,0.9475855166602014,0.9692667250949457
sw_constrained_huber75,tid_1269,1,0.9475855166602014,0.9692667250949457
sw_constrained_huber75,tid_1270,1,0.9475855166602014,0.9692667250949457
sw_constrained_huber75,tid_1271,1,0.9475855166602014,0.9692667250949457
sw_constrained_huber75,tid_1272,1,0.9475855166602014,0.9692667250949457
sw_constrained_huber75,tid_1273,1,0.9475855166602014,0.9692667250949457
sw_constrained_huber75,tid_1274,1,0.9216073025674476,0.9429155711364298
sw_constrained_huber75,tid_1275,0,0.8117235235884844,0.8817528735632185
sw_constrained_huber75,tid_1276,1,0.7328101800406331,0.7488168273444344
sw_constrained_huber75,tid_1277,1,0.7590828632635146,0.7769500438212094
sw_constrained_huber75,tid_1278,1,0.9475855166602014,0.9692667250949457
sw_constrained_huber75,tid_1279,1,0.9475855166602014,0.9692667250949457
sw_constrained_huber75,tid_1280,1,0.9475855166602014,0.9692667250949457
sw_constrained_huber75,tid_1281,1,0.9475855166602014,0.9692667250949457
sw_constrained_huber75,tid_1282,3,0.8073925346420467,0.8528455284552845
sw_constrained_huber75,tid_1284,1,0.9475855166602014,0.9692667250949457
sw_constrained_huber75,tid_1285,1,0.9475855166602014,0.9692667250949457
sw_constrained_huber75,tid_1286,1,0.9475855166602014,0.9692667250949457
sw_constrained_huber75,tid_1287,1,0.9475855166602014,0.9692667250949457
sw_constrained_huber75,tid_1288,1,0.9475855166602014,0.9692667250949457
sw_constrained_huber75,tid_1289,1,0.5784786170223324,0.5919368974583696
sw_constrained_huber75,tid_1290,1,0.9216073025674476,0.9429155711364298
sw_constrained_huber75,tid_1291,1,0.7657586490672136,0.7819748758399062
sw_constrained_huber75,tid_1292,1,0.9475855166602014,0.9692667250949457
sw_constrained_huber75,tid_1293,1,0.9475855166602014,0.9692667250949457
sw_constrained_huber75,tid_1294,1,0.9475855166602014,0.9692667250949457
sw_constrained_huber75,tid_1295,1,0.8230283955876152,0.8429155711364299
sw_constrained_huber75,tid_1296,1,0.9475855166602014,0.9692667250949457
sw_constrained_huber75,tid_1297,3,0.8073925346420467,0.8528455284552845
sw_constrained_huber75,tid_1298,1,0.9475855166602014,0.9692667250949457
sw_constrained_huber75,tid_1299,1,0.8531652945599772,0.8738241308793454
sw_constrained_huber75,tid_13,0,0.8117235235884844,0.8817528735632185
sw_constrained_huber75,tid_1300,1,0.9475855166602014,0.9692667250949457
sw_constrained_huber75,tid_1301,1,0.9475855166602014,0.9692667250949457
sw_constrained_huber75,tid_1302,1,0.7702780127088195,0.7880806310254161
sw_constrained_huber75,tid_1303,0,0.8069662517124885,0.8772270114942529
sw_constrained_huber75,tid_1304,1,0.9475855166602014,0.9692667250949457
sw_constrained_huber75,tid_1305,1,0.9475855166602014,0.9692667250949457
sw_constrained_huber75,tid_1306,1,0.9475855166602014,0.9692667250949457
sw_constrained_huber75,tid_1308,1,0.9475855166602014,0.9692667250949457
sw_constrained_huber75,tid_1309,1,0.9475855166602014,0.9692667250949457
sw_constrained_huber75,tid_1310,1,0.9475855166602014,0.9692667250949457
sw_constrained_huber75,tid_1311,1,0.9475855166602014,0.9692667250949457
sw_constrained_huber75,tid_1312,1,0.9475855166602014,0.9692667250949457
sw_constrained_huber75,tid_1313,1,0.9475855166602014,0.9692667250949457
sw_constrained_huber75,tid_1314,1,0.9475855166602014,0.9692667250949457
sw_constrained_huber75,tid_1315,0,0.8117235235884844,0.8817528735632185
sw_constrained_huber75,tid_1316,1,0.9475855166602014,0.9692667250949457
sw_constrained_huber75,tid_1317,1,0.9475855166602014,0.9692667250949457
sw_constrained_huber75,tid_1319,1,0.9216073025674476,0.9429155711364298
sw_constrained_huber75,tid_1320,1,0.9475855166602014,0.9692667250949457
sw_constrained_huber75,tid_1321,1,0.9475855166602014,0.9692667250949457
sw_constrained_huber75,tid_1322,1,0.9475855166602014,0.9692667250949457
sw_constrained_huber75,tid_1323,1,0.9475855166602014,0.9692667250949457
sw_constrained_huber75,tid_1324,1,0.9475855166602014,0.9692667250949457
sw_constrained_huber75,tid_1325,1,0.9475855166602014,0.9692667250949457
sw_constrained_huber75,tid_1326,3,0.6996017895805099,0.7707317073170732
sw_constrained_huber75,tid_1327,1,0.9475855166602014,0.9692667250949457
sw_constrained_huber75,tid_1328,1,0.9475855166602014,0.9692667250949457
sw_constrained_huber75,tid_1329,1,0.9475855166602014,0.9692667250949457
sw_constrained_huber75,tid_1330,1,0.9475855166602014,0.9692667250949457
sw_constrained_huber75,tid_1331,1,0.9475855166602014,0.9692667250949457
sw_constrained_huber75,tid_1333,0,0.8117235235884844,0.8817528735632185
sw_constrained_huber75,tid_1334,1,0.9475855166602014,0.9692667250949457
sw_constrained_huber75,tid_1335,1,0.9216073025674476,0.9429155711364298
sw_constrained_huber75,tid_1336,1,0.9475855166602014,0.9692667250949457
sw_constrained_huber75,tid_1337,1,0.9475855166602014,0.9692667250949457
sw_constrained_huber75,tid_1338,1,0.9475855166602014,0.9692667250949457
sw_constrained_huber75,tid_1339,1,0.9475855166602014,0.9692667250949457
sw_constrained_huber75,tid_1340,1,0.9475855166602014,0.9692667250949457
sw_constrained_huber75,tid_1341,1,0.9475855166602014,0.9692667250949457
sw_constrained_huber75,tid_1343,1,0.9475855166602014,0.9692667250949457
sw_constrained_huber75,tid_1344,1,0.9475855166602014,0.9692667250949457
sw_constrained_huber75,tid_1345,1,0.9475855166602014,0.9692667250949457
sw_constrained_huber75,tid_1346,1,0.9475855166602014,0.9692667250949457
sw_constrained_huber75,tid_1347,1,0.9475855166602014,0.9692667250949457
sw_constrained_huber75,tid_1348,1,0.9475855166602014,0.9692667250949457
sw_constrained_huber75,tid_1349,1,0.9475855166602014,0.9692667250949457
sw_constrained_huber75,tid_1350,1,0.9475855166602014,0.9692667250949457
sw_constrained_huber75,tid_1351,0,0.14821224239020594,0.18239942528735634
sw_constrained_huber75,tid_1352,1,0.9216073025674476,0.9429155711364298
sw_constrained_huber75,tid_1353,1,0.9475855166602014,0.9692667250949457
sw_constrained_huber75,tid_1355,1,0.9475855166602014,0.9692667250949457
sw_constrained_huber75,tid_1356,1,0.9475855166602014,0.9692667250949457
sw_constrained_huber75,tid_1357,1,0.9475855166602014,0.9692667250949457
sw_constrained_huber75,tid_1358,1,0.9475855166602014,0.9692667250949457
sw_constrained_huber75,tid_1392,1,0.9475855166602014,0.9692667250949457
sw_constrained_huber75,tid_1393,1,0.9475855166602014,0.9692667250949457
sw_constrained_huber75,tid_1394,1,0.9475855166602014,0.9692667250949457
sw_constrained_huber75,tid_1395,2,0.8982142584895533,0.9940140845070424
sw_constrained_huber75,tid_1396,0,0.8069662517124885,0.8772270114942529
sw_constrained_huber75,tid_1397,0,0.36007525985249783,0.4064655172413793
sw_constrained_huber75,tid_1398,0,0.7999191510276928,0.8673132183908047
sw_constrained_huber75,tid_1399,1,0.8575615132183987,0.8779141104294478
sw_constrained_huber75,tid_14,1,0.9475855166602014,0.9692667250949457
sw_constrained_huber75,tid_1400,0,0.8069662517124885,0.8772270114942529
sw_constrained_huber75,tid_1401,1,0.9475855166602014,0.9692667250949457
sw_constrained_huber75,tid_1402,0,0.24351203026665857,0.283764367816092
sw_constrained_huber75,tid_1403,0,0.7999191510276928,0.8673132183908047
sw_constrained_huber75,tid_1404,1,0.9475855166602014,0.9692667250949457
sw_constrained_huber75,tid_1405,1,0.8562270961769805,0.8765702600058428
sw_constrained_huber75,tid_1406,1,0.9475855166602014,0.9692667250949457
sw_constrained_huber75,tid_1407,1,0.6072697345803808,0.6248612328366931
sw_constrained_huber75,tid_1408,0,0.7891734926613024,0.8584051724137931
sw_constrained_huber75,tid_1409,0,0.41422076814048103,0.46386494252873567
sw_constrained_huber75,tid_1410,0,0.7519322758043745,0.8176005747126438
sw_constrained_huber75,tid_1411,0,0.7999191510276928,0.8673132183908047
sw_constrained_huber75,tid_1412,1,0.9475855166602014,0.9692667250949457
sw_constrained_huber75,tid_1413,1,0.9475855166602014,0.9692667250949457
sw_constrained_huber75,tid_1414,1,0.9475855166602014,0.9692667250949457
sw_constrained_huber75,tid_1415,1,0.9475855166602014,0.9692667250949457
sw_constrained_huber75,tid_1416,1,0.9475855166602014,0.9692667250949457
sw_constrained_huber75,tid_1417,1,0.9475855166602014,0.9692667250949457
sw_constrained_huber75,tid_1419,1,0.9475855166602014,0.9692667250949457
sw_constrained_huber75,tid_1420,1,0.9475855166602014,0.9692667250949457
sw_constrained_huber75,tid_1421,1,0.9475855166602014,0.9692667250949457
sw_constrained_huber75,tid_1422,1,0.9475855166602014,0.9692667250949457
sw_constrained_huber75,tid_1423,1,0.9475855166602014,0.9692667250949457
sw_constrained_huber75,tid_1425,1,0.9475855166602014,0.9692667250949457
sw_constrained_huber75,tid_1426,1,0.9475855166602014,0.9692667250949457
sw_constrained_huber75,tid_1427,1,0.9475855166602014,0.9692667250949457
sw_constrained_huber75,tid_1428,1,0.9475855166602014,0.9692667250949457
sw_constrained_huber75,tid_1429,1,0.9475855166602014,0.9692667250949457
sw_constrained_huber75,tid_1430,0,0.8117235235884844,0.8817528735632185
sw_constrained_huber75,tid_1431,3,0.6594028210188737,0.7170731707317072
sw_constrained_huber75,tid_1438,3,0.7815600159063022,0.8289972899728998
sw_constrained_huber75,tid_1439,2,0.8982142584895533,0.9940140845070424
sw_constrained_huber75,tid_1440,0,0.8069662517124885,0.8772270114942529
sw_constrained_huber75,tid_1443,2,0.8982142584895533,0.9940140845070424
sw_constrained_huber75,tid_1444,2,0.8982142584895533,0.9940140845070424
sw_constrained_huber75,tid_1445,2,0.8982142584895533,0.9940140845070424
sw_constrained_huber75,tid_1446,0,0.6996684680654821,0.7637212643678162
sw_constrained_huber75,tid_1447,0,0.8069662517124885,0.8772270114942529
sw_constrained_huber75,tid_1448,2,0.8982142584895533,0.9940140845070424
sw_constrained_huber75,tid_1449,1,0.9475855166602014,0.9692667250949457
sw_constrained_huber75,tid_1453,2,0.8982142584895533,0.9940140845070424
sw_constrained_huber75,tid_1454,0,0.7592491347397441,0.8230603448275863
sw_constrained_huber75,tid_1456,2,0.8982142584895533,0.9940140845070424
sw_constrained_huber75,tid_1457,2,0.8982142584895533,0.9940140845070424
sw_constrained_huber75,tid_1459,2,0.8982142584895533,0.9940140845070424
sw_constrained_huber75,tid_1461,2,0.7402743926926353,0.8368544600938966
sw_constrained_huber75,tid_1463,0,0.7331241820477586,0.7968390804597701
sw_constrained_huber75,tid_1464,0,0.18640391341992538,0.2242097701149425
sw_constrained_huber75,tid_1465,2,0.8982142584895533,0.9940140845070424
sw_constrained_huber75,tid_1467,2,0.8982142584895533,0.9940140845070424
sw_constrained_huber75,tid_1468,0,0.27427691130744564,0.31637931034482764
sw_constrained_huber75,tid_1472,0,0.30247943332969096,0.345617816091954
sw_constrained_huber75,tid_1473,1,0.9475855166602014,0.9692667250949457
sw_constrained_huber75,tid_1474,1,0.9475855166602014,0.9692667250949457
sw_constrained_huber75,tid_1475,2,0.8982142584895533,0.9940140845070424
sw_constrained_huber75,tid_1477,0,0.602421319345509,0.660632183908046
sw_constrained_huber75,tid_1478,1,0.9475855166602014,0.9692667250949457
sw_constrained_huber75,tid_1480,0,0.7519322758043745,0.8176005747126438
sw_constrained_huber75,tid_1481,2,0.8333577533555506,0.9296948356807512
sw_constrained_huber75,tid_1483,1,0.9475855166602014,0.9692667250949457
sw_constrained_huber75,tid_1484,0,0.7519322758043745,0.8176005747126438
sw_constrained_huber75,tid_1486,1,0.9475855166602014,0.9692667250949457
sw_constrained_huber75,tid_1488,0,0.598051670577214,0.6558908045977012
sw_constrained_huber75,tid_1489,0,0.5457982433349414,0.6034482758620691
sw_constrained_huber75,tid_1490,0,0.8069662517124885,0.8772270114942529
sw_constrained_huber75,tid_1491,0,0.7519322758043745,0.8176005747126438
sw_constrained_huber75,tid_1492,0,0.8069662517124885,0.8772270114942529
sw_constrained_huber75,tid_1493,2,0.8982142584895533,0.9940140845070424
sw_constrained_huber75,tid_1494,1,0.9475855166602014,0.9692667250949457
sw_constrained_huber75,tid_1495,0,0.7592491347397441,0.8230603448275863
sw_constrained_huber75,tid_1496,0,0.7519322758043745,0.8176005747126438
sw_constrained_huber75,tid_15,0,0.8069662517124885,0.8772270114942529
sw_constrained_huber75,tid_1500,0,0.2722332226959047,0.3147988505747127
sw_constrained_huber75,tid_1501,0,0.4654352243720832,0.5181752873563218
sw_constrained_huber75,tid_1504,1,0.9475855166602014,0.9692667250949457
sw_constrained_huber75,tid_1506,0,0.8069662517124885,0.8772270114942529
sw_constrained_huber75,tid_1507,0,0.8117235235884844,0.8817528735632185
sw_constrained_huber75,tid_1508,0,0.8117235235884844,0.8817528735632185
sw_constrained_huber75,tid_1509,1,0.6999784965285974,0.7181127665790242
sw_constrained_huber75,tid_1510,1,0.9475855166602014,0.9692667250949457
sw_constrained_huber75,tid_1511,0,0.7999191510276928,0.8673132183908047
sw_constrained_huber75,tid_1512,1,0.9475855166602014,0.9692667250949457
sw_constrained_huber75,tid_1518,1,0.9475855166602014,0.9692667250949457
sw_constrained_huber75,tid_1519,1,0.9475855166602014,0.9692667250949457
sw_constrained_huber75,tid_1520,1,0.9475855166602014,0.9692667250949457
sw_constrained_huber75,tid_1521,0,0.6782409017580006,0.7406609195402297
sw_constrained_huber75,tid_1522,1,0.9475855166602014,0.9692667250949457
sw_constrained_huber75,tid_1523,0,0.27327744729248254,0.315014367816092
sw_constrained_huber75,tid_1525,0,0.8069662517124885,0.8772270114942529
sw_constrained_huber75,tid_1526,1,0.7646101804782617,0.7841367221735321
sw_constrained_huber75,tid_1527,0,0.8069662517124885,0.8772270114942529
sw_constrained_huber75,tid_1528,1,0.9475855166602014,0.9692667250949457
sw_constrained_huber75,tid_1529,1,0.9475855166602014,0.9692667250949457
sw_constrained_huber75,tid_1530,1,0.9475855166602014,0.9692667250949457
sw_constrained_huber75,tid_1532,1,0.9475855166602014,0.9692667250949457
sw_constrained_huber75,tid_1533,1,0.9475855166602014,0.9692667250949457
sw_constrained_huber75,tid_1534,1,0.9475855166602014,0.9692667250949457
sw_constrained_huber75,tid_1535,1,0.9475855166602014,0.9692667250949457
sw_constrained_huber75,tid_1536,1,0.9475855166602014,0.9692667250949457
sw_constrained_huber75,tid_1537,1,0.9475855166602014,0.9692667250949457
sw_constrained_huber75,tid_1539,1,0.9175210004149352,0.9387671633070405
sw_constrained_huber75,tid_1540,1,0.6702905147420692,0.6888986269354369
sw_constrained_huber75,tid_1541,1,0.9475855166602014,0.9692667250949457
sw_constrained_huber75,tid_1542,1,0.9475855166602014,0.9692667250949457
sw_constrained_huber75,tid_1543,1,0.9475855166602014,0.9692667250949457
sw_constrained_huber75,tid_1544,1,0.9475855166602014,0.9692667250949457
sw_constrained_huber75,tid_1545,1,0.9475855166602014,0.9692667250949457
sw_constrained_huber75,tid_1546,1,0.9475855166602014,0.9692667250949457
sw_constrained_huber75,tid_1547,1,0.9475855166602014,0.9692667250949457
sw_constrained_huber75,tid_1548,1,0.9475855166602014,0.9692667250949457
sw_constrained_huber75,tid_1549,1,0.9475855166602014,0.9692667250949457
sw_constrained_huber75,tid_1550,1,0.9475855166602014,0.9692667250949457
sw_constrained_huber75,tid_1551,1,0.9475855166602014,0.9692667250949457
sw_constrained_huber75,tid_1552,1,0.9475855166602014,0.9692667250949457
sw_constrained_huber75,tid_1553,1,0.9175210004149352,0.9387671633070405
sw_constrained_huber75,tid_1554,1,0.9475855166602014,0.9692667250949457
sw_constrained_huber75,tid_1555,1,0.9475855166602014,0.9692667250949457
sw_constrained_huber75,tid_1556,1,0.9475855166602014,0.9692667250949457
sw_constrained_huber75,tid_1557,1,0.9475855166602014,0.9692667250949457
sw_constrained_huber75,tid_1558,1,0.9475855166602014,0.9692667250949457
sw_constrained_huber75,tid_1559,1,0.9475855166602014,0.9692667250949457
sw_constrained_huber75,tid_1560,0,0.7519322758043745,0.8176005747126438
sw_constrained_huber75,tid_1561,1,0.9475855166602014,0.9692667250949457
sw_constrained_huber75,tid_1562,1,0.9475855166602014,0.9692667250949457
sw_constrained_huber75,tid_1563,1,0.6386243547172625,0.6565585743499854
sw_constrained_huber75,tid_1564,1,0.9475855166602014,0.9692667250949457
sw_constrained_huber75,tid_1565,1,0.9475855166602014,0.9692667250949457
sw_constrained_huber75,tid_1566,1,0.9475855166602014,0.9692667250949457
sw_constrained_huber75,tid_1567,1,0.9475855166602014,0.9692667250949457
sw_constrained_huber75,tid_1568,1,0.9475855166602014,0.9692667250949457
sw_constrained_huber75,tid_1569,1,0.9475855166602014,0.9692667250949457
sw_constrained_huber75,tid_1570,1,0.9475855166602014,0.9692667250949457
sw_constrained_huber75,tid_1571,1,0.9475855166602014,0.9692667250949457
sw_constrained_huber75,tid_1572,1,0.9475855166602014,0.9692667250949457
sw_constrained_huber75,tid_1573,1,0.9475855166602014,0.9692667250949457
sw_constrained_huber75,tid_1574,1,0.9475855166602014,0.9692667250949457
sw_constrained_huber75,tid_1575,0,0.8069662517124885,0.8772270114942529
sw_constrained_huber75,tid_1577,1,0.9475855166602014,0.9692667250949457
sw_constrained_huber75,tid_1578,1,0.9475855166602014,0.9692667250949457
sw_constrained_huber75,tid_1579,1,0.9475855166602014,0.9692667250949457
sw_constrained_huber75,tid_1580,1,0.9475855166602014,0.9692667250949457
sw_constrained_huber75,tid_1581,1,0.9475855166602014,0.9692667250949457
sw_constrained_huber75,tid_1582,1,0.9475855166602014,0.9692667250949457
sw_constrained_huber75,tid_1583,1,0.9475855166602014,0.9692667250949457
sw_constrained_huber75,tid_1584,1,0.9475855166602014,0.9692667250949457
sw_constrained_huber75,tid_1585,1,0.9475855166602014,0.9692667250949457
sw_constrained_huber75,tid_1586,0,0.8117235235884844,0.8817528735632185
sw_constrained_huber75,tid_1587,1,0.9475855166602014,0.9692667250949457
sw_constrained_huber75,tid_1588,1,0.9475855166602014,0.9692667250949457
sw_constrained_huber75,tid_1589,1,0.9475855166602014,0.9692667250949457
sw_constrained_huber75,tid_1590,1,0.9475855166602014,0.9692667250949457
sw_constrained_huber75,tid_1591,1,0.9475855166602014,0.9692667250949457
sw_constrained_huber75,tid_1592,1,0.9475855166602014,0.9692667250949457
sw_constrained_huber75,tid_1593,1,0.9475855166602014,0.9692667250949457
sw_constrained_huber75,tid_1594,1,0.9475855166602014,0.9692667250949457
sw_constrained_huber75,tid_1595,1,0.9475855166602014,0.9692667250949457
sw_constrained_huber75,tid_1596,1,0.9475855166602014,0.9692667250949457
sw_constrained_huber75,tid_1597,2,0.8982142584895533,0.9940140845070424
sw_constrained_huber75,tid_1598,0,0.46911444435077976,0.5216954022988506
sw_constrained_huber75,tid_1599,0,0.8117235235884844,0.8817528735632185
sw_constrained_huber75,tid_16,0,0.8117235235884844,0.8817528735632185
sw_constrained_huber75,tid_1600,0,0.8117235235884844,0.8817528735632185
sw_constrained_huber75,tid_1601,2,0.8982142584895533,0.9940140845070424
sw_constrained_huber75,tid_1602,1,0.9475855166602014,0.9692667250949457
sw_constrained_huber75,tid_1603,1,0.39368729143166736,0.40882267017236346
sw_constrained_huber75,tid_1604,1,0.9475855166602014,0.9692667250949457
sw_constrained_huber75,tid_1605,1,0.9475855166602014,0.9692667250949457
sw_constrained_huber75,tid_1606,1,0.9475855166602014,0.9692667250949457
sw_constrained_huber75,tid_1607,1,0.9475855166602014,0.9692667250949457
sw_constrained_huber75,tid_1608,1,0.9475855166602014,0.9692667250949457
sw_constrained_huber75,tid_1609,1,0.6074163231329587,0.6250657318141981
sw_constrained_huber75,tid_1610,1,0.9475855166602014,0.9692667250949457
sw_constrained_huber75,tid_1611,1,0.9475855166602014,0.9692667250949457
sw_constrained_huber75,tid_1612,1,0.9475855166602014,0.9692667250949457
sw_constrained_huber75,tid_1613,1,0.9475855166602014,0.9692667250949457
sw_constrained_huber75,tid_1614,1,0.9475855166602014,0.9692667250949457
sw_constrained_huber75,tid_1615,0,0.7794238967749714,0.845617816091954
sw_constrained_huber75,tid_1616,1,0.9475855166602014,0.9692667250949457
sw_constrained_huber75,tid_1617,1,0.9475855166602014,0.9692667250949457
sw_constrained_huber75,tid_1618,1,0.9475855166602014,0.9692667250949457
sw_constrained_huber75,tid_1619,1,0.9475855166602014,0.9692667250949457
sw_constrained_huber75,tid_1620,0,0.10332414435630474,0.13254310344827588
sw_constrained_huber75,tid_1621,1,0.9475855166602014,0.9692667250949457
sw_constrained_huber75,tid_1622,1,0.9475855166602014,0.9692667250949457
sw_constrained_huber75,tid_1623,1,0.9475855166602014,0.9692667250949457
sw_constrained_huber75,tid_1624,1,0.9475855166602014,0.9692667250949457
sw_constrained_huber75,tid_1625,1,0.9475855166602014,0.9692667250949457
sw_constrained_huber75,tid_1626,1,0.9475855166602014,0.9692667250949457
sw_constrained_huber75,tid_1627,1,0.9475855166602014,0.9692667250949457
sw_constrained_huber75,tid_1628,1,0.9475855166602014,0.9692667250949457
sw_constrained_huber75,tid_1629,1,0.9475855166602014,0.9692667250949457
sw_constrained_huber75,tid_1630,1,0.9475855166602014,0.9692667250949457
sw_constrained_huber75,tid_1631,1,0.9475855166602014,0.9692667250949457
sw_constrained_huber75,tid_1632,0,0.2742988128366296,0.3132902298850576
sw_constrained_huber75,tid_1633,1,0.831569853523467,0.8507449605609114
sw_constrained_huber75,tid_1634,1,0.9475855166602014,0.9692667250949457
sw_constrained_huber75,tid_1635,1,0.8896163963702681,0.9103125912941861
sw_constrained_huber75,tid_1636,1,0.8594644829105259,0.8784983932223194
sw_constrained_huber75,tid_1637,1,0.9475855166602014,0.9692667250949457
sw_constrained_huber75,tid_1638,1,0.9475855166602014,0.9692667250949457
sw_constrained_huber75,tid_1639,1,0.9475855166602014,0.9692667250949457
sw_constrained_huber75,tid_1640,1,0.9475855166602014,0.9692667250949457
sw_constrained_huber75,tid_1641,1,0.9475855166602014,0.9692667250949457
sw_constrained_huber75,tid_1642,1,0.9475855166602014,0.9692667250949457
sw_constrained_huber75,tid_1643,1,0.9475855166602014,0.9692667250949457
sw_constrained_huber75,tid_1644,1,0.9475855166602014,0.9692667250949457
sw_constrained_huber75,tid_1645,1,0.9475855166602014,0.9692667250949457
sw_constrained_huber75,tid_1646,1,0.9475855166602014,0.9692667250949457
sw_constrained_huber75,tid_1647,1,0.9475855166602014,0.9692667250949457
sw_constrained_huber75,tid_1648,1,0.9475855166602014,0.9692667250949457
sw_constrained_huber75,tid_1649,1,0.8268366981685198,0.8454864154250655
sw_constrained_huber75,tid_1650,1,0.9475855166602014,0.9692667250949457
sw_constrained_huber75,tid_1651,1,0.9475855166602014,0.9692667250949457
sw_constrained_huber75,tid_1652,0,0.8069662517124885,0.8772270114942529
sw_constrained_huber75,tid_1653,1,0.9475855166602014,0.9692667250949457
sw_constrained_huber75,tid_1654,1,0.8923873048276432,0.9129126497224654
sw_constrained_huber75,tid_1655,1,0.9475855166602014,0.9692667250949457
sw_constrained_huber75,tid_1656,1,0.9475855166602014,0.9692667250949457
sw_constrained_huber75,tid_1657,1,0.9475855166602014,0.9692667250949457
sw_constrained_huber75,tid_1658,1,0.9475855166602014,0.9692667250949457
sw_constrained_huber75,tid_1659,1,0.6096519333238276,0.6262050832602982
sw_constrained_huber75,tid_1660,1,0.9475855166602014,0.9692667250949457
sw_constrained_huber75,tid_1661,1,0.9475855166602014,0.9692667250949457
sw_constrained_huber75,tid_1662,3,0.620038869318901,0.6964769647696478
sw_constrained_huber75,tid_1663,1,0.9475855166602014,0.9692667250949457
sw_constrained_huber75,tid_1664,1,0.9475855166602014,0.9692667250949457
sw_constrained_huber75,tid_1665,0,0.6852386523488598,0.7482040229885059
sw_constrained_huber75,tid_1666,1,0.8564804434068007,0.8772421852176453
sw_constrained_huber75,tid_1667,0,0.5457982433349414,0.6034482758620691
sw_constrained_huber75,tid_1668,0,0.8117235235884844,0.8817528735632185
sw_constrained_huber75,tid_1669,1,0.9475855166602014,0.9692667250949457
sw_constrained_huber75,tid_167,2,0.8982142584895533,0.9940140845070424
sw_constrained_huber75,tid_1670,1,0.9475855166602014,0.9692667250949457
sw_constrained_huber75,tid_1671,1,0.9475855166602014,0.9692667250949457
sw_constrained_huber75,tid_1672,1,0.8567923066447249,0.8768916155419222
sw_constrained_huber75,tid_1673,1,0.26979432962448313,0.28147823546596556
sw_constrained_huber75,tid_1674,1,0.2972656065225813,0.3104002337131171
sw_constrained_huber75,tid_1675,0,0.4303346049396392,0.48893678160919546
sw_constrained_huber75,tid_1676,1,0.9475855166602014,0.9692667250949457
sw_constrained_huber75,tid_1678,1,0.9475855166602014,0.9692667250949457
sw_constrained_huber75,tid_1679,1,0.9475855166602014,0.9692667250949457
sw_constrained_huber75,tid_168,2,0.8982142584895533,0.9940140845070424
sw_constrained_huber75,tid_1680,1,0.9475855166602014,0.9692667250949457
sw_constrained_huber75,tid_1681,1,0.9475855166602014,0.9692667250949457
sw_constrained_huber75,tid_1682,1,0.9475855166602014,0.9692667250949457
sw_constrained_huber75,tid_1683,0,0.7689987306260753,0.8358477011494253
sw_constrained_huber75,tid_1685,1,0.9475855166602014,0.9692667250949457
sw_constrained_huber75,tid_1686,1,0.9475855166602014,0.9692667250949457
sw_constrained_huber75,tid_1687,1,0.9475855166602014,0.9692667250949457
sw_constrained_huber75,tid_1688,1,0.9475855166602014,0.9692667250949457
sw_constrained_huber75,tid_1689,1,0.9475855166602014,0.9692667250949457
sw_constrained_huber75,tid_169,2,0.8982142584895533,0.9940140845070424
sw_constrained_huber75,tid_1690,1,0.9475855166602014,0.9692667250949457
sw_constrained_huber75,tid_1691,1,0.9475855166602014,0.9692667250949457
sw_constrained_huber75,tid_1692,1,0.9475855166602014,0.9692667250949457
sw_constrained_huber75,tid_1693,1,0.9475855166602014,0.9692667250949457
sw_constrained_huber75,tid_1694,1,0.9475855166602014,0.9692667250949457
sw_constrained_huber75,tid_1696,1,0.9475855166602014,0.9692667250949457
sw_constrained_huber75,tid_1697,1,0.9475855166602014,0.9692667250949457
sw_constrained_huber75,tid_1698,1,0.9475855166602014,0.9692667250949457
sw_constrained_huber75,tid_1699,1,0.9475855166602014,0.9692667250949457
sw_constrained_huber75,tid_17,0,0.8117235235884844,0.8817528735632185
sw_constrained_huber75,tid_1700,1,0.9475855166602014,0.9692667250949457
sw_constrained_huber75,tid_1701,1,0.9475855166602014,0.9692667250949457
sw_constrained_huber75,tid_1702,1,0.9475855166602014,0.9692667250949457
sw_constrained_huber75,tid_1703,1,0.9475855166602014,0.9692667250949457
sw_constrained_huber75,tid_1704,0,0.6268003818719745,0.6882902298850574
sw_constrained_huber75,tid_1705,1,0.9475855166602014,0.9692667250949457
sw_constrained_huber75,tid_1706,1,0.8858767623718983,0.9066608238387377
sw_constrained_huber75,tid_1707,0,0.8069662517124885,0.8772270114942529
sw_constrained_huber75,tid_1708,1,0.9475855166602014,0.9692667250949457
sw_constrained_huber75,tid_1709,1,0.9475855166602014,0.9692667250949457
sw_constrained_huber75,tid_1710,1,0.9475855166602014,0.9692667250949457
sw_constrained_huber75,tid_1711,1,0.9475855166602014,0.9692667250949457
sw_constrained_huber75,tid_1712,1,0.9475855166602014,0.9692667250949457
sw_constrained_huber75,tid_1714,1,0.9475855166602014,0.9692667250949457
sw_constrained_huber75,tid_1715,1,0.9475855166602014,0.9692667250949457
sw_constrained_huber75,tid_1717,1,0.9475855166602014,0.9692667250949457
sw_constrained_huber75,tid_1718,1,0.9475855166602014,0.9692667250949457
sw_constrained_huber75,tid_1719,1,0.8874145832017569,0.9080046742623428
sw_constrained_huber75,tid_1722,1,0.9475855166602014,0.9692667250949457
sw_constrained_huber75,tid_1724,1,0.9475855166602014,0.9692667250949457
sw_constrained_huber75,tid_1725,1,0.9475855166602014,0.9692667250949457
sw_constrained_huber75,tid_1726,0,0.7713879021741253,0.8382902298850575
sw_constrained_huber75,tid_1727,1,0.9475855166602014,0.9692667250949457
sw_constrained_huber75,tid_1728,1,0.9475855166602014,0.9692667250949457
sw_constrained_huber75,tid_173,1,0.9475855166602014,0.9692667250949457
sw_constrained_huber75,tid_1730,1,0.9475855166602014,0.9692667250949457
sw_constrained_huber75,tid_1731,1,0.9475855166602014,0.9692667250949457
sw_constrained_huber75,tid_1732,1,0.9475855166602014,0.9692667250949457
sw_constrained_huber75,tid_1733,1,0.9475855166602014,0.9692667250949457
sw_constrained_huber75,tid_1737,1,0.9475855166602014,0.9692667250949457
sw_constrained_huber75,tid_1738,1,0.9475855166602014,0.9692667250949457
sw_constrained_huber75,tid_1739,1,0.9475855166602014,0.9692667250949457
sw_constrained_huber75,tid_1740,0,0.4591387441032127,0.5125718390804599
sw_constrained_huber75,tid_1741,1,0.9475855166602014,0.9692667250949457
sw_constrained_huber75,tid_1742,1,0.9168918912740741,0.9373356704645046
sw_constrained_huber75,tid_1743,1,0.9475855166602014,0.9692667250949457
sw_constrained_huber75,tid_1744,1,0.9475855166602014,0.9692667250949457
sw_constrained_huber75,tid_1745,1,0.9475855166602014,0.9692667250949457
sw_constrained_huber75,tid_1746,1,0.9475855166602014,0.9692667250949457
sw_constrained_huber75,tid_1747,1,0.9475855166602014,0.9692667250949457
sw_constrained_huber75,tid_1749,1,0.9475855166602014,0.9692667250949457
sw_constrained_huber75,tid_1750,1,0.9475855166602014,0.9692667250949457
sw_constrained_huber75,tid_1751,1,0.9475855166602014,0.9692667250949457
sw_constrained_huber75,tid_1752,1,0.9475855166602014,0.9692667250949457
sw_constrained_huber75,tid_1753,1,0.9475855166602014,0.9692667250949457
sw_constrained_huber75,tid_1754,1,0.9178411186471425,0.9385918784691789
sw_constrained_huber75,tid_1755,1,0.9475855166602014,0.9692667250949457
sw_constrained_huber75,tid_1756,1,0.9475855166602014,0.9692667250949457
sw_constrained_huber75,tid_1757,1,0.9475855166602014,0.9692667250949457
sw_constrained_huber75,tid_1758,0,0.7519322758043745,0.8176005747126438
sw_constrained_huber75,tid_1759,1,0.9475855166602014,0.9692667250949457
sw_constrained_huber75,tid_1760,0,0.46251868727453943,0.5147270114942529
sw_constrained_huber75,tid_1761,1,0.9475855166602014,0.9692667250949457
sw_constrained_huber75,tid_1762,1,0.9475855166602014,0.9692667250949457
sw_constrained_huber75,tid_1764,0,0.8069662517124885,0.8772270114942529
sw_constrained_huber75,tid_1765,0,0.5439918099551727,0.6026580459770116
sw_constrained_huber75,tid_1766,1,0.9475855166602014,0.9692667250949457
sw_constrained_huber75,tid_1768,1,0.9475855166602014,0.9692667250949457
sw_constrained_huber75,tid_1769,1,0.9475855166602014,0.9692667250949457
sw_constrained_huber75,tid_1770,1,0.9475855166602014,0.9692667250949457
sw_constrained_huber75,tid_1771,1,0.9475855166602014,0.9692667250949457
sw_constrained_huber75,tid_1773,1,0.9475855166602014,0.9692667250949457
sw_constrained_huber75,tid_1774,1,0.9475855166602014,0.9692667250949457
sw_constrained_huber75,tid_1775,1,0.9475855166602014,0.9692667250949457
sw_constrained_huber75,tid_1776,1,0.9475855166602014,0.9692667250949457
sw_constrained_huber75,tid_1777,1,0.9475855166602014,0.9692667250949457
sw_constrained_huber75,tid_1778,1,0.9475855166602014,0.9692667250949457
sw_constrained_huber75,tid_1780,1,0.9475855166602014,0.9692667250949457
sw_constrained_huber75,tid_1781,1,0.9475855166602014,0.9692667250949457
sw_constrained_huber75,tid_1782,1,0.9475855166602014,0.9692667250949457
sw_constrained_huber75,tid_1783,0,0.8069662517124885,0.8772270114942529
sw_constrained_huber75,tid_1784,1,0.9475855166602014,0.9692667250949457
sw_constrained_huber75,tid_1785,1,0.9475855166602014,0.9692667250949457
sw_constrained_huber75,tid_1786,1,0.9475855166602014,0.9692667250949457
sw_constrained_huber75,tid_1787,1,0.9475855166602014,0.9692667250949457
sw_constrained_huber75,tid_1788,1,0.9475855166602014,0.9692667250949457
sw_constrained_huber75,tid_18,1,0.5446774245181315,0.5618463336254748
sw_constrained_huber75,tid_181,1,0.9475855166602014,0.9692667250949457
sw_constrained_huber75,tid_184,1,0.9475855166602014,0.9692667250949457
sw_constrained_huber75,tid_1845,0,0.35507812205656947,0.40359195402298853
sw_constrained_huber75,tid_1846,1,0.9475855166602014,0.9692667250949457
sw_constrained_huber75,tid_1848,1,0.9475855166602014,0.9692667250949457
sw_constrained_huber75,tid_1849,1,0.9475855166602014,0.9692667250949457
sw_constrained_huber75,tid_185,2,0.7416952153201938,0.8356807511737091
sw_constrained_huber75,tid_1850,1,0.9475855166602014,0.9692667250949457
sw_constrained_huber75,tid_1851,1,0.9475855166602014,0.9692667250949457
sw_constrained_huber75,tid_1852,1,0.9475855166602014,0.9692667250949457
sw_constrained_huber75,tid_1853,1,0.9475855166602014,0.9692667250949457
sw_constrained_huber75,tid_1854,1,0.9475855166602014,0.9692667250949457
sw_constrained_huber75,tid_1855,1,0.9475855166602014,0.9692667250949457
sw_constrained_huber75,tid_1856,1,0.9475855166602014,0.9692667250949457
sw_constrained_huber75,tid_1857,1,0.9475855166602014,0.9692667250949457
sw_constrained_huber75,tid_1858,1,0.9475855166602014,0.9692667250949457
sw_constrained_huber75,tid_1859,1,0.9475855166602014,0.9692667250949457
sw_constrained_huber75,tid_1860,1,0.9475855166602014,0.9692667250949457
sw_constrained_huber75,tid_1861,1,0.9475855166602014,0.9692667250949457
sw_constrained_huber75,tid_1862,1,0.9475855166602014,0.9692667250949457
sw_constrained_huber75,tid_1863,0,0.7662962354245397,0.8329741379310345
sw_constrained_huber75,tid_1864,1,0.9475855166602014,0.9692667250949457
sw_constrained_huber75,tid_1865,1,0.9475855166602014,0.9692667250949457
sw_constrained_huber75,tid_1868,1,0.9475855166602014,0.9692667250949457
sw_constrained_huber75,tid_1869,1,0.9475855166602014,0.9692667250949457
sw_constrained_huber75,tid_1870,1,0.9475855166602014,0.9692667250949457
sw_constrained_huber75,tid_1871,1,0.9475855166602014,0.9692667250949457
sw_constrained_huber75,tid_1872,1,0.9475855166602014,0.9692667250949457
sw_constrained_huber75,tid_1873,1,0.9475855166602014,0.9692667250949457
sw_constrained_huber75,tid_1874,2,0.8982142584895533,0.9940140845070424
sw_constrained_huber75,tid_1875,1,0.45018092914344454,0.46599474145486414
sw_constrained_huber75,tid_1876,1,0.5444203811683237,0.5617294770669005
sw_constrained_huber75,tid_1877,0,0.8069662517124885,0.8772270114942529
sw_constrained_huber75,tid_1878,1,0.9475855166602014,0.9692667250949457
sw_constrained_huber75,tid_1879,1,0.8874145832017569,0.9080046742623428
sw_constrained_huber75,tid_188,1,0.9475855166602014,0.9692667250949457
sw_constrained_huber75,tid_1880,1,0.9475855166602014,0.9692667250949457
sw_constrained_huber75,tid_1881,0,0.8069662517124885,0.8772270114942529
sw_constrained_huber75,tid_1883,1,0.9175210004149352,0.9387671633070405
sw_constrained_huber75,tid_1884,1,0.9475855166602014,0.9692667250949457
sw_constrained_huber75,tid_1885,1,0.9475855166602014,0.9692667250949457
sw_constrained_huber75,tid_1886,1,0.9475855166602014,0.9692667250949457
sw_constrained_huber75,tid_1887,1,0.9475855166602014,0.9692667250949457
sw_constrained_huber75,tid_1888,1,0.9475855166602014,0.9692667250949457
sw_constrained_huber75,tid_1889,1,0.9475855166602014,0.9692667250949457
sw_constrained_huber75,tid_1890,0,0.8069662517124885,0.8772270114942529
sw_constrained_huber75,tid_1891,1,0.9475855166602014,0.9692667250949457
sw_constrained_huber75,tid_1892,1,0.9475855166602014,0.9692667250949457
sw_constrained_huber75,tid_1893,1,0.9475855166602014,0.9692667250949457
sw_constrained_huber75,tid_1894,1,0.9475855166602014,0.9692667250949457
sw_constrained_huber75,tid_1895,1,0.9475855166602014,0.9692667250949457
sw_constrained_huber75,tid_1896,1,0.9475855166602014,0.9692667250949457
sw_constrained_huber75,tid_1897,1,0.9475855166602014,0.9692667250949457
sw_constrained_huber75,tid_1898,1,0.9475855166602014,0.9692667250949457
sw_constrained_huber75,tid_1899,1,0.9475855166602014,0.9692667250949457
sw_constrained_huber75,tid_19,1,0.9475855166602014,0.9692667250949457
sw_constrained_huber75,tid_1900,1,0.9475855166602014,0.9692667250949457
sw_constrained_huber75,tid_1901,1,0.9475855166602014,0.9692667250949457
sw_constrained_huber75,tid_1902,1,0.9475855166602014,0.9692667250949457
sw_constrained_huber75,tid_1903,1,0.9475855166602014,0.9692667250949457
sw_constrained_huber75,tid_1904,1,0.9475855166602014,0.9692667250949457
sw_constrained_huber75,tid_1905,0,0.8117235235884844,0.8817528735632185
sw_constrained_huber75,tid_1906,0,0.7435250825694758,0.8108477011494253
sw_constrained_huber75,tid_1907,1,0.9475855166602014,0.9692667250949457
sw_constrained_huber75,tid_1908,1,0.9475855166602014,0.9692667250949457
sw_constrained_huber75,tid_1909,1,0.9475855166602014,0.9692667250949457
sw_constrained_huber75,tid_191,0,0.44864043325022285,0.4973419540229884
sw_constrained_huber75,tid_1910,1,0.9475855166602014,0.9692667250949457
sw_constrained_huber75,tid_1912,1,0.9475855166602014,0.9692667250949457
sw_constrained_huber75,tid_1915,1,0.9475855166602014,0.9692667250949457
sw_constrained_huber75,tid_1916,1,0.9475855166602014,0.9692667250949457
sw_constrained_huber75,tid_1917,1,0.9475855166602014,0.9692667250949457
sw_constrained_huber75,tid_1918,1,0.9475855166602014,0.9692667250949457
sw_constrained_huber75,tid_1919,0,0.8117235235884844,0.8817528735632185
sw_constrained_huber75,tid_1920,0,0.657069497638206,0.7185344827586206
sw_constrained_huber75,tid_1921,1,0.9475855166602014,0.9692667250949457
sw_constrained_huber75,tid_1922,1,0.9475855166602014,0.9692667250949457
sw_constrained_huber75,tid_1923,1,0.9475855166602014,0.9692667250949457
sw_constrained_huber75,tid_1924,1,0.9475855166602014,0.9692667250949457
sw_constrained_huber75,tid_1925,1,0.9475855166602014,0.9692667250949457
sw_constrained_huber75,tid_1926,1,0.9475855166602014,0.9692667250949457
sw_constrained_huber75,tid_1927,1,0.9475855166602014,0.9692667250949457
sw_constrained_huber75,tid_1928,1,0.9475855166602014,0.9692667250949457
sw_constrained_huber75,tid_1929,1,0.9475855166602014,0.9692667250949457
sw_constrained_huber75,tid_1930,1,0.9475855166602014,0.9692667250949457
sw_constrained_huber75,tid_1931,1,0.9475855166602014,0.9692667250949457
sw_constrained_huber75,tid_1932,1,0.9475855166602014,0.9692667250949457
sw_constrained_huber75,tid_1933,1,0.9475855166602014,0.9692667250949457
sw_constrained_huber75,tid_1934,1,0.9475855166602014,0.9692667250949457
sw_constrained_huber75,tid_1935,1,0.9475855166602014,0.9692667250949457
sw_constrained_huber75,tid_1936,0,0.7468930024742606,0.8119252873563219
sw_constrained_huber75,tid_1937,1,0.9475855166602014,0.9692667250949457
sw_constrained_huber75,tid_1938,1,0.9475855166602014,0.9692667250949457
sw_constrained_huber75,tid_1939,1,0.9475855166602014,0.9692667250949457
sw_constrained_huber75,tid_194,2,0.8982142584895533,0.9940140845070424
sw_constrained_huber75,tid_1940,1,0.9475855166602014,0.9692667250949457
sw_constrained_huber75,tid_1941,1,0.9475855166602014,0.9692667250949457
sw_constrained_huber75,tid_1942,1,0.9475855166602014,0.9692667250949457
sw_constrained_huber75,tid_1943,1,0.9475855166602014,0.9692667250949457
sw_constrained_huber75,tid_1944,1,0.9475855166602014,0.9692667250949457
sw_constrained_huber75,tid_1945,1,0.9475855166602014,0.9692667250949457
sw_constrained_huber75,tid_1947,1,0.9475855166602014,0.9692667250949457
sw_constrained_huber75,tid_1948,1,0.9475855166602014,0.9692667250949457
sw_constrained_huber75,tid_1949,1,0.9475855166602014,0.9692667250949457
sw_constrained_huber75,tid_195,2,0.8982142584895533,0.9940140845070424
sw_constrained_huber75,tid_1950,1,0.9475855166602014,0.9692667250949457
sw_constrained_huber75,tid_1951,1,0.9475855166602014,0.9692667250949457
sw_constrained_huber75,tid_1952,0,0.7009550335547482,0.7644396551724139
sw_constrained_huber75,tid_1954,3,0.8073925346420467,0.8528455284552845
sw_constrained_huber75,tid_1955,3,0.608639904031311,0.6962059620596207
sw_constrained_huber75,tid_1956,3,0.7319133990540915,0.8048780487804877
sw_constrained_huber75,tid_1957,3,0.5293800528433301,0.6203252032520327
sw_constrained_huber75,tid_1958,3,0.8073925346420467,0.8528455284552845
sw_constrained_huber75,tid_1959,3,0.8073925346420467,0.8528455284552845
sw_constrained_huber75,tid_196,2,0.8982142584895533,0.9940140845070424
sw_constrained_huber75,tid_1960,3,0.6337112934061007,0.7170731707317073
sw_constrained_huber75,tid_1961,0,0.8117235235884844,0.8817528735632185
sw_constrained_huber75,tid_1962,3,0.7508360119774911,0.816260162601626
sw_constrained_huber75,tid_1963,3,0.8073925346420467,0.8528455284552845
sw_constrained_huber75,tid_1965,3,0.8073925346420467,0.8528455284552845
sw_constrained_huber75,tid_1966,3,0.8073925346420467,0.8528455284552845
sw_constrained_huber75,tid_1967,3,0.8073925346420467,0.8528455284552845
sw_constrained_huber75,tid_1968,3,0.8073925346420467,0.8528455284552845
sw_constrained_huber75,tid_1969,3,0.7669874389238593,0.8224932249322493
sw_constrained_huber75,tid_1970,3,0.8073925346420467,0.8528455284552845
sw_constrained_huber75,tid_1971,2,0.8982142584895533,0.9940140845070424
sw_constrained_huber75,tid_1972,1,0.9475855166602014,0.9692667250949457
sw_constrained_huber75,tid_1973,1,0.9475855166602014,0.9692667250949457
sw_constrained_huber75,tid_1974,0,0.8117235235884844,0.8817528735632185
sw_constrained_huber75,tid_1975,1,0.9475855166602014,0.9692667250949457
sw_constrained_huber75,tid_1976,1,0.9475855166602014,0.9692667250949457
sw_constrained_huber75,tid_1977,0,0.5723258062173665,0.6310344827586207
sw_constrained_huber75,tid_1978,1,0.9475855166602014,0.9692667250949457
sw_constrained_huber75,tid_1979,0,0.13235860404909602,0.16372126436781612
sw_constrained_huber75,tid_198,2,0.8363399092197087,0.9322769953051644
sw_constrained_huber75,tid_1980,0,0.7999191510276928,0.8673132183908047
sw_constrained_huber75,tid_1981,1,0.8251249817791584,0.8444931346771838
sw_constrained_huber75,tid_1982,1,0.8849430149777757,0.9052001168565585
sw_constrained_huber75,tid_1983,1,0.9475855166602014,0.9692667250949457
sw_constrained_huber75,tid_1984,1,0.9475855166602014,0.9692667250949457
sw_constrained_huber75,tid_1985,0,0.7580096693278074,0.825646551724138
sw_constrained_huber75,tid_1986,0,0.8069662517124885,0.8772270114942529
sw_constrained_huber75,tid_1987,0,0.6176418396984602,0.6770833333333335
sw_constrained_huber75,tid_1988,1,0.9475855166602014,0.9692667250949457
sw_constrained_huber75,tid_1989,1,0.9475855166602014,0.9692667250949457
sw_constrained_huber75,tid_1990,1,0.855220622554437,0.8751095530236636
sw_constrained_huber75,tid_1991,1,0.9169632401031695,0.9381536663745251
sw_constrained_huber75,tid_1992,1,0.9475855166602014,0.9692667250949457
sw_constrained_huber75,tid_1993,0,0.8117235235884844,0.8817528735632185
sw_constrained_huber75,tid_1994,1,0.9475855166602014,0.9692667250949457
sw_constrained_huber75,tid_1995,0,0.8117235235884844,0.8817528735632185
sw_constrained_huber75,tid_1996,1,0.9475855166602014,0.9692667250949457
sw_constrained_huber75,tid_1997,1,0.9475855166602014,0.9692667250949457
sw_constrained_huber75,tid_1999,0,0.8117235235884844,0.8817528735632185
sw_constrained_huber75,tid_2,2,0.8674382507330777,0.9629107981220657
sw_constrained_huber75,tid_20,0,0.8117235235884844,0.8817528735632185
sw_constrained_huber75,tid_2000,0,0.8069662517124885,0.8772270114942529
sw_constrained_huber75,tid_2001,1,0.9475855166602014,0.9692667250949457
sw_constrained_huber75,tid_2002,1,0.9475855166602014,0.9692667250949457
sw_constrained_huber75,tid_2004,0,0.8069662517124885,0.8772270114942529
sw_constrained_huber75,tid_2005,0,0.7912282693357628,0.8600574712643678
sw_constrained_huber75,tid_2006,0,0.8117235235884844,0.8817528735632185
sw_constrained_huber75,tid_2007,1,0.9475855166602014,0.9692667250949457
sw_constrained_huber75,tid_2008,1,0.8923873048276432,0.9129126497224654
sw_constrained_huber75,tid_2009,1,0.9475855166602014,0.9692667250949457
sw_constrained_huber75,tid_201,2,0.8982142584895533,0.9940140845070424
sw_constrained_huber75,tid_2010,0,0.8117235235884844,0.8817528735632185
sw_constrained_huber75,tid_2011,1,0.9475855166602014,0.9692667250949457
sw_constrained_huber75,tid_2012,1,0.9475855166602014,0.9692667250949457
sw_constrained_huber75,tid_2015,1,0.9475855166602014,0.9692667250949457
sw_constrained_huber75,tid_2017,1,0.8923873048276432,0.9129126497224654
sw_constrained_huber75,tid_2018,1,0.9475855166602014,0.9692667250949457
sw_constrained_huber75,tid_2019,1,0.8570783278324817,0.8768624014022787
sw_constrained_huber75,tid_2021,1,0.9475855166602014,0.9692667250949457
sw_constrained_huber75,tid_2022,1,0.7639269892900695,0.7827052293309961
sw_constrained_huber75,tid_2023,1,0.9475855166602014,0.9692667250949457
sw_constrained_huber75,tid_2024,0,0.8117235235884844,0.8817528735632185
sw_constrained_huber75,tid_2025,3,0.1362049514577967,0.20975609756097555
sw_constrained_huber75,tid_2027,1,0.9475855166602014,0.9692667250949457
sw_constrained_huber75,tid_2028,1,0.9475855166602014,0.9692667250949457
sw_constrained_huber75,tid_203,1,0.9475855166602014,0.9692667250949457
sw_constrained_huber75,tid_2030,1,0.9216073025674476,0.9429155711364298
sw_constrained_huber75,tid_2031,1,0.9475855166602014,0.9692667250949457
sw_constrained_huber75,tid_2032,0,0.8069662517124885,0.8772270114942529
sw_constrained_huber75,tid_2033,0,0.8069662517124885,0.8772270114942529
sw_constrained_huber75,tid_2034,1,0.9475855166602014,0.9692667250949457
sw_constrained_huber75,tid_2035,1,0.9475855166602014,0.9692667250949457
sw_constrained_huber75,tid_2036,1,0.9475855166602014,0.9692667250949457
sw_constrained_huber75,tid_2037,1,0.9475855166602014,0.9692667250949457
sw_constrained_huber75,tid_2039,1,0.9475855166602014,0.9692667250949457
sw_constrained_huber75,tid_204,2,0.8982142584895533,0.9940140845070424
sw_constrained_huber75,tid_2040,0,0.8117235235884844,0.8817528735632185
sw_constrained_huber75,tid_2041,1,0.9475855166602014,0.9692667250949457
sw_constrained_huber75,tid_2042,1,0.9475855166602014,0.9692667250949457
sw_constrained_huber75,tid_2043,1,0.9475855166602014,0.9692667250949457
sw_constrained_huber75,tid_2044,0,0.7891734926613024,0.8584051724137931
sw_constrained_huber75,tid_2045,1,0.9475855166602014,0.9692667250949457
sw_constrained_huber75,tid_2046,1,0.9475855166602014,0.9692667250949457
sw_constrained_huber75,tid_2047,1,0.9175210004149352,0.9387671633070405
sw_constrained_huber75,tid_2048,1,0.9475855166602014,0.9692667250949457
sw_constrained_huber75,tid_2049,1,0.9475855166602014,0.9692667250949457
sw_constrained_huber75,tid_205,2,0.8982142584895533,0.9940140845070424
sw_constrained_huber75,tid_2050,1,0.9475855166602014,0.9692667250949457
sw_constrained_huber75,tid_2051,1,0.9475855166602014,0.9692667250949457
sw_constrained_huber75,tid_2052,1,0.9475855166602014,0.9692667250949457
sw_constrained_huber75,tid_2053,1,0.9475855166602014,0.9692667250949457
sw_constrained_huber75,tid_2054,1,0.9475855166602014,0.9692667250949457
sw_constrained_huber75,tid_2055,1,0.9475855166602014,0.9692667250949457
sw_constrained_huber75,tid_2056,1,0.9475855166602014,0.9692667250949457
sw_constrained_huber75,tid_2057,1,0.9475855166602014,0.9692667250949457
sw_constrained_huber75,tid_2058,1,0.9475855166602014,0.9692667250949457
sw_constrained_huber75,tid_2059,1,0.9475855166602014,0.9692667250949457
sw_constrained_huber75,tid_206,0,0.8069662517124885,0.8772270114942529
sw_constrained_huber75,tid_2060,1,0.9475855166602014,0.9692667250949457
sw_constrained_huber75,tid_2061,1,0.9475855166602014,0.9692667250949457
sw_constrained_huber75,tid_2062,1,0.9475855166602014,0.9692667250949457
sw_constrained_huber75,tid_2063,0,0.8069662517124885,0.8772270114942529
sw_constrained_huber75,tid_2064,1,0.9475855166602014,0.9692667250949457
sw_constrained_huber75,tid_2065,1,0.9475855166602014,0.9692667250949457
sw_constrained_huber75,tid_2066,1,0.9475855166602014,0.9692667250949457
sw_constrained_huber75,tid_2067,1,0.9475855166602014,0.9692667250949457
sw_constrained_huber75,tid_2068,1,0.9475855166602014,0.9692667250949457
sw_constrained_huber75,tid_2069,1,0.9475855166602014,0.9692667250949457
sw_constrained_huber75,tid_207,0,0.7592491347397441,0.8230603448275863
sw_constrained_huber75,tid_2070,1,0.9475855166602014,0.9692667250949457
sw_constrained_huber75,tid_2072,1,0.9475855166602014,0.9692667250949457
sw_constrained_huber75,tid_2073,1,0.9475855166602014,0.9692667250949457
sw_constrained_huber75,tid_2074,0,0.684664493651608,0.7459770114942529
sw_constrained_huber75,tid_2075,1,0.9475855166602014,0.9692667250949457
sw_constrained_huber75,tid_2076,1,0.9475855166602014,0.9692667250949457
sw_constrained_huber75,tid_2077,1,0.9475855166602014,0.9692667250949457
sw_constrained_huber75,tid_2078,1,0.9475855166602014,0.9692667250949457
sw_constrained_huber75,tid_2079,1,0.9475855166602014,0.9692667250949457
sw_constrained_huber75,tid_208,1,0.9475855166602014,0.9692667250949457
sw_constrained_huber75,tid_2080,1,0.9475855166602014,0.9692667250949457
sw_constrained_huber75,tid_2081,1,0.9475855166602014,0.9692667250949457
sw_constrained_huber75,tid_2082,1,0.9475855166602014,0.9692667250949457
sw_constrained_huber75,tid_2085,1,0.9475855166602014,0.9692667250949457
sw_constrained_huber75,tid_2087,1,0.9475855166602014,0.9692667250949457
sw_constrained_huber75,tid_2088,1,0.9475855166602014,0.9692667250949457
sw_constrained_huber75,tid_2089,1,0.9475855166602014,0.9692667250949457
sw_constrained_huber75,tid_209,1,0.8552168411615393,0.8758983347940403
sw_constrained_huber75,tid_2090,1,0.9475855166602014,0.9692667250949457
sw_constrained_huber75,tid_2091,1,0.9475855166602014,0.9692667250949457
sw_constrained_huber75,tid_2093,1,0.9475855166602014,0.9692667250949457
sw_constrained_huber75,tid_2094,1,0.9475855166602014,0.9692667250949457
sw_constrained_huber75,tid_2095,1,0.9475855166602014,0.9692667250949457
sw_constrained_huber75,tid_2096,1,0.9475855166602014,0.9692667250949457
sw_constrained_huber75,tid_2098,1,0.9475855166602014,0.9692667250949457
sw_constrained_huber75,tid_21,2,0.8982142584895533,0.9940140845070424
sw_constrained_huber75,tid_210,1,0.9475855166602014,0.9692667250949457
sw_constrained_huber75,tid_2100,1,0.9475855166602014,0.9692667250949457
sw_constrained_huber75,tid_2101,0,0.7519322758043745,0.8176005747126438
sw_constrained_huber75,tid_2105,1,0.9475855166602014,0.9692667250949457
sw_constrained_huber75,tid_2108,1,0.9475855166602014,0.9692667250949457
sw_constrained_huber75,tid_2109,1,0.9475855166602014,0.9692667250949457
sw_constrained_huber75,tid_211,1,0.9169632401031695,0.9381536663745251
sw_constrained_huber75,tid_2110,1,0.9475855166602014,0.9692667250949457
sw_constrained_huber75,tid_2111,1,0.9475855166602014,0.9692667250949457
sw_constrained_huber75,tid_2112,1,0.9475855166602014,0.9692667250949457
sw_constrained_huber75,tid_2113,1,0.9475855166602014,0.9692667250949457
sw_constrained_huber75,tid_2114,1,0.9475855166602014,0.9692667250949457
sw_constrained_huber75,tid_2116,1,0.9475855166602014,0.9692667250949457
sw_constrained_huber75,tid_2117,1,0.9475855166602014,0.9692667250949457
sw_constrained_huber75,tid_2118,1,0.9475855166602014,0.9692667250949457
sw_constrained_huber75,tid_2119,0,0.7891734926613024,0.8584051724137931
sw_constrained_huber75,tid_212,1,0.9475855166602014,0.9692667250949457
sw_constrained_huber75,tid_2120,1,0.9475855166602014,0.9692667250949457
sw_constrained_huber75,tid_2121,1,0.9475855166602014,0.9692667250949457
sw_constrained_huber75,tid_2122,1,0.9475855166602014,0.9692667250949457
sw_constrained_huber75,tid_2124,1,0.9475855166602014,0.9692667250949457
sw_constrained_huber75,tid_2125,1,0.9475855166602014,0.9692667250949457
sw_constrained_huber75,tid_2126,1,0.9475855166602014,0.9692667250949457
sw_constrained_huber75,tid_2127,1,0.9475855166602014,0.9692667250949457
sw_constrained_huber75,tid_2128,1,0.9475855166602014,0.9692667250949457
sw_constrained_huber75,tid_2129,1,0.9475855166602014,0.9692667250949457
sw_constrained_huber75,tid_213,1,0.9475855166602014,0.9692667250949457
sw_constrained_huber75,tid_2130,1,0.9475855166602014,0.9692667250949457
sw_constrained_huber75,tid_2131,1,0.9475855166602014,0.9692667250949457
sw_constrained_huber75,tid_2132,1,0.9475855166602014,0.9692667250949457
sw_constrained_huber75,tid_2133,1,0.9475855166602014,0.9692667250949457
sw_constrained_huber75,tid_2134,1,0.9475855166602014,0.9692667250949457
sw_constrained_huber75,tid_2136,1,0.9475855166602014,0.9692667250949457
sw_constrained_huber75,tid_2137,1,0.9475855166602014,0.9692667250949457
sw_constrained_huber75,tid_2138,1,0.9475855166602014,0.9692667250949457
sw_constrained_huber75,tid_2139,1,0.9475855166602014,0.9692667250949457
sw_constrained_huber75,tid_214,1,0.9475855166602014,0.9692667250949457
sw_constrained_huber75,tid_2140,1,0.9475855166602014,0.9692667250949457
sw_constrained_huber75,tid_2142,1,0.9475855166602014,0.9692667250949457
sw_constrained_huber75,tid_2143,1,0.9475855166602014,0.9692667250949457
sw_constrained_huber75,tid_2144,0,0.5460372235096987,0.6039511494252874
sw_constrained_huber75,tid_2145,1,0.9475855166602014,0.9692667250949457
sw_constrained_huber75,tid_2146,1,0.8603154617528,0.8802512416009347
sw_constrained_huber75,tid_2148,3,0.5376422207590899,0.6151761517615177
sw_constrained_huber75,tid_2149,1,0.9216073025674476,0.9429155711364298
sw_constrained_huber75,tid_215,1,0.9475855166602014,0.9692667250949457
sw_constrained_huber75,tid_2150,1,0.9475855166602014,0.9692667250949457
sw_constrained_huber75,tid_2151,1,0.8855845757684766,0.9065439672801634
sw_constrained_huber75,tid_2152,1,0.9475855166602014,0.9692667250949457
sw_constrained_huber75,tid_2153,1,0.9475855166602014,0.9692667250949457
sw_constrained_huber75,tid_2154,1,0.9475855166602014,0.9692667250949457
sw_constrained_huber75,tid_2155,1,0.9475855166602014,0.9692667250949457
sw_constrained_huber75,tid_2156,1,0.9475855166602014,0.9692667250949457
sw_constrained_huber75,tid_2157,1,0.9475855166602014,0.9692667250949457
sw_constrained_huber75,tid_2158,1,0.9475855166602014,0.9692667250949457
sw_constrained_huber75,tid_2159,1,0.9475855166602014,0.9692667250949457
sw_constrained_huber75,tid_216,1,0.9475855166602014,0.9692667250949457
sw_constrained_huber75,tid_2160,1,0.9475855166602014,0.9692667250949457
sw_constrained_huber75,tid_2161,0,0.24347852106407164,0.2803879310344828
sw_constrained_huber75,tid_2162,1,0.9475855166602014,0.9692667250949457
sw_constrained_huber75,tid_2163,1,0.9216073025674476,0.9429155711364298
sw_constrained_huber75,tid_2164,0,0.7262346178032802,0.7905890804597703
sw_constrained_huber75,tid_2165,1,0.9475855166602014,0.9692667250949457
sw_constrained_huber75,tid_2167,1,0.9175210004149352,0.9387671633070405
sw_constrained_huber75,tid_2168,1,0.9475855166602014,0.9692667250949457
sw_constrained_huber75,tid_2169,0,0.7662962354245397,0.8329741379310345
sw_constrained_huber75,tid_217,1,0.9475855166602014,0.9692667250949457
sw_constrained_huber75,tid_2171,1,0.9475855166602014,0.9692667250949457
sw_constrained_huber75,tid_2172,1,0.9475855166602014,0.9692667250949457
sw_constrained_huber75,tid_2173,1,0.9475855166602014,0.9692667250949457
sw_constrained_huber75,tid_2174,1,0.9475855166602014,0.9692667250949457
sw_constrained_huber75,tid_2175,1,0.9475855166602014,0.9692667250949457
sw_constrained_huber75,tid_2176,1,0.9475855166602014,0.9692667250949457
sw_constrained_huber75,tid_2177,1,0.9475855166602014,0.9692667250949457
sw_constrained_huber75,tid_2178,1,0.9475855166602014,0.9692667250949457
sw_constrained_huber75,tid_2179,1,0.9475855166602014,0.9692667250949457
sw_constrained_huber75,tid_218,0,0.8117235235884844,0.8817528735632185
sw_constrained_huber75,tid_2180,1,0.9475855166602014,0.9692667250949457
sw_constrained_huber75,tid_2181,1,0.9475855166602014,0.9692667250949457
sw_constrained_huber75,tid_2182,1,0.9475855166602014,0.9692667250949457
sw_constrained_huber75,tid_2183,1,0.9475855166602014,0.9692667250949457
sw_constrained_huber75,tid_2184,1,0.9475855166602014,0.9692667250949457
sw_constrained_huber75,tid_2185,1,0.9475855166602014,0.9692667250949457
sw_constrained_huber75,tid_2186,1,0.9475855166602014,0.9692667250949457
sw_constrained_huber75,tid_2187,1,0.9475855166602014,0.9692667250949457
sw_constrained_huber75,tid_2188,1,0.8259172751753616,0.8458077709611451
sw_constrained_huber75,tid_2189,1,0.9475855166602014,0.9692667250949457
sw_constrained_huber75,tid_219,1,0.9475855166602014,0.9692667250949457
sw_constrained_huber75,tid_2190,2,0.8982142584895533,0.9940140845070424
sw_constrained_huber75,tid_2191,0,0.8117235235884844,0.8817528735632185
sw_constrained_huber75,tid_2192,0,0.8117235235884844,0.8817528735632185
sw_constrained_huber75,tid_2193,0,0.8069662517124885,0.8772270114942529
sw_constrained_huber75,tid_2194,0,0.8117235235884844,0.8817528735632185
sw_constrained_huber75,tid_2195,1,0.9475855166602014,0.9692667250949457
sw_constrained_huber75,tid_2196,1,0.9475855166602014,0.9692667250949457
sw_constrained_huber75,tid_2197,1,0.9475855166602014,0.9692667250949457
sw_constrained_huber75,tid_2198,1,0.9475855166602014,0.9692667250949457
sw_constrained_huber75,tid_2199,1,0.8013557157266687,0.8198364008179959
sw_constrained_huber75,tid_22,1,0.6754953803368564,0.6902424773590418
sw_constrained_huber75,tid_220,1,0.9475855166602014,0.9692667250949457
sw_constrained_huber75,tid_2200,1,0.9475855166602014,0.9692667250949457
sw_constrained_huber75,tid_2201,1,0.9475855166602014,0.9692667250949457
sw_constrained_huber75,tid_2202,0,0.8117235235884844,0.8817528735632185
sw_constrained_huber75,tid_2203,0,0.6981991956513188,0.7645833333333335
sw_constrained_huber75,tid_2204,1,0.9475855166602014,0.9692667250949457
sw_constrained_huber75,tid_2205,1,0.9475855166602014,0.9692667250949457
sw_constrained_huber75,tid_2206,1,0.9475855166602014,0.9692667250949457
sw_constrained_huber75,tid_2207,1,0.9475855166602014,0.9692667250949457
sw_constrained_huber75,tid_2208,1,0.9475855166602014,0.9692667250949457
sw_constrained_huber75,tid_221,1,0.9475855166602014,0.9692667250949457
sw_constrained_huber75,tid_2210,0,0.7299433515564686,0.7968390804597701
sw_constrained_huber75,tid_2211,1,0.9475855166602014,0.9692667250949457
sw_constrained_huber75,tid_2212,1,0.9475855166602014,0.9692667250949457
sw_constrained_huber75,tid_2213,1,0.9475855166602014,0.9692667250949457
sw_constrained_huber75,tid_2215,1,0.8013557157266687,0.8198364008179959
sw_constrained_huber75,tid_2216,0,0.7891806612253113,0.8571120689655172
sw_constrained_huber75,tid_2217,0,0.8069662517124885,0.8772270114942529
sw_constrained_huber75,tid_2218,1,0.5484290988270021,0.5640666082383875
sw_constrained_huber75,tid_2219,0,0.8117235235884844,0.8817528735632185
sw_constrained_huber75,tid_222,1,0.5757720850899215,0.5929593923458955
sw_constrained_huber75,tid_2220,0,0.8069662517124885,0.8772270114942529
sw_constrained_huber75,tid_2221,0,0.8069662517124885,0.8772270114942529
sw_constrained_huber75,tid_2222,0,0.8117235235884844,0.8817528735632185
sw_constrained_huber75,tid_2223,1,0.9475855166602014,0.9692667250949457
sw_constrained_huber75,tid_2224,0,0.8117235235884844,0.8817528735632185
sw_constrained_huber75,tid_2225,1,0.9169632401031695,0.9381536663745251
sw_constrained_huber75,tid_2226,0,0.8069662517124885,0.8772270114942529
sw_constrained_huber75,tid_2227,0,0.8069662517124885,0.8772270114942529
sw_constrained_huber75,tid_2228,0,0.8069662517124885,0.8772270114942529
sw_constrained_huber75,tid_2229,0,0.8117235235884844,0.8817528735632185
sw_constrained_huber75,tid_223,1,0.9475855166602014,0.9692667250949457
sw_constrained_huber75,tid_2230,1,0.9475855166602014,0.9692667250949457
sw_constrained_huber75,tid_2231,0,0.5003321941531452,0.5563218390804597
sw_constrained_huber75,tid_2232,1,0.5770879083605471,0.5941863862109262
sw_constrained_huber75,tid_2233,1,0.9475855166602014,0.9692667250949457
sw_constrained_huber75,tid_2234,1,0.9475855166602014,0.9692667250949457
sw_constrained_huber75,tid_2235,0,0.8117235235884844,0.8817528735632185
sw_constrained_huber75,tid_2236,0,0.8117235235884844,0.8817528735632185
sw_constrained_huber75,tid_2237,0,0.8117235235884844,0.8817528735632185
sw_constrained_huber75,tid_2238,0,0.8117235235884844,0.8817528735632185
sw_constrained_huber75,tid_224,0,0.8117235235884844,0.8817528735632185
sw_constrained_huber75,tid_2241,1,0.9159412786171645,0.9371603856266429
sw_constrained_huber75,tid_2242,0,0.7520401425413666,0.8183908045977012
sw_constrained_huber75,tid_2243,0,0.8117235235884844,0.8817528735632185
sw_constrained_huber75,tid_2244,3,0.8073925346420467,0.8528455284552845
sw_constrained_huber75,tid_2245,0,0.8117235235884844,0.8817528735632185
sw_constrained_huber75,tid_2248,1,0.8000251494522956,0.8190768331872627
sw_constrained_huber75,tid_2249,3,0.7531946091871332,0.8214092140921408
sw_constrained_huber75,tid_225,1,0.7278832673018638,0.746450482033304
sw_constrained_huber75,tid_2250,3,0.8073925346420467,0.8528455284552845
sw_constrained_huber75,tid_2251,0,0.7519322758043745,0.8176005747126438
sw_constrained_huber75,tid_2252,0,0.7999191510276928,0.8673132183908047
sw_constrained_huber75,tid_2253,1,0.9475855166602014,0.9692667250949457
sw_constrained_huber75,tid_2254,1,0.9475855166602014,0.9692667250949457
sw_constrained_huber75,tid_2255,1,0.9475855166602014,0.9692667250949457
sw_constrained_huber75,tid_2256,1,0.9475855166602014,0.9692667250949457
sw_constrained_huber75,tid_2257,1,0.9475855166602014,0.9692667250949457
sw_constrained_huber75,tid_2258,1,0.9475855166602014,0.9692667250949457
sw_constrained_huber75,tid_2259,1,0.9475855166602014,0.9692667250949457
sw_constrained_huber75,tid_226,1,0.6000528641204314,0.6162430616418347
sw_constrained_huber75,tid_2260,1,0.9475855166602014,0.9692667250949457
sw_constrained_huber75,tid_2262,1,0.9475855166602014,0.9692667250949457
sw_constrained_huber75,tid_2264,1,0.9475855166602014,0.9692667250949457
sw_constrained_huber75,tid_2265,1,0.9475855166602014,0.9692667250949457
sw_constrained_huber75,tid_2266,1,0.9475855166602014,0.9692667250949457
sw_constrained_huber75,tid_2267,1,0.9475855166602014,0.9692667250949457
sw_constrained_huber75,tid_2268,1,0.9475855166602014,0.9692667250949457
sw_constrained_huber75,tid_2269,1,0.9475855166602014,0.9692667250949457
sw_constrained_huber75,tid_227,1,0.9166080114802925,0.937452527023079
sw_constrained_huber75,tid_2270,1,0.9475855166602014,0.9692667250949457
sw_constrained_huber75,tid_2271,1,0.9475855166602014,0.9692667250949457
sw_constrained_huber75,tid_2272,1,0.9475855166602014,0.9692667250949457
sw_constrained_huber75,tid_2274,1,0.9475855166602014,0.9692667250949457
sw_constrained_huber75,tid_2275,0,0.4109420303149183,0.45998563218390814
sw_constrained_huber75,tid_2276,1,0.9475855166602014,0.9692667250949457
sw_constrained_huber75,tid_2278,1,0.9475855166602014,0.9692667250949457
sw_constrained_huber75,tid_2279,0,0.8117235235884844,0.8817528735632185
sw_constrained_huber75,tid_228,1,0.7666026455096744,0.7850131463628396
sw_constrained_huber75,tid_2280,0,0.6514700323944094,0.7135057471264368
sw_constrained_huber75,tid_2281,0,0.8069662517124885,0.8772270114942529
sw_constrained_huber75,tid_2282,0,0.8069662517124885,0.8772270114942529
sw_constrained_huber75,tid_2286,0,0.8117235235884844,0.8817528735632185
sw_constrained_huber75,tid_2287,1,0.9475855166602014,0.9692667250949457
sw_constrained_huber75,tid_2288,1,0.3543507946295981,0.3692375109553023
sw_constrained_huber75,tid_2289,0,0.6909795983508125,0.7568965517241381
sw_constrained_huber75,tid_229,0,0.8117235235884844,0.8817528735632185
sw_constrained_huber75,tid_2292,1,0.9216073025674476,0.9429155711364298
sw_constrained_huber75,tid_2293,1,0.9475855166602014,0.9692667250949457
sw_constrained_huber75,tid_2294,1,0.9475855166602014,0.9692667250949457
sw_constrained_huber75,tid_2295,1,0.9475855166602014,0.9692667250949457
sw_constrained_huber75,tid_2296,1,0.9475855166602014,0.9692667250949457
sw_constrained_huber75,tid_2297,1,0.9475855166602014,0.9692667250949457
sw_constrained_huber75,tid_2298,1,0.9475855166602014,0.9692667250949457
sw_constrained_huber75,tid_2299,1,0.9475855166602014,0.9692667250949457
sw_constrained_huber75,tid_23,0,0.8069662517124885,0.8772270114942529
sw_constrained_huber75,tid_230,1,0.8923873048276432,0.9129126497224654
sw_constrained_huber75,tid_2300,1,0.9475855166602014,0.9692667250949457
sw_constrained_huber75,tid_2301,1,0.9475855166602014,0.9692667250949457
sw_constrained_huber75,tid_2302,1,0.9475855166602014,0.9692667250949457
sw_constrained_huber75,tid_2303,1,0.9475855166602014,0.9692667250949457
sw_constrained_huber75,tid_2304,1,0.9475855166602014,0.9692667250949457
sw_constrained_huber75,tid_2305,1,0.9216073025674476,0.9429155711364298
sw_constrained_huber75,tid_2307,1,0.9475855166602014,0.9692667250949457
sw_constrained_huber75,tid_2308,1,0.9475855166602014,0.9692667250949457
sw_constrained_huber75,tid_2309,1,0.9475855166602014,0.9692667250949457
sw_constrained_huber75,tid_231,1,0.9475855166602014,0.9692667250949457
sw_constrained_huber75,tid_2310,1,0.9475855166602014,0.9692667250949457
sw_constrained_huber75,tid_2311,1,0.9475855166602014,0.9692667250949457
sw_constrained_huber75,tid_2312,0,0.743749809824336,0.8096264367816093
sw_constrained_huber75,tid_2314,1,0.9475855166602014,0.9692667250949457
sw_constrained_huber75,tid_2315,1,0.9475855166602014,0.9692667250949457
sw_constrained_huber75,tid_2316,1,0.9475855166602014,0.9692667250949457
sw_constrained_huber75,tid_2317,1,0.9475855166602014,0.9692667250949457
sw_constrained_huber75,tid_2318,0,0.8069662517124885,0.8772270114942529
sw_constrained_huber75,tid_232,1,0.9216073025674476,0.9429155711364298
sw_constrained_huber75,tid_2320,0,0.8117235235884844,0.8817528735632185
sw_constrained_huber75,tid_2321,1,0.9475855166602014,0.9692667250949457
sw_constrained_huber75,tid_2322,1,0.9475855166602014,0.9692667250949457
sw_constrained_huber75,tid_2323,1,0.9475855166602014,0.9692667250949457
sw_constrained_huber75,tid_2324,1,0.9475855166602014,0.9692667250949457
sw_constrained_huber75,tid_2325,1,0.9475855166602014,0.9692667250949457
sw_constrained_huber75,tid_2326,1,0.9475855166602014,0.9692667250949457
sw_constrained_huber75,tid_2327,1,0.9475855166602014,0.9692667250949457
sw_constrained_huber75,tid_2328,1,0.9475855166602014,0.9692667250949457
sw_constrained_huber75,tid_2329,1,0.9475855166602014,0.9692667250949457
sw_constrained_huber75,tid_233,1,0.9475855166602014,0.9692667250949457
sw_constrained_huber75,tid_2330,1,0.9475855166602014,0.9692667250949457
sw_constrained_huber75,tid_2332,1,0.9475855166602014,0.9692667250949457
sw_constrained_huber75,tid_2333,1,0.9475855166602014,0.9692667250949457
sw_constrained_huber75,tid_2334,1,0.9475855166602014,0.9692667250949457
sw_constrained_huber75,tid_2335,1,0.9475855166602014,0.9692667250949457
sw_constrained_huber75,tid_2336,1,0.9475855166602014,0.9692667250949457
sw_constrained_huber75,tid_2337,0,0.8069662517124885,0.8772270114942529
sw_constrained_huber75,tid_2338,0,0.7528409486957798,0.8197557471264368
sw_constrained_huber75,tid_2339,3,0.7912411076956786,0.8466124661246611
sw_constrained_huber75,tid_234,1,0.9216073025674476,0.9429155711364298
sw_constrained_huber75,tid_2340,1,0.8314069352087751,0.8510955302366343
sw_constrained_huber75,tid_2341,3,0.8073925346420467,0.8528455284552845
sw_constrained_huber75,tid_2342,3,0.8073925346420467,0.8528455284552845
sw_constrained_huber75,tid_2343,3,0.8073925346420467,0.8528455284552845
sw_constrained_huber75,tid_2344,2,0.8692776531725799,0.9607981220657277
sw_constrained_huber75,tid_2345,3,0.8073925346420467,0.8528455284552845
sw_constrained_huber75,tid_2348,3,0.8073925346420467,0.8528455284552845
sw_constrained_huber75,tid_2349,3,0.8073925346420467,0.8528455284552845
sw_constrained_huber75,tid_235,1,0.9475855166602014,0.9692667250949457
sw_constrained_huber75,tid_2351,2,0.8982142584895533,0.9940140845070424
sw_constrained_huber75,tid_2352,2,0.8982142584895533,0.9940140845070424
sw_constrained_huber75,tid_2353,2,0.8982142584895533,0.9940140845070424
sw_constrained_huber75,tid_2354,2,0.8982142584895533,0.9940140845070424
sw_constrained_huber75,tid_2355,2,0.8982142584895533,0.9940140845070424
sw_constrained_huber75,tid_2356,2,0.8982142584895533,0.9940140845070424
sw_constrained_huber75,tid_2357,2,0.8982142584895533,0.9940140845070424
sw_constrained_huber75,tid_2358,2,0.8982142584895533,0.9940140845070424
sw_constrained_huber75,tid_2359,2,0.8982142584895533,0.9940140845070424
sw_constrained_huber75,tid_236,1,0.9475855166602014,0.9692667250949457
sw_constrained_huber75,tid_2360,2,0.8982142584895533,0.9940140845070424
sw_constrained_huber75,tid_2361,2,0.8982142584895533,0.9940140845070424
sw_constrained_huber75,tid_2362,2,0.8982142584895533,0.9940140845070424
sw_constrained_huber75,tid_2363,2,0.8982142584895533,0.9940140845070424
sw_constrained_huber75,tid_2364,2,0.8982142584895533,0.9940140845070424
sw_constrained_huber75,tid_2365,2,0.8982142584895533,0.9940140845070424
sw_constrained_huber75,tid_2366,2,0.8982142584895533,0.9940140845070424
sw_constrained_huber75,tid_2367,2,0.8982142584895533,0.9940140845070424
sw_constrained_huber75,tid_2368,2,0.8982142584895533,0.9940140845070424
sw_constrained_huber75,tid_2369,2,0.8982142584895533,0.9940140845070424
sw_constrained_huber75,tid_237,1,0.3341984949108407,0.34732690622261175
sw_constrained_huber75,tid_2370,2,0.8982142584895533,0.9940140845070424
sw_constrained_huber75,tid_2371,2,0.8982142584895533,0.9940140845070424
sw_constrained_huber75,tid_2372,2,0.8982142584895533,0.9940140845070424
sw_constrained_huber75,tid_2373,2,0.8982142584895533,0.9940140845070424
sw_constrained_huber75,tid_2374,2,0.8982142584895533,0.9940140845070424
sw_constrained_huber75,tid_2375,2,0.8982142584895533,0.9940140845070424
sw_constrained_huber75,tid_2376,2,0.8982142584895533,0.9940140845070424
sw_constrained_huber75,tid_2377,2,0.8982142584895533,0.9940140845070424
sw_constrained_huber75,tid_2378,2,0.8982142584895533,0.9940140845070424
sw_constrained_huber75,tid_2379,2,0.8982142584895533,0.9940140845070424
sw_constrained_huber75,tid_238,1,0.890722573723858,0.9117148699970783
sw_constrained_huber75,tid_2380,2,0.8982142584895533,0.9940140845070424
sw_constrained_huber75,tid_2381,2,0.8982142584895533,0.9940140845070424
sw_constrained_huber75,tid_2382,2,0.8982142584895533,0.9940140845070424
sw_constrained_huber75,tid_2383,2,0.8982142584895533,0.9940140845070424
sw_constrained_huber75,tid_2384,2,0.8982142584895533,0.9940140845070424
sw_constrained_huber75,tid_2385,2,0.8982142584895533,0.9940140845070424
sw_constrained_huber75,tid_2386,2,0.8982142584895533,0.9940140845070424
sw_constrained_huber75,tid_2387,2,0.8982142584895533,0.9940140845070424
sw_constrained_huber75,tid_2388,2,0.8982142584895533,0.9940140845070424
sw_constrained_huber75,tid_2389,2,0.8982142584895533,0.9940140845070424
sw_constrained_huber75,tid_239,1,0.9475855166602014,0.9692667250949457
sw_constrained_huber75,tid_2390,2,0.8982142584895533,0.9940140845070424
sw_constrained_huber75,tid_2391,2,0.8670052470964825,0.9629107981220658
sw_constrained_huber75,tid_2392,0,0.4397028410473711,0.4907327586206896
sw_constrained_huber75,tid_2393,0,0.5709317443684654,0.6283045977011494
sw_constrained_huber75,tid_2395,0,0.7891734926613024,0.8584051724137931
sw_constrained_huber75,tid_2398,2,0.8982142584895533,0.9940140845070424
sw_constrained_huber75,tid_2399,2,0.8982142584895533,0.9940140845070424
sw_constrained_huber75,tid_240,1,0.9475855166602014,0.9692667250949457
sw_constrained_huber75,tid_2400,2,0.8982142584895533,0.9940140845070424
sw_constrained_huber75,tid_2401,2,0.8982142584895533,0.9940140845070424
sw_constrained_huber75,tid_2402,2,0.8982142584895533,0.9940140845070424
sw_constrained_huber75,tid_2403,0,0.38897169530262315,0.43591954022988505
sw_constrained_huber75,tid_2404,2,0.8982142584895533,0.9940140845070424
sw_constrained_huber75,tid_2405,2,0.8982142584895533,0.9940140845070424
sw_constrained_huber75,tid_2406,2,0.8982142584895533,0.9940140845070424
sw_constrained_huber75,tid_2407,2,0.8982142584895533,0.9940140845070424
sw_constrained_huber75,tid_2408,2,0.8982142584895533,0.9940140845070424
sw_constrained_huber75,tid_2409,2,0.8982142584895533,0.9940140845070424
sw_constrained_huber75,tid_241,1,0.9475855166602014,0.9692667250949457
sw_constrained_huber75,tid_2410,0,0.5429123642549661,0.597485632183908
sw_constrained_huber75,tid_2411,2,0.8982142584895533,0.9940140845070424
sw_constrained_huber75,tid_2412,2,0.8982142584895533,0.9940140845070424
sw_constrained_huber75,tid_2416,2,0.8982142584895533,0.9940140845070424
sw_constrained_huber75,tid_242,1,0.9216073025674476,0.9429155711364298
sw_constrained_huber75,tid_2422,0,0.38897169530262315,0.43591954022988505
sw_constrained_huber75,tid_2423,2,0.8982142584895533,0.9940140845070424
sw_constrained_huber75,tid_2424,2,0.8982142584895533,0.9940140845070424
sw_constrained_huber75,tid_2425,2,0.8982142584895533,0.9940140845070424
sw_constrained_huber75,tid_2426,2,0.8982142584895533,0.9940140845070424
sw_constrained_huber75,tid_2427,2,0.8982142584895533,0.9940140845070424
sw_constrained_huber75,tid_2428,2,0.8982142584895533,0.9940140845070424
sw_constrained_huber75,tid_2429,2,0.8982142584895533,0.9940140845070424
sw_constrained_huber75,tid_243,1,0.890722573723858,0.9117148699970783
sw_constrained_huber75,tid_2430,2,0.8982142584895533,0.9940140845070424
sw_constrained_huber75,tid_2431,2,0.8982142584895533,0.9940140845070424
sw_constrained_huber75,tid_2432,2,0.8982142584895533,0.9940140845070424
sw_constrained_huber75,tid_2433,2,0.8982142584895533,0.9940140845070424
sw_constrained_huber75,tid_2434,2,0.8982142584895533,0.9940140845070424
sw_constrained_huber75,tid_2435,2,0.8982142584895533,0.9940140845070424
sw_constrained_huber75,tid_2436,2,0.8982142584895533,0.9940140845070424
sw_constrained_huber75,tid_2437,2,0.8982142584895533,0.9940140845070424
sw_constrained_huber75,tid_2439,2,0.8982142584895533,0.9940140845070424
sw_constrained_huber75,tid_2440,2,0.8982142584895533,0.9940140845070424
sw_constrained_huber75,tid_2441,2,0.8982142584895533,0.9940140845070424
sw_constrained_huber75,tid_2442,2,0.8982142584895533,0.9940140845070424
sw_constrained_huber75,tid_2443,2,0.8982142584895533,0.9940140845070424
sw_constrained_huber75,tid_2444,2,0.8982142584895533,0.9940140845070424
sw_constrained_huber75,tid_2445,2,0.8982142584895533,0.9940140845070424
sw_constrained_huber75,tid_2446,2,0.8982142584895533,0.9940140845070424
sw_constrained_huber75,tid_2447,2,0.8982142584895533,0.9940140845070424
sw_constrained_huber75,tid_2449,2,0.8982142584895533,0.9940140845070424
sw_constrained_huber75,tid_2450,2,0.8982142584895533,0.9940140845070424
sw_constrained_huber75,tid_2451,2,0.8982142584895533,0.9940140845070424
sw_constrained_huber75,tid_2452,2,0.8982142584895533,0.9940140845070424
sw_constrained_huber75,tid_2453,2,0.8982142584895533,0.9940140845070424
sw_constrained_huber75,tid_2454,2,0.8982142584895533,0.9940140845070424
sw_constrained_huber75,tid_2455,2,0.8982142584895533,0.9940140845070424
sw_constrained_huber75,tid_2456,2,0.8982142584895533,0.9940140845070424
sw_constrained_huber75,tid_2457,2,0.8982142584895533,0.9940140845070424
sw_constrained_huber75,tid_2458,2,0.8982142584895533,0.9940140845070424
sw_constrained_huber75,tid_2459,2,0.8982142584895533,0.9940140845070424
sw_constrained_huber75,tid_2460,2,0.8982142584895533,0.9940140845070424
sw_constrained_huber75,tid_2461,2,0.8982142584895533,0.9940140845070424
sw_constrained_huber75,tid_2462,2,0.8982142584895533,0.9940140845070424
sw_constrained_huber75,tid_2463,2,0.8982142584895533,0.9940140845070424
sw_constrained_huber75,tid_2464,2,0.8982142584895533,0.9940140845070424
sw_constrained_huber75,tid_2465,0,0.44021800890065443,0.49224137931034484
sw_constrained_huber75,tid_2466,2,0.8982142584895533,0.9940140845070424
sw_constrained_huber75,tid_2467,2,0.8982142584895533,0.9940140845070424
sw_constrained_huber75,tid_2468,2,0.8982142584895533,0.9940140845070424
sw_constrained_huber75,tid_2469,2,0.8982142584895533,0.9940140845070424
sw_constrained_huber75,tid_2470,2,0.8982142584895533,0.9940140845070424
sw_constrained_huber75,tid_2471,2,0.8982142584895533,0.9940140845070424
sw_constrained_huber75,tid_2472,2,0.8982142584895533,0.9940140845070424
sw_constrained_huber75,tid_2473,2,0.8982142584895533,0.9940140845070424
sw_constrained_huber75,tid_2474,2,0.8982142584895533,0.9940140845070424
sw_constrained_huber75,tid_2475,2,0.8982142584895533,0.9940140845070424
sw_constrained_huber75,tid_2476,2,0.8982142584895533,0.9940140845070424
sw_constrained_huber75,tid_2477,2,0.8982142584895533,0.9940140845070424
sw_constrained_huber75,tid_2478,2,0.6449693408168219,0.7381455399061033
sw_constrained_huber75,tid_2479,2,0.8982142584895533,0.9940140845070424
sw_constrained_huber75,tid_2480,2,0.8982142584895533,0.9940140845070424
sw_constrained_huber75,tid_2481,2,0.8982142584895533,0.9940140845070424
sw_constrained_huber75,tid_2482,2,0.8982142584895533,0.9940140845070424
sw_constrained_huber75,tid_2483,2,0.8982142584895533,0.9940140845070424
sw_constrained_huber75,tid_2484,2,0.8982142584895533,0.9940140845070424
sw_constrained_huber75,tid_2485,2,0.8982142584895533,0.9940140845070424
sw_constrained_huber75,tid_2486,2,0.8982142584895533,0.9940140845070424
sw_constrained_huber75,tid_2487,2,0.8982142584895533,0.9940140845070424
sw_constrained_huber75,tid_2488,2,0.8982142584895533,0.9940140845070424
sw_constrained_huber75,tid_2489,2,0.8982142584895533,0.9940140845070424
sw_constrained_huber75,tid_2490,2,0.8982142584895533,0.9940140845070424
sw_constrained_huber75,tid_2491,2,0.8982142584895533,0.9940140845070424
sw_constrained_huber75,tid_2492,2,0.8982142584895533,0.9940140845070424
sw_constrained_huber75,tid_2493,2,0.8982142584895533,0.9940140845070424
sw_constrained_huber75,tid_2494,2,0.8982142584895533,0.9940140845070424
sw_constrained_huber75,tid_2495,2,0.8982142584895533,0.9940140845070424
sw_constrained_huber75,tid_2496,2,0.8982142584895533,0.9940140845070424
sw_constrained_huber75,tid_2497,2,0.8982142584895533,0.9940140845070424
sw_constrained_huber75,tid_2498,2,0.8982142584895533,0.9940140845070424
sw_constrained_huber75,tid_2499,2,0.8982142584895533,0.9940140845070424
sw_constrained_huber75,tid_25,0,0.7697178662915516,0.8377155172413794
sw_constrained_huber75,tid_2500,2,0.8982142584895533,0.9940140845070424
sw_constrained_huber75,tid_2501,2,0.8982142584895533,0.9940140845070424
sw_constrained_huber75,tid_2502,2,0.8982142584895533,0.9940140845070424
sw_constrained_huber75,tid_2503,2,0.8982142584895533,0.9940140845070424
sw_constrained_huber75,tid_2504,2,0.8359069055831134,0.9322769953051644
sw_constrained_huber75,tid_2505,2,0.8982142584895533,0.9940140845070424
sw_constrained_huber75,tid_2506,2,0.8982142584895533,0.9940140845070424
sw_constrained_huber75,tid_2507,2,0.8982142584895533,0.9940140845070424
sw_constrained_huber75,tid_2508,2,0.8982142584895533,0.9940140845070424
sw_constrained_huber75,tid_2509,2,0.8982142584895533,0.9940140845070424
sw_constrained_huber75,tid_2510,2,0.8982142584895533,0.9940140845070424
sw_constrained_huber75,tid_2511,2,0.8982142584895533,0.9940140845070424
sw_constrained_huber75,tid_2512,2,0.8982142584895533,0.9940140845070424
sw_constrained_huber75,tid_2513,2,0.8982142584895533,0.9940140845070424
sw_constrained_huber75,tid_2514,2,0.8982142584895533,0.9940140845070424
sw_constrained_huber75,tid_2515,2,0.8982142584895533,0.9940140845070424
sw_constrained_huber75,tid_2516,2,0.8982142584895533,0.9940140845070424
sw_constrained_huber75,tid_2517,2,0.8982142584895533,0.9940140845070424
sw_constrained_huber75,tid_2518,2,0.8982142584895533,0.9940140845070424
sw_constrained_huber75,tid_2519,2,0.8982142584895533,0.9940140845070424
sw_constrained_huber75,tid_2520,2,0.8982142584895533,0.9940140845070424
sw_constrained_huber75,tid_2521,2,0.8982142584895533,0.9940140845070424
sw_constrained_huber75,tid_2522,2,0.8982142584895533,0.9940140845070424
sw_constrained_huber75,tid_2523,2,0.8982142584895533,0.9940140845070424
sw_constrained_huber75,tid_2524,2,0.8982142584895533,0.9940140845070424
sw_constrained_huber75,tid_2525,2,0.8982142584895533,0.9940140845070424
sw_constrained_huber75,tid_2526,2,0.8982142584895533,0.9940140845070424
sw_constrained_huber75,tid_2527,2,0.8982142584895533,0.9940140845070424
sw_constrained_huber75,tid_2528,2,0.8982142584895533,0.9940140845070424
sw_constrained_huber75,tid_2529,2,0.8982142584895533,0.9940140845070424
sw_constrained_huber75,tid_2530,2,0.8982142584895533,0.9940140845070424
sw_constrained_huber75,tid_2531,2,0.8982142584895533,0.9940140845070424
sw_constrained_huber75,tid_2532,2,0.8982142584895533,0.9940140845070424
sw_constrained_huber75,tid_2533,2,0.8982142584895533,0.9940140845070424
sw_constrained_huber75,tid_2534,2,0.8982142584895533,0.9940140845070424
sw_constrained_huber75,tid_2535,2,0.8982142584895533,0.9940140845070424
sw_constrained_huber75,tid_2536,2,0.8982142584895533,0.9940140845070424
sw_constrained_huber75,tid_2537,2,0.8982142584895533,0.9940140845070424
sw_constrained_huber75,tid_2538,2,0.8982142584895533,0.9940140845070424
sw_constrained_huber75,tid_2539,2,0.8982142584895533,0.9940140845070424
sw_constrained_huber75,tid_2540,2,0.8982142584895533,0.9940140845070424
sw_constrained_huber75,tid_2541,2,0.8982142584895533,0.9940140845070424
sw_constrained_huber75,tid_2542,2,0.8982142584895533,0.9940140845070424
sw_constrained_huber75,tid_2543,2,0.8982142584895533,0.9940140845070424
sw_constrained_huber75,tid_2544,2,0.8982142584895533,0.9940140845070424
sw_constrained_huber75,tid_2545,2,0.8982142584895533,0.9940140845070424
sw_constrained_huber75,tid_2546,2,0.8982142584895533,0.9940140845070424
sw_constrained_huber75,tid_2547,0,0.7519322758043745,0.8176005747126438
sw_constrained_huber75,tid_2548,2,0.8982142584895533,0.9940140845070424
sw_constrained_huber75,tid_2549,2,0.8982142584895533,0.9940140845070424
sw_constrained_huber75,tid_2550,2,0.8982142584895533,0.9940140845070424
sw_constrained_huber75,tid_2551,2,0.8982142584895533,0.9940140845070424
sw_constrained_huber75,tid_2552,2,0.8982142584895533,0.9940140845070424
sw_constrained_huber75,tid_2553,2,0.8982142584895533,0.9940140845070424
sw_constrained_huber75,tid_2554,0,0.38897169530262315,0.43591954022988505
sw_constrained_huber75,tid_2555,2,0.8982142584895533,0.9940140845070424
sw_constrained_huber75,tid_2556,2,0.8982142584895533,0.9940140845070424
sw_constrained_huber75,tid_2557,2,0.8982142584895533,0.9940140845070424
sw_constrained_huber75,tid_2558,2,0.8982142584895533,0.9940140845070424
sw_constrained_huber75,tid_2559,2,0.8982142584895533,0.9940140845070424
sw_constrained_huber75,tid_2560,2,0.8982142584895533,0.9940140845070424
sw_constrained_huber75,tid_2561,2,0.8982142584895533,0.9940140845070424
sw_constrained_huber75,tid_2562,2,0.8982142584895533,0.9940140845070424
sw_constrained_huber75,tid_2563,2,0.8982142584895533,0.9940140845070424
sw_constrained_huber75,tid_2564,2,0.8982142584895533,0.9940140845070424
sw_constrained_huber75,tid_2565,2,0.8982142584895533,0.9940140845070424
sw_constrained_huber75,tid_2566,2,0.8982142584895533,0.9940140845070424
sw_constrained_huber75,tid_2567,2,0.8982142584895533,0.9940140845070424
sw_constrained_huber75,tid_2568,2,0.8982142584895533,0.9940140845070424
sw_constrained_huber75,tid_2569,2,0.8982142584895533,0.9940140845070424
sw_constrained_huber75,tid_2570,2,0.8982142584895533,0.9940140845070424
sw_constrained_huber75,tid_2571,0,0.7713879021741253,0.8382902298850575
sw_constrained_huber75,tid_2572,2,0.8982142584895533,0.9940140845070424
sw_constrained_huber75,tid_2573,2,0.8982142584895533,0.9940140845070424
sw_constrained_huber75,tid_2574,2,0.8982142584895533,0.9940140845070424
sw_constrained_huber75,tid_2575,2,0.8982142584895533,0.9940140845070424
sw_constrained_huber75,tid_2576,2,0.8982142584895533,0.9940140845070424
sw_constrained_huber75,tid_2577,2,0.8982142584895533,0.9940140845070424
sw_constrained_huber75,tid_2578,2,0.8982142584895533,0.9940140845070424
sw_constrained_huber75,tid_2579,2,0.8982142584895533,0.9940140845070424
sw_constrained_huber75,tid_2580,2,0.8982142584895533,0.9940140845070424
sw_constrained_huber75,tid_2581,2,0.8982142584895533,0.9940140845070424
sw_constrained_huber75,tid_2582,2,0.834873721665958,0.9315727699530517
sw_constrained_huber75,tid_2583,2,0.8982142584895533,0.9940140845070424
sw_constrained_huber75,tid_2584,2,0.8982142584895533,0.9940140845070424
sw_constrained_huber75,tid_2585,2,0.8982142584895533,0.9940140845070424
sw_constrained_huber75,tid_2586,2,0.8982142584895533,0.9940140845070424
sw_constrained_huber75,tid_2587,2,0.8982142584895533,0.9940140845070424
sw_constrained_huber75,tid_2588,0,0.5452087036550748,0.602514367816092
sw_constrained_huber75,tid_2589,2,0.8982142584895533,0.9940140845070424
sw_constrained_huber75,tid_2590,2,0.8982142584895533,0.9940140845070424
sw_constrained_huber75,tid_2591,0,0.6658323760730452,0.7298850574712643
sw_constrained_huber75,tid_2592,2,0.8982142584895533,0.9940140845070424
sw_constrained_huber75,tid_2593,1,0.9475855166602014,0.9692667250949457
sw_constrained_huber75,tid_2595,1,0.7921847910785922,0.8099620216184633
sw_constrained_huber75,tid_2596,0,0.7519322758043745,0.8176005747126438
sw_constrained_huber75,tid_2597,0,0.6208985510345764,0.6806752873563219
sw_constrained_huber75,tid_2598,1,0.7602705578467319,0.7793456032719838
sw_constrained_huber75,tid_2599,2,0.8982142584895533,0.9940140845070424
sw_constrained_huber75,tid_26,0,0.8069662517124885,0.8772270114942529
sw_constrained_huber75,tid_2600,2,0.8982142584895533,0.9940140845070424
sw_constrained_huber75,tid_2601,0,0.7519322758043745,0.8176005747126438
sw_constrained_huber75,tid_2602,2,0.8982142584895533,0.9940140845070424
sw_constrained_huber75,tid_2604,2,0.8982142584895533,0.9940140845070424
sw_constrained_huber75,tid_2605,2,0.8982142584895533,0.9940140845070424
sw_constrained_huber75,tid_2606,2,0.8659720631793272,0.962206572769953
sw_constrained_huber75,tid_2607,0,0.7592491347397441,0.8230603448275863
sw_constrained_huber75,tid_2618,1,0.9475855166602014,0.9692667250949457
sw_constrained_huber75,tid_2619,1,0.8874145832017569,0.9080046742623428
sw_constrained_huber75,tid_2620,0,0.8117235235884844,0.8817528735632185
sw_constrained_huber75,tid_2621,0,0.8117235235884844,0.8817528735632185
sw_constrained_huber75,tid_2644,0,0.7262346178032802,0.7905890804597703
sw_constrained_huber75,tid_2646,2,0.8982142584895533,0.9940140845070424
sw_constrained_huber75,tid_2647,0,0.7180655545807395,0.7828304597701149
sw_constrained_huber75,tid_2648,0,0.7519322758043745,0.8176005747126438
sw_constrained_huber75,tid_2649,0,0.38619923841199877,0.4334051724137931
sw_constrained_huber75,tid_2651,2,0.8982142584895533,0.9940140845070424
sw_constrained_huber75,tid_2652,0,0.8069662517124885,0.8772270114942529
sw_constrained_huber75,tid_269,0,0.7697178662915516,0.8377155172413794
sw_constrained_huber75,tid_27,0,0.8069662517124885,0.8772270114942529
sw_constrained_huber75,tid_270,1,0.9475855166602014,0.9692667250949457
sw_constrained_huber75,tid_271,1,0.9475855166602014,0.9692667250949457
sw_constrained_huber75,tid_2710,1,0.7953438929079619,0.8150452819164477
sw_constrained_huber75,tid_272,1,0.769532212208121,0.7875839906514752
sw_constrained_huber75,tid_273,0,0.5832508262205156,0.6428160919540232
sw_constrained_huber75,tid_274,1,0.9475855166602014,0.9692667250949457
sw_constrained_huber75,tid_275,1,0.9475855166602014,0.9692667250949457
sw_constrained_huber75,tid_276,3,0.5656747549523041,0.637669376693767
sw_constrained_huber75,tid_277,1,0.8923873048276432,0.9129126497224654
sw_constrained_huber75,tid_278,0,0.8069662517124885,0.8772270114942529
sw_constrained_huber75,tid_279,1,0.9216073025674476,0.9429155711364298
sw_constrained_huber75,tid_28,0,0.8069662517124885,0.8772270114942529
sw_constrained_huber75,tid_280,1,0.9475855166602014,0.9692667250949457
sw_constrained_huber75,tid_2808,0,0.7713879021741253,0.8382902298850575
sw_constrained_huber75,tid_2809,0,0.8117235235884844,0.8817528735632185
sw_constrained_huber75,tid_281,1,0.9475855166602014,0.9692667250949457
sw_constrained_huber75,tid_2813,1,0.9475855166602014,0.9692667250949457
sw_constrained_huber75,tid_2814,2,0.8982142584895533,0.9940140845070424
sw_constrained_huber75,tid_282,1,0.9216073025674476,0.9429155711364298
sw_constrained_huber75,tid_283,1,0.6453997395615778,0.659626059012562
sw_constrained_huber75,tid_284,1,0.8325472660393056,0.8516213847502191
sw_constrained_huber75,tid_285,1,0.9475855166602014,0.9692667250949457
sw_constrained_huber75,tid_287,1,0.9475855166602014,0.9692667250949457
sw_constrained_huber75,tid_2872,3,0.5663407067345767,0.6357723577235773
sw_constrained_huber75,tid_2876,2,0.8982142584895533,0.9940140845070424
sw_constrained_huber75,tid_2879,0,0.8069662517124885,0.8772270114942529
sw_constrained_huber75,tid_288,1,0.9475855166602014,0.9692667250949457
sw_constrained_huber75,tid_2880,0,0.5879127951840346,0.6465517241379312
sw_constrained_huber75,tid_2881,2,0.8982142584895533,0.9940140845070424
sw_constrained_huber75,tid_2882,0,0.7794238967749714,0.845617816091954
sw_constrained_huber75,tid_2883,1,0.9475855166602014,0.9692667250949457
sw_constrained_huber75,tid_2884,0,0.5457982433349414,0.6034482758620691
sw_constrained_huber75,tid_2885,0,0.8117235235884844,0.8817528735632185
sw_constrained_huber75,tid_2886,1,0.9475855166602014,0.9692667250949457
sw_constrained_huber75,tid_2887,2,0.8359069055831134,0.9322769953051644
sw_constrained_huber75,tid_289,1,0.9475855166602014,0.9692667250949457
sw_constrained_huber75,tid_29,0,0.7875106253427375,0.8565373563218391
sw_constrained_huber75,tid_290,1,0.9475855166602014,0.9692667250949457
sw_constrained_huber75,tid_292,1,0.9475855166602014,0.9692667250949457
sw_constrained_huber75,tid_293,1,0.9475855166602014,0.9692667250949457
sw_constrained_huber75,tid_294,1,0.9475855166602014,0.9692667250949457
sw_constrained_huber75,tid_295,1,0.9475855166602014,0.9692667250949457
sw_constrained_huber75,tid_296,1,0.9475855166602014,0.9692667250949457
sw_constrained_huber75,tid_297,1,0.9475855166602014,0.9692667250949457
sw_constrained_huber75,tid_298,1,0.9475855166602014,0.9692667250949457
sw_constrained_huber75,tid_3,1,0.9475855166602014,0.9692667250949457
sw_constrained_huber75,tid_30,0,0.8117235235884844,0.8817528735632185
sw_constrained_huber75,tid_300,1,0.9475855166602014,0.9692667250949457
sw_constrained_huber75,tid_3005,0,0.7592491347397441,0.8230603448275863
sw_constrained_huber75,tid_3007,1,0.9177324466768434,0.9391761612620507
sw_constrained_huber75,tid_3009,0,0.7519322758043745,0.8176005747126438
sw_constrained_huber75,tid_301,0,0.684664493651608,0.7459770114942529
sw_constrained_huber75,tid_3011,0,0.8117235235884844,0.8817528735632185
sw_constrained_huber75,tid_3012,1,0.9475855166602014,0.9692667250949457
sw_constrained_huber75,tid_3013,0,0.7519322758043745,0.8176005747126438
sw_constrained_huber75,tid_302,1,0.9475855166602014,0.9692667250949457
sw_constrained_huber75,tid_303,1,0.9475855166602014,0.9692667250949457
sw_constrained_huber75,tid_304,1,0.9475855166602014,0.9692667250949457
sw_constrained_huber75,tid_305,1,0.9475855166602014,0.9692667250949457
sw_constrained_huber75,tid_306,1,0.9475855166602014,0.9692667250949457
sw_constrained_huber75,tid_307,1,0.9475855166602014,0.9692667250949457
sw_constrained_huber75,tid_308,1,0.9475855166602014,0.9692667250949457
sw_constrained_huber75,tid_309,3,0.2902408383886347,0.3588075880758808
sw_constrained_huber75,tid_31,0,0.8117235235884844,0.8817528735632185
sw_constrained_huber75,tid_312,0,0.8117235235884844,0.8817528735632185
sw_constrained_huber75,tid_314,3,0.8073925346420467,0.8528455284552845
sw_constrained_huber75,tid_316,3,0.8073925346420467,0.8528455284552845
sw_constrained_huber75,tid_317,3,0.8073925346420467,0.8528455284552845
sw_constrained_huber75,tid_318,3,0.8073925346420467,0.8528455284552845
sw_constrained_huber75,tid_319,3,0.8073925346420467,0.8528455284552845
sw_constrained_huber75,tid_32,1,0.861193340296773,0.8806894536955885
sw_constrained_huber75,tid_320,3,0.8073925346420467,0.8528455284552845
sw_constrained_huber75,tid_321,3,0.32955053239255605,0.4195121951219513
sw_constrained_huber75,tid_323,3,0.8073925346420467,0.8528455284552845
sw_constrained_huber75,tid_324,3,0.7019883265699355,0.7550135501355013
sw_constrained_huber75,tid_325,3,0.1646660913449061,0.23468834688346882
sw_constrained_huber75,tid_326,3,0.2827479043258455,0.3441734417344174
sw_constrained_huber75,tid_327,1,0.6144491966019604,0.631229915278995
sw_constrained_huber75,tid_329,0,0.640779116298878,0.6980603448275865
sw_constrained_huber75,tid_33,0,0.7854405804583011,0.8525862068965518
sw_constrained_huber75,tid_330,3,0.7247562377628273,0.7897018970189702
sw_constrained_huber75,tid_331,3,0.8073925346420467,0.8528455284552845
sw_constrained_huber75,tid_332,3,0.8073925346420467,0.8528455284552845
sw_constrained_huber75,tid_333,1,0.3631252796119997,0.3769208296815659
sw_constrained_huber75,tid_334,3,0.8073925346420467,0.8528455284552845
sw_constrained_huber75,tid_335,3,0.8073925346420467,0.8528455284552845
sw_constrained_huber75,tid_336,3,0.8073925346420467,0.8528455284552845
sw_constrained_huber75,tid_337,3,0.784687897231527,0.8346883468834688
sw_constrained_huber75,tid_338,3,0.8073925346420467,0.8528455284552845
sw_constrained_huber75,tid_339,3,0.8073925346420467,0.8528455284552845
sw_constrained_huber75,tid_34,0,0.8117235235884844,0.8817528735632185
sw_constrained_huber75,tid_340,3,0.8073925346420467,0.8528455284552845
sw_constrained_huber75,tid_341,3,0.8073925346420467,0.8528455284552845
sw_constrained_huber75,tid_342,3,0.4450150670467338,0.5341463414634148
sw_constrained_huber75,tid_343,3,0.8073925346420467,0.8528455284552845
sw_constrained_huber75,tid_345,2,0.8982142584895533,0.9940140845070424
sw_constrained_huber75,tid_346,2,0.8982142584895533,0.9940140845070424
sw_constrained_huber75,tid_347,2,0.8982142584895533,0.9940140845070424
sw_constrained_huber75,tid_348,2,0.8982142584895533,0.9940140845070424
sw_constrained_huber75,tid_349,2,0.8982142584895533,0.9940140845070424
sw_constrained_huber75,tid_35,0,0.8117235235884844,0.8817528735632185
sw_constrained_huber75,tid_351,2,0.8674382507330777,0.9629107981220657
sw_constrained_huber75,tid_352,2,0.8982142584895533,0.9940140845070424
sw_constrained_huber75,tid_354,2,0.8982142584895533,0.9940140845070424
sw_constrained_huber75,tid_355,0,0.3260293966699466,0.3724856321839081
sw_constrained_huber75,tid_356,0,0.7552591277112641,0.8221982758620692
sw_constrained_huber75,tid_357,0,0.8117235235884844,0.8817528735632185
sw_constrained_huber75,tid_358,1,0.9475855166602014,0.9692667250949457
sw_constrained_huber75,tid_359,0,0.7251674466184979,0.791594827586207
sw_constrained_huber75,tid_36,1,0.5825067847542039,0.5984516505988898
sw_constrained_huber75,tid_360,1,0.9475855166602014,0.9692667250949457
sw_constrained_huber75,tid_361,0,0.6176341238530502,0.6763649425287358
sw_constrained_huber75,tid_362,0,0.8069662517124885,0.8772270114942529
sw_constrained_huber75,tid_363,0,0.8117235235884844,0.8817528735632185
sw_constrained_huber75,tid_364,0,0.8117235235884844,0.8817528735632185
sw_constrained_huber75,tid_365,1,0.7058911409742091,0.7219690330119778
sw_constrained_huber75,tid_366,0,0.7310694967665294,0.7948994252873565
sw_constrained_huber75,tid_367,0,0.8117235235884844,0.8817528735632185
sw_constrained_huber75,tid_368,0,0.8117235235884844,0.8817528735632185
sw_constrained_huber75,tid_369,0,0.8117235235884844,0.8817528735632185
sw_constrained_huber75,tid_37,0,0.8117235235884844,0.8817528735632185
sw_constrained_huber75,tid_370,0,0.8069662517124885,0.8772270114942529
sw_constrained_huber75,tid_371,0,0.8069662517124885,0.8772270114942529
sw_constrained_huber75,tid_372,0,0.6163065917519274,0.6740660919540231
sw_constrained_huber75,tid_373,0,0.8069662517124885,0.8772270114942529
sw_constrained_huber75,tid_374,0,0.8117235235884844,0.8817528735632185
sw_constrained_huber75,tid_375,0,0.8069662517124885,0.8772270114942529
sw_constrained_huber75,tid_376,1,0.7997753020831283,0.8187262635115394
sw_constrained_huber75,tid_377,1,0.9475855166602014,0.9692667250949457
sw_constrained_huber75,tid_378,0,0.8117235235884844,0.8817528735632185
sw_constrained_huber75,tid_379,0,0.7697250348555605,0.8364224137931036
sw_constrained_huber75,tid_38,0,0.8069662517124885,0.8772270114942529
sw_constrained_huber75,tid_380,0,0.8117235235884844,0.8817528735632185
sw_constrained_huber75,tid_381,0,0.4768254239471857,0.5276580459770115
sw_constrained_huber75,tid_382,1,0.5498813397064833,0.5629856850715745
sw_constrained_huber75,tid_383,0,0.6476370485832624,0.7076149425287357
sw_constrained_huber75,tid_384,0,0.32940017288945517,0.3762931034482758
sw_constrained_huber75,tid_385,0,0.8069662517124885,0.8772270114942529
sw_constrained_huber75,tid_386,1,0.8256060670761532,0.844551562956471
sw_constrained_huber75,tid_387,0,0.8117235235884844,0.8817528735632185
sw_constrained_huber75,tid_388,0,0.8069662517124885,0.8772270114942529
sw_constrained_huber75,tid_39,0,0.8069662517124885,0.8772270114942529
sw_constrained_huber75,tid_390,0,0.8117235235884844,0.8817528735632185
sw_constrained_huber75,tid_391,0,0.39177733200227755,0.439655172413793
sw_constrained_huber75,tid_392,1,0.9475855166602014,0.9692667250949457
sw_constrained_huber75,tid_393,1,0.9475855166602014,0.9692667250949457
sw_constrained_huber75,tid_395,0,0.8117235235884844,0.8817528735632185
sw_constrained_huber75,tid_396,0,0.8117235235884844,0.8817528735632185
sw_constrained_huber75,tid_397,0,0.8117235235884844,0.8817528735632185
sw_constrained_huber75,tid_398,1,0.9475855166602014,0.9692667250949457
sw_constrained_huber75,tid_4,0,0.7867914896772613,0.8546695402298851
sw_constrained_huber75,tid_40,0,0.8117235235884844,0.8817528735632185
sw_constrained_huber75,tid_401,0,0.8117235235884844,0.8817528735632185
sw_constrained_huber75,tid_402,0,0.8117235235884844,0.8817528735632185
sw_constrained_huber75,tid_403,0,0.8117235235884844,0.8817528735632185
sw_constrained_huber75,tid_404,1,0.4189472366040014,0.4344726847794333
sw_constrained_huber75,tid_405,0,0.8117235235884844,0.8817528735632185
sw_constrained_huber75,tid_408,1,0.9475855166602014,0.9692667250949457
sw_constrained_huber75,tid_41,0,0.8117235235884844,0.8817528735632185
sw_constrained_huber75,tid_410,0,0.8117235235884844,0.8817528735632185
sw_constrained_huber75,tid_413,0,0.8117235235884844,0.8817528735632185
sw_constrained_huber75,tid_414,0,0.8069662517124885,0.8772270114942529
sw_constrained_huber75,tid_416,0,0.8117235235884844,0.8817528735632185
sw_constrained_huber75,tid_418,0,0.32327492652313444,0.3713362068965518
sw_constrained_huber75,tid_419,0,0.8069662517124885,0.8772270114942529
sw_constrained_huber75,tid_42,0,0.8117235235884844,0.8817528735632185
sw_constrained_huber75,tid_420,0,0.8117235235884844,0.8817528735632185
sw_constrained_huber75,tid_421,0,0.8117235235884844,0.8817528735632185
sw_constrained_huber75,tid_422,0,0.8117235235884844,0.8817528735632185
sw_constrained_huber75,tid_423,0,0.4039842851229862,0.44899425287356315
sw_constrained_huber75,tid_424,1,0.9216073025674476,0.9429155711364298
sw_constrained_huber75,tid_425,1,0.8313282989854399,0.8499853929301782
sw_constrained_huber75,tid_428,1,0.9475855166602014,0.9692667250949457
sw_constrained_huber75,tid_429,1,0.9475855166602014,0.9692667250949457
sw_constrained_huber75,tid_43,1,0.8325472660393056,0.8516213847502191
sw_constrained_huber75,tid_430,0,0.8069662517124885,0.8772270114942529
sw_constrained_huber75,tid_431,0,0.5298121742349385,0.5860632183908048
sw_constrained_huber75,tid_432,1,0.9475855166602014,0.9692667250949457
sw_constrained_huber75,tid_433,1,0.9475855166602014,0.9692667250949457
sw_constrained_huber75,tid_434,1,0.9216073025674476,0.9429155711364298
sw_constrained_huber75,tid_435,1,0.9216073025674476,0.9429155711364298
sw_constrained_huber75,tid_436,1,0.8918629045543885,0.912240724510663
sw_constrained_huber75,tid_437,1,0.9475855166602014,0.9692667250949457
sw_constrained_huber75,tid_438,0,0.39312856515355304,0.4416666666666666
sw_constrained_huber75,tid_44,0,0.8117235235884844,0.8817528735632185
sw_constrained_huber75,tid_440,0,0.5333518550228106,0.5857758620689657
sw_constrained_huber75,tid_441,1,0.9475855166602014,0.9692667250949457
sw_constrained_huber75,tid_442,1,0.7678621470987833,0.7860940695296521
sw_constrained_huber75,tid_443,1,0.550787681387317,0.5675430908559742
sw_constrained_huber75,tid_444,1,0.862642906814584,0.8822378030966986
sw_constrained_huber75,tid_445,1,0.8287812896008955,0.8487291849255036
sw_constrained_huber75,tid_446,1,0.862642906814584,0.8822378030966986
sw_constrained_huber75,tid_447,1,0.9475855166602014,0.9692667250949457
sw_constrained_huber75,tid_448,0,0.8069662517124885,0.8772270114942529
sw_constrained_huber75,tid_449,1,0.9475855166602014,0.9692667250949457
sw_constrained_huber75,tid_45,0,0.8117235235884844,0.8817528735632185
sw_constrained_huber75,tid_450,1,0.9177324466768434,0.9391761612620507
sw_constrained_huber75,tid_451,1,0.9475855166602014,0.9692667250949457
sw_constrained_huber75,tid_452,0,0.8117235235884844,0.8817528735632185
sw_constrained_huber75,tid_453,0,0.6770014363460638,0.7432471264367816
sw_constrained_huber75,tid_455,0,0.7307152906067408,0.7993534482758622
sw_constrained_huber75,tid_456,1,0.9475855166602014,0.9692667250949457
sw_constrained_huber75,tid_457,1,0.9475855166602014,0.9692667250949457
sw_constrained_huber75,tid_458,0,0.7999191510276928,0.8673132183908047
sw_constrained_huber75,tid_459,0,0.8117235235884844,0.8817528735632185
sw_constrained_huber75,tid_46,0,0.7847530806389539,0.8524425287356324
sw_constrained_huber75,tid_460,1,0.5450583222227131,0.5619047619047619
sw_constrained_huber75,tid_47,0,0.8117235235884844,0.8817528735632185
sw_constrained_huber75,tid_478,2,0.834873721665958,0.9315727699530517
sw_constrained_huber75,tid_479,1,0.9475855166602014,0.9692667250949457
sw_constrained_huber75,tid_48,0,0.8117235235884844,0.8817528735632185
sw_constrained_huber75,tid_480,0,0.8117235235884844,0.8817528735632185
sw_constrained_huber75,tid_481,0,0.8069662517124885,0.8772270114942529
sw_constrained_huber75,tid_482,1,0.9475855166602014,0.9692667250949457
sw_constrained_huber75,tid_484,0,0.8117235235884844,0.8817528735632185
sw_constrained_huber75,tid_485,0,0.8069662517124885,0.8772270114942529
sw_constrained_huber75,tid_486,0,0.7999191510276928,0.8673132183908047
sw_constrained_huber75,tid_487,0,0.7999191510276928,0.8673132183908047
sw_constrained_huber75,tid_489,1,0.9475855166602014,0.9692667250949457
sw_constrained_huber75,tid_49,0,0.8117235235884844,0.8817528735632185
sw_constrained_huber75,tid_490,0,0.8117235235884844,0.8817528735632185
sw_constrained_huber75,tid_491,0,0.8117235235884844,0.8817528735632185
sw_constrained_huber75,tid_492,0,0.8117235235884844,0.8817528735632185
sw_constrained_huber75,tid_493,1,0.9475855166602014,0.9692667250949457
sw_constrained_huber75,tid_494,0,0.5033709020545101,0.5491379310344829
sw_constrained_huber75,tid_495,1,0.9475855166602014,0.9692667250949457
sw_constrained_huber75,tid_496,1,0.9216073025674476,0.9429155711364298
sw_constrained_huber75,tid_497,1,0.9216073025674476,0.9429155711364298
sw_constrained_huber75,tid_498,0,0.8117235235884844,0.8817528735632185
sw_constrained_huber75,tid_499,0,0.8117235235884844,0.8817528735632185
sw_constrained_huber75,tid_5,1,0.9475855166602014,0.9692667250949457
sw_constrained_huber75,tid_50,0,0.8069662517124885,0.8772270114942529
sw_constrained_huber75,tid_501,0,0.3365212373759981,0.3820402298850574
sw_constrained_huber75,tid_502,0,0.8117235235884844,0.8817528735632185
sw_constrained_huber75,tid_503,1,0.9216073025674476,0.9429155711364298
sw_constrained_huber75,tid_504,0,0.5975430216887953,0.6569683908045977
sw_constrained_huber75,tid_505,1,0.9216073025674476,0.9429155711364298
sw_constrained_huber75,tid_506,0,0.7519322758043745,0.8176005747126438
sw_constrained_huber75,tid_507,0,0.8069662517124885,0.8772270114942529
sw_constrained_huber75,tid_508,1,0.7070206629796628,0.7252994449313467
sw_constrained_huber75,tid_509,0,0.8117235235884844,0.8817528735632185
sw_constrained_huber75,tid_51,0,0.8117235235884844,0.8817528735632185
sw_constrained_huber75,tid_510,0,0.8117235235884844,0.8817528735632185
sw_constrained_huber75,tid_511,1,0.7646101804782617,0.7841367221735321
sw_constrained_huber75,tid_512,1,0.9475855166602014,0.9692667250949457
sw_constrained_huber75,tid_515,0,0.8117235235884844,0.8817528735632185
sw_constrained_huber75,tid_516,1,0.9475855166602014,0.9692667250949457
sw_constrained_huber75,tid_517,0,0.8117235235884844,0.8817528735632185
sw_constrained_huber75,tid_518,1,0.9475855166602014,0.9692667250949457
sw_constrained_huber75,tid_519,1,0.9475855166602014,0.9692667250949457
sw_constrained_huber75,tid_52,1,0.6459294128956417,0.6607361963190183
sw_constrained_huber75,tid_520,1,0.9475855166602014,0.9692667250949457
sw_constrained_huber75,tid_521,1,0.9475855166602014,0.9692667250949457
sw_constrained_huber75,tid_522,1,0.9475855166602014,0.9692667250949457
sw_constrained_huber75,tid_523,1,0.9475855166602014,0.9692667250949457
sw_constrained_huber75,tid_524,1,0.9475855166602014,0.9692667250949457
sw_constrained_huber75,tid_525,1,0.9475855166602014,0.9692667250949457
sw_constrained_huber75,tid_527,1,0.9475855166602014,0.9692667250949457
sw_constrained_huber75,tid_528,1,0.9216073025674476,0.9429155711364298
sw_constrained_huber75,tid_529,1,0.9177324466768434,0.9391761612620507
sw_constrained_huber75,tid_53,0,0.8117235235884844,0.8817528735632185
sw_constrained_huber75,tid_530,1,0.9475855166602014,0.9692667250949457
sw_constrained_huber75,tid_531,1,0.9216073025674476,0.9429155711364298
sw_constrained_huber75,tid_532,1,0.890722573723858,0.9117148699970783
sw_constrained_huber75,tid_533,1,0.9475855166602014,0.9692667250949457
sw_constrained_huber75,tid_534,1,0.9475855166602014,0.9692667250949457
sw_constrained_huber75,tid_535,1,0.9475855166602014,0.9692667250949457
sw_constrained_huber75,tid_536,1,0.9475855166602014,0.9692667250949457
sw_constrained_huber75,tid_537,1,0.9475855166602014,0.9692667250949457
sw_constrained_huber75,tid_538,1,0.9475855166602014,0.9692667250949457
sw_constrained_huber75,tid_539,1,0.9216073025674476,0.9429155711364298
sw_constrained_huber75,tid_54,0,0.8117235235884844,0.8817528735632185
sw_constrained_huber75,tid_540,1,0.9475855166602014,0.9692667250949457
sw_constrained_huber75,tid_541,1,0.9475855166602014,0.9692667250949457
sw_constrained_huber75,tid_542,3,0.5073422226358172,0.5555555555555557
sw_constrained_huber75,tid_543,1,0.9216073025674476,0.9429155711364298
sw_constrained_huber75,tid_544,1,0.9475855166602014,0.9692667250949457
sw_constrained_huber75,tid_545,1,0.9475855166602014,0.9692667250949457
sw_constrained_huber75,tid_546,1,0.9475855166602014,0.9692667250949457
sw_constrained_huber75,tid_547,1,0.9475855166602014,0.9692667250949457
sw_constrained_huber75,tid_548,1,0.9475855166602014,0.9692667250949457
sw_constrained_huber75,tid_549,1,0.9475855166602014,0.9692667250949457
sw_constrained_huber75,tid_55,0,0.8117235235884844,0.8817528735632185
sw_constrained_huber75,tid_550,1,0.9216073025674476,0.9429155711364298
sw_constrained_huber75,tid_552,1,0.9475855166602014,0.9692667250949457
sw_constrained_huber75,tid_553,1,0.9475855166602014,0.9692667250949457
sw_constrained_huber75,tid_554,1,0.9475855166602014,0.9692667250949457
sw_constrained_huber75,tid_555,1,0.9475855166602014,0.9692667250949457
sw_constrained_huber75,tid_556,3,0.7912411076956786,0.8466124661246611
sw_constrained_huber75,tid_557,1,0.9475855166602014,0.9692667250949457
sw_constrained_huber75,tid_558,1,0.9216073025674476,0.9429155711364298
sw_constrained_huber75,tid_559,1,0.9475855166602014,0.9692667250949457
sw_constrained_huber75,tid_56,0,0.8117235235884844,0.8817528735632185
sw_constrained_huber75,tid_560,1,0.9475855166602014,0.9692667250949457
sw_constrained_huber75,tid_561,1,0.9475855166602014,0.9692667250949457
sw_constrained_huber75,tid_562,1,0.9475855166602014,0.9692667250949457
sw_constrained_huber75,tid_563,1,0.9475855166602014,0.9692667250949457
sw_constrained_huber75,tid_564,1,0.9475855166602014,0.9692667250949457
sw_constrained_huber75,tid_565,1,0.9475855166602014,0.9692667250949457
sw_constrained_huber75,tid_566,1,0.9475855166602014,0.9692667250949457
sw_constrained_huber75,tid_567,1,0.9475855166602014,0.9692667250949457
sw_constrained_huber75,tid_568,1,0.9475855166602014,0.9692667250949457
sw_constrained_huber75,tid_569,1,0.9475855166602014,0.9692667250949457
sw_constrained_huber75,tid_57,0,0.8069662517124885,0.8772270114942529
sw_constrained_huber75,tid_570,1,0.9475855166602014,0.9692667250949457
sw_constrained_huber75,tid_571,1,0.9475855166602014,0.9692667250949457
sw_constrained_huber75,tid_572,1,0.9475855166602014,0.9692667250949457
sw_constrained_huber75,tid_574,1,0.9475855166602014,0.9692667250949457
sw_constrained_huber75,tid_578,0,0.7713879021741253,0.8382902298850575
sw_constrained_huber75,tid_579,0,0.8117235235884844,0.8817528735632185
sw_constrained_huber75,tid_58,1,0.862642906814584,0.8822378030966986
sw_constrained_huber75,tid_580,0,0.3872170849974884,0.42715517241379325
sw_constrained_huber75,tid_581,0,0.8117235235884844,0.8817528735632185
sw_constrained_huber75,tid_582,3,0.44906705218978865,0.5365853658536587
sw_constrained_huber75,tid_583,3,0.8073925346420467,0.8528455284552845
sw_constrained_huber75,tid_584,0,0.784966927249187,0.8516522988505748
sw_constrained_huber75,tid_585,1,0.9475855166602014,0.9692667250949457
sw_constrained_huber75,tid_586,0,0.8117235235884844,0.8817528735632185
sw_constrained_huber75,tid_587,0,0.8117235235884844,0.8817528735632185
sw_constrained_huber75,tid_588,3,0.6842199041186868,0.765040650406504
sw_constrained_huber75,tid_589,0,0.8117235235884844,0.8817528735632185
sw_constrained_huber75,tid_59,0,0.8117235235884844,0.8817528735632185
sw_constrained_huber75,tid_591,1,0.9216073025674476,0.9429155711364298
sw_constrained_huber75,tid_592,0,0.8117235235884844,0.8817528735632185
sw_constrained_huber75,tid_593,0,0.8117235235884844,0.8817528735632185
sw_constrained_huber75,tid_594,1,0.8292253227030604,0.8497224656733857
sw_constrained_huber75,tid_595,1,0.9216073025674476,0.9429155711364298
sw_constrained_huber75,tid_598,0,0.4851359865599532,0.5387931034482759
sw_constrained_huber75,tid_599,1,0.760195766865104,0.7801928133216476
sw_constrained_huber75,tid_6,0,0.7999191510276928,0.8673132183908047
sw_constrained_huber75,tid_60,0,0.8117235235884844,0.8817528735632185
sw_constrained_huber75,tid_600,0,0.6403068479473022,0.7017959770114944
sw_constrained_huber75,tid_601,0,0.8117235235884844,0.8817528735632185
sw_constrained_huber75,tid_602,3,0.7912411076956786,0.8466124661246611
sw_constrained_huber75,tid_603,1,0.9216073025674476,0.9429155711364298
sw_constrained_huber75,tid_604,0,0.8117235235884844,0.8817528735632185
sw_constrained_huber75,tid_605,0,0.8117235235884844,0.8817528735632185
sw_constrained_huber75,tid_606,0,0.8117235235884844,0.8817528735632185
sw_constrained_huber75,tid_607,0,0.8117235235884844,0.8817528735632185
sw_constrained_huber75,tid_608,0,0.8117235235884844,0.8817528735632185
sw_constrained_huber75,tid_61,0,0.8117235235884844,0.8817528735632185
sw_constrained_huber75,tid_612,0,0.8117235235884844,0.8817528735632185
sw_constrained_huber75,tid_613,1,0.6146606468506147,0.6289512123867951
sw_constrained_huber75,tid_614,3,0.8073925346420467,0.8528455284552845
sw_constrained_huber75,tid_615,3,0.8073925346420467,0.8528455284552845
sw_constrained_huber75,tid_616,3,0.8073925346420467,0.8528455284552845
sw_constrained_huber75,tid_618,3,0.8073925346420467,0.8528455284552845
sw_constrained_huber75,tid_619,3,0.8073925346420467,0.8528455284552845
sw_constrained_huber75,tid_62,0,0.8117235235884844,0.8817528735632185
sw_constrained_huber75,tid_621,3,0.8073925346420467,0.8528455284552845
sw_constrained_huber75,tid_63,0,0.8117235235884844,0.8817528735632185
sw_constrained_huber75,tid_65,1,0.6137555585241383,0.6277242185217645
sw_constrained_huber75,tid_66,0,0.8069662517124885,0.8772270114942529
sw_constrained_huber75,tid_666,2,0.8333577533555506,0.9296948356807512
sw_constrained_huber75,tid_667,0,0.8117235235884844,0.8817528735632185
sw_constrained_huber75,tid_668,1,0.9475855166602014,0.9692667250949457
sw_constrained_huber75,tid_669,1,0.9475855166602014,0.9692667250949457
sw_constrained_huber75,tid_67,0,0.8117235235884844,0.8817528735632185
sw_constrained_huber75,tid_670,1,0.8253760737727128,0.8454864154250659
sw_constrained_huber75,tid_671,1,0.9475855166602014,0.9692667250949457
sw_constrained_huber75,tid_674,0,0.8117235235884844,0.8817528735632185
sw_constrained_huber75,tid_675,1,0.9475855166602014,0.9692667250949457
sw_constrained_huber75,tid_676,0,0.8069662517124885,0.8772270114942529
sw_constrained_huber75,tid_677,1,0.9475855166602014,0.9692667250949457
sw_constrained_huber75,tid_678,0,0.8117235235884844,0.8817528735632185
sw_constrained_huber75,tid_679,0,0.8117235235884844,0.8817528735632185
sw_constrained_huber75,tid_68,0,0.8117235235884844,0.8817528735632185
sw_constrained_huber75,tid_680,1,0.8575615132183987,0.8779141104294478
sw_constrained_huber75,tid_683,1,0.9475855166602014,0.9692667250949457
sw_constrained_huber75,tid_685,1,0.5120579312104644,0.5291264972246567
sw_constrained_huber75,tid_686,0,0.8117235235884844,0.8817528735632185
sw_constrained_huber75,tid_687,1,0.9475855166602014,0.9692667250949457
sw_constrained_huber75,tid_689,1,0.9475855166602014,0.9692667250949457
sw_constrained_huber75,tid_69,0,0.7519322758043745,0.8176005747126438
sw_constrained_huber75,tid_690,1,0.9216073025674476,0.9429155711364298
sw_constrained_huber75,tid_691,1,0.9475855166602014,0.9692667250949457
sw_constrained_huber75,tid_692,1,0.9475855166602014,0.9692667250949457
sw_constrained_huber75,tid_693,0,0.8117235235884844,0.8817528735632185
sw_constrained_huber75,tid_694,1,0.9475855166602014,0.9692667250949457
sw_constrained_huber75,tid_695,1,0.9475855166602014,0.9692667250949457
sw_constrained_huber75,tid_696,1,0.9216073025674476,0.9429155711364298
sw_constrained_huber75,tid_697,1,0.9475855166602014,0.9692667250949457
sw_constrained_huber75,tid_698,1,0.9475855166602014,0.9692667250949457
sw_constrained_huber75,tid_699,1,0.9475855166602014,0.9692667250949457
sw_constrained_huber75,tid_7,0,0.3322448503555149,0.376867816091954
sw_constrained_huber75,tid_70,1,0.9475855166602014,0.9692667250949457
sw_constrained_huber75,tid_701,1,0.9475855166602014,0.9692667250949457
sw_constrained_huber75,tid_702,1,0.9475855166602014,0.9692667250949457
sw_constrained_huber75,tid_703,1,0.9475855166602014,0.9692667250949457
sw_constrained_huber75,tid_704,1,0.9475855166602014,0.9692667250949457
sw_constrained_huber75,tid_705,1,0.9475855166602014,0.9692667250949457
sw_constrained_huber75,tid_706,1,0.9475855166602014,0.9692667250949457
sw_constrained_huber75,tid_708,3,0.8073925346420467,0.8528455284552845
sw_constrained_huber75,tid_71,0,0.8117235235884844,0.8817528735632185
sw_constrained_huber75,tid_710,1,0.9475855166602014,0.9692667250949457
sw_constrained_huber75,tid_711,1,0.9475855166602014,0.9692667250949457
sw_constrained_huber75,tid_712,1,0.9475855166602014,0.9692667250949457
sw_constrained_huber75,tid_713,1,0.9475855166602014,0.9692667250949457
sw_constrained_huber75,tid_714,1,0.9475855166602014,0.9692667250949457
sw_constrained_huber75,tid_715,1,0.9475855166602014,0.9692667250949457
sw_constrained_huber75,tid_716,0,0.8069662517124885,0.8772270114942529
sw_constrained_huber75,tid_717,1,0.9475855166602014,0.9692667250949457
sw_constrained_huber75,tid_718,3,0.8073925346420467,0.8528455284552845
sw_constrained_huber75,tid_719,1,0.9475855166602014,0.9692667250949457
sw_constrained_huber75,tid_72,0,0.8117235235884844,0.8817528735632185
sw_constrained_huber75,tid_720,3,0.8073925346420467,0.8528455284552845
sw_constrained_huber75,tid_721,1,0.9475855166602014,0.9692667250949457
sw_constrained_huber75,tid_722,1,0.9475855166602014,0.9692667250949457
sw_constrained_huber75,tid_723,1,0.9475855166602014,0.9692667250949457
sw_constrained_huber75,tid_725,1,0.9475855166602014,0.9692667250949457
sw_constrained_huber75,tid_726,3,0.8073925346420467,0.8528455284552845
sw_constrained_huber75,tid_727,0,0.3530403435489584,0.40258620689655183
sw_constrained_huber75,tid_73,0,0.43096900401506677,0.4828304597701151
sw_constrained_huber75,tid_731,0,0.8117235235884844,0.8817528735632185
sw_constrained_huber75,tid_734,1,0.9475855166602014,0.9692667250949457
sw_constrained_huber75,tid_735,0,0.8117235235884844,0.8817528735632185
sw_constrained_huber75,tid_736,3,0.3414243774616234,0.41273712737127377
sw_constrained_huber75,tid_737,1,0.9216073025674476,0.9429155711364298
sw_constrained_huber75,tid_738,1,0.5513148671429852,0.5652936021034181
sw_constrained_huber75,tid_739,1,0.9475855166602014,0.9692667250949457
sw_constrained_huber75,tid_74,0,0.7848744980332438,0.8519396551724139
sw_constrained_huber75,tid_741,1,0.8923873048276432,0.9129126497224654
sw_constrained_huber75,tid_742,1,0.9475855166602014,0.9692667250949457
sw_constrained_huber75,tid_743,1,0.9475855166602014,0.9692667250949457
sw_constrained_huber75,tid_744,1,0.80187770178169,0.8200701139351445
sw_constrained_huber75,tid_745,1,0.9475855166602014,0.9692667250949457
sw_constrained_huber75,tid_746,1,0.9475855166602014,0.9692667250949457
sw_constrained_huber75,tid_747,1,0.9475855166602014,0.9692667250949457
sw_constrained_huber75,tid_748,0,0.8117235235884844,0.8817528735632185
sw_constrained_huber75,tid_749,1,0.9475855166602014,0.9692667250949457
sw_constrained_huber75,tid_75,0,0.8117235235884844,0.8817528735632185
sw_constrained_huber75,tid_751,1,0.9475855166602014,0.9692667250949457
sw_constrained_huber75,tid_752,1,0.9475855166602014,0.9692667250949457
sw_constrained_huber75,tid_753,1,0.8276370251797966,0.8472392638036808
sw_constrained_huber75,tid_754,0,0.7834260549663299,0.85316091954023
sw_constrained_huber75,tid_755,1,0.9475855166602014,0.9692667250949457
sw_constrained_huber75,tid_756,1,0.7060995350405791,0.724072451066316
sw_constrained_huber75,tid_757,0,0.8117235235884844,0.8817528735632185
sw_constrained_huber75,tid_758,1,0.9216073025674476,0.9429155711364298
sw_constrained_huber75,tid_76,0,0.7697178662915516,0.8377155172413794
sw_constrained_huber75,tid_760,1,0.9475855166602014,0.9692667250949457
sw_constrained_huber75,tid_761,1,0.9475855166602014,0.9692667250949457
sw_constrained_huber75,tid_763,0,0.8117235235884844,0.8817528735632185
sw_constrained_huber75,tid_764,1,0.9167007878166119,0.9380660239555942
sw_constrained_huber75,tid_765,1,0.9475855166602014,0.9692667250949457
sw_constrained_huber75,tid_766,0,0.8117235235884844,0.8817528735632185
sw_constrained_huber75,tid_767,1,0.7397976392462825,0.7577855682150161
sw_constrained_huber75,tid_769,1,0.9475855166602014,0.9692667250949457
sw_constrained_huber75,tid_77,0,0.8069662517124885,0.8772270114942529
sw_constrained_huber75,tid_770,1,0.8923873048276432,0.9129126497224654
sw_constrained_huber75,tid_771,1,0.76545759591103,0.7843412211510369
sw_constrained_huber75,tid_773,3,0.4557233551701768,0.5249322493224933
sw_constrained_huber75,tid_774,1,0.8277228918894759,0.847297692082968
sw_constrained_huber75,tid_775,2,0.8982142584895533,0.9940140845070424
sw_constrained_huber75,tid_776,0,0.8117235235884844,0.8817528735632185
sw_constrained_huber75,tid_777,0,0.8117235235884844,0.8817528735632185
sw_constrained_huber75,tid_778,0,0.8117235235884844,0.8817528735632185
sw_constrained_huber75,tid_779,1,0.8325472660393056,0.8516213847502191
sw_constrained_huber75,tid_78,1,0.5802564829595832,0.5936313175576978
sw_constrained_huber75,tid_780,0,0.7834260549663299,0.85316091954023
sw_constrained_huber75,tid_781,0,0.8117235235884844,0.8817528735632185
sw_constrained_huber75,tid_782,0,0.8117235235884844,0.8817528735632185
sw_constrained_huber75,tid_783,1,0.9216073025674476,0.9429155711364298
sw_constrained_huber75,tid_784,0,0.7834983468447891,0.8522988505747128
sw_constrained_huber75,tid_785,0,0.8069662517124885,0.8772270114942529
sw_constrained_huber75,tid_787,3,0.4826053194217701,0.5542005420054202
sw_constrained_huber75,tid_788,0,0.7580044891025384,0.8214798850574714
sw_constrained_huber75,tid_789,0,0.8117235235884844,0.8817528735632185
sw_constrained_huber75,tid_79,0,0.8117235235884844,0.8817528735632185
sw_constrained_huber75,tid_790,0,0.7834260549663299,0.85316091954023
sw_constrained_huber75,tid_791,3,0.6567751989591651,0.711111111111111
sw_constrained_huber75,tid_792,3,0.5424799379456249,0.6146341463414635
sw_constrained_huber75,tid_793,3,0.7531946091871332,0.8214092140921408
sw_constrained_huber75,tid_794,0,0.8117235235884844,0.8817528735632185
sw_constrained_huber75,tid_795,3,0.7066987019126038,0.7829268292682927
sw_constrained_huber75,tid_796,3,0.7912411076956786,0.8466124661246611
sw_constrained_huber75,tid_797,3,0.7066987019126038,0.7829268292682927
sw_constrained_huber75,tid_798,1,0.32884816581431203,0.3390008764241893
sw_constrained_huber75,tid_799,3,0.6514049588181245,0.724390243902439
sw_constrained_huber75,tid_8,0,0.8069662517124885,0.8772270114942529
sw_constrained_huber75,tid_80,0,0.8117235235884844,0.8817528735632185
sw_constrained_huber75,tid_800,3,0.6842199041186868,0.765040650406504
sw_constrained_huber75,tid_801,3,0.7208650990860831,0.7872628726287263
sw_constrained_huber75,tid_802,1,0.9216073025674476,0.9429155711364298
sw_constrained_huber75,tid_803,3,0.683994064502084,0.7647696476964769
sw_constrained_huber75,tid_804,1,0.9216073025674476,0.9429155711364298
sw_constrained_huber75,tid_805,3,0.5561872470879343,0.6452574525745258
sw_constrained_huber75,tid_806,0,0.6208914452897644,0.6785201149425288
sw_constrained_huber75,tid_807,3,0.683994064502084,0.7647696476964769
sw_constrained_huber75,tid_808,1,0.9475855166602014,0.9692667250949457
sw_constrained_huber75,tid_809,2,0.8982142584895533,0.9940140845070424
sw_constrained_huber75,tid_81,0,0.8117235235884844,0.8817528735632185
sw_constrained_huber75,tid_810,1,0.7953438929079619,0.8150452819164477
sw_constrained_huber75,tid_811,2,0.8051308978266379,0.9011737089201879
sw_constrained_huber75,tid_812,2,0.8982142584895533,0.9940140845070424
sw_constrained_huber75,tid_813,2,0.8051308978266379,0.9011737089201879
sw_constrained_huber75,tid_814,1,0.9475855166602014,0.9692667250949457
sw_constrained_huber75,tid_815,1,0.9475855166602014,0.9692667250949457
sw_constrained_huber75,tid_817,1,0.9475855166602014,0.9692667250949457
sw_constrained_huber75,tid_818,0,0.5259963184644967,0.5835488505747127
sw_constrained_huber75,tid_819,2,0.7732990064543716,0.868661971830986
sw_constrained_huber75,tid_82,0,0.8117235235884844,0.8817528735632185
sw_constrained_huber75,tid_820,0,0.7891734926613024,0.8584051724137931
sw_constrained_huber75,tid_821,1,0.8874145832017569,0.9080046742623428
sw_constrained_huber75,tid_822,1,0.9475855166602014,0.9692667250949457
sw_constrained_huber75,tid_823,0,0.6917115943364036,0.7558908045977012
sw_constrained_huber75,tid_824,2,0.8982142584895533,0.9940140845070424
sw_constrained_huber75,tid_825,1,0.9175210004149352,0.9387671633070405
sw_constrained_huber75,tid_826,1,0.9475855166602014,0.9692667250949457
sw_constrained_huber75,tid_827,1,0.9475855166602014,0.9692667250949457
sw_constrained_huber75,tid_828,1,0.9475855166602014,0.9692667250949457
sw_constrained_huber75,tid_829,1,0.9475855166602014,0.9692667250949457
sw_constrained_huber75,tid_83,0,0.8117235235884844,0.8817528735632185
sw_constrained_huber75,tid_830,0,0.7262346178032802,0.7905890804597703
sw_constrained_huber75,tid_831,1,0.9475855166602014,0.9692667250949457
sw_constrained_huber75,tid_832,1,0.9475855166602014,0.9692667250949457
sw_constrained_huber75,tid_833,1,0.9475855166602014,0.9692667250949457
sw_constrained_huber75,tid_834,0,0.24403070067365937,0.2855603448275863
sw_constrained_huber75,tid_835,1,0.9475855166602014,0.9692667250949457
sw_constrained_huber75,tid_836,1,0.9475855166602014,0.9692667250949457
sw_constrained_huber75,tid_838,1,0.9475855166602014,0.9692667250949457
sw_constrained_huber75,tid_839,1,0.9475855166602014,0.9692667250949457
sw_constrained_huber75,tid_840,0,0.1261199602846677,0.15790229885057466
sw_constrained_huber75,tid_841,0,0.7519322758043745,0.8176005747126438
sw_constrained_huber75,tid_842,0,0.7510497100089887,0.8168103448275862
sw_constrained_huber75,tid_843,0,0.8117235235884844,0.8817528735632185
sw_constrained_huber75,tid_844,3,0.6817892741190863,0.7615176151761517
sw_constrained_huber75,tid_846,3,0.2990643459438249,0.3910569105691058
sw_constrained_huber75,tid_847,3,0.5487801954775994,0.6330623306233062
sw_constrained_huber75,tid_848,3,0.8073925346420467,0.8528455284552845
sw_constrained_huber75,tid_849,1,0.4154724060440748,0.42819164475606186
sw_constrained_huber75,tid_851,3,0.7912411076956786,0.8466124661246611
sw_constrained_huber75,tid_852,3,0.8073925346420467,0.8528455284552845
sw_constrained_huber75,tid_853,3,0.8073925346420467,0.8528455284552845
sw_constrained_huber75,tid_854,3,0.8073925346420467,0.8528455284552845
sw_constrained_huber75,tid_855,3,0.8073925346420467,0.8528455284552845
sw_constrained_huber75,tid_856,3,0.6546899985760535,0.7338753387533875
sw_constrained_huber75,tid_857,3,0.8073925346420467,0.8528455284552845
sw_constrained_huber75,tid_859,3,0.8073925346420467,0.8528455284552845
sw_constrained_huber75,tid_860,0,0.8117235235884844,0.8817528735632185
sw_constrained_huber75,tid_870,3,0.8073925346420467,0.8528455284552845
sw_constrained_huber75,tid_871,0,0.6422494219481207,0.6984195402298853
sw_constrained_huber75,tid_872,0,0.8117235235884844,0.8817528735632185
sw_constrained_huber75,tid_873,3,0.44553593763453464,0.5406504065040652
sw_constrained_huber75,tid_874,3,0.20362280462197838,0.2704607046070461
sw_constrained_huber75,tid_875,3,0.8073925346420467,0.8528455284552845
sw_constrained_huber75,tid_876,3,0.3852382209434984,0.46205962059620614
sw_constrained_huber75,tid_877,3,0.8073925346420467,0.8528455284552845
sw_constrained_huber75,tid_878,3,0.7076217928548307,0.7853658536585366
sw_constrained_huber75,tid_879,3,0.8073925346420467,0.8528455284552845
sw_constrained_huber75,tid_880,3,0.8073925346420467,0.8528455284552845
sw_constrained_huber75,tid_881,0,0.700666968167942,0.7612787356321841
sw_constrained_huber75,tid_882,3,0.8073925346420467,0.8528455284552845
sw_constrained_huber75,tid_883,0,0.3883461380900556,0.42622126436781615
sw_constrained_huber75,tid_884,3,0.8073925346420467,0.8528455284552845
sw_constrained_huber75,tid_885,1,0.796174493958421,0.8152497808939524
sw_constrained_huber75,tid_886,3,0.6283221506179618,0.7089430894308942
sw_constrained_huber75,tid_888,3,0.8073925346420467,0.8528455284552845
sw_constrained_huber75,tid_889,3,0.7304899717766135,0.8032520325203252
sw_constrained_huber75,tid_890,0,0.8117235235884844,0.8817528735632185
sw_constrained_huber75,tid_891,1,0.9169632401031695,0.9381536663745251
sw_constrained_huber75,tid_892,0,0.8117235235884844,0.8817528735632185
sw_constrained_huber75,tid_895,1,0.9475855166602014,0.9692667250949457
sw_constrained_huber75,tid_896,0,0.8117235235884844,0.8817528735632185
sw_constrained_huber75,tid_897,1,0.9475855166602014,0.9692667250949457
sw_constrained_huber75,tid_898,1,0.9475855166602014,0.9692667250949457
sw_constrained_huber75,tid_899,1,0.9475855166602014,0.9692667250949457
sw_constrained_huber75,tid_9,0,0.8117235235884844,0.8817528735632185
sw_constrained_huber75,tid_900,1,0.9475855166602014,0.9692667250949457
sw_constrained_huber75,tid_901,1,0.9475855166602014,0.9692667250949457
sw_constrained_huber75,tid_902,1,0.9475855166602014,0.9692667250949457
sw_constrained_huber75,tid_903,1,0.8923873048276432,0.9129126497224654
sw_constrained_huber75,tid_904,1,0.9475855166602014,0.9692667250949457
sw_constrained_huber75,tid_905,1,0.9475855166602014,0.9692667250949457
sw_constrained_huber75,tid_907,3,0.8073925346420467,0.8528455284552845
sw_constrained_huber75,tid_908,1,0.9475855166602014,0.9692667250949457
sw_constrained_huber75,tid_909,1,0.9475855166602014,0.9692667250949457
sw_constrained_huber75,tid_911,1,0.9475855166602014,0.9692667250949457
sw_constrained_huber75,tid_912,0,0.8117235235884844,0.8817528735632185
sw_constrained_huber75,tid_913,1,0.9475855166602014,0.9692667250949457
sw_constrained_huber75,tid_914,1,0.9475855166602014,0.9692667250949457
sw_constrained_huber75,tid_915,1,0.9475855166602014,0.9692667250949457
sw_constrained_huber75,tid_916,3,0.5293800528433301,0.6203252032520327
sw_constrained_huber75,tid_917,3,0.7304899717766135,0.8032520325203252
sw_constrained_huber75,tid_918,0,0.6482723287745513,0.7091954022988507
sw_constrained_huber75,tid_920,1,0.9475855166602014,0.9692667250949457
sw_constrained_huber75,tid_922,1,0.9475855166602014,0.9692667250949457
sw_constrained_huber75,tid_923,1,0.9475855166602014,0.9692667250949457
sw_constrained_huber75,tid_924,1,0.9475855166602014,0.9692667250949457
sw_constrained_huber75,tid_925,1,0.9475855166602014,0.9692667250949457
sw_constrained_huber75,tid_926,1,0.9475855166602014,0.9692667250949457
sw_constrained_huber75,tid_927,0,0.8069662517124885,0.8772270114942529
sw_constrained_huber75,tid_928,0,0.8069662517124885,0.8772270114942529
sw_constrained_huber75,tid_929,1,0.9475855166602014,0.9692667250949457
sw_constrained_huber75,tid_930,1,0.9475855166602014,0.9692667250949457
sw_constrained_huber75,tid_986,0,0.8069662517124885,0.8772270114942529
sw_constrained_huber75,tid_987,1,0.9475855166602014,0.9692667250949457
sw_constrained_huber75,tid_988,0,0.8069662517124885,0.8772270114942529
sw_constrained_huber75,tid_989,0,0.7999191510276928,0.8673132183908047
sw_constrained_huber75,tid_991,0,0.6268003818719745,0.6882902298850574
sw_constrained_huber75,tid_992,1,0.9475855166602014,0.9692667250949457
sw_constrained_huber75,tid_993,1,0.9475855166602014,0.9692667250949457
sw_constrained_huber75,tid_994,1,0.9475855166602014,0.9692667250949457
sw_constrained_huber75,tid_995,1,0.9475855166602014,0.9692667250949457
sw_constrained_huber75,tid_996,1,0.9475855166602014,0.9692667250949457
sw_constrained_huber75,tid_998,1,0.9475855166602014,0.9692667250949457
sw_constrained_huber75,tid_999,1,0.9475855166602014,0.9692667250949457
sw_constrained_ordinary,tid_1,2,0.6868923281162467,0.801980198019802
sw_constrained_ordinary,tid_10,0,0.6393100046844296,0.7471639471639471
sw_constrained_ordinary,tid_1001,1,0.8984280021435158,0.9194588370754174
sw_constrained_ordinary,tid_1002,1,0.927241296918107,0.9481289579735177
sw_constrained_ordinary,tid_1003,1,0.927241296918107,0.9481289579735177
sw_constrained_ordinary,tid_1004,1,0.927241296918107,0.9481289579735177
sw_constrained_ordinary,tid_1005,1,0.927241296918107,0.9481289579735177
sw_constrained_ordinary,tid_1006,1,0.927241296918107,0.9481289579735177
sw_constrained_ordinary,tid_1007,2,0.657118722644888,0.7738173817381739
sw_constrained_ordinary,tid_1008,0,0.6536604339947305,0.7628593628593627
sw_constrained_ordinary,tid_1009,0,0.6253262037047166,0.7212898212898211
sw_constrained_ordinary,tid_1010,0,0.593000476064557,0.6782439782439782
sw_constrained_ordinary,tid_1011,0,0.39431504088624886,0.46651126651126656
sw_constrained_ordinary,tid_1012,1,0.927241296918107,0.9481289579735177
sw_constrained_ordinary,tid_1013,1,0.927241296918107,0.9481289579735177
sw_constrained_ordinary,tid_1014,1,0.927241296918107,0.9481289579735177
sw_constrained_ordinary,tid_1015,1,0.927241296918107,0.9481289579735177
sw_constrained_ordinary,tid_1016,1,0.927241296918107,0.9481289579735177
sw_constrained_ordinary,tid_1017,1,0.927241296918107,0.9481289579735177
sw_constrained_ordinary,tid_1018,1,0.927241296918107,0.9481289579735177
sw_constrained_ordinary,tid_1019,1,0.927241296918107,0.9481289579735177
sw_constrained_ordinary,tid_1020,1,0.927241296918107,0.9481289579735177
sw_constrained_ordinary,tid_1021,1,0.927241296918107,0.9481289579735177
sw_constrained_ordinary,tid_1023,1,0.927241296918107,0.9481289579735177
sw_constrained_ordinary,tid_1024,1,0.927241296918107,0.9481289579735177
sw_constrained_ordinary,tid_1025,1,0.927241296918107,0.9481289579735177
sw_constrained_ordinary,tid_1026,1,0.927241296918107,0.9481289579735177
sw_constrained_ordinary,tid_1027,1,0.927241296918107,0.9481289579735177
sw_constrained_ordinary,tid_1028,1,0.927241296918107,0.9481289579735177
sw_constrained_ordinary,tid_1029,1,0.927241296918107,0.9481289579735177
sw_constrained_ordinary,tid_1030,1,0.927241296918107,0.9481289579735177
sw_constrained_ordinary,tid_1031,1,0.927241296918107,0.9481289579735177
sw_constrained_ordinary,tid_1032,1,0.927241296918107,0.9481289579735177
sw_constrained_ordinary,tid_1033,1,0.927241296918107,0.9481289579735177
sw_constrained_ordinary,tid_1034,1,0.927241296918107,0.9481289579735177
sw_constrained_ordinary,tid_1035,1,0.927241296918107,0.9481289579735177
sw_constrained_ordinary,tid_1036,1,0.927241296918107,0.9481289579735177
sw_constrained_ordinary,tid_1037,1,0.927241296918107,0.9481289579735177
sw_constrained_ordinary,tid_1038,1,0.927241296918107,0.9481289579735177
sw_constrained_ordinary,tid_1039,0,0.4809281777036267,0.5580419580419581
sw_constrained_ordinary,tid_1040,1,0.927241296918107,0.9481289579735177
sw_constrained_ordinary,tid_1041,1,0.927241296918107,0.9481289579735177
sw_constrained_ordinary,tid_1044,1,0.927241296918107,0.9481289579735177
sw_constrained_ordinary,tid_1047,1,0.9033997730067795,0.9246401842256766
sw_constrained_ordinary,tid_1048,1,0.6828926045008645,0.7020725388601033
sw_constrained_ordinary,tid_1049,0,0.726159021338622,0.8463869463869463
sw_constrained_ordinary,tid_1051,1,0.03694687922653584,0.04858952216465169
sw_constrained_ordinary,tid_1052,1,0.927241296918107,0.9481289579735177
sw_constrained_ordinary,tid_1053,1,0.927241296918107,0.9481289579735177
sw_constrained_ordinary,tid_1054,0,0.726159021338622,0.8463869463869463
sw_constrained_ordinary,tid_1055,1,0.8497296850654356,0.8711283822682787
sw_constrained_ordinary,tid_1056,1,0.927241296918107,0.9481289579735177
sw_constrained_ordinary,tid_1057,1,0.8483105095413348,0.8689407023603916
sw_constrained_ordinary,tid_1058,1,0.927241296918107,0.9481289579735177
sw_constrained_ordinary,tid_1059,1,0.6828926045008645,0.7020725388601033
sw_constrained_ordinary,tid_1060,1,0.927241296918107,0.9481289579735177
sw_constrained_ordinary,tid_1061,1,0.8482605006237965,0.8696603339090387
sw_constrained_ordinary,tid_1062,1,0.927241296918107,0.9481289579735177
sw_constrained_ordinary,tid_1063,1,0.927241296918107,0.9481289579735177
sw_constrained_ordinary,tid_1064,1,0.927241296918107,0.9481289579735177
sw_constrained_ordinary,tid_1065,1,0.927241296918107,0.9481289579735177
sw_constrained_ordinary,tid_1066,1,0.927241296918107,0.9481289579735177
sw_constrained_ordinary,tid_1067,1,0.927241296918107,0.9481289579735177
sw_constrained_ordinary,tid_1068,1,0.927241296918107,0.9481289579735177
sw_constrained_ordinary,tid_1069,3,0.19057867626847963,0.2527322404371584
sw_constrained_ordinary,tid_1070,1,0.927241296918107,0.9481289579735177
sw_constrained_ordinary,tid_1071,0,0.726159021338622,0.8463869463869463
sw_constrained_ordinary,tid_1072,1,0.872102024535124,0.8931491076568798
sw_constrained_ordinary,tid_11,0,0.6759145625277406,0.7885003885003884
sw_constrained_ordinary,tid_1107,0,0.6536604339947305,0.7628593628593627
sw_constrained_ordinary,tid_1108,1,0.927241296918107,0.9481289579735177
sw_constrained_ordinary,tid_1109,1,0.5367557457935429,0.5546632124352332
sw_constrained_ordinary,tid_1110,1,0.927241296918107,0.9481289579735177
sw_constrained_ordinary,tid_1111,1,0.927241296918107,0.9481289579735177
sw_constrained_ordinary,tid_1112,1,0.927241296918107,0.9481289579735177
sw_constrained_ordinary,tid_1113,1,0.927241296918107,0.9481289579735177
sw_constrained_ordinary,tid_1115,1,0.927241296918107,0.9481289579735177
sw_constrained_ordinary,tid_1116,1,0.927241296918107,0.9481289579735177
sw_constrained_ordinary,tid_1117,0,0.6769622199560063,0.7906759906759907
sw_constrained_ordinary,tid_1118,1,0.927241296918107,0.9481289579735177
sw_constrained_ordinary,tid_1119,1,0.927241296918107,0.9481289579735177
sw_constrained_ordinary,tid_1120,1,0.927241296918107,0.9481289579735177
sw_constrained_ordinary,tid_1121,1,0.927241296918107,0.9481289579735177
sw_constrained_ordinary,tid_1122,1,0.927241296918107,0.9481289579735177
sw_constrained_ordinary,tid_1123,1,0.927241296918107,0.9481289579735177
sw_constrained_ordinary,tid_1124,1,0.927241296918107,0.9481289579735177
sw_constrained_ordinary,tid_1125,1,0.927241296918107,0.9481289579735177
sw_constrained_ordinary,tid_1126,1,0.927241296918107,0.9481289579735177
sw_constrained_ordinary,tid_1127,1,0.927241296918107,0.9481289579735177
sw_constrained_ordinary,tid_1128,1,0.927241296918107,0.9481289579735177
sw_constrained_ordinary,tid_1129,1,0.927241296918107,0.9481289579735177
sw_constrained_ordinary,tid_1130,1,0.927241296918107,0.9481289579735177
sw_constrained_ordinary,tid_1131,1,0.6203254624880099,0.6382843983880252
sw_constrained_ordinary,tid_1132,1,0.927241296918107,0.9481289579735177
sw_constrained_ordinary,tid_1133,1,0.927241296918107,0.9481289579735177
sw_constrained_ordinary,tid_1134,2,0.8698791879619047,0.9808580858085809
sw_constrained_ordinary,tid_1135,0,0.6760986997480899,0.7902874902874901
sw_constrained_ordinary,tid_1136,0,0.726159021338622,0.8463869463869463
sw_constrained_ordinary,tid_1137,1,0.872102024535124,0.8931491076568798
sw_constrained_ordinary,tid_1138,1,0.8079516526298864,0.8276914219919401
sw_constrained_ordinary,tid_1139,1,0.4160909235941794,0.43293033966609096
sw_constrained_ordinary,tid_1140,0,0.6885694142186194,0.803030303030303
sw_constrained_ordinary,tid_1141,0,0.7010762870221091,0.8163947163947163
sw_constrained_ordinary,tid_1142,0,0.726159021338622,0.8463869463869463
sw_constrained_ordinary,tid_1143,1,0.927241296918107,0.9481289579735177
sw_constrained_ordinary,tid_1144,1,0.927241296918107,0.9481289579735177
sw_constrained_ordinary,tid_1146,1,0.927241296918107,0.9481289579735177
sw_constrained_ordinary,tid_1147,0,0.726159021338622,0.8463869463869463
sw_constrained_ordinary,tid_1148,1,0.5981527048081705,0.6165227403569371
sw_constrained_ordinary,tid_1149,0,0.726159021338622,0.8463869463869463
sw_constrained_ordinary,tid_1150,2,0.7471611552808324,0.8611661166116613
sw_constrained_ordinary,tid_1151,1,0.8492876622115922,0.8693149107656879
sw_constrained_ordinary,tid_1152,3,0.7363014198781901,0.7672131147540984
sw_constrained_ordinary,tid_1153,0,0.6393100046844296,0.7471639471639471
sw_constrained_ordinary,tid_1154,1,0.9033997730067795,0.9246401842256766
sw_constrained_ordinary,tid_1155,1,0.3098937522663594,0.3261082325849165
sw_constrained_ordinary,tid_1157,1,0.927241296918107,0.9481289579735177
sw_constrained_ordinary,tid_1158,1,0.927241296918107,0.9481289579735177
sw_constrained_ordinary,tid_1159,0,0.6838921595507943,0.7963480963480962
sw_constrained_ordinary,tid_1160,1,0.927241296918107,0.9481289579735177
sw_constrained_ordinary,tid_1161,1,0.8417791432526344,0.8625215889464593
sw_constrained_ordinary,tid_1163,1,0.7198958880971276,0.7394933793897525
sw_constrained_ordinary,tid_1164,1,0.8720885993228907,0.8928900402993667
sw_constrained_ordinary,tid_1165,1,0.6338594841252335,0.6530224525043178
sw_constrained_ordinary,tid_1166,1,0.927241296918107,0.9481289579735177
sw_constrained_ordinary,tid_1167,1,0.927241296918107,0.9481289579735177
sw_constrained_ordinary,tid_1168,1,0.927241296918107,0.9481289579735177
sw_constrained_ordinary,tid_1169,0,0.726159021338622,0.8463869463869463
sw_constrained_ordinary,tid_1170,0,0.726159021338622,0.8463869463869463
sw_constrained_ordinary,tid_1171,0,0.726159021338622,0.8463869463869463
sw_constrained_ordinary,tid_1172,0,0.726159021338622,0.8463869463869463
sw_constrained_ordinary,tid_1173,0,0.441125013783642,0.5311577311577311
sw_constrained_ordinary,tid_1174,0,0.726159021338622,0.8463869463869463
sw_constrained_ordinary,tid_1175,0,0.726159021338622,0.8463869463869463
sw_constrained_ordinary,tid_1176,2,0.8698791879619047,0.9808580858085809
sw_constrained_ordinary,tid_1178,0,0.5902289766851906,0.6945609945609944
sw_constrained_ordinary,tid_1179,1,0.5413454609958438,0.5596718480138169
sw_constrained_ordinary,tid_1180,1,0.7671205192802099,0.78762233736327
sw_constrained_ordinary,tid_1181,0,0.726159021338622,0.8463869463869463
sw_constrained_ordinary,tid_1184,1,0.2507324516845785,0.2647092688543466
sw_constrained_ordinary,tid_1185,3,0.271186336215485,0.4199453551912569
sw_constrained_ordinary,tid_1186,2,0.8399852156457934,0.9522552255225524
sw_constrained_ordinary,tid_1187,0,0.726159021338622,0.8463869463869463
sw_constrained_ordinary,tid_1188,0,0.4220103024256785,0.5077700077700078
sw_constrained_ordinary,tid_1189,1,0.8765397245773385,0.8982440990213012
sw_constrained_ordinary,tid_1190,0,0.559407200269148,0.661072261072261
sw_constrained_ordinary,tid_1191,0,0.6721108848585138,0.7855477855477855
sw_constrained_ordinary,tid_1192,1,0.3120558747885692,0.3273172135866437
sw_constrained_ordinary,tid_1193,1,0.6212906595579846,0.6393206678180771
sw_constrained_ordinary,tid_1194,0,0.726159021338622,0.8463869463869463
sw_constrained_ordinary,tid_1195,1,0.927241296918107,0.9481289579735177
sw_constrained_ordinary,tid_1196,1,0.5282772683962421,0.5452504317789292
sw_constrained_ordinary,tid_1197,0,0.726159021338622,0.8463869463869463
sw_constrained_ordinary,tid_1198,0,0.6393100046844296,0.7471639471639471
sw_constrained_ordinary,tid_12,0,0.726159021338622,0.8463869463869463
sw_constrained_ordinary,tid_1200,1,0.927241296918107,0.9481289579735177
sw_constrained_ordinary,tid_1201,1,0.927241296918107,0.9481289579735177
sw_constrained_ordinary,tid_1203,1,0.927241296918107,0.9481289579735177
sw_constrained_ordinary,tid_1204,1,0.927241296918107,0.9481289579735177
sw_constrained_ordinary,tid_1205,1,0.927241296918107,0.9481289579735177
sw_constrained_ordinary,tid_1206,1,0.927241296918107,0.9481289579735177
sw_constrained_ordinary,tid_1207,1,0.927241296918107,0.9481289579735177
sw_constrained_ordinary,tid_1208,1,0.927241296918107,0.9481289579735177
sw_constrained_ordinary,tid_1209,1,0.927241296918107,0.9481289579735177
sw_constrained_ordinary,tid_1210,1,0.927241296918107,0.9481289579735177
sw_constrained_ordinary,tid_1211,1,0.927241296918107,0.9481289579735177
sw_constrained_ordinary,tid_1212,1,0.7474715791272826,0.7670120898100171
sw_constrained_ordinary,tid_1213,1,0.927241296918107,0.9481289579735177
sw_constrained_ordinary,tid_1214,1,0.927241296918107,0.9481289579735177
sw_constrained_ordinary,tid_1215,1,0.927241296918107,0.9481289579735177
sw_constrained_ordinary,tid_1217,1,0.927241296918107,0.9481289579735177
sw_constrained_ordinary,tid_1218,1,0.927241296918107,0.9481289579735177
sw_constrained_ordinary,tid_1219,1,0.927241296918107,0.9481289579735177
sw_constrained_ordinary,tid_1220,1,0.927241296918107,0.9481289579735177
sw_constrained_ordinary,tid_1221,1,0.927241296918107,0.9481289579735177
sw_constrained_ordinary,tid_1222,1,0.927241296918107,0.9481289579735177
sw_constrained_ordinary,tid_1223,1,0.927241296918107,0.9481289579735177
sw_constrained_ordinary,tid_1224,0,0.6393100046844296,0.7471639471639471
sw_constrained_ordinary,tid_1225,0,0.7102542947027384,0.8263403263403263
sw_constrained_ordinary,tid_1226,0,0.7010762870221091,0.8163947163947163
sw_constrained_ordinary,tid_1227,1,0.927241296918107,0.9481289579735177
sw_constrained_ordinary,tid_1228,1,0.927241296918107,0.9481289579735177
sw_constrained_ordinary,tid_1229,0,0.7010762870221091,0.8163947163947163
sw_constrained_ordinary,tid_1230,0,0.726159021338622,0.8463869463869463
sw_constrained_ordinary,tid_1231,0,0.726159021338622,0.8463869463869463
sw_constrained_ordinary,tid_1232,1,0.900381248488666,0.9217328727691423
sw_constrained_ordinary,tid_1233,0,0.7141721477437166,0.8327117327117327
sw_constrained_ordinary,tid_1234,0,0.726159021338622,0.8463869463869463
sw_constrained_ordinary,tid_1235,0,0.6536285687178929,0.7638694638694636
sw_constrained_ordinary,tid_1236,0,0.726159021338622,0.8463869463869463
sw_constrained_ordinary,tid_1237,1,0.927241296918107,0.9481289579735177
sw_constrained_ordinary,tid_1238,0,0.726159021338622,0.8463869463869463
sw_constrained_ordinary,tid_1240,1,0.3165906742926615,0.33189407023603923
sw_constrained_ordinary,tid_1241,1,0.927241296918107,0.9481289579735177
sw_constrained_ordinary,tid_1242,1,0.927241296918107,0.9481289579735177
sw_constrained_ordinary,tid_1243,0,0.7141721477437166,0.8327117327117327
sw_constrained_ordinary,tid_1244,1,0.927241296918107,0.9481289579735177
sw_constrained_ordinary,tid_1246,0,0.669967640045551,0.7874125874125875
sw_constrained_ordinary,tid_1249,1,0.621297974354737,0.6396085204375359
sw_constrained_ordinary,tid_1250,0,0.6761930817748874,0.7828282828282828
sw_constrained_ordinary,tid_1251,1,0.927241296918107,0.9481289579735177
sw_constrained_ordinary,tid_1252,1,0.7902907913185845,0.8112262521588945
sw_constrained_ordinary,tid_1253,1,0.927241296918107,0.9481289579735177
sw_constrained_ordinary,tid_1254,0,0.5160795025116832,0.6215229215229214
sw_constrained_ordinary,tid_1256,1,0.927241296918107,0.9481289579735177
sw_constrained_ordinary,tid_1257,1,0.927241296918107,0.9481289579735177
sw_constrained_ordinary,tid_1258,0,0.6393100046844296,0.7471639471639471
sw_constrained_ordinary,tid_1259,1,0.927241296918107,0.9481289579735177
sw_constrained_ordinary,tid_1260,0,0.6951550446768441,0.8095571095571095
sw_constrained_ordinary,tid_1261,1,0.9033997730067795,0.9246401842256766
sw_constrained_ordinary,tid_1262,1,0.7400053124157933,0.759873344847438
sw_constrained_ordinary,tid_1264,0,0.726159021338622,0.8463869463869463
sw_constrained_ordinary,tid_1265,1,0.7400053124157933,0.759873344847438
sw_constrained_ordinary,tid_1266,1,0.927241296918107,0.9481289579735177
sw_constrained_ordinary,tid_1267,3,0.7363014198781901,0.7672131147540984
sw_constrained_ordinary,tid_1268,1,0.927241296918107,0.9481289579735177
sw_constrained_ordinary,tid_1269,1,0.927241296918107,0.9481289579735177
sw_constrained_ordinary,tid_1270,1,0.927241296918107,0.9481289579735177
sw_constrained_ordinary,tid_1271,1,0.927241296918107,0.9481289579735177
sw_constrained_ordinary,tid_1272,1,0.927241296918107,0.9481289579735177
sw_constrained_ordinary,tid_1273,1,0.927241296918107,0.9481289579735177
sw_constrained_ordinary,tid_1274,1,0.6828926045008645,0.7020725388601033
sw_constrained_ordinary,tid_1275,0,0.726159021338622,0.8463869463869463
sw_constrained_ordinary,tid_1276,1,0.7355224956924448,0.7540875071963152
sw_constrained_ordinary,tid_1277,1,0.8953397234912994,0.9154576856649398
sw_constrained_ordinary,tid_1278,1,0.9033997730067795,0.9246401842256766
sw_constrained_ordinary,tid_1279,1,0.927241296918107,0.9481289579735177
sw_constrained_ordinary,tid_1280,1,0.927241296918107,0.9481289579735177
sw_constrained_ordinary,tid_1281,1,0.927241296918107,0.9481289579735177
sw_constrained_ordinary,tid_1282,3,0.7088565217656484,0.762568306010929
sw_constrained_ordinary,tid_1284,1,0.927241296918107,0.9481289579735177
sw_constrained_ordinary,tid_1285,1,0.927241296918107,0.9481289579735177
sw_constrained_ordinary,tid_1286,1,0.927241296918107,0.9481289579735177
sw_constrained_ordinary,tid_1287,1,0.927241296918107,0.9481289579735177
sw_constrained_ordinary,tid_1288,1,0.927241296918107,0.9481289579735177
sw_constrained_ordinary,tid_1289,1,0.6188818496582054,0.6370178468624063
sw_constrained_ordinary,tid_1290,1,0.8764028690760087,0.89706390328152
sw_constrained_ordinary,tid_1291,1,0.7349637874184267,0.7535981577432352
sw_constrained_ordinary,tid_1292,1,0.927241296918107,0.9481289579735177
sw_constrained_ordinary,tid_1293,1,0.927241296918107,0.9481289579735177
sw_constrained_ordinary,tid_1294,1,0.9033997730067795,0.9246401842256766
sw_constrained_ordinary,tid_1295,1,0.8341534363211154,0.8534254461715601
sw_constrained_ordinary,tid_1296,1,0.927241296918107,0.9481289579735177
sw_constrained_ordinary,tid_1297,3,0.7363014198781901,0.7672131147540984
sw_constrained_ordinary,tid_1298,1,0.927241296918107,0.9481289579735177
sw_constrained_ordinary,tid_1299,1,0.927241296918107,0.9481289579735177
sw_constrained_ordinary,tid_13,0,0.726159021338622,0.8463869463869463
sw_constrained_ordinary,tid_1300,1,0.927241296918107,0.9481289579735177
sw_constrained_ordinary,tid_1301,1,0.927241296918107,0.9481289579735177
sw_constrained_ordinary,tid_1302,1,0.6217244265476414,0.6402705814622912
sw_constrained_ordinary,tid_1303,0,0.6769622199560063,0.7906759906759907
sw_constrained_ordinary,tid_1304,1,0.927241296918107,0.9481289579735177
sw_constrained_ordinary,tid_1305,1,0.927241296918107,0.9481289579735177
sw_constrained_ordinary,tid_1306,1,0.927241296918107,0.9481289579735177
sw_constrained_ordinary,tid_1308,1,0.927241296918107,0.9481289579735177
sw_constrained_ordinary,tid_1309,1,0.927241296918107,0.9481289579735177
sw_constrained_ordinary,tid_1310,1,0.927241296918107,0.9481289579735177
sw_constrained_ordinary,tid_1311,1,0.927241296918107,0.9481289579735177
sw_constrained_ordinary,tid_1312,1,0.927241296918107,0.9481289579735177
sw_constrained_ordinary,tid_1313,1,0.927241296918107,0.9481289579735177
sw_constrained_ordinary,tid_1314,1,0.927241296918107,0.9481289579735177
sw_constrained_ordinary,tid_1315,0,0.726159021338622,0.8463869463869463
sw_constrained_ordinary,tid_1316,1,0.927241296918107,0.9481289579735177
sw_constrained_ordinary,tid_1317,1,0.927241296918107,0.9481289579735177
sw_constrained_ordinary,tid_1319,1,0.9033997730067795,0.9246401842256766
sw_constrained_ordinary,tid_1320,1,0.927241296918107,0.9481289579735177
sw_constrained_ordinary,tid_1321,1,0.927241296918107,0.9481289579735177
sw_constrained_ordinary,tid_1322,1,0.927241296918107,0.9481289579735177
sw_constrained_ordinary,tid_1323,1,0.927241296918107,0.9481289579735177
sw_constrained_ordinary,tid_1324,1,0.9033997730067795,0.9246401842256766
sw_constrained_ordinary,tid_1325,1,0.927241296918107,0.9481289579735177
sw_constrained_ordinary,tid_1326,3,0.5264559721764627,0.660928961748634
sw_constrained_ordinary,tid_1327,1,0.927241296918107,0.9481289579735177
sw_constrained_ordinary,tid_1328,1,0.927241296918107,0.9481289579735177
sw_constrained_ordinary,tid_1329,1,0.927241296918107,0.9481289579735177
sw_constrained_ordinary,tid_1330,1,0.927241296918107,0.9481289579735177
sw_constrained_ordinary,tid_1331,1,0.927241296918107,0.9481289579735177
sw_constrained_ordinary,tid_1333,0,0.726159021338622,0.8463869463869463
sw_constrained_ordinary,tid_1334,1,0.927241296918107,0.9481289579735177
sw_constrained_ordinary,tid_1335,1,0.876284566142363,0.8968911917098445
sw_constrained_ordinary,tid_1336,1,0.927241296918107,0.9481289579735177
sw_constrained_ordinary,tid_1337,1,0.927241296918107,0.9481289579735177
sw_constrained_ordinary,tid_1338,1,0.927241296918107,0.9481289579735177
sw_constrained_ordinary,tid_1339,1,0.876284566142363,0.8968911917098445
sw_constrained_ordinary,tid_1340,1,0.927241296918107,0.9481289579735177
sw_constrained_ordinary,tid_1341,1,0.927241296918107,0.9481289579735177
sw_constrained_ordinary,tid_1343,1,0.927241296918107,0.9481289579735177
sw_constrained_ordinary,tid_1344,1,0.927241296918107,0.9481289579735177
sw_constrained_ordinary,tid_1345,1,0.927241296918107,0.9481289579735177
sw_constrained_ordinary,tid_1346,1,0.927241296918107,0.9481289579735177
sw_constrained_ordinary,tid_1347,1,0.927241296918107,0.9481289579735177
sw_constrained_ordinary,tid_1348,1,0.927241296918107,0.9481289579735177
sw_constrained_ordinary,tid_1349,1,0.927241296918107,0.9481289579735177
sw_constrained_ordinary,tid_1350,1,0.927241296918107,0.9481289579735177
sw_constrained_ordinary,tid_1351,0,0.15432216729065823,0.20644910644910647
sw_constrained_ordinary,tid_1352,1,0.7668653608452343,0.7862694300518134
sw_constrained_ordinary,tid_1353,1,0.927241296918107,0.9481289579735177
sw_constrained_ordinary,tid_1355,1,0.927241296918107,0.9481289579735177
sw_constrained_ordinary,tid_1356,1,0.927241296918107,0.9481289579735177
sw_constrained_ordinary,tid_1357,1,0.9033997730067795,0.9246401842256766
sw_constrained_ordinary,tid_1358,1,0.927241296918107,0.9481289579735177
sw_constrained_ordinary,tid_1392,1,0.927241296918107,0.9481289579735177
sw_constrained_ordinary,tid_1393,1,0.927241296918107,0.9481289579735177
sw_constrained_ordinary,tid_1394,1,0.927241296918107,0.9481289579735177
sw_constrained_ordinary,tid_1395,2,0.8698791879619047,0.9808580858085809
sw_constrained_ordinary,tid_1396,0,0.6393100046844296,0.7471639471639471
sw_constrained_ordinary,tid_1397,0,0.36368031612921964,0.44941724941724953
sw_constrained_ordinary,tid_1398,0,0.6761930817748874,0.7828282828282828
sw_constrained_ordinary,tid_1399,1,0.8984280021435158,0.9194588370754174
sw_constrained_ordinary,tid_14,1,0.870128589003178,0.8903281519861832
sw_constrained_ordinary,tid_1400,0,0.6393100046844296,0.7471639471639471
sw_constrained_ordinary,tid_1401,1,0.927241296918107,0.9481289579735177
sw_constrained_ordinary,tid_1402,2,0.6878655974899146,0.8039603960396041
sw_constrained_ordinary,tid_1403,0,0.6894762306956203,0.7996114996114995
sw_constrained_ordinary,tid_1404,1,0.927241296918107,0.9481289579735177
sw_constrained_ordinary,tid_1405,1,0.8684703301858439,0.8890040299366724
sw_constrained_ordinary,tid_1406,1,0.927241296918107,0.9481289579735177
sw_constrained_ordinary,tid_1407,1,0.6227028262578752,0.6405296488198041
sw_constrained_ordinary,tid_1408,0,0.6393100046844296,0.7471639471639471
sw_constrained_ordinary,tid_1409,0,0.4221019231619943,0.5124320124320124
sw_constrained_ordinary,tid_1410,0,0.6393100046844296,0.7471639471639471
sw_constrained_ordinary,tid_1411,0,0.6602883551390039,0.7627816627816626
sw_constrained_ordinary,tid_1412,1,0.927241296918107,0.9481289579735177
sw_constrained_ordinary,tid_1413,1,0.927241296918107,0.9481289579735177
sw_constrained_ordinary,tid_1414,1,0.927241296918107,0.9481289579735177
sw_constrained_ordinary,tid_1415,1,0.927241296918107,0.9481289579735177
sw_constrained_ordinary,tid_1416,1,0.927241296918107,0.9481289579735177
sw_constrained_ordinary,tid_1417,1,0.927241296918107,0.9481289579735177
sw_constrained_ordinary,tid_1419,1,0.927241296918107,0.9481289579735177
sw_constrained_ordinary,tid_1420,1,0.927241296918107,0.9481289579735177
sw_constrained_ordinary,tid_1421,1,0.927241296918107,0.9481289579735177
sw_constrained_ordinary,tid_1422,1,0.927241296918107,0.9481289579735177
sw_constrained_ordinary,tid_1423,1,0.927241296918107,0.9481289579735177
sw_constrained_ordinary,tid_1425,1,0.927241296918107,0.9481289579735177
sw_constrained_ordinary,tid_1426,1,0.927241296918107,0.9481289579735177
sw_constrained_ordinary,tid_1427,1,0.927241296918107,0.9481289579735177
sw_constrained_ordinary,tid_1428,1,0.927241296918107,0.9481289579735177
sw_constrained_ordinary,tid_1429,1,0.927241296918107,0.9481289579735177
sw_constrained_ordinary,tid_1430,0,0.726159021338622,0.8463869463869463
sw_constrained_ordinary,tid_1431,3,0.4741497164823288,0.5352459016393443
sw_constrained_ordinary,tid_1438,3,0.6857693875299152,0.7232240437158471
sw_constrained_ordinary,tid_1439,2,0.8698791879619047,0.9808580858085809
sw_constrained_ordinary,tid_1440,0,0.6393100046844296,0.7471639471639471
sw_constrained_ordinary,tid_1443,2,0.8698791879619047,0.9808580858085809
sw_constrained_ordinary,tid_1444,2,0.8698791879619047,0.9808580858085809
sw_constrained_ordinary,tid_1445,2,0.8698791879619047,0.9808580858085809
sw_constrained_ordinary,tid_1446,0,0.5866706534828767,0.6885780885780884
sw_constrained_ordinary,tid_1447,0,0.6992163484890163,0.8163170163170164
sw_constrained_ordinary,tid_1448,2,0.8698791879619047,0.9808580858085809
sw_constrained_ordinary,tid_1449,1,0.927241296918107,0.9481289579735177
sw_constrained_ordinary,tid_1453,2,0.8698791879619047,0.9808580858085809
sw_constrained_ordinary,tid_1454,0,0.6039572484848973,0.6948717948717947
sw_constrained_ordinary,tid_1456,2,0.8698791879619047,0.9808580858085809
sw_constrained_ordinary,tid_1457,2,0.8698791879619047,0.9808580858085809
sw_constrained_ordinary,tid_1459,2,0.8698791879619047,0.9808580858085809
sw_constrained_ordinary,tid_1461,2,0.8698791879619047,0.9808580858085809
sw_constrained_ordinary,tid_1463,0,0.6275158385811046,0.7222999222999221
sw_constrained_ordinary,tid_1464,2,0.8096535289692058,0.9221122112211222
sw_constrained_ordinary,tid_1465,2,0.8698791879619047,0.9808580858085809
sw_constrained_ordinary,tid_1467,2,0.8698791879619047,0.9808580858085809
sw_constrained_ordinary,tid_1468,2,0.6572068599788329,0.7738173817381739
sw_constrained_ordinary,tid_1472,2,0.5305822384057401,0.6473047304730473
sw_constrained_ordinary,tid_1473,1,0.8684703301858439,0.8890040299366724
sw_constrained_ordinary,tid_1474,1,0.927241296918107,0.9481289579735177
sw_constrained_ordinary,tid_1475,2,0.8698791879619047,0.9808580858085809
sw_constrained_ordinary,tid_1477,0,0.4809281777036267,0.5580419580419581
sw_constrained_ordinary,tid_1478,1,0.927241296918107,0.9481289579735177
sw_constrained_ordinary,tid_1480,0,0.6139195706638586,0.7184926184926184
sw_constrained_ordinary,tid_1481,2,0.839636971235001,0.9511551155115511
sw_constrained_ordinary,tid_1483,1,0.927241296918107,0.9481289579735177
sw_constrained_ordinary,tid_1484,0,0.5873197122950929,0.6904428904428904
sw_constrained_ordinary,tid_1486,1,0.8972836249604351,0.9176741508347727
sw_constrained_ordinary,tid_1488,0,0.45116583288082696,0.5438228438228437
sw_constrained_ordinary,tid_1489,1,0.4704225814261433,0.48655728267127235
sw_constrained_ordinary,tid_1490,0,0.6992163484890163,0.8163170163170164
sw_constrained_ordinary,tid_1491,0,0.6393100046844296,0.7471639471639471
sw_constrained_ordinary,tid_1492,0,0.6393100046844296,0.7471639471639471
sw_constrained_ordinary,tid_1493,2,0.8698791879619047,0.9808580858085809
sw_constrained_ordinary,tid_1494,1,0.927241296918107,0.9481289579735177
sw_constrained_ordinary,tid_1495,0,0.6275158385811046,0.7222999222999221
sw_constrained_ordinary,tid_1496,0,0.6393100046844296,0.7471639471639471
sw_constrained_ordinary,tid_15,0,0.7069978649871357,0.8250971250971251
sw_constrained_ordinary,tid_1500,2,0.5942672686195875,0.7108910891089109
sw_constrained_ordinary,tid_1501,0,0.4221755612128202,0.5126651126651126
sw_constrained_ordinary,tid_1504,1,0.927241296918107,0.9481289579735177
sw_constrained_ordinary,tid_1506,0,0.6393100046844296,0.7471639471639471
sw_constrained_ordinary,tid_1507,0,0.6877931381013762,0.7996114996114996
sw_constrained_ordinary,tid_1508,0,0.6894762306956203,0.7996114996114995
sw_constrained_ordinary,tid_1509,1,0.7453344801528237,0.7642199194012664
sw_constrained_ordinary,tid_1510,1,0.927241296918107,0.9481289579735177
sw_constrained_ordinary,tid_1511,0,0.6598654533942813,0.7618492618492617
sw_constrained_ordinary,tid_1512,1,0.927241296918107,0.9481289579735177
sw_constrained_ordinary,tid_1518,1,0.8984280021435158,0.9194588370754174
sw_constrained_ordinary,tid_1519,1,0.8680357760706967,0.8889464594127807
sw_constrained_ordinary,tid_1520,1,0.927241296918107,0.9481289579735177
sw_constrained_ordinary,tid_1521,1,0.2906154511910899,0.3053540587219344
sw_constrained_ordinary,tid_1522,1,0.927241296918107,0.9481289579735177
sw_constrained_ordinary,tid_1523,2,0.7490959520087479,0.8642464246424645
sw_constrained_ordinary,tid_1525,0,0.6885694142186194,0.803030303030303
sw_constrained_ordinary,tid_1526,1,0.777550502056528,0.7974668969487622
sw_constrained_ordinary,tid_1527,0,0.6885694142186194,0.803030303030303
sw_constrained_ordinary,tid_1528,1,0.927241296918107,0.9481289579735177
sw_constrained_ordinary,tid_1529,1,0.927241296918107,0.9481289579735177
sw_constrained_ordinary,tid_1530,1,0.927241296918107,0.9481289579735177
sw_constrained_ordinary,tid_1532,1,0.927241296918107,0.9481289579735177
sw_constrained_ordinary,tid_1533,1,0.927241296918107,0.9481289579735177
sw_constrained_ordinary,tid_1534,1,0.927241296918107,0.9481289579735177
sw_constrained_ordinary,tid_1535,1,0.927241296918107,0.9481289579735177
sw_constrained_ordinary,tid_1536,1,0.927241296918107,0.9481289579735177
sw_constrained_ordinary,tid_1537,1,0.927241296918107,0.9481289579735177
sw_constrained_ordinary,tid_1539,1,0.8984280021435158,0.9194588370754174
sw_constrained_ordinary,tid_1540,1,0.7475958849813042,0.767328727691422
sw_constrained_ordinary,tid_1541,1,0.927241296918107,0.9481289579735177
sw_constrained_ordinary,tid_1542,1,0.927241296918107,0.9481289579735177
sw_constrained_ordinary,tid_1543,1,0.927241296918107,0.9481289579735177
sw_constrained_ordinary,tid_1544,1,0.927241296918107,0.9481289579735177
sw_constrained_ordinary,tid_1545,1,0.927241296918107,0.9481289579735177
sw_constrained_ordinary,tid_1546,1,0.927241296918107,0.9481289579735177
sw_constrained_ordinary,tid_1547,1,0.927241296918107,0.9481289579735177
sw_constrained_ordinary,tid_1548,1,0.927241296918107,0.9481289579735177
sw_constrained_ordinary,tid_1549,1,0.927241296918107,0.9481289579735177
sw_constrained_ordinary,tid_1550,1,0.927241296918107,0.9481289579735177
sw_constrained_ordinary,tid_1551,1,0.927241296918107,0.9481289579735177
sw_constrained_ordinary,tid_1552,1,0.927241296918107,0.9481289579735177
sw_constrained_ordinary,tid_1553,1,0.8984280021435158,0.9194588370754174
sw_constrained_ordinary,tid_1554,1,0.927241296918107,0.9481289579735177
sw_constrained_ordinary,tid_1555,1,0.927241296918107,0.9481289579735177
sw_constrained_ordinary,tid_1556,1,0.927241296918107,0.9481289579735177
sw_constrained_ordinary,tid_1557,1,0.927241296918107,0.9481289579735177
sw_constrained_ordinary,tid_1558,1,0.927241296918107,0.9481289579735177
sw_constrained_ordinary,tid_1559,1,0.927241296918107,0.9481289579735177
sw_constrained_ordinary,tid_1560,0,0.6393100046844296,0.7471639471639471
sw_constrained_ordinary,tid_1561,1,0.927241296918107,0.9481289579735177
sw_constrained_ordinary,tid_1562,1,0.927241296918107,0.9481289579735177
sw_constrained_ordinary,tid_1563,1,0.6553968098470333,0.6738341968911915
sw_constrained_ordinary,tid_1564,1,0.927241296918107,0.9481289579735177
sw_constrained_ordinary,tid_1565,1,0.927241296918107,0.9481289579735177
sw_constrained_ordinary,tid_1566,1,0.927241296918107,0.9481289579735177
sw_constrained_ordinary,tid_1567,1,0.927241296918107,0.9481289579735177
sw_constrained_ordinary,tid_1568,1,0.927241296918107,0.9481289579735177
sw_constrained_ordinary,tid_1569,1,0.927241296918107,0.9481289579735177
sw_constrained_ordinary,tid_1570,1,0.927241296918107,0.9481289579735177
sw_constrained_ordinary,tid_1571,1,0.927241296918107,0.9481289579735177
sw_constrained_ordinary,tid_1572,1,0.927241296918107,0.9481289579735177
sw_constrained_ordinary,tid_1573,1,0.927241296918107,0.9481289579735177
sw_constrained_ordinary,tid_1574,1,0.927241296918107,0.9481289579735177
sw_constrained_ordinary,tid_1575,0,0.6393100046844296,0.7471639471639471
sw_constrained_ordinary,tid_1577,1,0.927241296918107,0.9481289579735177
sw_constrained_ordinary,tid_1578,1,0.927241296918107,0.9481289579735177
sw_constrained_ordinary,tid_1579,1,0.927241296918107,0.9481289579735177
sw_constrained_ordinary,tid_1580,1,0.927241296918107,0.9481289579735177
sw_constrained_ordinary,tid_1581,1,0.927241296918107,0.9481289579735177
sw_constrained_ordinary,tid_1582,1,0.927241296918107,0.9481289579735177
sw_constrained_ordinary,tid_1583,1,0.927241296918107,0.9481289579735177
sw_constrained_ordinary,tid_1584,1,0.927241296918107,0.9481289579735177
sw_constrained_ordinary,tid_1585,1,0.927241296918107,0.9481289579735177
sw_constrained_ordinary,tid_1586,0,0.726159021338622,0.8463869463869463
sw_constrained_ordinary,tid_1587,1,0.927241296918107,0.9481289579735177
sw_constrained_ordinary,tid_1588,1,0.927241296918107,0.9481289579735177
sw_constrained_ordinary,tid_1589,1,0.927241296918107,0.9481289579735177
sw_constrained_ordinary,tid_1590,1,0.927241296918107,0.9481289579735177
sw_constrained_ordinary,tid_1591,1,0.927241296918107,0.9481289579735177
sw_constrained_ordinary,tid_1592,1,0.927241296918107,0.9481289579735177
sw_constrained_ordinary,tid_1593,1,0.927241296918107,0.9481289579735177
sw_constrained_ordinary,tid_1594,1,0.927241296918107,0.9481289579735177
sw_constrained_ordinary,tid_1595,1,0.927241296918107,0.9481289579735177
sw_constrained_ordinary,tid_1596,1,0.927241296918107,0.9481289579735177
sw_constrained_ordinary,tid_1597,2,0.8698791879619047,0.9808580858085809
sw_constrained_ordinary,tid_1598,0,0.34155742040398424,0.41686091686091686
sw_constrained_ordinary,tid_1599,0,0.726159021338622,0.8463869463869463
sw_constrained_ordinary,tid_16,0,0.726159021338622,0.8463869463869463
sw_constrained_ordinary,tid_1600,0,0.726159021338622,0.8463869463869463
sw_constrained_ordinary,tid_1601,2,0.8698791879619047,0.9808580858085809
sw_constrained_ordinary,tid_1602,1,0.927241296918107,0.9481289579735177
sw_constrained_ordinary,tid_1603,1,0.30644295984849845,0.322769142199194
sw_constrained_ordinary,tid_1604,1,0.927241296918107,0.9481289579735177
sw_constrained_ordinary,tid_1605,1,0.927241296918107,0.9481289579735177
sw_constrained_ordinary,tid_1606,1,0.927241296918107,0.9481289579735177
sw_constrained_ordinary,tid_1607,1,0.927241296918107,0.9481289579735177
sw_constrained_ordinary,tid_1608,1,0.927241296918107,0.9481289579735177
sw_constrained_ordinary,tid_1609,1,0.5731810773964372,0.5924870466321243
sw_constrained_ordinary,tid_1610,1,0.927241296918107,0.9481289579735177
sw_constrained_ordinary,tid_1611,1,0.927241296918107,0.9481289579735177
sw_constrained_ordinary,tid_1612,1,0.927241296918107,0.9481289579735177
sw_constrained_ordinary,tid_1613,1,0.927241296918107,0.9481289579735177
sw_constrained_ordinary,tid_1614,1,0.927241296918107,0.9481289579735177
sw_constrained_ordinary,tid_1615,0,0.6718884114654926,0.7795648795648794
sw_constrained_ordinary,tid_1616,1,0.927241296918107,0.9481289579735177
sw_constrained_ordinary,tid_1617,1,0.927241296918107,0.9481289579735177
sw_constrained_ordinary,tid_1618,1,0.927241296918107,0.9481289579735177
sw_constrained_ordinary,tid_1619,1,0.927241296918107,0.9481289579735177
sw_constrained_ordinary,tid_1620,2,0.8399852156457934,0.9522552255225524
sw_constrained_ordinary,tid_1621,1,0.927241296918107,0.9481289579735177
sw_constrained_ordinary,tid_1622,1,0.927241296918107,0.9481289579735177
sw_constrained_ordinary,tid_1623,1,0.7917163961050595,0.8125215889464594
sw_constrained_ordinary,tid_1624,1,0.927241296918107,0.9481289579735177
sw_constrained_ordinary,tid_1625,1,0.9033997730067795,0.9246401842256766
sw_constrained_ordinary,tid_1626,1,0.927241296918107,0.9481289579735177
sw_constrained_ordinary,tid_1627,1,0.927241296918107,0.9481289579735177
sw_constrained_ordinary,tid_1628,1,0.927241296918107,0.9481289579735177
sw_constrained_ordinary,tid_1629,1,0.927241296918107,0.9481289579735177
sw_constrained_ordinary,tid_1630,1,0.927241296918107,0.9481289579735177
sw_constrained_ordinary,tid_1631,1,0.927241296918107,0.9481289579735177
sw_constrained_ordinary,tid_1632,0,0.17498895532393116,0.23100233100233103
sw_constrained_ordinary,tid_1633,1,0.7400053124157933,0.759873344847438
sw_constrained_ordinary,tid_1634,1,0.927241296918107,0.9481289579735177
sw_constrained_ordinary,tid_1635,1,0.7945759814025843,0.8141911341393206
sw_constrained_ordinary,tid_1636,1,0.8764028690760087,0.89706390328152
sw_constrained_ordinary,tid_1637,1,0.927241296918107,0.9481289579735177
sw_constrained_ordinary,tid_1638,1,0.927241296918107,0.9481289579735177
sw_constrained_ordinary,tid_1639,1,0.927241296918107,0.9481289579735177
sw_constrained_ordinary,tid_1640,1,0.9033997730067795,0.9246401842256766
sw_constrained_ordinary,tid_1641,1,0.927241296918107,0.9481289579735177
sw_constrained_ordinary,tid_1642,1,0.927241296918107,0.9481289579735177
sw_constrained_ordinary,tid_1643,1,0.927241296918107,0.9481289579735177
sw_constrained_ordinary,tid_1644,1,0.927241296918107,0.9481289579735177
sw_constrained_ordinary,tid_1645,1,0.927241296918107,0.9481289579735177
sw_constrained_ordinary,tid_1646,1,0.927241296918107,0.9481289579735177
sw_constrained_ordinary,tid_1647,1,0.927241296918107,0.9481289579735177
sw_constrained_ordinary,tid_1648,1,0.927241296918107,0.9481289579735177
sw_constrained_ordinary,tid_1649,1,0.7668653608452343,0.7862694300518134
sw_constrained_ordinary,tid_1650,1,0.927241296918107,0.9481289579735177
sw_constrained_ordinary,tid_1651,1,0.927241296918107,0.9481289579735177
sw_constrained_ordinary,tid_1652,0,0.7069978649871357,0.8250971250971251
sw_constrained_ordinary,tid_1653,1,0.927241296918107,0.9481289579735177
sw_constrained_ordinary,tid_1654,1,0.7106032250582148,0.7299942429476106
sw_constrained_ordinary,tid_1655,1,0.927241296918107,0.9481289579735177
sw_constrained_ordinary,tid_1656,1,0.927241296918107,0.9481289579735177
sw_constrained_ordinary,tid_1657,1,0.927241296918107,0.9481289579735177
sw_constrained_ordinary,tid_1658,1,0.927241296918107,0.9481289579735177
sw_constrained_ordinary,tid_1659,1,0.522234222614853,0.5405584340817502
sw_constrained_ordinary,tid_1660,1,0.927241296918107,0.9481289579735177
sw_constrained_ordinary,tid_1661,1,0.927241296918107,0.9481289579735177
sw_constrained_ordinary,tid_1662,3,0.5979079763711385,0.7166666666666668
sw_constrained_ordinary,tid_1663,1,0.927241296918107,0.9481289579735177
sw_constrained_ordinary,tid_1664,1,0.927241296918107,0.9481289579735177
sw_constrained_ordinary,tid_1665,0,0.5860070586379138,0.689121989121989
sw_constrained_ordinary,tid_1666,1,0.8382686642942847,0.8589234312032239
sw_constrained_ordinary,tid_1667,0,0.4509324434039879,0.5286713286713287
sw_constrained_ordinary,tid_1668,0,0.726159021338622,0.8463869463869463
sw_constrained_ordinary,tid_1669,1,0.927241296918107,0.9481289579735177
sw_constrained_ordinary,tid_167,2,0.8698791879619047,0.9808580858085809
sw_constrained_ordinary,tid_1670,1,0.927241296918107,0.9481289579735177
sw_constrained_ordinary,tid_1671,1,0.927241296918107,0.9481289579735177
sw_constrained_ordinary,tid_1672,1,0.8984280021435158,0.9194588370754174
sw_constrained_ordinary,tid_1673,1,0.38618467061491535,0.4016119746689696
sw_constrained_ordinary,tid_1674,1,0.3023869987836078,0.31787564766839377
sw_constrained_ordinary,tid_1675,0,0.3999308071074441,0.4908313908313907
sw_constrained_ordinary,tid_1676,1,0.927241296918107,0.9481289579735177
sw_constrained_ordinary,tid_1678,1,0.927241296918107,0.9481289579735177
sw_constrained_ordinary,tid_1679,1,0.927241296918107,0.9481289579735177
sw_constrained_ordinary,tid_168,2,0.8698791879619047,0.9808580858085809
sw_constrained_ordinary,tid_1680,1,0.927241296918107,0.9481289579735177
sw_constrained_ordinary,tid_1681,1,0.927241296918107,0.9481289579735177
sw_constrained_ordinary,tid_1682,1,0.927241296918107,0.9481289579735177
sw_constrained_ordinary,tid_1683,0,0.6250282706400591,0.7251748251748251
sw_constrained_ordinary,tid_1685,1,0.927241296918107,0.9481289579735177
sw_constrained_ordinary,tid_1686,1,0.927241296918107,0.9481289579735177
sw_constrained_ordinary,tid_1687,1,0.927241296918107,0.9481289579735177
sw_constrained_ordinary,tid_1688,1,0.927241296918107,0.9481289579735177
sw_constrained_ordinary,tid_1689,1,0.927241296918107,0.9481289579735177
sw_constrained_ordinary,tid_169,2,0.8698791879619047,0.9808580858085809
sw_constrained_ordinary,tid_1690,1,0.927241296918107,0.9481289579735177
sw_constrained_ordinary,tid_1691,1,0.927241296918107,0.9481289579735177
sw_constrained_ordinary,tid_1692,1,0.927241296918107,0.9481289579735177
sw_constrained_ordinary,tid_1693,1,0.927241296918107,0.9481289579735177
sw_constrained_ordinary,tid_1694,1,0.927241296918107,0.9481289579735177
sw_constrained_ordinary,tid_1696,1,0.927241296918107,0.9481289579735177
sw_constrained_ordinary,tid_1697,1,0.927241296918107,0.9481289579735177
sw_constrained_ordinary,tid_1698,1,0.927241296918107,0.9481289579735177
sw_constrained_ordinary,tid_1699,1,0.927241296918107,0.9481289579735177
sw_constrained_ordinary,tid_17,0,0.726159021338622,0.8463869463869463
sw_constrained_ordinary,tid_1700,1,0.927241296918107,0.9481289579735177
sw_constrained_ordinary,tid_1701,1,0.927241296918107,0.9481289579735177
sw_constrained_ordinary,tid_1702,1,0.927241296918107,0.9481289579735177
sw_constrained_ordinary,tid_1703,1,0.927241296918107,0.9481289579735177
sw_constrained_ordinary,tid_1704,1,0.31365815494014754,0.32751871042026487
sw_constrained_ordinary,tid_1705,1,0.927241296918107,0.9481289579735177
sw_constrained_ordinary,tid_1706,1,0.8678024031712557,0.8882268278641338
sw_constrained_ordinary,tid_1707,0,0.6393100046844296,0.7471639471639471
sw_constrained_ordinary,tid_1708,1,0.927241296918107,0.9481289579735177
sw_constrained_ordinary,tid_1709,1,0.927241296918107,0.9481289579735177
sw_constrained_ordinary,tid_1710,1,0.927241296918107,0.9481289579735177
sw_constrained_ordinary,tid_1711,1,0.927241296918107,0.9481289579735177
sw_constrained_ordinary,tid_1712,1,0.927241296918107,0.9481289579735177
sw_constrained_ordinary,tid_1714,1,0.927241296918107,0.9481289579735177
sw_constrained_ordinary,tid_1715,1,0.927241296918107,0.9481289579735177
sw_constrained_ordinary,tid_1717,1,0.927241296918107,0.9481289579735177
sw_constrained_ordinary,tid_1718,1,0.927241296918107,0.9481289579735177
sw_constrained_ordinary,tid_1719,1,0.8984280021435158,0.9194588370754174
sw_constrained_ordinary,tid_1722,1,0.927241296918107,0.9481289579735177
sw_constrained_ordinary,tid_1724,1,0.927241296918107,0.9481289579735177
sw_constrained_ordinary,tid_1725,1,0.927241296918107,0.9481289579735177
sw_constrained_ordinary,tid_1726,0,0.6393100046844296,0.7471639471639471
sw_constrained_ordinary,tid_1727,1,0.927241296918107,0.9481289579735177
sw_constrained_ordinary,tid_1728,1,0.927241296918107,0.9481289579735177
sw_constrained_ordinary,tid_173,1,0.927241296918107,0.9481289579735177
sw_constrained_ordinary,tid_1730,1,0.927241296918107,0.9481289579735177
sw_constrained_ordinary,tid_1731,1,0.927241296918107,0.9481289579735177
sw_constrained_ordinary,tid_1732,1,0.927241296918107,0.9481289579735177
sw_constrained_ordinary,tid_1733,1,0.927241296918107,0.9481289579735177
sw_constrained_ordinary,tid_1737,1,0.927241296918107,0.9481289579735177
sw_constrained_ordinary,tid_1738,1,0.927241296918107,0.9481289579735177
sw_constrained_ordinary,tid_1739,1,0.927241296918107,0.9481289579735177
sw_constrained_ordinary,tid_1740,1,0.5000636799385492,0.5171272308578008
sw_constrained_ordinary,tid_1741,1,0.927241296918107,0.9481289579735177
sw_constrained_ordinary,tid_1742,1,0.689842421038247,0.705613126079447
sw_constrained_ordinary,tid_1743,1,0.927241296918107,0.9481289579735177
sw_constrained_ordinary,tid_1744,1,0.927241296918107,0.9481289579735177
sw_constrained_ordinary,tid_1745,1,0.927241296918107,0.9481289579735177
sw_constrained_ordinary,tid_1746,1,0.927241296918107,0.9481289579735177
sw_constrained_ordinary,tid_1747,1,0.927241296918107,0.9481289579735177
sw_constrained_ordinary,tid_1749,1,0.927241296918107,0.9481289579735177
sw_constrained_ordinary,tid_1750,1,0.927241296918107,0.9481289579735177
sw_constrained_ordinary,tid_1751,1,0.927241296918107,0.9481289579735177
sw_constrained_ordinary,tid_1752,1,0.927241296918107,0.9481289579735177
sw_constrained_ordinary,tid_1753,1,0.927241296918107,0.9481289579735177
sw_constrained_ordinary,tid_1754,1,0.8731291861229197,0.892803684513529
sw_constrained_ordinary,tid_1755,1,0.927241296918107,0.9481289579735177
sw_constrained_ordinary,tid_1756,1,0.927241296918107,0.9481289579735177
sw_constrained_ordinary,tid_1757,1,0.927241296918107,0.9481289579735177
sw_constrained_ordinary,tid_1758,0,0.6393100046844296,0.7471639471639471
sw_constrained_ordinary,tid_1759,1,0.927241296918107,0.9481289579735177
sw_constrained_ordinary,tid_1760,0,0.3399237588988494,0.4054390054390055
sw_constrained_ordinary,tid_1761,1,0.927241296918107,0.9481289579735177
sw_constrained_ordinary,tid_1762,1,0.927241296918107,0.9481289579735177
sw_constrained_ordinary,tid_1764,0,0.6992163484890163,0.8163170163170164
sw_constrained_ordinary,tid_1765,1,0.5002220678668194,0.516609096142775
sw_constrained_ordinary,tid_1766,1,0.927241296918107,0.9481289579735177
sw_constrained_ordinary,tid_1768,1,0.927241296918107,0.9481289579735177
sw_constrained_ordinary,tid_1769,1,0.927241296918107,0.9481289579735177
sw_constrained_ordinary,tid_1770,1,0.927241296918107,0.9481289579735177
sw_constrained_ordinary,tid_1771,1,0.927241296918107,0.9481289579735177
sw_constrained_ordinary,tid_1773,1,0.927241296918107,0.9481289579735177
sw_constrained_ordinary,tid_1774,1,0.927241296918107,0.9481289579735177
sw_constrained_ordinary,tid_1775,1,0.927241296918107,0.9481289579735177
sw_constrained_ordinary,tid_1776,1,0.927241296918107,0.9481289579735177
sw_constrained_ordinary,tid_1777,1,0.927241296918107,0.9481289579735177
sw_constrained_ordinary,tid_1778,1,0.927241296918107,0.9481289579735177
sw_constrained_ordinary,tid_1780,1,0.927241296918107,0.9481289579735177
sw_constrained_ordinary,tid_1781,1,0.927241296918107,0.9481289579735177
sw_constrained_ordinary,tid_1782,1,0.927241296918107,0.9481289579735177
sw_constrained_ordinary,tid_1783,0,0.6393100046844296,0.7471639471639471
sw_constrained_ordinary,tid_1784,1,0.927241296918107,0.9481289579735177
sw_constrained_ordinary,tid_1785,1,0.927241296918107,0.9481289579735177
sw_constrained_ordinary,tid_1786,1,0.927241296918107,0.9481289579735177
sw_constrained_ordinary,tid_1787,1,0.927241296918107,0.9481289579735177
sw_constrained_ordinary,tid_1788,1,0.927241296918107,0.9481289579735177
sw_constrained_ordinary,tid_18,1,0.45155484733574475,0.468307426597582
sw_constrained_ordinary,tid_181,1,0.927241296918107,0.9481289579735177
sw_constrained_ordinary,tid_184,1,0.927241296918107,0.9481289579735177
sw_constrained_ordinary,tid_1845,2,0.5624455546391114,0.6796479647964796
sw_constrained_ordinary,tid_1846,1,0.927241296918107,0.9481289579735177
sw_constrained_ordinary,tid_1848,1,0.927241296918107,0.9481289579735177
sw_constrained_ordinary,tid_1849,1,0.927241296918107,0.9481289579735177
sw_constrained_ordinary,tid_185,2,0.6841426299010045,0.7964796479647965
sw_constrained_ordinary,tid_1850,1,0.927241296918107,0.9481289579735177
sw_constrained_ordinary,tid_1851,1,0.927241296918107,0.9481289579735177
sw_constrained_ordinary,tid_1852,1,0.927241296918107,0.9481289579735177
sw_constrained_ordinary,tid_1853,1,0.927241296918107,0.9481289579735177
sw_constrained_ordinary,tid_1854,1,0.927241296918107,0.9481289579735177
sw_constrained_ordinary,tid_1855,1,0.927241296918107,0.9481289579735177
sw_constrained_ordinary,tid_1856,1,0.927241296918107,0.9481289579735177
sw_constrained_ordinary,tid_1857,1,0.927241296918107,0.9481289579735177
sw_constrained_ordinary,tid_1858,1,0.927241296918107,0.9481289579735177
sw_constrained_ordinary,tid_1859,1,0.927241296918107,0.9481289579735177
sw_constrained_ordinary,tid_1860,1,0.927241296918107,0.9481289579735177
sw_constrained_ordinary,tid_1861,1,0.927241296918107,0.9481289579735177
sw_constrained_ordinary,tid_1862,1,0.927241296918107,0.9481289579735177
sw_constrained_ordinary,tid_1863,0,0.6450374728726201,0.7477855477855475
sw_constrained_ordinary,tid_1864,1,0.927241296918107,0.9481289579735177
sw_constrained_ordinary,tid_1865,1,0.927241296918107,0.9481289579735177
sw_constrained_ordinary,tid_1868,1,0.927241296918107,0.9481289579735177
sw_constrained_ordinary,tid_1869,1,0.927241296918107,0.9481289579735177
sw_constrained_ordinary,tid_1870,1,0.927241296918107,0.9481289579735177
sw_constrained_ordinary,tid_1871,1,0.927241296918107,0.9481289579735177
sw_constrained_ordinary,tid_1872,1,0.927241296918107,0.9481289579735177
sw_constrained_ordinary,tid_1873,1,0.927241296918107,0.9481289579735177
sw_constrained_ordinary,tid_1874,2,0.8698791879619047,0.9808580858085809
sw_constrained_ordinary,tid_1875,1,0.5014544434045122,0.5179044329303397
sw_constrained_ordinary,tid_1876,1,0.562642810544531,0.5802533103051236
sw_constrained_ordinary,tid_1877,0,0.6393100046844296,0.7471639471639471
sw_constrained_ordinary,tid_1878,1,0.927241296918107,0.9481289579735177
sw_constrained_ordinary,tid_1879,1,0.8984280021435158,0.9194588370754174
sw_constrained_ordinary,tid_188,1,0.927241296918107,0.9481289579735177
sw_constrained_ordinary,tid_1880,1,0.927241296918107,0.9481289579735177
sw_constrained_ordinary,tid_1881,0,0.7069978649871357,0.8250971250971251
sw_constrained_ordinary,tid_1883,1,0.8984280021435158,0.9194588370754174
sw_constrained_ordinary,tid_1884,1,0.927241296918107,0.9481289579735177
sw_constrained_ordinary,tid_1885,1,0.927241296918107,0.9481289579735177
sw_constrained_ordinary,tid_1886,1,0.927241296918107,0.9481289579735177
sw_constrained_ordinary,tid_1887,1,0.927241296918107,0.9481289579735177
sw_constrained_ordinary,tid_1888,1,0.927241296918107,0.9481289579735177
sw_constrained_ordinary,tid_1889,1,0.927241296918107,0.9481289579735177
sw_constrained_ordinary,tid_1890,0,0.6393100046844296,0.7471639471639471
sw_constrained_ordinary,tid_1891,1,0.927241296918107,0.9481289579735177
sw_constrained_ordinary,tid_1892,1,0.927241296918107,0.9481289579735177
sw_constrained_ordinary,tid_1893,1,0.927241296918107,0.9481289579735177
sw_constrained_ordinary,tid_1894,1,0.927241296918107,0.9481289579735177
sw_constrained_ordinary,tid_1895,1,0.927241296918107,0.9481289579735177
sw_constrained_ordinary,tid_1896,1,0.927241296918107,0.9481289579735177
sw_constrained_ordinary,tid_1897,1,0.927241296918107,0.9481289579735177
sw_constrained_ordinary,tid_1898,1,0.927241296918107,0.9481289579735177
sw_constrained_ordinary,tid_1899,1,0.927241296918107,0.9481289579735177
sw_constrained_ordinary,tid_19,1,0.927241296918107,0.9481289579735177
sw_constrained_ordinary,tid_1900,1,0.927241296918107,0.9481289579735177
sw_constrained_ordinary,tid_1901,1,0.927241296918107,0.9481289579735177
sw_constrained_ordinary,tid_1902,1,0.927241296918107,0.9481289579735177
sw_constrained_ordinary,tid_1903,1,0.927241296918107,0.9481289579735177
sw_constrained_ordinary,tid_1904,1,0.927241296918107,0.9481289579735177
sw_constrained_ordinary,tid_1905,0,0.726159021338622,0.8463869463869463
sw_constrained_ordinary,tid_1906,1,0.20562839356150478,0.21931491076568801
sw_constrained_ordinary,tid_1907,1,0.927241296918107,0.9481289579735177
sw_constrained_ordinary,tid_1908,1,0.927241296918107,0.9481289579735177
sw_constrained_ordinary,tid_1909,1,0.927241296918107,0.9481289579735177
sw_constrained_ordinary,tid_191,0,0.4091503556103777,0.490986790986791
sw_constrained_ordinary,tid_1910,1,0.927241296918107,0.9481289579735177
sw_constrained_ordinary,tid_1912,1,0.927241296918107,0.9481289579735177
sw_constrained_ordinary,tid_1915,1,0.927241296918107,0.9481289579735177
sw_constrained_ordinary,tid_1916,1,0.927241296918107,0.9481289579735177
sw_constrained_ordinary,tid_1917,1,0.927241296918107,0.9481289579735177
sw_constrained_ordinary,tid_1918,1,0.927241296918107,0.9481289579735177
sw_constrained_ordinary,tid_1919,0,0.726159021338622,0.8463869463869463
sw_constrained_ordinary,tid_1920,0,0.4608963732529966,0.5465423465423466
sw_constrained_ordinary,tid_1921,1,0.927241296918107,0.9481289579735177
sw_constrained_ordinary,tid_1922,1,0.927241296918107,0.9481289579735177
sw_constrained_ordinary,tid_1923,1,0.927241296918107,0.9481289579735177
sw_constrained_ordinary,tid_1924,1,0.927241296918107,0.9481289579735177
sw_constrained_ordinary,tid_1925,1,0.927241296918107,0.9481289579735177
sw_constrained_ordinary,tid_1926,1,0.927241296918107,0.9481289579735177
sw_constrained_ordinary,tid_1927,1,0.927241296918107,0.9481289579735177
sw_constrained_ordinary,tid_1928,1,0.927241296918107,0.9481289579735177
sw_constrained_ordinary,tid_1929,1,0.927241296918107,0.9481289579735177
sw_constrained_ordinary,tid_1930,1,0.927241296918107,0.9481289579735177
sw_constrained_ordinary,tid_1931,1,0.927241296918107,0.9481289579735177
sw_constrained_ordinary,tid_1932,1,0.927241296918107,0.9481289579735177
sw_constrained_ordinary,tid_1933,1,0.927241296918107,0.9481289579735177
sw_constrained_ordinary,tid_1934,1,0.927241296918107,0.9481289579735177
sw_constrained_ordinary,tid_1935,1,0.927241296918107,0.9481289579735177
sw_constrained_ordinary,tid_1936,0,0.6120490784385806,0.7187257187257186
sw_constrained_ordinary,tid_1937,1,0.927241296918107,0.9481289579735177
sw_constrained_ordinary,tid_1938,1,0.927241296918107,0.9481289579735177
sw_constrained_ordinary,tid_1939,1,0.927241296918107,0.9481289579735177
sw_constrained_ordinary,tid_194,2,0.8698791879619047,0.9808580858085809
sw_constrained_ordinary,tid_1940,1,0.927241296918107,0.9481289579735177
sw_constrained_ordinary,tid_1941,1,0.927241296918107,0.9481289579735177
sw_constrained_ordinary,tid_1942,1,0.927241296918107,0.9481289579735177
sw_constrained_ordinary,tid_1943,1,0.927241296918107,0.9481289579735177
sw_constrained_ordinary,tid_1944,1,0.927241296918107,0.9481289579735177
sw_constrained_ordinary,tid_1945,1,0.927241296918107,0.9481289579735177
sw_constrained_ordinary,tid_1947,1,0.927241296918107,0.9481289579735177
sw_constrained_ordinary,tid_1948,1,0.927241296918107,0.9481289579735177
sw_constrained_ordinary,tid_1949,1,0.927241296918107,0.9481289579735177
sw_constrained_ordinary,tid_195,2,0.8698791879619047,0.9808580858085809
sw_constrained_ordinary,tid_1950,1,0.927241296918107,0.9481289579735177
sw_constrained_ordinary,tid_1951,1,0.927241296918107,0.9481289579735177
sw_constrained_ordinary,tid_1952,0,0.6106199899488096,0.7182595182595182
sw_constrained_ordinary,tid_1954,3,0.7363014198781901,0.7672131147540984
sw_constrained_ordinary,tid_1955,3,0.5339235409341577,0.6677595628415303
sw_constrained_ordinary,tid_1956,3,0.5851298255702808,0.71448087431694
sw_constrained_ordinary,tid_1957,3,0.46123183426738873,0.6035519125683061
sw_constrained_ordinary,tid_1958,3,0.6853134850630195,0.764207650273224
sw_constrained_ordinary,tid_1959,3,0.7363014198781901,0.7672131147540984
sw_constrained_ordinary,tid_196,2,0.8698791879619047,0.9808580858085809
sw_constrained_ordinary,tid_1960,3,0.5119418808735656,0.6500000000000002
sw_constrained_ordinary,tid_1961,0,0.726159021338622,0.8463869463869463
sw_constrained_ordinary,tid_1962,3,0.6042324656387514,0.726775956284153
sw_constrained_ordinary,tid_1963,3,0.6502762308628445,0.7450819672131147
sw_constrained_ordinary,tid_1965,3,0.7218938123439226,0.7642076502732241
sw_constrained_ordinary,tid_1966,3,0.7363014198781901,0.7672131147540984
sw_constrained_ordinary,tid_1967,3,0.6824380702904528,0.760655737704918
sw_constrained_ordinary,tid_1968,3,0.6950450448811255,0.7603825136612022
sw_constrained_ordinary,tid_1969,3,0.6042324656387514,0.726775956284153
sw_constrained_ordinary,tid_1970,3,0.7363014198781901,0.7672131147540984
sw_constrained_ordinary,tid_1971,2,0.8698791879619047,0.9808580858085809
sw_constrained_ordinary,tid_1972,1,0.9033997730067795,0.9246401842256766
sw_constrained_ordinary,tid_1973,1,0.927241296918107,0.9481289579735177
sw_constrained_ordinary,tid_1974,0,0.726159021338622,0.8463869463869463
sw_constrained_ordinary,tid_1975,1,0.927241296918107,0.9481289579735177
sw_constrained_ordinary,tid_1976,1,0.927241296918107,0.9481289579735177
sw_constrained_ordinary,tid_1977,0,0.5033888360353675,0.6019425019425019
sw_constrained_ordinary,tid_1978,1,0.900381248488666,0.9217328727691423
sw_constrained_ordinary,tid_1979,2,0.8399852156457934,0.9522552255225524
sw_constrained_ordinary,tid_198,2,0.8698791879619047,0.9808580858085809
sw_constrained_ordinary,tid_1980,0,0.6439607267583976,0.7418026418026417
sw_constrained_ordinary,tid_1981,1,0.8142062184664519,0.8346862406447898
sw_constrained_ordinary,tid_1982,1,0.927241296918107,0.9481289579735177
sw_constrained_ordinary,tid_1983,1,0.927241296918107,0.9481289579735177
sw_constrained_ordinary,tid_1984,1,0.927241296918107,0.9481289579735177
sw_constrained_ordinary,tid_1985,1,0.12770683662232435,0.14087507196315488
sw_constrained_ordinary,tid_1986,0,0.7141721477437166,0.8327117327117327
sw_constrained_ordinary,tid_1987,0,0.5331597671675986,0.6352758352758353
sw_constrained_ordinary,tid_1988,1,0.927241296918107,0.9481289579735177
sw_constrained_ordinary,tid_1989,1,0.927241296918107,0.9481289579735177
sw_constrained_ordinary,tid_1990,1,0.7493827378412627,0.7686240644789867
sw_constrained_ordinary,tid_1991,1,0.927241296918107,0.9481289579735177
sw_constrained_ordinary,tid_1992,1,0.927241296918107,0.9481289579735177
sw_constrained_ordinary,tid_1993,0,0.7010762870221091,0.8163947163947163
sw_constrained_ordinary,tid_1994,1,0.927241296918107,0.9481289579735177
sw_constrained_ordinary,tid_1995,0,0.726159021338622,0.8463869463869463
sw_constrained_ordinary,tid_1996,1,0.927241296918107,0.9481289579735177
sw_constrained_ordinary,tid_1997,1,0.927241296918107,0.9481289579735177
sw_constrained_ordinary,tid_1999,0,0.726159021338622,0.8463869463869463
sw_constrained_ordinary,tid_2,2,0.8698791879619047,0.9808580858085809
sw_constrained_ordinary,tid_20,0,0.726159021338622,0.8463869463869463
sw_constrained_ordinary,tid_2000,0,0.6393100046844296,0.7471639471639471
sw_constrained_ordinary,tid_2001,1,0.927241296918107,0.9481289579735177
sw_constrained_ordinary,tid_2002,1,0.927241296918107,0.9481289579735177
sw_constrained_ordinary,tid_2004,0,0.6393100046844296,0.7471639471639471
sw_constrained_ordinary,tid_2005,0,0.6877931381013762,0.7996114996114996
sw_constrained_ordinary,tid_2006,0,0.726159021338622,0.8463869463869463
sw_constrained_ordinary,tid_2007,1,0.927241296918107,0.9481289579735177
sw_constrained_ordinary,tid_2008,1,0.8218280437683307,0.8431203223949336
sw_constrained_ordinary,tid_2009,1,0.927241296918107,0.9481289579735177
sw_constrained_ordinary,tid_201,2,0.8698791879619047,0.9808580858085809
sw_constrained_ordinary,tid_2010,0,0.7136723079338385,0.8315462315462316
sw_constrained_ordinary,tid_2011,1,0.8715679537140748,0.8930627518710422
sw_constrained_ordinary,tid_2012,1,0.927241296918107,0.9481289579735177
sw_constrained_ordinary,tid_2015,1,0.927241296918107,0.9481289579735177
sw_constrained_ordinary,tid_2017,1,0.6828926045008645,0.7020725388601033
sw_constrained_ordinary,tid_2018,1,0.927241296918107,0.9481289579735177
sw_constrained_ordinary,tid_2019,1,0.764715335853402,0.7853195164075993
sw_constrained_ordinary,tid_2021,1,0.900381248488666,0.9217328727691423
sw_constrained_ordinary,tid_2022,1,0.9033997730067795,0.9246401842256766
sw_constrained_ordinary,tid_2023,1,0.927241296918107,0.9481289579735177
sw_constrained_ordinary,tid_2024,0,0.726159021338622,0.8463869463869463
sw_constrained_ordinary,tid_2025,3,0.06885855208297566,0.19863387978142072
sw_constrained_ordinary,tid_2027,1,0.927241296918107,0.9481289579735177
sw_constrained_ordinary,tid_2028,1,0.927241296918107,0.9481289579735177
sw_constrained_ordinary,tid_203,1,0.927241296918107,0.9481289579735177
sw_constrained_ordinary,tid_2030,1,0.8765397245773385,0.8982440990213012
sw_constrained_ordinary,tid_2031,1,0.927241296918107,0.9481289579735177
sw_constrained_ordinary,tid_2032,0,0.726159021338622,0.8463869463869463
sw_constrained_ordinary,tid_2033,0,0.7069978649871357,0.8250971250971251
sw_constrained_ordinary,tid_2034,1,0.927241296918107,0.9481289579735177
sw_constrained_ordinary,tid_2035,1,0.927241296918107,0.9481289579735177
sw_constrained_ordinary,tid_2036,1,0.927241296918107,0.9481289579735177
sw_constrained_ordinary,tid_2037,1,0.927241296918107,0.9481289579735177
sw_constrained_ordinary,tid_2039,1,0.927241296918107,0.9481289579735177
sw_constrained_ordinary,tid_204,2,0.8698791879619047,0.9808580858085809
sw_constrained_ordinary,tid_2040,0,0.726159021338622,0.8463869463869463
sw_constrained_ordinary,tid_2041,1,0.927241296918107,0.9481289579735177
sw_constrained_ordinary,tid_2042,1,0.927241296918107,0.9481289579735177
sw_constrained_ordinary,tid_2043,1,0.927241296918107,0.9481289579735177
sw_constrained_ordinary,tid_2044,0,0.6393100046844296,0.7471639471639471
sw_constrained_ordinary,tid_2045,1,0.927241296918107,0.9481289579735177
sw_constrained_ordinary,tid_2046,1,0.927241296918107,0.9481289579735177
sw_constrained_ordinary,tid_2047,1,0.8984280021435158,0.9194588370754174
sw_constrained_ordinary,tid_2048,1,0.927241296918107,0.9481289579735177
sw_constrained_ordinary,tid_2049,1,0.927241296918107,0.9481289579735177
sw_constrained_ordinary,tid_205,2,0.8698791879619047,0.9808580858085809
sw_constrained_ordinary,tid_2050,1,0.927241296918107,0.9481289579735177
sw_constrained_ordinary,tid_2051,1,0.927241296918107,0.9481289579735177
sw_constrained_ordinary,tid_2052,1,0.927241296918107,0.9481289579735177
sw_constrained_ordinary,tid_2053,1,0.927241296918107,0.9481289579735177
sw_constrained_ordinary,tid_2054,1,0.927241296918107,0.9481289579735177
sw_constrained_ordinary,tid_2055,1,0.927241296918107,0.9481289579735177
sw_constrained_ordinary,tid_2056,1,0.927241296918107,0.9481289579735177
sw_constrained_ordinary,tid_2057,1,0.927241296918107,0.9481289579735177
sw_constrained_ordinary,tid_2058,1,0.927241296918107,0.9481289579735177
sw_constrained_ordinary,tid_2059,1,0.927241296918107,0.9481289579735177
sw_constrained_ordinary,tid_206,0,0.6393100046844296,0.7471639471639471
sw_constrained_ordinary,tid_2060,1,0.927241296918107,0.9481289579735177
sw_constrained_ordinary,tid_2061,1,0.927241296918107,0.9481289579735177
sw_constrained_ordinary,tid_2062,1,0.927241296918107,0.9481289579735177
sw_constrained_ordinary,tid_2063,0,0.6536604339947305,0.7628593628593627
sw_constrained_ordinary,tid_2064,1,0.927241296918107,0.9481289579735177
sw_constrained_ordinary,tid_2065,1,0.927241296918107,0.9481289579735177
sw_constrained_ordinary,tid_2066,1,0.927241296918107,0.9481289579735177
sw_constrained_ordinary,tid_2067,1,0.927241296918107,0.9481289579735177
sw_constrained_ordinary,tid_2068,1,0.927241296918107,0.9481289579735177
sw_constrained_ordinary,tid_2069,1,0.927241296918107,0.9481289579735177
sw_constrained_ordinary,tid_207,0,0.5956863841210785,0.6912198912198911
sw_constrained_ordinary,tid_2070,1,0.927241296918107,0.9481289579735177
sw_constrained_ordinary,tid_2072,1,0.927241296918107,0.9481289579735177
sw_constrained_ordinary,tid_2073,1,0.927241296918107,0.9481289579735177
sw_constrained_ordinary,tid_2074,0,0.541873796968949,0.6294483294483293
sw_constrained_ordinary,tid_2075,1,0.927241296918107,0.9481289579735177
sw_constrained_ordinary,tid_2076,1,0.927241296918107,0.9481289579735177
sw_constrained_ordinary,tid_2077,1,0.927241296918107,0.9481289579735177
sw_constrained_ordinary,tid_2078,1,0.927241296918107,0.9481289579735177
sw_constrained_ordinary,tid_2079,1,0.927241296918107,0.9481289579735177
sw_constrained_ordinary,tid_208,1,0.927241296918107,0.9481289579735177
sw_constrained_ordinary,tid_2080,1,0.927241296918107,0.9481289579735177
sw_constrained_ordinary,tid_2081,1,0.927241296918107,0.9481289579735177
sw_constrained_ordinary,tid_2082,1,0.927241296918107,0.9481289579735177
sw_constrained_ordinary,tid_2085,1,0.927241296918107,0.9481289579735177
sw_constrained_ordinary,tid_2087,1,0.927241296918107,0.9481289579735177
sw_constrained_ordinary,tid_2088,1,0.927241296918107,0.9481289579735177
sw_constrained_ordinary,tid_2089,1,0.927241296918107,0.9481289579735177
sw_constrained_ordinary,tid_209,1,0.7470723235120927,0.7665515256188831
sw_constrained_ordinary,tid_2090,1,0.927241296918107,0.9481289579735177
sw_constrained_ordinary,tid_2091,1,0.927241296918107,0.9481289579735177
sw_constrained_ordinary,tid_2093,1,0.927241296918107,0.9481289579735177
sw_constrained_ordinary,tid_2094,1,0.927241296918107,0.9481289579735177
sw_constrained_ordinary,tid_2095,1,0.927241296918107,0.9481289579735177
sw_constrained_ordinary,tid_2096,1,0.927241296918107,0.9481289579735177
sw_constrained_ordinary,tid_2098,1,0.927241296918107,0.9481289579735177
sw_constrained_ordinary,tid_21,2,0.8698791879619047,0.9808580858085809
sw_constrained_ordinary,tid_210,1,0.927241296918107,0.9481289579735177
sw_constrained_ordinary,tid_2100,1,0.927241296918107,0.9481289579735177
sw_constrained_ordinary,tid_2101,0,0.6393100046844296,0.7471639471639471
sw_constrained_ordinary,tid_2105,1,0.927241296918107,0.9481289579735177
sw_constrained_ordinary,tid_2108,1,0.8977164825416754,0.9185377086931492
sw_constrained_ordinary,tid_2109,1,0.927241296918107,0.9481289579735177
sw_constrained_ordinary,tid_211,1,0.8995306763607567,0.9202072538860104
sw_constrained_ordinary,tid_2110,1,0.927241296918107,0.9481289579735177
sw_constrained_ordinary,tid_2111,1,0.927241296918107,0.9481289579735177
sw_constrained_ordinary,tid_2112,1,0.927241296918107,0.9481289579735177
sw_constrained_ordinary,tid_2113,1,0.927241296918107,0.9481289579735177
sw_constrained_ordinary,tid_2114,1,0.927241296918107,0.9481289579735177
sw_constrained_ordinary,tid_2116,1,0.927241296918107,0.9481289579735177
sw_constrained_ordinary,tid_2117,1,0.927241296918107,0.9481289579735177
sw_constrained_ordinary,tid_2118,1,0.927241296918107,0.9481289579735177
sw_constrained_ordinary,tid_2119,0,0.6393100046844296,0.7471639471639471
sw_constrained_ordinary,tid_212,1,0.927241296918107,0.9481289579735177
sw_constrained_ordinary,tid_2120,1,0.927241296918107,0.9481289579735177
sw_constrained_ordinary,tid_2121,1,0.927241296918107,0.9481289579735177
sw_constrained_ordinary,tid_2122,1,0.927241296918107,0.9481289579735177
sw_constrained_ordinary,tid_2124,1,0.927241296918107,0.9481289579735177
sw_constrained_ordinary,tid_2125,1,0.927241296918107,0.9481289579735177
sw_constrained_ordinary,tid_2126,1,0.927241296918107,0.9481289579735177
sw_constrained_ordinary,tid_2127,1,0.927241296918107,0.9481289579735177
sw_constrained_ordinary,tid_2128,1,0.927241296918107,0.9481289579735177
sw_constrained_ordinary,tid_2129,1,0.927241296918107,0.9481289579735177
sw_constrained_ordinary,tid_213,1,0.927241296918107,0.9481289579735177
sw_constrained_ordinary,tid_2130,1,0.927241296918107,0.9481289579735177
sw_constrained_ordinary,tid_2131,1,0.927241296918107,0.9481289579735177
sw_constrained_ordinary,tid_2132,1,0.927241296918107,0.9481289579735177
sw_constrained_ordinary,tid_2133,1,0.927241296918107,0.9481289579735177
sw_constrained_ordinary,tid_2134,1,0.927241296918107,0.9481289579735177
sw_constrained_ordinary,tid_2136,1,0.927241296918107,0.9481289579735177
sw_constrained_ordinary,tid_2137,1,0.927241296918107,0.9481289579735177
sw_constrained_ordinary,tid_2138,1,0.927241296918107,0.9481289579735177
sw_constrained_ordinary,tid_2139,1,0.927241296918107,0.9481289579735177
sw_constrained_ordinary,tid_214,1,0.927241296918107,0.9481289579735177
sw_constrained_ordinary,tid_2140,1,0.927241296918107,0.9481289579735177
sw_constrained_ordinary,tid_2142,1,0.927241296918107,0.9481289579735177
sw_constrained_ordinary,tid_2143,1,0.927241296918107,0.9481289579735177
sw_constrained_ordinary,tid_2144,0,0.47447799668453955,0.5710955710955711
sw_constrained_ordinary,tid_2145,1,0.927241296918107,0.9481289579735177
sw_constrained_ordinary,tid_2146,1,0.8756891524494292,0.8967184801381693
sw_constrained_ordinary,tid_2148,3,0.31410920869503783,0.4505464480874318
sw_constrained_ordinary,tid_2149,1,0.7956175742702485,0.81580310880829
sw_constrained_ordinary,tid_215,1,0.927241296918107,0.9481289579735177
sw_constrained_ordinary,tid_2150,1,0.927241296918107,0.9481289579735177
sw_constrained_ordinary,tid_2151,1,0.927241296918107,0.9481289579735177
sw_constrained_ordinary,tid_2152,1,0.927241296918107,0.9481289579735177
sw_constrained_ordinary,tid_2153,1,0.927241296918107,0.9481289579735177
sw_constrained_ordinary,tid_2154,1,0.927241296918107,0.9481289579735177
sw_constrained_ordinary,tid_2155,1,0.927241296918107,0.9481289579735177
sw_constrained_ordinary,tid_2156,1,0.927241296918107,0.9481289579735177
sw_constrained_ordinary,tid_2157,1,0.927241296918107,0.9481289579735177
sw_constrained_ordinary,tid_2158,1,0.927241296918107,0.9481289579735177
sw_constrained_ordinary,tid_2159,1,0.927241296918107,0.9481289579735177
sw_constrained_ordinary,tid_216,1,0.927241296918107,0.9481289579735177
sw_constrained_ordinary,tid_2160,1,0.927241296918107,0.9481289579735177
sw_constrained_ordinary,tid_2161,0,0.14727671187087635,0.19930069930069932
sw_constrained_ordinary,tid_2162,1,0.927241296918107,0.9481289579735177
sw_constrained_ordinary,tid_2163,1,0.9033997730067795,0.9246401842256766
sw_constrained_ordinary,tid_2164,0,0.6106199899488096,0.7182595182595182
sw_constrained_ordinary,tid_2165,1,0.927241296918107,0.9481289579735177
sw_constrained_ordinary,tid_2167,1,0.8984280021435158,0.9194588370754174
sw_constrained_ordinary,tid_2168,1,0.927241296918107,0.9481289579735177
sw_constrained_ordinary,tid_2169,0,0.6393100046844296,0.7471639471639471
sw_constrained_ordinary,tid_217,1,0.927241296918107,0.9481289579735177
sw_constrained_ordinary,tid_2171,1,0.927241296918107,0.9481289579735177
sw_constrained_ordinary,tid_2172,1,0.927241296918107,0.9481289579735177
sw_constrained_ordinary,tid_2173,1,0.927241296918107,0.9481289579735177
sw_constrained_ordinary,tid_2174,1,0.927241296918107,0.9481289579735177
sw_constrained_ordinary,tid_2175,1,0.927241296918107,0.9481289579735177
sw_constrained_ordinary,tid_2176,1,0.927241296918107,0.9481289579735177
sw_constrained_ordinary,tid_2177,1,0.927241296918107,0.9481289579735177
sw_constrained_ordinary,tid_2178,1,0.927241296918107,0.9481289579735177
sw_constrained_ordinary,tid_2179,1,0.927241296918107,0.9481289579735177
sw_constrained_ordinary,tid_218,0,0.726159021338622,0.8463869463869463
sw_constrained_ordinary,tid_2180,1,0.927241296918107,0.9481289579735177
sw_constrained_ordinary,tid_2181,1,0.927241296918107,0.9481289579735177
sw_constrained_ordinary,tid_2182,1,0.927241296918107,0.9481289579735177
sw_constrained_ordinary,tid_2183,1,0.927241296918107,0.9481289579735177
sw_constrained_ordinary,tid_2184,1,0.927241296918107,0.9481289579735177
sw_constrained_ordinary,tid_2185,1,0.927241296918107,0.9481289579735177
sw_constrained_ordinary,tid_2186,1,0.927241296918107,0.9481289579735177
sw_constrained_ordinary,tid_2187,1,0.927241296918107,0.9481289579735177
sw_constrained_ordinary,tid_2188,1,0.7779276907643331,0.7976683937823833
sw_constrained_ordinary,tid_2189,1,0.927241296918107,0.9481289579735177
sw_constrained_ordinary,tid_219,1,0.927241296918107,0.9481289579735177
sw_constrained_ordinary,tid_2190,2,0.8698791879619047,0.9808580858085809
sw_constrained_ordinary,tid_2191,0,0.726159021338622,0.8463869463869463
sw_constrained_ordinary,tid_2192,0,0.726159021338622,0.8463869463869463
sw_constrained_ordinary,tid_2193,0,0.7132717372191969,0.8309246309246309
sw_constrained_ordinary,tid_2194,0,0.726159021338622,0.8463869463869463
sw_constrained_ordinary,tid_2195,1,0.927241296918107,0.9481289579735177
sw_constrained_ordinary,tid_2196,1,0.927241296918107,0.9481289579735177
sw_constrained_ordinary,tid_2197,1,0.927241296918107,0.9481289579735177
sw_constrained_ordinary,tid_2198,1,0.927241296918107,0.9481289579735177
sw_constrained_ordinary,tid_2199,1,0.6828926045008645,0.7020725388601033
sw_constrained_ordinary,tid_22,1,0.5846945464427376,0.6018134715025906
sw_constrained_ordinary,tid_220,1,0.927241296918107,0.9481289579735177
sw_constrained_ordinary,tid_2200,1,0.927241296918107,0.9481289579735177
sw_constrained_ordinary,tid_2201,1,0.7655017702860902,0.7855785837651121
sw_constrained_ordinary,tid_2202,0,0.726159021338622,0.8463869463869463
sw_constrained_ordinary,tid_2203,0,0.6411265028505765,0.7525252525252525
sw_constrained_ordinary,tid_2204,1,0.927241296918107,0.9481289579735177
sw_constrained_ordinary,tid_2205,1,0.9033997730067795,0.9246401842256766
sw_constrained_ordinary,tid_2206,1,0.927241296918107,0.9481289579735177
sw_constrained_ordinary,tid_2207,1,0.927241296918107,0.9481289579735177
sw_constrained_ordinary,tid_2208,1,0.900381248488666,0.9217328727691423
sw_constrained_ordinary,tid_221,1,0.927241296918107,0.9481289579735177
sw_constrained_ordinary,tid_2210,0,0.5860070586379138,0.689121989121989
sw_constrained_ordinary,tid_2211,1,0.927241296918107,0.9481289579735177
sw_constrained_ordinary,tid_2212,1,0.927241296918107,0.9481289579735177
sw_constrained_ordinary,tid_2213,1,0.927241296918107,0.9481289579735177
sw_constrained_ordinary,tid_2215,1,0.6828926045008645,0.7020725388601033
sw_constrained_ordinary,tid_2216,0,0.6393100046844296,0.7471639471639471
sw_constrained_ordinary,tid_2217,0,0.6885694142186194,0.803030303030303
sw_constrained_ordinary,tid_2218,1,0.6585875473232377,0.6771732872769142
sw_constrained_ordinary,tid_2219,0,0.6877931381013762,0.7996114996114996
sw_constrained_ordinary,tid_222,1,0.6247396246147235,0.6429188255613124
sw_constrained_ordinary,tid_2220,0,0.7069978649871357,0.8250971250971251
sw_constrained_ordinary,tid_2221,0,0.6769622199560063,0.7906759906759907
sw_constrained_ordinary,tid_2222,0,0.7136723079338385,0.8315462315462316
sw_constrained_ordinary,tid_2223,1,0.927241296918107,0.9481289579735177
sw_constrained_ordinary,tid_2224,0,0.7010762870221091,0.8163947163947163
sw_constrained_ordinary,tid_2225,1,0.927241296918107,0.9481289579735177
sw_constrained_ordinary,tid_2226,0,0.6393100046844296,0.7471639471639471
sw_constrained_ordinary,tid_2227,0,0.6881091086352191,0.8004662004662003
sw_constrained_ordinary,tid_2228,0,0.6992163484890163,0.8163170163170164
sw_constrained_ordinary,tid_2229,0,0.6864538485455678,0.8022533022533022
sw_constrained_ordinary,tid_223,1,0.927241296918107,0.9481289579735177
sw_constrained_ordinary,tid_2230,1,0.8726706279313157,0.893811168681635
sw_constrained_ordinary,tid_2231,1,0.3849961645688336,0.4013816925734025
sw_constrained_ordinary,tid_2232,1,0.5692020778419604,0.5875071963154865
sw_constrained_ordinary,tid_2233,1,0.927241296918107,0.9481289579735177
sw_constrained_ordinary,tid_2234,1,0.927241296918107,0.9481289579735177
sw_constrained_ordinary,tid_2235,0,0.726159021338622,0.8463869463869463
sw_constrained_ordinary,tid_2236,0,0.6877931381013762,0.7996114996114996
sw_constrained_ordinary,tid_2237,0,0.726159021338622,0.8463869463869463
sw_constrained_ordinary,tid_2238,0,0.726159021338622,0.8463869463869463
sw_constrained_ordinary,tid_224,0,0.726159021338622,0.8463869463869463
sw_constrained_ordinary,tid_2241,1,0.896615697945847,0.9168969487622338
sw_constrained_ordinary,tid_2242,0,0.5562935091327623,0.6542346542346541
sw_constrained_ordinary,tid_2243,0,0.7121036326084412,0.8317793317793318
sw_constrained_ordinary,tid_2244,3,0.7363014198781901,0.7672131147540984
sw_constrained_ordinary,tid_2245,0,0.6877931381013762,0.7996114996114996
sw_constrained_ordinary,tid_2248,1,0.783580619494192,0.8034542314335059
sw_constrained_ordinary,tid_2249,3,0.6581882206070352,0.7601092896174863
sw_constrained_ordinary,tid_225,1,0.5291867517762197,0.5440702360391481
sw_constrained_ordinary,tid_2250,3,0.7363014198781901,0.7672131147540984
sw_constrained_ordinary,tid_2251,0,0.6393100046844296,0.7471639471639471
sw_constrained_ordinary,tid_2252,0,0.6412309303406001,0.7413364413364412
sw_constrained_ordinary,tid_2253,1,0.927241296918107,0.9481289579735177
sw_constrained_ordinary,tid_2254,1,0.927241296918107,0.9481289579735177
sw_constrained_ordinary,tid_2255,1,0.927241296918107,0.9481289579735177
sw_constrained_ordinary,tid_2256,1,0.927241296918107,0.9481289579735177
sw_constrained_ordinary,tid_2257,1,0.927241296918107,0.9481289579735177
sw_constrained_ordinary,tid_2258,1,0.927241296918107,0.9481289579735177
sw_constrained_ordinary,tid_2259,1,0.927241296918107,0.9481289579735177
sw_constrained_ordinary,tid_226,1,0.7080902563390821,0.7249280368451352
sw_constrained_ordinary,tid_2260,1,0.927241296918107,0.9481289579735177
sw_constrained_ordinary,tid_2262,1,0.8969153607531694,0.9171848013816926
sw_constrained_ordinary,tid_2264,1,0.927241296918107,0.9481289579735177
sw_constrained_ordinary,tid_2265,1,0.927241296918107,0.9481289579735177
sw_constrained_ordinary,tid_2266,1,0.927241296918107,0.9481289579735177
sw_constrained_ordinary,tid_2267,1,0.927241296918107,0.9481289579735177
sw_constrained_ordinary,tid_2268,1,0.927241296918107,0.9481289579735177
sw_constrained_ordinary,tid_2269,1,0.927241296918107,0.9481289579735177
sw_constrained_ordinary,tid_227,1,0.927241296918107,0.9481289579735177
sw_constrained_ordinary,tid_2270,1,0.927241296918107,0.9481289579735177
sw_constrained_ordinary,tid_2271,1,0.927241296918107,0.9481289579735177
sw_constrained_ordinary,tid_2272,1,0.927241296918107,0.9481289579735177
sw_constrained_ordinary,tid_2274,1,0.927241296918107,0.9481289579735177
sw_constrained_ordinary,tid_2275,0,0.25952078495353853,0.32634032634032634
sw_constrained_ordinary,tid_2276,1,0.927241296918107,0.9481289579735177
sw_constrained_ordinary,tid_2278,1,0.927241296918107,0.9481289579735177
sw_constrained_ordinary,tid_2279,0,0.726159021338622,0.8463869463869463
sw_constrained_ordinary,tid_228,1,0.816250258702578,0.8368163500287854
sw_constrained_ordinary,tid_2280,0,0.5348531031784198,0.6185703185703185
sw_constrained_ordinary,tid_2281,0,0.6393100046844296,0.7471639471639471
sw_constrained_ordinary,tid_2282,0,0.6393100046844296,0.7471639471639471
sw_constrained_ordinary,tid_2286,0,0.726159021338622,0.8463869463869463
sw_constrained_ordinary,tid_2287,1,0.927241296918107,0.9481289579735177
sw_constrained_ordinary,tid_2288,1,0.37622529695300233,0.39130685089234324
sw_constrained_ordinary,tid_2289,0,0.5807348787381345,0.6790986790986789
sw_constrained_ordinary,tid_229,0,0.726159021338622,0.8463869463869463
sw_constrained_ordinary,tid_2292,1,0.8764028690760087,0.89706390328152
sw_constrained_ordinary,tid_2293,1,0.927241296918107,0.9481289579735177
sw_constrained_ordinary,tid_2294,1,0.927241296918107,0.9481289579735177
sw_constrained_ordinary,tid_2295,1,0.927241296918107,0.9481289579735177
sw_constrained_ordinary,tid_2296,1,0.927241296918107,0.9481289579735177
sw_constrained_ordinary,tid_2297,1,0.927241296918107,0.9481289579735177
sw_constrained_ordinary,tid_2298,1,0.927241296918107,0.9481289579735177
sw_constrained_ordinary,tid_2299,1,0.927241296918107,0.9481289579735177
sw_constrained_ordinary,tid_23,0,0.7132717372191969,0.8309246309246309
sw_constrained_ordinary,tid_230,1,0.7107942457979693,0.7300805987334482
sw_constrained_ordinary,tid_2300,1,0.927241296918107,0.9481289579735177
sw_constrained_ordinary,tid_2301,1,0.927241296918107,0.9481289579735177
sw_constrained_ordinary,tid_2302,1,0.927241296918107,0.9481289579735177
sw_constrained_ordinary,tid_2303,1,0.927241296918107,0.9481289579735177
sw_constrained_ordinary,tid_2304,1,0.927241296918107,0.9481289579735177
sw_constrained_ordinary,tid_2305,1,0.7394367090196016,0.7592112838226825
sw_constrained_ordinary,tid_2307,1,0.927241296918107,0.9481289579735177
sw_constrained_ordinary,tid_2308,1,0.927241296918107,0.9481289579735177
sw_constrained_ordinary,tid_2309,1,0.927241296918107,0.9481289579735177
sw_constrained_ordinary,tid_231,1,0.927241296918107,0.9481289579735177
sw_constrained_ordinary,tid_2310,1,0.927241296918107,0.9481289579735177
sw_constrained_ordinary,tid_2311,1,0.927241296918107,0.9481289579735177
sw_constrained_ordinary,tid_2312,0,0.6393100046844296,0.7471639471639471
sw_constrained_ordinary,tid_2314,1,0.8764028690760087,0.89706390328152
sw_constrained_ordinary,tid_2315,1,0.927241296918107,0.9481289579735177
sw_constrained_ordinary,tid_2316,1,0.927241296918107,0.9481289579735177
sw_constrained_ordinary,tid_2317,1,0.876284566142363,0.8968911917098445
sw_constrained_ordinary,tid_2318,0,0.6393100046844296,0.7471639471639471
sw_constrained_ordinary,tid_232,1,0.9033997730067795,0.9246401842256766
sw_constrained_ordinary,tid_2320,0,0.726159021338622,0.8463869463869463
sw_constrained_ordinary,tid_2321,1,0.927241296918107,0.9481289579735177
sw_constrained_ordinary,tid_2322,1,0.927241296918107,0.9481289579735177
sw_constrained_ordinary,tid_2323,1,0.927241296918107,0.9481289579735177
sw_constrained_ordinary,tid_2324,1,0.927241296918107,0.9481289579735177
sw_constrained_ordinary,tid_2325,1,0.927241296918107,0.9481289579735177
sw_constrained_ordinary,tid_2326,1,0.927241296918107,0.9481289579735177
sw_constrained_ordinary,tid_2327,1,0.927241296918107,0.9481289579735177
sw_constrained_ordinary,tid_2328,1,0.927241296918107,0.9481289579735177
sw_constrained_ordinary,tid_2329,1,0.927241296918107,0.9481289579735177
sw_constrained_ordinary,tid_233,1,0.927241296918107,0.9481289579735177
sw_constrained_ordinary,tid_2330,1,0.927241296918107,0.9481289579735177
sw_constrained_ordinary,tid_2332,1,0.927241296918107,0.9481289579735177
sw_constrained_ordinary,tid_2333,1,0.927241296918107,0.9481289579735177
sw_constrained_ordinary,tid_2334,1,0.927241296918107,0.9481289579735177
sw_constrained_ordinary,tid_2335,1,0.927241296918107,0.9481289579735177
sw_constrained_ordinary,tid_2336,1,0.927241296918107,0.9481289579735177
sw_constrained_ordinary,tid_2337,0,0.7069978649871357,0.8250971250971251
sw_constrained_ordinary,tid_2338,0,0.726159021338622,0.8463869463869463
sw_constrained_ordinary,tid_2339,3,0.6437806130727676,0.757103825136612
sw_constrained_ordinary,tid_234,1,0.8756891524494292,0.8967184801381693
sw_constrained_ordinary,tid_2340,1,0.6828926045008645,0.7020725388601033
sw_constrained_ordinary,tid_2341,3,0.6695009401045701,0.7595628415300547
sw_constrained_ordinary,tid_2342,3,0.7363014198781901,0.7672131147540984
sw_constrained_ordinary,tid_2343,3,0.6579687473428691,0.7601092896174863
sw_constrained_ordinary,tid_2344,2,0.8698791879619047,0.9808580858085809
sw_constrained_ordinary,tid_2345,3,0.7363014198781901,0.7672131147540984
sw_constrained_ordinary,tid_2348,3,0.6973358788189955,0.7398907103825137
sw_constrained_ordinary,tid_2349,3,0.7363014198781901,0.7672131147540984
sw_constrained_ordinary,tid_235,1,0.8765897334948768,0.8975244674726542
sw_constrained_ordinary,tid_2351,2,0.8698791879619047,0.9808580858085809
sw_constrained_ordinary,tid_2352,2,0.8698791879619047,0.9808580858085809
sw_constrained_ordinary,tid_2353,2,0.8698791879619047,0.9808580858085809
sw_constrained_ordinary,tid_2354,2,0.8698791879619047,0.9808580858085809
sw_constrained_ordinary,tid_2355,2,0.8698791879619047,0.9808580858085809
sw_constrained_ordinary,tid_2356,2,0.8698791879619047,0.9808580858085809
sw_constrained_ordinary,tid_2357,2,0.8698791879619047,0.9808580858085809
sw_constrained_ordinary,tid_2358,2,0.8698791879619047,0.9808580858085809
sw_constrained_ordinary,tid_2359,2,0.8698791879619047,0.9808580858085809
sw_constrained_ordinary,tid_236,1,0.9033997730067795,0.9246401842256766
sw_constrained_ordinary,tid_2360,2,0.8698791879619047,0.9808580858085809
sw_constrained_ordinary,tid_2361,2,0.8698791879619047,0.9808580858085809
sw_constrained_ordinary,tid_2362,2,0.8698791879619047,0.9808580858085809
sw_constrained_ordinary,tid_2363,2,0.8698791879619047,0.9808580858085809
sw_constrained_ordinary,tid_2364,2,0.8698791879619047,0.9808580858085809
sw_constrained_ordinary,tid_2365,2,0.8698791879619047,0.9808580858085809
sw_constrained_ordinary,tid_2366,2,0.8698791879619047,0.9808580858085809
sw_constrained_ordinary,tid_2367,2,0.8698791879619047,0.9808580858085809
sw_constrained_ordinary,tid_2368,2,0.8698791879619047,0.9808580858085809
sw_constrained_ordinary,tid_2369,2,0.8698791879619047,0.9808580858085809
sw_constrained_ordinary,tid_237,1,0.1624393727035188,0.1763672999424295
sw_constrained_ordinary,tid_2370,2,0.8698791879619047,0.9808580858085809
sw_constrained_ordinary,tid_2371,2,0.8698791879619047,0.9808580858085809
sw_constrained_ordinary,tid_2372,2,0.8698791879619047,0.9808580858085809
sw_constrained_ordinary,tid_2373,2,0.8698791879619047,0.9808580858085809
sw_constrained_ordinary,tid_2374,2,0.8698791879619047,0.9808580858085809
sw_constrained_ordinary,tid_2375,2,0.8698791879619047,0.9808580858085809
sw_constrained_ordinary,tid_2376,2,0.8698791879619047,0.9808580858085809
sw_constrained_ordinary,tid_2377,2,0.8698791879619047,0.9808580858085809
sw_constrained_ordinary,tid_2378,2,0.8698791879619047,0.9808580858085809
sw_constrained_ordinary,tid_2379,2,0.8698791879619047,0.9808580858085809
sw_constrained_ordinary,tid_238,1,0.8765897334948768,0.8975244674726542
sw_constrained_ordinary,tid_2380,2,0.8698791879619047,0.9808580858085809
sw_constrained_ordinary,tid_2381,2,0.8698791879619047,0.9808580858085809
sw_constrained_ordinary,tid_2382,2,0.8698791879619047,0.9808580858085809
sw_constrained_ordinary,tid_2383,2,0.8698791879619047,0.9808580858085809
sw_constrained_ordinary,tid_2384,2,0.8698791879619047,0.9808580858085809
sw_constrained_ordinary,tid_2385,2,0.8698791879619047,0.9808580858085809
sw_constrained_ordinary,tid_2386,2,0.8698791879619047,0.9808580858085809
sw_constrained_ordinary,tid_2387,2,0.8698791879619047,0.9808580858085809
sw_constrained_ordinary,tid_2388,2,0.8698791879619047,0.9808580858085809
sw_constrained_ordinary,tid_2389,2,0.8698791879619047,0.9808580858085809
sw_constrained_ordinary,tid_239,1,0.927241296918107,0.9481289579735177
sw_constrained_ordinary,tid_2390,2,0.8698791879619047,0.9808580858085809
sw_constrained_ordinary,tid_2391,2,0.8398411375378312,0.9520352035203522
sw_constrained_ordinary,tid_2392,0,0.45116583288082696,0.5438228438228437
sw_constrained_ordinary,tid_2393,0,0.5044687789273428,0.6018648018648017
sw_constrained_ordinary,tid_2395,0,0.6393100046844296,0.7471639471639471
sw_constrained_ordinary,tid_2398,2,0.8698791879619047,0.9808580858085809
sw_constrained_ordinary,tid_2399,2,0.8698791879619047,0.9808580858085809
sw_constrained_ordinary,tid_240,1,0.9033997730067795,0.9246401842256766
sw_constrained_ordinary,tid_2400,2,0.8698791879619047,0.9808580858085809
sw_constrained_ordinary,tid_2401,2,0.8698791879619047,0.9808580858085809
sw_constrained_ordinary,tid_2402,2,0.8698791879619047,0.9808580858085809
sw_constrained_ordinary,tid_2403,0,0.3926705877972266,0.48057498057498066
sw_constrained_ordinary,tid_2404,2,0.8698791879619047,0.9808580858085809
sw_constrained_ordinary,tid_2405,2,0.8698791879619047,0.9808580858085809
sw_constrained_ordinary,tid_2406,2,0.8698791879619047,0.9808580858085809
sw_constrained_ordinary,tid_2407,2,0.8698791879619047,0.9808580858085809
sw_constrained_ordinary,tid_2408,2,0.8698791879619047,0.9808580858085809
sw_constrained_ordinary,tid_2409,2,0.8698791879619047,0.9808580858085809
sw_constrained_ordinary,tid_241,1,0.927241296918107,0.9481289579735177
sw_constrained_ordinary,tid_2410,0,0.47540486920850994,0.5704739704739704
sw_constrained_ordinary,tid_2411,2,0.8698791879619047,0.9808580858085809
sw_constrained_ordinary,tid_2412,2,0.8698791879619047,0.9808580858085809
sw_constrained_ordinary,tid_2416,2,0.8698791879619047,0.9808580858085809
sw_constrained_ordinary,tid_242,1,0.8765897334948768,0.8975244674726542
sw_constrained_ordinary,tid_2422,2,0.5305329844412372,0.6470847084708471
sw_constrained_ordinary,tid_2423,2,0.8698791879619047,0.9808580858085809
sw_constrained_ordinary,tid_2424,2,0.8698791879619047,0.9808580858085809
sw_constrained_ordinary,tid_2425,2,0.8698791879619047,0.9808580858085809
sw_constrained_ordinary,tid_2426,2,0.8698791879619047,0.9808580858085809
sw_constrained_ordinary,tid_2427,2,0.8698791879619047,0.9808580858085809
sw_constrained_ordinary,tid_2428,2,0.8698791879619047,0.9808580858085809
sw_constrained_ordinary,tid_2429,2,0.8698791879619047,0.9808580858085809
sw_constrained_ordinary,tid_243,1,0.7379818679663094,0.7577720207253885
sw_constrained_ordinary,tid_2430,2,0.8698791879619047,0.9808580858085809
sw_constrained_ordinary,tid_2431,2,0.8698791879619047,0.9808580858085809
sw_constrained_ordinary,tid_2432,2,0.8698791879619047,0.9808580858085809
sw_constrained_ordinary,tid_2433,2,0.8698791879619047,0.9808580858085809
sw_constrained_ordinary,tid_2434,2,0.8698791879619047,0.9808580858085809
sw_constrained_ordinary,tid_2435,2,0.8698791879619047,0.9808580858085809
sw_constrained_ordinary,tid_2436,2,0.8698791879619047,0.9808580858085809
sw_constrained_ordinary,tid_2437,2,0.8698791879619047,0.9808580858085809
sw_constrained_ordinary,tid_2439,2,0.8698791879619047,0.9808580858085809
sw_constrained_ordinary,tid_2440,2,0.8698791879619047,0.9808580858085809
sw_constrained_ordinary,tid_2441,2,0.8698791879619047,0.9808580858085809
sw_constrained_ordinary,tid_2442,2,0.8698791879619047,0.9808580858085809
sw_constrained_ordinary,tid_2443,2,0.8698791879619047,0.9808580858085809
sw_constrained_ordinary,tid_2444,2,0.8698791879619047,0.9808580858085809
sw_constrained_ordinary,tid_2445,2,0.8698791879619047,0.9808580858085809
sw_constrained_ordinary,tid_2446,2,0.8698791879619047,0.9808580858085809
sw_constrained_ordinary,tid_2447,2,0.8698791879619047,0.9808580858085809
sw_constrained_ordinary,tid_2449,2,0.8698791879619047,0.9808580858085809
sw_constrained_ordinary,tid_2450,2,0.8698791879619047,0.9808580858085809
sw_constrained_ordinary,tid_2451,2,0.8698791879619047,0.9808580858085809
sw_constrained_ordinary,tid_2452,2,0.8698791879619047,0.9808580858085809
sw_constrained_ordinary,tid_2453,2,0.8698791879619047,0.9808580858085809
sw_constrained_ordinary,tid_2454,2,0.8698791879619047,0.9808580858085809
sw_constrained_ordinary,tid_2455,2,0.8698791879619047,0.9808580858085809
sw_constrained_ordinary,tid_2456,2,0.8698791879619047,0.9808580858085809
sw_constrained_ordinary,tid_2457,2,0.8698791879619047,0.9808580858085809
sw_constrained_ordinary,tid_2458,2,0.8698791879619047,0.9808580858085809
sw_constrained_ordinary,tid_2459,2,0.8698791879619047,0.9808580858085809
sw_constrained_ordinary,tid_2460,2,0.8698791879619047,0.9808580858085809
sw_constrained_ordinary,tid_2461,2,0.8698791879619047,0.9808580858085809
sw_constrained_ordinary,tid_2462,2,0.8698791879619047,0.9808580858085809
sw_constrained_ordinary,tid_2463,2,0.8698791879619047,0.9808580858085809
sw_constrained_ordinary,tid_2464,2,0.8698791879619047,0.9808580858085809
sw_constrained_ordinary,tid_2465,0,0.39274422584805246,0.48080808080808085
sw_constrained_ordinary,tid_2466,2,0.8698791879619047,0.9808580858085809
sw_constrained_ordinary,tid_2467,2,0.8698791879619047,0.9808580858085809
sw_constrained_ordinary,tid_2468,2,0.8698791879619047,0.9808580858085809
sw_constrained_ordinary,tid_2469,2,0.8698791879619047,0.9808580858085809
sw_constrained_ordinary,tid_2470,2,0.8698791879619047,0.9808580858085809
sw_constrained_ordinary,tid_2471,2,0.8698791879619047,0.9808580858085809
sw_constrained_ordinary,tid_2472,2,0.8698791879619047,0.9808580858085809
sw_constrained_ordinary,tid_2473,2,0.8698791879619047,0.9808580858085809
sw_constrained_ordinary,tid_2474,2,0.8698791879619047,0.9808580858085809
sw_constrained_ordinary,tid_2475,2,0.8698791879619047,0.9808580858085809
sw_constrained_ordinary,tid_2476,2,0.8698791879619047,0.9808580858085809
sw_constrained_ordinary,tid_2477,2,0.8698791879619047,0.9808580858085809
sw_constrained_ordinary,tid_2478,2,0.562651914761131,0.6796479647964796
sw_constrained_ordinary,tid_2479,2,0.8698791879619047,0.9808580858085809
sw_constrained_ordinary,tid_2480,2,0.8698791879619047,0.9808580858085809
sw_constrained_ordinary,tid_2481,2,0.8698791879619047,0.9808580858085809
sw_constrained_ordinary,tid_2482,2,0.8698791879619047,0.9808580858085809
sw_constrained_ordinary,tid_2483,2,0.8698791879619047,0.9808580858085809
sw_constrained_ordinary,tid_2484,2,0.8698791879619047,0.9808580858085809
sw_constrained_ordinary,tid_2485,2,0.8698791879619047,0.9808580858085809
sw_constrained_ordinary,tid_2486,2,0.8698791879619047,0.9808580858085809
sw_constrained_ordinary,tid_2487,2,0.8698791879619047,0.9808580858085809
sw_constrained_ordinary,tid_2488,2,0.8698791879619047,0.9808580858085809
sw_constrained_ordinary,tid_2489,2,0.8698791879619047,0.9808580858085809
sw_constrained_ordinary,tid_2490,2,0.8698791879619047,0.9808580858085809
sw_constrained_ordinary,tid_2491,2,0.8698791879619047,0.9808580858085809
sw_constrained_ordinary,tid_2492,2,0.8698791879619047,0.9808580858085809
sw_constrained_ordinary,tid_2493,2,0.8698791879619047,0.9808580858085809
sw_constrained_ordinary,tid_2494,2,0.8698791879619047,0.9808580858085809
sw_constrained_ordinary,tid_2495,2,0.8698791879619047,0.9808580858085809
sw_constrained_ordinary,tid_2496,2,0.8698791879619047,0.9808580858085809
sw_constrained_ordinary,tid_2497,2,0.8698791879619047,0.9808580858085809
sw_constrained_ordinary,tid_2498,2,0.8698791879619047,0.9808580858085809
sw_constrained_ordinary,tid_2499,2,0.8698791879619047,0.9808580858085809
sw_constrained_ordinary,tid_25,0,0.6393100046844296,0.7471639471639471
sw_constrained_ordinary,tid_2500,2,0.8698791879619047,0.9808580858085809
sw_constrained_ordinary,tid_2501,2,0.8698791879619047,0.9808580858085809
sw_constrained_ordinary,tid_2502,2,0.8698791879619047,0.9808580858085809
sw_constrained_ordinary,tid_2503,2,0.8698791879619047,0.9808580858085809
sw_constrained_ordinary,tid_2504,2,0.8698791879619047,0.9808580858085809
sw_constrained_ordinary,tid_2505,2,0.8698791879619047,0.9808580858085809
sw_constrained_ordinary,tid_2506,2,0.8698791879619047,0.9808580858085809
sw_constrained_ordinary,tid_2507,2,0.8698791879619047,0.9808580858085809
sw_constrained_ordinary,tid_2508,2,0.8698791879619047,0.9808580858085809
sw_constrained_ordinary,tid_2509,2,0.8698791879619047,0.9808580858085809
sw_constrained_ordinary,tid_2510,2,0.8698791879619047,0.9808580858085809
sw_constrained_ordinary,tid_2511,2,0.8398411375378312,0.9520352035203522
sw_constrained_ordinary,tid_2512,2,0.8698791879619047,0.9808580858085809
sw_constrained_ordinary,tid_2513,2,0.8698791879619047,0.9808580858085809
sw_constrained_ordinary,tid_2514,2,0.8698791879619047,0.9808580858085809
sw_constrained_ordinary,tid_2515,2,0.8698791879619047,0.9808580858085809
sw_constrained_ordinary,tid_2516,2,0.8698791879619047,0.9808580858085809
sw_constrained_ordinary,tid_2517,2,0.8698791879619047,0.9808580858085809
sw_constrained_ordinary,tid_2518,2,0.8698791879619047,0.9808580858085809
sw_constrained_ordinary,tid_2519,2,0.8698791879619047,0.9808580858085809
sw_constrained_ordinary,tid_2520,2,0.8698791879619047,0.9808580858085809
sw_constrained_ordinary,tid_2521,2,0.8698791879619047,0.9808580858085809
sw_constrained_ordinary,tid_2522,2,0.8698791879619047,0.9808580858085809
sw_constrained_ordinary,tid_2523,2,0.8698791879619047,0.9808580858085809
sw_constrained_ordinary,tid_2524,2,0.8698791879619047,0.9808580858085809
sw_constrained_ordinary,tid_2525,2,0.8698791879619047,0.9808580858085809
sw_constrained_ordinary,tid_2526,2,0.8698791879619047,0.9808580858085809
sw_constrained_ordinary,tid_2527,2,0.8698791879619047,0.9808580858085809
sw_constrained_ordinary,tid_2528,2,0.8698791879619047,0.9808580858085809
sw_constrained_ordinary,tid_2529,2,0.8698791879619047,0.9808580858085809
sw_constrained_ordinary,tid_2530,2,0.8698791879619047,0.9808580858085809
sw_constrained_ordinary,tid_2531,2,0.8698791879619047,0.9808580858085809
sw_constrained_ordinary,tid_2532,2,0.8698791879619047,0.9808580858085809
sw_constrained_ordinary,tid_2533,2,0.8698791879619047,0.9808580858085809
sw_constrained_ordinary,tid_2534,2,0.8698791879619047,0.9808580858085809
sw_constrained_ordinary,tid_2535,2,0.8698791879619047,0.9808580858085809
sw_constrained_ordinary,tid_2536,2,0.8698791879619047,0.9808580858085809
sw_constrained_ordinary,tid_2537,2,0.8698791879619047,0.9808580858085809
sw_constrained_ordinary,tid_2538,2,0.8698791879619047,0.9808580858085809
sw_constrained_ordinary,tid_2539,2,0.8698791879619047,0.9808580858085809
sw_constrained_ordinary,tid_2540,2,0.8698791879619047,0.9808580858085809
sw_constrained_ordinary,tid_2541,2,0.8698791879619047,0.9808580858085809
sw_constrained_ordinary,tid_2542,2,0.8698791879619047,0.9808580858085809
sw_constrained_ordinary,tid_2543,2,0.8698791879619047,0.9808580858085809
sw_constrained_ordinary,tid_2544,2,0.8698791879619047,0.9808580858085809
sw_constrained_ordinary,tid_2545,2,0.8698791879619047,0.9808580858085809
sw_constrained_ordinary,tid_2546,2,0.8698791879619047,0.9808580858085809
sw_constrained_ordinary,tid_2547,0,0.6393100046844296,0.7471639471639471
sw_constrained_ordinary,tid_2548,2,0.8698791879619047,0.9808580858085809
sw_constrained_ordinary,tid_2549,2,0.8698791879619047,0.9808580858085809
sw_constrained_ordinary,tid_2550,2,0.8698791879619047,0.9808580858085809
sw_constrained_ordinary,tid_2551,2,0.8698791879619047,0.9808580858085809
sw_constrained_ordinary,tid_2552,2,0.8698791879619047,0.9808580858085809
sw_constrained_ordinary,tid_2553,2,0.8698791879619047,0.9808580858085809
sw_constrained_ordinary,tid_2554,2,0.4988211055695462,0.6149614961496149
sw_constrained_ordinary,tid_2555,2,0.8698791879619047,0.9808580858085809
sw_constrained_ordinary,tid_2556,2,0.8698791879619047,0.9808580858085809
sw_constrained_ordinary,tid_2557,2,0.8698791879619047,0.9808580858085809
sw_constrained_ordinary,tid_2558,2,0.8698791879619047,0.9808580858085809
sw_constrained_ordinary,tid_2559,2,0.8698791879619047,0.9808580858085809
sw_constrained_ordinary,tid_2560,2,0.8698791879619047,0.9808580858085809
sw_constrained_ordinary,tid_2561,2,0.8698791879619047,0.9808580858085809
sw_constrained_ordinary,tid_2562,2,0.8698791879619047,0.9808580858085809
sw_constrained_ordinary,tid_2563,2,0.8698791879619047,0.9808580858085809
sw_constrained_ordinary,tid_2564,2,0.8698791879619047,0.9808580858085809
sw_constrained_ordinary,tid_2565,2,0.8698791879619047,0.9808580858085809
sw_constrained_ordinary,tid_2566,2,0.8698791879619047,0.9808580858085809
sw_constrained_ordinary,tid_2567,2,0.8698791879619047,0.9808580858085809
sw_constrained_ordinary,tid_2568,2,0.8698791879619047,0.9808580858085809
sw_constrained_ordinary,tid_2569,2,0.8698791879619047,0.9808580858085809
sw_constrained_ordinary,tid_2570,2,0.8698791879619047,0.9808580858085809
sw_constrained_ordinary,tid_2571,0,0.6393100046844296,0.7471639471639471
sw_constrained_ordinary,tid_2572,2,0.8698791879619047,0.9808580858085809
sw_constrained_ordinary,tid_2573,2,0.8698791879619047,0.9808580858085809
sw_constrained_ordinary,tid_2574,2,0.8698791879619047,0.9808580858085809
sw_constrained_ordinary,tid_2575,2,0.8698791879619047,0.9808580858085809
sw_constrained_ordinary,tid_2576,2,0.8698791879619047,0.9808580858085809
sw_constrained_ordinary,tid_2577,2,0.8698791879619047,0.9808580858085809
sw_constrained_ordinary,tid_2578,2,0.8698791879619047,0.9808580858085809
sw_constrained_ordinary,tid_2579,2,0.8698791879619047,0.9808580858085809
sw_constrained_ordinary,tid_2580,2,0.8698791879619047,0.9808580858085809
sw_constrained_ordinary,tid_2581,2,0.8698791879619047,0.9808580858085809
sw_constrained_ordinary,tid_2582,2,0.8698791879619047,0.9808580858085809
sw_constrained_ordinary,tid_2583,2,0.8698791879619047,0.9808580858085809
sw_constrained_ordinary,tid_2584,2,0.8698791879619047,0.9808580858085809
sw_constrained_ordinary,tid_2585,2,0.8698791879619047,0.9808580858085809
sw_constrained_ordinary,tid_2586,2,0.8698791879619047,0.9808580858085809
sw_constrained_ordinary,tid_2587,2,0.8698791879619047,0.9808580858085809
sw_constrained_ordinary,tid_2588,0,0.47805473328242876,0.573038073038073
sw_constrained_ordinary,tid_2589,2,0.8698791879619047,0.9808580858085809
sw_constrained_ordinary,tid_2590,2,0.8698791879619047,0.9808580858085809
sw_constrained_ordinary,tid_2591,0,0.5811626317982924,0.6874902874902873
sw_constrained_ordinary,tid_2592,2,0.8698791879619047,0.9808580858085809
sw_constrained_ordinary,tid_2593,1,0.927241296918107,0.9481289579735177
sw_constrained_ordinary,tid_2595,1,0.83638617976875,0.854951065054692
sw_constrained_ordinary,tid_2596,0,0.6393100046844296,0.7471639471639471
sw_constrained_ordinary,tid_2597,0,0.5331587936629626,0.6307692307692306
sw_constrained_ordinary,tid_2598,1,0.8380781041130249,0.8584916522740358
sw_constrained_ordinary,tid_2599,2,0.8698791879619047,0.9808580858085809
sw_constrained_ordinary,tid_26,0,0.7016645429565838,0.8185703185703185
sw_constrained_ordinary,tid_2600,2,0.8698791879619047,0.9808580858085809
sw_constrained_ordinary,tid_2601,0,0.6139195706638586,0.7184926184926184
sw_constrained_ordinary,tid_2602,2,0.8698791879619047,0.9808580858085809
sw_constrained_ordinary,tid_2604,2,0.8698791879619047,0.9808580858085809
sw_constrained_ordinary,tid_2605,2,0.8698791879619047,0.9808580858085809
sw_constrained_ordinary,tid_2606,2,0.8698791879619047,0.9808580858085809
sw_constrained_ordinary,tid_2607,0,0.6400974814930197,0.7420357420357421
sw_constrained_ordinary,tid_2618,1,0.927241296918107,0.9481289579735177
sw_constrained_ordinary,tid_2619,1,0.8984280021435158,0.9194588370754174
sw_constrained_ordinary,tid_2620,0,0.726159021338622,0.8463869463869463
sw_constrained_ordinary,tid_2621,0,0.726159021338622,0.8463869463869463
sw_constrained_ordinary,tid_2644,0,0.5317176961083246,0.6317793317793317
sw_constrained_ordinary,tid_2646,2,0.8698791879619047,0.9808580858085809
sw_constrained_ordinary,tid_2647,0,0.6200401092919224,0.7188034188034187
sw_constrained_ordinary,tid_2648,0,0.6393100046844296,0.7471639471639471
sw_constrained_ordinary,tid_2649,0,0.39494415448933734,0.4825951825951826
sw_constrained_ordinary,tid_2651,2,0.8698791879619047,0.9808580858085809
sw_constrained_ordinary,tid_2652,0,0.6393100046844296,0.7471639471639471
sw_constrained_ordinary,tid_269,0,0.6393100046844296,0.7471639471639471
sw_constrained_ordinary,tid_27,0,0.6393100046844296,0.7471639471639471
sw_constrained_ordinary,tid_270,1,0.927241296918107,0.9481289579735177
sw_constrained_ordinary,tid_271,1,0.927241296918107,0.9481289579735177
sw_constrained_ordinary,tid_2710,1,0.7775552178922399,0.7975244674726539
sw_constrained_ordinary,tid_272,1,0.558915136976927,0.5763960852043754
sw_constrained_ordinary,tid_273,0,0.4504900136026981,0.5410256410256409
sw_constrained_ordinary,tid_274,1,0.927241296918107,0.9481289579735177
sw_constrained_ordinary,tid_275,1,0.927241296918107,0.9481289579735177
sw_constrained_ordinary,tid_276,3,0.3371903426932266,0.4530054644808744
sw_constrained_ordinary,tid_277,1,0.7947670021423392,0.8142774899251582
sw_constrained_ordinary,tid_278,0,0.6651708884730437,0.7765345765345764
sw_constrained_ordinary,tid_279,1,0.7117260884622515,0.7312895797351755
sw_constrained_ordinary,tid_28,0,0.7094460594547033,0.8273504273504273
sw_constrained_ordinary,tid_280,1,0.927241296918107,0.9481289579735177
sw_constrained_ordinary,tid_2808,0,0.6393100046844296,0.7471639471639471
sw_constrained_ordinary,tid_2809,0,0.726159021338622,0.8463869463869463
sw_constrained_ordinary,tid_281,1,0.8218822090067557,0.8420264824409903
sw_constrained_ordinary,tid_2813,1,0.8984280021435158,0.9194588370754174
sw_constrained_ordinary,tid_2814,2,0.8698791879619047,0.9808580858085809
sw_constrained_ordinary,tid_282,1,0.8764028690760087,0.89706390328152
sw_constrained_ordinary,tid_283,1,0.589762694320251,0.6071675302245249
sw_constrained_ordinary,tid_284,1,0.7388412953266678,0.7590385722510073
sw_constrained_ordinary,tid_285,1,0.927241296918107,0.9481289579735177
sw_constrained_ordinary,tid_287,1,0.927241296918107,0.9481289579735177
sw_constrained_ordinary,tid_2872,3,0.44375617748378005,0.5713114754098362
sw_constrained_ordinary,tid_2876,2,0.8698791879619047,0.9808580858085809
sw_constrained_ordinary,tid_2879,0,0.687705894010703,0.8026418026418025
sw_constrained_ordinary,tid_288,1,0.927241296918107,0.9481289579735177
sw_constrained_ordinary,tid_2880,1,0.28205929151254,0.29620034542314333
sw_constrained_ordinary,tid_2881,2,0.8698791879619047,0.9808580858085809
sw_constrained_ordinary,tid_2882,0,0.624903301959994,0.7203574203574202
sw_constrained_ordinary,tid_2883,1,0.927241296918107,0.9481289579735177
sw_constrained_ordinary,tid_2884,1,0.43788282414610696,0.453972366148532
sw_constrained_ordinary,tid_2885,0,0.726159021338622,0.8463869463869463
sw_constrained_ordinary,tid_2886,1,0.927241296918107,0.9481289579735177
sw_constrained_ordinary,tid_2887,2,0.809857695272036,0.9229922992299232
sw_constrained_ordinary,tid_289,1,0.927241296918107,0.9481289579735177
sw_constrained_ordinary,tid_29,0,0.6393100046844296,0.7471639471639471
sw_constrained_ordinary,tid_290,1,0.927241296918107,0.9481289579735177
sw_constrained_ordinary,tid_292,1,0.927241296918107,0.9481289579735177
sw_constrained_ordinary,tid_293,1,0.927241296918107,0.9481289579735177
sw_constrained_ordinary,tid_294,1,0.927241296918107,0.9481289579735177
sw_constrained_ordinary,tid_295,1,0.927241296918107,0.9481289579735177
sw_constrained_ordinary,tid_296,1,0.927241296918107,0.9481289579735177
sw_constrained_ordinary,tid_297,1,0.927241296918107,0.9481289579735177
sw_constrained_ordinary,tid_298,1,0.927241296918107,0.9481289579735177
sw_constrained_ordinary,tid_3,1,0.927241296918107,0.9481289579735177
sw_constrained_ordinary,tid_30,0,0.726159021338622,0.8463869463869463
sw_constrained_ordinary,tid_300,1,0.927241296918107,0.9481289579735177
sw_constrained_ordinary,tid_3005,0,0.6089985753241103,0.7003108003108003
sw_constrained_ordinary,tid_3007,1,0.8689031877670842,0.8898675877950489
sw_constrained_ordinary,tid_3009,0,0.6393100046844296,0.7471639471639471
sw_constrained_ordinary,tid_301,0,0.6412309303406001,0.7413364413364412
sw_constrained_ordinary,tid_3011,0,0.726159021338622,0.8463869463869463
sw_constrained_ordinary,tid_3012,1,0.927241296918107,0.9481289579735177
sw_constrained_ordinary,tid_3013,0,0.6393100046844296,0.7471639471639471
sw_constrained_ordinary,tid_302,1,0.927241296918107,0.9481289579735177
sw_constrained_ordinary,tid_303,1,0.927241296918107,0.9481289579735177
sw_constrained_ordinary,tid_304,1,0.927241296918107,0.9481289579735177
sw_constrained_ordinary,tid_305,1,0.927241296918107,0.9481289579735177
sw_constrained_ordinary,tid_306,1,0.927241296918107,0.9481289579735177
sw_constrained_ordinary,tid_307,1,0.927241296918107,0.9481289579735177
sw_constrained_ordinary,tid_308,1,0.927241296918107,0.9481289579735177
sw_constrained_ordinary,tid_309,3,0.5331720380678924,0.6688524590163937
sw_constrained_ordinary,tid_31,0,0.726159021338622,0.8463869463869463
sw_constrained_ordinary,tid_312,0,0.726159021338622,0.8463869463869463
sw_constrained_ordinary,tid_314,3,0.7363014198781901,0.7672131147540984
sw_constrained_ordinary,tid_316,3,0.7363014198781901,0.7672131147540984
sw_constrained_ordinary,tid_317,3,0.7363014198781901,0.7672131147540984
sw_constrained_ordinary,tid_318,3,0.7363014198781901,0.7672131147540984
sw_constrained_ordinary,tid_319,3,0.7363014198781901,0.7672131147540984
sw_constrained_ordinary,tid_32,1,0.7668653608452343,0.7862694300518134
sw_constrained_ordinary,tid_320,3,0.7363014198781901,0.7672131147540984
sw_constrained_ordinary,tid_321,3,0.3152693804144741,0.4540983606557378
sw_constrained_ordinary,tid_323,3,0.7363014198781901,0.7672131147540984
sw_constrained_ordinary,tid_324,3,0.6699072736894149,0.737431693989071
sw_constrained_ordinary,tid_325,3,0.12546415490201177,0.2538251366120218
sw_constrained_ordinary,tid_326,3,0.4426380922112563,0.5672131147540984
sw_constrained_ordinary,tid_327,1,0.5522203935455103,0.5705238917674151
sw_constrained_ordinary,tid_329,0,0.5320054542035343,0.6286713286713285
sw_constrained_ordinary,tid_33,0,0.6732820640301943,0.7862470862470862
sw_constrained_ordinary,tid_330,3,0.6172697562170256,0.7284153005464481
sw_constrained_ordinary,tid_331,3,0.7363014198781901,0.7672131147540984
sw_constrained_ordinary,tid_332,3,0.7363014198781901,0.7672131147540984
sw_constrained_ordinary,tid_333,1,0.3311285102474696,0.34738054116292455
sw_constrained_ordinary,tid_334,3,0.7363014198781901,0.7672131147540984
sw_constrained_ordinary,tid_335,3,0.7363014198781901,0.7672131147540984
sw_constrained_ordinary,tid_336,3,0.7363014198781901,0.7672131147540984
sw_constrained_ordinary,tid_337,3,0.7236183834246618,0.7663934426229508
sw_constrained_ordinary,tid_338,3,0.7363014198781901,0.7672131147540984
sw_constrained_ordinary,tid_339,3,0.7363014198781901,0.7672131147540984
sw_constrained_ordinary,tid_34,0,0.726159021338622,0.8463869463869463
sw_constrained_ordinary,tid_340,3,0.7363014198781901,0.7672131147540984
sw_constrained_ordinary,tid_341,3,0.7363014198781901,0.7672131147540984
sw_constrained_ordinary,tid_342,3,0.31701749506888094,0.4551912568306012
sw_constrained_ordinary,tid_343,3,0.7363014198781901,0.7672131147540984
sw_constrained_ordinary,tid_345,2,0.8698791879619047,0.9808580858085809
sw_constrained_ordinary,tid_346,2,0.8698791879619047,0.9808580858085809
sw_constrained_ordinary,tid_347,2,0.8698791879619047,0.9808580858085809
sw_constrained_ordinary,tid_348,2,0.8698791879619047,0.9808580858085809
sw_constrained_ordinary,tid_349,2,0.8698791879619047,0.9808580858085809
sw_constrained_ordinary,tid_35,0,0.726159021338622,0.8463869463869463
sw_constrained_ordinary,tid_351,2,0.8698791879619047,0.9808580858085809
sw_constrained_ordinary,tid_352,2,0.8698791879619047,0.9808580858085809
sw_constrained_ordinary,tid_354,2,0.8698791879619047,0.9808580858085809
sw_constrained_ordinary,tid_355,2,0.5923016901900342,0.7051705170517052
sw_constrained_ordinary,tid_356,0,0.6989405619503513,0.817094017094017
sw_constrained_ordinary,tid_357,0,0.726159021338622,0.8463869463869463
sw_constrained_ordinary,tid_358,1,0.822732781134665,0.8435521013241221
sw_constrained_ordinary,tid_359,0,0.6424947057278357,0.7565656565656566
sw_constrained_ordinary,tid_36,1,0.44078276781347336,0.4572251007484169
sw_constrained_ordinary,tid_360,1,0.927241296918107,0.9481289579735177
sw_constrained_ordinary,tid_361,0,0.6424622600802008,0.7538461538461537
sw_constrained_ordinary,tid_362,0,0.6393100046844296,0.7471639471639471
sw_constrained_ordinary,tid_363,0,0.726159021338622,0.8463869463869463
sw_constrained_ordinary,tid_364,0,0.726159021338622,0.8463869463869463
sw_constrained_ordinary,tid_365,1,0.6828926045008645,0.7020725388601033
sw_constrained_ordinary,tid_366,0,0.6156685459722187,0.7278166278166277
sw_constrained_ordinary,tid_367,0,0.726159021338622,0.8463869463869463
sw_constrained_ordinary,tid_368,0,0.726159021338622,0.8463869463869463
sw_constrained_ordinary,tid_369,0,0.726159021338622,0.8463869463869463
sw_constrained_ordinary,tid_37,0,0.726159021338622,0.8463869463869463
sw_constrained_ordinary,tid_370,0,0.6848659191787154,0.8006216006216006
sw_constrained_ordinary,tid_371,0,0.7069978649871357,0.8250971250971251
sw_constrained_ordinary,tid_372,0,0.6011475187459839,0.7024087024087022
sw_constrained_ordinary,tid_373,0,0.6393100046844296,0.7471639471639471
sw_constrained_ordinary,tid_374,0,0.726159021338622,0.8463869463869463
sw_constrained_ordinary,tid_375,0,0.6769622199560063,0.7906759906759907
sw_constrained_ordinary,tid_376,1,0.7106032250582148,0.7299942429476106
sw_constrained_ordinary,tid_377,1,0.927241296918107,0.9481289579735177
sw_constrained_ordinary,tid_378,0,0.726159021338622,0.8463869463869463
sw_constrained_ordinary,tid_379,0,0.58629610067075,0.6902874902874901
sw_constrained_ordinary,tid_38,0,0.687609154226403,0.803962703962704
sw_constrained_ordinary,tid_380,0,0.726159021338622,0.8463869463869463
sw_constrained_ordinary,tid_381,0,0.3128767639999177,0.39386169386169373
sw_constrained_ordinary,tid_382,1,0.6118097533071541,0.6295624640184225
sw_constrained_ordinary,tid_383,0,0.562791588663791,0.6676767676767675
sw_constrained_ordinary,tid_384,1,0.5587308323418821,0.5758203799654577
sw_constrained_ordinary,tid_385,0,0.6393100046844296,0.7471639471639471
sw_constrained_ordinary,tid_386,1,0.7376001289889854,0.7575705238917673
sw_constrained_ordinary,tid_387,0,0.726159021338622,0.8463869463869463
sw_constrained_ordinary,tid_388,0,0.6536604339947305,0.7628593628593627
sw_constrained_ordinary,tid_39,0,0.7132717372191969,0.8309246309246309
sw_constrained_ordinary,tid_390,0,0.726159021338622,0.8463869463869463
sw_constrained_ordinary,tid_391,0,0.28569175004391506,0.3595182595182595
sw_constrained_ordinary,tid_392,1,0.927241296918107,0.9481289579735177
sw_constrained_ordinary,tid_393,1,0.927241296918107,0.9481289579735177
sw_constrained_ordinary,tid_395,0,0.726159021338622,0.8463869463869463
sw_constrained_ordinary,tid_396,0,0.726159021338622,0.8463869463869463
sw_constrained_ordinary,tid_397,0,0.726159021338622,0.8463869463869463
sw_constrained_ordinary,tid_398,1,0.7668653608452343,0.7862694300518134
sw_constrained_ordinary,tid_4,0,0.6652676282573436,0.775213675213675
sw_constrained_ordinary,tid_40,0,0.726159021338622,0.8463869463869463
sw_constrained_ordinary,tid_401,0,0.726159021338622,0.8463869463869463
sw_constrained_ordinary,tid_402,0,0.726159021338622,0.8463869463869463
sw_constrained_ordinary,tid_403,0,0.7136723079338385,0.8315462315462316
sw_constrained_ordinary,tid_404,1,0.4118562129982746,0.4277777777777778
sw_constrained_ordinary,tid_405,0,0.726159021338622,0.8463869463869463
sw_constrained_ordinary,tid_408,1,0.927241296918107,0.9481289579735177
sw_constrained_ordinary,tid_41,0,0.726159021338622,0.8463869463869463
sw_constrained_ordinary,tid_410,0,0.726159021338622,0.8463869463869463
sw_constrained_ordinary,tid_413,0,0.726159021338622,0.8463869463869463
sw_constrained_ordinary,tid_414,0,0.6874250170060539,0.802175602175602
sw_constrained_ordinary,tid_416,0,0.726159021338622,0.8463869463869463
sw_constrained_ordinary,tid_418,2,0.5615668620648293,0.674807480748075
sw_constrained_ordinary,tid_419,0,0.687609154226403,0.803962703962704
sw_constrained_ordinary,tid_42,0,0.726159021338622,0.8463869463869463
sw_constrained_ordinary,tid_420,0,0.726159021338622,0.8463869463869463
sw_constrained_ordinary,tid_421,0,0.726159021338622,0.8463869463869463
sw_constrained_ordinary,tid_422,0,0.726159021338622,0.8463869463869463
sw_constrained_ordinary,tid_423,0,0.29928665850959596,0.37350427350427334
sw_constrained_ordinary,tid_424,1,0.8224776226996895,0.8421991940126655
sw_constrained_ordinary,tid_425,1,0.6828926045008645,0.7020725388601033
sw_constrained_ordinary,tid_428,1,0.927241296918107,0.9481289579735177
sw_constrained_ordinary,tid_429,1,0.8494745266304601,0.8697754749568222
sw_constrained_ordinary,tid_43,1,0.6828926045008645,0.7020725388601033
sw_constrained_ordinary,tid_430,0,0.7104063194469196,0.8264180264180262
sw_constrained_ordinary,tid_431,0,0.4510082013626946,0.5452991452991451
sw_constrained_ordinary,tid_432,1,0.927241296918107,0.9481289579735177
sw_constrained_ordinary,tid_433,1,0.9033997730067795,0.9246401842256766
sw_constrained_ordinary,tid_434,1,0.7945759814025843,0.8141911341393206
sw_constrained_ordinary,tid_435,1,0.8213860209144873,0.841306850892343
sw_constrained_ordinary,tid_436,1,0.7657424974411976,0.7849740932642485
sw_constrained_ordinary,tid_437,1,0.9033997730067795,0.9246401842256766
sw_constrained_ordinary,tid_438,0,0.3984515512904158,0.48236208236208217
sw_constrained_ordinary,tid_44,0,0.726159021338622,0.8463869463869463
sw_constrained_ordinary,tid_440,0,0.3983108389025415,0.48166278166278154
sw_constrained_ordinary,tid_441,1,0.927241296918107,0.9481289579735177
sw_constrained_ordinary,tid_442,1,0.6828926045008645,0.7020725388601033
sw_constrained_ordinary,tid_443,1,0.5604265222855287,0.5785837651122626
sw_constrained_ordinary,tid_444,1,0.7668653608452343,0.7862694300518134
sw_constrained_ordinary,tid_445,1,0.8728224434723799,0.8935521013241221
sw_constrained_ordinary,tid_446,1,0.7657424974411976,0.7849740932642485
sw_constrained_ordinary,tid_447,1,0.927241296918107,0.9481289579735177
sw_constrained_ordinary,tid_448,0,0.6758178227434406,0.7898212898212897
sw_constrained_ordinary,tid_449,1,0.927241296918107,0.9481289579735177
sw_constrained_ordinary,tid_45,0,0.726159021338622,0.8463869463869463
sw_constrained_ordinary,tid_450,1,0.8116509132648241,0.8329591249280368
sw_constrained_ordinary,tid_451,1,0.927241296918107,0.9481289579735177
sw_constrained_ordinary,tid_452,0,0.726159021338622,0.8463869463869463
sw_constrained_ordinary,tid_453,0,0.6554156275407553,0.7715617715617714
sw_constrained_ordinary,tid_455,0,0.726159021338622,0.8463869463869463
sw_constrained_ordinary,tid_456,1,0.927241296918107,0.9481289579735177
sw_constrained_ordinary,tid_457,1,0.927241296918107,0.9481289579735177
sw_constrained_ordinary,tid_458,1,0.1455261129053105,0.15863557858376512
sw_constrained_ordinary,tid_459,0,0.726159021338622,0.8463869463869463
sw_constrained_ordinary,tid_46,0,0.6727588998958383,0.7865578865578866
sw_constrained_ordinary,tid_460,1,0.4786700542001613,0.49605641911341386
sw_constrained_ordinary,tid_47,0,0.726159021338622,0.8463869463869463
sw_constrained_ordinary,tid_478,2,0.8399852156457934,0.9522552255225524
sw_constrained_ordinary,tid_479,1,0.927241296918107,0.9481289579735177
sw_constrained_ordinary,tid_48,0,0.726159021338622,0.8463869463869463
sw_constrained_ordinary,tid_480,0,0.726159021338622,0.8463869463869463
sw_constrained_ordinary,tid_481,0,0.6769622199560063,0.7906759906759907
sw_constrained_ordinary,tid_482,1,0.927241296918107,0.9481289579735177
sw_constrained_ordinary,tid_484,0,0.726159021338622,0.8463869463869463
sw_constrained_ordinary,tid_485,0,0.7210532537173164,0.8397047397047396
sw_constrained_ordinary,tid_486,0,0.6989405619503513,0.817094017094017
sw_constrained_ordinary,tid_487,0,0.697658273791009,0.811188811188811
sw_constrained_ordinary,tid_489,1,0.927241296918107,0.9481289579735177
sw_constrained_ordinary,tid_49,0,0.726159021338622,0.8463869463869463
sw_constrained_ordinary,tid_490,0,0.726159021338622,0.8463869463869463
sw_constrained_ordinary,tid_491,0,0.726159021338622,0.8463869463869463
sw_constrained_ordinary,tid_492,0,0.726159021338622,0.8463869463869463
sw_constrained_ordinary,tid_493,1,0.927241296918107,0.9481289579735177
sw_constrained_ordinary,tid_494,0,0.5081724047356059,0.5992229992229989
sw_constrained_ordinary,tid_495,1,0.927241296918107,0.9481289579735177
sw_constrained_ordinary,tid_496,1,0.7923618187155312,0.8119746689694876
sw_constrained_ordinary,tid_497,1,0.849592829564106,0.8699481865284976
sw_constrained_ordinary,tid_498,0,0.726159021338622,0.8463869463869463
sw_constrained_ordinary,tid_499,0,0.726159021338622,0.8463869463869463
sw_constrained_ordinary,tid_5,1,0.927241296918107,0.9481289579735177
sw_constrained_ordinary,tid_50,0,0.7210532537173164,0.8397047397047396
sw_constrained_ordinary,tid_501,0,0.34120548661604516,0.422144522144522
sw_constrained_ordinary,tid_502,0,0.726159021338622,0.8463869463869463
sw_constrained_ordinary,tid_503,1,0.7400053124157933,0.759873344847438
sw_constrained_ordinary,tid_504,0,0.5307171855335283,0.6321678321678321
sw_constrained_ordinary,tid_505,1,0.7935488198147886,0.8145365572826713
sw_constrained_ordinary,tid_506,0,0.6393100046844296,0.7471639471639471
sw_constrained_ordinary,tid_507,0,0.7141721477437166,0.8327117327117327
sw_constrained_ordinary,tid_508,1,0.5815702409614442,0.6002302820955671
sw_constrained_ordinary,tid_509,0,0.726159021338622,0.8463869463869463
sw_constrained_ordinary,tid_51,0,0.726159021338622,0.8463869463869463
sw_constrained_ordinary,tid_510,0,0.726159021338622,0.8463869463869463
sw_constrained_ordinary,tid_511,1,0.7773982596770301,0.7974956822107082
sw_constrained_ordinary,tid_512,1,0.927241296918107,0.9481289579735177
sw_constrained_ordinary,tid_515,0,0.726159021338622,0.8463869463869463
sw_constrained_ordinary,tid_516,1,0.927241296918107,0.9481289579735177
sw_constrained_ordinary,tid_517,0,0.726159021338622,0.8463869463869463
sw_constrained_ordinary,tid_518,1,0.927241296918107,0.9481289579735177
sw_constrained_ordinary,tid_519,1,0.9033997730067795,0.9246401842256766
sw_constrained_ordinary,tid_52,1,0.6166227427496919,0.6335636154289003
sw_constrained_ordinary,tid_520,1,0.927241296918107,0.9481289579735177
sw_constrained_ordinary,tid_521,1,0.927241296918107,0.9481289579735177
sw_constrained_ordinary,tid_522,1,0.927241296918107,0.9481289579735177
sw_constrained_ordinary,tid_523,1,0.927241296918107,0.9481289579735177
sw_constrained_ordinary,tid_524,1,0.9033997730067795,0.9246401842256766
sw_constrained_ordinary,tid_525,1,0.927241296918107,0.9481289579735177
sw_constrained_ordinary,tid_527,1,0.927241296918107,0.9481289579735177
sw_constrained_ordinary,tid_528,1,0.8224776226996895,0.8421991940126655
sw_constrained_ordinary,tid_529,1,0.8166889740359693,0.8377086931491076
sw_constrained_ordinary,tid_53,0,0.726159021338622,0.8463869463869463
sw_constrained_ordinary,tid_530,1,0.927241296918107,0.9481289579735177
sw_constrained_ordinary,tid_531,1,0.8764028690760087,0.89706390328152
sw_constrained_ordinary,tid_532,1,0.8764028690760087,0.89706390328152
sw_constrained_ordinary,tid_533,1,0.927241296918107,0.9481289579735177
sw_constrained_ordinary,tid_534,1,0.927241296918107,0.9481289579735177
sw_constrained_ordinary,tid_535,1,0.7619858736330556,0.7817501439263097
sw_constrained_ordinary,tid_536,1,0.927241296918107,0.9481289579735177
sw_constrained_ordinary,tid_537,1,0.9033997730067795,0.9246401842256766
sw_constrained_ordinary,tid_538,1,0.927241296918107,0.9481289579735177
sw_constrained_ordinary,tid_539,1,0.9033997730067795,0.9246401842256766
sw_constrained_ordinary,tid_54,0,0.726159021338622,0.8463869463869463
sw_constrained_ordinary,tid_540,1,0.927241296918107,0.9481289579735177
sw_constrained_ordinary,tid_541,1,0.927241296918107,0.9481289579735177
sw_constrained_ordinary,tid_542,3,0.23347902497405518,0.31967213114754106
sw_constrained_ordinary,tid_543,1,0.9033997730067795,0.9246401842256766
sw_constrained_ordinary,tid_544,1,0.927241296918107,0.9481289579735177
sw_constrained_ordinary,tid_545,1,0.8494745266304601,0.8697754749568222
sw_constrained_ordinary,tid_546,1,0.927241296918107,0.9481289579735177
sw_constrained_ordinary,tid_547,1,0.927241296918107,0.9481289579735177
sw_constrained_ordinary,tid_548,1,0.927241296918107,0.9481289579735177
sw_constrained_ordinary,tid_549,1,0.927241296918107,0.9481289579735177
sw_constrained_ordinary,tid_55,0,0.726159021338622,0.8463869463869463
sw_constrained_ordinary,tid_550,1,0.7945759814025843,0.8141911341393206
sw_constrained_ordinary,tid_552,1,0.927241296918107,0.9481289579735177
sw_constrained_ordinary,tid_553,1,0.927241296918107,0.9481289579735177
sw_constrained_ordinary,tid_554,1,0.927241296918107,0.9481289579735177
sw_constrained_ordinary,tid_555,1,0.927241296918107,0.9481289579735177
sw_constrained_ordinary,tid_556,3,0.653273714808666,0.7508196721311474
sw_constrained_ordinary,tid_557,1,0.927241296918107,0.9481289579735177
sw_constrained_ordinary,tid_558,1,0.9033997730067795,0.9246401842256766
sw_constrained_ordinary,tid_559,1,0.927241296918107,0.9481289579735177
sw_constrained_ordinary,tid_56,0,0.726159021338622,0.8463869463869463
sw_constrained_ordinary,tid_560,1,0.9033997730067795,0.9246401842256766
sw_constrained_ordinary,tid_561,1,0.9033997730067795,0.9246401842256766
sw_constrained_ordinary,tid_562,1,0.927241296918107,0.9481289579735177
sw_constrained_ordinary,tid_563,1,0.927241296918107,0.9481289579735177
sw_constrained_ordinary,tid_564,1,0.927241296918107,0.9481289579735177
sw_constrained_ordinary,tid_565,1,0.927241296918107,0.9481289579735177
sw_constrained_ordinary,tid_566,1,0.927241296918107,0.9481289579735177
sw_constrained_ordinary,tid_567,1,0.927241296918107,0.9481289579735177
sw_constrained_ordinary,tid_568,1,0.9033997730067795,0.9246401842256766
sw_constrained_ordinary,tid_569,1,0.927241296918107,0.9481289579735177
sw_constrained_ordinary,tid_57,0,0.6626117906457053,0.7749805749805749
sw_constrained_ordinary,tid_570,1,0.927241296918107,0.9481289579735177
sw_constrained_ordinary,tid_571,1,0.927241296918107,0.9481289579735177
sw_constrained_ordinary,tid_572,1,0.927241296918107,0.9481289579735177
sw_constrained_ordinary,tid_574,1,0.927241296918107,0.9481289579735177
sw_constrained_ordinary,tid_578,0,0.6393100046844296,0.7471639471639471
sw_constrained_ordinary,tid_579,0,0.726159021338622,0.8463869463869463
sw_constrained_ordinary,tid_58,1,0.7111718284544065,0.730656303972366
sw_constrained_ordinary,tid_580,0,0.2536457645431434,0.3172494172494172
sw_constrained_ordinary,tid_581,0,0.726159021338622,0.8463869463869463
sw_constrained_ordinary,tid_582,3,0.5128485998756017,0.6530054644808746
sw_constrained_ordinary,tid_583,3,0.6976439626605047,0.7636612021857923
sw_constrained_ordinary,tid_584,0,0.726159021338622,0.8463869463869463
sw_constrained_ordinary,tid_585,1,0.927241296918107,0.9481289579735177
sw_constrained_ordinary,tid_586,0,0.726159021338622,0.8463869463869463
sw_constrained_ordinary,tid_587,0,0.7068670503621893,0.823931623931624
sw_constrained_ordinary,tid_588,3,0.5635586464817787,0.6994535519125684
sw_constrained_ordinary,tid_589,0,0.726159021338622,0.8463869463869463
sw_constrained_ordinary,tid_59,0,0.726159021338622,0.8463869463869463
sw_constrained_ordinary,tid_591,1,0.8497296850654356,0.8711283822682787
sw_constrained_ordinary,tid_592,0,0.726159021338622,0.8463869463869463
sw_constrained_ordinary,tid_593,0,0.726159021338622,0.8463869463869463
sw_constrained_ordinary,tid_594,1,0.6828926045008645,0.7020725388601033
sw_constrained_ordinary,tid_595,1,0.7117260884622515,0.7312895797351755
sw_constrained_ordinary,tid_598,0,0.4813419471535375,0.572105672105672
sw_constrained_ordinary,tid_599,1,0.6988001655314763,0.7185377086931489
sw_constrained_ordinary,tid_6,0,0.6439607267583976,0.7418026418026417
sw_constrained_ordinary,tid_60,0,0.726159021338622,0.8463869463869463
sw_constrained_ordinary,tid_600,0,0.6145495475720426,0.7209013209013209
sw_constrained_ordinary,tid_601,0,0.726159021338622,0.8463869463869463
sw_constrained_ordinary,tid_602,3,0.6723763548771367,0.7631147540983606
sw_constrained_ordinary,tid_603,1,0.8482605006237965,0.8696603339090387
sw_constrained_ordinary,tid_604,0,0.726159021338622,0.8463869463869463
sw_constrained_ordinary,tid_605,0,0.726159021338622,0.8463869463869463
sw_constrained_ordinary,tid_606,0,0.726159021338622,0.8463869463869463
sw_constrained_ordinary,tid_607,0,0.726159021338622,0.8463869463869463
sw_constrained_ordinary,tid_608,0,0.726159021338622,0.8463869463869463
sw_constrained_ordinary,tid_61,0,0.726159021338622,0.8463869463869463
sw_constrained_ordinary,tid_612,0,0.726159021338622,0.8463869463869463
sw_constrained_ordinary,tid_613,1,0.5586679352949051,0.5756188831318365
sw_constrained_ordinary,tid_614,3,0.7363014198781901,0.7672131147540984
sw_constrained_ordinary,tid_615,3,0.7363014198781901,0.7672131147540984
sw_constrained_ordinary,tid_616,3,0.7363014198781901,0.7672131147540984
sw_constrained_ordinary,tid_618,3,0.7363014198781901,0.7672131147540984
sw_constrained_ordinary,tid_619,3,0.7363014198781901,0.7672131147540984
sw_constrained_ordinary,tid_62,0,0.726159021338622,0.8463869463869463
sw_constrained_ordinary,tid_621,3,0.7363014198781901,0.7672131147540984
sw_constrained_ordinary,tid_63,0,0.726159021338622,0.8463869463869463
sw_constrained_ordinary,tid_65,1,0.589762694320251,0.6071675302245249
sw_constrained_ordinary,tid_66,0,0.6910176086861869,0.8052836052836052
sw_constrained_ordinary,tid_666,2,0.8399852156457934,0.9522552255225524
sw_constrained_ordinary,tid_667,0,0.726159021338622,0.8463869463869463
sw_constrained_ordinary,tid_668,1,0.927241296918107,0.9481289579735177
sw_constrained_ordinary,tid_669,1,0.927241296918107,0.9481289579735177
sw_constrained_ordinary,tid_67,0,0.726159021338622,0.8463869463869463
sw_constrained_ordinary,tid_670,1,0.8048523772025338,0.8248704663212436
sw_constrained_ordinary,tid_671,1,0.927241296918107,0.9481289579735177
sw_constrained_ordinary,tid_674,0,0.726159021338622,0.8463869463869463
sw_constrained_ordinary,tid_675,1,0.927241296918107,0.9481289579735177
sw_constrained_ordinary,tid_676,0,0.726159021338622,0.8463869463869463
sw_constrained_ordinary,tid_677,1,0.927241296918107,0.9481289579735177
sw_constrained_ordinary,tid_678,0,0.726159021338622,0.8463869463869463
sw_constrained_ordinary,tid_679,0,0.726159021338622,0.8463869463869463
sw_constrained_ordinary,tid_68,0,0.726159021338622,0.8463869463869463
sw_constrained_ordinary,tid_680,1,0.8385109616942651,0.8593552101324122
sw_constrained_ordinary,tid_683,1,0.927241296918107,0.9481289579735177
sw_constrained_ordinary,tid_685,1,0.5000007828915722,0.5169257340241796
sw_constrained_ordinary,tid_686,0,0.726159021338622,0.8463869463869463
sw_constrained_ordinary,tid_687,1,0.927241296918107,0.9481289579735177
sw_constrained_ordinary,tid_689,1,0.927241296918107,0.9481289579735177
sw_constrained_ordinary,tid_69,0,0.6499569389548265,0.7604506604506603
sw_constrained_ordinary,tid_690,1,0.8492876622115922,0.8693149107656879
sw_constrained_ordinary,tid_691,1,0.927241296918107,0.9481289579735177
sw_constrained_ordinary,tid_692,1,0.927241296918107,0.9481289579735177
sw_constrained_ordinary,tid_693,0,0.726159021338622,0.8463869463869463
sw_constrained_ordinary,tid_694,1,0.927241296918107,0.9481289579735177
sw_constrained_ordinary,tid_695,1,0.927241296918107,0.9481289579735177
sw_constrained_ordinary,tid_696,1,0.7376001289889854,0.7575705238917673
sw_constrained_ordinary,tid_697,1,0.927241296918107,0.9481289579735177
sw_constrained_ordinary,tid_698,1,0.927241296918107,0.9481289579735177
sw_constrained_ordinary,tid_699,1,0.927241296918107,0.9481289579735177
sw_constrained_ordinary,tid_7,2,0.5626026607966279,0.6794279427942793
sw_constrained_ordinary,tid_70,1,0.927241296918107,0.9481289579735177
sw_constrained_ordinary,tid_701,1,0.927241296918107,0.9481289579735177
sw_constrained_ordinary,tid_702,1,0.927241296918107,0.9481289579735177
sw_constrained_ordinary,tid_703,1,0.927241296918107,0.9481289579735177
sw_constrained_ordinary,tid_704,1,0.8224776226996895,0.8421991940126655
sw_constrained_ordinary,tid_705,1,0.927241296918107,0.9481289579735177
sw_constrained_ordinary,tid_706,1,0.927241296918107,0.9481289579735177
sw_constrained_ordinary,tid_708,3,0.7236944452875174,0.7674863387978142
sw_constrained_ordinary,tid_71,0,0.726159021338622,0.8463869463869463
sw_constrained_ordinary,tid_710,1,0.927241296918107,0.9481289579735177
sw_constrained_ordinary,tid_711,1,0.927241296918107,0.9481289579735177
sw_constrained_ordinary,tid_712,1,0.927241296918107,0.9481289579735177
sw_constrained_ordinary,tid_713,1,0.927241296918107,0.9481289579735177
sw_constrained_ordinary,tid_714,1,0.927241296918107,0.9481289579735177
sw_constrained_ordinary,tid_715,1,0.927241296918107,0.9481289579735177
sw_constrained_ordinary,tid_716,0,0.7016645429565838,0.8185703185703185
sw_constrained_ordinary,tid_717,1,0.927241296918107,0.9481289579735177
sw_constrained_ordinary,tid_718,3,0.7363014198781901,0.7672131147540984
sw_constrained_ordinary,tid_719,1,0.927241296918107,0.9481289579735177
sw_constrained_ordinary,tid_72,0,0.726159021338622,0.8463869463869463
sw_constrained_ordinary,tid_720,3,0.7363014198781901,0.7672131147540984
sw_constrained_ordinary,tid_721,1,0.927241296918107,0.9481289579735177
sw_constrained_ordinary,tid_722,1,0.927241296918107,0.9481289579735177
sw_constrained_ordinary,tid_723,1,0.927241296918107,0.9481289579735177
sw_constrained_ordinary,tid_725,1,0.8477264298027474,0.8695739781232011
sw_constrained_ordinary,tid_726,3,0.7363014198781901,0.7672131147540984
sw_constrained_ordinary,tid_727,2,0.5306990911176526,0.6446644664466447
sw_constrained_ordinary,tid_73,2,0.4984669241539254,0.6077007700770076
sw_constrained_ordinary,tid_731,0,0.726159021338622,0.8463869463869463
sw_constrained_ordinary,tid_734,1,0.927241296918107,0.9481289579735177
sw_constrained_ordinary,tid_735,0,0.726159021338622,0.8463869463869463
sw_constrained_ordinary,tid_736,3,0.13542195968208667,0.26803278688524584
sw_constrained_ordinary,tid_737,1,0.7374632734876556,0.756390328151986
sw_constrained_ordinary,tid_738,1,0.4960888046889233,0.5124928036845137
sw_constrained_ordinary,tid_739,1,0.927241296918107,0.9481289579735177
sw_constrained_ordinary,tid_74,0,0.726159021338622,0.8463869463869463
sw_constrained_ordinary,tid_741,1,0.8756891524494292,0.8967184801381693
sw_constrained_ordinary,tid_742,1,0.8995306763607567,0.9202072538860104
sw_constrained_ordinary,tid_743,1,0.927241296918107,0.9481289579735177
sw_constrained_ordinary,tid_744,1,0.6518534277257435,0.6704375359815773
sw_constrained_ordinary,tid_745,1,0.927241296918107,0.9481289579735177
sw_constrained_ordinary,tid_746,1,0.927241296918107,0.9481289579735177
sw_constrained_ordinary,tid_747,1,0.927241296918107,0.9481289579735177
sw_constrained_ordinary,tid_748,0,0.726159021338622,0.8463869463869463
sw_constrained_ordinary,tid_749,1,0.927241296918107,0.9481289579735177
sw_constrained_ordinary,tid_75,0,0.726159021338622,0.8463869463869463
sw_constrained_ordinary,tid_751,1,0.927241296918107,0.9481289579735177
sw_constrained_ordinary,tid_752,1,0.8765397245773385,0.8982440990213012
sw_constrained_ordinary,tid_753,1,0.7385861368916923,0.7576856649395507
sw_constrained_ordinary,tid_754,0,0.6440324179208488,0.7574203574203575
sw_constrained_ordinary,tid_755,1,0.927241296918107,0.9481289579735177
sw_constrained_ordinary,tid_756,1,0.5596331986073556,0.576741508347726
sw_constrained_ordinary,tid_757,0,0.726159021338622,0.8463869463869463
sw_constrained_ordinary,tid_758,1,0.7400053124157933,0.759873344847438
sw_constrained_ordinary,tid_76,0,0.6393100046844296,0.7471639471639471
sw_constrained_ordinary,tid_760,1,0.927241296918107,0.9481289579735177
sw_constrained_ordinary,tid_761,1,0.9033997730067795,0.9246401842256766
sw_constrained_ordinary,tid_763,0,0.726159021338622,0.8463869463869463
sw_constrained_ordinary,tid_764,1,0.900381248488666,0.9217328727691423
sw_constrained_ordinary,tid_765,1,0.927241296918107,0.9481289579735177
sw_constrained_ordinary,tid_766,0,0.726159021338622,0.8463869463869463
sw_constrained_ordinary,tid_767,1,0.6518607425224959,0.6707253886010361
sw_constrained_ordinary,tid_769,1,0.927241296918107,0.9481289579735177
sw_constrained_ordinary,tid_77,0,0.6769622199560063,0.7906759906759907
sw_constrained_ordinary,tid_770,1,0.7385861368916923,0.7576856649395507
sw_constrained_ordinary,tid_771,1,0.7051137131282755,0.7246113989637304
sw_constrained_ordinary,tid_773,3,0.4263608225711021,0.5718579234972678
sw_constrained_ordinary,tid_774,1,0.7947670021423392,0.8142774899251582
sw_constrained_ordinary,tid_775,2,0.8698791879619047,0.9808580858085809
sw_constrained_ordinary,tid_776,0,0.726159021338622,0.8463869463869463
sw_constrained_ordinary,tid_777,0,0.726159021338622,0.8463869463869463
sw_constrained_ordinary,tid_778,0,0.726159021338622,0.8463869463869463
sw_constrained_ordinary,tid_779,1,0.6828926045008645,0.7020725388601033
sw_constrained_ordinary,tid_78,1,0.5574001110238815,0.5742947610823258
sw_constrained_ordinary,tid_780,0,0.670287449854417,0.7853923853923852
sw_constrained_ordinary,tid_781,0,0.726159021338622,0.8463869463869463
sw_constrained_ordinary,tid_782,0,0.726159021338622,0.8463869463869463
sw_constrained_ordinary,tid_783,1,0.7677159329731433,0.7877950489349452
sw_constrained_ordinary,tid_784,0,0.6992794469063843,0.8156954156954156
sw_constrained_ordinary,tid_785,0,0.6677158227249113,0.7774669774669775
sw_constrained_ordinary,tid_787,3,0.2367647455259066,0.38114754098360665
sw_constrained_ordinary,tid_788,0,0.672343121294107,0.7847707847707847
sw_constrained_ordinary,tid_789,0,0.726159021338622,0.8463869463869463
sw_constrained_ordinary,tid_79,0,0.726159021338622,0.8463869463869463
sw_constrained_ordinary,tid_790,0,0.726159021338622,0.8463869463869463
sw_constrained_ordinary,tid_791,3,0.4421871972418001,0.5467213114754099
sw_constrained_ordinary,tid_792,3,0.45722308138638773,0.6027322404371585
sw_constrained_ordinary,tid_793,3,0.5627471497614447,0.6989071038251368
sw_constrained_ordinary,tid_794,0,0.726159021338622,0.8463869463869463
sw_constrained_ordinary,tid_795,3,0.5783006730439317,0.7068306010928962
sw_constrained_ordinary,tid_796,3,0.6245559038310419,0.7426229508196721
sw_constrained_ordinary,tid_797,3,0.537626853886959,0.6795081967213116
sw_constrained_ordinary,tid_798,1,0.276756822914904,0.28828439838802533
sw_constrained_ordinary,tid_799,3,0.4289070379964955,0.5693989071038252
sw_constrained_ordinary,tid_8,0,0.6652676282573436,0.775213675213675
sw_constrained_ordinary,tid_80,0,0.726159021338622,0.8463869463869463
sw_constrained_ordinary,tid_800,3,0.5635586464817787,0.6994535519125684
sw_constrained_ordinary,tid_801,3,0.5635586464817787,0.6994535519125684
sw_constrained_ordinary,tid_802,1,0.8497296850654356,0.8711283822682787
sw_constrained_ordinary,tid_803,3,0.48392494605479147,0.6303278688524592
sw_constrained_ordinary,tid_804,1,0.8224776226996895,0.8421991940126655
sw_constrained_ordinary,tid_805,3,0.46162110591415656,0.6087431693989073
sw_constrained_ordinary,tid_806,0,0.42720772287169956,0.5125097125097123
sw_constrained_ordinary,tid_807,3,0.537626853886959,0.6795081967213116
sw_constrained_ordinary,tid_808,1,0.9033997730067795,0.9246401842256766
sw_constrained_ordinary,tid_809,2,0.8698791879619047,0.9808580858085809
sw_constrained_ordinary,tid_81,0,0.726159021338622,0.8463869463869463
sw_constrained_ordinary,tid_810,1,0.8079427281293471,0.8279792746113989
sw_constrained_ordinary,tid_811,2,0.839636971235001,0.9511551155115511
sw_constrained_ordinary,tid_812,2,0.8698791879619047,0.9808580858085809
sw_constrained_ordinary,tid_813,2,0.8698791879619047,0.9808580858085809
sw_constrained_ordinary,tid_814,1,0.927241296918107,0.9481289579735177
sw_constrained_ordinary,tid_815,1,0.927241296918107,0.9481289579735177
sw_constrained_ordinary,tid_817,1,0.927241296918107,0.9481289579735177
sw_constrained_ordinary,tid_818,1,0.35406366196842143,0.36698330454807143
sw_constrained_ordinary,tid_819,2,0.7489567410340503,0.8631463146314632
sw_constrained_ordinary,tid_82,0,0.6999319882453973,0.8171717171717172
sw_constrained_ordinary,tid_820,0,0.6393100046844296,0.7471639471639471
sw_constrained_ordinary,tid_821,1,0.8689031877670842,0.8898675877950489
sw_constrained_ordinary,tid_822,1,0.927241296918107,0.9481289579735177
sw_constrained_ordinary,tid_823,0,0.6030445505772074,0.7052836052836052
sw_constrained_ordinary,tid_824,2,0.8698791879619047,0.9808580858085809
sw_constrained_ordinary,tid_825,1,0.8984280021435158,0.9194588370754174
sw_constrained_ordinary,tid_826,1,0.927241296918107,0.9481289579735177
sw_constrained_ordinary,tid_827,1,0.927241296918107,0.9481289579735177
sw_constrained_ordinary,tid_828,1,0.927241296918107,0.9481289579735177
sw_constrained_ordinary,tid_829,1,0.927241296918107,0.9481289579735177
sw_constrained_ordinary,tid_83,0,0.726159021338622,0.8463869463869463
sw_constrained_ordinary,tid_830,0,0.6139195706638586,0.7184926184926184
sw_constrained_ordinary,tid_831,1,0.927241296918107,0.9481289579735177
sw_constrained_ordinary,tid_832,1,0.927241296918107,0.9481289579735177
sw_constrained_ordinary,tid_833,1,0.927241296918107,0.9481289579735177
sw_constrained_ordinary,tid_834,2,0.8097429989188896,0.9225522552255225
sw_constrained_ordinary,tid_835,1,0.927241296918107,0.9481289579735177
sw_constrained_ordinary,tid_836,1,0.927241296918107,0.9481289579735177
sw_constrained_ordinary,tid_838,1,0.927241296918107,0.9481289579735177
sw_constrained_ordinary,tid_839,1,0.927241296918107,0.9481289579735177
sw_constrained_ordinary,tid_840,1,0.7774892841196164,0.7951065054691996
sw_constrained_ordinary,tid_841,0,0.6139195706638586,0.7184926184926184
sw_constrained_ordinary,tid_842,0,0.6412219349373218,0.7469308469308469
sw_constrained_ordinary,tid_843,0,0.726159021338622,0.8463869463869463
sw_constrained_ordinary,tid_844,3,0.45893828852976015,0.603825136612022
sw_constrained_ordinary,tid_846,3,0.23585642621449446,0.3827868852459017
sw_constrained_ordinary,tid_847,3,0.4330441170827791,0.5844262295081968
sw_constrained_ordinary,tid_848,3,0.7363014198781901,0.7672131147540984
sw_constrained_ordinary,tid_849,1,0.536049056461533,0.5502878526194587
sw_constrained_ordinary,tid_851,3,0.6581882206070352,0.7601092896174863
sw_constrained_ordinary,tid_852,3,0.7363014198781901,0.7672131147540984
sw_constrained_ordinary,tid_853,3,0.7363014198781901,0.7672131147540984
sw_constrained_ordinary,tid_854,3,0.7363014198781901,0.7672131147540984
sw_constrained_ordinary,tid_855,3,0.7363014198781901,0.7672131147540984
sw_constrained_ordinary,tid_856,3,0.459463942581755,0.6043715846994536
sw_constrained_ordinary,tid_857,3,0.7363014198781901,0.7672131147540984
sw_constrained_ordinary,tid_859,3,0.7363014198781901,0.7672131147540984
sw_constrained_ordinary,tid_860,0,0.726159021338622,0.8463869463869463
sw_constrained_ordinary,tid_870,3,0.6437806130727676,0.757103825136612
sw_constrained_ordinary,tid_871,0,0.5067962800276274,0.6007770007770006
sw_constrained_ordinary,tid_872,0,0.726159021338622,0.8463869463869463
sw_constrained_ordinary,tid_873,1,0.05716376767997131,0.06485319516407599
sw_constrained_ordinary,tid_874,3,0.08999654635799327,0.2245901639344262
sw_constrained_ordinary,tid_875,3,0.7363014198781901,0.7672131147540984
sw_constrained_ordinary,tid_876,3,0.31884123251271446,0.44699453551912577
sw_constrained_ordinary,tid_877,3,0.7363014198781901,0.7672131147540984
sw_constrained_ordinary,tid_878,3,0.5354208502985229,0.6743169398907105
sw_constrained_ordinary,tid_879,3,0.7363014198781901,0.7672131147540984
sw_constrained_ordinary,tid_880,3,0.7363014198781901,0.7672131147540984
sw_constrained_ordinary,tid_881,0,0.6721108848585138,0.7855477855477855
sw_constrained_ordinary,tid_882,3,0.6849833294678093,0.7628415300546448
sw_constrained_ordinary,tid_883,0,0.34094453359183946,0.41212121212121205
sw_constrained_ordinary,tid_884,3,0.7363014198781901,0.7672131147540984
sw_constrained_ordinary,tid_885,1,0.621004101282576,0.6392343120322395
sw_constrained_ordinary,tid_886,3,0.4305124752359558,0.5718579234972678
sw_constrained_ordinary,tid_888,3,0.7363014198781901,0.7672131147540984
sw_constrained_ordinary,tid_889,3,0.5635586464817787,0.6994535519125684
sw_constrained_ordinary,tid_890,0,0.726159021338622,0.8463869463869463
sw_constrained_ordinary,tid_891,1,0.927241296918107,0.9481289579735177
sw_constrained_ordinary,tid_892,0,0.726159021338622,0.8463869463869463
sw_constrained_ordinary,tid_895,1,0.927241296918107,0.9481289579735177
sw_constrained_ordinary,tid_896,0,0.726159021338622,0.8463869463869463
sw_constrained_ordinary,tid_897,1,0.927241296918107,0.9481289579735177
sw_constrained_ordinary,tid_898,1,0.927241296918107,0.9481289579735177
sw_constrained_ordinary,tid_899,1,0.927241296918107,0.9481289579735177
sw_constrained_ordinary,tid_9,0,0.726159021338622,0.8463869463869463
sw_constrained_ordinary,tid_900,1,0.927241296918107,0.9481289579735177
sw_constrained_ordinary,tid_901,1,0.927241296918107,0.9481289579735177
sw_constrained_ordinary,tid_902,1,0.927241296918107,0.9481289579735177
sw_constrained_ordinary,tid_903,1,0.876284566142363,0.8968911917098445
sw_constrained_ordinary,tid_904,1,0.927241296918107,0.9481289579735177
sw_constrained_ordinary,tid_905,1,0.927241296918107,0.9481289579735177
sw_constrained_ordinary,tid_907,3,0.7363014198781901,0.7672131147540984
sw_constrained_ordinary,tid_908,1,0.927241296918107,0.9481289579735177
sw_constrained_ordinary,tid_909,1,0.927241296918107,0.9481289579735177
sw_constrained_ordinary,tid_911,1,0.927241296918107,0.9481289579735177
sw_constrained_ordinary,tid_912,0,0.726159021338622,0.8463869463869463
sw_constrained_ordinary,tid_913,1,0.927241296918107,0.9481289579735177
sw_constrained_ordinary,tid_914,1,0.927241296918107,0.9481289579735177
sw_constrained_ordinary,tid_915,1,0.927241296918107,0.9481289579735177
sw_constrained_ordinary,tid_916,3,0.46123183426738873,0.6035519125683061
sw_constrained_ordinary,tid_917,3,0.6437806130727676,0.757103825136612
sw_constrained_ordinary,tid_918,0,0.5597586520317283,0.6588189588189587
sw_constrained_ordinary,tid_920,1,0.927241296918107,0.9481289579735177
sw_constrained_ordinary,tid_922,1,0.927241296918107,0.9481289579735177
sw_constrained_ordinary,tid_923,1,0.927241296918107,0.9481289579735177
sw_constrained_ordinary,tid_924,1,0.927241296918107,0.9481289579735177
sw_constrained_ordinary,tid_925,1,0.927241296918107,0.9481289579735177
sw_constrained_ordinary,tid_926,1,0.927241296918107,0.9481289579735177
sw_constrained_ordinary,tid_927,0,0.6536604339947305,0.7628593628593627
sw_constrained_ordinary,tid_928,0,0.6393100046844296,0.7471639471639471
sw_constrained_ordinary,tid_929,1,0.927241296918107,0.9481289579735177
sw_constrained_ordinary,tid_930,1,0.927241296918107,0.9481289579735177
sw_constrained_ordinary,tid_986,0,0.6393100046844296,0.7471639471639471
sw_constrained_ordinary,tid_987,1,0.927241296918107,0.9481289579735177
sw_constrained_ordinary,tid_988,0,0.6393100046844296,0.7471639471639471
sw_constrained_ordinary,tid_989,0,0.6602883551390039,0.7627816627816626
sw_constrained_ordinary,tid_991,0,0.5075921769325707,0.5901320901320901
sw_constrained_ordinary,tid_992,1,0.927241296918107,0.9481289579735177
sw_constrained_ordinary,tid_993,1,0.927241296918107,0.9481289579735177
sw_constrained_ordinary,tid_994,1,0.927241296918107,0.9481289579735177
sw_constrained_ordinary,tid_995,1,0.927241296918107,0.9481289579735177
sw_constrained_ordinary,tid_996,1,0.927241296918107,0.9481289579735177
sw_constrained_ordinary,tid_998,1,0.927241296918107,0.9481289579735177
sw_constrained_ordinary,tid_999,1,0.927241296918107,0.9481289579735177
