phase,generator,seed,family,method,ari,projection_ari,projection_disagreement,min_group_size,group_sizes,attribute_sse_over_tss,graph_cut_fraction,joint_alpha0.5_objective,runtime_seconds,converged,sweeps
tune,1,11001,strong_noise,kmeans50,0.9509548245983007,0.9509548245983007,0.0,39,"[40, 41, 39, 40]",0.5416858453323447,0.755,0.9191858453323447,0.04650359999504872,,
tune,1,11001,strong_noise,feature_hartigan,0.9509548245983007,0.9509548245983007,0.0,39,"[40, 41, 39, 40]",0.5416858453323447,0.755,0.9191858453323447,0.0018779999809339643,True,1
tune,1,11001,strong_noise,joint_zero_reuse,0.9509548245983007,0.9509548245983007,0.0,39,"[40, 41, 39, 40]",0.5416858453323447,0.755,0.9191858453323447,0.0006540000031236559,False,0
tune,1,11001,strong_noise,kefrin_like_equal_scatter50,0.9509548245983007,0.9509548245983007,0.0,39,"[40, 41, 40, 39]",0.5416858453323447,0.755,0.9191858453323447,0.045709700003499165,,
tune,1,11001,strong_noise,joint_0.1,0.9509548245983007,0.9509548245983007,0.0,39,"[40, 41, 39, 40]",0.5416858453323447,0.755,0.9191858453323447,0.004098800010979176,True,1
tune,1,11001,strong_noise,joint_0.25,0.9509548245983007,0.9509548245983007,0.0,39,"[40, 41, 39, 40]",0.5416858453323447,0.755,0.9191858453323447,0.003445899987127632,True,1
tune,1,11001,strong_noise,joint_0.5,0.9509548245983007,0.9509548245983007,0.0,39,"[40, 41, 39, 40]",0.5416858453323447,0.755,0.9191858453323447,0.003498400008538738,True,1
tune,1,11001,strong_noise,joint_1,0.9009765914119168,0.966875,0.0375,37,"[40, 37, 44, 39]",0.5602145051821481,0.7316666666666667,0.9260478385154814,0.009281500009819865,True,3
tune,1,11001,strong_noise,kefrine_0.25,0.9509548245983007,0.9509548245983007,0.0,39,"[39, 40, 40, 41]",0.5416858453323447,0.755,0.9191858453323447,0.21763230001670308,True,
tune,1,11001,strong_noise,kefrine_0.5,0.9509548245983007,0.9509548245983007,0.0,39,"[39, 40, 40, 41]",0.5416858453323447,0.755,0.9191858453323447,0.22117020000587218,True,
tune,1,11001,strong_noise,kefrine_1,0.9509548245983007,0.9509548245983007,0.0,39,"[39, 40, 41, 40]",0.5416858453323447,0.755,0.9191858453323447,0.21539920000941493,True,
tune,1,11001,strong_noise,kefrine_2,0.9341889174617671,0.9509548245983007,0.00625,39,"[39, 39, 41, 41]",0.5433515143643688,0.7575,0.9221015143643687,0.204244499997003,True,
tune,1,11001,strong_noise,joint_alpha_0.5,0.9509548245983007,0.9509548245983007,0.0,39,"[40, 41, 39, 40]",0.5416858453323447,0.755,0.9191858453323447,0.003498400008538738,True,1
tune,1,11001,strong_noise,kefrine_equations_equal_scatter50,0.9509548245983007,0.9509548245983007,0.0,39,"[39, 40, 41, 40]",0.5416858453323447,0.755,0.9191858453323447,0.21539920000941493,True,
tune,1,11001,weak_independent,spectral_graph_diagnostic,1.0,0.3429180988503022,0.30625,40,"[40, 40, 40, 40]",0.7790038641370218,0.2525,0.9052538641370218,0.004476100002648309,,
tune,1,11001,weak_independent,kmeans50,0.1515393890195423,0.1515393890195423,0.0,32,"[38, 47, 32, 43]",0.6303444494433791,0.6658333333333334,0.9632611161100457,0.03472750002401881,,
tune,1,11001,weak_independent,feature_hartigan,0.15157504681816186,0.15157504681816186,0.0,34,"[39, 44, 34, 43]",0.629952619458895,0.6708333333333333,0.9653692861255616,0.0033602000039536506,True,2
tune,1,11001,weak_independent,joint_zero_reuse,0.1515393890195423,0.1515393890195423,0.0,32,"[38, 47, 32, 43]",0.6303444494433791,0.6658333333333334,0.9632611161100457,0.0007034000009298325,False,0
tune,1,11001,weak_independent,kefrin_like_equal_scatter50,0.4411112550086142,0.3089067969832954,0.08125,31,"[56, 40, 33, 31]",0.6663034092326534,0.5133333333333333,0.92297007589932,0.05426659999648109,,
tune,1,11001,weak_independent,joint_0.1,0.1622751886479994,0.1622751886479994,0.0,34,"[38, 45, 34, 43]",0.6300402811361082,0.6591666666666667,0.9596236144694416,0.009151700010988861,True,3
tune,1,11001,weak_independent,joint_0.25,0.24814145307842408,0.18152182143526102,0.05625,35,"[37, 46, 35, 42]",0.6403356828645588,0.5925,0.9365856828645588,0.0092420999717433,True,3
tune,1,11001,weak_independent,joint_0.5,0.471614626162003,0.26301301006483435,0.15,25,"[25, 53, 37, 45]",0.6776704297265308,0.4583333333333333,0.9068370963931974,0.017968000000109896,True,6
tune,1,11001,weak_independent,joint_1,0.983226974646172,0.36050728932084863,0.29375,39,"[41, 40, 40, 39]",0.7735752683200249,0.25666666666666665,0.9019086016533582,0.02098999998997897,True,7
tune,1,11001,weak_independent,kefrine_0.25,0.12355375878332853,0.12372153767092853,0.00625,20,"[50, 35, 55, 20]",0.6329963754219122,0.6508333333333334,0.9584130420885789,0.19001540000317618,True,
tune,1,11001,weak_independent,kefrine_0.5,0.14299532799949874,0.1338628006156232,0.0125,26,"[46, 35, 26, 53]",0.632456238294145,0.6525,0.9587062382941449,0.1922791999822948,True,
tune,1,11001,weak_independent,kefrine_1,0.4149671816857798,0.3122621259753565,0.08125,26,"[55, 26, 45, 34]",0.6679206270640958,0.5133333333333333,0.9245872937307624,0.19112160001532175,True,
tune,1,11001,weak_independent,kefrine_2,0.8877087163220269,0.3527176521452852,0.2625,39,"[42, 39, 39, 40]",0.7459012310391313,0.2966666666666667,0.8942345643724646,0.19038229997386225,True,
tune,1,11001,weak_independent,joint_alpha_0.5,0.471614626162003,0.26301301006483435,0.15,25,"[25, 53, 37, 45]",0.6776704297265308,0.4583333333333333,0.9068370963931974,0.017968000000109896,True,6
tune,1,11001,weak_independent,kefrine_equations_equal_scatter50,0.4149671816857798,0.3122621259753565,0.08125,26,"[55, 26, 45, 34]",0.6679206270640958,0.5133333333333333,0.9245872937307624,0.19112160001532175,True,
tune,1,11001,weak_derived,spectral_graph_diagnostic,0.14880325514600287,0.13879528474978714,0.06875,34,"[34, 38, 42, 46]",0.6440153805761878,0.3416666666666667,0.8148487139095211,0.0040994999872054905,,
tune,1,11001,weak_derived,kmeans50,0.1515393890195423,0.1515393890195423,0.0,32,"[38, 47, 32, 43]",0.6303444494433791,0.3475,0.804094449443379,0.03472750002401881,,
tune,1,11001,weak_derived,feature_hartigan,0.15157504681816186,0.15157504681816186,0.0,34,"[39, 44, 34, 43]",0.629952619458895,0.35333333333333333,0.8066192861255617,0.0033602000039536506,True,2
tune,1,11001,weak_derived,joint_zero_reuse,0.1515393890195423,0.1515393890195423,0.0,32,"[38, 47, 32, 43]",0.6303444494433791,0.3475,0.804094449443379,0.0006126000080257654,False,0
tune,1,11001,weak_derived,kefrin_like_equal_scatter50,0.13144584036951426,0.13144584036951426,0.0,34,"[39, 34, 42, 45]",0.631881048583328,0.3383333333333333,0.8010477152499947,0.05454869999084622,,
tune,1,11001,weak_derived,joint_0.1,0.1515393890195423,0.1515393890195423,0.0,32,"[38, 47, 32, 43]",0.6303444494433791,0.3475,0.804094449443379,0.003702799993334338,True,1
tune,1,11001,weak_derived,joint_0.25,0.1700167204819947,0.16581745283581734,0.025,31,"[37, 46, 31, 46]",0.6330529261139521,0.33416666666666667,0.8001362594472855,0.006401199992978945,True,2
tune,1,11001,weak_derived,joint_0.5,0.19530494185472566,0.15232549351852956,0.05625,31,"[34, 43, 31, 52]",0.6362291822086499,0.32416666666666666,0.7983125155419832,0.017790099984267727,True,6
tune,1,11001,weak_derived,joint_1,0.2147271238180329,0.1762639194902638,0.05625,28,"[28, 45, 33, 54]",0.6392970250588945,0.3175,0.7980470250588945,0.01488410000456497,True,5
tune,1,11001,weak_derived,kefrine_0.25,0.1355424155494409,0.13588873361283024,0.00625,24,"[47, 36, 53, 24]",0.6317977570662698,0.3333333333333333,0.7984644237329365,0.19278660000418313,True,
tune,1,11001,weak_derived,kefrine_0.5,0.1355424155494409,0.13588873361283024,0.00625,24,"[47, 36, 53, 24]",0.6317977570662698,0.3333333333333333,0.7984644237329365,0.18560510000679642,True,
tune,1,11001,weak_derived,kefrine_1,0.13549547832096176,0.13517456304582007,0.0125,34,"[35, 34, 50, 41]",0.6323318851420932,0.3325,0.7985818851420932,0.16837349999696016,True,
tune,1,11001,weak_derived,kefrine_2,0.12374875468475734,0.13802142286933003,0.04375,32,"[34, 32, 52, 42]",0.6357955264869602,0.32416666666666666,0.7978788598202936,0.16213740000966936,True,
tune,1,11001,weak_derived,joint_alpha_0.5,0.19530494185472566,0.15232549351852956,0.05625,31,"[34, 43, 31, 52]",0.6362291822086499,0.32416666666666666,0.7983125155419832,0.017790099984267727,True,6
tune,1,11001,weak_derived,kefrine_equations_equal_scatter50,0.13549547832096176,0.13517456304582007,0.0125,34,"[35, 34, 50, 41]",0.6323318851420932,0.3325,0.7985818851420932,0.16837349999696016,True,
tune,1,11001,weak_noise,spectral_graph_diagnostic,0.009026434558349452,0.0630859245572798,0.6375,32,"[32, 45, 33, 50]",0.9888289561145358,0.5633333333333334,1.2704956227812025,0.005705800023861229,,
tune,1,11001,weak_noise,kmeans50,0.1515393890195423,0.1515393890195423,0.0,32,"[38, 47, 32, 43]",0.6303444494433791,0.7466666666666667,1.0036777827767125,0.03472750002401881,,
tune,1,11001,weak_noise,feature_hartigan,0.15157504681816186,0.15157504681816186,0.0,34,"[39, 44, 34, 43]",0.629952619458895,0.745,1.002452619458895,0.0033602000039536506,True,2
tune,1,11001,weak_noise,joint_zero_reuse,0.1515393890195423,0.1515393890195423,0.0,32,"[38, 47, 32, 43]",0.6303444494433791,0.7466666666666667,1.0036777827767125,0.0006387000030372292,False,0
tune,1,11001,weak_noise,kefrin_like_equal_scatter50,0.1543621217015405,0.1543621217015405,0.0,34,"[37, 45, 34, 44]",0.6316032822625272,0.7483333333333333,1.0057699489291938,0.05064219998894259,,
tune,1,11001,weak_noise,joint_0.1,0.15157504681816186,0.15157504681816186,0.0,34,"[39, 44, 34, 43]",0.629952619458895,0.745,1.002452619458895,0.006777600006898865,True,2
tune,1,11001,weak_noise,joint_0.25,0.12033452248669513,0.11555233689981155,0.01875,29,"[41, 58, 32, 29]",0.6343824437542745,0.7041666666666667,0.986465777087608,0.02062520000617951,True,7
tune,1,11001,weak_noise,joint_0.5,0.11012912765658202,0.1265829670991533,0.075,28,"[30, 67, 35, 28]",0.6508995182508058,0.6591666666666667,0.9804828515841392,0.01776749998680316,True,6
tune,1,11001,weak_noise,joint_1,0.00025025807864360124,0.029760074833739297,0.175,1,"[1, 153, 4, 2]",0.9065933650940897,0.07166666666666667,0.9424266984274231,0.019165399979101494,True,6
tune,1,11001,weak_noise,kefrine_0.25,0.13856046463389338,0.1300371254621081,0.00625,30,"[40, 30, 33, 57]",0.6331114718164443,0.725,0.9956114718164444,0.2015491999918595,True,
tune,1,11001,weak_noise,kefrine_0.5,0.11929115826805867,0.12384129641199747,0.0125,28,"[44, 28, 33, 55]",0.6332102137835789,0.7233333333333334,0.9948768804502456,0.20926890001283027,True,
tune,1,11001,weak_noise,kefrine_1,0.11546188250197204,0.11473499156073735,0.00625,23,"[48, 35, 23, 54]",0.6336065132440696,0.7166666666666667,0.991939846577403,0.21037600000272505,True,
tune,1,11001,weak_noise,kefrine_2,0.11318878132863708,0.12144512363390302,0.0375,19,"[38, 69, 19, 34]",0.6433052968051824,0.7108333333333333,0.9987219634718492,0.1824346999928821,True,
tune,1,11001,weak_noise,joint_alpha_0.5,0.11012912765658202,0.1265829670991533,0.075,28,"[30, 67, 35, 28]",0.6508995182508058,0.6591666666666667,0.9804828515841392,0.01776749998680316,True,6
tune,1,11001,weak_noise,kefrine_equations_equal_scatter50,0.11546188250197204,0.11473499156073735,0.00625,23,"[48, 35, 23, 54]",0.6336065132440696,0.7166666666666667,0.991939846577403,0.21037600000272505,True,
tune,1,11001,weak_conflict,spectral_graph_diagnostic,-0.019230769230769232,0.08503364855249611,0.7125,40,"[40, 40, 40, 40]",0.993099973444259,0.2608333333333333,1.1235166401109258,0.003922100004274398,,
tune,1,11001,weak_conflict,kmeans50,0.1515393890195423,0.1515393890195423,0.0,32,"[38, 47, 32, 43]",0.6303444494433791,0.745,1.002844449443379,0.03472750002401881,,
tune,1,11001,weak_conflict,feature_hartigan,0.15157504681816186,0.15157504681816186,0.0,34,"[39, 44, 34, 43]",0.629952619458895,0.755,1.007452619458895,0.0033602000039536506,True,2
tune,1,11001,weak_conflict,joint_zero_reuse,0.1515393890195423,0.1515393890195423,0.0,32,"[38, 47, 32, 43]",0.6303444494433791,0.745,1.002844449443379,0.0006291999889072031,False,0
tune,1,11001,weak_conflict,kefrin_like_equal_scatter50,0.13118838059201635,0.1305418815669412,0.0125,25,"[49, 36, 25, 50]",0.631903857387201,0.7266666666666667,0.9952371907205344,0.0528100999945309,,
tune,1,11001,weak_conflict,joint_0.1,0.15798633928749228,0.15798633928749228,0.0,32,"[39, 46, 32, 43]",0.6301848509634754,0.745,1.0026848509634754,0.006365099980030209,True,2
tune,1,11001,weak_conflict,joint_0.25,0.14908112847613067,0.14341016162072423,0.01875,31,"[36, 53, 31, 40]",0.6332516580199721,0.7266666666666667,0.9965849913533054,0.013633299997309223,True,4
tune,1,11001,weak_conflict,joint_0.5,0.010341999721125235,0.031825535271190634,0.15625,4,"[4, 138, 13, 5]",0.8026979819970047,0.23416666666666666,0.919781315330338,0.048526300000958145,True,15
tune,1,11001,weak_conflict,joint_1,0.00027652561826858364,0.017661182153614098,0.11875,1,"[1, 1, 2, 156]",0.9396907597821923,0.04416666666666667,0.9617740931155256,0.03308379999361932,True,10
tune,1,11001,weak_conflict,kefrine_0.25,0.12402974605794978,0.12402974605794978,0.0,22,"[49, 35, 54, 22]",0.632359364025033,0.7241666666666666,0.9944426973583663,0.2258086999936495,True,
tune,1,11001,weak_conflict,kefrine_0.5,0.12402974605794978,0.12402974605794978,0.0,22,"[49, 35, 54, 22]",0.632359364025033,0.7241666666666666,0.9944426973583663,0.19574900000588968,True,
tune,1,11001,weak_conflict,kefrine_1,0.1219011266488382,0.13311267411391534,0.025,28,"[43, 35, 28, 54]",0.6342299445407646,0.7383333333333333,1.0033966112074313,0.2285122000030242,True,
tune,1,11001,weak_conflict,kefrine_2,0.15819324937793228,0.14578888901701664,0.0875,22,"[46, 63, 22, 29]",0.6511706264074438,0.6908333333333333,0.9965872930741104,0.1886942999844905,True,
tune,1,11001,weak_conflict,joint_alpha_0.5,0.010341999721125235,0.031825535271190634,0.15625,4,"[4, 138, 13, 5]",0.8026979819970047,0.23416666666666666,0.919781315330338,0.048526300000958145,True,15
tune,1,11001,weak_conflict,kefrine_equations_equal_scatter50,0.1219011266488382,0.13311267411391534,0.025,28,"[43, 35, 28, 54]",0.6342299445407646,0.7383333333333333,1.0033966112074313,0.2285122000030242,True,
tune,1,11001,strong_derived,kmeans50,0.9509548245983007,0.9509548245983007,0.0,39,"[40, 41, 39, 40]",0.5416858453323447,0.10333333333333333,0.5933525119990113,0.04650359999504872,,
tune,1,11001,strong_derived,feature_hartigan,0.9509548245983007,0.9509548245983007,0.0,39,"[40, 41, 39, 40]",0.5416858453323447,0.10333333333333333,0.5933525119990113,0.0018779999809339643,True,1
tune,1,11001,strong_derived,joint_zero_reuse,0.9509548245983007,0.9509548245983007,0.0,39,"[40, 41, 39, 40]",0.5416858453323447,0.10333333333333333,0.5933525119990113,0.0005950999911874533,False,0
tune,1,11001,strong_derived,kefrin_like_equal_scatter50,0.9509548245983007,0.9509548245983007,0.0,39,"[39, 41, 40, 40]",0.5416858453323447,0.10333333333333333,0.5933525119990113,0.04178159998264164,,
tune,1,11001,strong_derived,joint_0.1,0.9509548245983007,0.9509548245983007,0.0,39,"[40, 41, 39, 40]",0.5416858453323447,0.10333333333333333,0.5933525119990113,0.0035971999750472605,True,1
tune,1,11001,strong_derived,joint_0.25,0.9509548245983007,0.9509548245983007,0.0,39,"[40, 41, 39, 40]",0.5416858453323447,0.10333333333333333,0.5933525119990113,0.003484999993816018,True,1
tune,1,11001,strong_derived,joint_0.5,0.9509548245983007,0.9509548245983007,0.0,39,"[40, 41, 39, 40]",0.5416858453323447,0.10333333333333333,0.5933525119990113,0.0034263999841641635,True,1
tune,1,11001,strong_derived,joint_1,0.9509548245983007,0.9509548245983007,0.0,39,"[40, 41, 39, 40]",0.5416858453323447,0.10333333333333333,0.5933525119990113,0.003300600015791133,True,1
tune,1,11001,strong_derived,kefrine_0.25,0.9509548245983007,0.9509548245983007,0.0,39,"[39, 41, 40, 40]",0.5416858453323447,0.10333333333333333,0.5933525119990113,0.2255913000262808,True,
tune,1,11001,strong_derived,kefrine_0.5,0.9509548245983007,0.9509548245983007,0.0,39,"[39, 41, 40, 40]",0.5416858453323447,0.10333333333333333,0.5933525119990113,0.18869140002061613,True,
tune,1,11001,strong_derived,kefrine_1,0.9509548245983007,0.9509548245983007,0.0,39,"[39, 40, 40, 41]",0.5416858453323447,0.10333333333333333,0.5933525119990113,0.15381680001155473,True,
tune,1,11001,strong_derived,kefrine_2,0.9509548245983007,0.9509548245983007,0.0,39,"[39, 40, 40, 41]",0.5416858453323447,0.10333333333333333,0.5933525119990113,0.13756659999489784,True,
tune,1,11001,strong_derived,joint_alpha_0.5,0.9509548245983007,0.9509548245983007,0.0,39,"[40, 41, 39, 40]",0.5416858453323447,0.10333333333333333,0.5933525119990113,0.0034263999841641635,True,1
tune,1,11001,strong_derived,kefrine_equations_equal_scatter50,0.9509548245983007,0.9509548245983007,0.0,39,"[39, 40, 40, 41]",0.5416858453323447,0.10333333333333333,0.5933525119990113,0.15381680001155473,True,
tune,2,11001,strong_noise,kmeans50,0.983226974646172,0.983226974646172,0.0,39,"[39, 41, 40, 40]",0.43304495937999693,0.7508333333333334,0.8084616260466636,0.027510100015206262,,
tune,2,11001,strong_noise,feature_hartigan,0.983226974646172,0.983226974646172,0.0,39,"[39, 41, 40, 40]",0.43304495937999693,0.7508333333333334,0.8084616260466636,0.0017248000076506287,True,1
tune,2,11001,strong_noise,joint_zero_reuse,0.983226974646172,0.983226974646172,0.0,39,"[39, 41, 40, 40]",0.43304495937999693,0.7508333333333334,0.8084616260466636,0.000682699988828972,False,0
tune,2,11001,strong_noise,kefrin_like_equal_scatter50,0.9668893267336248,0.9668893267336248,0.0,38,"[40, 38, 42, 40]",0.4331146938825985,0.7508333333333334,0.8085313605492652,0.04008589999284595,,
tune,2,11001,strong_noise,joint_0.1,0.983226974646172,0.983226974646172,0.0,39,"[39, 41, 40, 40]",0.43304495937999693,0.7508333333333334,0.8084616260466636,0.003491900017252192,True,1
tune,2,11001,strong_noise,joint_0.25,0.9668893267336248,0.9509548245983007,0.00625,38,"[42, 38, 40, 40]",0.4336766213359478,0.745,0.8061766213359478,0.009406000026501715,True,3
tune,2,11001,strong_noise,joint_0.5,0.9668893267336248,0.9509548245983007,0.00625,38,"[42, 38, 40, 40]",0.4336766213359478,0.745,0.8061766213359478,0.009115200024098158,True,3
tune,2,11001,strong_noise,joint_1,0.8860598345003182,0.9509548245983007,0.025,38,"[39, 40, 43, 38]",0.4466929167912145,0.7316666666666667,0.8125262501245478,0.009299099998315796,True,3
tune,2,11001,strong_noise,kefrine_0.25,0.9668893267336248,0.9668893267336248,0.0,38,"[40, 38, 42, 40]",0.4331146938825985,0.7508333333333334,0.8085313605492652,0.13637500000186265,True,
tune,2,11001,strong_noise,kefrine_0.5,0.966875,0.966875,0.0,40,"[40, 40, 40, 40]",0.43314189545426524,0.75,0.8081418954542652,0.1512302000191994,True,
tune,2,11001,strong_noise,kefrine_1,0.9505622745597284,0.9668893267336248,0.00625,37,"[40, 37, 42, 41]",0.4334137913163046,0.7533333333333333,0.8100804579829712,0.13081750000128523,True,
tune,2,11001,strong_noise,kefrine_2,0.9346276450894645,0.9346276450894645,0.0,38,"[40, 40, 42, 38]",0.4336573856238575,0.7541666666666667,0.8107407189571909,0.11906390002695844,True,
tune,2,11001,strong_noise,joint_alpha_0.5,0.9668893267336248,0.9509548245983007,0.00625,38,"[42, 38, 40, 40]",0.4336766213359478,0.745,0.8061766213359478,0.009115200024098158,True,3
tune,2,11001,strong_noise,kefrine_equations_equal_scatter50,0.9505622745597284,0.9668893267336248,0.00625,37,"[40, 37, 42, 41]",0.4334137913163046,0.7533333333333333,0.8100804579829712,0.13081750000128523,True,
tune,2,11001,weak_independent,spectral_graph_diagnostic,1.0,0.18866959239630046,0.425,40,"[40, 40, 40, 40]",0.8441655834830177,0.26916666666666667,0.978748916816351,0.004581599991070107,,
tune,2,11001,weak_independent,kmeans50,0.12079622797213442,0.12079622797213442,0.0,39,"[40, 41, 39, 40]",0.6606626753282002,0.7016666666666667,1.0114960086615334,0.03460569999879226,,
tune,2,11001,weak_independent,feature_hartigan,0.11542541905368131,0.11542541905368131,0.0,37,"[41, 37, 40, 42]",0.659735915325371,0.7058333333333333,1.0126525819920378,0.008570699981646612,True,5
tune,2,11001,weak_independent,joint_zero_reuse,0.12079622797213442,0.12079622797213442,0.0,39,"[40, 41, 39, 40]",0.6606626753282002,0.7016666666666667,1.0114960086615334,0.0006804000004194677,False,0
tune,2,11001,weak_independent,kefrin_like_equal_scatter50,0.2276277686467872,0.18698436007358107,0.05625,24,"[38, 52, 24, 46]",0.6770740691636655,0.6041666666666666,0.9791574024969989,0.04920710000442341,,
tune,2,11001,weak_independent,joint_0.1,0.15840704778136513,0.1332980883607483,0.01875,37,"[37, 40, 39, 44]",0.6617549565620656,0.67,0.9967549565620657,0.009136399981798604,True,3
tune,2,11001,weak_independent,joint_0.25,0.16543109170445366,0.1332980883607483,0.0375,37,"[39, 39, 37, 45]",0.6635580167275501,0.6591666666666667,0.9931413500608834,0.00918900000397116,True,3
tune,2,11001,weak_independent,joint_0.5,0.27903063471095174,0.1350889968603388,0.13125,32,"[36, 56, 32, 36]",0.6896974377030557,0.575,0.9771974377030557,0.012060600012773648,True,4
tune,2,11001,weak_independent,joint_1,0.6384212862141213,0.16552234421074394,0.325,1,"[79, 40, 1, 40]",0.860460990952614,0.24583333333333332,0.9833776576192806,0.02374860001145862,True,8
tune,2,11001,weak_independent,kefrine_0.25,0.11480098166732297,0.10916747264643956,0.00625,31,"[47, 42, 40, 31]",0.6635401504842088,0.6791666666666667,1.003123483817542,0.1887194000009913,True,
tune,2,11001,weak_independent,kefrine_0.5,0.13876511775938893,0.1245720463691513,0.0125,38,"[43, 38, 39, 40]",0.660811449886457,0.6941666666666667,1.0078947832197904,0.18482319999020547,True,
tune,2,11001,weak_independent,kefrine_1,0.23327724942225617,0.16616447329244327,0.05625,34,"[48, 35, 34, 43]",0.6741356400012406,0.63,0.9891356400012405,0.19088740000734106,True,
tune,2,11001,weak_independent,kefrine_2,0.5381112603883057,0.21918656583100102,0.2125,32,"[41, 51, 36, 32]",0.7342752022107552,0.44583333333333336,0.9571918688774218,0.19308480000472628,True,
tune,2,11001,weak_independent,joint_alpha_0.5,0.27903063471095174,0.1350889968603388,0.13125,32,"[36, 56, 32, 36]",0.6896974377030557,0.575,0.9771974377030557,0.012060600012773648,True,4
tune,2,11001,weak_independent,kefrine_equations_equal_scatter50,0.23327724942225617,0.16616447329244327,0.05625,34,"[48, 35, 34, 43]",0.6741356400012406,0.63,0.9891356400012405,0.19088740000734106,True,
tune,2,11001,weak_derived,spectral_graph_diagnostic,0.06067273078545715,0.07088174901783913,0.10625,30,"[30, 35, 42, 53]",0.696927293594389,0.3575,0.875677293594389,0.004233699990436435,,
tune,2,11001,weak_derived,kmeans50,0.12079622797213442,0.12079622797213442,0.0,39,"[40, 41, 39, 40]",0.6606626753282002,0.37833333333333335,0.8498293419948669,0.03460569999879226,,
tune,2,11001,weak_derived,feature_hartigan,0.11542541905368131,0.11542541905368131,0.0,37,"[41, 37, 40, 42]",0.659735915325371,0.3825,0.850985915325371,0.008570699981646612,True,5
tune,2,11001,weak_derived,joint_zero_reuse,0.12079622797213442,0.12079622797213442,0.0,39,"[40, 41, 39, 40]",0.6606626753282002,0.37833333333333335,0.8498293419948669,0.000611299998126924,False,0
tune,2,11001,weak_derived,kefrin_like_equal_scatter50,0.05502450540554552,0.05502450540554552,0.0,34,"[47, 34, 39, 40]",0.6649053896255527,0.3641666666666667,0.846988722958886,0.04882650001673028,,
tune,2,11001,weak_derived,joint_0.1,0.12674109771779496,0.12674109771779496,0.0,39,"[40, 40, 39, 41]",0.6606317768470855,0.37666666666666665,0.8489651101804189,0.006625200010603294,True,2
tune,2,11001,weak_derived,joint_0.25,0.14437949819078294,0.14743214449290082,0.00625,31,"[31, 43, 39, 47]",0.6623111281117625,0.35833333333333334,0.8414777947784292,0.017323800013400614,True,6
tune,2,11001,weak_derived,joint_0.5,0.1235197610166327,0.14743214449290082,0.025,30,"[30, 43, 40, 47]",0.6640747693097707,0.3541666666666667,0.8411581026431041,0.01796289999037981,True,6
tune,2,11001,weak_derived,joint_1,0.13853936236848155,0.15455048508517355,0.04375,29,"[29, 45, 39, 47]",0.6682257020463134,0.3475,0.8419757020463133,0.012117300007957965,True,4
tune,2,11001,weak_derived,kefrine_0.25,0.11534169316613668,0.109985192299996,0.00625,36,"[43, 39, 42, 36]",0.6605315032385993,0.37583333333333335,0.848448169905266,0.20092130001285113,True,
tune,2,11001,weak_derived,kefrine_0.5,0.12537900123437556,0.11202546324064522,0.025,36,"[46, 39, 39, 36]",0.6629711495826998,0.36833333333333335,0.8471378162493665,0.18098510001436807,True,
tune,2,11001,weak_derived,kefrine_1,0.05121007984031936,0.0518735577166295,0.00625,24,"[56, 24, 40, 40]",0.6676388849018451,0.3383333333333333,0.8368055515685118,0.1822905000008177,True,
tune,2,11001,weak_derived,kefrine_2,0.1232166173528672,0.11348844646997681,0.01875,36,"[46, 37, 41, 36]",0.6642955679527575,0.36666666666666664,0.8476289012860908,0.14983260000008158,True,
tune,2,11001,weak_derived,joint_alpha_0.5,0.1235197610166327,0.14743214449290082,0.025,30,"[30, 43, 40, 47]",0.6640747693097707,0.3541666666666667,0.8411581026431041,0.01796289999037981,True,6
tune,2,11001,weak_derived,kefrine_equations_equal_scatter50,0.05121007984031936,0.0518735577166295,0.00625,24,"[56, 24, 40, 40]",0.6676388849018451,0.3383333333333333,0.8368055515685118,0.1822905000008177,True,
tune,2,11001,weak_noise,spectral_graph_diagnostic,0.00421995945994002,0.021599636715433673,0.6,31,"[31, 33, 48, 48]",0.9620898562510836,0.5633333333333334,1.2437565229177503,0.00587749999249354,,
tune,2,11001,weak_noise,kmeans50,0.12079622797213442,0.12079622797213442,0.0,39,"[40, 41, 39, 40]",0.6606626753282002,0.7383333333333333,1.029829341994867,0.03460569999879226,,
tune,2,11001,weak_noise,feature_hartigan,0.11542541905368131,0.11542541905368131,0.0,37,"[41, 37, 40, 42]",0.659735915325371,0.7308333333333333,1.0251525819920377,0.008570699981646612,True,5
tune,2,11001,weak_noise,joint_zero_reuse,0.12079622797213442,0.12079622797213442,0.0,39,"[40, 41, 39, 40]",0.6606626753282002,0.7383333333333333,1.029829341994867,0.0006132000125944614,False,0
tune,2,11001,weak_noise,kefrin_like_equal_scatter50,0.06376507353379691,0.0735527809307605,0.01875,35,"[39, 36, 50, 35]",0.6664296336286587,0.7291666666666666,1.031012966961992,0.04900820000329986,,
tune,2,11001,weak_noise,joint_0.1,0.11623188753766552,0.11542541905368131,0.00625,36,"[41, 36, 41, 42]",0.6600236687622395,0.7275,1.0237736687622396,0.017666100000496954,True,6
tune,2,11001,weak_noise,joint_0.25,0.1424236245217162,0.12565633748663294,0.025,36,"[36, 38, 43, 43]",0.6619167285009423,0.7175,1.0206667285009423,0.008990999980596825,True,3
tune,2,11001,weak_noise,joint_0.5,0.12294641256944859,0.1450963939666367,0.05625,31,"[31, 43, 44, 42]",0.6709423059757684,0.6908333333333333,1.0163589726424351,0.012164599989773706,True,4
tune,2,11001,weak_noise,joint_1,6.099829814748169e-05,0.0056555951990280755,0.1,1,"[2, 1, 1, 156]",0.9434484291109303,0.035833333333333335,0.961365095777597,0.026872899994486943,True,9
tune,2,11001,weak_noise,kefrine_0.25,0.11091350428993728,0.11091350428993728,0.0,39,"[41, 39, 39, 41]",0.6599098996597204,0.7383333333333333,1.029076566326387,0.20550149999326095,True,
tune,2,11001,weak_noise,kefrine_0.5,0.06766357076544863,0.07489202866474452,0.00625,35,"[46, 35, 44, 35]",0.6659314133410538,0.7583333333333333,1.0450980800077203,0.19103879999602214,True,
tune,2,11001,weak_noise,kefrine_1,0.07534585665118085,0.0912290726697698,0.01875,30,"[47, 36, 47, 30]",0.6695348230299416,0.7366666666666667,1.037868156363275,0.19180999998934567,True,
tune,2,11001,weak_noise,kefrine_2,0.12138992728591934,0.12463508373658323,0.075,28,"[46, 50, 28, 36]",0.677580012575328,0.7333333333333333,1.0442466792419947,0.19223060001968406,True,
tune,2,11001,weak_noise,joint_alpha_0.5,0.12294641256944859,0.1450963939666367,0.05625,31,"[31, 43, 44, 42]",0.6709423059757684,0.6908333333333333,1.0163589726424351,0.012164599989773706,True,4
tune,2,11001,weak_noise,kefrine_equations_equal_scatter50,0.07534585665118085,0.0912290726697698,0.01875,30,"[47, 36, 47, 30]",0.6695348230299416,0.7366666666666667,1.037868156363275,0.19180999998934567,True,
tune,2,11001,weak_conflict,spectral_graph_diagnostic,-0.019230769230769232,0.05946950110121613,0.65,40,"[40, 40, 40, 40]",0.9820312978842355,0.2608333333333333,1.1124479645509022,0.0035108000156469643,,
tune,2,11001,weak_conflict,kmeans50,0.12079622797213442,0.12079622797213442,0.0,39,"[40, 41, 39, 40]",0.6606626753282002,0.7675,1.0444126753282001,0.03460569999879226,,
tune,2,11001,weak_conflict,feature_hartigan,0.11542541905368131,0.11542541905368131,0.0,37,"[41, 37, 40, 42]",0.659735915325371,0.7591666666666667,1.0393192486587044,0.008570699981646612,True,5
tune,2,11001,weak_conflict,joint_zero_reuse,0.12079622797213442,0.12079622797213442,0.0,39,"[40, 41, 39, 40]",0.6606626753282002,0.7675,1.0444126753282001,0.0006448999920394272,False,0
tune,2,11001,weak_conflict,kefrin_like_equal_scatter50,0.06305605736139193,0.07091009940183321,0.0125,35,"[43, 36, 46, 35]",0.664410262649361,0.7558333333333334,1.0423269293160278,0.05264829998486675,,
tune,2,11001,weak_conflict,joint_0.1,0.11604087366866392,0.11604087366866392,0.0,37,"[40, 37, 40, 43]",0.659741694122784,0.7566666666666667,1.0380750274561175,0.012348399992333725,True,4
tune,2,11001,weak_conflict,joint_0.25,0.10328683470035323,0.12184660646688013,0.03125,36,"[39, 36, 38, 47]",0.6639095914844707,0.74,1.0339095914844707,0.01205269998172298,True,4
tune,2,11001,weak_conflict,joint_0.5,0.07712058260585407,0.0911161369678213,0.0875,30,"[34, 36, 30, 60]",0.6789113703356883,0.7041666666666667,1.0309947036690217,0.020736899983603507,True,7
tune,2,11001,weak_conflict,joint_1,0.00022966868241947755,0.02102758855082529,0.1375,1,"[2, 2, 1, 155]",0.9323607180791766,0.05583333333333333,0.9602773847458433,0.02288780000526458,True,7
tune,2,11001,weak_conflict,kefrine_0.25,0.11149005668171774,0.11149005668171774,0.0,38,"[38, 42, 42, 38]",0.6636713106318999,0.7733333333333333,1.0503379772985666,0.23771499999566004,True,
tune,2,11001,weak_conflict,kefrine_0.5,0.1161475013293991,0.1129955717843387,0.01875,35,"[43, 40, 42, 35]",0.6638150404899975,0.7766666666666666,1.0521483738233308,0.1892441000090912,True,
tune,2,11001,weak_conflict,kefrine_1,0.10836376698796624,0.12247723307885597,0.0375,33,"[44, 42, 41, 33]",0.6658621285447459,0.775,1.0533621285447459,0.1949037999729626,True,
tune,2,11001,weak_conflict,kefrine_2,0.05994506770445464,0.06090527089424659,0.06875,37,"[37, 41, 41, 41]",0.677134986646174,0.7358333333333333,1.0450516533128407,0.1809718000004068,True,
tune,2,11001,weak_conflict,joint_alpha_0.5,0.07712058260585407,0.0911161369678213,0.0875,30,"[34, 36, 30, 60]",0.6789113703356883,0.7041666666666667,1.0309947036690217,0.020736899983603507,True,7
tune,2,11001,weak_conflict,kefrine_equations_equal_scatter50,0.10836376698796624,0.12247723307885597,0.0375,33,"[44, 42, 41, 33]",0.6658621285447459,0.775,1.0533621285447459,0.1949037999729626,True,
tune,2,11001,strong_derived,kmeans50,0.983226974646172,0.983226974646172,0.0,39,"[39, 41, 40, 40]",0.43304495937999693,0.058333333333333334,0.4622116260466636,0.027510100015206262,,
tune,2,11001,strong_derived,feature_hartigan,0.983226974646172,0.983226974646172,0.0,39,"[39, 41, 40, 40]",0.43304495937999693,0.058333333333333334,0.4622116260466636,0.0017248000076506287,True,1
tune,2,11001,strong_derived,joint_zero_reuse,0.983226974646172,0.983226974646172,0.0,39,"[39, 41, 40, 40]",0.43304495937999693,0.058333333333333334,0.4622116260466636,0.0006256000197026879,False,0
tune,2,11001,strong_derived,kefrin_like_equal_scatter50,0.983226974646172,0.983226974646172,0.0,39,"[39, 41, 40, 40]",0.43304495937999693,0.058333333333333334,0.4622116260466636,0.03578409997862764,,
tune,2,11001,strong_derived,joint_0.1,0.983226974646172,0.983226974646172,0.0,39,"[39, 41, 40, 40]",0.43304495937999693,0.058333333333333334,0.4622116260466636,0.003600200026994571,True,1
tune,2,11001,strong_derived,joint_0.25,0.983226974646172,0.983226974646172,0.0,39,"[39, 41, 40, 40]",0.43304495937999693,0.058333333333333334,0.4622116260466636,0.003338200011057779,True,1
tune,2,11001,strong_derived,joint_0.5,0.983226974646172,0.983226974646172,0.0,39,"[39, 41, 40, 40]",0.43304495937999693,0.058333333333333334,0.4622116260466636,0.003393599996343255,True,1
tune,2,11001,strong_derived,joint_1,0.983226974646172,0.983226974646172,0.0,39,"[39, 41, 40, 40]",0.43304495937999693,0.058333333333333334,0.4622116260466636,0.0032831999997142702,True,1
tune,2,11001,strong_derived,kefrine_0.25,0.983226974646172,0.983226974646172,0.0,39,"[40, 41, 39, 40]",0.43304495937999693,0.058333333333333334,0.4622116260466636,0.14380800002254546,True,
tune,2,11001,strong_derived,kefrine_0.5,0.983226974646172,0.983226974646172,0.0,39,"[40, 41, 39, 40]",0.43304495937999693,0.058333333333333334,0.4622116260466636,0.13048600000911392,True,
tune,2,11001,strong_derived,kefrine_1,0.983226974646172,0.983226974646172,0.0,39,"[40, 41, 39, 40]",0.43304495937999693,0.058333333333333334,0.4622116260466636,0.11619870000868104,True,
tune,2,11001,strong_derived,kefrine_2,0.983226974646172,0.983226974646172,0.0,39,"[40, 41, 39, 40]",0.43304495937999693,0.058333333333333334,0.4622116260466636,0.08712489999015816,True,
tune,2,11001,strong_derived,joint_alpha_0.5,0.983226974646172,0.983226974646172,0.0,39,"[39, 41, 40, 40]",0.43304495937999693,0.058333333333333334,0.4622116260466636,0.003393599996343255,True,1
tune,2,11001,strong_derived,kefrine_equations_equal_scatter50,0.983226974646172,0.983226974646172,0.0,39,"[40, 41, 39, 40]",0.43304495937999693,0.058333333333333334,0.4622116260466636,0.11619870000868104,True,
tune,1,11002,strong_noise,kmeans50,0.9666734753545524,0.9666734753545524,0.0,38,"[41, 40, 41, 38]",0.5465240544855791,0.7475,0.9202740544855791,0.033150300005218014,,
tune,1,11002,strong_noise,feature_hartigan,0.9666734753545524,0.9666734753545524,0.0,38,"[41, 40, 41, 38]",0.5465240544855791,0.7475,0.9202740544855791,0.0017139999836217612,True,1
tune,1,11002,strong_noise,joint_zero_reuse,0.9666734753545524,0.9666734753545524,0.0,38,"[41, 40, 41, 38]",0.5465240544855791,0.7475,0.9202740544855791,0.0007060999923851341,False,0
tune,1,11002,strong_noise,kefrin_like_equal_scatter50,0.9666734753545524,0.9666734753545524,0.0,38,"[40, 38, 41, 41]",0.5465240544855791,0.7475,0.9202740544855791,0.04778039999655448,,
tune,1,11002,strong_noise,joint_0.1,0.9666734753545524,0.9666734753545524,0.0,38,"[41, 40, 41, 38]",0.5465240544855791,0.7475,0.9202740544855791,0.0035192000214010477,True,1
tune,1,11002,strong_noise,joint_0.25,0.9666734753545524,0.9666734753545524,0.0,38,"[41, 40, 41, 38]",0.5465240544855791,0.7475,0.9202740544855791,0.0033425000146962702,True,1
tune,1,11002,strong_noise,joint_0.5,0.966875,0.9666734753545524,0.0125,40,"[40, 40, 40, 40]",0.5502289589332972,0.7391666666666666,0.9198122922666305,0.00919479998992756,True,3
tune,1,11002,strong_noise,joint_1,0.8852855159611284,0.9666734753545524,0.04375,36,"[43, 40, 41, 36]",0.5682688891293991,0.7158333333333333,0.9261855557960658,0.006703999999444932,True,2
tune,1,11002,strong_noise,kefrine_0.25,0.9505622745597284,0.9505622745597284,0.0,37,"[40, 42, 41, 37]",0.5468946926616248,0.7475,0.9206446926616249,0.21661170001607388,True,
tune,1,11002,strong_noise,kefrine_0.5,0.8244520007529608,0.8367283987709663,0.00625,38,"[38, 41, 41, 40]",0.5508510582337452,0.7616666666666667,0.9316843915670786,0.22105540000484325,True,
tune,1,11002,strong_noise,kefrine_1,0.8494674053688103,0.8626607551235377,0.00625,39,"[40, 40, 39, 41]",0.5498346185840927,0.7566666666666667,0.928167951917426,0.25156170001719147,True,
tune,1,11002,strong_noise,kefrine_2,0.6020009116863799,0.6399321026946743,0.01875,37,"[45, 39, 39, 37]",0.5638483611476839,0.7425,0.935098361147684,0.19333979999646544,True,
tune,1,11002,strong_noise,joint_alpha_0.5,0.966875,0.9666734753545524,0.0125,40,"[40, 40, 40, 40]",0.5502289589332972,0.7391666666666666,0.9198122922666305,0.00919479998992756,True,3
tune,1,11002,strong_noise,kefrine_equations_equal_scatter50,0.8494674053688103,0.8626607551235377,0.00625,39,"[40, 40, 39, 41]",0.5498346185840927,0.7566666666666667,0.928167951917426,0.25156170001719147,True,
tune,1,11002,weak_independent,spectral_graph_diagnostic,0.983226974646172,0.34330728822849277,0.31875,39,"[39, 40, 40, 41]",0.8047216177974188,0.2825,0.9459716177974188,0.0038880000065546483,,
tune,1,11002,weak_independent,kmeans50,0.1198742454929313,0.1198742454929313,0.0,35,"[38, 43, 44, 35]",0.6607119496797959,0.6958333333333333,1.0086286163464626,0.037584600009722635,,
tune,1,11002,weak_independent,feature_hartigan,0.11390489424485999,0.11390489424485999,0.0,34,"[40, 45, 41, 34]",0.6600401676174767,0.6941666666666667,1.0071235009508102,0.005057999980635941,True,3
tune,1,11002,weak_independent,joint_zero_reuse,0.1198742454929313,0.1198742454929313,0.0,35,"[38, 43, 44, 35]",0.6607119496797959,0.6958333333333333,1.0086286163464626,0.001022800017381087,False,0
tune,1,11002,weak_independent,kefrin_like_equal_scatter50,0.3057708151739125,0.2285326141244631,0.05625,34,"[38, 39, 34, 49]",0.6738877645533969,0.5891666666666666,0.9684710978867302,0.05160310000064783,,
tune,1,11002,weak_independent,joint_0.1,0.13203598076339293,0.13203598076339293,0.0,34,"[40, 44, 42, 34]",0.6603404035793728,0.6816666666666666,1.001173736912706,0.01472720000310801,True,5
tune,1,11002,weak_independent,joint_0.25,0.30188904973261393,0.19817525991937196,0.075,34,"[45, 37, 34, 44]",0.6724377911682929,0.5866666666666667,0.9657711245016263,0.020683799986727536,True,7
tune,1,11002,weak_independent,joint_0.5,0.7296620775969962,0.2947358352960868,0.25,25,"[41, 25, 49, 45]",0.7443461763539835,0.3641666666666667,0.9264295096873169,0.01848609998705797,True,6
tune,1,11002,weak_independent,joint_1,0.9666662660689749,0.34035079315657957,0.3,39,"[41, 40, 39, 40]",0.7912811671218797,0.29083333333333333,0.9366978337885463,0.012861399998655543,True,4
tune,1,11002,weak_independent,kefrine_0.25,0.16919831223628692,0.16951476667105142,0.00625,32,"[44, 46, 38, 32]",0.6619437023339932,0.67,0.9969437023339933,0.20899779998580925,True,
tune,1,11002,weak_independent,kefrine_0.5,0.19111376768280533,0.18116938779578573,0.00625,33,"[41, 47, 39, 33]",0.6623811794769595,0.6591666666666667,0.9919645128102929,0.20814279999467544,True,
tune,1,11002,weak_independent,kefrine_1,0.38476610042338555,0.2284714800894962,0.10625,36,"[47, 36, 37, 40]",0.6839680225509704,0.57,0.9689680225509705,0.20579109998652712,True,
tune,1,11002,weak_independent,kefrine_2,0.7613700886894909,0.320520939124201,0.25,37,"[39, 45, 39, 37]",0.7469949974644086,0.37416666666666665,0.9340783307977418,0.18975829999544658,True,
tune,1,11002,weak_independent,joint_alpha_0.5,0.7296620775969962,0.2947358352960868,0.25,25,"[41, 25, 49, 45]",0.7443461763539835,0.3641666666666667,0.9264295096873169,0.01848609998705797,True,6
tune,1,11002,weak_independent,kefrine_equations_equal_scatter50,0.38476610042338555,0.2284714800894962,0.10625,36,"[47, 36, 37, 40]",0.6839680225509704,0.57,0.9689680225509705,0.20579109998652712,True,
tune,1,11002,weak_derived,spectral_graph_diagnostic,0.13129996212347747,0.1017380144174833,0.125,33,"[33, 39, 42, 46]",0.6831379304039824,0.3541666666666667,0.8602212637373158,0.004046499991090968,,
tune,1,11002,weak_derived,kmeans50,0.1198742454929313,0.1198742454929313,0.0,35,"[38, 43, 44, 35]",0.6607119496797959,0.395,0.8582119496797959,0.037584600009722635,,
tune,1,11002,weak_derived,feature_hartigan,0.11390489424485999,0.11390489424485999,0.0,34,"[40, 45, 41, 34]",0.6600401676174767,0.3883333333333333,0.8542068342841433,0.005057999980635941,True,3
tune,1,11002,weak_derived,joint_zero_reuse,0.1198742454929313,0.1198742454929313,0.0,35,"[38, 43, 44, 35]",0.6607119496797959,0.395,0.8582119496797959,0.0005967000033706427,False,0
tune,1,11002,weak_derived,kefrin_like_equal_scatter50,0.15514329856162498,0.15780241734092498,0.01875,35,"[41, 46, 35, 38]",0.6625665352894551,0.3525,0.8388165352894551,0.05047980000381358,,
tune,1,11002,weak_derived,joint_0.1,0.12570995230397733,0.12570995230397733,0.0,33,"[41, 44, 42, 33]",0.660386374689799,0.38083333333333336,0.8508030413564657,0.009189500007778406,True,3
tune,1,11002,weak_derived,joint_0.25,0.14971227583236627,0.13415296617616515,0.03125,33,"[41, 46, 40, 33]",0.6629602921041013,0.3616666666666667,0.8437936254374347,0.009127099998295307,True,3
tune,1,11002,weak_derived,joint_0.5,0.14884053651266765,0.15955368263556452,0.05,31,"[47, 44, 38, 31]",0.6652561889196477,0.35083333333333333,0.8406728555863143,0.014603999996325001,True,5
tune,1,11002,weak_derived,joint_1,0.1567807744678818,0.1668002312461376,0.05625,33,"[47, 43, 37, 33]",0.6669730938721032,0.3491666666666667,0.8415564272054366,0.009191499993903562,True,3
tune,1,11002,weak_derived,kefrine_0.25,0.13152275617187686,0.13152275617187686,0.0,35,"[43, 41, 35, 41]",0.661364032805853,0.37083333333333335,0.8467806994725197,0.22077919999719597,True,
tune,1,11002,weak_derived,kefrine_0.5,0.17011593197913305,0.16891334250343878,0.00625,34,"[47, 37, 34, 42]",0.66416340243707,0.345,0.8366634024370699,0.21687840000959113,True,
tune,1,11002,weak_derived,kefrine_1,0.1627573001436094,0.16891334250343878,0.0125,34,"[38, 46, 34, 42]",0.6645671259140234,0.3441666666666667,0.8366504592473568,0.22479800001019612,True,
tune,1,11002,weak_derived,kefrine_2,0.15955554492011453,0.16891334250343878,0.025,35,"[35, 41, 37, 47]",0.6658186825447601,0.345,0.83831868254476,0.19342200001119636,True,
tune,1,11002,weak_derived,joint_alpha_0.5,0.14884053651266765,0.15955368263556452,0.05,31,"[47, 44, 38, 31]",0.6652561889196477,0.35083333333333333,0.8406728555863143,0.014603999996325001,True,5
tune,1,11002,weak_derived,kefrine_equations_equal_scatter50,0.1627573001436094,0.16891334250343878,0.0125,34,"[38, 46, 34, 42]",0.6645671259140234,0.3441666666666667,0.8366504592473568,0.22479800001019612,True,
tune,1,11002,weak_noise,spectral_graph_diagnostic,0.006959864522904387,0.09060406691423181,0.6375,24,"[24, 37, 40, 59]",0.9885998277160024,0.56,1.2685998277160024,0.005540700018173084,,
tune,1,11002,weak_noise,kmeans50,0.1198742454929313,0.1198742454929313,0.0,35,"[38, 43, 44, 35]",0.6607119496797959,0.7583333333333333,1.0398786163464626,0.037584600009722635,,
tune,1,11002,weak_noise,feature_hartigan,0.11390489424485999,0.11390489424485999,0.0,34,"[40, 45, 41, 34]",0.6600401676174767,0.7575,1.0387901676174767,0.005057999980635941,True,3
tune,1,11002,weak_noise,joint_zero_reuse,0.1198742454929313,0.1198742454929313,0.0,35,"[38, 43, 44, 35]",0.6607119496797959,0.7583333333333333,1.0398786163464626,0.0006505000055767596,False,0
tune,1,11002,weak_noise,kefrin_like_equal_scatter50,0.12775347849513485,0.13384229989263988,0.025,30,"[50, 30, 38, 42]",0.6666493494057095,0.7483333333333333,1.0408160160723763,0.05699569999706,,
tune,1,11002,weak_noise,joint_0.1,0.12646304648649512,0.11990355982404458,0.00625,35,"[36, 46, 43, 35]",0.6611191497378153,0.7375,1.0298691497378152,0.012224500009324402,True,4
tune,1,11002,weak_noise,joint_0.25,0.12235277226064276,0.11644445509249832,0.0125,33,"[33, 43, 45, 39]",0.6621970990029947,0.7291666666666666,1.026780432336328,0.021968399989418685,True,7
tune,1,11002,weak_noise,joint_0.5,0.001305899970901142,0.03594404479360232,0.20625,4,"[4, 9, 138, 9]",0.8446270615642337,0.205,0.9471270615642338,0.03631290001794696,True,12
tune,1,11002,weak_noise,joint_1,-0.00015452902197362028,0.01352503336074487,0.31875,1,"[1, 2, 156, 1]",0.9580202419424744,0.03333333333333333,0.9746869086091411,0.015461900009540841,True,5
tune,1,11002,weak_noise,kefrine_0.25,0.1277318056439635,0.11993245946767818,0.00625,38,"[43, 39, 40, 38]",0.6609708838993704,0.7583333333333333,1.040137550566037,0.2319994000135921,True,
tune,1,11002,weak_noise,kefrine_0.5,0.10928817675938465,0.11433597185576078,0.00625,35,"[44, 43, 38, 35]",0.6616972187365273,0.7425,1.0329472187365274,0.231165700010024,True,
tune,1,11002,weak_noise,kefrine_1,0.12294641256944859,0.11789240314528605,0.0125,31,"[43, 44, 31, 42]",0.6627249324034016,0.7516666666666667,1.038558265736735,0.2904870999918785,True,
tune,1,11002,weak_noise,kefrine_2,0.16127545412643446,0.14307974956460748,0.0625,33,"[55, 34, 38, 33]",0.6711842683987622,0.7291666666666666,1.0357676017320956,0.200197099999059,True,
tune,1,11002,weak_noise,joint_alpha_0.5,0.001305899970901142,0.03594404479360232,0.20625,4,"[4, 9, 138, 9]",0.8446270615642337,0.205,0.9471270615642338,0.03631290001794696,True,12
tune,1,11002,weak_noise,kefrine_equations_equal_scatter50,0.12294641256944859,0.11789240314528605,0.0125,31,"[43, 44, 31, 42]",0.6627249324034016,0.7516666666666667,1.038558265736735,0.2904870999918785,True,
tune,1,11002,weak_conflict,spectral_graph_diagnostic,-0.019230769230769232,0.020815472190683627,0.6375,40,"[40, 40, 40, 40]",0.9698590885017374,0.2833333333333333,1.1115257551684041,0.004126699990592897,,
tune,1,11002,weak_conflict,kmeans50,0.1198742454929313,0.1198742454929313,0.0,35,"[38, 43, 44, 35]",0.6607119496797959,0.7625,1.0419619496797958,0.037584600009722635,,
tune,1,11002,weak_conflict,feature_hartigan,0.11390489424485999,0.11390489424485999,0.0,34,"[40, 45, 41, 34]",0.6600401676174767,0.7616666666666667,1.04087350095081,0.005057999980635941,True,3
tune,1,11002,weak_conflict,joint_zero_reuse,0.1198742454929313,0.1198742454929313,0.0,35,"[38, 43, 44, 35]",0.6607119496797959,0.7625,1.0419619496797958,0.0006565999938175082,False,0
tune,1,11002,weak_conflict,kefrin_like_equal_scatter50,0.14057028314506242,0.15332622269093873,0.025,34,"[41, 45, 34, 40]",0.666144675989259,0.7416666666666667,1.0369780093225924,0.051370699977269396,,
tune,1,11002,weak_conflict,joint_0.1,0.12674432060782365,0.12674432060782365,0.0,33,"[40, 44, 43, 33]",0.6601573591154339,0.7483333333333333,1.0343240257821007,0.014932499994756654,True,5
tune,1,11002,weak_conflict,joint_0.25,0.14369779349115724,0.14220998223871958,0.01875,31,"[41, 43, 45, 31]",0.6636068288202039,0.7308333333333333,1.0290234954868707,0.018687200004933402,True,5
tune,1,11002,weak_conflict,joint_0.5,0.14869244369888204,0.14313846935696475,0.08125,26,"[42, 41, 51, 26]",0.68576553241435,0.6783333333333333,1.0249321990810167,0.012131300027249381,True,4
tune,1,11002,weak_conflict,joint_1,-0.003328079832509077,0.05152266115524385,0.4125,1,"[1, 34, 124, 1]",0.9515009049272076,0.14916666666666667,1.026084238260541,0.02208329999120906,True,7
tune,1,11002,weak_conflict,kefrine_0.25,0.12862403402313158,0.12862403402313158,0.0,33,"[45, 40, 33, 42]",0.6608802557415429,0.7625,1.0421302557415428,0.20781930000521243,True,
tune,1,11002,weak_conflict,kefrine_0.5,0.11320875183061385,0.11098194775675212,0.025,35,"[46, 42, 35, 37]",0.6633313728701472,0.7533333333333333,1.0399980395368138,0.26393330001155846,True,
tune,1,11002,weak_conflict,kefrine_1,0.14006643562100518,0.15216625854259694,0.025,36,"[45, 36, 40, 39]",0.6659891734767136,0.75,1.0409891734767136,0.19398159999400377,True,
tune,1,11002,weak_conflict,kefrine_2,0.13591646907902313,0.12273903358807321,0.1375,29,"[44, 44, 29, 43]",0.6854335291805209,0.6991666666666667,1.0350168625138543,0.18769139997311868,True,
tune,1,11002,weak_conflict,joint_alpha_0.5,0.14869244369888204,0.14313846935696475,0.08125,26,"[42, 41, 51, 26]",0.68576553241435,0.6783333333333333,1.0249321990810167,0.012131300027249381,True,4
tune,1,11002,weak_conflict,kefrine_equations_equal_scatter50,0.14006643562100518,0.15216625854259694,0.025,36,"[45, 36, 40, 39]",0.6659891734767136,0.75,1.0409891734767136,0.19398159999400377,True,
tune,1,11002,strong_derived,kmeans50,0.9666734753545524,0.9666734753545524,0.0,38,"[41, 40, 41, 38]",0.5465240544855791,0.11833333333333333,0.6056907211522458,0.033150300005218014,,
tune,1,11002,strong_derived,feature_hartigan,0.9666734753545524,0.9666734753545524,0.0,38,"[41, 40, 41, 38]",0.5465240544855791,0.11833333333333333,0.6056907211522458,0.0017139999836217612,True,1
tune,1,11002,strong_derived,joint_zero_reuse,0.9666734753545524,0.9666734753545524,0.0,38,"[41, 40, 41, 38]",0.5465240544855791,0.11833333333333333,0.6056907211522458,0.000597700010985136,False,0
tune,1,11002,strong_derived,kefrin_like_equal_scatter50,0.9666734753545524,0.9666734753545524,0.0,38,"[40, 41, 38, 41]",0.5465240544855791,0.11833333333333333,0.6056907211522458,0.047266899986425415,,
tune,1,11002,strong_derived,joint_0.1,0.9666734753545524,0.9666734753545524,0.0,38,"[41, 40, 41, 38]",0.5465240544855791,0.11833333333333333,0.6056907211522458,0.003507999994326383,True,1
tune,1,11002,strong_derived,joint_0.25,0.9666734753545524,0.9666734753545524,0.0,38,"[41, 40, 41, 38]",0.5465240544855791,0.11833333333333333,0.6056907211522458,0.003315499983727932,True,1
tune,1,11002,strong_derived,joint_0.5,0.9505622745597284,0.9505622745597284,0.0,37,"[42, 40, 41, 37]",0.5468946926616248,0.1175,0.6056446926616248,0.006403400009730831,True,2
tune,1,11002,strong_derived,joint_1,0.9505622745597284,0.9505622745597284,0.0,37,"[42, 40, 41, 37]",0.5468946926616248,0.1175,0.6056446926616248,0.006278600019868463,True,2
tune,1,11002,strong_derived,kefrine_0.25,0.9666734753545524,0.9666734753545524,0.0,38,"[40, 41, 41, 38]",0.5465240544855791,0.11833333333333333,0.6056907211522458,0.22173930000280961,True,
tune,1,11002,strong_derived,kefrine_0.5,0.9666734753545524,0.9666734753545524,0.0,38,"[40, 38, 41, 41]",0.5465240544855791,0.11833333333333333,0.6056907211522458,0.27930409999680705,True,
tune,1,11002,strong_derived,kefrine_1,0.9666734753545524,0.9666734753545524,0.0,38,"[40, 38, 41, 41]",0.5465240544855791,0.11833333333333333,0.6056907211522458,0.22935029998188838,True,
tune,1,11002,strong_derived,kefrine_2,0.9666734753545524,0.9666734753545524,0.0,38,"[38, 41, 41, 40]",0.5465240544855791,0.11833333333333333,0.6056907211522458,0.19662189998780377,True,
tune,1,11002,strong_derived,joint_alpha_0.5,0.9505622745597284,0.9505622745597284,0.0,37,"[42, 40, 41, 37]",0.5468946926616248,0.1175,0.6056446926616248,0.006403400009730831,True,2
tune,1,11002,strong_derived,kefrine_equations_equal_scatter50,0.9666734753545524,0.9666734753545524,0.0,38,"[40, 38, 41, 41]",0.5465240544855791,0.11833333333333333,0.6056907211522458,0.22935029998188838,True,
tune,2,11002,strong_noise,kmeans50,0.9355602482882192,0.9355602482882192,0.0,36,"[40, 44, 40, 36]",0.42830251279519727,0.74,0.7983025127951973,0.026652300002751872,,
tune,2,11002,strong_noise,feature_hartigan,0.9355602482882192,0.9355602482882192,0.0,36,"[40, 44, 40, 36]",0.42830251279519727,0.74,0.7983025127951973,0.0018471000075805932,True,1
tune,2,11002,strong_noise,joint_zero_reuse,0.9355602482882192,0.9355602482882192,0.0,36,"[40, 44, 40, 36]",0.42830251279519727,0.74,0.7983025127951973,0.0006921000021975487,False,0
tune,2,11002,strong_noise,kefrin_like_equal_scatter50,0.9355602482882192,0.9355602482882192,0.0,36,"[44, 40, 36, 40]",0.42830251279519727,0.74,0.7983025127951973,0.040214400010881945,,
tune,2,11002,strong_noise,joint_0.1,0.9355602482882192,0.9355602482882192,0.0,36,"[40, 44, 40, 36]",0.42830251279519727,0.74,0.7983025127951973,0.0036182999901939183,True,1
tune,2,11002,strong_noise,joint_0.25,0.9355602482882192,0.9355602482882192,0.0,36,"[40, 44, 40, 36]",0.42830251279519727,0.74,0.7983025127951973,0.003325600002426654,True,1
tune,2,11002,strong_noise,joint_0.5,0.878533231474408,0.9205873539106982,0.01875,32,"[40, 48, 40, 32]",0.43346974695143475,0.7275,0.7972197469514348,0.012294900021515787,True,4
tune,2,11002,strong_noise,joint_1,0.878533231474408,0.9205873539106982,0.01875,32,"[40, 48, 40, 32]",0.43346974695143475,0.7275,0.7972197469514348,0.006340799998724833,True,2
tune,2,11002,strong_noise,kefrine_0.25,0.9355602482882192,0.9355602482882192,0.0,36,"[40, 36, 44, 40]",0.42830251279519727,0.74,0.7983025127951973,0.10884749999968335,True,
tune,2,11002,strong_noise,kefrine_0.5,0.9355602482882192,0.9355602482882192,0.0,36,"[40, 36, 44, 40]",0.42830251279519727,0.74,0.7983025127951973,0.11568230000557378,True,
tune,2,11002,strong_noise,kefrine_1,0.9355602482882192,0.9355602482882192,0.0,36,"[40, 36, 44, 40]",0.42830251279519727,0.74,0.7983025127951973,0.11513250001007691,True,
tune,2,11002,strong_noise,kefrine_2,0.9204500426267697,0.9204500426267697,0.0,37,"[40, 37, 43, 40]",0.4285534662914722,0.7408333333333333,0.7989701329581389,0.13291980000212789,True,
tune,2,11002,strong_noise,joint_alpha_0.5,0.878533231474408,0.9205873539106982,0.01875,32,"[40, 48, 40, 32]",0.43346974695143475,0.7275,0.7972197469514348,0.012294900021515787,True,4
tune,2,11002,strong_noise,kefrine_equations_equal_scatter50,0.9355602482882192,0.9355602482882192,0.0,36,"[40, 36, 44, 40]",0.42830251279519727,0.74,0.7983025127951973,0.11513250001007691,True,
tune,2,11002,weak_independent,spectral_graph_diagnostic,1.0,0.26035290312533693,0.3625,40,"[40, 40, 40, 40]",0.8243384420643701,0.25666666666666665,0.9526717753977034,0.0036583000037353486,,
tune,2,11002,weak_independent,kmeans50,0.07210582414610478,0.07210582414610478,0.0,32,"[48, 32, 42, 38]",0.6564606839237712,0.7233333333333334,1.0181273505904378,0.03485809999983758,,
tune,2,11002,weak_independent,feature_hartigan,0.0751054852320675,0.0751054852320675,0.0,32,"[46, 32, 44, 38]",0.6563456844583642,0.725,1.0188456844583642,0.005136899999342859,True,3
tune,2,11002,weak_independent,joint_zero_reuse,0.07210582414610478,0.07210582414610478,0.0,32,"[48, 32, 42, 38]",0.6564606839237712,0.7233333333333334,1.0181273505904378,0.0006536000000778586,False,0
tune,2,11002,weak_independent,kefrin_like_equal_scatter50,0.2657970287370739,0.17071683859477163,0.075,35,"[38, 49, 38, 35]",0.6720421898209596,0.6075,0.9757921898209596,0.05095430000801571,,
tune,2,11002,weak_independent,joint_0.1,0.10531872564893495,0.09613180007800219,0.0125,31,"[41, 31, 54, 34]",0.6571899539690236,0.695,1.0046899539690235,0.023762899974826723,True,8
tune,2,11002,weak_independent,joint_0.25,0.1374856205070219,0.08967719661660625,0.05625,28,"[40, 28, 55, 37]",0.6632036801042921,0.6641666666666667,0.9952870134376255,0.02063430001726374,True,7
tune,2,11002,weak_independent,joint_0.5,0.11164492803256391,0.09701087649155771,0.15,11,"[30, 24, 95, 11]",0.7258318758966329,0.4658333333333333,0.9587485425632996,0.038150400010636076,True,13
tune,2,11002,weak_independent,joint_1,1.0,0.26035290312533693,0.3625,40,"[40, 40, 40, 40]",0.8243384420643701,0.25666666666666665,0.9526717753977034,0.03333180001936853,True,11
tune,2,11002,weak_independent,kefrine_0.25,0.10897888658773579,0.1080943092933185,0.00625,33,"[33, 43, 44, 40]",0.6588617710297993,0.6975,1.0076117710297994,0.19393590002437122,True,
tune,2,11002,weak_independent,kefrine_0.5,0.10793613661617639,0.09940315974253949,0.00625,27,"[54, 27, 48, 31]",0.6581107631370993,0.6883333333333334,1.002277429803766,0.1837781999784056,True,
tune,2,11002,weak_independent,kefrine_1,0.24839135488701067,0.1764404700951383,0.08125,27,"[51, 27, 44, 38]",0.6784793348382073,0.5933333333333334,0.9751460015048741,0.21844699999201111,True,
tune,2,11002,weak_independent,kefrine_2,0.7042774806749962,0.21586860310917255,0.28125,35,"[43, 35, 43, 39]",0.756806971895598,0.38,0.946806971895598,0.23450589997810312,True,
tune,2,11002,weak_independent,joint_alpha_0.5,0.11164492803256391,0.09701087649155771,0.15,11,"[30, 24, 95, 11]",0.7258318758966329,0.4658333333333333,0.9587485425632996,0.038150400010636076,True,13
tune,2,11002,weak_independent,kefrine_equations_equal_scatter50,0.24839135488701067,0.1764404700951383,0.08125,27,"[51, 27, 44, 38]",0.6784793348382073,0.5933333333333334,0.9751460015048741,0.21844699999201111,True,
tune,2,11002,weak_derived,spectral_graph_diagnostic,0.09652461745976473,0.09929980903882878,0.08125,38,"[38, 38, 41, 43]",0.6723778542954387,0.3675,0.8561278542954387,0.005314700014423579,,
tune,2,11002,weak_derived,kmeans50,0.07210582414610478,0.07210582414610478,0.0,32,"[48, 32, 42, 38]",0.6564606839237712,0.3825,0.8477106839237712,0.03485809999983758,,
tune,2,11002,weak_derived,feature_hartigan,0.0751054852320675,0.0751054852320675,0.0,32,"[46, 32, 44, 38]",0.6563456844583642,0.37916666666666665,0.8459290177916975,0.005136899999342859,True,3
tune,2,11002,weak_derived,joint_zero_reuse,0.07210582414610478,0.07210582414610478,0.0,32,"[48, 32, 42, 38]",0.6564606839237712,0.3825,0.8477106839237712,0.0006059000152163208,False,0
tune,2,11002,weak_derived,kefrin_like_equal_scatter50,0.06584928726573534,0.06417180001503409,0.0125,31,"[40, 37, 52, 31]",0.6592367304393676,0.3575,0.8379867304393676,0.04851640001288615,,
tune,2,11002,weak_derived,joint_0.1,0.06641190779474848,0.06641190779474848,0.0,30,"[47, 30, 45, 38]",0.6569135484075945,0.36333333333333334,0.8385802150742612,0.009293299983255565,True,3
tune,2,11002,weak_derived,joint_0.25,0.05766378269063554,0.06791311845228956,0.01875,30,"[37, 30, 55, 38]",0.6569482583568718,0.345,0.8294482583568717,0.017845099995611235,True,6
tune,2,11002,weak_derived,joint_0.5,0.0550368319804814,0.06791311845228956,0.0375,30,"[36, 30, 58, 36]",0.6581097160630974,0.33916666666666667,0.8276930493964307,0.014799399999901652,True,5
tune,2,11002,weak_derived,joint_1,0.05998417848503262,0.06342881054664255,0.0375,28,"[29, 28, 65, 38]",0.6648675957302825,0.3225,0.8261175957302825,0.023746799997752532,True,8
tune,2,11002,weak_derived,kefrine_0.25,0.0947074324538845,0.0947074324538845,0.0,34,"[34, 50, 42, 34]",0.656237541755634,0.38083333333333336,0.8466542084223007,0.21489169998676516,True,
tune,2,11002,weak_derived,kefrine_0.5,0.1179659503565606,0.12150725470020021,0.0125,35,"[42, 47, 36, 35]",0.660357848308559,0.38166666666666665,0.8511911816418923,0.17866410000715405,True,
tune,2,11002,weak_derived,kefrine_1,0.11262932031555353,0.12571355728973713,0.01875,35,"[41, 47, 35, 37]",0.6618604343451194,0.38,0.8518604343451195,0.17136440001195297,True,
tune,2,11002,weak_derived,kefrine_2,0.08817740556901675,0.09190515894918558,0.0375,25,"[39, 25, 43, 53]",0.6643359416355651,0.36333333333333334,0.8460026083022317,0.15477720001945272,True,
tune,2,11002,weak_derived,joint_alpha_0.5,0.0550368319804814,0.06791311845228956,0.0375,30,"[36, 30, 58, 36]",0.6581097160630974,0.33916666666666667,0.8276930493964307,0.014799399999901652,True,5
tune,2,11002,weak_derived,kefrine_equations_equal_scatter50,0.11262932031555353,0.12571355728973713,0.01875,35,"[41, 47, 35, 37]",0.6618604343451194,0.38,0.8518604343451195,0.17136440001195297,True,
tune,2,11002,weak_noise,spectral_graph_diagnostic,-0.004238976271294481,0.08458803722321533,0.6375,32,"[32, 40, 46, 42]",0.9793123337917546,0.5416666666666666,1.250145667125088,0.005373600026359782,,
tune,2,11002,weak_noise,kmeans50,0.07210582414610478,0.07210582414610478,0.0,32,"[48, 32, 42, 38]",0.6564606839237712,0.7391666666666666,1.0260440172571046,0.03485809999983758,,
tune,2,11002,weak_noise,feature_hartigan,0.0751054852320675,0.0751054852320675,0.0,32,"[46, 32, 44, 38]",0.6563456844583642,0.7391666666666666,1.0259290177916975,0.005136899999342859,True,3
tune,2,11002,weak_noise,joint_zero_reuse,0.07210582414610478,0.07210582414610478,0.0,32,"[48, 32, 42, 38]",0.6564606839237712,0.7391666666666666,1.0260440172571046,0.0006257000204641372,False,0
tune,2,11002,weak_noise,kefrin_like_equal_scatter50,0.09417218595169789,0.08827287919001278,0.0125,27,"[27, 36, 50, 47]",0.6579869799796991,0.7483333333333333,1.0321536466463659,0.052347299992106855,,
tune,2,11002,weak_noise,joint_0.1,0.08661069376933274,0.08697381557541695,0.00625,32,"[45, 32, 45, 38]",0.6567656226417776,0.7275,1.0205156226417778,0.00957399999606423,True,3
tune,2,11002,weak_noise,joint_0.25,0.07202930542039512,0.08590528228805033,0.05625,29,"[45, 29, 49, 37]",0.6609412069364038,0.7058333333333333,1.0138578736030706,0.016837399976793677,True,4
tune,2,11002,weak_noise,joint_0.5,0.07401584042241126,0.0706164115575685,0.075,24,"[48, 24, 51, 37]",0.6674920274713092,0.6883333333333334,1.011658694137976,0.012229699990712106,True,4
tune,2,11002,weak_noise,joint_1,-0.00015452902197362028,0.004234838058163872,0.21875,1,"[156, 1, 1, 2]",0.9630788076017377,0.0325,0.9793288076017377,0.028410700004315004,True,8
tune,2,11002,weak_noise,kefrine_0.25,0.06097218745970708,0.0633422925857461,0.00625,19,"[33, 63, 19, 45]",0.6592042740573744,0.715,1.0167042740573744,0.20315580000169575,True,
tune,2,11002,weak_noise,kefrine_0.5,0.1015733521196273,0.10176640761477272,0.0125,34,"[39, 38, 49, 34]",0.6596167052143285,0.7683333333333333,1.0437833718809952,0.19477209998876788,True,
tune,2,11002,weak_noise,kefrine_1,0.0655330295872561,0.06349348933478556,0.00625,21,"[70, 21, 39, 30]",0.6622916571616397,0.6991666666666667,1.011874990494973,0.15593899998930283,True,
tune,2,11002,weak_noise,kefrine_2,0.10842042851994373,0.10687831933960598,0.05,22,"[49, 22, 35, 54]",0.6699496934238592,0.7341666666666666,1.0370330267571926,0.1556918999995105,True,
tune,2,11002,weak_noise,joint_alpha_0.5,0.07401584042241126,0.0706164115575685,0.075,24,"[48, 24, 51, 37]",0.6674920274713092,0.6883333333333334,1.011658694137976,0.012229699990712106,True,4
tune,2,11002,weak_noise,kefrine_equations_equal_scatter50,0.0655330295872561,0.06349348933478556,0.00625,21,"[70, 21, 39, 30]",0.6622916571616397,0.6991666666666667,1.011874990494973,0.15593899998930283,True,
tune,2,11002,weak_conflict,spectral_graph_diagnostic,-0.019230769230769232,0.06110961370942855,0.65625,40,"[40, 40, 40, 40]",0.9874471718256304,0.255,1.1149471718256303,0.0035604999866336584,,
tune,2,11002,weak_conflict,kmeans50,0.07210582414610478,0.07210582414610478,0.0,32,"[48, 32, 42, 38]",0.6564606839237712,0.7575,1.0352106839237711,0.03485809999983758,,
tune,2,11002,weak_conflict,feature_hartigan,0.0751054852320675,0.0751054852320675,0.0,32,"[46, 32, 44, 38]",0.6563456844583642,0.7683333333333333,1.040512351125031,0.005136899999342859,True,3
tune,2,11002,weak_conflict,joint_zero_reuse,0.07210582414610478,0.07210582414610478,0.0,32,"[48, 32, 42, 38]",0.6564606839237712,0.7575,1.0352106839237711,0.000605499983066693,False,0
tune,2,11002,weak_conflict,kefrin_like_equal_scatter50,0.0735820736766218,0.07222334055645681,0.04375,33,"[34, 38, 55, 33]",0.6586646944129231,0.7441666666666666,1.0307480277462564,0.04935780001687817,,
tune,2,11002,weak_conflict,joint_0.1,0.07179536134346821,0.07210582414610478,0.0125,31,"[47, 31, 42, 40]",0.6570209104651697,0.7475,1.0307709104651699,0.006466699996963143,True,2
tune,2,11002,weak_conflict,joint_0.25,0.06901180914241507,0.06578341013824884,0.025,25,"[25, 31, 67, 37]",0.6590302216848598,0.6883333333333334,1.0031968883515265,0.022844399994937703,True,7
tune,2,11002,weak_conflict,joint_0.5,0.02462481673997068,0.034964309624614574,0.1375,7,"[21, 7, 123, 9]",0.7669187070498424,0.3641666666666667,0.9490020403831758,0.060870899993460625,True,20
tune,2,11002,weak_conflict,joint_1,-0.009657000567166805,0.054377604346524853,0.4625,1,"[77, 1, 80, 2]",0.9447728662814242,0.195,1.0422728662814242,0.026726200012490153,True,9
tune,2,11002,weak_conflict,kefrine_0.25,0.09849350731815729,0.09849350731815729,0.0,34,"[34, 42, 50, 34]",0.6570842091417799,0.745,1.02958420914178,0.18351309999707155,True,
tune,2,11002,weak_conflict,kefrine_0.5,0.06033342154008997,0.05426526186500854,0.0125,18,"[57, 38, 18, 47]",0.6605801591390422,0.6941666666666667,1.0076634924723755,0.167690499976743,True,
tune,2,11002,weak_conflict,kefrine_1,0.05666617861822223,0.06149452569869868,0.025,19,"[66, 19, 45, 30]",0.6622688970317595,0.6916666666666667,1.0081022303650928,0.16536469999118708,True,
tune,2,11002,weak_conflict,kefrine_2,0.08253283294886361,0.0844810907918375,0.05625,18,"[45, 18, 59, 38]",0.6713294939084745,0.6825,1.0125794939084745,0.16383950001909398,True,
tune,2,11002,weak_conflict,joint_alpha_0.5,0.02462481673997068,0.034964309624614574,0.1375,7,"[21, 7, 123, 9]",0.7669187070498424,0.3641666666666667,0.9490020403831758,0.060870899993460625,True,20
tune,2,11002,weak_conflict,kefrine_equations_equal_scatter50,0.05666617861822223,0.06149452569869868,0.025,19,"[66, 19, 45, 30]",0.6622688970317595,0.6916666666666667,1.0081022303650928,0.16536469999118708,True,
tune,2,11002,strong_derived,kmeans50,0.9355602482882192,0.9355602482882192,0.0,36,"[40, 44, 40, 36]",0.42830251279519727,0.0525,0.45455251279519726,0.026652300002751872,,
tune,2,11002,strong_derived,feature_hartigan,0.9355602482882192,0.9355602482882192,0.0,36,"[40, 44, 40, 36]",0.42830251279519727,0.0525,0.45455251279519726,0.0018471000075805932,True,1
tune,2,11002,strong_derived,joint_zero_reuse,0.9355602482882192,0.9355602482882192,0.0,36,"[40, 44, 40, 36]",0.42830251279519727,0.0525,0.45455251279519726,0.0006105999927967787,False,0
tune,2,11002,strong_derived,kefrin_like_equal_scatter50,1.0,1.0,0.0,40,"[40, 40, 40, 40]",0.42979623562632835,0.0425,0.45104623562632834,0.03690690000075847,,
tune,2,11002,strong_derived,joint_0.1,0.9355602482882192,0.9355602482882192,0.0,36,"[40, 44, 40, 36]",0.42830251279519727,0.0525,0.45455251279519726,0.00360029999865219,True,1
tune,2,11002,strong_derived,joint_0.25,1.0,1.0,0.0,40,"[40, 40, 40, 40]",0.42979623562632835,0.0425,0.45104623562632834,0.009281000006012619,True,3
tune,2,11002,strong_derived,joint_0.5,1.0,1.0,0.0,40,"[40, 40, 40, 40]",0.42979623562632835,0.0425,0.45104623562632834,0.008919999992940575,True,3
tune,2,11002,strong_derived,joint_1,1.0,1.0,0.0,40,"[40, 40, 40, 40]",0.42979623562632835,0.0425,0.45104623562632834,0.00929700001142919,True,3
tune,2,11002,strong_derived,kefrine_0.25,0.9355602482882192,0.9355602482882192,0.0,36,"[40, 36, 44, 40]",0.42830251279519727,0.0525,0.45455251279519726,0.10613550001289696,True,
tune,2,11002,strong_derived,kefrine_0.5,1.0,1.0,0.0,40,"[40, 40, 40, 40]",0.42979623562632835,0.0425,0.45104623562632834,0.097802700009197,True,
tune,2,11002,strong_derived,kefrine_1,1.0,1.0,0.0,40,"[40, 40, 40, 40]",0.42979623562632835,0.0425,0.45104623562632834,0.09496190000209026,True,
tune,2,11002,strong_derived,kefrine_2,1.0,1.0,0.0,40,"[40, 40, 40, 40]",0.42979623562632835,0.0425,0.45104623562632834,0.08983250000164844,True,
tune,2,11002,strong_derived,joint_alpha_0.5,1.0,1.0,0.0,40,"[40, 40, 40, 40]",0.42979623562632835,0.0425,0.45104623562632834,0.008919999992940575,True,3
tune,2,11002,strong_derived,kefrine_equations_equal_scatter50,1.0,1.0,0.0,40,"[40, 40, 40, 40]",0.42979623562632835,0.0425,0.45104623562632834,0.09496190000209026,True,
tune,1,11003,strong_noise,kmeans50,0.966875,0.966875,0.0,40,"[40, 40, 40, 40]",0.5354666485596477,0.75,0.9104666485596477,0.032350199995562434,,
tune,1,11003,strong_noise,feature_hartigan,0.966875,0.966875,0.0,40,"[40, 40, 40, 40]",0.5354666485596477,0.75,0.9104666485596477,0.0017099000106099993,True,1
tune,1,11003,strong_noise,joint_zero_reuse,0.966875,0.966875,0.0,40,"[40, 40, 40, 40]",0.5354666485596477,0.75,0.9104666485596477,0.000621499988483265,False,0
tune,1,11003,strong_noise,kefrin_like_equal_scatter50,0.966875,0.966875,0.0,40,"[40, 40, 40, 40]",0.5354666485596477,0.75,0.9104666485596477,0.04704840001068078,,
tune,1,11003,strong_noise,joint_0.1,0.966875,0.966875,0.0,40,"[40, 40, 40, 40]",0.5354666485596477,0.75,0.9104666485596477,0.0036062999861314893,True,1
tune,1,11003,strong_noise,joint_0.25,0.966875,0.966875,0.0,40,"[40, 40, 40, 40]",0.5354666485596477,0.75,0.9104666485596477,0.0033981000015046448,True,1
tune,1,11003,strong_noise,joint_0.5,0.9501055574917777,0.966875,0.00625,39,"[40, 39, 40, 41]",0.5366281809507639,0.7466666666666667,0.9099615142840973,0.006161700002849102,True,2
tune,1,11003,strong_noise,joint_1,0.7953487626875596,0.966875,0.06875,39,"[41, 39, 41, 39]",0.5688083935091887,0.705,0.9213083935091886,0.008892400015611202,True,3
tune,1,11003,strong_noise,kefrine_0.25,0.966875,0.966875,0.0,40,"[40, 40, 40, 40]",0.5354666485596477,0.75,0.9104666485596477,0.20529420001548715,True,
tune,1,11003,strong_noise,kefrine_0.5,0.966875,0.966875,0.0,40,"[40, 40, 40, 40]",0.5354666485596477,0.75,0.9104666485596477,0.21174709999468178,True,
tune,1,11003,strong_noise,kefrine_1,0.966875,0.966875,0.0,40,"[40, 40, 40, 40]",0.5354666485596477,0.75,0.9104666485596477,0.1722623000096064,True,
tune,1,11003,strong_noise,kefrine_2,0.9509548245983007,0.966875,0.00625,39,"[41, 40, 39, 40]",0.5365311099111909,0.7525,0.9127811099111909,0.17220100000849925,True,
tune,1,11003,strong_noise,joint_alpha_0.5,0.9501055574917777,0.966875,0.00625,39,"[40, 39, 40, 41]",0.5366281809507639,0.7466666666666667,0.9099615142840973,0.006161700002849102,True,2
tune,1,11003,strong_noise,kefrine_equations_equal_scatter50,0.966875,0.966875,0.0,40,"[40, 40, 40, 40]",0.5354666485596477,0.75,0.9104666485596477,0.1722623000096064,True,
tune,1,11003,weak_independent,spectral_graph_diagnostic,0.983226974646172,0.29592984394199556,0.3375,39,"[41, 39, 40, 40]",0.8135679088113719,0.25916666666666666,0.9431512421447052,0.004134199989493936,,
tune,1,11003,weak_independent,kmeans50,0.1415889605356729,0.1415889605356729,0.0,35,"[45, 35, 39, 41]",0.6551725394032358,0.7083333333333334,1.0093392060699025,0.03594410000368953,,
tune,1,11003,weak_independent,feature_hartigan,0.13710041692149644,0.13710041692149644,0.0,36,"[45, 36, 39, 40]",0.6549996940519943,0.7108333333333333,1.010416360718661,0.003416299994569272,True,2
tune,1,11003,weak_independent,joint_zero_reuse,0.1415889605356729,0.1415889605356729,0.0,35,"[45, 35, 39, 41]",0.6551725394032358,0.7083333333333334,1.0093392060699025,0.0006336000224109739,False,0
tune,1,11003,weak_independent,kefrin_like_equal_scatter50,0.391228680821441,0.30940414932450533,0.05,36,"[40, 43, 41, 36]",0.6802112865421068,0.5716666666666667,0.9660446198754402,0.05498360001365654,,
tune,1,11003,weak_independent,joint_0.1,0.16765588635273315,0.16045699373861294,0.0125,34,"[51, 34, 34, 41]",0.6568243664315208,0.6733333333333333,0.9934910330981874,0.01473149997764267,True,5
tune,1,11003,weak_independent,joint_0.25,0.2103342475942541,0.15454241619974443,0.0625,26,"[60, 34, 26, 40]",0.6665092580247107,0.6116666666666667,0.9723425913580441,0.009491399978287518,True,3
tune,1,11003,weak_independent,joint_0.5,0.3862133387115607,0.14957443839821405,0.2,9,"[77, 44, 9, 30]",0.7241192023696426,0.4225,0.9353692023696425,0.020346100005554035,True,7
tune,1,11003,weak_independent,joint_1,0.6799946330336777,0.21522270754703646,0.2875,1,"[79, 40, 1, 40]",0.8447613468833955,0.2275,0.9585113468833956,0.02066089998697862,True,7
tune,1,11003,weak_independent,kefrine_0.25,0.15623467495963161,0.15623467495963161,0.0,34,"[41, 38, 47, 34]",0.6561430568299765,0.7016666666666667,1.00697639016331,0.23920159999397583,True,
tune,1,11003,weak_independent,kefrine_0.5,0.18346181975133982,0.15883090237028877,0.03125,36,"[41, 36, 38, 45]",0.6594540102814872,0.6841666666666667,1.0015373436148205,0.23588150000432506,True,
tune,1,11003,weak_independent,kefrine_1,0.42348421179013085,0.3008989761993351,0.075,37,"[41, 39, 37, 43]",0.6840424754561591,0.5575,0.9627924754561592,0.21765259999665432,True,
tune,1,11003,weak_independent,kefrine_2,0.7039058782127418,0.3311721774145225,0.19375,36,"[41, 44, 39, 36]",0.7397282907859489,0.38166666666666665,0.9305616241192822,0.21846770000411198,True,
tune,1,11003,weak_independent,joint_alpha_0.5,0.3862133387115607,0.14957443839821405,0.2,9,"[77, 44, 9, 30]",0.7241192023696426,0.4225,0.9353692023696425,0.020346100005554035,True,7
tune,1,11003,weak_independent,kefrine_equations_equal_scatter50,0.42348421179013085,0.3008989761993351,0.075,37,"[41, 39, 37, 43]",0.6840424754561591,0.5575,0.9627924754561592,0.21765259999665432,True,
tune,1,11003,weak_derived,spectral_graph_diagnostic,0.14318025527584657,0.15373283277099273,0.05625,34,"[34, 37, 39, 50]",0.6682511622776336,0.3408333333333333,0.8386678289443003,0.0038862000219523907,,
tune,1,11003,weak_derived,kmeans50,0.1415889605356729,0.1415889605356729,0.0,35,"[45, 35, 39, 41]",0.6551725394032358,0.3625,0.8364225394032359,0.03594410000368953,,
tune,1,11003,weak_derived,feature_hartigan,0.13710041692149644,0.13710041692149644,0.0,36,"[45, 36, 39, 40]",0.6549996940519943,0.3616666666666667,0.8358330273853276,0.003416299994569272,True,2
tune,1,11003,weak_derived,joint_zero_reuse,0.1415889605356729,0.1415889605356729,0.0,35,"[45, 35, 39, 41]",0.6551725394032358,0.3625,0.8364225394032359,0.000599299994064495,False,0
tune,1,11003,weak_derived,kefrin_like_equal_scatter50,0.12829714624066316,0.13159209647955167,0.0125,36,"[40, 36, 41, 43]",0.6569013951642638,0.3566666666666667,0.8352347284975972,0.051788499986287206,,
tune,1,11003,weak_derived,joint_0.1,0.13754014283660068,0.13754014283660068,0.0,36,"[46, 36, 38, 40]",0.6550685001686009,0.3591666666666667,0.8346518335019342,0.006311300006927922,True,2
tune,1,11003,weak_derived,joint_0.25,0.13497811443813865,0.13497811443813865,0.0,35,"[53, 37, 35, 35]",0.6565417494298668,0.345,0.8290417494298667,0.018192200019257143,True,6
tune,1,11003,weak_derived,joint_0.5,0.1491132911072488,0.14366949605270968,0.05,29,"[60, 36, 35, 29]",0.664280987743281,0.3233333333333333,0.8259476544099477,0.012248600018210709,True,4
tune,1,11003,weak_derived,joint_1,0.1514775850630272,0.1501523974337987,0.05625,24,"[67, 36, 33, 24]",0.6690151486538554,0.31166666666666665,0.8248484819871886,0.02354989998275414,True,8
tune,1,11003,weak_derived,kefrine_0.25,0.13473098078633625,0.13701451079929122,0.00625,36,"[47, 36, 41, 36]",0.6569690267278733,0.36,0.8369690267278733,0.2254493999935221,True,
tune,1,11003,weak_derived,kefrine_0.5,0.1530446134680215,0.15533563336397388,0.00625,34,"[45, 34, 46, 35]",0.6565978825370999,0.36,0.8365978825370999,0.22591619999730028,True,
tune,1,11003,weak_derived,kefrine_1,0.15822746991407435,0.14654191628676674,0.01875,32,"[32, 45, 39, 44]",0.6596615204336429,0.35833333333333334,0.8388281871003096,0.1891133000026457,True,
tune,1,11003,weak_derived,kefrine_2,0.13161258368083847,0.1293742949507512,0.01875,36,"[40, 36, 38, 46]",0.6575339985982401,0.3491666666666667,0.8321173319315734,0.20188999999663793,True,
tune,1,11003,weak_derived,joint_alpha_0.5,0.1491132911072488,0.14366949605270968,0.05,29,"[60, 36, 35, 29]",0.664280987743281,0.3233333333333333,0.8259476544099477,0.012248600018210709,True,4
tune,1,11003,weak_derived,kefrine_equations_equal_scatter50,0.15822746991407435,0.14654191628676674,0.01875,32,"[32, 45, 39, 44]",0.6596615204336429,0.35833333333333334,0.8388281871003096,0.1891133000026457,True,
tune,1,11003,weak_noise,spectral_graph_diagnostic,-0.0018401153033623565,0.10067376348415057,0.66875,32,"[32, 34, 53, 41]",0.9730696438864213,0.5616666666666666,1.2539029772197545,0.006480100011685863,,
tune,1,11003,weak_noise,kmeans50,0.1415889605356729,0.1415889605356729,0.0,35,"[45, 35, 39, 41]",0.6551725394032358,0.7525,1.031422539403236,0.03594410000368953,,
tune,1,11003,weak_noise,feature_hartigan,0.13710041692149644,0.13710041692149644,0.0,36,"[45, 36, 39, 40]",0.6549996940519943,0.7541666666666667,1.0320830273853276,0.003416299994569272,True,2
tune,1,11003,weak_noise,joint_zero_reuse,0.1415889605356729,0.1415889605356729,0.0,35,"[45, 35, 39, 41]",0.6551725394032358,0.7525,1.031422539403236,0.0006368999893311411,False,0
tune,1,11003,weak_noise,kefrin_like_equal_scatter50,0.12556210019633923,0.12376023635318145,0.025,32,"[40, 32, 36, 52]",0.658968598306421,0.7475,1.0327185983064209,0.0560369000013452,,
tune,1,11003,weak_noise,joint_0.1,0.14570425320278513,0.14570425320278513,0.0,35,"[44, 35, 38, 43]",0.6550791609585267,0.7458333333333333,1.0279958276251935,0.012108700000680983,True,4
tune,1,11003,weak_noise,joint_0.25,0.1405451074632457,0.15007180469123982,0.00625,33,"[43, 33, 38, 46]",0.6559953078288238,0.7375,1.0247453078288238,0.008999499987112358,True,3
tune,1,11003,weak_noise,joint_0.5,0.12201926002500064,0.11773466136987353,0.1,17,"[64, 22, 17, 57]",0.6893869672009684,0.6241666666666666,1.0014703005343017,0.026316599978599697,True,9
tune,1,11003,weak_noise,joint_1,5.645138527667227e-05,0.020552605441591654,0.19375,1,"[157, 1, 1, 1]",0.9556821158297055,0.0275,0.9694321158297056,0.015620299993315712,True,5
tune,1,11003,weak_noise,kefrine_0.25,0.14046510514536031,0.14752625842844652,0.00625,35,"[40, 38, 35, 47]",0.6560226727888081,0.7491666666666666,1.0306060061221414,0.2773408000066411,True,
tune,1,11003,weak_noise,kefrine_0.5,0.13207622420573198,0.13435807804500416,0.00625,35,"[47, 37, 41, 35]",0.656933134439441,0.7483333333333333,1.0310998011061077,0.24375290001626126,True,
tune,1,11003,weak_noise,kefrine_1,0.14561439166596923,0.15110036931568913,0.00625,35,"[48, 37, 35, 40]",0.6569214319682121,0.7475,1.0306714319682122,0.1943874999997206,True,
tune,1,11003,weak_noise,kefrine_2,0.09893165173976314,0.1024670475469496,0.03125,31,"[47, 50, 31, 32]",0.6685671028244415,0.7566666666666667,1.046900436157775,0.1925442999927327,True,
tune,1,11003,weak_noise,joint_alpha_0.5,0.12201926002500064,0.11773466136987353,0.1,17,"[64, 22, 17, 57]",0.6893869672009684,0.6241666666666666,1.0014703005343017,0.026316599978599697,True,9
tune,1,11003,weak_noise,kefrine_equations_equal_scatter50,0.14561439166596923,0.15110036931568913,0.00625,35,"[48, 37, 35, 40]",0.6569214319682121,0.7475,1.0306714319682122,0.1943874999997206,True,
tune,1,11003,weak_conflict,spectral_graph_diagnostic,-0.019230769230769232,0.02015383078613525,0.66875,40,"[40, 40, 40, 40]",0.9897388395576766,0.2575,1.1184888395576766,0.003783699998166412,,
tune,1,11003,weak_conflict,kmeans50,0.1415889605356729,0.1415889605356729,0.0,35,"[45, 35, 39, 41]",0.6551725394032358,0.7483333333333333,1.0293392060699025,0.03594410000368953,,
tune,1,11003,weak_conflict,feature_hartigan,0.13710041692149644,0.13710041692149644,0.0,36,"[45, 36, 39, 40]",0.6549996940519943,0.7525,1.0312496940519944,0.003416299994569272,True,2
tune,1,11003,weak_conflict,joint_zero_reuse,0.1415889605356729,0.1415889605356729,0.0,35,"[45, 35, 39, 41]",0.6551725394032358,0.7483333333333333,1.0293392060699025,0.0006223999953363091,False,0
tune,1,11003,weak_conflict,kefrin_like_equal_scatter50,0.11894760641146161,0.13724904754511472,0.01875,30,"[30, 39, 42, 49]",0.6583141210001392,0.7416666666666667,1.0291474543334727,0.05522539999219589,,
tune,1,11003,weak_conflict,joint_0.1,0.13813388964155687,0.13813388964155687,0.0,35,"[44, 35, 39, 42]",0.6552535410888771,0.7458333333333333,1.0281702077555437,0.009448800003156066,True,2
tune,1,11003,weak_conflict,joint_0.25,0.11763962747582896,0.1300084898023653,0.025,33,"[54, 35, 33, 38]",0.6591339216156042,0.715,1.0166339216156042,0.014227100007701665,True,4
tune,1,11003,weak_conflict,joint_0.5,0.011473333236266215,0.06010761913214407,0.25,7,"[135, 9, 9, 7]",0.8218270842022197,0.23916666666666667,0.9414104175355531,0.04953740001656115,True,16
tune,1,11003,weak_conflict,joint_1,0.00027652561826858364,0.01165766345890125,0.11875,1,"[156, 1, 2, 1]",0.9419829612458251,0.03333333333333333,0.9586496279124919,0.02424640001845546,True,8
tune,1,11003,weak_conflict,kefrine_0.25,0.14995773124938563,0.14995773124938563,0.0,26,"[26, 48, 37, 49]",0.6562765408635582,0.765,1.0387765408635583,0.23601090000011027,True,
tune,1,11003,weak_conflict,kefrine_0.5,0.15595134837557278,0.15030565400442425,0.00625,29,"[45, 29, 48, 38]",0.6558290570209684,0.7675,1.0395790570209684,0.21417350001865998,True,
tune,1,11003,weak_conflict,kefrine_1,0.13497458363590908,0.13970538590157555,0.0125,33,"[35, 50, 33, 42]",0.6566697884065278,0.7566666666666667,1.0350031217398612,0.2211959999985993,True,
tune,1,11003,weak_conflict,kefrine_2,0.09844553460606419,0.12965901644521288,0.08125,32,"[54, 33, 32, 41]",0.6701460168568617,0.7525,1.0463960168568618,0.18188769998960197,True,
tune,1,11003,weak_conflict,joint_alpha_0.5,0.011473333236266215,0.06010761913214407,0.25,7,"[135, 9, 9, 7]",0.8218270842022197,0.23916666666666667,0.9414104175355531,0.04953740001656115,True,16
tune,1,11003,weak_conflict,kefrine_equations_equal_scatter50,0.13497458363590908,0.13970538590157555,0.0125,33,"[35, 50, 33, 42]",0.6566697884065278,0.7566666666666667,1.0350031217398612,0.2211959999985993,True,
tune,1,11003,strong_derived,kmeans50,0.966875,0.966875,0.0,40,"[40, 40, 40, 40]",0.5354666485596477,0.12083333333333333,0.5958833152263143,0.032350199995562434,,
tune,1,11003,strong_derived,feature_hartigan,0.966875,0.966875,0.0,40,"[40, 40, 40, 40]",0.5354666485596477,0.12083333333333333,0.5958833152263143,0.0017099000106099993,True,1
tune,1,11003,strong_derived,joint_zero_reuse,0.966875,0.966875,0.0,40,"[40, 40, 40, 40]",0.5354666485596477,0.12083333333333333,0.5958833152263143,0.0006373000214807689,False,0
tune,1,11003,strong_derived,kefrin_like_equal_scatter50,0.966875,0.966875,0.0,40,"[40, 40, 40, 40]",0.5354666485596477,0.12083333333333333,0.5958833152263143,0.04384800000116229,,
tune,1,11003,strong_derived,joint_0.1,0.966875,0.966875,0.0,40,"[40, 40, 40, 40]",0.5354666485596477,0.12083333333333333,0.5958833152263143,0.0035422000219114125,True,1
tune,1,11003,strong_derived,joint_0.25,0.966875,0.966875,0.0,40,"[40, 40, 40, 40]",0.5354666485596477,0.12083333333333333,0.5958833152263143,0.0034986000100616366,True,1
tune,1,11003,strong_derived,joint_0.5,0.966875,0.966875,0.0,40,"[40, 40, 40, 40]",0.5354666485596477,0.12083333333333333,0.5958833152263143,0.003535399999236688,True,1
tune,1,11003,strong_derived,joint_1,0.966875,0.966875,0.0,40,"[40, 40, 40, 40]",0.5354666485596477,0.12083333333333333,0.5958833152263143,0.0034647000138647854,True,1
tune,1,11003,strong_derived,kefrine_0.25,0.966875,0.966875,0.0,40,"[40, 40, 40, 40]",0.5354666485596477,0.12083333333333333,0.5958833152263143,0.1850163000053726,True,
tune,1,11003,strong_derived,kefrine_0.5,0.966875,0.966875,0.0,40,"[40, 40, 40, 40]",0.5354666485596477,0.12083333333333333,0.5958833152263143,0.19604040001286194,True,
tune,1,11003,strong_derived,kefrine_1,0.966875,0.966875,0.0,40,"[40, 40, 40, 40]",0.5354666485596477,0.12083333333333333,0.5958833152263143,0.17255889999796636,True,
tune,1,11003,strong_derived,kefrine_2,0.966875,0.966875,0.0,40,"[40, 40, 40, 40]",0.5354666485596477,0.12083333333333333,0.5958833152263143,0.13377690000925213,True,
tune,1,11003,strong_derived,joint_alpha_0.5,0.966875,0.966875,0.0,40,"[40, 40, 40, 40]",0.5354666485596477,0.12083333333333333,0.5958833152263143,0.003535399999236688,True,1
tune,1,11003,strong_derived,kefrine_equations_equal_scatter50,0.966875,0.966875,0.0,40,"[40, 40, 40, 40]",0.5354666485596477,0.12083333333333333,0.5958833152263143,0.17255889999796636,True,
tune,2,11003,strong_noise,kmeans50,0.9005525082916251,0.9005525082916251,0.0,37,"[40, 39, 37, 44]",0.43634735616773146,0.7433333333333333,0.8080140228343982,0.027787200000602752,,
tune,2,11003,strong_noise,feature_hartigan,0.9005525082916251,0.9005525082916251,0.0,37,"[40, 39, 37, 44]",0.43634735616773146,0.7433333333333333,0.8080140228343982,0.0018631999846547842,True,1
tune,2,11003,strong_noise,joint_zero_reuse,0.9005525082916251,0.9005525082916251,0.0,37,"[40, 39, 37, 44]",0.43634735616773146,0.7433333333333333,0.8080140228343982,0.0006876999977976084,False,0
tune,2,11003,strong_noise,kefrin_like_equal_scatter50,0.9005525082916251,0.9005525082916251,0.0,37,"[39, 44, 40, 37]",0.43634735616773146,0.7433333333333333,0.8080140228343982,0.043758500018157065,,
tune,2,11003,strong_noise,joint_0.1,0.9005525082916251,0.9005525082916251,0.0,37,"[40, 39, 37, 44]",0.43634735616773146,0.7433333333333333,0.8080140228343982,0.0037441000167746097,True,1
tune,2,11003,strong_noise,joint_0.25,0.9005525082916251,0.9005525082916251,0.0,37,"[40, 39, 37, 44]",0.43634735616773146,0.7433333333333333,0.8080140228343982,0.0034740999981295317,True,1
tune,2,11003,strong_noise,joint_0.5,0.8862351226232239,0.9005525082916251,0.0125,38,"[40, 40, 38, 42]",0.43909980746775384,0.7375,0.8078498074677538,0.008951199997682124,True,3
tune,2,11003,strong_noise,joint_1,0.7879111406359977,0.8836645836082091,0.05,33,"[39, 35, 33, 53]",0.46151505885749833,0.7075,0.8152650588574983,0.009305400017183274,True,3
tune,2,11003,strong_noise,kefrine_0.25,0.9005525082916251,0.9005525082916251,0.0,37,"[40, 44, 39, 37]",0.43634735616773146,0.7433333333333333,0.8080140228343982,0.14187110000057146,True,
tune,2,11003,strong_noise,kefrine_0.5,0.9005525082916251,0.9005525082916251,0.0,37,"[39, 44, 40, 37]",0.43634735616773146,0.7433333333333333,0.8080140228343982,0.1491260000038892,True,
tune,2,11003,strong_noise,kefrine_1,0.9005525082916251,0.9005525082916251,0.0,37,"[39, 44, 40, 37]",0.43634735616773146,0.7433333333333333,0.8080140228343982,0.1351827000034973,True,
tune,2,11003,strong_noise,kefrine_2,0.8711515894281102,0.9005525082916251,0.0125,39,"[40, 42, 39, 39]",0.43847277367020104,0.7425,0.8097227736702011,0.1336303999996744,True,
tune,2,11003,strong_noise,joint_alpha_0.5,0.8862351226232239,0.9005525082916251,0.0125,38,"[40, 40, 38, 42]",0.43909980746775384,0.7375,0.8078498074677538,0.008951199997682124,True,3
tune,2,11003,strong_noise,kefrine_equations_equal_scatter50,0.9005525082916251,0.9005525082916251,0.0,37,"[39, 44, 40, 37]",0.43634735616773146,0.7433333333333333,0.8080140228343982,0.1351827000034973,True,
tune,2,11003,weak_independent,spectral_graph_diagnostic,1.0,0.2272505147123619,0.3875,40,"[40, 40, 40, 40]",0.8768676636955217,0.265,1.0093676636955218,0.0037158000050112605,,
tune,2,11003,weak_independent,kmeans50,0.04822324061747739,0.04822324061747739,0.0,28,"[28, 33, 50, 49]",0.641501238767859,0.7216666666666667,1.0023345721011925,0.034698600007686764,,
tune,2,11003,weak_independent,feature_hartigan,0.038709220025758884,0.038709220025758884,0.0,28,"[28, 35, 50, 47]",0.6410261857059797,0.7358333333333333,1.0089428523726465,0.003420699998969212,True,2
tune,2,11003,weak_independent,joint_zero_reuse,0.04822324061747739,0.04822324061747739,0.0,28,"[28, 33, 50, 49]",0.641501238767859,0.7216666666666667,1.0023345721011925,0.0006408000190276653,False,0
tune,2,11003,weak_independent,kefrin_like_equal_scatter50,0.1513647157314931,0.09337149542800831,0.0625,23,"[46, 51, 40, 23]",0.6558058162073965,0.6583333333333333,0.9849724828740631,0.05027269999845885,,
tune,2,11003,weak_independent,joint_0.1,0.06186459515425202,0.049861691483726676,0.01875,24,"[24, 35, 52, 49]",0.642514118364114,0.705,0.9950141183641139,0.009558200021274388,True,3
tune,2,11003,weak_independent,joint_0.25,0.08254842516951702,0.05756535928576169,0.05,23,"[23, 31, 55, 51]",0.6484799941396653,0.6708333333333333,0.983896660806332,0.008963100000983104,True,3
tune,2,11003,weak_independent,joint_0.5,0.1877005126353519,0.08509724451108326,0.15625,16,"[16, 31, 58, 55]",0.6861086859169856,0.5641666666666667,0.968192019250319,0.017515899991849437,True,6
tune,2,11003,weak_independent,joint_1,0.6208806347545558,0.09752660242354731,0.39375,4,"[4, 41, 78, 37]",0.8701062414276942,0.27666666666666667,1.0084395747610275,0.026254700002027676,True,9
tune,2,11003,weak_independent,kefrine_0.25,0.06622788813123827,0.06178352017227184,0.00625,27,"[41, 44, 48, 27]",0.643063472662463,0.7241666666666666,1.0051468059957962,0.1992923000070732,True,
tune,2,11003,weak_independent,kefrine_0.5,0.11463697244643453,0.09577509092696353,0.01875,24,"[41, 48, 47, 24]",0.6468419247651971,0.6691666666666667,0.9814252580985304,0.18871119999676012,True,
tune,2,11003,weak_independent,kefrine_1,0.14278286478612734,0.1138613665108497,0.03125,29,"[46, 44, 29, 41]",0.6526005330918833,0.6558333333333334,0.98051719975855,0.17181630001869053,True,
tune,2,11003,weak_independent,kefrine_2,0.48635406300830064,0.14758190452227188,0.24375,36,"[36, 45, 38, 41]",0.7200499055012396,0.4708333333333333,0.9554665721679063,0.20011209999211133,True,
tune,2,11003,weak_independent,joint_alpha_0.5,0.1877005126353519,0.08509724451108326,0.15625,16,"[16, 31, 58, 55]",0.6861086859169856,0.5641666666666667,0.968192019250319,0.017515899991849437,True,6
tune,2,11003,weak_independent,kefrine_equations_equal_scatter50,0.14278286478612734,0.1138613665108497,0.03125,29,"[46, 44, 29, 41]",0.6526005330918833,0.6558333333333334,0.98051719975855,0.17181630001869053,True,
tune,2,11003,weak_derived,spectral_graph_diagnostic,0.06530008620212421,0.09511936869443612,0.075,33,"[35, 39, 33, 53]",0.6833955584541471,0.3575,0.8621455584541471,0.004494500026339665,,
tune,2,11003,weak_derived,kmeans50,0.04822324061747739,0.04822324061747739,0.0,28,"[28, 33, 50, 49]",0.641501238767859,0.33166666666666667,0.8073345721011924,0.034698600007686764,,
tune,2,11003,weak_derived,feature_hartigan,0.038709220025758884,0.038709220025758884,0.0,28,"[28, 35, 50, 47]",0.6410261857059797,0.33916666666666667,0.810609519039313,0.003420699998969212,True,2
tune,2,11003,weak_derived,joint_zero_reuse,0.04822324061747739,0.04822324061747739,0.0,28,"[28, 33, 50, 49]",0.641501238767859,0.33166666666666667,0.8073345721011924,0.0006371999916154891,False,0
tune,2,11003,weak_derived,kefrin_like_equal_scatter50,0.05990734267805728,0.06568999045502973,0.0125,32,"[33, 52, 32, 43]",0.6475767177466593,0.3325,0.8138267177466593,0.049163199990289286,,
tune,2,11003,weak_derived,joint_0.1,0.046188885873092674,0.046188885873092674,0.0,28,"[28, 34, 49, 49]",0.641227286997954,0.3308333333333333,0.8066439536646206,0.006387700006598607,True,2
tune,2,11003,weak_derived,joint_0.25,0.0638486274875332,0.056232427366447985,0.01875,22,"[22, 36, 52, 50]",0.6438215633144013,0.31166666666666665,0.7996548966477346,0.012284800002817065,True,4
tune,2,11003,weak_derived,joint_0.5,0.05217404713166102,0.04269698625465509,0.025,23,"[23, 31, 56, 50]",0.6457403321668927,0.30583333333333335,0.7986569988335595,0.014744199987035245,True,5
tune,2,11003,weak_derived,joint_1,0.05824661169557388,0.04532556148172041,0.04375,18,"[18, 31, 57, 54]",0.6553885762935112,0.29,0.8003885762935112,0.01804419999825768,True,6
tune,2,11003,weak_derived,kefrine_0.25,0.05756194692020578,0.058656056797741433,0.00625,29,"[40, 44, 47, 29]",0.6430529796788785,0.3541666666666667,0.8201363130122119,0.18996749998768792,True,
tune,2,11003,weak_derived,kefrine_0.5,0.046498407020951524,0.04931699994851261,0.0125,32,"[51, 32, 32, 45]",0.6434650622594306,0.3433333333333333,0.8151317289260972,0.18540430002030917,True,
tune,2,11003,weak_derived,kefrine_1,0.05683026292823027,0.06296035431613882,0.01875,30,"[38, 44, 30, 48]",0.6449862217113562,0.345,0.8174862217113562,0.17533260001800954,True,
tune,2,11003,weak_derived,kefrine_2,0.0589037683703607,0.055210178262230514,0.00625,30,"[30, 51, 36, 43]",0.6450519349267103,0.345,0.8175519349267103,0.2030672999972012,True,
tune,2,11003,weak_derived,joint_alpha_0.5,0.05217404713166102,0.04269698625465509,0.025,23,"[23, 31, 56, 50]",0.6457403321668927,0.30583333333333335,0.7986569988335595,0.014744199987035245,True,5
tune,2,11003,weak_derived,kefrine_equations_equal_scatter50,0.05683026292823027,0.06296035431613882,0.01875,30,"[38, 44, 30, 48]",0.6449862217113562,0.345,0.8174862217113562,0.17533260001800954,True,
tune,2,11003,weak_noise,spectral_graph_diagnostic,0.018876736090671125,0.09047969428686715,0.63125,31,"[31, 33, 40, 56]",0.9834657869399459,0.5566666666666666,1.2617991202732792,0.006814599997596815,,
tune,2,11003,weak_noise,kmeans50,0.04822324061747739,0.04822324061747739,0.0,28,"[28, 33, 50, 49]",0.641501238767859,0.7433333333333333,1.0131679054345257,0.034698600007686764,,
tune,2,11003,weak_noise,feature_hartigan,0.038709220025758884,0.038709220025758884,0.0,28,"[28, 35, 50, 47]",0.6410261857059797,0.7475,1.0147761857059798,0.003420699998969212,True,2
tune,2,11003,weak_noise,joint_zero_reuse,0.04822324061747739,0.04822324061747739,0.0,28,"[28, 33, 50, 49]",0.641501238767859,0.7433333333333333,1.0131679054345257,0.0006322000117506832,False,0
tune,2,11003,weak_noise,kefrin_like_equal_scatter50,0.054113420096804817,0.045603709437872036,0.01875,23,"[47, 43, 23, 47]",0.6438739492211004,0.7291666666666666,1.0084572825544338,0.05132379999849945,,
tune,2,11003,weak_noise,joint_0.1,0.05171217165241327,0.047522464092828,0.00625,26,"[26, 35, 50, 49]",0.6412188190016778,0.7425,1.0124688190016777,0.009392700012540445,True,3
tune,2,11003,weak_noise,joint_0.25,0.05289757805660928,0.05045172163756443,0.025,26,"[26, 33, 57, 44]",0.6439803934405444,0.7233333333333334,1.005647060107211,0.01479230000404641,True,5
tune,2,11003,weak_noise,joint_0.5,0.0660082779863317,0.057896777377022215,0.075,17,"[17, 44, 53, 46]",0.6542425816064236,0.6916666666666667,1.000075914939757,0.020313699991675094,True,7
tune,2,11003,weak_noise,joint_1,0.00027652561826858364,0.008984140684586093,0.21875,1,"[1, 1, 156, 2]",0.9584702066111737,0.030833333333333334,0.9738868732778403,0.017917699995450675,True,6
tune,2,11003,weak_noise,kefrine_0.25,0.04364405269597653,0.04779128372368811,0.00625,32,"[52, 32, 37, 39]",0.6429342219018708,0.7258333333333333,1.0058508885685375,0.19363760002306662,True,
tune,2,11003,weak_noise,kefrine_0.5,0.031041426813684183,0.028622483672533484,0.00625,32,"[35, 52, 41, 32]",0.643668986340545,0.755,1.021168986340545,0.19045239998376928,True,
tune,2,11003,weak_noise,kefrine_1,0.03774294019103365,0.04258037214909917,0.01875,37,"[40, 37, 45, 38]",0.6442534740892024,0.7466666666666667,1.0175868074225358,0.18527210000320338,True,
tune,2,11003,weak_noise,kefrine_2,0.04788170125314467,0.043558909062328066,0.01875,25,"[48, 46, 41, 25]",0.646289286782892,0.745,1.018789286782892,0.1657326000276953,True,
tune,2,11003,weak_noise,joint_alpha_0.5,0.0660082779863317,0.057896777377022215,0.075,17,"[17, 44, 53, 46]",0.6542425816064236,0.6916666666666667,1.000075914939757,0.020313699991675094,True,7
tune,2,11003,weak_noise,kefrine_equations_equal_scatter50,0.03774294019103365,0.04258037214909917,0.01875,37,"[40, 37, 45, 38]",0.6442534740892024,0.7466666666666667,1.0175868074225358,0.18527210000320338,True,
tune,2,11003,weak_conflict,spectral_graph_diagnostic,-0.019230769230769232,0.05011732309422693,0.6375,40,"[40, 40, 40, 40]",0.9793692985976601,0.2633333333333333,1.1110359652643267,0.003693200007546693,,
tune,2,11003,weak_conflict,kmeans50,0.04822324061747739,0.04822324061747739,0.0,28,"[28, 33, 50, 49]",0.641501238767859,0.725,1.004001238767859,0.034698600007686764,,
tune,2,11003,weak_conflict,feature_hartigan,0.038709220025758884,0.038709220025758884,0.0,28,"[28, 35, 50, 47]",0.6410261857059797,0.7283333333333334,1.0051928523726463,0.003420699998969212,True,2
tune,2,11003,weak_conflict,joint_zero_reuse,0.04822324061747739,0.04822324061747739,0.0,28,"[28, 33, 50, 49]",0.641501238767859,0.725,1.004001238767859,0.0006271000020205975,False,0
tune,2,11003,weak_conflict,kefrin_like_equal_scatter50,0.05281386295571773,0.05281386295571773,0.0,25,"[44, 55, 25, 36]",0.6423567624928385,0.7133333333333334,0.9990234291595051,0.054248100001132116,,
tune,2,11003,weak_conflict,joint_0.1,0.04479287695455381,0.04193961917978995,0.00625,27,"[27, 34, 55, 44]",0.6417366345042319,0.7116666666666667,0.9975699678375652,0.009446000010939315,True,3
tune,2,11003,weak_conflict,joint_0.25,0.037317617395810375,0.03353317673090483,0.01875,25,"[25, 32, 59, 44]",0.6434340987978586,0.7033333333333334,0.9951007654645253,0.015861499996390194,True,5
tune,2,11003,weak_conflict,joint_0.5,0.027517397692456633,0.0391665409593211,0.0875,21,"[21, 34, 65, 40]",0.661192275056604,0.6583333333333333,0.9903589417232708,0.015124700003070757,True,5
tune,2,11003,weak_conflict,joint_1,-4.100999413557084e-05,0.008700949723071167,0.15625,1,"[1, 1, 155, 3]",0.9381611243788754,0.04666666666666667,0.9614944577122088,0.020851600012974814,True,7
tune,2,11003,weak_conflict,kefrine_0.25,0.050006768432033,0.052589527409757086,0.0125,35,"[35, 39, 37, 49]",0.6431041583967964,0.7541666666666667,1.0201874917301297,0.1871750999998767,True,
tune,2,11003,weak_conflict,kefrine_0.5,0.05701167017409604,0.059383793637336965,0.0125,36,"[36, 40, 36, 48]",0.6435018644989094,0.7566666666666667,1.0218351978322429,0.19557260000146925,True,
tune,2,11003,weak_conflict,kefrine_1,0.03975195796490977,0.04009941610873934,0.025,36,"[36, 37, 50, 37]",0.6457102328331534,0.7333333333333333,1.0123768994998201,0.18928279998362996,True,
tune,2,11003,weak_conflict,kefrine_2,0.07063400734286811,0.09156941800568319,0.0875,27,"[33, 53, 47, 27]",0.6559880538780339,0.7291666666666666,1.0205713872113673,0.1827147000003606,True,
tune,2,11003,weak_conflict,joint_alpha_0.5,0.027517397692456633,0.0391665409593211,0.0875,21,"[21, 34, 65, 40]",0.661192275056604,0.6583333333333333,0.9903589417232708,0.015124700003070757,True,5
tune,2,11003,weak_conflict,kefrine_equations_equal_scatter50,0.03975195796490977,0.04009941610873934,0.025,36,"[36, 37, 50, 37]",0.6457102328331534,0.7333333333333333,1.0123768994998201,0.18928279998362996,True,
tune,2,11003,strong_derived,kmeans50,0.9005525082916251,0.9005525082916251,0.0,37,"[40, 39, 37, 44]",0.43634735616773146,0.07166666666666667,0.4721806895010648,0.027787200000602752,,
tune,2,11003,strong_derived,feature_hartigan,0.9005525082916251,0.9005525082916251,0.0,37,"[40, 39, 37, 44]",0.43634735616773146,0.07166666666666667,0.4721806895010648,0.0018631999846547842,True,1
tune,2,11003,strong_derived,joint_zero_reuse,0.9005525082916251,0.9005525082916251,0.0,37,"[40, 39, 37, 44]",0.43634735616773146,0.07166666666666667,0.4721806895010648,0.0005947999889031053,False,0
tune,2,11003,strong_derived,kefrin_like_equal_scatter50,0.8989871141744081,0.9005525082916251,0.0125,37,"[38, 39, 46, 37]",0.43765411031118956,0.0675,0.47140411031118956,0.03565510001499206,,
tune,2,11003,strong_derived,joint_0.1,0.9005525082916251,0.9005525082916251,0.0,37,"[40, 39, 37, 44]",0.43634735616773146,0.07166666666666667,0.4721806895010648,0.003494100004900247,True,1
tune,2,11003,strong_derived,joint_0.25,0.9160768695568724,0.9005525082916251,0.00625,37,"[39, 39, 37, 45]",0.4371710258652163,0.06833333333333333,0.47133769253188296,0.006172800000058487,True,2
tune,2,11003,strong_derived,joint_0.5,0.9160768695568724,0.9005525082916251,0.00625,37,"[39, 39, 37, 45]",0.4371710258652163,0.06833333333333333,0.47133769253188296,0.006165400001918897,True,2
tune,2,11003,strong_derived,joint_1,0.9329876282389846,0.9005525082916251,0.025,38,"[40, 38, 38, 44]",0.43921154520744343,0.065,0.4717115452074434,0.009189899981720373,True,3
tune,2,11003,strong_derived,kefrine_0.25,0.9005525082916251,0.9005525082916251,0.0,37,"[44, 39, 37, 40]",0.43634735616773146,0.07166666666666667,0.4721806895010648,0.10863030000473373,True,
tune,2,11003,strong_derived,kefrine_0.5,0.9160768695568724,0.9005525082916251,0.00625,37,"[45, 39, 37, 39]",0.4371710258652163,0.06833333333333333,0.47133769253188296,0.09975620001205243,True,
tune,2,11003,strong_derived,kefrine_1,0.8989871141744081,0.9005525082916251,0.0125,37,"[46, 38, 39, 37]",0.43765411031118956,0.0675,0.47140411031118956,0.09491159999743104,True,
tune,2,11003,strong_derived,kefrine_2,0.9154319580578983,0.9005525082916251,0.01875,38,"[45, 38, 39, 38]",0.43854590642983377,0.06583333333333333,0.4714625730965004,0.08166140000685118,True,
tune,2,11003,strong_derived,joint_alpha_0.5,0.9160768695568724,0.9005525082916251,0.00625,37,"[39, 39, 37, 45]",0.4371710258652163,0.06833333333333333,0.47133769253188296,0.006165400001918897,True,2
tune,2,11003,strong_derived,kefrine_equations_equal_scatter50,0.8989871141744081,0.9005525082916251,0.0125,37,"[46, 38, 39, 37]",0.43765411031118956,0.0675,0.47140411031118956,0.09491159999743104,True,
tune,1,11004,strong_noise,kmeans50,0.5844100784131927,0.5844100784131927,0.0,33,"[52, 37, 33, 38]",0.5590409379035153,0.7416666666666667,0.9298742712368486,0.030305799999041483,,
tune,1,11004,strong_noise,feature_hartigan,0.6045715915031127,0.6045715915031127,0.0,32,"[52, 38, 32, 38]",0.558872238128685,0.7391666666666666,0.9284555714620184,0.005331899999873713,True,3
tune,1,11004,strong_noise,joint_zero_reuse,0.5844100784131927,0.5844100784131927,0.0,33,"[52, 37, 33, 38]",0.5590409379035153,0.7416666666666667,0.9298742712368486,0.0006542000046465546,False,0
tune,1,11004,strong_noise,kefrin_like_equal_scatter50,0.46237971244197895,0.47124941065535125,0.00625,27,"[27, 69, 31, 33]",0.5602799527537217,0.7158333333333333,0.9181966194203883,0.04520860000047833,,
tune,1,11004,strong_noise,joint_0.1,0.6048292457415156,0.6048292457415156,0.0,31,"[53, 38, 31, 38]",0.5589031447931353,0.7366666666666667,0.9272364781264686,0.0063372000004164875,True,2
tune,1,11004,strong_noise,joint_0.25,0.6135754268780281,0.6135754268780281,0.0,28,"[56, 38, 28, 38]",0.5595921320500704,0.73,0.9245921320500704,0.009202000015648082,True,3
tune,1,11004,strong_noise,joint_0.5,0.6265997461367369,0.6135754268780281,0.01875,25,"[59, 38, 25, 38]",0.5619656017159431,0.7225,0.9232156017159432,0.015086200000951067,True,5
tune,1,11004,strong_noise,joint_1,0.0007320780469646679,0.040045280882977215,0.1,1,"[154, 2, 3, 1]",0.8949092840709334,0.06916666666666667,0.9294926174042667,0.02097939999657683,True,7
tune,1,11004,strong_noise,kefrine_0.25,0.6322349587078685,0.6322349587078685,0.0,28,"[38, 28, 55, 39]",0.5596074612217798,0.7325,0.9258574612217798,0.19995509998989291,True,
tune,1,11004,strong_noise,kefrine_0.5,0.48917424488167544,0.49150154314085076,0.00625,27,"[72, 27, 32, 29]",0.5612745792320223,0.7,0.9112745792320223,0.20509520001360215,True,
tune,1,11004,strong_noise,kefrine_1,0.6207298641206463,0.6207298641206463,0.0,17,"[70, 17, 38, 35]",0.5662058122917263,0.7008333333333333,0.916622478958393,0.21073880000039935,True,
tune,1,11004,strong_noise,kefrine_2,0.4014812779016874,0.4048067075612444,0.0125,4,"[61, 4, 29, 66]",0.5994547912563448,0.675,0.9369547912563448,0.18003550000139512,True,
tune,1,11004,strong_noise,joint_alpha_0.5,0.6265997461367369,0.6135754268780281,0.01875,25,"[59, 38, 25, 38]",0.5619656017159431,0.7225,0.9232156017159432,0.015086200000951067,True,5
tune,1,11004,strong_noise,kefrine_equations_equal_scatter50,0.6207298641206463,0.6207298641206463,0.0,17,"[70, 17, 38, 35]",0.5662058122917263,0.7008333333333333,0.916622478958393,0.21073880000039935,True,
tune,1,11004,weak_independent,spectral_graph_diagnostic,1.0,0.3898591728644136,0.28125,40,"[40, 40, 40, 40]",0.7916399091847083,0.24666666666666667,0.9149732425180416,0.004231600003549829,,
tune,1,11004,weak_independent,kmeans50,0.17530533037399262,0.17530533037399262,0.0,32,"[32, 41, 35, 52]",0.6584111905982554,0.6441666666666667,0.9804945239315888,0.035925100004533306,,
tune,1,11004,weak_independent,feature_hartigan,0.1572119456383223,0.1572119456383223,0.0,35,"[35, 37, 35, 53]",0.6578603582550484,0.6516666666666666,0.9836936915883817,0.006875799997942522,True,4
tune,1,11004,weak_independent,joint_zero_reuse,0.17530533037399262,0.17530533037399262,0.0,32,"[32, 41, 35, 52]",0.6584111905982554,0.6441666666666667,0.9804945239315888,0.0006369999900925905,False,0
tune,1,11004,weak_independent,kefrin_like_equal_scatter50,0.5056009399734839,0.34809425717109416,0.1,35,"[39, 35, 51, 35]",0.6918274695469044,0.4725,0.9280774695469044,0.05403830000432208,,
tune,1,11004,weak_independent,joint_0.1,0.18604596760044448,0.18322521106327402,0.0125,29,"[29, 41, 32, 58]",0.6592316078497165,0.6175,0.9679816078497165,0.012327899981755763,True,4
tune,1,11004,weak_independent,joint_0.25,0.375358144527854,0.2633871321787955,0.075,23,"[27, 65, 23, 45]",0.676383111574959,0.4841666666666667,0.9184664449082923,0.017439199989894405,True,6
tune,1,11004,weak_independent,joint_0.5,0.4647747698676398,0.2872900038008362,0.1375,19,"[27, 76, 19, 38]",0.712097822657668,0.38,0.9020978226576679,0.01496259999112226,True,5
tune,1,11004,weak_independent,joint_1,0.700087349511982,0.18452868307725026,0.31875,1,"[41, 40, 1, 78]",0.8336380157259292,0.215,0.9411380157259293,0.026869900000747293,True,9
tune,1,11004,weak_independent,kefrine_0.25,0.1978636223680159,0.18892616256326974,0.0125,31,"[35, 31, 41, 53]",0.6590799600060068,0.6325,0.9753299600060068,0.23228200001176447,True,
tune,1,11004,weak_independent,kefrine_0.5,0.201351482931199,0.19158832803251688,0.01875,27,"[58, 27, 34, 41]",0.6606774623280903,0.6208333333333333,0.971094128994757,0.22342219998245127,True,
tune,1,11004,weak_independent,kefrine_1,0.2834825201765869,0.21556663058691058,0.0625,27,"[45, 27, 36, 52]",0.6676283899002154,0.5775,0.9563783899002154,0.23261100001400337,True,
tune,1,11004,weak_independent,kefrine_2,0.8715761311433389,0.3416501242169577,0.26875,39,"[42, 40, 39, 39]",0.760619744473063,0.30333333333333334,0.9122864111397297,0.19824709999375045,True,
tune,1,11004,weak_independent,joint_alpha_0.5,0.4647747698676398,0.2872900038008362,0.1375,19,"[27, 76, 19, 38]",0.712097822657668,0.38,0.9020978226576679,0.01496259999112226,True,5
tune,1,11004,weak_independent,kefrine_equations_equal_scatter50,0.2834825201765869,0.21556663058691058,0.0625,27,"[45, 27, 36, 52]",0.6676283899002154,0.5775,0.9563783899002154,0.23261100001400337,True,
tune,1,11004,weak_derived,spectral_graph_diagnostic,0.1787414783027927,0.20130082859905235,0.125,34,"[34, 39, 39, 48]",0.7110104810432055,0.37416666666666665,0.8980938143765389,0.004764899989822879,,
tune,1,11004,weak_derived,kmeans50,0.17530533037399262,0.17530533037399262,0.0,32,"[32, 41, 35, 52]",0.6584111905982554,0.36083333333333334,0.838827857264922,0.035925100004533306,,
tune,1,11004,weak_derived,feature_hartigan,0.1572119456383223,0.1572119456383223,0.0,35,"[35, 37, 35, 53]",0.6578603582550484,0.36083333333333334,0.8382770249217151,0.006875799997942522,True,4
tune,1,11004,weak_derived,joint_zero_reuse,0.17530533037399262,0.17530533037399262,0.0,32,"[32, 41, 35, 52]",0.6584111905982554,0.36083333333333334,0.838827857264922,0.0006550000107381493,False,0
tune,1,11004,weak_derived,kefrin_like_equal_scatter50,0.16859538137118757,0.1802365298426425,0.0125,32,"[52, 32, 35, 41]",0.6590998358045673,0.36,0.8390998358045674,0.05464780001784675,,
tune,1,11004,weak_derived,joint_0.1,0.16524040686978506,0.17146563213072485,0.00625,31,"[31, 40, 37, 52]",0.6586087408880376,0.35833333333333334,0.8377754075547043,0.006366999994497746,True,2
tune,1,11004,weak_derived,joint_0.25,0.18344439578475585,0.1653658980846826,0.01875,32,"[32, 42, 33, 53]",0.6600405747431063,0.3516666666666667,0.8358739080764397,0.012167599983513355,True,4
tune,1,11004,weak_derived,joint_0.5,0.1630816716891234,0.161174715716472,0.025,28,"[31, 38, 28, 63]",0.6631214582577177,0.33416666666666667,0.8302047915910511,0.011843000014778227,True,4
tune,1,11004,weak_derived,joint_1,0.1616728801337813,0.16691831788582004,0.025,28,"[30, 38, 28, 64]",0.6641117356206462,0.3325,0.8303617356206462,0.011960200004978105,True,4
tune,1,11004,weak_derived,kefrine_0.25,0.16230480418105783,0.16230480418105783,0.0,34,"[53, 34, 35, 38]",0.6579031796326416,0.36333333333333334,0.8395698462993082,0.23397899998235516,True,
tune,1,11004,weak_derived,kefrine_0.5,0.15918819857887406,0.16799133233686842,0.00625,32,"[54, 35, 32, 39]",0.6589896511069822,0.36083333333333334,0.8394063177736488,0.24045899999327958,True,
tune,1,11004,weak_derived,kefrine_1,0.15679677782384646,0.15129323284511226,0.00625,33,"[54, 33, 36, 37]",0.6595630759280188,0.3591666666666667,0.8391464092613521,0.24698520000674762,True,
tune,1,11004,weak_derived,kefrine_2,0.1932894830574882,0.20026572397921658,0.05625,35,"[53, 35, 35, 37]",0.66843330464669,0.3475,0.84218330464669,0.18312410000362433,True,
tune,1,11004,weak_derived,joint_alpha_0.5,0.1630816716891234,0.161174715716472,0.025,28,"[31, 38, 28, 63]",0.6631214582577177,0.33416666666666667,0.8302047915910511,0.011843000014778227,True,4
tune,1,11004,weak_derived,kefrine_equations_equal_scatter50,0.15679677782384646,0.15129323284511226,0.00625,33,"[54, 33, 36, 37]",0.6595630759280188,0.3591666666666667,0.8391464092613521,0.24698520000674762,True,
tune,1,11004,weak_noise,spectral_graph_diagnostic,-0.005464415960846272,0.13250917827126316,0.6875,28,"[28, 43, 41, 48]",0.9869977499068412,0.5583333333333333,1.266164416573508,0.005569000000832602,,
tune,1,11004,weak_noise,kmeans50,0.17530533037399262,0.17530533037399262,0.0,32,"[32, 41, 35, 52]",0.6584111905982554,0.7341666666666666,1.0254945239315887,0.035925100004533306,,
tune,1,11004,weak_noise,feature_hartigan,0.1572119456383223,0.1572119456383223,0.0,35,"[35, 37, 35, 53]",0.6578603582550484,0.7375,1.0266103582550485,0.006875799997942522,True,4
tune,1,11004,weak_noise,joint_zero_reuse,0.17530533037399262,0.17530533037399262,0.0,32,"[32, 41, 35, 52]",0.6584111905982554,0.7341666666666666,1.0254945239315887,0.0006680000224150717,False,0
tune,1,11004,weak_noise,kefrin_like_equal_scatter50,0.1329179401849601,0.13357931542867504,0.00625,34,"[35, 56, 35, 34]",0.659185976551199,0.7175,1.017935976551199,0.05051339999772608,,
tune,1,11004,weak_noise,joint_0.1,0.15373657030925386,0.1485057853991509,0.00625,34,"[34, 37, 36, 53]",0.6583682665377659,0.7216666666666667,1.0192015998710993,0.017861500004073605,True,6
tune,1,11004,weak_noise,joint_0.25,0.10553176576241115,0.13569727680032503,0.04375,21,"[32, 31, 21, 76]",0.669598721846906,0.6508333333333334,0.9950153885135727,0.02526269998634234,True,8
tune,1,11004,weak_noise,joint_0.5,0.001647457673272382,0.0314977823268509,0.14375,4,"[5, 8, 4, 143]",0.8310292291747776,0.17083333333333334,0.9164458958414443,0.03248170000733808,True,11
tune,1,11004,weak_noise,joint_1,5.645138527667227e-05,0.0016571715782456274,0.03125,1,"[1, 1, 1, 157]",0.9220833500025399,0.03,0.93708335000254,0.015305899985833094,True,5
tune,1,11004,weak_noise,kefrine_0.25,0.16299457339667645,0.16625727316237693,0.01875,31,"[56, 31, 36, 37]",0.658672186297552,0.7333333333333333,1.0253388529642187,0.2360573000041768,True,
tune,1,11004,weak_noise,kefrine_0.5,0.16281745801127448,0.15947136563876652,0.00625,28,"[61, 28, 34, 37]",0.6591154074078278,0.7225,1.0203654074078279,0.23023809998994693,True,
tune,1,11004,weak_noise,kefrine_1,0.159828422230511,0.1688038411011777,0.00625,28,"[60, 28, 36, 36]",0.6591905979753792,0.7233333333333334,1.020857264642046,0.2210866000095848,True,
tune,1,11004,weak_noise,kefrine_2,0.13158658868160752,0.15134235076754637,0.05,26,"[69, 31, 26, 34]",0.6801477585223491,0.7083333333333334,1.0343144251890157,0.18202730000484735,True,
tune,1,11004,weak_noise,joint_alpha_0.5,0.001647457673272382,0.0314977823268509,0.14375,4,"[5, 8, 4, 143]",0.8310292291747776,0.17083333333333334,0.9164458958414443,0.03248170000733808,True,11
tune,1,11004,weak_noise,kefrine_equations_equal_scatter50,0.159828422230511,0.1688038411011777,0.00625,28,"[60, 28, 36, 36]",0.6591905979753792,0.7233333333333334,1.020857264642046,0.2210866000095848,True,
tune,1,11004,weak_conflict,spectral_graph_diagnostic,-0.019230769230769232,0.09814091684173462,0.675,40,"[40, 40, 40, 40]",0.9880491307325824,0.25833333333333336,1.1172157973992491,0.003572299989173189,,
tune,1,11004,weak_conflict,kmeans50,0.17530533037399262,0.17530533037399262,0.0,32,"[32, 41, 35, 52]",0.6584111905982554,0.7591666666666667,1.0379945239315886,0.035925100004533306,,
tune,1,11004,weak_conflict,feature_hartigan,0.1572119456383223,0.1572119456383223,0.0,35,"[35, 37, 35, 53]",0.6578603582550484,0.75,1.0328603582550484,0.006875799997942522,True,4
tune,1,11004,weak_conflict,joint_zero_reuse,0.17530533037399262,0.17530533037399262,0.0,32,"[32, 41, 35, 52]",0.6584111905982554,0.7591666666666667,1.0379945239315886,0.0007788999937474728,False,0
tune,1,11004,weak_conflict,kefrin_like_equal_scatter50,0.16020025031289112,0.17024703346675824,0.025,31,"[39, 31, 55, 35]",0.6597973045410847,0.7575,1.0385473045410847,0.05007349999505095,,
tune,1,11004,weak_conflict,joint_0.1,0.16289678543076175,0.1572119456383223,0.00625,34,"[35, 37, 34, 54]",0.6579966848660921,0.7458333333333333,1.0309133515327589,0.009370600018883124,True,3
tune,1,11004,weak_conflict,joint_0.25,0.1636137965061597,0.16922842794095266,0.04375,28,"[28, 40, 30, 62]",0.6637078994738248,0.7108333333333333,1.0191245661404915,0.00909249999676831,True,3
tune,1,11004,weak_conflict,joint_0.5,0.016339745483840824,0.05236954279926437,0.15625,6,"[15, 9, 6, 130]",0.7770288233805067,0.30916666666666665,0.93161215671384,0.02099730001646094,True,7
tune,1,11004,weak_conflict,joint_1,-0.00015725743041358704,0.02620754059722953,0.15625,1,"[1, 1, 1, 157]",0.9385436021792224,0.035,0.9560436021792224,0.012500500015448779,True,4
tune,1,11004,weak_conflict,kefrine_0.25,0.15947136563876652,0.15947136563876652,0.0,28,"[62, 28, 34, 36]",0.6588985213944561,0.7475,1.032648521394456,0.23257429999648593,True,
tune,1,11004,weak_conflict,kefrine_0.5,0.15947136563876652,0.15947136563876652,0.0,28,"[62, 28, 34, 36]",0.6588985213944561,0.7475,1.032648521394456,0.22560119998524897,True,
tune,1,11004,weak_conflict,kefrine_1,0.14244137827037623,0.14190533352962714,0.0125,22,"[68, 22, 34, 36]",0.6641609296659011,0.7208333333333333,1.0245775963325678,0.21380509997834451,True,
tune,1,11004,weak_conflict,kefrine_2,0.14381889702566972,0.16291989514444663,0.09375,20,"[50, 20, 42, 48]",0.6846608655325146,0.725,1.0471608655325146,0.20943309998256154,True,
tune,1,11004,weak_conflict,joint_alpha_0.5,0.016339745483840824,0.05236954279926437,0.15625,6,"[15, 9, 6, 130]",0.7770288233805067,0.30916666666666665,0.93161215671384,0.02099730001646094,True,7
tune,1,11004,weak_conflict,kefrine_equations_equal_scatter50,0.14244137827037623,0.14190533352962714,0.0125,22,"[68, 22, 34, 36]",0.6641609296659011,0.7208333333333333,1.0245775963325678,0.21380509997834451,True,
tune,1,11004,strong_derived,kmeans50,0.5844100784131927,0.5844100784131927,0.0,33,"[52, 37, 33, 38]",0.5590409379035153,0.17083333333333334,0.644457604570182,0.030305799999041483,,
tune,1,11004,strong_derived,feature_hartigan,0.6045715915031127,0.6045715915031127,0.0,32,"[52, 38, 32, 38]",0.558872238128685,0.17166666666666666,0.6447055714620183,0.005331899999873713,True,3
tune,1,11004,strong_derived,joint_zero_reuse,0.5844100784131927,0.5844100784131927,0.0,33,"[52, 37, 33, 38]",0.5590409379035153,0.17083333333333334,0.644457604570182,0.0005940999835729599,False,0
tune,1,11004,strong_derived,kefrin_like_equal_scatter50,1.0,1.0,0.0,40,"[40, 40, 40, 40]",0.5635020490026789,0.11583333333333333,0.6214187156693455,0.04600360000040382,,
tune,1,11004,strong_derived,joint_0.1,0.6227271825986953,0.6045715915031127,0.00625,32,"[51, 38, 32, 39]",0.5592608569686257,0.16583333333333333,0.6421775236352923,0.006238800007849932,True,2
tune,1,11004,strong_derived,joint_0.25,0.6362287347546054,0.6322349587078685,0.00625,27,"[56, 38, 27, 39]",0.5604551200622799,0.15083333333333335,0.6358717867289466,0.012132300005760044,True,4
tune,1,11004,strong_derived,joint_0.5,0.6406884842807798,0.6322349587078685,0.0125,26,"[57, 38, 26, 39]",0.5611382455643986,0.14833333333333334,0.6353049122310653,0.01183209998998791,True,4
tune,1,11004,strong_derived,joint_1,0.6220404665926662,0.6322349587078685,0.01875,26,"[58, 37, 26, 39]",0.5623143282818949,0.14666666666666667,0.6356476616152282,0.01163960000849329,True,4
tune,1,11004,strong_derived,kefrine_0.25,0.6322349587078685,0.6322349587078685,0.0,28,"[38, 28, 55, 39]",0.5596074612217798,0.15666666666666668,0.6379407945551132,0.21191189999808557,True,
tune,1,11004,strong_derived,kefrine_0.5,0.6322349587078685,0.6322349587078685,0.0,28,"[55, 28, 38, 39]",0.5596074612217798,0.15666666666666668,0.6379407945551132,0.20008100001723506,True,
tune,1,11004,strong_derived,kefrine_1,0.6882242238450886,0.6772560835765182,0.00625,32,"[54, 39, 32, 35]",0.5620346052747819,0.14083333333333334,0.6324512719414486,0.17581799998879433,True,
tune,1,11004,strong_derived,kefrine_2,1.0,1.0,0.0,40,"[40, 40, 40, 40]",0.5635020490026789,0.11583333333333333,0.6214187156693455,0.18323870000313036,True,
tune,1,11004,strong_derived,joint_alpha_0.5,0.6406884842807798,0.6322349587078685,0.0125,26,"[57, 38, 26, 39]",0.5611382455643986,0.14833333333333334,0.6353049122310653,0.01183209998998791,True,4
tune,1,11004,strong_derived,kefrine_equations_equal_scatter50,0.6882242238450886,0.6772560835765182,0.00625,32,"[54, 39, 32, 35]",0.5620346052747819,0.14083333333333334,0.6324512719414486,0.17581799998879433,True,
tune,2,11004,strong_noise,kmeans50,0.9023659634453041,0.9023659634453041,0.0,38,"[40, 40, 38, 42]",0.4392316636132392,0.7391666666666666,0.8088149969465726,0.028055100003257394,,
tune,2,11004,strong_noise,feature_hartigan,0.9023659634453041,0.9023659634453041,0.0,38,"[40, 40, 38, 42]",0.4392316636132392,0.7391666666666666,0.8088149969465726,0.0017167000041808933,True,1
tune,2,11004,strong_noise,joint_zero_reuse,0.9023659634453041,0.9023659634453041,0.0,38,"[40, 40, 38, 42]",0.4392316636132392,0.7391666666666666,0.8088149969465726,0.0006396000098902732,False,0
tune,2,11004,strong_noise,kefrin_like_equal_scatter50,0.8869085508168895,0.8869085508168895,0.0,38,"[40, 39, 43, 38]",0.43937115669374316,0.7433333333333333,0.8110378233604099,0.04392029999871738,,
tune,2,11004,strong_noise,joint_0.1,0.9023659634453041,0.9023659634453041,0.0,38,"[40, 40, 38, 42]",0.4392316636132392,0.7391666666666666,0.8088149969465726,0.0034320999984629452,True,1
tune,2,11004,strong_noise,joint_0.25,0.9023659634453041,0.9023659634453041,0.0,38,"[40, 40, 38, 42]",0.4392316636132392,0.7391666666666666,0.8088149969465726,0.0052826000028289855,True,1
tune,2,11004,strong_noise,joint_0.5,0.935448717948718,0.935448717948718,0.0,40,"[40, 40, 40, 40]",0.43968997576181557,0.7366666666666667,0.808023309095149,0.009496400016359985,True,2
tune,2,11004,strong_noise,joint_1,0.8711237165851451,0.9203812087634751,0.03125,39,"[40, 40, 39, 41]",0.4509242883973073,0.7216666666666667,0.8117576217306406,0.007079700008034706,True,2
tune,2,11004,strong_noise,kefrine_0.25,0.9023659634453041,0.9023659634453041,0.0,38,"[40, 42, 38, 40]",0.4392316636132392,0.7391666666666666,0.8088149969465726,0.1712808000156656,True,
tune,2,11004,strong_noise,kefrine_0.5,0.8869085508168895,0.8869085508168895,0.0,38,"[39, 43, 38, 40]",0.43937115669374316,0.7433333333333333,0.8110378233604099,0.20739779999712482,True,
tune,2,11004,strong_noise,kefrine_1,0.8869085508168895,0.8869085508168895,0.0,38,"[39, 43, 38, 40]",0.43937115669374316,0.7433333333333333,0.8110378233604099,0.18767120002303272,True,
tune,2,11004,strong_noise,kefrine_2,0.8862074342397236,0.8869085508168895,0.0125,37,"[45, 40, 38, 37]",0.4419969649146428,0.7433333333333333,0.8136636315813095,0.15047219998086803,True,
tune,2,11004,strong_noise,joint_alpha_0.5,0.935448717948718,0.935448717948718,0.0,40,"[40, 40, 40, 40]",0.43968997576181557,0.7366666666666667,0.808023309095149,0.009496400016359985,True,2
tune,2,11004,strong_noise,kefrine_equations_equal_scatter50,0.8869085508168895,0.8869085508168895,0.0,38,"[39, 43, 38, 40]",0.43937115669374316,0.7433333333333333,0.8110378233604099,0.18767120002303272,True,
tune,2,11004,weak_independent,spectral_graph_diagnostic,1.0,0.2534016667266784,0.375,40,"[40, 40, 40, 40]",0.8133981810670009,0.275,0.950898181067001,0.0035513000038918108,,
tune,2,11004,weak_independent,kmeans50,0.2012716958967506,0.2012716958967506,0.0,25,"[25, 46, 44, 45]",0.6422721342754069,0.645,0.9647721342754069,0.03532870000344701,,
tune,2,11004,weak_independent,feature_hartigan,0.20721008198109825,0.20721008198109825,0.0,25,"[25, 43, 44, 48]",0.6418853066567013,0.6441666666666667,0.9639686399900347,0.005265500018140301,True,3
tune,2,11004,weak_independent,joint_zero_reuse,0.2012716958967506,0.2012716958967506,0.0,25,"[25, 46, 44, 45]",0.6422721342754069,0.645,0.9647721342754069,0.0006605000235140324,False,0
tune,2,11004,weak_independent,kefrin_like_equal_scatter50,0.2879062418751625,0.23472050707174857,0.04375,37,"[37, 44, 41, 38]",0.6489961632235011,0.615,0.9564961632235011,0.04820559997460805,,
tune,2,11004,weak_independent,joint_0.1,0.22698819261654923,0.20721008198109825,0.0125,25,"[25, 42, 43, 50]",0.6427087630922363,0.6275,0.9564587630922363,0.009128899982897565,True,3
tune,2,11004,weak_independent,joint_0.25,0.2784017202893639,0.18828660289520852,0.075,21,"[21, 50, 41, 48]",0.651463241320036,0.5733333333333334,0.9381299079867027,0.012338200001977384,True,4
tune,2,11004,weak_independent,joint_0.5,0.39407495774927925,0.19399815760301028,0.1375,19,"[19, 55, 33, 53]",0.6838485076974535,0.48583333333333334,0.9267651743641202,0.014751100010471418,True,5
tune,2,11004,weak_independent,joint_1,0.7165731116137173,0.2592982663747707,0.2625,22,"[22, 47, 50, 41]",0.7523962238609638,0.355,0.9298962238609638,0.012263799988431856,True,4
tune,2,11004,weak_independent,kefrine_0.25,0.2712460633430388,0.25126793678784054,0.025,33,"[51, 33, 42, 34]",0.64597437135711,0.6383333333333333,0.9651410380237766,0.23879519998445176,True,
tune,2,11004,weak_independent,kefrine_0.5,0.2759441046775686,0.24162373970853696,0.025,38,"[41, 41, 38, 40]",0.6467923887852395,0.63,0.9617923887852395,0.24653169998782687,True,
tune,2,11004,weak_independent,kefrine_1,0.3682988712416342,0.2558851027431322,0.0875,35,"[35, 45, 40, 40]",0.6583796350876899,0.5658333333333333,0.9412963017543565,0.23444950001430698,True,
tune,2,11004,weak_independent,kefrine_2,0.5564844690200029,0.25904379646331316,0.1875,36,"[43, 38, 43, 36]",0.6963248519739977,0.4725,0.9325748519739977,0.23953290001372807,True,
tune,2,11004,weak_independent,joint_alpha_0.5,0.39407495774927925,0.19399815760301028,0.1375,19,"[19, 55, 33, 53]",0.6838485076974535,0.48583333333333334,0.9267651743641202,0.014751100010471418,True,5
tune,2,11004,weak_independent,kefrine_equations_equal_scatter50,0.3682988712416342,0.2558851027431322,0.0875,35,"[35, 45, 40, 40]",0.6583796350876899,0.5658333333333333,0.9412963017543565,0.23444950001430698,True,
tune,2,11004,weak_derived,spectral_graph_diagnostic,0.1650478536908936,0.18626998132641662,0.05,26,"[26, 42, 46, 46]",0.6544643055609172,0.32916666666666666,0.8190476388942505,0.003980400011641905,,
tune,2,11004,weak_derived,kmeans50,0.2012716958967506,0.2012716958967506,0.0,25,"[25, 46, 44, 45]",0.6422721342754069,0.33666666666666667,0.8106054676087402,0.03532870000344701,,
tune,2,11004,weak_derived,feature_hartigan,0.20721008198109825,0.20721008198109825,0.0,25,"[25, 43, 44, 48]",0.6418853066567013,0.3375,0.8106353066567014,0.005265500018140301,True,3
tune,2,11004,weak_derived,joint_zero_reuse,0.2012716958967506,0.2012716958967506,0.0,25,"[25, 46, 44, 45]",0.6422721342754069,0.33666666666666667,0.8106054676087402,0.000614699994912371,False,0
tune,2,11004,weak_derived,kefrin_like_equal_scatter50,0.18118589705934185,0.19173467154425788,0.0375,23,"[41, 46, 23, 50]",0.6459220269481217,0.3258333333333333,0.8088386936147884,0.05217500001890585,,
tune,2,11004,weak_derived,joint_0.1,0.20721008198109825,0.20721008198109825,0.0,25,"[25, 43, 44, 48]",0.6418853066567013,0.3375,0.8106353066567014,0.009355899994261563,True,3
tune,2,11004,weak_derived,joint_0.25,0.17100420609884331,0.16492307692307692,0.0125,20,"[20, 56, 44, 40]",0.6456716050944377,0.305,0.7981716050944376,0.023094299976946786,True,8
tune,2,11004,weak_derived,joint_0.5,0.17112324044814708,0.1570099104227905,0.025,18,"[18, 59, 41, 42]",0.6487021649050686,0.29583333333333334,0.7966188315717353,0.01224260000162758,True,4
tune,2,11004,weak_derived,joint_1,0.16450624016900697,0.17173130978958692,0.025,18,"[18, 58, 47, 37]",0.6493642388143522,0.29333333333333333,0.7960309054810188,0.009071999986190349,True,3
tune,2,11004,weak_derived,kefrine_0.25,0.2079573631034741,0.21296768153213477,0.00625,25,"[45, 25, 46, 44]",0.6432072338977126,0.33666666666666667,0.811540567231046,0.25758129998575896,True,
tune,2,11004,weak_derived,kefrine_0.5,0.20516047828823158,0.21296768153213477,0.00625,27,"[45, 27, 44, 44]",0.6432970193320686,0.34,0.8132970193320687,0.2523518999805674,True,
tune,2,11004,weak_derived,kefrine_1,0.2015551730278388,0.20601838138006484,0.0125,27,"[44, 27, 46, 43]",0.6435728208626481,0.33666666666666667,0.8119061541959814,0.257300800003577,True,
tune,2,11004,weak_derived,kefrine_2,0.18388641202696185,0.20425288302807154,0.025,24,"[45, 40, 24, 51]",0.6471812743917627,0.32083333333333336,0.8075979410584293,0.20182310001109727,True,
tune,2,11004,weak_derived,joint_alpha_0.5,0.17112324044814708,0.1570099104227905,0.025,18,"[18, 59, 41, 42]",0.6487021649050686,0.29583333333333334,0.7966188315717353,0.01224260000162758,True,4
tune,2,11004,weak_derived,kefrine_equations_equal_scatter50,0.2015551730278388,0.20601838138006484,0.0125,27,"[44, 27, 46, 43]",0.6435728208626481,0.33666666666666667,0.8119061541959814,0.257300800003577,True,
tune,2,11004,weak_noise,spectral_graph_diagnostic,-0.005877725735414495,0.11412874264476947,0.64375,35,"[39, 35, 40, 46]",0.9872139166655565,0.58,1.2772139166655565,0.005353199987439439,,
tune,2,11004,weak_noise,kmeans50,0.2012716958967506,0.2012716958967506,0.0,25,"[25, 46, 44, 45]",0.6422721342754069,0.7516666666666667,1.0181054676087402,0.03532870000344701,,
tune,2,11004,weak_noise,feature_hartigan,0.20721008198109825,0.20721008198109825,0.0,25,"[25, 43, 44, 48]",0.6418853066567013,0.7475,1.0156353066567014,0.005265500018140301,True,3
tune,2,11004,weak_noise,joint_zero_reuse,0.2012716958967506,0.2012716958967506,0.0,25,"[25, 46, 44, 45]",0.6422721342754069,0.7516666666666667,1.0181054676087402,0.0006741000106558204,False,0
tune,2,11004,weak_noise,kefrin_like_equal_scatter50,0.15130432038873243,0.1633154417021142,0.025,27,"[27, 41, 51, 41]",0.6482917605360606,0.76,1.0282917605360606,0.05026530000031926,,
tune,2,11004,weak_noise,joint_0.1,0.1946289980607119,0.19684626632141913,0.0125,24,"[24, 45, 45, 46]",0.6423997093791411,0.7433333333333333,1.0140663760458077,0.006586399977095425,True,2
tune,2,11004,weak_noise,joint_0.25,0.19515880898132462,0.18716939762338247,0.0375,22,"[22, 46, 39, 53]",0.6483242956514522,0.7075,1.0020742956514521,0.01736130000790581,True,6
tune,2,11004,weak_noise,joint_0.5,0.03294378139566164,0.1039640081799591,0.2,7,"[7, 17, 9, 127]",0.782034013912604,0.29,0.927034013912604,0.034996300004422665,True,12
tune,2,11004,weak_noise,joint_1,0.00022966868241947755,0.03724760839104445,0.15625,1,"[2, 2, 1, 155]",0.9304033130520407,0.0425,0.9516533130520407,0.024151000019628555,True,8
tune,2,11004,weak_noise,kefrine_0.25,0.19914214244826586,0.19914214244826586,0.0,25,"[53, 25, 39, 43]",0.6454890636868865,0.7483333333333333,1.0196557303535532,0.2541108000150416,True,
tune,2,11004,weak_noise,kefrine_0.5,0.15720280611229226,0.15840899058708438,0.0125,31,"[43, 41, 45, 31]",0.6454742361431043,0.7608333333333334,1.025890902809771,0.24976629999582656,True,
tune,2,11004,weak_noise,kefrine_1,0.22654736144413903,0.21872385553526189,0.01875,31,"[59, 32, 38, 31]",0.6495447814371555,0.7358333333333333,1.0174614481038222,0.1983874999859836,True,
tune,2,11004,weak_noise,kefrine_2,0.11598504184721316,0.15307015979808306,0.05625,28,"[49, 41, 28, 42]",0.6575904893724024,0.7791666666666667,1.0471738227057357,0.17359900000155903,True,
tune,2,11004,weak_noise,joint_alpha_0.5,0.03294378139566164,0.1039640081799591,0.2,7,"[7, 17, 9, 127]",0.782034013912604,0.29,0.927034013912604,0.034996300004422665,True,12
tune,2,11004,weak_noise,kefrine_equations_equal_scatter50,0.22654736144413903,0.21872385553526189,0.01875,31,"[59, 32, 38, 31]",0.6495447814371555,0.7358333333333333,1.0174614481038222,0.1983874999859836,True,
tune,2,11004,weak_conflict,spectral_graph_diagnostic,-0.019230769230769232,0.07655862455558371,0.65625,40,"[40, 40, 40, 40]",0.9829431813168593,0.275,1.1204431813168594,0.00396180001553148,,
tune,2,11004,weak_conflict,kmeans50,0.2012716958967506,0.2012716958967506,0.0,25,"[25, 46, 44, 45]",0.6422721342754069,0.735,1.009772134275407,0.03532870000344701,,
tune,2,11004,weak_conflict,feature_hartigan,0.20721008198109825,0.20721008198109825,0.0,25,"[25, 43, 44, 48]",0.6418853066567013,0.735,1.0093853066567013,0.005265500018140301,True,3
tune,2,11004,weak_conflict,joint_zero_reuse,0.2012716958967506,0.2012716958967506,0.0,25,"[25, 46, 44, 45]",0.6422721342754069,0.735,1.009772134275407,0.0007846000080462545,False,0
tune,2,11004,weak_conflict,kefrin_like_equal_scatter50,0.16922362798890728,0.17812335036058885,0.00625,29,"[40, 46, 45, 29]",0.6458519686454121,0.7483333333333333,1.0200186353120788,0.05049170000711456,,
tune,2,11004,weak_conflict,joint_0.1,0.19671383109705487,0.19259451857279614,0.0125,25,"[25, 44, 41, 50]",0.6426750196530092,0.7175,1.0014250196530092,0.009849000023677945,True,3
tune,2,11004,weak_conflict,joint_0.25,0.19904549442680486,0.20562911169641065,0.01875,25,"[25, 43, 42, 50]",0.6429012116167349,0.7158333333333333,1.0008178782834016,0.0062704999872948974,True,2
tune,2,11004,weak_conflict,joint_0.5,0.2155501010124511,0.19619271883706563,0.01875,23,"[23, 48, 34, 55]",0.6473423885539412,0.6941666666666667,0.9944257218872745,0.01225729999714531,True,4
tune,2,11004,weak_conflict,joint_1,5.645138527667227e-05,0.032831967525587535,0.20625,1,"[1, 157, 1, 1]",0.9616067328321588,0.025,0.9741067328321588,0.02411749999737367,True,8
tune,2,11004,weak_conflict,kefrine_0.25,0.22996255573953406,0.22229094556714601,0.0125,33,"[50, 33, 41, 36]",0.6462778795250292,0.7375,1.0150278795250292,0.25526770000578836,True,
tune,2,11004,weak_conflict,kefrine_0.5,0.21615615687114836,0.21413829302592746,0.0125,33,"[50, 33, 42, 35]",0.6465256582448101,0.74,1.0165256582448101,0.248517100000754,True,
tune,2,11004,weak_conflict,kefrine_1,0.17337270530241194,0.18243813132827272,0.03125,36,"[36, 42, 42, 40]",0.648591016657793,0.7525,1.0248410166577928,0.2237713999929838,True,
tune,2,11004,weak_conflict,kefrine_2,0.19158927510225007,0.20114975991677633,0.03125,26,"[40, 26, 59, 35]",0.6509375644486435,0.7216666666666667,1.0117708977819768,0.18873249998432584,True,
tune,2,11004,weak_conflict,joint_alpha_0.5,0.2155501010124511,0.19619271883706563,0.01875,23,"[23, 48, 34, 55]",0.6473423885539412,0.6941666666666667,0.9944257218872745,0.01225729999714531,True,4
tune,2,11004,weak_conflict,kefrine_equations_equal_scatter50,0.17337270530241194,0.18243813132827272,0.03125,36,"[36, 42, 42, 40]",0.648591016657793,0.7525,1.0248410166577928,0.2237713999929838,True,
tune,2,11004,strong_derived,kmeans50,0.9023659634453041,0.9023659634453041,0.0,38,"[40, 40, 38, 42]",0.4392316636132392,0.065,0.47173166361323915,0.028055100003257394,,
tune,2,11004,strong_derived,feature_hartigan,0.9023659634453041,0.9023659634453041,0.0,38,"[40, 40, 38, 42]",0.4392316636132392,0.065,0.47173166361323915,0.0017167000041808933,True,1
tune,2,11004,strong_derived,joint_zero_reuse,0.9023659634453041,0.9023659634453041,0.0,38,"[40, 40, 38, 42]",0.4392316636132392,0.065,0.47173166361323915,0.0006277000065892935,False,0
tune,2,11004,strong_derived,kefrin_like_equal_scatter50,0.9174623382134521,0.9023659634453041,0.00625,38,"[40, 39, 43, 38]",0.4396571628297548,0.059166666666666666,0.46924049616308816,0.03693189998739399,,
tune,2,11004,strong_derived,joint_0.1,0.9174623382134521,0.9023659634453041,0.00625,38,"[40, 39, 38, 43]",0.4396571628297548,0.059166666666666666,0.46924049616308816,0.006827400007750839,True,2
tune,2,11004,strong_derived,joint_0.25,0.9174623382134521,0.9023659634453041,0.00625,38,"[40, 39, 38, 43]",0.4396571628297548,0.059166666666666666,0.46924049616308816,0.006315100006759167,True,2
tune,2,11004,strong_derived,joint_0.5,0.9174623382134521,0.9023659634453041,0.00625,38,"[40, 39, 38, 43]",0.4396571628297548,0.059166666666666666,0.46924049616308816,0.00681089999852702,True,2
tune,2,11004,strong_derived,joint_1,0.9509548245983007,0.935448717948718,0.00625,39,"[40, 39, 40, 41]",0.4400196679374576,0.058333333333333334,0.4691863346041243,0.006762800010619685,True,2
tune,2,11004,strong_derived,kefrine_0.25,0.9023659634453041,0.9023659634453041,0.0,38,"[38, 40, 40, 42]",0.4392316636132392,0.065,0.47173166361323915,0.1508767000050284,True,
tune,2,11004,strong_derived,kefrine_0.5,0.9174623382134521,0.9023659634453041,0.00625,38,"[40, 43, 38, 39]",0.4396571628297548,0.059166666666666666,0.46924049616308816,0.12692050001351163,True,
tune,2,11004,strong_derived,kefrine_1,0.9174623382134521,0.9023659634453041,0.00625,38,"[40, 43, 38, 39]",0.4396571628297548,0.059166666666666666,0.46924049616308816,0.11585500001092441,True,
tune,2,11004,strong_derived,kefrine_2,0.9174623382134521,0.9023659634453041,0.00625,38,"[39, 43, 38, 40]",0.4396571628297548,0.059166666666666666,0.46924049616308816,0.09880779997911304,True,
tune,2,11004,strong_derived,joint_alpha_0.5,0.9174623382134521,0.9023659634453041,0.00625,38,"[40, 39, 38, 43]",0.4396571628297548,0.059166666666666666,0.46924049616308816,0.00681089999852702,True,2
tune,2,11004,strong_derived,kefrine_equations_equal_scatter50,0.9174623382134521,0.9023659634453041,0.00625,38,"[40, 43, 38, 39]",0.4396571628297548,0.059166666666666666,0.46924049616308816,0.11585500001092441,True,
tune,1,11005,strong_noise,kmeans50,0.4952620108026154,0.4952620108026154,0.0,34,"[38, 54, 34, 34]",0.5851884909611648,0.7433333333333333,0.9568551576278315,0.03448780000326224,,
tune,1,11005,strong_noise,feature_hartigan,0.4952620108026154,0.4952620108026154,0.0,34,"[38, 54, 34, 34]",0.5851884909611648,0.7433333333333333,0.9568551576278315,0.0017985999875236303,True,1
tune,1,11005,strong_noise,joint_zero_reuse,0.4952620108026154,0.4952620108026154,0.0,34,"[38, 54, 34, 34]",0.5851884909611648,0.7433333333333333,0.9568551576278315,0.000669400003971532,False,0
tune,1,11005,strong_noise,kefrin_like_equal_scatter50,0.4557904314022049,0.48521747370415996,0.0125,32,"[32, 55, 35, 38]",0.5873208126701382,0.7375,0.9560708126701383,0.05332340000313707,,
tune,1,11005,strong_noise,joint_0.1,0.4952620108026154,0.4952620108026154,0.0,34,"[38, 54, 34, 34]",0.5851884909611648,0.7433333333333333,0.9568551576278315,0.003581500001018867,True,1
tune,1,11005,strong_noise,joint_0.25,0.49158718715406224,0.4988728735604957,0.0125,32,"[37, 55, 36, 32]",0.5868312725442224,0.7325,0.9530812725442224,0.01252690001274459,True,4
tune,1,11005,strong_noise,joint_0.5,0.3896920813676254,0.4686198732267303,0.05,31,"[36, 59, 31, 34]",0.5954814556706136,0.7091666666666666,0.9500647890039469,0.01534060001722537,True,5
tune,1,11005,strong_noise,joint_1,0.0004920529383896856,0.06417882411871517,0.1875,1,"[2, 156, 1, 1]",0.9472086430029908,0.04583333333333333,0.9701253096696575,0.022003799997037277,True,7
tune,1,11005,strong_noise,kefrine_0.25,0.5080863855955983,0.5080863855955983,0.0,34,"[35, 57, 34, 34]",0.5887921592253149,0.7408333333333333,0.9592088258919815,0.25832660001469776,True,
tune,1,11005,strong_noise,kefrine_0.5,0.3229968963083027,0.32967518655759315,0.00625,33,"[33, 40, 33, 54]",0.591425969614658,0.7341666666666666,0.9585093029479913,0.25178729998879135,True,
tune,1,11005,strong_noise,kefrine_1,0.24501787122312813,0.2556537187304941,0.0125,37,"[40, 37, 43, 40]",0.5972814910091772,0.7508333333333334,0.9726981576758438,0.20794060002663173,True,
tune,1,11005,strong_noise,kefrine_2,0.3122440503223753,0.30873778099339116,0.01875,23,"[53, 50, 23, 34]",0.5977342324606245,0.7283333333333334,0.9619008991272913,0.20965579999028705,True,
tune,1,11005,strong_noise,joint_alpha_0.5,0.3896920813676254,0.4686198732267303,0.05,31,"[36, 59, 31, 34]",0.5954814556706136,0.7091666666666666,0.9500647890039469,0.01534060001722537,True,5
tune,1,11005,strong_noise,kefrine_equations_equal_scatter50,0.24501787122312813,0.2556537187304941,0.0125,37,"[40, 37, 43, 40]",0.5972814910091772,0.7508333333333334,0.9726981576758438,0.20794060002663173,True,
tune,1,11005,weak_independent,spectral_graph_diagnostic,1.0,0.37824521961661267,0.2875,40,"[40, 40, 40, 40]",0.817274309237526,0.275,0.954774309237526,0.00465230000554584,,
tune,1,11005,weak_independent,kmeans50,0.08218498423520751,0.08218498423520751,0.0,38,"[40, 38, 44, 38]",0.6496194303182692,0.7075,1.0033694303182692,0.06050769999274053,,
tune,1,11005,weak_independent,feature_hartigan,0.08218498423520751,0.08218498423520751,0.0,38,"[40, 38, 44, 38]",0.6496194303182692,0.7075,1.0033694303182692,0.002915499993832782,True,1
tune,1,11005,weak_independent,joint_zero_reuse,0.08218498423520751,0.08218498423520751,0.0,38,"[40, 38, 44, 38]",0.6496194303182692,0.7075,1.0033694303182692,0.0007141999958548695,False,0
tune,1,11005,weak_independent,kefrin_like_equal_scatter50,0.2029023746701847,0.1711766798150435,0.025,36,"[38, 44, 42, 36]",0.660603009207602,0.6491666666666667,0.9851863425409353,0.06523949999245815,,
tune,1,11005,weak_independent,joint_0.1,0.08784213876511776,0.08784213876511776,0.0,38,"[40, 39, 43, 38]",0.649673112519369,0.7058333333333333,1.0025897791860356,0.006424699997296557,True,2
tune,1,11005,weak_independent,joint_0.25,0.16338418313844205,0.12247952769384497,0.05,31,"[52, 38, 39, 31]",0.6566533054188207,0.6525,0.9829033054188208,0.0166886999795679,True,5
tune,1,11005,weak_independent,joint_0.5,0.5069110493259986,0.26289588978953526,0.15625,36,"[36, 50, 37, 37]",0.7140097571525303,0.4841666666666667,0.9560930904858637,0.023651600000448525,True,8
tune,1,11005,weak_independent,joint_1,0.9662489336393237,0.3583944604658027,0.2875,39,"[42, 39, 39, 40]",0.8104184666336147,0.28,0.9504184666336147,0.01799839999875985,True,6
tune,1,11005,weak_independent,kefrine_0.25,0.08784213876511776,0.08784213876511776,0.0,38,"[39, 38, 40, 43]",0.649673112519369,0.7058333333333333,1.0025897791860356,0.23546950001036748,True,
tune,1,11005,weak_independent,kefrine_0.5,0.1097557555873363,0.08869085508168895,0.025,39,"[39, 40, 40, 41]",0.6528675954133101,0.6958333333333333,1.0007842620799767,0.25013629999011755,True,
tune,1,11005,weak_independent,kefrine_1,0.1870008864296759,0.12747280808854627,0.0625,31,"[46, 38, 45, 31]",0.6621360553640876,0.655,0.9896360553640876,0.205689499998698,True,
tune,1,11005,weak_independent,kefrine_2,0.7098844314929158,0.3142852584810995,0.2125,33,"[41, 33, 48, 38]",0.750856259087005,0.4008333333333333,0.9512729257536717,0.21904309999081306,True,
tune,1,11005,weak_independent,joint_alpha_0.5,0.5069110493259986,0.26289588978953526,0.15625,36,"[36, 50, 37, 37]",0.7140097571525303,0.4841666666666667,0.9560930904858637,0.023651600000448525,True,8
tune,1,11005,weak_independent,kefrine_equations_equal_scatter50,0.1870008864296759,0.12747280808854627,0.0625,31,"[46, 38, 45, 31]",0.6621360553640876,0.655,0.9896360553640876,0.205689499998698,True,
tune,1,11005,weak_derived,spectral_graph_diagnostic,0.13797018599019434,0.13148695135708277,0.1,29,"[29, 43, 46, 42]",0.6877325973135797,0.3591666666666667,0.867315930646913,0.004026000009616837,,
tune,1,11005,weak_derived,kmeans50,0.08218498423520751,0.08218498423520751,0.0,38,"[40, 38, 44, 38]",0.6496194303182692,0.3933333333333333,0.8462860969849358,0.06050769999274053,,
tune,1,11005,weak_derived,feature_hartigan,0.08218498423520751,0.08218498423520751,0.0,38,"[40, 38, 44, 38]",0.6496194303182692,0.3933333333333333,0.8462860969849358,0.002915499993832782,True,1
tune,1,11005,weak_derived,joint_zero_reuse,0.08218498423520751,0.08218498423520751,0.0,38,"[40, 38, 44, 38]",0.6496194303182692,0.3933333333333333,0.8462860969849358,0.0006278000073507428,False,0
tune,1,11005,weak_derived,kefrin_like_equal_scatter50,0.07445397753598876,0.08822941886201469,0.03125,34,"[42, 44, 40, 34]",0.6539176335839376,0.37166666666666665,0.8397509669172709,0.05658740000217222,,
tune,1,11005,weak_derived,joint_0.1,0.08784213876511776,0.08784213876511776,0.0,38,"[40, 39, 43, 38]",0.649673112519369,0.39,0.8446731125193689,0.007122400013031438,True,2
tune,1,11005,weak_derived,joint_0.25,0.0917313276526872,0.08532043067415596,0.04375,30,"[48, 38, 44, 30]",0.6545549674039557,0.35583333333333333,0.8324716340706224,0.012006200005998835,True,4
tune,1,11005,weak_derived,joint_0.5,0.0917313276526872,0.08532043067415596,0.04375,30,"[48, 38, 44, 30]",0.6545549674039557,0.35583333333333333,0.8324716340706224,0.009460300003411248,True,3
tune,1,11005,weak_derived,joint_1,0.07882404584228073,0.07860153830786135,0.08125,27,"[46, 46, 41, 27]",0.6609271732706113,0.3425,0.8321771732706114,0.020725299982586876,True,6
tune,1,11005,weak_derived,kefrine_0.25,0.08037575364771495,0.08218498423520751,0.00625,36,"[40, 41, 36, 43]",0.650609551003477,0.38166666666666665,0.8414428843368102,0.21245679998537526,True,
tune,1,11005,weak_derived,kefrine_0.5,0.0886302273954521,0.08198981120767156,0.03125,37,"[44, 38, 37, 41]",0.6531249707697488,0.37666666666666665,0.8414583041030822,0.19480779999867082,True,
tune,1,11005,weak_derived,kefrine_1,0.1362021776046349,0.1378132437351253,0.03125,34,"[34, 42, 43, 41]",0.6561660780209964,0.3641666666666667,0.8382494113543297,0.18753780002589338,True,
tune,1,11005,weak_derived,kefrine_2,0.11906040962829435,0.09894162156984819,0.0375,34,"[44, 35, 34, 47]",0.6627422155374043,0.36666666666666664,0.8460755488707377,0.17316940001910552,True,
tune,1,11005,weak_derived,joint_alpha_0.5,0.0917313276526872,0.08532043067415596,0.04375,30,"[48, 38, 44, 30]",0.6545549674039557,0.35583333333333333,0.8324716340706224,0.009460300003411248,True,3
tune,1,11005,weak_derived,kefrine_equations_equal_scatter50,0.1362021776046349,0.1378132437351253,0.03125,34,"[34, 42, 43, 41]",0.6561660780209964,0.3641666666666667,0.8382494113543297,0.18753780002589338,True,
tune,1,11005,weak_noise,spectral_graph_diagnostic,0.0005871687753166942,0.07862691540264621,0.63125,34,"[34, 35, 40, 51]",0.9757439591311226,0.5558333333333333,1.2536606257977891,0.005420700006652623,,
tune,1,11005,weak_noise,kmeans50,0.08218498423520751,0.08218498423520751,0.0,38,"[40, 38, 44, 38]",0.6496194303182692,0.7433333333333333,1.0212860969849358,0.06050769999274053,,
tune,1,11005,weak_noise,feature_hartigan,0.08218498423520751,0.08218498423520751,0.0,38,"[40, 38, 44, 38]",0.6496194303182692,0.7433333333333333,1.0212860969849358,0.002915499993832782,True,1
tune,1,11005,weak_noise,joint_zero_reuse,0.08218498423520751,0.08218498423520751,0.0,38,"[40, 38, 44, 38]",0.6496194303182692,0.7433333333333333,1.0212860969849358,0.0006494999979622662,False,0
tune,1,11005,weak_noise,kefrin_like_equal_scatter50,0.0886453110603214,0.09690687923144746,0.03125,35,"[35, 45, 44, 36]",0.6548659780063466,0.7391666666666666,1.02444931133968,0.05454989999998361,,
tune,1,11005,weak_noise,joint_0.1,0.0796735685653882,0.08218498423520751,0.0125,36,"[41, 38, 45, 36]",0.6502236803241725,0.7358333333333333,1.0181403469908392,0.0064153000130318105,True,2
tune,1,11005,weak_noise,joint_0.25,0.07779001644237983,0.08390975758158005,0.04375,36,"[46, 36, 42, 36]",0.6541220163554381,0.7141666666666666,1.0112053496887714,0.009580199985066429,True,3
tune,1,11005,weak_noise,joint_0.5,0.06852846824506505,0.09459572385306864,0.0875,31,"[54, 31, 42, 33]",0.667361662757682,0.6791666666666667,1.0069449960910153,0.012116900004912168,True,4
tune,1,11005,weak_noise,joint_1,5.645138527667227e-05,0.0017013915965433395,0.11875,1,"[157, 1, 1, 1]",0.9553297595342626,0.025,0.9678297595342625,0.024150799989001825,True,8
tune,1,11005,weak_noise,kefrine_0.25,0.12688442713015682,0.12688442713015682,0.0,36,"[36, 44, 43, 37]",0.6520454346141675,0.7366666666666667,1.020378767947501,0.2058614999987185,True,
tune,1,11005,weak_noise,kefrine_0.5,0.12688442713015682,0.12688442713015682,0.0,36,"[36, 44, 43, 37]",0.6520454346141675,0.7366666666666667,1.020378767947501,0.20321919998968951,True,
tune,1,11005,weak_noise,kefrine_1,0.10486065328139046,0.1053591352440824,0.025,36,"[43, 44, 36, 37]",0.6556164622184231,0.7366666666666667,1.0239497955517565,0.1930304999987129,True,
tune,1,11005,weak_noise,kefrine_2,0.11764047995654188,0.1281561638022491,0.05625,36,"[46, 36, 38, 40]",0.6584133727973152,0.7391666666666666,1.0279967061306485,0.23015119999763556,True,
tune,1,11005,weak_noise,joint_alpha_0.5,0.06852846824506505,0.09459572385306864,0.0875,31,"[54, 31, 42, 33]",0.667361662757682,0.6791666666666667,1.0069449960910153,0.012116900004912168,True,4
tune,1,11005,weak_noise,kefrine_equations_equal_scatter50,0.10486065328139046,0.1053591352440824,0.025,36,"[43, 44, 36, 37]",0.6556164622184231,0.7366666666666667,1.0239497955517565,0.1930304999987129,True,
tune,1,11005,weak_conflict,spectral_graph_diagnostic,-0.019230769230769232,0.08047968123224235,0.675,40,"[40, 40, 40, 40]",0.9870377810045231,0.25833333333333336,1.1162044476711899,0.003899900009855628,,
tune,1,11005,weak_conflict,kmeans50,0.08218498423520751,0.08218498423520751,0.0,38,"[40, 38, 44, 38]",0.6496194303182692,0.7375,1.0183694303182693,0.06050769999274053,,
tune,1,11005,weak_conflict,feature_hartigan,0.08218498423520751,0.08218498423520751,0.0,38,"[40, 38, 44, 38]",0.6496194303182692,0.7375,1.0183694303182693,0.002915499993832782,True,1
tune,1,11005,weak_conflict,joint_zero_reuse,0.08218498423520751,0.08218498423520751,0.0,38,"[40, 38, 44, 38]",0.6496194303182692,0.7375,1.0183694303182693,0.0006508000078611076,False,0
tune,1,11005,weak_conflict,kefrin_like_equal_scatter50,0.11598211624441132,0.12187978142076503,0.0125,35,"[35, 40, 35, 50]",0.6540630515180386,0.72,1.0140630515180384,0.055381500016665086,,
tune,1,11005,weak_conflict,joint_0.1,0.07652092013473173,0.07655900556509075,0.025,34,"[44, 38, 44, 34]",0.6511784851027048,0.715,1.0086784851027049,0.01625929999863729,True,5
tune,1,11005,weak_conflict,joint_0.25,0.07700559496891463,0.07655900556509075,0.03125,34,"[45, 37, 44, 34]",0.6517694036879405,0.7108333333333333,1.0071860703546072,0.00924230000237003,True,3
tune,1,11005,weak_conflict,joint_0.5,0.07154831664590351,0.10064535353297734,0.08125,22,"[48, 32, 58, 22]",0.6729577141810691,0.6408333333333334,0.9933743808477358,0.01795109998784028,True,5
tune,1,11005,weak_conflict,joint_1,5.645138527667227e-05,0.013514390590407235,0.13125,1,"[157, 1, 1, 1]",0.9540640757845423,0.035833333333333335,0.971980742451209,0.01823829999193549,True,6
tune,1,11005,weak_conflict,kefrine_0.25,0.08037575364771495,0.08218498423520751,0.00625,36,"[40, 41, 36, 43]",0.650609551003477,0.73,1.015609551003477,0.22403839998878539,True,
tune,1,11005,weak_conflict,kefrine_0.5,0.07675846483070338,0.07675846483070338,0.0,36,"[39, 43, 36, 42]",0.6503285753137505,0.7333333333333333,1.0169952419804171,0.24381759998505004,True,
tune,1,11005,weak_conflict,kefrine_1,0.10512848192616937,0.10882577254958332,0.0125,35,"[40, 43, 35, 42]",0.6533460735061845,0.7316666666666667,1.019179406839518,0.18761180000728928,True,
tune,1,11005,weak_conflict,kefrine_2,0.09358960575617487,0.1271680904872852,0.075,31,"[41, 44, 44, 31]",0.6610276676234279,0.7175,1.019777667623428,0.1924412999942433,True,
tune,1,11005,weak_conflict,joint_alpha_0.5,0.07154831664590351,0.10064535353297734,0.08125,22,"[48, 32, 58, 22]",0.6729577141810691,0.6408333333333334,0.9933743808477358,0.01795109998784028,True,5
tune,1,11005,weak_conflict,kefrine_equations_equal_scatter50,0.10512848192616937,0.10882577254958332,0.0125,35,"[40, 43, 35, 42]",0.6533460735061845,0.7316666666666667,1.019179406839518,0.18761180000728928,True,
tune,1,11005,strong_derived,kmeans50,0.4952620108026154,0.4952620108026154,0.0,34,"[38, 54, 34, 34]",0.5851884909611648,0.23,0.7001884909611648,0.03448780000326224,,
tune,1,11005,strong_derived,feature_hartigan,0.4952620108026154,0.4952620108026154,0.0,34,"[38, 54, 34, 34]",0.5851884909611648,0.23,0.7001884909611648,0.0017985999875236303,True,1
tune,1,11005,strong_derived,joint_zero_reuse,0.4952620108026154,0.4952620108026154,0.0,34,"[38, 54, 34, 34]",0.5851884909611648,0.23,0.7001884909611648,0.0006951999966986477,False,0
tune,1,11005,strong_derived,kefrin_like_equal_scatter50,0.9336309916743681,0.9336309916743681,0.0,37,"[39, 44, 40, 37]",0.6003839618874209,0.14,0.670383961887421,0.04832690002513118,,
tune,1,11005,strong_derived,joint_0.1,0.4952620108026154,0.4952620108026154,0.0,34,"[38, 54, 34, 34]",0.5851884909611648,0.23,0.7001884909611648,0.003555300005245954,True,1
tune,1,11005,strong_derived,joint_0.25,0.5089163399776548,0.4952620108026154,0.00625,33,"[38, 54, 35, 33]",0.5853960733426382,0.22916666666666666,0.6999794066759716,0.006162999983644113,True,2
tune,1,11005,strong_derived,joint_0.5,0.5481569231376731,0.5226243361171987,0.0125,33,"[36, 54, 37, 33]",0.5879703529598658,0.22083333333333333,0.6983870196265325,0.011359899974195287,True,3
tune,1,11005,strong_derived,joint_1,0.5481569231376731,0.5226243361171987,0.0125,33,"[36, 54, 37, 33]",0.5879703529598658,0.22083333333333333,0.6983870196265325,0.009221300017088652,True,3
tune,1,11005,strong_derived,kefrine_0.25,0.4952620108026154,0.4952620108026154,0.0,34,"[34, 54, 38, 34]",0.5851884909611648,0.23,0.7001884909611648,0.30605739998281933,True,
tune,1,11005,strong_derived,kefrine_0.5,0.4952620108026154,0.4952620108026154,0.0,34,"[34, 54, 38, 34]",0.5851884909611648,0.23,0.7001884909611648,0.30789769999682903,True,
tune,1,11005,strong_derived,kefrine_1,0.9336309916743681,0.9336309916743681,0.0,37,"[44, 37, 40, 39]",0.6003839618874209,0.14,0.670383961887421,0.24213440000312403,True,
tune,1,11005,strong_derived,kefrine_2,0.9336309916743681,0.9336309916743681,0.0,37,"[44, 39, 40, 37]",0.6003839618874209,0.14,0.670383961887421,0.24024280000594445,True,
tune,1,11005,strong_derived,joint_alpha_0.5,0.5481569231376731,0.5226243361171987,0.0125,33,"[36, 54, 37, 33]",0.5879703529598658,0.22083333333333333,0.6983870196265325,0.011359899974195287,True,3
tune,1,11005,strong_derived,kefrine_equations_equal_scatter50,0.9336309916743681,0.9336309916743681,0.0,37,"[44, 37, 40, 39]",0.6003839618874209,0.14,0.670383961887421,0.24213440000312403,True,
tune,2,11005,strong_noise,kmeans50,1.0,1.0,0.0,40,"[40, 40, 40, 40]",0.42931210890489996,0.7516666666666667,0.8051454422382334,0.028098200011299923,,
tune,2,11005,strong_noise,feature_hartigan,1.0,1.0,0.0,40,"[40, 40, 40, 40]",0.42931210890489996,0.7516666666666667,0.8051454422382334,0.0019579999789129943,True,1
tune,2,11005,strong_noise,joint_zero_reuse,1.0,1.0,0.0,40,"[40, 40, 40, 40]",0.42931210890489996,0.7516666666666667,0.8051454422382334,0.0008452000038232654,False,0
tune,2,11005,strong_noise,kefrin_like_equal_scatter50,1.0,1.0,0.0,40,"[40, 40, 40, 40]",0.42931210890489996,0.7516666666666667,0.8051454422382334,0.04643609997583553,,
tune,2,11005,strong_noise,joint_0.1,1.0,1.0,0.0,40,"[40, 40, 40, 40]",0.42931210890489996,0.7516666666666667,0.8051454422382334,0.0037795999960508198,True,1
tune,2,11005,strong_noise,joint_0.25,1.0,1.0,0.0,40,"[40, 40, 40, 40]",0.42931210890489996,0.7516666666666667,0.8051454422382334,0.003508599998895079,True,1
tune,2,11005,strong_noise,joint_0.5,0.983226974646172,0.983226974646172,0.0,39,"[40, 41, 39, 40]",0.4295242795463072,0.7508333333333334,0.8049409462129739,0.006167599989566952,True,2
tune,2,11005,strong_noise,joint_1,0.9666662660689749,1.0,0.0125,39,"[40, 41, 40, 39]",0.43202926642478867,0.7466666666666667,0.805362599758122,0.006386900000507012,True,2
tune,2,11005,strong_noise,kefrine_0.25,1.0,1.0,0.0,40,"[40, 40, 40, 40]",0.42931210890489996,0.7516666666666667,0.8051454422382334,0.11723899998469278,True,
tune,2,11005,strong_noise,kefrine_0.5,1.0,1.0,0.0,40,"[40, 40, 40, 40]",0.42931210890489996,0.7516666666666667,0.8051454422382334,0.12342499999795109,True,
tune,2,11005,strong_noise,kefrine_1,1.0,1.0,0.0,40,"[40, 40, 40, 40]",0.42931210890489996,0.7516666666666667,0.8051454422382334,0.1455390999908559,True,
tune,2,11005,strong_noise,kefrine_2,0.983226974646172,1.0,0.00625,39,"[41, 40, 40, 39]",0.4301069981482089,0.7533333333333333,0.8067736648148756,0.15041599998949096,True,
tune,2,11005,strong_noise,joint_alpha_0.5,0.983226974646172,0.983226974646172,0.0,39,"[40, 41, 39, 40]",0.4295242795463072,0.7508333333333334,0.8049409462129739,0.006167599989566952,True,2
tune,2,11005,strong_noise,kefrine_equations_equal_scatter50,1.0,1.0,0.0,40,"[40, 40, 40, 40]",0.42931210890489996,0.7516666666666667,0.8051454422382334,0.1455390999908559,True,
tune,2,11005,weak_independent,spectral_graph_diagnostic,1.0,0.22808045770787233,0.3875,40,"[40, 40, 40, 40]",0.8336195820570433,0.24333333333333335,0.95528624872371,0.0035257999843452126,,
tune,2,11005,weak_independent,kmeans50,0.14014033082515795,0.14014033082515795,0.0,34,"[34, 42, 50, 34]",0.6523683398273867,0.6766666666666666,0.9907016731607201,0.04328680000617169,,
tune,2,11005,weak_independent,feature_hartigan,0.1540702185824967,0.1540702185824967,0.0,34,"[37, 40, 49, 34]",0.6502288022121883,0.6733333333333333,0.9868954688788549,0.012034400017000735,True,7
tune,2,11005,weak_independent,joint_zero_reuse,0.14014033082515795,0.14014033082515795,0.0,34,"[34, 42, 50, 34]",0.6523683398273867,0.6766666666666666,0.9907016731607201,0.0007099999929778278,False,0
tune,2,11005,weak_independent,kefrin_like_equal_scatter50,0.30773349315752674,0.23972800230669422,0.05625,36,"[43, 36, 44, 37]",0.666258658618032,0.5958333333333333,0.9641753252846987,0.055155000009108335,,
tune,2,11005,weak_independent,joint_0.1,0.18348842473995877,0.16959572972393333,0.0125,34,"[35, 41, 50, 34]",0.6531932232222473,0.6483333333333333,0.977359889888914,0.009152900020126253,True,3
tune,2,11005,weak_independent,joint_0.25,0.21710422765763213,0.17900316788188042,0.0375,30,"[34, 42, 54, 30]",0.6590566648027412,0.6166666666666667,0.9673899981360745,0.01183489998220466,True,4
tune,2,11005,weak_independent,joint_0.5,0.520870837304342,0.20296062695629663,0.19375,25,"[40, 42, 53, 25]",0.7111304221449335,0.445,0.9336304221449335,0.01611110000521876,True,5
tune,2,11005,weak_independent,joint_1,0.9349032410352429,0.23977707781916316,0.36875,36,"[40, 43, 41, 36]",0.8207842767014255,0.25666666666666665,0.9491176100347588,0.01530060000368394,True,5
tune,2,11005,weak_independent,kefrine_0.25,0.15918922552531892,0.1498491623866741,0.0125,29,"[41, 39, 29, 51]",0.6557445934963944,0.6575,0.9844945934963943,0.21017280002706684,True,
tune,2,11005,weak_independent,kefrine_0.5,0.18875938010761026,0.17567911242509499,0.01875,32,"[44, 47, 37, 32]",0.656541024918346,0.6525,0.982791024918346,0.22487529998761602,True,
tune,2,11005,weak_independent,kefrine_1,0.3186158804711183,0.2048254804526133,0.08125,35,"[35, 38, 42, 45]",0.6701115943500285,0.5841666666666666,0.9621949276833619,0.2191144999815151,True,
tune,2,11005,weak_independent,kefrine_2,0.5566210977351561,0.21722191618965503,0.20625,36,"[41, 40, 43, 36]",0.7193153545188373,0.445,0.9418153545188374,0.21853750001173466,True,
tune,2,11005,weak_independent,joint_alpha_0.5,0.520870837304342,0.20296062695629663,0.19375,25,"[40, 42, 53, 25]",0.7111304221449335,0.445,0.9336304221449335,0.01611110000521876,True,5
tune,2,11005,weak_independent,kefrine_equations_equal_scatter50,0.3186158804711183,0.2048254804526133,0.08125,35,"[35, 38, 42, 45]",0.6701115943500285,0.5841666666666666,0.9621949276833619,0.2191144999815151,True,
tune,2,11005,weak_derived,spectral_graph_diagnostic,0.12695521577273963,0.13454456958424596,0.1625,34,"[40, 34, 42, 44]",0.7321866506648762,0.37666666666666665,0.9205199839982096,0.004303900001104921,,
tune,2,11005,weak_derived,kmeans50,0.14014033082515795,0.14014033082515795,0.0,34,"[34, 42, 50, 34]",0.6523683398273867,0.375,0.8398683398273867,0.04328680000617169,,
tune,2,11005,weak_derived,feature_hartigan,0.1540702185824967,0.1540702185824967,0.0,34,"[37, 40, 49, 34]",0.6502288022121883,0.3675,0.8339788022121882,0.012034400017000735,True,7
tune,2,11005,weak_derived,joint_zero_reuse,0.14014033082515795,0.14014033082515795,0.0,34,"[34, 42, 50, 34]",0.6523683398273867,0.375,0.8398683398273867,0.000607299996772781,False,0
tune,2,11005,weak_derived,kefrin_like_equal_scatter50,0.16157554685682976,0.16258951409169553,0.025,34,"[35, 34, 55, 36]",0.6560216354072342,0.34833333333333333,0.8301883020739009,0.04699380000238307,,
tune,2,11005,weak_derived,joint_0.1,0.1540702185824967,0.1540702185824967,0.0,34,"[37, 40, 49, 34]",0.6502288022121883,0.3675,0.8339788022121882,0.012209100008476526,True,4
tune,2,11005,weak_derived,joint_0.25,0.14672428941182059,0.15954753525994209,0.025,35,"[35, 37, 53, 35]",0.6546883432093338,0.34833333333333333,0.8288550098760005,0.011800499982200563,True,4
tune,2,11005,weak_derived,joint_0.5,0.14685290407693286,0.1518756847676805,0.00625,26,"[37, 35, 62, 26]",0.6562868502653209,0.32166666666666666,0.8171201835986541,0.015431799984071404,True,5
tune,2,11005,weak_derived,joint_1,0.12211312455951973,0.15552932457778948,0.06875,20,"[36, 31, 73, 20]",0.6716056191796395,0.2975,0.8203556191796395,0.01853770000161603,True,6
tune,2,11005,weak_derived,kefrine_0.25,0.14836232639711808,0.15272557691015654,0.00625,28,"[44, 38, 28, 50]",0.6555428310426336,0.37416666666666665,0.8426261643759669,0.29741379999904893,True,
tune,2,11005,weak_derived,kefrine_0.5,0.1470426697960748,0.14876615002413107,0.025,31,"[53, 38, 38, 31]",0.6545704310752005,0.3516666666666667,0.8304037644085338,0.2244026000262238,True,
tune,2,11005,weak_derived,kefrine_1,0.13150051367388155,0.13318628716239997,0.0125,30,"[42, 31, 30, 57]",0.6593252837140539,0.3458333333333333,0.8322419503807206,0.20487390001653694,True,
tune,2,11005,weak_derived,kefrine_2,0.13321072297431003,0.14926408951790554,0.03125,29,"[40, 60, 31, 29]",0.6595894469200363,0.3333333333333333,0.8262561135867029,0.16970929998205975,True,
tune,2,11005,weak_derived,joint_alpha_0.5,0.14685290407693286,0.1518756847676805,0.00625,26,"[37, 35, 62, 26]",0.6562868502653209,0.32166666666666666,0.8171201835986541,0.015431799984071404,True,5
tune,2,11005,weak_derived,kefrine_equations_equal_scatter50,0.13150051367388155,0.13318628716239997,0.0125,30,"[42, 31, 30, 57]",0.6593252837140539,0.3458333333333333,0.8322419503807206,0.20487390001653694,True,
tune,2,11005,weak_noise,spectral_graph_diagnostic,0.004757188485694625,0.0640813348927153,0.625,34,"[35, 34, 43, 48]",0.9765365932694559,0.5766666666666667,1.2648699266027892,0.005811299983179197,,
tune,2,11005,weak_noise,kmeans50,0.14014033082515795,0.14014033082515795,0.0,34,"[34, 42, 50, 34]",0.6523683398273867,0.7533333333333333,1.0290350064940534,0.04328680000617169,,
tune,2,11005,weak_noise,feature_hartigan,0.1540702185824967,0.1540702185824967,0.0,34,"[37, 40, 49, 34]",0.6502288022121883,0.765,1.0327288022121883,0.012034400017000735,True,7
tune,2,11005,weak_noise,joint_zero_reuse,0.14014033082515795,0.14014033082515795,0.0,34,"[34, 42, 50, 34]",0.6523683398273867,0.7533333333333333,1.0290350064940534,0.0006076999998185784,False,0
tune,2,11005,weak_noise,kefrin_like_equal_scatter50,0.1384158008760694,0.14115290118271556,0.00625,30,"[30, 40, 38, 52]",0.6545821732420113,0.7416666666666667,1.0254155065753445,0.051648200023919344,,
tune,2,11005,weak_noise,joint_0.1,0.1436666507717006,0.14865783417007525,0.00625,34,"[36, 40, 50, 34]",0.6506948705975979,0.76,1.030694870597598,0.01476699998602271,True,5
tune,2,11005,weak_noise,joint_0.25,0.10004415116403947,0.1114367163048462,0.0125,31,"[40, 47, 42, 31]",0.6550887842822818,0.7358333333333333,1.0230054509489483,0.01209000000380911,True,4
tune,2,11005,weak_noise,joint_0.5,0.13067828251400124,0.15496759411829325,0.0625,23,"[40, 50, 47, 23]",0.6666911180242604,0.695,1.0141911180242604,0.021296100021572784,True,7
tune,2,11005,weak_noise,joint_1,0.0006110489126200055,0.005102334729617407,0.225,1,"[1, 1, 155, 3]",0.9384205291865323,0.0525,0.9646705291865323,0.012775200011674315,True,4
tune,2,11005,weak_noise,kefrine_0.25,0.127916315541682,0.1307977407017087,0.00625,29,"[43, 50, 38, 29]",0.655141418297447,0.7466666666666667,1.0284747516307804,0.20963040000060573,True,
tune,2,11005,weak_noise,kefrine_0.5,0.1525447178574958,0.16242501938812656,0.0125,30,"[45, 35, 30, 50]",0.6566273069298796,0.75,1.0316273069298796,0.22299399998155423,True,
tune,2,11005,weak_noise,kefrine_1,0.15727885369033412,0.16516811783055935,0.0125,28,"[47, 35, 28, 50]",0.6568064341386355,0.7458333333333333,1.029723100805302,0.2278525999863632,True,
tune,2,11005,weak_noise,kefrine_2,0.13150511465938544,0.14636699630406552,0.06875,29,"[48, 46, 29, 37]",0.670629878735439,0.7425,1.041879878735439,0.20279440001468174,True,
tune,2,11005,weak_noise,joint_alpha_0.5,0.13067828251400124,0.15496759411829325,0.0625,23,"[40, 50, 47, 23]",0.6666911180242604,0.695,1.0141911180242604,0.021296100021572784,True,7
tune,2,11005,weak_noise,kefrine_equations_equal_scatter50,0.15727885369033412,0.16516811783055935,0.0125,28,"[47, 35, 28, 50]",0.6568064341386355,0.7458333333333333,1.029723100805302,0.2278525999863632,True,
tune,2,11005,weak_conflict,spectral_graph_diagnostic,-0.018908211050887924,0.09618740456825901,0.65,39,"[39, 40, 41, 40]",0.9857304930327597,0.26666666666666666,1.119063826366093,0.004008800024166703,,
tune,2,11005,weak_conflict,kmeans50,0.14014033082515795,0.14014033082515795,0.0,34,"[34, 42, 50, 34]",0.6523683398273867,0.77,1.0373683398273867,0.04328680000617169,,
tune,2,11005,weak_conflict,feature_hartigan,0.1540702185824967,0.1540702185824967,0.0,34,"[37, 40, 49, 34]",0.6502288022121883,0.77,1.0352288022121883,0.012034400017000735,True,7
tune,2,11005,weak_conflict,joint_zero_reuse,0.14014033082515795,0.14014033082515795,0.0,34,"[34, 42, 50, 34]",0.6523683398273867,0.77,1.0373683398273867,0.0006413999944925308,False,0
tune,2,11005,weak_conflict,kefrin_like_equal_scatter50,0.10146782322921111,0.11187022008879595,0.025,28,"[28, 38, 44, 50]",0.6586830078631418,0.7491666666666666,1.033266341196475,0.05219359998591244,,
tune,2,11005,weak_conflict,joint_0.1,0.15846988033048934,0.15503949899066966,0.00625,33,"[36, 40, 51, 33]",0.6507407810271922,0.76,1.0307407810271922,0.015166600001975894,True,4
tune,2,11005,weak_conflict,joint_0.25,0.12870362710221833,0.1373964689416737,0.03125,32,"[37, 36, 55, 32]",0.6538061806419133,0.7408333333333333,1.02422284730858,0.017646600026637316,True,5
tune,2,11005,weak_conflict,joint_0.5,0.0161457215745178,0.06095708537702485,0.15625,3,"[11, 3, 137, 9]",0.8163316430902473,0.23083333333333333,0.9317483097569139,0.036920999991707504,True,11
tune,2,11005,weak_conflict,joint_1,6.099829814748169e-05,0.003229324787766346,0.075,1,"[1, 1, 156, 2]",0.9256144698673523,0.030833333333333334,0.9410311365340189,0.01618800000869669,True,5
tune,2,11005,weak_conflict,kefrine_0.25,0.1421034371373539,0.1421034371373539,0.0,34,"[39, 40, 34, 47]",0.655792942973045,0.7691666666666667,1.0403762763063784,0.21437619999051094,True,
tune,2,11005,weak_conflict,kefrine_0.5,0.15175314568159404,0.15672887450985057,0.00625,30,"[47, 47, 36, 30]",0.6563030985951426,0.76,1.0363030985951425,0.21863359998678789,True,
tune,2,11005,weak_conflict,kefrine_1,0.16080041329973302,0.15096003559041107,0.025,30,"[48, 49, 33, 30]",0.6570322706856271,0.7591666666666667,1.0366156040189605,0.19832840000162832,True,
tune,2,11005,weak_conflict,kefrine_2,0.14159781573633945,0.1634121969959354,0.0625,27,"[45, 27, 40, 48]",0.6674983232852528,0.7641666666666667,1.049581656618586,0.16825129999779165,True,
tune,2,11005,weak_conflict,joint_alpha_0.5,0.0161457215745178,0.06095708537702485,0.15625,3,"[11, 3, 137, 9]",0.8163316430902473,0.23083333333333333,0.9317483097569139,0.036920999991707504,True,11
tune,2,11005,weak_conflict,kefrine_equations_equal_scatter50,0.16080041329973302,0.15096003559041107,0.025,30,"[48, 49, 33, 30]",0.6570322706856271,0.7591666666666667,1.0366156040189605,0.19832840000162832,True,
tune,2,11005,strong_derived,kmeans50,1.0,1.0,0.0,40,"[40, 40, 40, 40]",0.42931210890489996,0.04416666666666667,0.4513954422382333,0.028098200011299923,,
tune,2,11005,strong_derived,feature_hartigan,1.0,1.0,0.0,40,"[40, 40, 40, 40]",0.42931210890489996,0.04416666666666667,0.4513954422382333,0.0019579999789129943,True,1
tune,2,11005,strong_derived,joint_zero_reuse,1.0,1.0,0.0,40,"[40, 40, 40, 40]",0.42931210890489996,0.04416666666666667,0.4513954422382333,0.0007556000200565904,False,0
tune,2,11005,strong_derived,kefrin_like_equal_scatter50,1.0,1.0,0.0,40,"[40, 40, 40, 40]",0.42931210890489996,0.04416666666666667,0.4513954422382333,0.037429099989822134,,
tune,2,11005,strong_derived,joint_0.1,1.0,1.0,0.0,40,"[40, 40, 40, 40]",0.42931210890489996,0.04416666666666667,0.4513954422382333,0.0034503000206314027,True,1
tune,2,11005,strong_derived,joint_0.25,1.0,1.0,0.0,40,"[40, 40, 40, 40]",0.42931210890489996,0.04416666666666667,0.4513954422382333,0.0035644999879878014,True,1
tune,2,11005,strong_derived,joint_0.5,1.0,1.0,0.0,40,"[40, 40, 40, 40]",0.42931210890489996,0.04416666666666667,0.4513954422382333,0.003432600002270192,True,1
tune,2,11005,strong_derived,joint_1,1.0,1.0,0.0,40,"[40, 40, 40, 40]",0.42931210890489996,0.04416666666666667,0.4513954422382333,0.0034327000030316412,True,1
tune,2,11005,strong_derived,kefrine_0.25,1.0,1.0,0.0,40,"[40, 40, 40, 40]",0.42931210890489996,0.04416666666666667,0.4513954422382333,0.13124709998373874,True,
tune,2,11005,strong_derived,kefrine_0.5,1.0,1.0,0.0,40,"[40, 40, 40, 40]",0.42931210890489996,0.04416666666666667,0.4513954422382333,0.12598079998861067,True,
tune,2,11005,strong_derived,kefrine_1,1.0,1.0,0.0,40,"[40, 40, 40, 40]",0.42931210890489996,0.04416666666666667,0.4513954422382333,0.1190333999984432,True,
tune,2,11005,strong_derived,kefrine_2,1.0,1.0,0.0,40,"[40, 40, 40, 40]",0.42931210890489996,0.04416666666666667,0.4513954422382333,0.08070520000183024,True,
tune,2,11005,strong_derived,joint_alpha_0.5,1.0,1.0,0.0,40,"[40, 40, 40, 40]",0.42931210890489996,0.04416666666666667,0.4513954422382333,0.003432600002270192,True,1
tune,2,11005,strong_derived,kefrine_equations_equal_scatter50,1.0,1.0,0.0,40,"[40, 40, 40, 40]",0.42931210890489996,0.04416666666666667,0.4513954422382333,0.1190333999984432,True,
tune,1,11006,strong_noise,kmeans50,1.0,1.0,0.0,40,"[40, 40, 40, 40]",0.5568562743446318,0.7708333333333334,0.9422729410112984,0.03385619999608025,,
tune,1,11006,strong_noise,feature_hartigan,1.0,1.0,0.0,40,"[40, 40, 40, 40]",0.5568562743446318,0.7708333333333334,0.9422729410112984,0.0017590999777894467,True,1
tune,1,11006,strong_noise,joint_zero_reuse,1.0,1.0,0.0,40,"[40, 40, 40, 40]",0.5568562743446318,0.7708333333333334,0.9422729410112984,0.0006944999913685024,False,0
tune,1,11006,strong_noise,kefrin_like_equal_scatter50,1.0,1.0,0.0,40,"[40, 40, 40, 40]",0.5568562743446318,0.7708333333333334,0.9422729410112984,0.05266650000703521,,
tune,1,11006,strong_noise,joint_0.1,1.0,1.0,0.0,40,"[40, 40, 40, 40]",0.5568562743446318,0.7708333333333334,0.9422729410112984,0.0035857000038959086,True,1
tune,1,11006,strong_noise,joint_0.25,1.0,1.0,0.0,40,"[40, 40, 40, 40]",0.5568562743446318,0.7708333333333334,0.9422729410112984,0.003553599992301315,True,1
tune,1,11006,strong_noise,joint_0.5,0.983226974646172,1.0,0.00625,39,"[41, 40, 39, 40]",0.5579803407782647,0.7666666666666667,0.9413136741115982,0.006237299996428192,True,2
tune,1,11006,strong_noise,joint_1,0.8685493823462456,1.0,0.05,35,"[42, 45, 35, 38]",0.5733058573379629,0.745,0.9458058573379629,0.009358000010251999,True,3
tune,1,11006,strong_noise,kefrine_0.25,1.0,1.0,0.0,40,"[40, 40, 40, 40]",0.5568562743446318,0.7708333333333334,0.9422729410112984,0.23514309999882244,True,
tune,1,11006,strong_noise,kefrine_0.5,1.0,1.0,0.0,40,"[40, 40, 40, 40]",0.5568562743446318,0.7708333333333334,0.9422729410112984,0.2312367999984417,True,
tune,1,11006,strong_noise,kefrine_1,0.49577653984433645,0.5101709957990651,0.0125,31,"[37, 53, 31, 39]",0.575654962428337,0.7583333333333333,0.9548216290950037,0.20152140001300722,True,
tune,1,11006,strong_noise,kefrine_2,0.8028042638209291,0.8156702084755847,0.00625,34,"[47, 34, 40, 39]",0.5750501094777127,0.765,0.9575501094777128,0.20834620000096038,True,
tune,1,11006,strong_noise,joint_alpha_0.5,0.983226974646172,1.0,0.00625,39,"[41, 40, 39, 40]",0.5579803407782647,0.7666666666666667,0.9413136741115982,0.006237299996428192,True,2
tune,1,11006,strong_noise,kefrine_equations_equal_scatter50,0.49577653984433645,0.5101709957990651,0.0125,31,"[37, 53, 31, 39]",0.575654962428337,0.7583333333333333,0.9548216290950037,0.20152140001300722,True,
tune,1,11006,weak_independent,spectral_graph_diagnostic,0.983226974646172,0.39218444518620954,0.275,39,"[40, 41, 40, 39]",0.7901540206387971,0.2608333333333333,0.9205706873054638,0.00387000001501292,,
tune,1,11006,weak_independent,kmeans50,0.17882249387984456,0.17882249387984456,0.0,25,"[46, 39, 50, 25]",0.6546253716344532,0.6308333333333334,0.9700420383011199,0.035184499982278794,,
tune,1,11006,weak_independent,feature_hartigan,0.17200810722868423,0.17200810722868423,0.0,24,"[47, 39, 50, 24]",0.6540091877964747,0.6275,0.9677591877964746,0.003456000005826354,True,2
tune,1,11006,weak_independent,joint_zero_reuse,0.17882249387984456,0.17882249387984456,0.0,25,"[46, 39, 50, 25]",0.6546253716344532,0.6308333333333334,0.9700420383011199,0.0006410999922081828,False,0
tune,1,11006,weak_independent,kefrin_like_equal_scatter50,0.5220389954621649,0.3007127669016829,0.125,24,"[24, 39, 63, 34]",0.6974153234821769,0.44083333333333335,0.9178319901488436,0.05004959998768754,,
tune,1,11006,weak_independent,joint_0.1,0.20852307536221704,0.20852307536221704,0.0,27,"[46, 32, 55, 27]",0.65378801434794,0.6033333333333334,0.9554546810146067,0.012165799998911098,True,4
tune,1,11006,weak_independent,joint_0.25,0.30393996247654786,0.24293621415890182,0.05,22,"[52, 28, 58, 22]",0.6645110894072902,0.53,0.9295110894072902,0.015899699996225536,True,4
tune,1,11006,weak_independent,joint_0.5,0.4190231457380312,0.237957865459101,0.15625,17,"[66, 17, 52, 25]",0.7008574761994276,0.425,0.9133574761994276,0.02076769998529926,True,7
tune,1,11006,weak_independent,joint_1,0.6699352200536182,0.275254671272639,0.2625,3,"[78, 3, 40, 39]",0.8017693115385303,0.24666666666666667,0.9251026448718636,0.02412339998409152,True,8
tune,1,11006,weak_independent,kefrine_0.25,0.22667299551192255,0.20662907950032994,0.0125,27,"[60, 27, 29, 44]",0.656055176608197,0.5916666666666667,0.9518885099415304,0.19242010000743903,True,
tune,1,11006,weak_independent,kefrine_0.5,0.2428192298655327,0.20544073690699108,0.025,26,"[60, 26, 29, 45]",0.6569408377664824,0.5841666666666666,0.9490241710998157,0.22629689998575486,True,
tune,1,11006,weak_independent,kefrine_1,0.4986809896142786,0.2804286412453959,0.13125,31,"[41, 37, 51, 31]",0.6911464379247259,0.47,0.9261464379247258,0.20735650000278838,True,
tune,1,11006,weak_independent,kefrine_2,0.7441753116780275,0.35495508352957034,0.19375,33,"[42, 33, 37, 48]",0.7380472978612095,0.3516666666666667,0.9138806311945429,0.21396749999257736,True,
tune,1,11006,weak_independent,joint_alpha_0.5,0.4190231457380312,0.237957865459101,0.15625,17,"[66, 17, 52, 25]",0.7008574761994276,0.425,0.9133574761994276,0.02076769998529926,True,7
tune,1,11006,weak_independent,kefrine_equations_equal_scatter50,0.4986809896142786,0.2804286412453959,0.13125,31,"[41, 37, 51, 31]",0.6911464379247259,0.47,0.9261464379247258,0.20735650000278838,True,
tune,1,11006,weak_derived,spectral_graph_diagnostic,0.11988916133405099,0.13447631818399503,0.125,36,"[37, 48, 39, 36]",0.7054383389229297,0.37083333333333335,0.8908550055895964,0.004181399999652058,,
tune,1,11006,weak_derived,kmeans50,0.17882249387984456,0.17882249387984456,0.0,25,"[46, 39, 50, 25]",0.6546253716344532,0.35083333333333333,0.8300420383011199,0.035184499982278794,,
tune,1,11006,weak_derived,feature_hartigan,0.17200810722868423,0.17200810722868423,0.0,24,"[47, 39, 50, 24]",0.6540091877964747,0.3433333333333333,0.8256758544631413,0.003456000005826354,True,2
tune,1,11006,weak_derived,joint_zero_reuse,0.17882249387984456,0.17882249387984456,0.0,25,"[46, 39, 50, 25]",0.6546253716344532,0.35083333333333333,0.8300420383011199,0.0006424000021070242,False,0
tune,1,11006,weak_derived,kefrin_like_equal_scatter50,0.14109962761614592,0.14355600741582442,0.01875,33,"[44, 37, 33, 46]",0.6572809216676437,0.3525,0.8335309216676438,0.05174969998188317,,
tune,1,11006,weak_derived,joint_0.1,0.17526617526617527,0.17526617526617527,0.0,24,"[46, 39, 51, 24]",0.6541489662225047,0.3408333333333333,0.8245656328891714,0.010379700019257143,True,3
tune,1,11006,weak_derived,joint_0.25,0.1947568178175948,0.19388010447457732,0.01875,24,"[43, 39, 54, 24]",0.6553866432063584,0.3308333333333333,0.8208033098730251,0.007352600019657984,True,2
tune,1,11006,weak_derived,joint_0.5,0.1839517621602163,0.18319182334542922,0.03125,24,"[44, 39, 53, 24]",0.65570239390434,0.33,0.8207023939043401,0.007545200001914054,True,2
tune,1,11006,weak_derived,joint_1,0.20647240955168172,0.18732795276974076,0.05,26,"[42, 31, 61, 26]",0.6593041786990234,0.3258333333333333,0.8222208453656901,0.012128900008974597,True,4
tune,1,11006,weak_derived,kefrine_0.25,0.13765884096528969,0.13765884096528969,0.0,35,"[35, 38, 44, 43]",0.6555657813600716,0.36083333333333334,0.8359824480267383,0.19637700001476333,True,
tune,1,11006,weak_derived,kefrine_0.5,0.14102027390706298,0.14577871420077496,0.00625,34,"[34, 37, 46, 43]",0.6562299313796499,0.3591666666666667,0.8358132647129832,0.21706039999844506,True,
tune,1,11006,weak_derived,kefrine_1,0.15322660872817856,0.14673422752111276,0.01875,33,"[33, 37, 48, 42]",0.6589061027617816,0.3491666666666667,0.8334894360951149,0.18405479998909868,True,
tune,1,11006,weak_derived,kefrine_2,0.1569620253164557,0.15533051972118936,0.04375,34,"[48, 42, 34, 36]",0.6634176200928308,0.3408333333333333,0.8338342867594974,0.15562689999933355,True,
tune,1,11006,weak_derived,joint_alpha_0.5,0.1839517621602163,0.18319182334542922,0.03125,24,"[44, 39, 53, 24]",0.65570239390434,0.33,0.8207023939043401,0.007545200001914054,True,2
tune,1,11006,weak_derived,kefrine_equations_equal_scatter50,0.15322660872817856,0.14673422752111276,0.01875,33,"[33, 37, 48, 42]",0.6589061027617816,0.3491666666666667,0.8334894360951149,0.18405479998909868,True,
tune,1,11006,weak_noise,spectral_graph_diagnostic,0.017410185394304643,0.2441775663892192,0.63125,30,"[30, 37, 44, 49]",0.9904173983228235,0.58,1.2804173983228235,0.005966600001556799,,
tune,1,11006,weak_noise,kmeans50,0.17882249387984456,0.17882249387984456,0.0,25,"[46, 39, 50, 25]",0.6546253716344532,0.7416666666666667,1.0254587049677866,0.035184499982278794,,
tune,1,11006,weak_noise,feature_hartigan,0.17200810722868423,0.17200810722868423,0.0,24,"[47, 39, 50, 24]",0.6540091877964747,0.7366666666666667,1.022342521129808,0.003456000005826354,True,2
tune,1,11006,weak_noise,joint_zero_reuse,0.17882249387984456,0.17882249387984456,0.0,25,"[46, 39, 50, 25]",0.6546253716344532,0.7416666666666667,1.0254587049677866,0.0006300000241026282,False,0
tune,1,11006,weak_noise,kefrin_like_equal_scatter50,0.14368352451495783,0.13714249542053894,0.03125,26,"[42, 51, 41, 26]",0.657945069613035,0.7525,1.0341950696130349,0.04745319997891784,,
tune,1,11006,weak_noise,joint_0.1,0.17200810722868423,0.17200810722868423,0.0,24,"[47, 39, 50, 24]",0.6540559827873226,0.7333333333333333,1.0207226494539892,0.0064931999950204045,True,2
tune,1,11006,weak_noise,joint_0.25,0.16601379461782478,0.1765924391506991,0.0125,24,"[45, 40, 51, 24]",0.6560145530998441,0.7233333333333334,1.0176812197665108,0.006589500000700355,True,2
tune,1,11006,weak_noise,joint_0.5,0.014404613323906608,0.05702461427931017,0.16875,5,"[5, 7, 136, 12]",0.8012463999328254,0.26166666666666666,0.9320797332661588,0.03570999999647029,True,12
tune,1,11006,weak_noise,joint_1,6.099829814748169e-05,0.012036036551768553,0.11875,1,"[1, 2, 156, 1]",0.9382000545824735,0.0525,0.9644500545824735,0.033981399988988414,True,11
tune,1,11006,weak_noise,kefrine_0.25,0.19408977099712238,0.19408977099712238,0.0,26,"[55, 26, 32, 47]",0.6534604783300293,0.7383333333333333,1.022627144996696,0.20073679997585714,True,
tune,1,11006,weak_noise,kefrine_0.5,0.1115429597514442,0.1213780569712773,0.01875,26,"[50, 45, 26, 39]",0.6543945316971579,0.74,1.0243945316971579,0.24622960001579486,True,
tune,1,11006,weak_noise,kefrine_1,0.1727739048313211,0.1727739048313211,0.0,26,"[47, 52, 26, 35]",0.6545249559791299,0.7408333333333333,1.0249416226457966,0.19198670002515428,True,
tune,1,11006,weak_noise,kefrine_2,0.1554202702860003,0.1588287454247868,0.0375,21,"[44, 55, 21, 40]",0.662369212444927,0.7275,1.026119212444927,0.1608612000127323,True,
tune,1,11006,weak_noise,joint_alpha_0.5,0.014404613323906608,0.05702461427931017,0.16875,5,"[5, 7, 136, 12]",0.8012463999328254,0.26166666666666666,0.9320797332661588,0.03570999999647029,True,12
tune,1,11006,weak_noise,kefrine_equations_equal_scatter50,0.1727739048313211,0.1727739048313211,0.0,26,"[47, 52, 26, 35]",0.6545249559791299,0.7408333333333333,1.0249416226457966,0.19198670002515428,True,
tune,1,11006,weak_conflict,spectral_graph_diagnostic,-0.019230769230769232,0.10889012642629477,0.70625,40,"[40, 40, 40, 40]",0.9914673797886233,0.2633333333333333,1.12313404645529,0.003551900008460507,,
tune,1,11006,weak_conflict,kmeans50,0.17882249387984456,0.17882249387984456,0.0,25,"[46, 39, 50, 25]",0.6546253716344532,0.7566666666666667,1.0329587049677866,0.035184499982278794,,
tune,1,11006,weak_conflict,feature_hartigan,0.17200810722868423,0.17200810722868423,0.0,24,"[47, 39, 50, 24]",0.6540091877964747,0.7525,1.0302591877964746,0.003456000005826354,True,2
tune,1,11006,weak_conflict,joint_zero_reuse,0.17882249387984456,0.17882249387984456,0.0,25,"[46, 39, 50, 25]",0.6546253716344532,0.7566666666666667,1.0329587049677866,0.0007693999796174467,False,0
tune,1,11006,weak_conflict,kefrin_like_equal_scatter50,0.13732679885923588,0.14040428061831153,0.0125,27,"[44, 47, 27, 42]",0.6566461771025298,0.7683333333333333,1.0408128437691966,0.05054400002700277,,
tune,1,11006,weak_conflict,joint_0.1,0.16191337931898925,0.1618573719645371,0.00625,24,"[49, 38, 49, 24]",0.6543688317339309,0.7483333333333333,1.0285354984005974,0.009258300007786602,True,3
tune,1,11006,weak_conflict,joint_0.25,0.18672670982268505,0.18116919293796707,0.04375,25,"[35, 30, 70, 25]",0.661640134309872,0.6975,1.010390134309872,0.035507199994754046,True,12
tune,1,11006,weak_conflict,joint_0.5,0.0023480513249882944,0.045699496862841915,0.1625,3,"[3, 6, 141, 10]",0.8258693678728757,0.22666666666666666,0.939202701206209,0.02778630002285354,True,9
tune,1,11006,weak_conflict,joint_1,5.645138527667227e-05,0.013844721733468929,0.225,1,"[1, 1, 157, 1]",0.9650646496442732,0.03333333333333333,0.9817313163109399,0.018833100009942427,True,6
tune,1,11006,weak_conflict,kefrine_0.25,0.19408977099712238,0.19408977099712238,0.0,26,"[55, 26, 32, 47]",0.6534604783300293,0.7433333333333333,1.0251271449966959,0.20123559999046847,True,
tune,1,11006,weak_conflict,kefrine_0.5,0.19829803313707117,0.18706036347817306,0.01875,25,"[59, 25, 30, 46]",0.6553621911619241,0.7341666666666666,1.0224455244952573,0.2013093999994453,True,
tune,1,11006,weak_conflict,kefrine_1,0.19253244612992412,0.1979909229853811,0.00625,28,"[43, 59, 28, 30]",0.6562123190521104,0.7425,1.0274623190521104,0.1935010000015609,True,
tune,1,11006,weak_conflict,kefrine_2,0.1805486284289277,0.17935189210997388,0.05,23,"[59, 42, 23, 36]",0.6641513048641272,0.7308333333333333,1.029567971530794,0.19958879999467172,True,
tune,1,11006,weak_conflict,joint_alpha_0.5,0.0023480513249882944,0.045699496862841915,0.1625,3,"[3, 6, 141, 10]",0.8258693678728757,0.22666666666666666,0.939202701206209,0.02778630002285354,True,9
tune,1,11006,weak_conflict,kefrine_equations_equal_scatter50,0.19253244612992412,0.1979909229853811,0.00625,28,"[43, 59, 28, 30]",0.6562123190521104,0.7425,1.0274623190521104,0.1935010000015609,True,
tune,1,11006,strong_derived,kmeans50,1.0,1.0,0.0,40,"[40, 40, 40, 40]",0.5568562743446318,0.10916666666666666,0.6114396076779651,0.03385619999608025,,
tune,1,11006,strong_derived,feature_hartigan,1.0,1.0,0.0,40,"[40, 40, 40, 40]",0.5568562743446318,0.10916666666666666,0.6114396076779651,0.0017590999777894467,True,1
tune,1,11006,strong_derived,joint_zero_reuse,1.0,1.0,0.0,40,"[40, 40, 40, 40]",0.5568562743446318,0.10916666666666666,0.6114396076779651,0.0006167000101413578,False,0
tune,1,11006,strong_derived,kefrin_like_equal_scatter50,1.0,1.0,0.0,40,"[40, 40, 40, 40]",0.5568562743446318,0.10916666666666666,0.6114396076779651,0.04891549999592826,,
tune,1,11006,strong_derived,joint_0.1,1.0,1.0,0.0,40,"[40, 40, 40, 40]",0.5568562743446318,0.10916666666666666,0.6114396076779651,0.004588100011460483,True,1
tune,1,11006,strong_derived,joint_0.25,1.0,1.0,0.0,40,"[40, 40, 40, 40]",0.5568562743446318,0.10916666666666666,0.6114396076779651,0.0035392999998293817,True,1
tune,1,11006,strong_derived,joint_0.5,1.0,1.0,0.0,40,"[40, 40, 40, 40]",0.5568562743446318,0.10916666666666666,0.6114396076779651,0.003352300002006814,True,1
tune,1,11006,strong_derived,joint_1,1.0,1.0,0.0,40,"[40, 40, 40, 40]",0.5568562743446318,0.10916666666666666,0.6114396076779651,0.003396699990844354,True,1
tune,1,11006,strong_derived,kefrine_0.25,1.0,1.0,0.0,40,"[40, 40, 40, 40]",0.5568562743446318,0.10916666666666666,0.6114396076779651,0.23359920000075363,True,
tune,1,11006,strong_derived,kefrine_0.5,1.0,1.0,0.0,40,"[40, 40, 40, 40]",0.5568562743446318,0.10916666666666666,0.6114396076779651,0.23575210000853986,True,
tune,1,11006,strong_derived,kefrine_1,1.0,1.0,0.0,40,"[40, 40, 40, 40]",0.5568562743446318,0.10916666666666666,0.6114396076779651,0.22886460000881925,True,
tune,1,11006,strong_derived,kefrine_2,1.0,1.0,0.0,40,"[40, 40, 40, 40]",0.5568562743446318,0.10916666666666666,0.6114396076779651,0.1902706999971997,True,
tune,1,11006,strong_derived,joint_alpha_0.5,1.0,1.0,0.0,40,"[40, 40, 40, 40]",0.5568562743446318,0.10916666666666666,0.6114396076779651,0.003352300002006814,True,1
tune,1,11006,strong_derived,kefrine_equations_equal_scatter50,1.0,1.0,0.0,40,"[40, 40, 40, 40]",0.5568562743446318,0.10916666666666666,0.6114396076779651,0.22886460000881925,True,
tune,2,11006,strong_noise,kmeans50,0.983226974646172,0.983226974646172,0.0,39,"[39, 40, 41, 40]",0.4310966164657867,0.7566666666666667,0.80942994979912,0.028610499983187765,,
tune,2,11006,strong_noise,feature_hartigan,0.983226974646172,0.983226974646172,0.0,39,"[39, 40, 41, 40]",0.4310966164657867,0.7566666666666667,0.80942994979912,0.0018379999964963645,True,1
tune,2,11006,strong_noise,joint_zero_reuse,0.983226974646172,0.983226974646172,0.0,39,"[39, 40, 41, 40]",0.4310966164657867,0.7566666666666667,0.80942994979912,0.000725300022168085,False,0
tune,2,11006,strong_noise,kefrin_like_equal_scatter50,0.983226974646172,0.983226974646172,0.0,39,"[39, 40, 40, 41]",0.4310966164657867,0.7566666666666667,0.80942994979912,0.03961100001470186,,
tune,2,11006,strong_noise,joint_0.1,0.983226974646172,0.983226974646172,0.0,39,"[39, 40, 41, 40]",0.4310966164657867,0.7566666666666667,0.80942994979912,0.003519699996104464,True,1
tune,2,11006,strong_noise,joint_0.25,0.9668893267336248,0.983226974646172,0.00625,38,"[38, 40, 42, 40]",0.431953162296646,0.7483333333333333,0.8061198289633127,0.009428800025489181,True,3
tune,2,11006,strong_noise,joint_0.5,0.9205873539106982,0.9205873539106982,0.0,35,"[35, 40, 45, 40]",0.4319630276715537,0.7475,0.8057130276715537,0.012114299985114485,True,4
tune,2,11006,strong_noise,joint_1,0.9668893267336248,0.983226974646172,0.01875,38,"[38, 40, 42, 40]",0.43372841635321263,0.745,0.8062284163532126,0.006252699997276068,True,2
tune,2,11006,strong_noise,kefrine_0.25,0.983226974646172,0.983226974646172,0.0,39,"[41, 39, 40, 40]",0.4310966164657867,0.7566666666666667,0.80942994979912,0.1561842999944929,True,
tune,2,11006,strong_noise,kefrine_0.5,0.983226974646172,0.983226974646172,0.0,39,"[41, 39, 40, 40]",0.4310966164657867,0.7566666666666667,0.80942994979912,0.16164100001333281,True,
tune,2,11006,strong_noise,kefrine_1,0.983226974646172,0.983226974646172,0.0,39,"[41, 39, 40, 40]",0.4310966164657867,0.7566666666666667,0.80942994979912,0.16102060000412166,True,
tune,2,11006,strong_noise,kefrine_2,0.9666662660689749,0.983226974646172,0.00625,39,"[41, 40, 39, 40]",0.4322302055226091,0.755,0.8097302055226091,0.16592849997687154,True,
tune,2,11006,strong_noise,joint_alpha_0.5,0.9205873539106982,0.9205873539106982,0.0,35,"[35, 40, 45, 40]",0.4319630276715537,0.7475,0.8057130276715537,0.012114299985114485,True,4
tune,2,11006,strong_noise,kefrine_equations_equal_scatter50,0.983226974646172,0.983226974646172,0.0,39,"[41, 39, 40, 40]",0.4310966164657867,0.7566666666666667,0.80942994979912,0.16102060000412166,True,
tune,2,11006,weak_independent,spectral_graph_diagnostic,1.0,0.20345203967806552,0.4,40,"[40, 40, 40, 40]",0.8233801060662985,0.2633333333333333,0.9550467727329652,0.0033679000043775886,,
tune,2,11006,weak_independent,kmeans50,0.10174980332852157,0.10174980332852157,0.0,17,"[17, 49, 57, 37]",0.6385653970474455,0.6791666666666667,0.9781487303807789,0.037516400014283136,,
tune,2,11006,weak_independent,feature_hartigan,0.10066114127846051,0.10066114127846051,0.0,17,"[17, 49, 58, 36]",0.6385126021276466,0.6758333333333333,0.9764292687943132,0.0033383999834768474,True,2
tune,2,11006,weak_independent,joint_zero_reuse,0.10174980332852157,0.10174980332852157,0.0,17,"[17, 49, 57, 37]",0.6385653970474455,0.6791666666666667,0.9781487303807789,0.0006962000043131411,False,0
tune,2,11006,weak_independent,kefrin_like_equal_scatter50,0.3384159996884189,0.22074272721972832,0.09375,22,"[22, 51, 38, 49]",0.6710600008074776,0.5658333333333333,0.9539766674741443,0.05078389999107458,,
tune,2,11006,weak_independent,joint_0.1,0.09469090523718145,0.09528037365447585,0.00625,16,"[16, 49, 60, 35]",0.6388687660522124,0.665,0.9713687660522125,0.006607399991480634,True,2
tune,2,11006,weak_independent,joint_0.25,0.20639850516375022,0.16069358108360823,0.0625,17,"[17, 77, 38, 28]",0.6580668743389558,0.5358333333333334,0.9259835410056225,0.028783999994629994,True,10
tune,2,11006,weak_independent,joint_0.5,0.17748517438938588,0.15915144389528765,0.10625,17,"[17, 91, 33, 19]",0.6813895120462721,0.465,0.9138895120462721,0.02325510000810027,True,8
tune,2,11006,weak_independent,joint_1,0.45772647241014186,0.1279633129623056,0.25625,1,"[1, 76, 80, 3]",0.8467637393564271,0.21583333333333332,0.9546804060230938,0.029051999998046085,True,10
tune,2,11006,weak_independent,kefrine_0.25,0.10131317845340132,0.10131317845340132,0.0,16,"[59, 16, 49, 36]",0.6389403967452556,0.6741666666666667,0.976023730078589,0.32027719999314286,True,
tune,2,11006,weak_independent,kefrine_0.5,0.10131317845340132,0.10131317845340132,0.0,16,"[59, 16, 49, 36]",0.6389403967452556,0.6741666666666667,0.976023730078589,0.20989420000114478,True,
tune,2,11006,weak_independent,kefrine_1,0.13586291309669524,0.10498507040422693,0.04375,19,"[37, 55, 19, 49]",0.647184534711664,0.6658333333333334,0.9801012013783308,0.18318120000185445,True,
tune,2,11006,weak_independent,kefrine_2,0.565795571474578,0.27083850283387095,0.18125,25,"[45, 25, 39, 51]",0.7142960518837081,0.43916666666666665,0.9338793852170415,0.18029940000269562,True,
tune,2,11006,weak_independent,joint_alpha_0.5,0.17748517438938588,0.15915144389528765,0.10625,17,"[17, 91, 33, 19]",0.6813895120462721,0.465,0.9138895120462721,0.02325510000810027,True,8
tune,2,11006,weak_independent,kefrine_equations_equal_scatter50,0.13586291309669524,0.10498507040422693,0.04375,19,"[37, 55, 19, 49]",0.647184534711664,0.6658333333333334,0.9801012013783308,0.18318120000185445,True,
tune,2,11006,weak_derived,spectral_graph_diagnostic,0.11414473421143127,0.09339292204342947,0.0875,35,"[35, 41, 41, 43]",0.6709867884078953,0.37583333333333335,0.858903455074562,0.003733199991984293,,
tune,2,11006,weak_derived,kmeans50,0.10174980332852157,0.10174980332852157,0.0,17,"[17, 49, 57, 37]",0.6385653970474455,0.3541666666666667,0.8156487303807789,0.037516400014283136,,
tune,2,11006,weak_derived,feature_hartigan,0.10066114127846051,0.10066114127846051,0.0,17,"[17, 49, 58, 36]",0.6385126021276466,0.3541666666666667,0.81559593546098,0.0033383999834768474,True,2
tune,2,11006,weak_derived,joint_zero_reuse,0.10174980332852157,0.10174980332852157,0.0,17,"[17, 49, 57, 37]",0.6385653970474455,0.3541666666666667,0.8156487303807789,0.0006201000069268048,False,0
tune,2,11006,weak_derived,kefrin_like_equal_scatter50,0.08744758311605609,0.09686821854405393,0.03125,38,"[40, 38, 41, 41]",0.6502978553406009,0.36083333333333334,0.8307145220072676,0.05319160001818091,,
tune,2,11006,weak_derived,joint_0.1,0.09469090523718145,0.09891001152143593,0.0125,16,"[16, 47, 61, 36]",0.6393598471010574,0.3383333333333333,0.8085265137677241,0.006548600009409711,True,2
tune,2,11006,weak_derived,joint_0.25,0.0993589381211347,0.09820399121464025,0.01875,16,"[16, 46, 63, 35]",0.6402094659290668,0.3333333333333333,0.8068761325957334,0.009602500009350479,True,3
tune,2,11006,weak_derived,joint_0.5,0.08730811249141222,0.08984038491199163,0.025,16,"[16, 44, 65, 35]",0.6415260972993154,0.3258333333333333,0.8044427639659821,0.011976899986620992,True,4
tune,2,11006,weak_derived,joint_1,0.07849690281531657,0.08681245858184228,0.03125,15,"[15, 43, 66, 36]",0.6456262170801153,0.32083333333333336,0.8060428837467819,0.012482699996326119,True,4
tune,2,11006,weak_derived,kefrine_0.25,0.09625696881313707,0.09657607686682806,0.00625,16,"[38, 16, 46, 60]",0.6404373016955288,0.34,0.8104373016955289,0.23560690000886098,True,
tune,2,11006,weak_derived,kefrine_0.5,0.08164604954898876,0.0938732937281756,0.025,16,"[63, 16, 45, 36]",0.6408431946693735,0.33166666666666667,0.8066765280027068,0.2302728000213392,True,
tune,2,11006,weak_derived,kefrine_1,0.10323435661323675,0.09447599968128578,0.01875,16,"[56, 16, 37, 51]",0.641087366505789,0.3458333333333333,0.8140040331724556,0.21382100001210347,True,
tune,2,11006,weak_derived,kefrine_2,0.1112561923302154,0.11437935793865772,0.04375,30,"[50, 44, 30, 36]",0.6561141188312805,0.3525,0.8323641188312805,0.19685210002353415,True,
tune,2,11006,weak_derived,joint_alpha_0.5,0.08730811249141222,0.08984038491199163,0.025,16,"[16, 44, 65, 35]",0.6415260972993154,0.3258333333333333,0.8044427639659821,0.011976899986620992,True,4
tune,2,11006,weak_derived,kefrine_equations_equal_scatter50,0.10323435661323675,0.09447599968128578,0.01875,16,"[56, 16, 37, 51]",0.641087366505789,0.3458333333333333,0.8140040331724556,0.21382100001210347,True,
tune,2,11006,weak_noise,spectral_graph_diagnostic,0.01646978825687493,0.05553322456828947,0.625,32,"[32, 42, 34, 52]",0.9782530146555574,0.5791666666666667,1.2678363479888908,0.005269899993436411,,
tune,2,11006,weak_noise,kmeans50,0.10174980332852157,0.10174980332852157,0.0,17,"[17, 49, 57, 37]",0.6385653970474455,0.7358333333333333,1.0064820637141123,0.037516400014283136,,
tune,2,11006,weak_noise,feature_hartigan,0.10066114127846051,0.10066114127846051,0.0,17,"[17, 49, 58, 36]",0.6385126021276466,0.7375,1.0072626021276467,0.0033383999834768474,True,2
tune,2,11006,weak_noise,joint_zero_reuse,0.10174980332852157,0.10174980332852157,0.0,17,"[17, 49, 57, 37]",0.6385653970474455,0.7358333333333333,1.0064820637141123,0.0006243999814614654,False,0
tune,2,11006,weak_noise,kefrin_like_equal_scatter50,0.0940430721705453,0.10174980332852157,0.01875,18,"[51, 35, 56, 18]",0.6407379420318099,0.7366666666666667,1.0090712753651432,0.054143199988175184,,
tune,2,11006,weak_noise,joint_0.1,0.10020703933747412,0.10020703933747412,0.0,16,"[16, 48, 59, 37]",0.6388754233208638,0.7308333333333333,1.0042920899875305,0.006376500008627772,True,2
tune,2,11006,weak_noise,joint_0.25,0.09891001152143593,0.09891001152143593,0.0125,16,"[16, 48, 60, 36]",0.6392164891356082,0.7283333333333334,1.003383155802275,0.009072800021385774,True,3
tune,2,11006,weak_noise,joint_0.5,0.010024082081447352,0.04639005202385484,0.09375,1,"[9, 6, 144, 1]",0.8336615339260558,0.165,0.9161615339260558,0.038132999994559214,True,13
tune,2,11006,weak_noise,joint_1,-4.100999413557084e-05,0.005907330481041939,0.0875,1,"[1, 3, 155, 1]",0.9175536878508347,0.04833333333333333,0.9417203545175014,0.021057100006146356,True,7
tune,2,11006,weak_noise,kefrine_0.25,0.10942061683115241,0.10942061683115241,0.0,18,"[41, 18, 48, 53]",0.6396588022090255,0.7383333333333333,1.0088254688756921,0.23110420000739396,True,
tune,2,11006,weak_noise,kefrine_0.5,0.1096819755258923,0.1096819755258923,0.0,17,"[47, 48, 17, 48]",0.6431415741510581,0.7416666666666667,1.0139749074843913,0.23598779999883845,True,
tune,2,11006,weak_noise,kefrine_1,0.12935633377564953,0.11356782373215164,0.01875,16,"[49, 16, 48, 47]",0.6435245698708486,0.7408333333333333,1.0139412365375153,0.2043705999967642,True,
tune,2,11006,weak_noise,kefrine_2,0.12052722010170781,0.10897132637166099,0.0375,16,"[51, 16, 46, 47]",0.644702058663002,0.7441666666666666,1.0167853919963354,0.17320459999609739,True,
tune,2,11006,weak_noise,joint_alpha_0.5,0.010024082081447352,0.04639005202385484,0.09375,1,"[9, 6, 144, 1]",0.8336615339260558,0.165,0.9161615339260558,0.038132999994559214,True,13
tune,2,11006,weak_noise,kefrine_equations_equal_scatter50,0.12935633377564953,0.11356782373215164,0.01875,16,"[49, 16, 48, 47]",0.6435245698708486,0.7408333333333333,1.0139412365375153,0.2043705999967642,True,
tune,2,11006,weak_conflict,spectral_graph_diagnostic,-0.018908211050887924,0.045600937783805626,0.69375,39,"[39, 40, 41, 40]",0.9870487337998094,0.2675,1.1207987337998093,0.0038594999932684004,,
tune,2,11006,weak_conflict,kmeans50,0.10174980332852157,0.10174980332852157,0.0,17,"[17, 49, 57, 37]",0.6385653970474455,0.7208333333333333,0.9989820637141122,0.037516400014283136,,
tune,2,11006,weak_conflict,feature_hartigan,0.10066114127846051,0.10066114127846051,0.0,17,"[17, 49, 58, 36]",0.6385126021276466,0.7175,0.9972626021276466,0.0033383999834768474,True,2
tune,2,11006,weak_conflict,joint_zero_reuse,0.10174980332852157,0.10174980332852157,0.0,17,"[17, 49, 57, 37]",0.6385653970474455,0.7208333333333333,0.9989820637141122,0.0006221999938134104,False,0
tune,2,11006,weak_conflict,kefrin_like_equal_scatter50,0.14777246268226615,0.14470189015308552,0.0125,18,"[39, 18, 56, 47]",0.6462105287507508,0.7225,1.0074605287507508,0.04946040001232177,,
tune,2,11006,weak_conflict,joint_0.1,0.09778090983833264,0.09746464324234,0.00625,16,"[16, 50, 59, 35]",0.6393765596319102,0.705,0.9918765596319101,0.006358699989505112,True,2
tune,2,11006,weak_conflict,joint_0.25,0.09496963290482198,0.09697768785732959,0.025,16,"[16, 50, 59, 35]",0.640355321866888,0.7,0.990355321866888,0.006724300008499995,True,2
tune,2,11006,weak_conflict,joint_0.5,0.08952973119537642,0.09848596652551833,0.15,16,"[16, 55, 62, 27]",0.673869087076717,0.615,0.981369087076717,0.014973600016674027,True,5
tune,2,11006,weak_conflict,joint_1,-0.00015725743041358704,0.003760867801809641,0.15,1,"[1, 1, 157, 1]",0.9470352200900443,0.030833333333333334,0.9624518867567109,0.048167900007683784,True,10
tune,2,11006,weak_conflict,kefrine_0.25,0.0970011307022317,0.09567747778998285,0.00625,18,"[42, 18, 47, 53]",0.6400335325498391,0.7308333333333333,1.0054501992165057,0.23057220000191592,True,
tune,2,11006,weak_conflict,kefrine_0.5,0.09878144836213687,0.09858113416832279,0.01875,18,"[42, 18, 48, 52]",0.6405749066668827,0.7275,1.0043249066668827,0.2048666000191588,True,
tune,2,11006,weak_conflict,kefrine_1,0.08515488443429603,0.09394945306547517,0.025,18,"[55, 18, 52, 35]",0.6438825046267131,0.7233333333333334,1.0055491712933797,0.18255639998824336,True,
tune,2,11006,weak_conflict,kefrine_2,0.09511505423059627,0.10314755991914525,0.1,15,"[57, 15, 43, 45]",0.6654143520267201,0.7141666666666666,1.0224976853600534,0.17736560001503676,True,
tune,2,11006,weak_conflict,joint_alpha_0.5,0.08952973119537642,0.09848596652551833,0.15,16,"[16, 55, 62, 27]",0.673869087076717,0.615,0.981369087076717,0.014973600016674027,True,5
tune,2,11006,weak_conflict,kefrine_equations_equal_scatter50,0.08515488443429603,0.09394945306547517,0.025,18,"[55, 18, 52, 35]",0.6438825046267131,0.7233333333333334,1.0055491712933797,0.18255639998824336,True,
tune,2,11006,strong_derived,kmeans50,0.983226974646172,0.983226974646172,0.0,39,"[39, 40, 41, 40]",0.4310966164657867,0.05416666666666667,0.45817994979912,0.028610499983187765,,
tune,2,11006,strong_derived,feature_hartigan,0.983226974646172,0.983226974646172,0.0,39,"[39, 40, 41, 40]",0.4310966164657867,0.05416666666666667,0.45817994979912,0.0018379999964963645,True,1
tune,2,11006,strong_derived,joint_zero_reuse,0.983226974646172,0.983226974646172,0.0,39,"[39, 40, 41, 40]",0.4310966164657867,0.05416666666666667,0.45817994979912,0.0006099000165704638,False,0
tune,2,11006,strong_derived,kefrin_like_equal_scatter50,1.0,0.983226974646172,0.00625,40,"[40, 40, 40, 40]",0.4317420484879563,0.04833333333333333,0.45590871515462295,0.035865799989551306,,
tune,2,11006,strong_derived,joint_0.1,0.983226974646172,0.983226974646172,0.0,39,"[39, 40, 41, 40]",0.4310966164657867,0.05416666666666667,0.45817994979912,0.003425899980356917,True,1
tune,2,11006,strong_derived,joint_0.25,1.0,0.983226974646172,0.00625,40,"[40, 40, 40, 40]",0.4317420484879563,0.04833333333333333,0.45590871515462295,0.006196200003614649,True,2
tune,2,11006,strong_derived,joint_0.5,1.0,0.983226974646172,0.00625,40,"[40, 40, 40, 40]",0.4317420484879563,0.04833333333333333,0.45590871515462295,0.006343199987895787,True,2
tune,2,11006,strong_derived,joint_1,1.0,0.983226974646172,0.00625,40,"[40, 40, 40, 40]",0.4317420484879563,0.04833333333333333,0.45590871515462295,0.006248899997444823,True,2
tune,2,11006,strong_derived,kefrine_0.25,0.983226974646172,0.983226974646172,0.0,39,"[41, 39, 40, 40]",0.4310966164657867,0.05416666666666667,0.45817994979912,0.14899429999059066,True,
tune,2,11006,strong_derived,kefrine_0.5,1.0,0.983226974646172,0.00625,40,"[40, 40, 40, 40]",0.4317420484879563,0.04833333333333333,0.45590871515462295,0.14017430000239983,True,
tune,2,11006,strong_derived,kefrine_1,1.0,0.983226974646172,0.00625,40,"[40, 40, 40, 40]",0.4317420484879563,0.04833333333333333,0.45590871515462295,0.13407199998619035,True,
tune,2,11006,strong_derived,kefrine_2,1.0,0.983226974646172,0.00625,40,"[40, 40, 40, 40]",0.4317420484879563,0.04833333333333333,0.45590871515462295,0.10901339998235926,True,
tune,2,11006,strong_derived,joint_alpha_0.5,1.0,0.983226974646172,0.00625,40,"[40, 40, 40, 40]",0.4317420484879563,0.04833333333333333,0.45590871515462295,0.006343199987895787,True,2
tune,2,11006,strong_derived,kefrine_equations_equal_scatter50,1.0,0.983226974646172,0.00625,40,"[40, 40, 40, 40]",0.4317420484879563,0.04833333333333333,0.45590871515462295,0.13407199998619035,True,
tune,1,11007,strong_noise,kmeans50,0.5546697388632873,0.5546697388632873,0.0,28,"[64, 36, 28, 32]",0.5579470815087209,0.7258333333333333,0.9208637481753875,0.03297160001238808,,
tune,1,11007,strong_noise,feature_hartigan,0.5546697388632873,0.5546697388632873,0.0,28,"[64, 36, 28, 32]",0.5579470815087209,0.7258333333333333,0.9208637481753875,0.0020037000067532063,True,1
tune,1,11007,strong_noise,joint_zero_reuse,0.5546697388632873,0.5546697388632873,0.0,28,"[64, 36, 28, 32]",0.5579470815087209,0.7258333333333333,0.9208637481753875,0.0007199000101536512,False,0
tune,1,11007,strong_noise,kefrin_like_equal_scatter50,0.5376734383232832,0.5376734383232832,0.0,32,"[36, 59, 32, 33]",0.5584027127279831,0.74,0.9284027127279831,0.050933699996676296,,
tune,1,11007,strong_noise,joint_0.1,0.5719899025666214,0.5719899025666214,0.0,25,"[66, 36, 25, 33]",0.5583433235246362,0.7133333333333334,0.9150099901913029,0.010459600016474724,True,3
tune,1,11007,strong_noise,joint_0.25,0.5931783223571226,0.5852069667496042,0.0125,20,"[70, 36, 20, 34]",0.5611128348367153,0.6966666666666667,0.9094461681700485,0.00945260000298731,True,3
tune,1,11007,strong_noise,joint_0.5,0.5850782322261872,0.5931783223571226,0.025,17,"[74, 36, 17, 33]",0.5731896470139431,0.6658333333333334,0.9061063136806098,0.010130600014235824,True,3
tune,1,11007,strong_noise,joint_1,0.0018520140652960094,0.07338285184311365,0.2,1,"[153, 1, 3, 3]",0.897432624901575,0.0575,0.9261826249015751,0.018193100026110187,True,6
tune,1,11007,strong_noise,kefrine_0.25,0.48548629027419454,0.4840132260218381,0.00625,36,"[39, 43, 42, 36]",0.5745536730227078,0.7616666666666667,0.9553870063560411,0.1873587000009138,True,
tune,1,11007,strong_noise,kefrine_0.5,0.5614405563908048,0.5546697388632873,0.00625,27,"[65, 27, 32, 36]",0.5582166938445566,0.72,0.9182166938445566,0.19239129999186844,True,
tune,1,11007,strong_noise,kefrine_1,0.4833219605824445,0.505111129709114,0.01875,36,"[37, 47, 40, 36]",0.5718306033782085,0.7575,0.9505806033782085,0.20676269999239594,True,
tune,1,11007,strong_noise,kefrine_2,0.48356529697658274,0.49489120861326036,0.00625,32,"[44, 32, 52, 32]",0.5792206641657389,0.7375,0.9479706641657389,0.20949179999297485,True,
tune,1,11007,strong_noise,joint_alpha_0.5,0.5850782322261872,0.5931783223571226,0.025,17,"[74, 36, 17, 33]",0.5731896470139431,0.6658333333333334,0.9061063136806098,0.010130600014235824,True,3
tune,1,11007,strong_noise,kefrine_equations_equal_scatter50,0.4833219605824445,0.505111129709114,0.01875,36,"[37, 47, 40, 36]",0.5718306033782085,0.7575,0.9505806033782085,0.20676269999239594,True,
tune,1,11007,weak_independent,spectral_graph_diagnostic,1.0,0.3850513254913269,0.2875,40,"[40, 40, 40, 40]",0.7701960366437,0.25083333333333335,0.8956127033103667,0.0035436000034678727,,
tune,1,11007,weak_independent,kmeans50,0.20658871015611088,0.20658871015611088,0.0,31,"[31, 48, 47, 34]",0.646206644232227,0.6433333333333333,0.9678733108988936,0.04232830001274124,,
tune,1,11007,weak_independent,feature_hartigan,0.19730286111670875,0.19730286111670875,0.0,31,"[31, 48, 48, 33]",0.6458774393562207,0.6441666666666667,0.967960772689554,0.0034146000107284635,True,2
tune,1,11007,weak_independent,joint_zero_reuse,0.20658871015611088,0.20658871015611088,0.0,31,"[31, 48, 47, 34]",0.646206644232227,0.6433333333333333,0.9678733108988936,0.0011235999991185963,False,0
tune,1,11007,weak_independent,kefrin_like_equal_scatter50,0.3490643281793262,0.24620772889698747,0.06875,27,"[47, 27, 44, 42]",0.6585419639830626,0.5708333333333333,0.9439586306497293,0.054975699982605875,,
tune,1,11007,weak_independent,joint_0.1,0.24127014315657677,0.24127014315657677,0.0,31,"[31, 51, 40, 38]",0.6467455802232778,0.6191666666666666,0.9563289135566111,0.013084800011711195,True,4
tune,1,11007,weak_independent,joint_0.25,0.3364680090001731,0.27074403328909924,0.0625,24,"[24, 61, 32, 43]",0.6579998751017085,0.5366666666666666,0.9263332084350419,0.01682940000318922,True,5
tune,1,11007,weak_independent,joint_0.5,0.4534919604567269,0.24557749959951483,0.18125,18,"[19, 78, 18, 45]",0.7100516639126111,0.37916666666666665,0.8996349972459444,0.02382140001282096,True,8
tune,1,11007,weak_independent,joint_1,0.6820517548082669,0.30884058445217605,0.24375,1,"[38, 81, 1, 40]",0.8129308943167111,0.21916666666666668,0.9225142276500444,0.017931600013980642,True,6
tune,1,11007,weak_independent,kefrine_0.25,0.21082172183353912,0.21082172183353912,0.0,27,"[46, 53, 34, 27]",0.64656305916467,0.64,0.9665630591646701,0.21756650001043454,True,
tune,1,11007,weak_independent,kefrine_0.5,0.29146888729225806,0.253044926697303,0.025,25,"[52, 25, 43, 40]",0.6516656460979261,0.5983333333333334,0.9508323127645928,0.2555646999971941,True,
tune,1,11007,weak_independent,kefrine_1,0.31694039919973943,0.27426733492591376,0.03125,20,"[44, 54, 42, 20]",0.6537262986345632,0.58,0.9437262986345631,0.2248589999799151,True,
tune,1,11007,weak_independent,kefrine_2,0.9344649995798269,0.3833409405754278,0.275,36,"[42, 36, 41, 41]",0.758015697220764,0.27416666666666667,0.8950990305540973,0.19259429999510758,True,
tune,1,11007,weak_independent,joint_alpha_0.5,0.4534919604567269,0.24557749959951483,0.18125,18,"[19, 78, 18, 45]",0.7100516639126111,0.37916666666666665,0.8996349972459444,0.02382140001282096,True,8
tune,1,11007,weak_independent,kefrine_equations_equal_scatter50,0.31694039919973943,0.27426733492591376,0.03125,20,"[44, 54, 42, 20]",0.6537262986345632,0.58,0.9437262986345631,0.2248589999799151,True,
tune,1,11007,weak_derived,spectral_graph_diagnostic,0.2073229286952933,0.18227755864974893,0.08125,32,"[32, 35, 48, 45]",0.6562121407937275,0.325,0.8187121407937274,0.00397070002509281,,
tune,1,11007,weak_derived,kmeans50,0.20658871015611088,0.20658871015611088,0.0,31,"[31, 48, 47, 34]",0.646206644232227,0.3375,0.8149566442322269,0.04232830001274124,,
tune,1,11007,weak_derived,feature_hartigan,0.19730286111670875,0.19730286111670875,0.0,31,"[31, 48, 48, 33]",0.6458774393562207,0.3375,0.8146274393562207,0.0034146000107284635,True,2
tune,1,11007,weak_derived,joint_zero_reuse,0.20658871015611088,0.20658871015611088,0.0,31,"[31, 48, 47, 34]",0.646206644232227,0.3375,0.8149566442322269,0.0006418999982997775,False,0
tune,1,11007,weak_derived,kefrin_like_equal_scatter50,0.19615815984813356,0.19615815984813356,0.0,32,"[32, 36, 51, 41]",0.6466772348839681,0.3358333333333333,0.8145939015506347,0.05114349999348633,,
tune,1,11007,weak_derived,joint_0.1,0.19967740536106543,0.19967740536106543,0.0,30,"[30, 48, 49, 33]",0.645906935398361,0.3358333333333333,0.8138236020650276,0.00651460001245141,True,2
tune,1,11007,weak_derived,joint_0.25,0.19525682956502505,0.19967740536106543,0.00625,30,"[30, 48, 48, 34]",0.6467356920221493,0.33166666666666667,0.8125690253554827,0.006233799998881295,True,2
tune,1,11007,weak_derived,joint_0.5,0.18814539690800913,0.19967740536106543,0.01875,30,"[30, 47, 50, 33]",0.6476062967571616,0.3283333333333333,0.8117729634238283,0.006322600005660206,True,2
tune,1,11007,weak_derived,joint_1,0.19007796708056598,0.2099813530072619,0.0375,21,"[21, 54, 52, 33]",0.654806939849418,0.30916666666666665,0.8093902731827513,0.01456720000714995,True,5
tune,1,11007,weak_derived,kefrine_0.25,0.19224516053570384,0.19224516053570384,0.0,27,"[48, 54, 31, 27]",0.6464615671290029,0.3325,0.8127115671290029,0.23029130001668818,True,
tune,1,11007,weak_derived,kefrine_0.5,0.19224516053570384,0.19224516053570384,0.0,27,"[48, 54, 31, 27]",0.6464615671290029,0.3325,0.8127115671290029,0.2306455000070855,True,
tune,1,11007,weak_derived,kefrine_1,0.20288768340929417,0.19989868287740628,0.0125,26,"[48, 53, 33, 26]",0.6471890099424139,0.33,0.8121890099424139,0.19815009998274036,True,
tune,1,11007,weak_derived,kefrine_2,0.24068885607883714,0.24473319916708353,0.01875,28,"[35, 28, 61, 36]",0.651438426063128,0.3258333333333333,0.8143550927297947,0.18888020000304095,True,
tune,1,11007,weak_derived,joint_alpha_0.5,0.18814539690800913,0.19967740536106543,0.01875,30,"[30, 47, 50, 33]",0.6476062967571616,0.3283333333333333,0.8117729634238283,0.006322600005660206,True,2
tune,1,11007,weak_derived,kefrine_equations_equal_scatter50,0.20288768340929417,0.19989868287740628,0.0125,26,"[48, 53, 33, 26]",0.6471890099424139,0.33,0.8121890099424139,0.19815009998274036,True,
tune,1,11007,weak_noise,spectral_graph_diagnostic,-0.010414569342950427,0.1219226902328056,0.65625,30,"[30, 39, 38, 53]",0.9929188760851918,0.5825,1.2841688760851917,0.006217500020284206,,
tune,1,11007,weak_noise,kmeans50,0.20658871015611088,0.20658871015611088,0.0,31,"[31, 48, 47, 34]",0.646206644232227,0.7283333333333334,1.0103733108988937,0.04232830001274124,,
tune,1,11007,weak_noise,feature_hartigan,0.19730286111670875,0.19730286111670875,0.0,31,"[31, 48, 48, 33]",0.6458774393562207,0.73,1.0108774393562205,0.0034146000107284635,True,2
tune,1,11007,weak_noise,joint_zero_reuse,0.20658871015611088,0.20658871015611088,0.0,31,"[31, 48, 47, 34]",0.646206644232227,0.7283333333333334,1.0103733108988937,0.0006634999881498516,False,0
tune,1,11007,weak_noise,kefrin_like_equal_scatter50,0.10993785601250054,0.1144363739345132,0.01875,35,"[47, 35, 42, 36]",0.6471093979124175,0.7366666666666667,1.0154427312457508,0.05187080000177957,,
tune,1,11007,weak_noise,joint_0.1,0.20110163510407178,0.19801667259294378,0.00625,30,"[30, 50, 47, 33]",0.6460498478912254,0.7266666666666667,1.0093831812245588,0.010974999982863665,True,3
tune,1,11007,weak_noise,joint_0.25,0.20947385674479593,0.21098871816575165,0.025,31,"[31, 59, 35, 35]",0.6503861407274264,0.6908333333333333,0.995802807394093,0.015192200022283942,True,5
tune,1,11007,weak_noise,joint_0.5,0.19829219659218492,0.1976092459440562,0.0875,13,"[13, 80, 31, 36]",0.6822682449462214,0.6041666666666666,0.9843515782795547,0.03520870002103038,True,10
tune,1,11007,weak_noise,joint_1,0.00044703368542362595,0.016528169550964398,0.1625,1,"[1, 2, 155, 2]",0.9411744754104782,0.0425,0.9624244754104782,0.03139200000441633,True,9
tune,1,11007,weak_noise,kefrine_0.25,0.1830419029615627,0.1830419029615627,0.0,28,"[44, 52, 28, 36]",0.6466077599515178,0.7266666666666667,1.0099410932848512,0.2547970999730751,True,
tune,1,11007,weak_noise,kefrine_0.5,0.1450757712177417,0.15131800067220436,0.00625,36,"[41, 41, 42, 36]",0.6481720779625592,0.7358333333333333,1.0160887446292257,0.2175301999959629,True,
tune,1,11007,weak_noise,kefrine_1,0.18555777009894683,0.17971789020655735,0.00625,27,"[45, 52, 27, 36]",0.6472506664767964,0.725,1.0097506664767963,0.21557540001231246,True,
tune,1,11007,weak_noise,kefrine_2,0.18762054237235198,0.206065034709536,0.0375,23,"[45, 39, 53, 23]",0.6616691103084709,0.725,1.024169110308471,0.19552909999038093,True,
tune,1,11007,weak_noise,joint_alpha_0.5,0.19829219659218492,0.1976092459440562,0.0875,13,"[13, 80, 31, 36]",0.6822682449462214,0.6041666666666666,0.9843515782795547,0.03520870002103038,True,10
tune,1,11007,weak_noise,kefrine_equations_equal_scatter50,0.18555777009894683,0.17971789020655735,0.00625,27,"[45, 52, 27, 36]",0.6472506664767964,0.725,1.0097506664767963,0.21557540001231246,True,
tune,1,11007,weak_conflict,spectral_graph_diagnostic,-0.019230769230769232,0.045696215041011956,0.64375,40,"[40, 40, 40, 40]",0.9761631992042648,0.2525,1.1024131992042647,0.0038628000183962286,,
tune,1,11007,weak_conflict,kmeans50,0.20658871015611088,0.20658871015611088,0.0,31,"[31, 48, 47, 34]",0.646206644232227,0.7341666666666666,1.0132899775655604,0.04232830001274124,,
tune,1,11007,weak_conflict,feature_hartigan,0.19730286111670875,0.19730286111670875,0.0,31,"[31, 48, 48, 33]",0.6458774393562207,0.7275,1.0096274393562208,0.0034146000107284635,True,2
tune,1,11007,weak_conflict,joint_zero_reuse,0.20658871015611088,0.20658871015611088,0.0,31,"[31, 48, 47, 34]",0.646206644232227,0.7341666666666666,1.0132899775655604,0.0006418999982997775,False,0
tune,1,11007,weak_conflict,kefrin_like_equal_scatter50,0.09834557000686206,0.10969771251551896,0.05,29,"[47, 29, 40, 44]",0.6554677125277907,0.7116666666666667,1.011301045861124,0.0513640999852214,,
tune,1,11007,weak_conflict,joint_0.1,0.19139511459050373,0.19139511459050373,0.0,25,"[25, 53, 50, 32]",0.6466222293167031,0.7083333333333334,1.0007888959833697,0.02075150000746362,True,7
tune,1,11007,weak_conflict,joint_0.25,0.18542185048031806,0.18597545529301268,0.01875,24,"[24, 51, 51, 34]",0.6482036315522932,0.6983333333333334,0.9973702982189598,0.009104800003115088,True,3
tune,1,11007,weak_conflict,joint_0.5,0.09840982865595595,0.1897701834707583,0.14375,18,"[18, 30, 88, 24]",0.7037709211090931,0.5416666666666666,0.9746042544424265,0.02381539999623783,True,8
tune,1,11007,weak_conflict,joint_1,-0.0040494090687928684,0.010441465929327959,0.325,1,"[1, 33, 123, 3]",0.9084872218609875,0.17,0.9934872218609875,0.026469200005521998,True,9
tune,1,11007,weak_conflict,kefrine_0.25,0.16492761518995339,0.17010081915563957,0.00625,29,"[44, 51, 29, 36]",0.6471826993417668,0.7383333333333333,1.0163493660084333,0.21259320000535809,True,
tune,1,11007,weak_conflict,kefrine_0.5,0.1597223041210163,0.16049542805722886,0.0125,30,"[43, 54, 30, 33]",0.6478598635328926,0.7291666666666666,1.012443196866226,0.22781229999964125,True,
tune,1,11007,weak_conflict,kefrine_1,0.11568409343715239,0.14167264515977276,0.0375,26,"[47, 54, 33, 26]",0.6513250884062504,0.7208333333333333,1.011741755072917,0.2198394000006374,True,
tune,1,11007,weak_conflict,kefrine_2,0.10482849706716389,0.19163714010840743,0.15,27,"[51, 29, 53, 27]",0.6844952359107376,0.6633333333333333,1.0161619025774042,0.18376440001884475,True,
tune,1,11007,weak_conflict,joint_alpha_0.5,0.09840982865595595,0.1897701834707583,0.14375,18,"[18, 30, 88, 24]",0.7037709211090931,0.5416666666666666,0.9746042544424265,0.02381539999623783,True,8
tune,1,11007,weak_conflict,kefrine_equations_equal_scatter50,0.11568409343715239,0.14167264515977276,0.0375,26,"[47, 54, 33, 26]",0.6513250884062504,0.7208333333333333,1.011741755072917,0.2198394000006374,True,
tune,1,11007,strong_derived,kmeans50,0.5546697388632873,0.5546697388632873,0.0,28,"[64, 36, 28, 32]",0.5579470815087209,0.175,0.6454470815087209,0.03297160001238808,,
tune,1,11007,strong_derived,feature_hartigan,0.5546697388632873,0.5546697388632873,0.0,28,"[64, 36, 28, 32]",0.5579470815087209,0.175,0.6454470815087209,0.0020037000067532063,True,1
tune,1,11007,strong_derived,joint_zero_reuse,0.5546697388632873,0.5546697388632873,0.0,28,"[64, 36, 28, 32]",0.5579470815087209,0.175,0.6454470815087209,0.0011236999998800457,False,0
tune,1,11007,strong_derived,kefrin_like_equal_scatter50,0.983226974646172,0.983226974646172,0.0,39,"[39, 40, 41, 40]",0.5815734943972601,0.11916666666666667,0.6411568277305935,0.060380599985364825,,
tune,1,11007,strong_derived,joint_0.1,0.5629981863350251,0.5629981863350251,0.0,26,"[66, 36, 26, 32]",0.5583746673296738,0.16583333333333333,0.6412913339963404,0.010787900013383478,True,2
tune,1,11007,strong_derived,joint_0.25,0.5879149387415024,0.5814579814671109,0.00625,23,"[67, 36, 23, 34]",0.559579525460409,0.15416666666666667,0.6366628587937424,0.009444399998756126,True,3
tune,1,11007,strong_derived,joint_0.5,0.598999364852969,0.5909600831429226,0.0125,19,"[71, 36, 19, 34]",0.5633195159584906,0.1375,0.6320695159584906,0.01167639999766834,True,3
tune,1,11007,strong_derived,joint_1,0.642548200278572,0.6322554819196726,0.0125,14,"[72, 36, 14, 38]",0.5711950630896052,0.11666666666666667,0.6295283964229386,0.01735410001128912,True,4
tune,1,11007,strong_derived,kefrine_0.25,0.5376734383232832,0.5376734383232832,0.0,32,"[36, 59, 33, 32]",0.5584027127279831,0.19,0.6534027127279831,0.2288807999866549,True,
tune,1,11007,strong_derived,kefrine_0.5,0.5694755359662859,0.5620986293955035,0.0125,29,"[36, 62, 29, 33]",0.5594385185935821,0.17666666666666667,0.6477718519269154,0.22873549998621456,True,
tune,1,11007,strong_derived,kefrine_1,1.0,1.0,0.0,40,"[40, 40, 40, 40]",0.5821420596237644,0.11833333333333333,0.6413087262904311,0.23843050000141375,True,
tune,1,11007,strong_derived,kefrine_2,1.0,1.0,0.0,40,"[40, 40, 40, 40]",0.5821420596237644,0.11833333333333333,0.6413087262904311,0.1677219000121113,True,
tune,1,11007,strong_derived,joint_alpha_0.5,0.598999364852969,0.5909600831429226,0.0125,19,"[71, 36, 19, 34]",0.5633195159584906,0.1375,0.6320695159584906,0.01167639999766834,True,3
tune,1,11007,strong_derived,kefrine_equations_equal_scatter50,1.0,1.0,0.0,40,"[40, 40, 40, 40]",0.5821420596237644,0.11833333333333333,0.6413087262904311,0.23843050000141375,True,
tune,2,11007,strong_noise,kmeans50,0.9354766367116792,0.9354766367116792,0.0,38,"[40, 38, 42, 40]",0.4424343288380358,0.73,0.8074343288380358,0.026342400000430644,,
tune,2,11007,strong_noise,feature_hartigan,0.9354766367116792,0.9354766367116792,0.0,38,"[40, 38, 42, 40]",0.4424343288380358,0.73,0.8074343288380358,0.0018131000106222928,True,1
tune,2,11007,strong_noise,joint_zero_reuse,0.9354766367116792,0.9354766367116792,0.0,38,"[40, 38, 42, 40]",0.4424343288380358,0.73,0.8074343288380358,0.0006537000008393079,False,0
tune,2,11007,strong_noise,kefrin_like_equal_scatter50,0.9354766367116792,0.9354766367116792,0.0,38,"[38, 40, 40, 42]",0.4424343288380358,0.73,0.8074343288380358,0.0405822999891825,,
tune,2,11007,strong_noise,joint_0.1,0.9509548245983007,0.9509548245983007,0.0,39,"[40, 39, 41, 40]",0.44257965760033624,0.7283333333333334,0.806746324267003,0.006294699996942654,True,2
tune,2,11007,strong_noise,joint_0.25,0.9668893267336248,0.9668893267336248,0.0,38,"[40, 38, 42, 40]",0.4427237240507058,0.7275,0.8064737240507058,0.009370300016598776,True,3
tune,2,11007,strong_noise,joint_0.5,0.9668893267336248,0.9668893267336248,0.0,38,"[40, 38, 42, 40]",0.4427237240507058,0.7275,0.8064737240507058,0.006171100016217679,True,2
tune,2,11007,strong_noise,joint_1,0.9501271347628486,0.9668893267336248,0.00625,38,"[41, 38, 42, 39]",0.4473489709849313,0.7225,0.8085989709849313,0.009024899976793677,True,3
tune,2,11007,strong_noise,kefrine_0.25,0.9354766367116792,0.9354766367116792,0.0,38,"[40, 38, 42, 40]",0.4424343288380358,0.73,0.8074343288380358,0.14520339999580756,True,
tune,2,11007,strong_noise,kefrine_0.5,0.9354766367116792,0.9354766367116792,0.0,38,"[40, 38, 42, 40]",0.4424343288380358,0.73,0.8074343288380358,0.15266590000828728,True,
tune,2,11007,strong_noise,kefrine_1,0.9354766367116792,0.9354766367116792,0.0,38,"[40, 38, 42, 40]",0.4424343288380358,0.73,0.8074343288380358,0.1548624999995809,True,
tune,2,11007,strong_noise,kefrine_2,0.9354766367116792,0.9354766367116792,0.0,38,"[40, 38, 42, 40]",0.4424343288380358,0.73,0.8074343288380358,0.23837099998490885,True,
tune,2,11007,strong_noise,joint_alpha_0.5,0.9668893267336248,0.9668893267336248,0.0,38,"[40, 38, 42, 40]",0.4427237240507058,0.7275,0.8064737240507058,0.006171100016217679,True,2
tune,2,11007,strong_noise,kefrine_equations_equal_scatter50,0.9354766367116792,0.9354766367116792,0.0,38,"[40, 38, 42, 40]",0.4424343288380358,0.73,0.8074343288380358,0.1548624999995809,True,
tune,2,11007,weak_independent,spectral_graph_diagnostic,0.983226974646172,0.24619060175308227,0.375,39,"[40, 41, 40, 39]",0.846853843594739,0.26166666666666666,0.9776871769280724,0.004222699993988499,,
tune,2,11007,weak_independent,kmeans50,0.08036529680365297,0.08036529680365297,0.0,29,"[29, 48, 52, 31]",0.6476833694925599,0.6933333333333334,0.9943500361592266,0.08019939999212511,,
tune,2,11007,weak_independent,feature_hartigan,0.08252390987830195,0.08252390987830195,0.0,27,"[27, 50, 49, 34]",0.6458166759552803,0.6966666666666667,0.9941500092886135,0.010971699986839667,True,3
tune,2,11007,weak_independent,joint_zero_reuse,0.08036529680365297,0.08036529680365297,0.0,29,"[29, 48, 52, 31]",0.6476833694925599,0.6933333333333334,0.9943500361592266,0.0009099000017158687,False,0
tune,2,11007,weak_independent,kefrin_like_equal_scatter50,0.23912096693637,0.15332213960182298,0.08125,36,"[37, 43, 44, 36]",0.6697243888282032,0.6308333333333334,0.9851410554948699,0.13660840000375174,,
tune,2,11007,weak_independent,joint_0.1,0.09093911104377182,0.09093911104377182,0.0,27,"[27, 52, 52, 29]",0.6470573840260861,0.6791666666666667,0.9866407173594195,0.028450700017856434,True,4
tune,2,11007,weak_independent,joint_0.25,0.09954182706572796,0.09486496855272795,0.01875,26,"[27, 52, 55, 26]",0.6491944388482891,0.6633333333333333,0.9808611055149558,0.008708599983947352,True,2
tune,2,11007,weak_independent,joint_0.5,0.2153713773865696,0.09031687946797784,0.1875,15,"[19, 77, 49, 15]",0.7173660593675766,0.49,0.9623660593675766,0.06617470001219772,True,11
tune,2,11007,weak_independent,joint_1,0.0006110489126200055,0.016714698780246524,0.1125,1,"[1, 3, 155, 1]",0.93072703976299,0.05,0.95572703976299,0.09045429999241605,True,9
tune,2,11007,weak_independent,kefrine_0.25,0.10073728236552865,0.09541205628085787,0.00625,26,"[57, 26, 44, 33]",0.6483219867916649,0.6858333333333333,0.9912386534583315,0.42269440001109615,True,
tune,2,11007,weak_independent,kefrine_0.5,0.10267524343101316,0.09198956795362156,0.01875,25,"[53, 27, 55, 25]",0.6491817481783815,0.67,0.9841817481783814,0.2430093000002671,True,
tune,2,11007,weak_independent,kefrine_1,0.1143381088825215,0.09333426095560554,0.04375,25,"[55, 25, 55, 25]",0.6522792355255866,0.6575,0.9810292355255866,0.26547449998906814,True,
tune,2,11007,weak_independent,kefrine_2,0.7800214917169006,0.22039834972821637,0.3125,36,"[45, 37, 42, 36]",0.7923683967256336,0.35333333333333333,0.9690350633923003,0.2783332999970298,True,
tune,2,11007,weak_independent,joint_alpha_0.5,0.2153713773865696,0.09031687946797784,0.1875,15,"[19, 77, 49, 15]",0.7173660593675766,0.49,0.9623660593675766,0.06617470001219772,True,11
tune,2,11007,weak_independent,kefrine_equations_equal_scatter50,0.1143381088825215,0.09333426095560554,0.04375,25,"[55, 25, 55, 25]",0.6522792355255866,0.6575,0.9810292355255866,0.26547449998906814,True,
tune,2,11007,weak_derived,spectral_graph_diagnostic,0.11359016724713826,0.07819878926183005,0.1125,31,"[31, 50, 36, 43]",0.7021761882786363,0.3516666666666667,0.8780095216119697,0.004166099999565631,,
tune,2,11007,weak_derived,kmeans50,0.08036529680365297,0.08036529680365297,0.0,29,"[29, 48, 52, 31]",0.6476833694925599,0.3591666666666667,0.8272667028258932,0.08019939999212511,,
tune,2,11007,weak_derived,feature_hartigan,0.08252390987830195,0.08252390987830195,0.0,27,"[27, 50, 49, 34]",0.6458166759552803,0.35833333333333334,0.824983342621947,0.010971699986839667,True,3
tune,2,11007,weak_derived,joint_zero_reuse,0.08036529680365297,0.08036529680365297,0.0,29,"[29, 48, 52, 31]",0.6476833694925599,0.3591666666666667,0.8272667028258932,0.0006161999772302806,False,0
tune,2,11007,weak_derived,kefrin_like_equal_scatter50,0.07323578631877282,0.06592167234546133,0.00625,32,"[32, 40, 39, 49]",0.6526141256835166,0.35,0.8276141256835166,0.053037799982121214,,
tune,2,11007,weak_derived,joint_0.1,0.08429611111760102,0.08559339235249114,0.00625,28,"[28, 53, 50, 29]",0.6469629681826993,0.3466666666666667,0.8202963015160326,0.010273199994117022,True,3
tune,2,11007,weak_derived,joint_0.25,0.09108488982040089,0.08696464652363323,0.01875,25,"[25, 56, 50, 29]",0.6496218271538627,0.335,0.8171218271538627,0.009495899983448908,True,3
tune,2,11007,weak_derived,joint_0.5,0.0951732049164867,0.08696464652363323,0.025,24,"[24, 56, 51, 29]",0.6501981007406907,0.3333333333333333,0.8168647674073574,0.007016599993221462,True,2
tune,2,11007,weak_derived,joint_1,0.0815253708736134,0.09560471128985924,0.05625,18,"[24, 60, 58, 18]",0.6568100976787807,0.3125,0.8130600976787807,0.025058100000023842,True,8
tune,2,11007,weak_derived,kefrine_0.25,0.06397756057973755,0.0711437193065499,0.00625,28,"[53, 39, 28, 40]",0.6476922816221166,0.36583333333333334,0.8306089482887833,0.2329318999836687,True,
tune,2,11007,weak_derived,kefrine_0.5,0.06352167837672945,0.06487190107094255,0.0125,26,"[47, 38, 49, 26]",0.648391446284333,0.3566666666666667,0.8267247796176663,0.2196467999892775,True,
tune,2,11007,weak_derived,kefrine_1,0.06159539088481896,0.059045980938468245,0.03125,22,"[52, 42, 22, 44]",0.6521260486643427,0.3466666666666667,0.825459381997676,0.20707110001239926,True,
tune,2,11007,weak_derived,kefrine_2,0.09173155620674851,0.0731412460080253,0.0625,28,"[41, 38, 53, 28]",0.6572276641059182,0.3441666666666667,0.8293109974392515,0.18290529999649152,True,
tune,2,11007,weak_derived,joint_alpha_0.5,0.0951732049164867,0.08696464652363323,0.025,24,"[24, 56, 51, 29]",0.6501981007406907,0.3333333333333333,0.8168647674073574,0.007016599993221462,True,2
tune,2,11007,weak_derived,kefrine_equations_equal_scatter50,0.06159539088481896,0.059045980938468245,0.03125,22,"[52, 42, 22, 44]",0.6521260486643427,0.3466666666666667,0.825459381997676,0.20707110001239926,True,
tune,2,11007,weak_noise,spectral_graph_diagnostic,0.0022892786778019735,0.06951334330223984,0.64375,35,"[37, 35, 41, 47]",0.9738048079522083,0.555,1.2513048079522082,0.005740599997807294,,
tune,2,11007,weak_noise,kmeans50,0.08036529680365297,0.08036529680365297,0.0,29,"[29, 48, 52, 31]",0.6476833694925599,0.71,1.0026833694925599,0.08019939999212511,,
tune,2,11007,weak_noise,feature_hartigan,0.08252390987830195,0.08252390987830195,0.0,27,"[27, 50, 49, 34]",0.6458166759552803,0.7175,1.0045666759552803,0.010971699986839667,True,3
tune,2,11007,weak_noise,joint_zero_reuse,0.08036529680365297,0.08036529680365297,0.0,29,"[29, 48, 52, 31]",0.6476833694925599,0.71,1.0026833694925599,0.0008185000042431056,False,0
tune,2,11007,weak_noise,kefrin_like_equal_scatter50,0.08435148269828094,0.09225774909553143,0.025,28,"[30, 47, 28, 55]",0.6485363797764447,0.71,1.0035363797764447,0.05162980000022799,,
tune,2,11007,weak_noise,joint_0.1,0.08470886923744884,0.08470886923744884,0.0,28,"[28, 50, 53, 29]",0.6476418615561967,0.7025,0.9988918615561968,0.0067300999944563955,True,2
tune,2,11007,weak_noise,joint_0.25,0.09872011074273346,0.08763307811767804,0.03125,25,"[26, 50, 59, 25]",0.650975578659756,0.6783333333333333,0.9901422453264226,0.014728799986187369,True,5
tune,2,11007,weak_noise,joint_0.5,0.06921507238892416,0.07849578071019991,0.10625,17,"[20, 49, 74, 17]",0.6849326799430292,0.585,0.9774326799430292,0.014828699990175664,True,5
tune,2,11007,weak_noise,joint_1,5.645138527667227e-05,-0.0006306128513454965,0.0875,1,"[1, 1, 157, 1]",0.9491743759923128,0.030833333333333334,0.9645910426589794,0.018014300003414974,True,6
tune,2,11007,weak_noise,kefrine_0.25,0.06513060475034058,0.06475147117524079,0.00625,28,"[51, 39, 28, 42]",0.6471175108828042,0.7333333333333333,1.013784177549471,0.19260499998927116,True,
tune,2,11007,weak_noise,kefrine_0.5,0.08897079826425164,0.08568381597622464,0.00625,27,"[41, 56, 27, 36]",0.6478797541046052,0.7108333333333333,1.0032964207712718,0.20452850000583567,True,
tune,2,11007,weak_noise,kefrine_1,0.07684832174628092,0.07650518635828221,0.01875,27,"[52, 44, 37, 27]",0.6503145006796046,0.7266666666666667,1.013647834012938,0.2047964000084903,True,
tune,2,11007,weak_noise,kefrine_2,0.08280367024213729,0.07694512839241466,0.03125,27,"[54, 45, 27, 34]",0.6540578779716785,0.7058333333333333,1.0069745446383451,0.25408330000936985,True,
tune,2,11007,weak_noise,joint_alpha_0.5,0.06921507238892416,0.07849578071019991,0.10625,17,"[20, 49, 74, 17]",0.6849326799430292,0.585,0.9774326799430292,0.014828699990175664,True,5
tune,2,11007,weak_noise,kefrine_equations_equal_scatter50,0.07684832174628092,0.07650518635828221,0.01875,27,"[52, 44, 37, 27]",0.6503145006796046,0.7266666666666667,1.013647834012938,0.2047964000084903,True,
tune,2,11007,weak_conflict,spectral_graph_diagnostic,-0.019230769230769232,0.075684398593741,0.66875,40,"[40, 40, 40, 40]",0.9904351315921448,0.26166666666666666,1.121268464925478,0.003873599984217435,,
tune,2,11007,weak_conflict,kmeans50,0.08036529680365297,0.08036529680365297,0.0,29,"[29, 48, 52, 31]",0.6476833694925599,0.7275,1.01143336949256,0.08019939999212511,,
tune,2,11007,weak_conflict,feature_hartigan,0.08252390987830195,0.08252390987830195,0.0,27,"[27, 50, 49, 34]",0.6458166759552803,0.7216666666666667,1.0066500092886135,0.010971699986839667,True,3
tune,2,11007,weak_conflict,joint_zero_reuse,0.08036529680365297,0.08036529680365297,0.0,29,"[29, 48, 52, 31]",0.6476833694925599,0.7275,1.01143336949256,0.0010356999991927296,False,0
tune,2,11007,weak_conflict,kefrin_like_equal_scatter50,0.04599791383755486,0.04501678759256848,0.00625,26,"[26, 49, 38, 47]",0.6524901938470423,0.7358333333333333,1.020406860513709,0.07699319999665022,,
tune,2,11007,weak_conflict,joint_0.1,0.08460492283987013,0.08460492283987013,0.0,27,"[27, 49, 49, 35]",0.6458212261587934,0.72,1.0058212261587935,0.017628900008276105,True,4
tune,2,11007,weak_conflict,joint_0.25,0.09063913309842392,0.08977944921063971,0.0125,27,"[27, 50, 52, 31]",0.6472751297011509,0.71,1.0022751297011507,0.01577890000771731,True,3
tune,2,11007,weak_conflict,joint_0.5,0.07891908144473259,0.08633944863073834,0.06875,19,"[27, 53, 61, 19]",0.6621897349175665,0.6575,0.9909397349175665,0.019098999997368082,True,5
tune,2,11007,weak_conflict,joint_1,5.645138527667227e-05,0.002132271621322716,0.06875,1,"[1, 1, 157, 1]",0.9444379314737408,0.03333333333333333,0.9611045981404075,0.018790100002661347,True,6
tune,2,11007,weak_conflict,kefrine_0.25,0.06357914484237244,0.06298088488734822,0.00625,26,"[50, 41, 26, 43]",0.6474205376894853,0.7291666666666666,1.0120038710228185,0.21474649998708628,True,
tune,2,11007,weak_conflict,kefrine_0.5,0.07495958177462561,0.06896714668808845,0.00625,26,"[52, 41, 26, 41]",0.647694451552576,0.7291666666666666,1.0122777848859092,0.23590089997742325,True,
tune,2,11007,weak_conflict,kefrine_1,0.050277922118821546,0.05192437462264263,0.01875,26,"[48, 26, 48, 38]",0.650876482967929,0.7433333333333333,1.0225431496345956,0.20817850000457838,True,
tune,2,11007,weak_conflict,kefrine_2,0.05863761997504286,0.05711552110168727,0.06875,21,"[53, 46, 21, 40]",0.6635911143825267,0.705,1.0160911143825266,0.20578489999752492,True,
tune,2,11007,weak_conflict,joint_alpha_0.5,0.07891908144473259,0.08633944863073834,0.06875,19,"[27, 53, 61, 19]",0.6621897349175665,0.6575,0.9909397349175665,0.019098999997368082,True,5
tune,2,11007,weak_conflict,kefrine_equations_equal_scatter50,0.050277922118821546,0.05192437462264263,0.01875,26,"[48, 26, 48, 38]",0.650876482967929,0.7433333333333333,1.0225431496345956,0.20817850000457838,True,
tune,2,11007,strong_derived,kmeans50,0.9354766367116792,0.9354766367116792,0.0,38,"[40, 38, 42, 40]",0.4424343288380358,0.05583333333333333,0.47035099550470244,0.026342400000430644,,
tune,2,11007,strong_derived,feature_hartigan,0.9354766367116792,0.9354766367116792,0.0,38,"[40, 38, 42, 40]",0.4424343288380358,0.05583333333333333,0.47035099550470244,0.0018131000106222928,True,1
tune,2,11007,strong_derived,joint_zero_reuse,0.9354766367116792,0.9354766367116792,0.0,38,"[40, 38, 42, 40]",0.4424343288380358,0.05583333333333333,0.47035099550470244,0.0006302999972831458,False,0
tune,2,11007,strong_derived,kefrin_like_equal_scatter50,0.9668893267336248,0.9668893267336248,0.0,38,"[42, 40, 38, 40]",0.4427237240507058,0.0475,0.4664737240507058,0.03776029997970909,,
tune,2,11007,strong_derived,joint_0.1,0.983226974646172,0.983226974646172,0.0,39,"[40, 39, 41, 40]",0.442604600350771,0.0475,0.466354600350771,0.00997109999298118,True,3
tune,2,11007,strong_derived,joint_0.25,0.983226974646172,0.983226974646172,0.0,39,"[40, 39, 41, 40]",0.442604600350771,0.0475,0.466354600350771,0.010521699994569644,True,3
tune,2,11007,strong_derived,joint_0.5,0.983226974646172,0.983226974646172,0.0,39,"[40, 39, 41, 40]",0.442604600350771,0.0475,0.466354600350771,0.009613100002752617,True,3
tune,2,11007,strong_derived,joint_1,0.983226974646172,0.983226974646172,0.0,39,"[40, 39, 41, 40]",0.442604600350771,0.0475,0.466354600350771,0.009176099993055686,True,3
tune,2,11007,strong_derived,kefrine_0.25,0.983226974646172,0.983226974646172,0.0,39,"[40, 39, 40, 41]",0.442604600350771,0.0475,0.466354600350771,0.12166289999731816,True,
tune,2,11007,strong_derived,kefrine_0.5,0.983226974646172,0.983226974646172,0.0,39,"[40, 39, 40, 41]",0.442604600350771,0.0475,0.466354600350771,0.12831570001435466,True,
tune,2,11007,strong_derived,kefrine_1,0.9668893267336248,0.9668893267336248,0.0,38,"[42, 40, 40, 38]",0.4427237240507058,0.0475,0.4664737240507058,0.12003969997749664,True,
tune,2,11007,strong_derived,kefrine_2,0.983226974646172,0.983226974646172,0.00625,39,"[41, 40, 40, 39]",0.44303812485831323,0.0475,0.4667881248583132,0.08476300002075732,True,
tune,2,11007,strong_derived,joint_alpha_0.5,0.983226974646172,0.983226974646172,0.0,39,"[40, 39, 41, 40]",0.442604600350771,0.0475,0.466354600350771,0.009613100002752617,True,3
tune,2,11007,strong_derived,kefrine_equations_equal_scatter50,0.9668893267336248,0.9668893267336248,0.0,38,"[42, 40, 40, 38]",0.4427237240507058,0.0475,0.4664737240507058,0.12003969997749664,True,
tune,1,11008,strong_noise,kmeans50,0.983226974646172,0.983226974646172,0.0,39,"[39, 41, 40, 40]",0.5178680427759809,0.7475,0.8916180427759809,0.029241299984278157,,
tune,1,11008,strong_noise,feature_hartigan,0.983226974646172,0.983226974646172,0.0,39,"[39, 41, 40, 40]",0.5178680427759809,0.7475,0.8916180427759809,0.001760800019837916,True,1
tune,1,11008,strong_noise,joint_zero_reuse,0.983226974646172,0.983226974646172,0.0,39,"[39, 41, 40, 40]",0.5178680427759809,0.7475,0.8916180427759809,0.0006333000201266259,False,0
tune,1,11008,strong_noise,kefrin_like_equal_scatter50,0.983226974646172,0.983226974646172,0.0,39,"[41, 40, 39, 40]",0.5178680427759809,0.7475,0.8916180427759809,0.06926190000376664,,
tune,1,11008,strong_noise,joint_0.1,0.983226974646172,0.983226974646172,0.0,39,"[39, 41, 40, 40]",0.5178680427759809,0.7475,0.8916180427759809,0.0036702000070363283,True,1
tune,1,11008,strong_noise,joint_0.25,1.0,1.0,0.0,40,"[40, 40, 40, 40]",0.5182694537357063,0.7458333333333333,0.891186120402373,0.010486499988473952,True,2
tune,1,11008,strong_noise,joint_0.5,1.0,1.0,0.0,40,"[40, 40, 40, 40]",0.5182694537357063,0.7458333333333333,0.891186120402373,0.013240900007076561,True,2
tune,1,11008,strong_noise,joint_1,1.0,1.0,0.0,40,"[40, 40, 40, 40]",0.5182694537357063,0.7458333333333333,0.891186120402373,0.013221300003351644,True,3
tune,1,11008,strong_noise,kefrine_0.25,0.983226974646172,0.983226974646172,0.0,39,"[41, 39, 40, 40]",0.5178680427759809,0.7475,0.8916180427759809,0.6370630000019446,True,
tune,1,11008,strong_noise,kefrine_0.5,0.983226974646172,0.983226974646172,0.0,39,"[40, 40, 39, 41]",0.5178680427759809,0.7475,0.8916180427759809,0.4202641000156291,True,
tune,1,11008,strong_noise,kefrine_1,0.983226974646172,0.983226974646172,0.0,39,"[40, 39, 41, 40]",0.5178680427759809,0.7475,0.8916180427759809,0.37789299999712966,True,
tune,1,11008,strong_noise,kefrine_2,0.983226974646172,0.983226974646172,0.0,39,"[40, 39, 40, 41]",0.5178680427759809,0.7475,0.8916180427759809,0.23563609999837354,True,
tune,1,11008,strong_noise,joint_alpha_0.5,1.0,1.0,0.0,40,"[40, 40, 40, 40]",0.5182694537357063,0.7458333333333333,0.891186120402373,0.013240900007076561,True,2
tune,1,11008,strong_noise,kefrine_equations_equal_scatter50,0.983226974646172,0.983226974646172,0.0,39,"[40, 39, 41, 40]",0.5178680427759809,0.7475,0.8916180427759809,0.37789299999712966,True,
tune,1,11008,weak_independent,spectral_graph_diagnostic,1.0,0.41527509333845547,0.26875,40,"[40, 40, 40, 40]",0.772373311911029,0.275,0.9098733119110289,0.003936499997507781,,
tune,1,11008,weak_independent,kmeans50,0.20850978966014805,0.20850978966014805,0.0,27,"[27, 42, 35, 56]",0.6452372723898046,0.6325,0.9614872723898045,0.03938290002406575,,
tune,1,11008,weak_independent,feature_hartigan,0.20850978966014805,0.20850978966014805,0.0,27,"[27, 42, 35, 56]",0.6452372723898046,0.6325,0.9614872723898045,0.0022354999964591116,True,1
tune,1,11008,weak_independent,joint_zero_reuse,0.20850978966014805,0.20850978966014805,0.0,27,"[27, 42, 35, 56]",0.6452372723898046,0.6325,0.9614872723898045,0.0008586999902036041,False,0
tune,1,11008,weak_independent,kefrin_like_equal_scatter50,0.4492762328067752,0.36494801612561,0.0625,38,"[38, 41, 39, 42]",0.6636789351355964,0.5258333333333334,0.9265956018022631,0.0653660999960266,,
tune,1,11008,weak_independent,joint_0.1,0.2120854511109813,0.2072901196309333,0.00625,26,"[26, 43, 34, 57]",0.6455404186734932,0.6266666666666667,0.9588737520068266,0.007842999999411404,True,2
tune,1,11008,weak_independent,joint_0.25,0.2764361900668469,0.2093960043184008,0.075,17,"[17, 38, 40, 65]",0.6616544200719217,0.5466666666666666,0.934987753405255,0.01633620000211522,True,5
tune,1,11008,weak_independent,joint_0.5,0.44014424742298114,0.2155493320008212,0.19375,12,"[12, 28, 53, 67]",0.706330152891408,0.42583333333333334,0.9192468195580746,0.02474719999008812,True,5
tune,1,11008,weak_independent,joint_1,0.6771987444654624,0.2537146497192717,0.28125,3,"[3, 39, 39, 79]",0.8024241953362492,0.26166666666666666,0.9332575286695826,0.017388500011293218,True,4
tune,1,11008,weak_independent,kefrine_0.25,0.21514250222384193,0.2103203084248136,0.00625,28,"[55, 43, 28, 34]",0.6458305561540364,0.63,0.9608305561540365,0.21224409999558702,True,
tune,1,11008,weak_independent,kefrine_0.5,0.3157418854095403,0.2915340547422024,0.01875,36,"[43, 41, 40, 36]",0.6532083915424817,0.5925,0.9494583915424817,0.22873400000389665,True,
tune,1,11008,weak_independent,kefrine_1,0.390219908101688,0.3379397487264381,0.0375,36,"[44, 39, 41, 36]",0.6581828187039802,0.5641666666666667,0.9402661520373136,0.22761409997474402,True,
tune,1,11008,weak_independent,kefrine_2,0.8100586621819128,0.437937619350732,0.19375,38,"[42, 38, 39, 41]",0.721964916191288,0.3591666666666667,0.9015482495246213,0.22841739997966215,True,
tune,1,11008,weak_independent,joint_alpha_0.5,0.44014424742298114,0.2155493320008212,0.19375,12,"[12, 28, 53, 67]",0.706330152891408,0.42583333333333334,0.9192468195580746,0.02474719999008812,True,5
tune,1,11008,weak_independent,kefrine_equations_equal_scatter50,0.390219908101688,0.3379397487264381,0.0375,36,"[44, 39, 41, 36]",0.6581828187039802,0.5641666666666667,0.9402661520373136,0.22761409997474402,True,
tune,1,11008,weak_derived,spectral_graph_diagnostic,0.290567713898126,0.28715080237765134,0.1375,38,"[39, 38, 44, 39]",0.6867499045168407,0.3375,0.8554999045168408,0.006836199987446889,,
tune,1,11008,weak_derived,kmeans50,0.20850978966014805,0.20850978966014805,0.0,27,"[27, 42, 35, 56]",0.6452372723898046,0.335,0.8127372723898045,0.03938290002406575,,
tune,1,11008,weak_derived,feature_hartigan,0.20850978966014805,0.20850978966014805,0.0,27,"[27, 42, 35, 56]",0.6452372723898046,0.335,0.8127372723898045,0.0022354999964591116,True,1
tune,1,11008,weak_derived,joint_zero_reuse,0.20850978966014805,0.20850978966014805,0.0,27,"[27, 42, 35, 56]",0.6452372723898046,0.335,0.8127372723898045,0.001044700009515509,False,0
tune,1,11008,weak_derived,kefrin_like_equal_scatter50,0.23480642182564687,0.22418606487788506,0.01875,32,"[36, 51, 41, 32]",0.6505619710579283,0.3233333333333333,0.812228637724595,0.050996200006920844,,
tune,1,11008,weak_derived,joint_0.1,0.20665745273958164,0.20850978966014805,0.00625,27,"[27, 41, 35, 57]",0.6455096398180007,0.33166666666666667,0.811342973151334,0.006343899993225932,True,2
tune,1,11008,weak_derived,joint_0.25,0.21187129022180567,0.21514250222384193,0.01875,28,"[28, 44, 32, 56]",0.6472439195805867,0.31916666666666665,0.80682725291392,0.006232899992028251,True,2
tune,1,11008,weak_derived,joint_0.5,0.204654242371132,0.20850312574620586,0.03125,29,"[29, 42, 31, 58]",0.6501292871299946,0.3125,0.8063792871299946,0.008984800020698458,True,3
tune,1,11008,weak_derived,joint_1,0.21541479437056638,0.21021634568875783,0.0625,23,"[23, 41, 31, 65]",0.660185180052085,0.29333333333333333,0.8068518467187518,0.018143299996154383,True,6
tune,1,11008,weak_derived,kefrine_0.25,0.20720635965943834,0.21584853614193467,0.0125,28,"[56, 28, 38, 38]",0.6467324021600338,0.3325,0.8129824021600338,0.21570629999041557,True,
tune,1,11008,weak_derived,kefrine_0.5,0.20858347921096843,0.20858347921096843,0.0125,28,"[56, 28, 41, 35]",0.6466521496866872,0.33166666666666667,0.8124854830200205,0.20984510000562295,True,
tune,1,11008,weak_derived,kefrine_1,0.23305088098233287,0.22743205466381203,0.03125,31,"[35, 43, 31, 51]",0.6503417100920702,0.32666666666666666,0.8136750434254035,0.2576640000042971,True,
tune,1,11008,weak_derived,kefrine_2,0.19963259734793504,0.20610768374560395,0.0375,26,"[52, 26, 41, 41]",0.6543074730094375,0.32916666666666666,0.8188908063427708,0.24647660000482574,True,
tune,1,11008,weak_derived,joint_alpha_0.5,0.204654242371132,0.20850312574620586,0.03125,29,"[29, 42, 31, 58]",0.6501292871299946,0.3125,0.8063792871299946,0.008984800020698458,True,3
tune,1,11008,weak_derived,kefrine_equations_equal_scatter50,0.23305088098233287,0.22743205466381203,0.03125,31,"[35, 43, 31, 51]",0.6503417100920702,0.32666666666666666,0.8136750434254035,0.2576640000042971,True,
tune,1,11008,weak_noise,spectral_graph_diagnostic,-0.004106629102152399,0.20029659620545173,0.69375,32,"[38, 32, 43, 47]",0.9910446462682058,0.59,1.2860446462682058,0.0053937999764457345,,
tune,1,11008,weak_noise,kmeans50,0.20850978966014805,0.20850978966014805,0.0,27,"[27, 42, 35, 56]",0.6452372723898046,0.73,1.0102372723898045,0.03938290002406575,,
tune,1,11008,weak_noise,feature_hartigan,0.20850978966014805,0.20850978966014805,0.0,27,"[27, 42, 35, 56]",0.6452372723898046,0.73,1.0102372723898045,0.0022354999964591116,True,1
tune,1,11008,weak_noise,joint_zero_reuse,0.20850978966014805,0.20850978966014805,0.0,27,"[27, 42, 35, 56]",0.6452372723898046,0.73,1.0102372723898045,0.0006403999868780375,False,0
tune,1,11008,weak_noise,kefrin_like_equal_scatter50,0.19304724916009436,0.18700948299805578,0.01875,29,"[43, 45, 43, 29]",0.650676541005149,0.7391666666666666,1.0202598743384823,0.05033629998797551,,
tune,1,11008,weak_noise,joint_0.1,0.20532277961326376,0.2072901196309333,0.00625,26,"[26, 41, 35, 58]",0.6455261904872123,0.7175,1.0042761904872122,0.006190999993123114,True,2
tune,1,11008,weak_noise,joint_0.25,0.2141982864137087,0.20548973835230036,0.03125,25,"[25, 43, 31, 61]",0.64942578912086,0.6925,0.9956757891208601,0.008784300007391721,True,3
tune,1,11008,weak_noise,joint_0.5,0.18878124271268365,0.17507977791304669,0.1125,9,"[9, 45, 29, 77]",0.6859097652688306,0.5808333333333333,0.9763264319354973,0.01747099999920465,True,6
tune,1,11008,weak_noise,joint_1,0.00026081762117502547,0.001846335581956139,0.075,2,"[4, 2, 2, 152]",0.8721315764374192,0.08666666666666667,0.9154649097707526,0.020391800004290417,True,7
tune,1,11008,weak_noise,kefrine_0.25,0.1658761026540638,0.1658761026540638,0.0,23,"[51, 56, 30, 23]",0.6480238789486577,0.7041666666666667,1.000107212281991,0.2213898999907542,True,
tune,1,11008,weak_noise,kefrine_0.5,0.1720180053647698,0.17075408933446512,0.00625,20,"[53, 54, 20, 33]",0.6467081542389137,0.7008333333333333,0.9971248209055803,0.21138619998237118,True,
tune,1,11008,weak_noise,kefrine_1,0.18201591657734695,0.1900889934170872,0.0125,30,"[55, 30, 33, 42]",0.6499426635369178,0.7225,1.0111926635369177,0.23402979999082163,True,
tune,1,11008,weak_noise,kefrine_2,0.17374690180945612,0.17821984767534388,0.0375,15,"[64, 39, 42, 15]",0.6565735111084388,0.68,0.9965735111084388,0.17314769999939017,True,
tune,1,11008,weak_noise,joint_alpha_0.5,0.18878124271268365,0.17507977791304669,0.1125,9,"[9, 45, 29, 77]",0.6859097652688306,0.5808333333333333,0.9763264319354973,0.01747099999920465,True,6
tune,1,11008,weak_noise,kefrine_equations_equal_scatter50,0.18201591657734695,0.1900889934170872,0.0125,30,"[55, 30, 33, 42]",0.6499426635369178,0.7225,1.0111926635369177,0.23402979999082163,True,
tune,1,11008,weak_conflict,spectral_graph_diagnostic,-0.018908211050887924,0.04630406468985466,0.5875,39,"[39, 40, 40, 41]",0.9800382229986048,0.25333333333333335,1.1067048896652714,0.003726099996129051,,
tune,1,11008,weak_conflict,kmeans50,0.20850978966014805,0.20850978966014805,0.0,27,"[27, 42, 35, 56]",0.6452372723898046,0.7375,1.0139872723898047,0.03938290002406575,,
tune,1,11008,weak_conflict,feature_hartigan,0.20850978966014805,0.20850978966014805,0.0,27,"[27, 42, 35, 56]",0.6452372723898046,0.7375,1.0139872723898047,0.0022354999964591116,True,1
tune,1,11008,weak_conflict,joint_zero_reuse,0.20850978966014805,0.20850978966014805,0.0,27,"[27, 42, 35, 56]",0.6452372723898046,0.7375,1.0139872723898047,0.0006086000066716224,False,0
tune,1,11008,weak_conflict,kefrin_like_equal_scatter50,0.1515067934619674,0.13470859699891533,0.01875,36,"[40, 45, 36, 39]",0.652420250299315,0.75,1.027420250299315,0.05209920002380386,,
tune,1,11008,weak_conflict,joint_0.1,0.2072901196309333,0.2072901196309333,0.0,26,"[26, 42, 35, 57]",0.6452749799635353,0.7333333333333333,1.011941646630202,0.006398400000762194,True,2
tune,1,11008,weak_conflict,joint_0.25,0.20753356241780535,0.2072901196309333,0.03125,23,"[23, 42, 35, 60]",0.6501467604823813,0.7083333333333334,1.004313427149048,0.009003199986182153,True,3
tune,1,11008,weak_conflict,joint_0.5,0.0016237150160725844,0.014432417429919511,0.1125,3,"[6, 4, 3, 147]",0.831455250128468,0.15083333333333335,0.9068719167951347,0.0457268999889493,True,16
tune,1,11008,weak_conflict,joint_1,6.099829814748169e-05,0.00015660991732301447,0.05,1,"[1, 1, 2, 156]",0.9177293628491222,0.041666666666666664,0.9385626961824556,0.023941600025864318,True,8
tune,1,11008,weak_conflict,kefrine_0.25,0.20858347921096843,0.2103203084248136,0.00625,28,"[56, 35, 28, 41]",0.6457084672037454,0.7375,1.0144584672037453,0.23610239999834448,True,
tune,1,11008,weak_conflict,kefrine_0.5,0.1720180053647698,0.17075408933446512,0.00625,20,"[53, 54, 20, 33]",0.6467081542389137,0.7391666666666666,1.016291487572247,0.22929669998120517,True,
tune,1,11008,weak_conflict,kefrine_1,0.1582312263513113,0.15157169172262167,0.025,29,"[50, 44, 37, 29]",0.6503299068400022,0.7391666666666666,1.0199132401733355,0.2135728999855928,True,
tune,1,11008,weak_conflict,kefrine_2,0.17787265139714226,0.20098428569203694,0.0625,26,"[63, 37, 26, 34]",0.6551331715299585,0.7225,1.0163831715299585,0.1976470999943558,True,
tune,1,11008,weak_conflict,joint_alpha_0.5,0.0016237150160725844,0.014432417429919511,0.1125,3,"[6, 4, 3, 147]",0.831455250128468,0.15083333333333335,0.9068719167951347,0.0457268999889493,True,16
tune,1,11008,weak_conflict,kefrine_equations_equal_scatter50,0.1582312263513113,0.15157169172262167,0.025,29,"[50, 44, 37, 29]",0.6503299068400022,0.7391666666666666,1.0199132401733355,0.2135728999855928,True,
tune,1,11008,strong_derived,kmeans50,0.983226974646172,0.983226974646172,0.0,39,"[39, 41, 40, 40]",0.5178680427759809,0.0825,0.5591180427759809,0.029241299984278157,,
tune,1,11008,strong_derived,feature_hartigan,0.983226974646172,0.983226974646172,0.0,39,"[39, 41, 40, 40]",0.5178680427759809,0.0825,0.5591180427759809,0.001760800019837916,True,1
tune,1,11008,strong_derived,joint_zero_reuse,0.983226974646172,0.983226974646172,0.0,39,"[39, 41, 40, 40]",0.5178680427759809,0.0825,0.5591180427759809,0.0005955000233370811,False,0
tune,1,11008,strong_derived,kefrin_like_equal_scatter50,1.0,1.0,0.0,40,"[40, 40, 40, 40]",0.5182694537357063,0.08083333333333333,0.558686120402373,0.04233409999869764,,
tune,1,11008,strong_derived,joint_0.1,0.983226974646172,0.983226974646172,0.0,39,"[39, 41, 40, 40]",0.5178680427759809,0.0825,0.5591180427759809,0.003536000003805384,True,1
tune,1,11008,strong_derived,joint_0.25,1.0,1.0,0.0,40,"[40, 40, 40, 40]",0.5182694537357063,0.08083333333333333,0.558686120402373,0.006080699997255579,True,2
tune,1,11008,strong_derived,joint_0.5,1.0,1.0,0.0,40,"[40, 40, 40, 40]",0.5182694537357063,0.08083333333333333,0.558686120402373,0.006190699990838766,True,2
tune,1,11008,strong_derived,joint_1,1.0,1.0,0.0,40,"[40, 40, 40, 40]",0.5182694537357063,0.08083333333333333,0.558686120402373,0.006141699996078387,True,2
tune,1,11008,strong_derived,kefrine_0.25,0.983226974646172,0.983226974646172,0.0,39,"[41, 39, 40, 40]",0.5178680427759809,0.0825,0.5591180427759809,0.21984320000046864,True,
tune,1,11008,strong_derived,kefrine_0.5,0.983226974646172,0.983226974646172,0.0,39,"[41, 39, 40, 40]",0.5178680427759809,0.0825,0.5591180427759809,0.1941536000231281,True,
tune,1,11008,strong_derived,kefrine_1,1.0,1.0,0.0,40,"[40, 40, 40, 40]",0.5182694537357063,0.08083333333333333,0.558686120402373,0.19517419999465346,True,
tune,1,11008,strong_derived,kefrine_2,1.0,1.0,0.0,40,"[40, 40, 40, 40]",0.5182694537357063,0.08083333333333333,0.558686120402373,0.12522449999232776,True,
tune,1,11008,strong_derived,joint_alpha_0.5,1.0,1.0,0.0,40,"[40, 40, 40, 40]",0.5182694537357063,0.08083333333333333,0.558686120402373,0.006190699990838766,True,2
tune,1,11008,strong_derived,kefrine_equations_equal_scatter50,1.0,1.0,0.0,40,"[40, 40, 40, 40]",0.5182694537357063,0.08083333333333333,0.558686120402373,0.19517419999465346,True,
tune,2,11008,strong_noise,kmeans50,0.9509548245983007,0.9509548245983007,0.0,39,"[41, 40, 40, 39]",0.4045529195888942,0.7516666666666667,0.7803862529222276,0.028143500006990507,,
tune,2,11008,strong_noise,feature_hartigan,0.9509548245983007,0.9509548245983007,0.0,39,"[41, 40, 40, 39]",0.4045529195888942,0.7516666666666667,0.7803862529222276,0.0016821000026538968,True,1
tune,2,11008,strong_noise,joint_zero_reuse,0.9509548245983007,0.9509548245983007,0.0,39,"[41, 40, 40, 39]",0.4045529195888942,0.7516666666666667,0.7803862529222276,0.0007285999890882522,False,0
tune,2,11008,strong_noise,kefrin_like_equal_scatter50,0.9509548245983007,0.9509548245983007,0.0,39,"[41, 39, 40, 40]",0.4045529195888942,0.7516666666666667,0.7803862529222276,0.04076350000104867,,
tune,2,11008,strong_noise,joint_0.1,0.9509548245983007,0.9509548245983007,0.0,39,"[41, 40, 40, 39]",0.4045529195888942,0.7516666666666667,0.7803862529222276,0.0034625999978743494,True,1
tune,2,11008,strong_noise,joint_0.25,0.966875,0.9509548245983007,0.00625,40,"[40, 40, 40, 40]",0.40511140888027103,0.7491666666666666,0.7796947422136044,0.006014600017806515,True,2
tune,2,11008,strong_noise,joint_0.5,0.966875,0.9509548245983007,0.00625,40,"[40, 40, 40, 40]",0.40511140888027103,0.7491666666666666,0.7796947422136044,0.006264899973757565,True,2
tune,2,11008,strong_noise,joint_1,0.9339837632819478,0.9509548245983007,0.01875,39,"[39, 40, 39, 42]",0.41157919852010566,0.7408333333333333,0.7819958651867723,0.0060464999987743795,True,2
tune,2,11008,strong_noise,kefrine_0.25,0.9509548245983007,0.9509548245983007,0.0,39,"[40, 40, 41, 39]",0.4045529195888942,0.7516666666666667,0.7803862529222276,0.1452663000090979,True,
tune,2,11008,strong_noise,kefrine_0.5,0.9509548245983007,0.9509548245983007,0.0,39,"[40, 39, 41, 40]",0.4045529195888942,0.7516666666666667,0.7803862529222276,0.15709409999544732,True,
tune,2,11008,strong_noise,kefrine_1,0.9509548245983007,0.9509548245983007,0.0,39,"[40, 40, 41, 39]",0.4045529195888942,0.7516666666666667,0.7803862529222276,0.1534012000192888,True,
tune,2,11008,strong_noise,kefrine_2,0.9348328467124051,0.9348328467124051,0.0,38,"[41, 41, 38, 40]",0.40479310425826104,0.7525,0.7810431042582611,0.12599530001170933,True,
tune,2,11008,strong_noise,joint_alpha_0.5,0.966875,0.9509548245983007,0.00625,40,"[40, 40, 40, 40]",0.40511140888027103,0.7491666666666666,0.7796947422136044,0.006264899973757565,True,2
tune,2,11008,strong_noise,kefrine_equations_equal_scatter50,0.9509548245983007,0.9509548245983007,0.0,39,"[40, 40, 41, 39]",0.4045529195888942,0.7516666666666667,0.7803862529222276,0.1534012000192888,True,
tune,2,11008,weak_independent,spectral_graph_diagnostic,1.0,0.3244573712431491,0.325,40,"[40, 40, 40, 40]",0.8093391079905653,0.2608333333333333,0.9397557746572319,0.0038989000022411346,,
tune,2,11008,weak_independent,kmeans50,0.12987929919757568,0.12987929919757568,0.0,33,"[40, 33, 51, 36]",0.6241466333845501,0.67,0.9591466333845502,0.03501490000053309,,
tune,2,11008,weak_independent,feature_hartigan,0.1222871271095734,0.1222871271095734,0.0,31,"[40, 31, 53, 36]",0.6235536470818054,0.6733333333333333,0.960220313748472,0.005072400002973154,True,3
tune,2,11008,weak_independent,joint_zero_reuse,0.12987929919757568,0.12987929919757568,0.0,33,"[40, 33, 51, 36]",0.6241466333845501,0.67,0.9591466333845502,0.0006717999931424856,False,0
tune,2,11008,weak_independent,kefrin_like_equal_scatter50,0.2978691488437823,0.2488452359820918,0.0375,29,"[35, 47, 49, 29]",0.647999112262941,0.5833333333333334,0.9396657789296077,0.04901469999458641,,
tune,2,11008,weak_independent,joint_0.1,0.14580186266696799,0.12987929919757568,0.0125,32,"[40, 32, 51, 37]",0.6252943390389488,0.6541666666666667,0.9523776723722821,0.006898499996168539,True,2
tune,2,11008,weak_independent,joint_0.25,0.16439742555782216,0.13655592956914428,0.025,30,"[40, 30, 52, 38]",0.6277147091570016,0.6383333333333333,0.9468813758236683,0.012103400018531829,True,4
tune,2,11008,weak_independent,joint_0.5,0.4534907856306246,0.15953256098884908,0.23125,16,"[16, 36, 38, 70]",0.7026653994583818,0.4141666666666667,0.9097487327917151,0.026285900006769225,True,9
tune,2,11008,weak_independent,joint_1,0.5476978757531514,0.15847560526183077,0.33125,5,"[5, 39, 33, 83]",0.7891446551774755,0.2758333333333333,0.9270613218441421,0.020598100003553554,True,7
tune,2,11008,weak_independent,kefrine_0.25,0.1478803396514187,0.1478803396514187,0.0,31,"[38, 31, 38, 53]",0.6263811213502372,0.6483333333333333,0.9505477880169038,0.22348039998905733,True,
tune,2,11008,weak_independent,kefrine_0.5,0.17481379951396847,0.16325370412042683,0.0125,28,"[41, 28, 38, 53]",0.6316425632775942,0.6391666666666667,0.9512258966109275,0.21700910001527518,True,
tune,2,11008,weak_independent,kefrine_1,0.28304157898093235,0.23739946007625726,0.03125,32,"[44, 44, 32, 40]",0.6422004787911879,0.5958333333333333,0.9401171454578545,0.20670030001201667,True,
tune,2,11008,weak_independent,kefrine_2,0.7366159312430979,0.31777820365401815,0.2375,38,"[44, 40, 38, 38]",0.726606609053951,0.34833333333333333,0.9007732757206177,0.215660999994725,True,
tune,2,11008,weak_independent,joint_alpha_0.5,0.4534907856306246,0.15953256098884908,0.23125,16,"[16, 36, 38, 70]",0.7026653994583818,0.4141666666666667,0.9097487327917151,0.026285900006769225,True,9
tune,2,11008,weak_independent,kefrine_equations_equal_scatter50,0.28304157898093235,0.23739946007625726,0.03125,32,"[44, 44, 32, 40]",0.6422004787911879,0.5958333333333333,0.9401171454578545,0.20670030001201667,True,
tune,2,11008,weak_derived,spectral_graph_diagnostic,0.12646089301768054,0.11799021076815502,0.10625,34,"[34, 41, 42, 43]",0.6545966233441126,0.36083333333333334,0.8350132900107793,0.004573499987600371,,
tune,2,11008,weak_derived,kmeans50,0.12987929919757568,0.12987929919757568,0.0,33,"[40, 33, 51, 36]",0.6241466333845501,0.345,0.7966466333845501,0.03501490000053309,,
tune,2,11008,weak_derived,feature_hartigan,0.1222871271095734,0.1222871271095734,0.0,31,"[40, 31, 53, 36]",0.6235536470818054,0.3416666666666667,0.7943869804151387,0.005072400002973154,True,3
tune,2,11008,weak_derived,joint_zero_reuse,0.12987929919757568,0.12987929919757568,0.0,33,"[40, 33, 51, 36]",0.6241466333845501,0.345,0.7966466333845501,0.0007708999910391867,False,0
tune,2,11008,weak_derived,kefrin_like_equal_scatter50,0.14023078971741576,0.13231364233782425,0.01875,34,"[49, 35, 34, 42]",0.6295426037348529,0.3425,0.800792603734853,0.06590719998348504,,
tune,2,11008,weak_derived,joint_0.1,0.1222871271095734,0.1222871271095734,0.0,31,"[40, 31, 53, 36]",0.6235536470818054,0.3416666666666667,0.7943869804151387,0.015215299994451925,True,3
tune,2,11008,weak_derived,joint_0.25,0.11990627546862266,0.11712606180952831,0.0125,28,"[40, 28, 56, 36]",0.6249185597422203,0.3325,0.7911685597422203,0.06224349999683909,True,4
tune,2,11008,weak_derived,joint_0.5,0.11990627546862266,0.11712606180952831,0.0125,28,"[40, 28, 56, 36]",0.6249185597422203,0.3325,0.7911685597422203,0.024163199996110052,True,3
tune,2,11008,weak_derived,joint_1,0.11323076923076923,0.11640672512898986,0.0375,27,"[34, 27, 61, 38]",0.6334909236456051,0.32083333333333336,0.7939075903122718,0.018524799990700558,True,5
tune,2,11008,weak_derived,kefrine_0.25,0.13268558319342408,0.13268558319342408,0.0,34,"[39, 34, 36, 51]",0.6249206994653047,0.355,0.8024206994653047,0.3438103000225965,True,
tune,2,11008,weak_derived,kefrine_0.5,0.1478803396514187,0.1478803396514187,0.0,31,"[38, 53, 38, 31]",0.6263811213502372,0.3516666666666667,0.8022144546835706,0.27235330000985414,True,
tune,2,11008,weak_derived,kefrine_1,0.12581945647830542,0.1222871271095734,0.0125,31,"[40, 52, 37, 31]",0.623891494748056,0.345,0.796391494748056,0.2393259999807924,True,
tune,2,11008,weak_derived,kefrine_2,0.14335674029363654,0.1339540186205586,0.025,32,"[42, 35, 51, 32]",0.6265291554695022,0.35,0.8015291554695021,0.24053149999235757,True,
tune,2,11008,weak_derived,joint_alpha_0.5,0.11990627546862266,0.11712606180952831,0.0125,28,"[40, 28, 56, 36]",0.6249185597422203,0.3325,0.7911685597422203,0.024163199996110052,True,3
tune,2,11008,weak_derived,kefrine_equations_equal_scatter50,0.12581945647830542,0.1222871271095734,0.0125,31,"[40, 52, 37, 31]",0.623891494748056,0.345,0.796391494748056,0.2393259999807924,True,
tune,2,11008,weak_noise,spectral_graph_diagnostic,-0.007500323289796974,0.14969866165035167,0.7,29,"[29, 41, 34, 56]",0.9773774999879163,0.56,1.2573774999879164,0.00711609999416396,,
tune,2,11008,weak_noise,kmeans50,0.12987929919757568,0.12987929919757568,0.0,33,"[40, 33, 51, 36]",0.6241466333845501,0.7316666666666667,0.9899799667178835,0.03501490000053309,,
tune,2,11008,weak_noise,feature_hartigan,0.1222871271095734,0.1222871271095734,0.0,31,"[40, 31, 53, 36]",0.6235536470818054,0.73,0.9885536470818054,0.005072400002973154,True,3
tune,2,11008,weak_noise,joint_zero_reuse,0.12987929919757568,0.12987929919757568,0.0,33,"[40, 33, 51, 36]",0.6241466333845501,0.7316666666666667,0.9899799667178835,0.0006342999986372888,False,0
tune,2,11008,weak_noise,kefrin_like_equal_scatter50,0.11606585285331869,0.1166350652499692,0.0125,30,"[30, 43, 44, 43]",0.631888823036831,0.74,1.001888823036831,0.05373349998262711,,
tune,2,11008,weak_noise,joint_0.1,0.11712606180952831,0.1222871271095734,0.00625,30,"[40, 30, 54, 36]",0.6239443880931798,0.7258333333333333,0.9868610547598464,0.01071060000685975,True,3
tune,2,11008,weak_noise,joint_0.25,0.12332969622214843,0.13001317460505857,0.0125,30,"[40, 30, 52, 38]",0.6247599201579317,0.7208333333333333,0.9851765868245983,0.007271000009495765,True,2
tune,2,11008,weak_noise,joint_0.5,0.12433527175393508,0.12322211306670454,0.0375,30,"[39, 30, 53, 38]",0.6294695688097874,0.7075,0.9832195688097874,0.015515800012508407,True,4
tune,2,11008,weak_noise,joint_1,6.099829814748169e-05,0.013225525710927796,0.15,1,"[2, 1, 156, 1]",0.9434608399108801,0.030833333333333334,0.9588775065775468,0.02253519999794662,True,6
tune,2,11008,weak_noise,kefrine_0.25,0.1403000205927545,0.1403000205927545,0.0,32,"[38, 52, 38, 32]",0.6260914676142796,0.7283333333333334,0.9902581342809462,0.23603440000442788,True,
tune,2,11008,weak_noise,kefrine_0.5,0.13898916967509026,0.13766368499621848,0.00625,32,"[40, 32, 52, 36]",0.626669532477797,0.7266666666666667,0.9900028658111304,0.2524808000016492,True,
tune,2,11008,weak_noise,kefrine_1,0.1373455872736568,0.13766368499621848,0.0125,32,"[41, 32, 51, 36]",0.6269684268369634,0.7233333333333334,0.9886350935036301,0.24526600001263432,True,
tune,2,11008,weak_noise,kefrine_2,0.13009397600796846,0.14085120192497963,0.05,31,"[50, 31, 48, 31]",0.6349702700462696,0.7233333333333334,0.9966369367129363,0.18157200000132434,True,
tune,2,11008,weak_noise,joint_alpha_0.5,0.12433527175393508,0.12322211306670454,0.0375,30,"[39, 30, 53, 38]",0.6294695688097874,0.7075,0.9832195688097874,0.015515800012508407,True,4
tune,2,11008,weak_noise,kefrine_equations_equal_scatter50,0.1373455872736568,0.13766368499621848,0.0125,32,"[41, 32, 51, 36]",0.6269684268369634,0.7233333333333334,0.9886350935036301,0.24526600001263432,True,
tune,2,11008,weak_conflict,spectral_graph_diagnostic,-0.019230769230769232,0.10247937785435278,0.63125,40,"[40, 40, 40, 40]",0.9809253503560065,0.26416666666666666,1.1130086836893398,0.0035982999834232032,,
tune,2,11008,weak_conflict,kmeans50,0.12987929919757568,0.12987929919757568,0.0,33,"[40, 33, 51, 36]",0.6241466333845501,0.7575,1.0028966333845502,0.03501490000053309,,
tune,2,11008,weak_conflict,feature_hartigan,0.1222871271095734,0.1222871271095734,0.0,31,"[40, 31, 53, 36]",0.6235536470818054,0.7566666666666667,1.0018869804151387,0.005072400002973154,True,3
tune,2,11008,weak_conflict,joint_zero_reuse,0.12987929919757568,0.12987929919757568,0.0,33,"[40, 33, 51, 36]",0.6241466333845501,0.7575,1.0028966333845502,0.0008273000130429864,False,0
tune,2,11008,weak_conflict,kefrin_like_equal_scatter50,0.12218835130337141,0.12326674639731916,0.0125,32,"[32, 53, 38, 37]",0.6320471322324719,0.7441666666666666,1.0041304655658052,0.05184830000507645,,
tune,2,11008,weak_conflict,joint_0.1,0.12226676023614398,0.12226676023614398,0.0,32,"[40, 32, 51, 37]",0.6243586686343928,0.75,0.9993586686343928,0.006563299975823611,True,2
tune,2,11008,weak_conflict,joint_0.25,0.12819034847290678,0.11489897494799746,0.01875,29,"[40, 29, 56, 35]",0.6275093692654027,0.7291666666666666,0.992092702598736,0.013039000012213364,True,4
tune,2,11008,weak_conflict,joint_0.5,0.04325204723340723,0.0749720574327229,0.13125,11,"[24, 11, 107, 18]",0.7158933283679765,0.4875,0.9596433283679765,0.05616899998858571,True,17
tune,2,11008,weak_conflict,joint_1,5.645138527667227e-05,0.006202644309477364,0.1,1,"[1, 1, 157, 1]",0.9442108108498274,0.03333333333333333,0.9608774775164941,0.016858699993463233,True,5
tune,2,11008,weak_conflict,kefrine_0.25,0.12314144859794698,0.12314144859794698,0.0,32,"[55, 40, 32, 33]",0.6256506825192335,0.7516666666666667,1.0014840158525669,0.3025781000033021,True,
tune,2,11008,weak_conflict,kefrine_0.5,0.12828878422253595,0.12828878422253595,0.0,31,"[41, 36, 52, 31]",0.623676292919329,0.7575,1.002426292919329,0.23451969999587163,True,
tune,2,11008,weak_conflict,kefrine_1,0.13318296036880947,0.11764379368723213,0.03125,29,"[48, 29, 37, 46]",0.6309800817152301,0.7425,1.00223008171523,0.22282070000073873,True,
tune,2,11008,weak_conflict,kefrine_2,0.13083310714861712,0.12673159661481725,0.05625,31,"[55, 31, 34, 40]",0.6329091604134155,0.74,1.0029091604134155,0.19938340000226162,True,
tune,2,11008,weak_conflict,joint_alpha_0.5,0.04325204723340723,0.0749720574327229,0.13125,11,"[24, 11, 107, 18]",0.7158933283679765,0.4875,0.9596433283679765,0.05616899998858571,True,17
tune,2,11008,weak_conflict,kefrine_equations_equal_scatter50,0.13318296036880947,0.11764379368723213,0.03125,29,"[48, 29, 37, 46]",0.6309800817152301,0.7425,1.00223008171523,0.22282070000073873,True,
tune,2,11008,strong_derived,kmeans50,0.9509548245983007,0.9509548245983007,0.0,39,"[41, 40, 40, 39]",0.4045529195888942,0.05333333333333334,0.4312195862555609,0.028143500006990507,,
tune,2,11008,strong_derived,feature_hartigan,0.9509548245983007,0.9509548245983007,0.0,39,"[41, 40, 40, 39]",0.4045529195888942,0.05333333333333334,0.4312195862555609,0.0016821000026538968,True,1
tune,2,11008,strong_derived,joint_zero_reuse,0.9509548245983007,0.9509548245983007,0.0,39,"[41, 40, 40, 39]",0.4045529195888942,0.05333333333333334,0.4312195862555609,0.0007057000184431672,False,0
tune,2,11008,strong_derived,kefrin_like_equal_scatter50,0.983226974646172,0.9509548245983007,0.0125,39,"[39, 40, 41, 40]",0.4053497280260643,0.043333333333333335,0.42701639469273095,0.04418629998690449,,
tune,2,11008,strong_derived,joint_0.1,0.966875,0.9509548245983007,0.00625,40,"[40, 40, 40, 40]",0.4049278427329292,0.0475,0.4286778427329292,0.007856499985791743,True,2
tune,2,11008,strong_derived,joint_0.25,0.983226974646172,0.9509548245983007,0.0125,39,"[39, 40, 40, 41]",0.4053497280260643,0.043333333333333335,0.42701639469273095,0.00779920001514256,True,2
tune,2,11008,strong_derived,joint_0.5,0.983226974646172,0.9509548245983007,0.0125,39,"[39, 40, 40, 41]",0.4053497280260643,0.043333333333333335,0.42701639469273095,0.007094200002029538,True,2
tune,2,11008,strong_derived,joint_1,0.983226974646172,0.9509548245983007,0.0125,39,"[39, 40, 40, 41]",0.4053497280260643,0.043333333333333335,0.42701639469273095,0.00837979998323135,True,2
tune,2,11008,strong_derived,kefrine_0.25,0.966875,0.9509548245983007,0.00625,40,"[40, 40, 40, 40]",0.4049278427329292,0.0475,0.4286778427329292,0.151901099976385,True,
tune,2,11008,strong_derived,kefrine_0.5,0.983226974646172,0.9509548245983007,0.0125,39,"[40, 39, 41, 40]",0.4053497280260643,0.043333333333333335,0.42701639469273095,0.12678130000131205,True,
tune,2,11008,strong_derived,kefrine_1,0.983226974646172,0.9509548245983007,0.0125,39,"[40, 39, 41, 40]",0.4053497280260643,0.043333333333333335,0.42701639469273095,0.11285780000616796,True,
tune,2,11008,strong_derived,kefrine_2,0.983226974646172,0.9509548245983007,0.0125,39,"[40, 41, 40, 39]",0.4053497280260643,0.043333333333333335,0.42701639469273095,0.08190619997913018,True,
tune,2,11008,strong_derived,joint_alpha_0.5,0.983226974646172,0.9509548245983007,0.0125,39,"[39, 40, 40, 41]",0.4053497280260643,0.043333333333333335,0.42701639469273095,0.007094200002029538,True,2
tune,2,11008,strong_derived,kefrine_equations_equal_scatter50,0.983226974646172,0.9509548245983007,0.0125,39,"[40, 39, 41, 40]",0.4053497280260643,0.043333333333333335,0.42701639469273095,0.11285780000616796,True,
