entity_id,territory_id,cluster,region_code,region_name,oktmo,municipal_district_type,municipal_district_status,year_from,year_to,intracity_moscow_petersburg,administrative_center,expense_2023,log_expense_2023,market_access
tid_1,1,2,1,Республика Адыгея,79-701-000-000,городской округ,административный_центр_субъекта,2018,9999,False,True,24925.5,10.123646654809377,309.6
tid_10,10,2,4,Республика Алтай,84-701-000-000,городской округ,административный_центр_субъекта,2018,9999,False,True,27882.5,10.235754530868691,213.5
tid_1001,1001,0,33,Владимирская область,17-646-000-000,муниципальный район,,2018,9999,False,False,29768.0,10.301189270026459,433.1
tid_1002,1002,1,33,Владимирская область,17-648-000-000,муниципальный район,,2018,9999,False,False,20182.5,9.912571171269171,385.4
tid_1003,1003,1,33,Владимирская область,17-650-000-000,муниципальный район,,2018,9999,False,False,23144.0,10.04949084665597,416.3
tid_1004,1004,1,33,Владимирская область,17-652-000-000,муниципальный район,,2018,9999,False,False,22280.0,10.01144469404122,401.2
tid_1005,1005,1,33,Владимирская область,17-654-000-000,муниципальный район,,2018,9999,False,False,26392.5,10.18083515786385,399.1
tid_1006,1006,1,33,Владимирская область,17-656-000-000,муниципальный район,,2018,9999,False,False,23233.0,10.053328960775287,408.7
tid_1007,1007,2,34,Волгоградская область,18-701-000-000,городской округ,административный_центр_субъекта,2018,9999,False,True,29003.5,10.275171791341373,325.6
tid_1008,1008,0,34,Волгоградская область,18-710-000-000,городской округ,,2018,9999,False,False,27137.5,10.208671814186546,332.9
tid_1009,1009,0,34,Волгоградская область,18-715-000-000,городской округ,,2018,9999,False,False,26318.0,10.178008394710085,350.9
tid_1010,1010,0,34,Волгоградская область,18-720-000-000,городской округ,,2018,9999,False,False,23237.0,10.053501114853614,336.7
tid_1011,1011,0,34,Волгоградская область,18-725-000-000,городской округ,,2018,9999,False,False,22005.5,9.99904770109566,363.9
tid_1012,1012,1,34,Волгоградская область,18-728-000-000,городской округ,,2018,9999,False,False,21620.5,9.981397217660286,339.8
tid_1013,1013,1,34,Волгоградская область,18-602-000-000,муниципальный район,,2018,9999,False,False,19415.5,9.873826995117701,337.0
tid_1014,1014,1,34,Волгоградская область,18-604-000-000,муниципальный район,,2018,9999,False,False,17973.0,9.796625910752034,312.2
tid_1015,1015,1,34,Волгоградская область,18-605-000-000,муниципальный район,,2018,9999,False,False,19622.5,9.884432146000968,345.2
tid_1016,1016,1,34,Волгоградская область,18-606-000-000,муниципальный район,,2018,9999,False,False,19731.0,9.889946281969461,330.6
tid_1017,1017,1,34,Волгоградская область,18-608-000-000,муниципальный район,,2018,9999,False,False,19137.5,9.859405039965939,331.8
tid_1018,1018,0,34,Волгоградская область,18-610-000-000,муниципальный район,,2018,9999,False,False,20237.0,9.91526789107166,337.2
tid_1019,1019,1,34,Волгоградская область,18-612-000-000,муниципальный район,,2018,9999,False,False,21733.5,9.986610127928886,333.4
tid_1020,1020,0,34,Волгоградская область,18-614-000-000,муниципальный район,,2018,9999,False,False,20013.5,9.904162324826093,332.5
tid_1021,1021,0,34,Волгоградская область,18-616-000-000,муниципальный район,,2018,9999,False,False,22057.5,10.00140795909626,325.9
tid_1023,1023,1,34,Волгоградская область,18-620-000-000,муниципальный район,,2018,9999,False,False,19441.5,9.87516523553154,337.9
tid_1024,1024,1,34,Волгоградская область,18-622-000-000,муниципальный район,,2018,9999,False,False,18933.0,9.84866171025235,325.1
tid_1025,1025,1,34,Волгоградская область,18-624-000-000,муниципальный район,,2018,9999,False,False,22447.5,10.018934528394963,314.3
tid_1026,1026,1,34,Волгоградская область,18-626-000-000,муниципальный район,,2018,9999,False,False,21345.0,9.968572799192062,328.0
tid_1027,1027,1,34,Волгоградская область,18-646-000-000,муниципальный район,,2018,9999,False,False,17838.0,9.789086292226152,330.1
tid_1028,1028,1,34,Волгоградская область,18-630-000-000,муниципальный район,,2018,9999,False,False,17890.5,9.792025124686834,325.1
tid_1029,1029,1,34,Волгоградская область,18-634-000-000,муниципальный район,,2018,9999,False,False,19369.5,9.871454942954816,337.4
tid_1030,1030,1,34,Волгоградская область,18-636-000-000,муниципальный район,,2018,9999,False,False,18885.0,9.846123235146557,310.3
tid_1031,1031,0,34,Волгоградская область,18-638-000-000,муниципальный район,,2018,9999,False,False,21326.5,9.967705709862694,342.1
tid_1032,1032,1,34,Волгоградская область,18-640-000-000,муниципальный район,,2018,9999,False,False,21018.0,9.953134492425542,347.8
tid_1033,1033,1,34,Волгоградская область,18-642-000-000,муниципальный район,,2018,9999,False,False,19788.5,9.892856239867466,315.5
tid_1034,1034,1,34,Волгоградская область,18-643-000-000,муниципальный район,,2018,9999,False,False,19378.0,9.87189368094495,330.1
tid_1035,1035,1,34,Волгоградская область,18-645-000-000,муниципальный район,,2018,9999,False,False,19099.5,9.8574174356816,314.0
tid_1036,1036,1,34,Волгоградская область,18-647-000-000,муниципальный район,,2018,9999,False,False,19288.5,9.867264342378604,332.2
tid_1037,1037,1,34,Волгоградская область,18-649-000-000,муниципальный район,,2018,9999,False,False,19981.5,9.902562124459628,321.6
tid_1038,1038,1,34,Волгоградская область,18-650-000-000,муниципальный район,,2018,9999,False,False,20153.5,9.911133249561676,328.9
tid_1039,1039,0,34,Волгоградская область,18-651-000-000,муниципальный район,,2018,9999,False,False,23026.0,10.044379291233609,336.5
tid_1040,1040,0,34,Волгоградская область,18-652-000-000,муниципальный район,,2018,9999,False,False,18150.5,9.806453387522918,320.7
tid_1041,1041,1,34,Волгоградская область,18-653-000-000,муниципальный район,,2018,9999,False,False,19923.5,9.899655218515903,325.1
tid_1044,1044,1,34,Волгоградская область,18-658-000-000,муниципальный район,,2018,9999,False,False,19564.5,9.881471978478448,323.5
tid_1047,1047,1,35,Вологодская область,19-505-000-000,муниципальный округ,,2023,9999,False,False,24321.0,10.099095453655817,320.2
tid_1048,1048,0,35,Вологодская область,19-508-000-000,муниципальный округ,,2023,9999,False,False,20636.0,9.93479240236454,308.4
tid_1049,1049,0,35,Вологодская область,19-510-000-000,муниципальный округ,,2023,9999,False,False,23470.0,10.063478288845069,308.9
tid_1051,1051,0,35,Вологодская область,19-514-000-000,муниципальный округ,,2023,9999,False,False,25000.5,10.12665110365034,297.3
tid_1052,1052,1,35,Вологодская область,19-516-000-000,муниципальный округ,,2023,9999,False,False,21881.0,9.99337395933065,304.6
tid_1053,1053,1,35,Вологодская область,19-518-000-000,муниципальный округ,,2023,9999,False,False,22603.0,10.025837919813588,303.4
tid_1054,1054,0,35,Вологодская область,19-520-000-000,муниципальный округ,,2023,9999,False,False,28186.0,10.246580679751457,468.2
tid_1055,1055,1,35,Вологодская область,19-622-000-000,муниципальный район,,2018,9999,False,False,26806.5,10.196399674404962,295.6
tid_1056,1056,1,35,Вологодская область,19-524-000-000,муниципальный округ,,2023,9999,False,False,22675.5,10.029040325456872,344.7
tid_1057,1057,1,35,Вологодская область,19-526-000-000,муниципальный округ,,2023,9999,False,False,23563.5,10.067454183608104,323.0
tid_1058,1058,1,35,Вологодская область,19-628-000-000,муниципальный район,,2018,2024,False,False,21898.0,9.99415058743337,315.9
tid_1059,1059,0,35,Вологодская область,19-530-000-000,муниципальный округ,,2023,9999,False,False,20717.5,9.938734032723197,305.5
tid_1060,1060,1,35,Вологодская область,19-532-000-000,муниципальный округ,,2023,9999,False,False,21002.5,9.952396757239002,326.1
tid_1061,1061,0,35,Вологодская область,19-634-000-000,муниципальный район,,2018,2024,False,False,21404.0,9.971333099431195,311.0
tid_1062,1062,1,35,Вологодская область,19-536-000-000,муниципальный округ,,2023,9999,False,False,22504.5,10.021470568195177,301.3
tid_1063,1063,1,35,Вологодская область,19-538-000-000,муниципальный округ,,2023,9999,False,False,24264.5,10.096769655816175,329.2
tid_1064,1064,1,35,Вологодская область,19-540-000-000,муниципальный округ,,2023,9999,False,False,21364.5,9.96948594504275,314.8
tid_1065,1065,1,35,Вологодская область,19-542-000-000,муниципальный округ,,2023,9999,False,False,21968.0,9.997342128007752,298.2
tid_1066,1066,1,35,Вологодская область,19-546-000-000,муниципальный округ,,2023,9999,False,False,23411.0,10.060961276360318,311.0
tid_1067,1067,1,35,Вологодская область,19-548-000-000,муниципальный округ,,2023,9999,False,False,20903.5,9.947671888047186,321.6
tid_1068,1068,1,35,Вологодская область,19-550-000-000,муниципальный округ,,2023,9999,False,False,21846.5,9.991796004626696,334.4
tid_1069,1069,1,35,Вологодская область,19-552-000-000,муниципальный округ,,2023,9999,False,False,22222.0,10.008838068143953,314.5
tid_1070,1070,1,35,Вологодская область,19-554-000-000,муниципальный округ,,2023,9999,False,False,25989.0,10.16542865055825,321.8
tid_1071,1071,0,35,Вологодская область,19-656-000-000,муниципальный район,,2018,9999,False,False,26453.0,10.183124852404802,448.4
tid_1072,1072,1,35,Вологодская область,19-658-000-000,муниципальный район,,2018,9999,False,False,25106.0,10.130862140378154,325.4
tid_11,11,2,4,Республика Алтай,84-610-000-000,муниципальный район,,2018,9999,False,False,23004.0,10.043423392833645,191.0
tid_1107,1107,0,37,Ивановская область,24-701-000-000,городской округ,административный_центр_субъекта,2018,9999,False,True,30169.0,10.314570186094999,405.9
tid_1108,1108,1,37,Ивановская область,24-703-000-000,городской округ,,2018,9999,False,False,19386.0,9.872306435052554,380.9
tid_1109,1109,0,37,Ивановская область,24-705-000-000,городской округ,,2018,9999,False,False,23805.0,10.077650921628619,367.7
tid_1110,1110,0,37,Ивановская область,24-706-000-000,городской округ,,2018,9999,False,False,26152.5,10.171700067217916,384.9
tid_1111,1111,1,37,Ивановская область,24-707-000-000,городской округ,,2018,9999,False,False,22175.0,10.00672080717778,394.6
tid_1112,1112,0,37,Ивановская область,24-711-000-000,городской округ,,2018,9999,False,False,23365.5,10.05901585443477,396.5
tid_1113,1113,1,37,Ивановская область,24-601-000-000,муниципальный район,,2018,9999,False,False,18777.0,9.840387995592812,392.4
tid_1115,1115,1,37,Ивановская область,24-603-000-000,муниципальный район,,2018,9999,False,False,18394.5,9.81980698587019,396.7
tid_1116,1116,1,37,Ивановская область,24-605-000-000,муниципальный район,,2018,9999,False,False,20113.5,9.909146510387806,357.7
tid_1117,1117,0,37,Ивановская область,24-607-000-000,муниципальный район,,2018,9999,False,False,30016.0,10.30948585180595,622.7
tid_1118,1118,1,37,Ивановская область,24-609-000-000,муниципальный район,,2018,9999,False,False,18028.5,9.799709118060953,388.7
tid_1119,1119,1,37,Ивановская область,24-611-000-000,муниципальный район,,2018,9999,False,False,20261.5,9.916477812574373,395.3
tid_1120,1120,1,37,Ивановская область,24-613-000-000,муниципальный район,,2018,9999,False,False,20648.0,9.93537374139845,380.4
tid_1121,1121,1,37,Ивановская область,24-614-000-000,муниципальный район,,2018,9999,False,False,19472.0,9.876732815227308,387.0
tid_1122,1122,1,37,Ивановская область,24-615-000-000,муниципальный район,,2018,9999,False,False,16986.5,9.740174189912846,364.3
tid_1123,1123,1,37,Ивановская область,24-617-000-000,муниципальный район,,2018,9999,False,False,19535.5,9.879988602247366,373.3
tid_1124,1124,1,37,Ивановская область,24-619-000-000,муниципальный район,,2018,9999,False,False,18053.5,9.801094850780899,366.2
tid_1125,1125,1,37,Ивановская область,24-620-000-000,муниципальный район,,2018,9999,False,False,20874.0,9.946259644379998,370.2
tid_1126,1126,1,37,Ивановская область,24-621-000-000,муниципальный район,,2018,9999,False,False,17756.5,9.784506925052836,358.4
tid_1127,1127,1,37,Ивановская область,24-623-000-000,муниципальный район,,2018,9999,False,False,20095.5,9.908251188385151,371.4
tid_1128,1128,1,37,Ивановская область,24-625-000-000,муниципальный район,,2018,9999,False,False,18304.0,9.814874894179525,377.6
tid_1129,1129,1,37,Ивановская область,24-629-000-000,муниципальный район,,2018,9999,False,False,19458.0,9.876013575535373,408.5
tid_1130,1130,1,37,Ивановская область,24-631-000-000,муниципальный район,,2018,9999,False,False,20323.5,9.919533130954596,374.0
tid_1131,1131,0,37,Ивановская область,24-633-000-000,муниципальный район,,2018,9999,False,False,22552.5,10.023601203530793,425.0
tid_1132,1132,1,37,Ивановская область,24-635-000-000,муниципальный район,,2018,9999,False,False,19830.5,9.8949764355177,373.1
tid_1133,1133,1,37,Ивановская область,24-637-000-000,муниципальный район,,2018,9999,False,False,18626.0,9.832313733081604,351.4
tid_1134,1134,2,38,Иркутская область,25-701-000-000,городской округ,административный_центр_субъекта,2018,9999,False,True,35621.5,10.4807046671305,232.6
tid_1135,1135,0,38,Иркутская область,25-703-000-000,городской округ,,2018,9999,False,False,30192.5,10.31534882814953,186.3
tid_1136,1136,0,38,Иркутская область,25-714-000-000,городской округ,,2018,9999,False,False,33665.5,10.424228853089495,201.9
tid_1137,1137,0,38,Иркутская область,25-720-000-000,городской округ,,2018,9999,False,False,24413.5,10.102891536967597,191.0
tid_1138,1138,0,38,Иркутская область,25-726-000-000,городской округ,,2018,9999,False,False,27955.5,10.23836923918883,185.8
tid_1139,1139,0,38,Иркутская область,25-732-000-000,городской округ,,2018,9999,False,False,26448.5,10.182954724903281,194.3
tid_1140,1140,0,38,Иркутская область,25-736-000-000,городской округ,,2018,9999,False,False,28643.5,10.262681820311862,187.5
tid_1141,1141,0,38,Иркутская область,25-738-000-000,городской округ,,2018,9999,False,False,34731.5,10.455402335130811,180.4
tid_1142,1142,0,38,Иркутская область,25-745-000-000,городской округ,,2018,9999,False,False,26686.0,10.191894362302365,192.7
tid_1143,1143,1,38,Иркутская область,25-746-000-000,городской округ,,2018,9999,False,False,23958.0,10.084057576291276,185.8
tid_1144,1144,1,38,Иркутская область,25-601-000-000,муниципальный район,,2018,9999,False,False,21933.5,9.995770427400624,183.2
tid_1146,1146,1,38,Иркутская область,25-604-000-000,муниципальный район,,2018,9999,False,False,21809.0,9.990078007617226,264.0
tid_1147,1147,0,38,Иркутская область,25-606-000-000,муниципальный район,,2018,9999,False,False,24699.0,10.114518035966535,169.1
tid_1148,1148,0,38,Иркутская область,25-608-000-000,муниципальный район,,2018,9999,False,False,22375.5,10.015721889262094,185.6
tid_1149,1149,0,38,Иркутская область,25-610-000-000,муниципальный район,,2018,9999,False,False,22961.0,10.041552403492023,198.8
tid_1150,1150,2,38,Иркутская область,25-612-000-000,муниципальный район,,2018,9999,False,False,34433.0,10.446770685850653,372.4
tid_1151,1151,0,38,Иркутская область,25-614-000-000,муниципальный район,,2018,9999,False,False,31605.0,10.3610706149064,172.1
tid_1152,1152,3,38,Иркутская область,25-616-000-000,муниципальный район,,2018,9999,False,False,34693.0,10.45429321647827,158.7
tid_1153,1153,0,38,Иркутская область,25-618-000-000,муниципальный район,,2018,9999,False,False,22357.0,10.014894750110258,172.8
tid_1154,1154,1,38,Иркутская область,25-620-000-000,муниципальный район,,2018,9999,False,False,28135.0,10.24476963186738,169.3
tid_1155,1155,0,38,Иркутская область,25-622-000-000,муниципальный район,,2018,9999,False,False,23616.5,10.069700899262795,186.8
tid_1157,1157,1,38,Иркутская область,25-626-000-000,муниципальный район,,2018,9999,False,False,29180.5,10.281255956953963,178.5
tid_1158,1158,1,38,Иркутская область,25-628-000-000,муниципальный район,,2018,9999,False,False,23985.5,10.085204760081192,190.1
tid_1159,1159,0,38,Иркутская область,25-630-000-000,муниципальный район,,2018,9999,False,False,22081.5,10.002495432866178,174.5
tid_1160,1160,0,38,Иркутская область,25-634-000-000,муниципальный район,,2018,9999,False,False,24447.0,10.104262787988329,180.9
tid_1161,1161,0,38,Иркутская область,25-636-000-000,муниципальный район,,2018,9999,False,False,26162.0,10.172063255248172,194.6
tid_1163,1163,0,38,Иркутская область,25-640-000-000,муниципальный район,,2018,9999,False,False,22014.5,9.99945660614452,187.0
tid_1164,1164,1,38,Иркутская область,25-642-000-000,муниципальный район,,2018,9999,False,False,20635.5,9.93476817256916,200.0
tid_1165,1165,0,38,Иркутская область,25-644-000-000,муниципальный район,,2018,9999,False,False,36137.5,10.495086386324601,175.7
tid_1166,1166,1,38,Иркутская область,25-646-000-000,муниципальный район,,2018,9999,False,False,21883.0,9.99346535865436,171.0
tid_1167,1167,1,38,Иркутская область,25-648-000-000,муниципальный район,,2018,9999,False,False,21623.5,9.981535965232426,199.3
tid_1168,1168,1,38,Иркутская область,25-650-000-000,муниципальный район,,2018,9999,False,False,22169.5,10.006472749356485,190.6
tid_1169,1169,0,38,Иркутская область,25-655-000-000,муниципальный район,,2018,9999,False,False,30824.0,10.336048886305994,191.3
tid_1170,1170,0,38,Иркутская область,25-605-000-000,муниципальный район,,2018,9999,False,False,23377.0,10.059507911994038,186.1
tid_1171,1171,0,38,Иркутская область,25-607-000-000,муниципальный район,,2018,9999,False,False,20698.5,9.937816512859719,178.0
tid_1172,1172,0,38,Иркутская область,25-609-000-000,муниципальный район,,2018,9999,False,False,20619.5,9.933992508974336,178.7
tid_1173,1173,0,38,Иркутская область,25-629-000-000,муниципальный район,,2018,9999,False,False,22608.5,10.026081220744862,185.1
tid_1174,1174,0,38,Иркутская область,25-631-000-000,муниципальный район,,2018,9999,False,False,20643.5,9.935155778862924,177.3
tid_1175,1175,0,38,Иркутская область,25-657-000-000,муниципальный район,,2018,9999,False,False,21721.0,9.986034813503693,182.1
tid_1176,1176,2,39,Калининградская область,27-701-000-000,городской округ,административный_центр_субъекта,2018,9999,False,True,34277.5,10.44224444123081,327.3
tid_1178,1178,0,39,Калининградская область,27-712-000-000,городской округ,,2018,9999,False,False,20462.5,9.92634922167939,312.2
tid_1179,1179,0,39,Калининградская область,27-717-000-000,городской округ,,2018,9999,False,False,26560.5,10.187180428714381,332.0
tid_1180,1180,0,39,Калининградская область,27-725-000-000,городской округ,,2018,9999,False,False,22472.0,10.02002536878408,341.9
tid_1181,1181,0,39,Калининградская область,27-730-000-000,городской округ,,2018,9999,False,False,23275.5,10.055156584191648,293.7
tid_1184,1184,0,39,Калининградская область,27-705-000-000,городской округ,,2019,9999,False,False,27563.0,10.224229572614233,391.0
tid_1185,1185,3,39,Калининградская область,27-506-000-000,муниципальный округ,,2021,9999,False,False,21131.0,9.958496435566927,315.0
tid_1186,1186,2,39,Калининградская область,27-507-000-000,муниципальный округ,,2021,9999,False,False,33730.0,10.426142928055697,331.3
tid_1187,1187,0,39,Калининградская область,27-709-000-000,городской округ,,2018,9999,False,False,22654.0,10.02809171576066,292.6
tid_1188,1188,2,39,Калининградская область,27-510-000-000,муниципальный округ,,2021,9999,False,False,33855.0,10.429841977919745,325.1
tid_1189,1189,0,39,Калининградская область,27-513-000-000,муниципальный округ,,2021,9999,False,False,21121.0,9.958023085184141,286.7
tid_1190,1190,2,39,Калининградская область,27-734-000-000,городской округ,,2019,9999,False,False,31836.5,10.36836870929305,332.7
tid_1191,1191,0,39,Калининградская область,27-514-000-000,муниципальный округ,,2021,9999,False,False,21664.5,9.983430255209331,292.6
tid_1192,1192,0,39,Калининградская область,27-515-000-000,муниципальный округ,,2021,9999,False,False,19947.0,9.900834035070565,287.6
tid_1193,1193,0,39,Калининградская область,27-516-000-000,муниципальный округ,,2021,9999,False,False,20258.0,9.916305056246742,291.6
tid_1194,1194,0,39,Калининградская область,27-518-000-000,муниципальный округ,,2021,9999,False,False,20942.0,9.949511990847407,312.9
tid_1195,1195,0,39,Калининградская область,27-519-000-000,муниципальный округ,,2021,9999,False,False,18796.5,9.84142596127345,309.3
tid_1196,1196,0,39,Калининградская область,27-527-000-000,муниципальный округ,,2021,9999,False,False,20896.0,9.947313032076158,294.7
tid_1197,1197,0,39,Калининградская область,27-539-000-000,муниципальный округ,,2021,9999,False,False,23491.5,10.064393932574598,299.2
tid_1198,1198,2,40,Калужская область,29-701-000-000,городской округ,административный_центр_субъекта,2018,9999,False,True,33021.0,10.4048990016915,399.5
tid_12,12,0,4,Республика Алтай,84-615-000-000,муниципальный район,,2018,9999,False,False,29231.0,10.28298506894671,214.9
tid_1200,1200,1,40,Калужская область,29-602-000-000,муниципальный район,,2018,9999,False,False,22383.5,10.016079359271934,389.8
tid_1201,1201,1,40,Калужская область,29-604-000-000,муниципальный район,,2018,9999,False,False,22358.5,10.014961840940087,360.3
tid_1203,1203,1,40,Калужская область,29-608-000-000,муниципальный район,,2018,9999,False,False,22871.0,10.037625011465359,399.3
tid_1204,1204,1,40,Калужская область,29-610-000-000,муниципальный район,,2018,9999,False,False,20830.5,9.944173537807545,366.0
tid_1205,1205,1,40,Калужская область,29-612-000-000,муниципальный район,,2018,9999,False,False,22552.5,10.023601203530793,360.6
tid_1206,1206,1,40,Калужская область,29-613-000-000,муниципальный район,,2018,9999,False,False,25008.0,10.126951052661259,435.2
tid_1207,1207,1,40,Калужская область,29-614-000-000,муниципальный район,административный_центр_субъекта,2018,9999,False,True,23652.5,10.0712240965786,351.8
tid_1208,1208,1,40,Калужская область,29-615-000-000,муниципальный район,,2018,9999,False,False,20686.5,9.937236592582503,382.8
tid_1209,1209,1,40,Калужская область,29-616-000-000,муниципальный район,,2018,9999,False,False,23281.0,10.05539285624928,377.6
tid_1210,1210,1,40,Калужская область,29-618-000-000,муниципальный район,,2018,9999,False,False,22646.0,10.027738514873985,345.0
tid_1211,1211,1,40,Калужская область,29-620-000-000,муниципальный район,,2018,9999,False,False,23805.0,10.077650921628619,354.9
tid_1212,1212,0,40,Калужская область,29-623-000-000,муниципальный район,,2018,9999,False,False,27973.5,10.23901291243961,430.5
tid_1213,1213,1,40,Калужская область,29-625-000-000,муниципальный район,,2018,9999,False,False,22246.5,10.009939971850127,407.3
tid_1214,1214,1,40,Калужская область,29-627-000-000,муниципальный район,,2018,9999,False,False,21925.5,9.995405621997458,376.4
tid_1215,1215,1,40,Калужская область,29-629-000-000,муниципальный район,,2018,9999,False,False,21332.0,9.967963571720492,371.4
tid_1217,1217,1,40,Калужская область,29-634-000-000,муниципальный район,,2018,9999,False,False,21668.5,9.9836148720146,349.0
tid_1218,1218,1,40,Калужская область,29-636-000-000,муниципальный район,,2018,9999,False,False,22382.0,10.016012343377973,374.0
tid_1219,1219,1,40,Калужская область,29-638-000-000,муниципальный район,,2018,9999,False,False,25129.0,10.131777836669867,425.3
tid_1220,1220,1,40,Калужская область,29-642-000-000,муниципальный район,,2018,9999,False,False,21237.0,9.963500222442299,361.5
tid_1221,1221,1,40,Калужская область,29-644-000-000,муниципальный район,,2018,9999,False,False,23527.5,10.065925228732944,403.5
tid_1222,1222,1,40,Калужская область,29-646-000-000,муниципальный район,,2018,9999,False,False,19464.0,9.876321884463358,355.4
tid_1223,1223,1,40,Калужская область,29-650-000-000,муниципальный район,,2018,9999,False,False,22213.5,10.008455491145668,373.6
tid_1224,1224,2,42,Кемеровская область,32-701-000-000,городской округ,административный_центр_субъекта,2018,9999,False,True,33538.5,10.420449311657968,246.0
tid_1225,1225,0,42,Кемеровская область,32-704-000-000,городской округ,,2018,9999,False,False,26025.5,10.166832105594485,227.6
tid_1226,1226,0,42,Кемеровская область,32-707-000-000,городской округ,,2018,9999,False,False,28108.0,10.243809512312088,231.9
tid_1227,1227,0,42,Кемеровская область,32-710-000-000,городской округ,,2018,9999,False,False,27319.5,10.215356011906708,231.2
tid_1228,1228,0,42,Кемеровская область,32-715-000-000,городской округ,,2018,9999,False,False,25314.5,10.139132633073263,224.3
tid_1229,1229,0,42,Кемеровская область,32-716-000-000,городской округ,,2018,9999,False,False,28773.5,10.267210103647502,229.8
tid_1230,1230,0,42,Кемеровская область,32-719-000-000,городской округ,,2018,9999,False,False,29358.5,10.287337391505062,243.2
tid_1231,1231,0,42,Кемеровская область,32-725-000-000,городской округ,,2018,9999,False,False,31848.5,10.368745564129888,217.7
tid_1232,1232,0,42,Кемеровская область,32-728-000-000,городской округ,,2018,9999,False,False,27005.0,10.203777313026992,221.7
tid_1233,1233,0,42,Кемеровская область,32-731-000-000,городской округ,,2018,9999,False,False,32069.0,10.375645110411204,246.0
tid_1234,1234,0,42,Кемеровская область,32-734-000-000,городской округ,,2018,9999,False,False,27232.0,10.2121480313731,225.3
tid_1235,1235,0,42,Кемеровская область,32-732-000-000,городской округ,,2018,9999,False,False,26143.0,10.17133674723419,235.4
tid_1236,1236,0,42,Кемеровская область,32-737-000-000,городской округ,,2018,9999,False,False,28982.0,10.274430226605869,251.2
tid_1237,1237,0,42,Кемеровская область,32-740-000-000,городской округ,,2018,9999,False,False,24417.0,10.10303488999515,229.8
tid_1238,1238,0,42,Кемеровская область,32-749-000-000,городской округ,,2018,9999,False,False,27930.0,10.237456658939223,248.2
tid_1240,1240,0,42,Кемеровская область,32-501-000-000,муниципальный округ,,2022,9999,False,False,22001.5,9.99886591183436,234.5
tid_1241,1241,0,42,Кемеровская область,32-502-000-000,муниципальный округ,,2020,9999,False,False,23886.5,10.081068724773248,230.9
tid_1242,1242,1,42,Кемеровская область,32-504-000-000,муниципальный округ,,2020,9999,False,False,20607.0,9.933386102881991,225.5
tid_1243,1243,0,42,Кемеровская область,32-507-000-000,муниципальный округ,,2020,9999,False,False,29809.5,10.302582413636449,448.4
tid_1244,1244,1,42,Кемеровская область,32-510-000-000,муниципальный округ,,2020,9999,False,False,22797.0,10.034384227337895,228.6
tid_1246,1246,0,42,Кемеровская область,32-516-000-000,муниципальный округ,,2022,9999,False,False,23091.0,10.047198210202428,221.7
tid_1249,1249,0,42,Кемеровская область,32-525-000-000,муниципальный округ,,2020,9999,False,False,22885.0,10.038236953087743,234.9
tid_1250,1250,0,42,Кемеровская область,32-627-000-000,муниципальный район,,2018,9999,False,False,29704.0,10.299036995856916,211.8
tid_1251,1251,1,42,Кемеровская область,32-528-000-000,муниципальный округ,,2021,9999,False,False,23254.0,10.054232439228553,218.7
tid_1252,1252,0,42,Кемеровская область,32-531-000-000,муниципальный округ,,2020,9999,False,False,24546.5,10.108324556867695,234.7
tid_1253,1253,1,42,Кемеровская область,32-534-000-000,муниципальный округ,,2020,9999,False,False,21395.5,9.970935898524093,219.4
tid_1254,1254,0,42,Кемеровская область,32-537-000-000,муниципальный округ,,2020,9999,False,False,21518.0,9.976645073153854,223.4
tid_1256,1256,1,42,Кемеровская область,32-543-000-000,муниципальный округ,,2020,9999,False,False,22798.5,10.034450023304625,226.4
tid_1257,1257,1,42,Кемеровская область,32-546-000-000,муниципальный округ,,2020,9999,False,False,23815.0,10.07807091323496,232.3
tid_1258,1258,2,43,Кировская область,33-701-000-000,городской округ,административный_центр_субъекта,2018,9999,False,True,30939.0,10.339772802984179,315.7
tid_1259,1259,0,43,Кировская область,33-704-000-000,городской округ,,2018,9999,False,False,21353.5,9.968970939647221,355.1
tid_1260,1260,0,43,Кировская область,33-707-000-000,городской округ,,2018,9999,False,False,27360.0,10.216837371736487,328.0
tid_1261,1261,1,43,Кировская область,33-710-000-000,городской округ,,2018,9999,False,False,20503.0,9.928326495883047,333.4
tid_1262,1262,0,43,Кировская область,33-713-000-000,городской округ,,2018,9999,False,False,20777.5,9.94162594942718,341.0
tid_1264,1264,0,43,Кировская область,33-502-000-000,муниципальный округ,,2021,9999,False,False,17550.0,9.772809228894012,325.6
tid_1265,1265,0,43,Кировская область,33-503-000-000,муниципальный округ,,2023,9999,False,False,18322.5,9.815885091800006,306.0
tid_1266,1266,1,43,Кировская область,33-605-000-000,муниципальный район,,2018,9999,False,False,18094.5,9.803363303673548,311.7
tid_1267,1267,3,43,Кировская область,33-506-000-000,муниципальный округ,,2021,9999,False,False,16107.5,9.687040281012797,314.8
tid_1268,1268,1,43,Кировская область,33-507-000-000,муниципальный округ,,2022,9999,False,False,20344.5,9.920565884070879,300.8
tid_1269,1269,1,43,Кировская область,33-608-000-000,муниципальный район,,2018,9999,False,False,17836.5,9.789002198545743,322.6
tid_1270,1270,1,43,Кировская область,33-610-000-000,муниципальный район,,2018,9999,False,False,19428.0,9.874470603465635,360.1
tid_1271,1271,1,43,Кировская область,33-612-000-000,муниципальный район,,2018,9999,False,False,17532.5,9.771811580411066,314.5
tid_1272,1272,1,43,Кировская область,33-614-000-000,муниципальный район,,2018,9999,False,False,19042.5,9.854428602246943,312.4
tid_1273,1273,1,43,Кировская область,33-516-000-000,муниципальный округ,,2021,9999,False,False,16881.0,9.733944008101389,336.0
tid_1274,1274,0,43,Кировская область,33-617-000-000,муниципальный район,,2018,9999,False,False,17563.0,9.773549695421735,330.8
tid_1275,1275,0,43,Кировская область,33-618-000-000,муниципальный район,,2018,9999,False,False,22109.5,10.003762659394068,352.3
tid_1276,1276,1,43,Кировская область,33-619-000-000,муниципальный район,,2018,9999,False,False,18546.0,9.82800941136017,341.0
tid_1277,1277,1,43,Кировская область,33-620-000-000,муниципальный район,,2018,9999,False,False,19785.5,9.892704625170659,318.3
tid_1278,1278,1,43,Кировская область,33-521-000-000,муниципальный округ,,2022,9999,False,False,17460.0,9.767667829393593,326.6
tid_1279,1279,1,43,Кировская область,33-522-000-000,муниципальный округ,,2022,9999,False,False,20375.0,9.922063938109064,294.2
tid_1280,1280,1,43,Кировская область,33-623-000-000,муниципальный район,,2018,9999,False,False,18075.0,9.802285047026965,338.8
tid_1281,1281,1,43,Кировская область,33-524-000-000,муниципальный округ,,2022,9999,False,False,18685.0,9.835476341919584,305.8
tid_1282,1282,3,43,Кировская область,33-625-000-000,муниципальный район,,2018,9999,False,False,16066.0,9.684460516733758,301.8
tid_1284,1284,1,43,Кировская область,33-627-000-000,муниципальный район,,2018,9999,False,False,18198.5,9.809094452085954,321.8
tid_1285,1285,1,43,Кировская область,33-628-000-000,муниципальный район,,2018,9999,False,False,21562.0,9.978687785099064,305.3
tid_1286,1286,1,43,Кировская область,33-529-000-000,муниципальный округ,,2022,9999,False,False,19717.5,9.889261845272147,298.9
tid_1287,1287,1,43,Кировская область,33-630-000-000,муниципальный район,,2018,9999,False,False,19375.0,9.871738854221547,318.1
tid_1288,1288,1,43,Кировская область,33-645-000-000,муниципальный район,,2018,9999,False,False,17901.0,9.792611856190192,321.6
tid_1289,1289,0,43,Кировская область,33-531-000-000,муниципальный округ,,2022,9999,False,False,18285.5,9.813863675027775,331.8
tid_1290,1290,1,43,Кировская область,33-632-000-000,муниципальный район,,2018,9999,False,False,18669.5,9.834646455245176,300.4
tid_1291,1291,1,43,Кировская область,33-533-000-000,муниципальный округ,,2021,9999,False,False,16828.0,9.730799444710412,338.4
tid_1292,1292,1,43,Кировская область,33-534-000-000,муниципальный округ,,2021,9999,False,False,18786.5,9.840893805765056,324.4
tid_1293,1293,1,43,Кировская область,33-635-000-000,муниципальный район,,2018,9999,False,False,20152.0,9.911058818032446,338.4
tid_1294,1294,0,43,Кировская область,33-636-000-000,муниципальный район,,2018,9999,False,False,19195.0,9.862405107434897,328.7
tid_1295,1295,1,43,Кировская область,33-637-000-000,муниципальный район,,2018,9999,False,False,17009.5,9.741527290484042,318.8
tid_1296,1296,1,43,Кировская область,33-638-000-000,муниципальный район,,2018,9999,False,False,17566.5,9.773748958150302,330.8
tid_1297,1297,3,43,Кировская область,33-540-000-000,муниципальный округ,,2022,9999,False,False,16705.5,9.723493285501265,311.9
tid_1298,1298,1,43,Кировская область,33-641-000-000,муниципальный район,,2018,9999,False,False,19057.0,9.855189767128376,330.8
tid_1299,1299,1,43,Кировская область,33-543-000-000,муниципальный округ,,2021,9999,False,False,16983.5,9.739997563477298,311.2
tid_13,13,0,4,Республика Алтай,84-620-000-000,муниципальный район,,2018,9999,False,False,20606.5,9.933361838987878,202.6
tid_1300,1300,1,43,Кировская область,33-647-000-000,муниципальный район,,2018,9999,False,False,18486.0,9.824768967824722,324.7
tid_1301,1301,1,43,Кировская область,33-649-000-000,муниципальный район,,2018,9999,False,False,18876.0,9.845646552846278,313.3
tid_1302,1302,0,43,Кировская область,33-650-000-000,муниципальный район,,2018,9999,False,False,19342.5,9.870060026423609,337.7
tid_1303,1303,0,44,Костромская область,34-701-000-000,городской округ,административный_центр_субъекта,2018,9999,False,True,28398.5,10.254091605853027,383.2
tid_1304,1304,1,44,Костромская область,34-705-000-000,городской округ,,2018,9999,False,False,22513.0,10.021848199120974,351.1
tid_1305,1305,1,44,Костромская область,34-706-000-000,городской округ,,2018,9999,False,False,24067.0,10.088596886532404,367.9
tid_1306,1306,1,44,Костромская область,34-708-000-000,городской округ,,2018,9999,False,False,23462.0,10.063137370065666,347.6
tid_1308,1308,1,44,Костромская область,34-730-000-000,городской округ,,2018,9999,False,False,22643.5,10.02762811400833,337.0
tid_1309,1309,1,44,Костромская область,34-602-000-000,муниципальный район,,2018,9999,False,False,19279.0,9.866771699599468,341.2
tid_1310,1310,1,44,Костромская область,34-604-000-000,муниципальный район,,2018,9999,False,False,21961.0,9.997023431927293,358.2
tid_1311,1311,1,44,Костромская область,34-606-000-000,муниципальный район,,2018,9999,False,False,17338.5,9.760684741402432,313.1
tid_1312,1312,1,44,Костромская область,34-608-000-000,муниципальный район,,2018,9999,False,False,19725.0,9.889642145714076,351.8
tid_1313,1313,1,44,Костромская область,34-610-000-000,муниципальный район,,2018,9999,False,False,18042.5,9.800485364946429,345.9
tid_1314,1314,1,44,Костромская область,34-512-000-000,муниципальный округ,,2022,9999,False,False,18025.0,9.79951496215315,320.7
tid_1315,1315,0,44,Костромская область,34-614-000-000,муниципальный район,,2018,9999,False,False,25336.0,10.139981588218475,491.9
tid_1316,1316,1,44,Костромская область,34-616-000-000,муниципальный район,,2018,9999,False,False,21742.5,9.98702414946392,358.7
tid_1317,1317,1,44,Костромская область,34-618-000-000,муниципальный район,,2018,9999,False,False,17494.0,9.7696132439798,343.1
tid_1319,1319,1,44,Костромская область,34-522-000-000,муниципальный округ,,2022,9999,False,False,17909.5,9.79308657730046,326.6
tid_1320,1320,1,44,Костромская область,34-524-000-000,муниципальный округ,,2022,9999,False,False,19961.0,9.901535648810883,337.9
tid_1321,1321,1,44,Костромская область,34-626-000-000,муниципальный район,,2018,9999,False,False,20840.0,9.944629495867304,371.4
tid_1322,1322,1,44,Костромская область,34-628-000-000,муниципальный район,,2018,9999,False,False,17573.0,9.774118912194846,311.0
tid_1323,1323,1,44,Костромская область,34-630-000-000,муниципальный район,,2018,2024,False,False,18542.5,9.827820673610713,353.7
tid_1324,1324,1,44,Костромская область,34-632-000-000,муниципальный район,,2018,2024,False,False,17790.5,9.786419885942271,315.9
tid_1325,1325,1,44,Костромская область,34-534-000-000,муниципальный округ,,2022,9999,False,False,19220.5,9.863732696754068,336.2
tid_1326,1326,3,44,Костромская область,34-536-000-000,муниципальный округ,,2023,9999,False,False,18509.5,9.826039392776986,326.6
tid_1327,1327,1,44,Костромская область,34-538-000-000,муниципальный округ,,2023,9999,False,False,17815.0,9.787796078039936,321.8
tid_1328,1328,1,44,Костромская область,34-640-000-000,муниципальный район,,2018,2024,False,False,19506.5,9.878503022341958,324.7
tid_1329,1329,1,44,Костромская область,34-642-000-000,муниципальный район,,2018,9999,False,False,19592.0,9.882876598632004,356.1
tid_1330,1330,1,44,Костромская область,34-644-000-000,муниципальный район,,2018,9999,False,False,18963.5,9.850271357928804,352.1
tid_1331,1331,1,44,Костромская область,34-646-000-000,муниципальный район,,2018,9999,False,False,19393.0,9.872667455196241,334.1
tid_1333,1333,0,45,Курганская область,37-701-000-000,городской округ,административный_центр_субъекта,2018,9999,False,True,27084.0,10.206698426605536,278.2
tid_1334,1334,0,45,Курганская область,37-705-000-000,городской округ,,2018,9999,False,False,22695.5,10.029921945932305,300.4
tid_1335,1335,1,45,Курганская область,37-502-000-000,муниципальный округ,,2022,9999,False,False,15794.5,9.667417057147926,282.9
tid_1336,1336,1,45,Курганская область,37-504-000-000,муниципальный округ,,2023,9999,False,False,16186.0,9.691901950055648,277.7
tid_1337,1337,1,45,Курганская область,37-606-000-000,муниципальный район,,2018,2024,False,False,17768.5,9.78518250565559,277.4
tid_1338,1338,1,45,Курганская область,37-608-000-000,муниципальный район,,2018,2024,False,False,19966.5,9.901811148155183,292.3
tid_1339,1339,1,45,Курганская область,37-509-000-000,муниципальный округ,,2023,9999,False,False,16389.0,9.704365657063827,270.8
tid_1340,1340,1,45,Курганская область,37-510-000-000,муниципальный округ,,2023,9999,False,False,18570.0,9.829302654346751,282.9
tid_1341,1341,1,45,Курганская область,37-612-000-000,муниципальный район,,2018,2024,False,False,19408.5,9.873466393424117,295.9
tid_1343,1343,1,45,Курганская область,37-516-000-000,муниципальный округ,,2022,9999,False,False,17558.0,9.773264965486154,277.4
tid_1344,1344,1,45,Курганская область,37-518-000-000,муниципальный округ,,2022,9999,False,False,16894.0,9.734713808287442,271.3
tid_1345,1345,1,45,Курганская область,37-520-000-000,муниципальный округ,,2021,9999,False,False,17922.0,9.793784287444165,267.8
tid_1346,1346,1,45,Курганская область,37-522-000-000,муниципальный округ,,2023,9999,False,False,17760.0,9.784704016546161,286.2
tid_1347,1347,1,45,Курганская область,37-524-000-000,муниципальный округ,,2023,9999,False,False,16737.5,9.725406989999428,269.7
tid_1348,1348,1,45,Курганская область,37-526-000-000,муниципальный округ,,2022,9999,False,False,17367.5,9.762355922567036,263.5
tid_1349,1349,1,45,Курганская область,37-528-000-000,муниципальный округ,,2023,9999,False,False,15813.0,9.668587665523317,268.5
tid_1350,1350,1,45,Курганская область,37-630-000-000,муниципальный район,,2018,2024,False,False,16269.0,9.69701673550917,272.5
tid_1351,1351,0,45,Курганская область,37-532-000-000,муниципальный округ,,2023,9999,False,False,15990.0,9.679718805828,291.4
tid_1352,1352,1,45,Курганская область,37-534-000-000,муниципальный округ,,2022,9999,False,False,15378.0,9.640693195592126,279.8
tid_1353,1353,0,45,Курганская область,37-536-000-000,муниципальный округ,,2023,9999,False,False,17313.0,9.759212943379076,264.2
tid_1355,1355,1,45,Курганская область,37-540-000-000,муниципальный округ,,2022,9999,False,False,17332.5,9.760338630816646,279.3
tid_1356,1356,1,45,Курганская область,37-542-000-000,муниципальный округ,,2021,9999,False,False,19892.0,9.898072919834629,289.5
tid_1357,1357,1,45,Курганская область,37-544-000-000,муниципальный округ,,2023,9999,False,False,19999.0,9.903437551286085,294.0
tid_1358,1358,1,45,Курганская область,37-546-000-000,муниципальный округ,,2023,9999,False,False,19551.5,9.880807288812907,283.1
tid_1392,1392,1,47,Ленинградская область,41-603-000-000,муниципальный район,,2018,9999,False,False,28934.5,10.272789933748044,318.3
tid_1393,1393,1,47,Ленинградская область,41-606-000-000,муниципальный район,,2018,9999,False,False,28746.0,10.266253906111178,327.0
tid_1394,1394,0,47,Ленинградская область,41-609-000-000,муниципальный район,,2018,9999,False,False,31182.5,10.347612318999865,319.5
tid_1395,1395,2,47,Ленинградская область,41-612-000-000,муниципальный район,,2018,9999,False,False,40908.0,10.619080921925903,360.1
tid_1396,1396,0,47,Ленинградская область,41-615-000-000,муниципальный район,,2018,9999,False,False,35573.5,10.479356257627787,297.8
tid_1397,1397,2,47,Ленинградская область,41-618-000-000,муниципальный район,административный_центр_субъекта,2018,9999,False,True,35731.5,10.483787931664384,346.2
tid_1398,1398,0,47,Ленинградская область,41-621-000-000,муниципальный район,,2018,9999,False,False,36079.0,10.493466257606206,323.7
tid_1399,1399,0,47,Ленинградская область,41-624-000-000,муниципальный район,,2018,9999,False,False,32490.5,10.3887030178953,319.7
tid_14,14,0,4,Республика Алтай,84-625-000-000,муниципальный район,,2018,9999,False,False,22869.0,10.037537560656384,210.9
tid_1400,1400,0,47,Ленинградская область,41-625-000-000,муниципальный район,,2018,9999,False,False,35041.0,10.464274083455889,347.8
tid_1401,1401,1,47,Ленинградская область,41-627-000-000,муниципальный район,,2018,9999,False,False,30073.0,10.311383038216002,300.6
tid_1402,1402,2,47,Ленинградская область,41-630-000-000,муниципальный район,,2018,9999,False,False,37157.5,10.52292091402305,349.0
tid_1403,1403,0,47,Ленинградская область,41-633-000-000,муниципальный район,,2018,9999,False,False,32074.0,10.375801012068754,321.6
tid_1404,1404,1,47,Ленинградская область,41-636-000-000,муниципальный район,,2018,9999,False,False,27593.0,10.225317396349036,295.9
tid_1405,1405,0,47,Ленинградская область,41-639-000-000,муниципальный район,,2018,9999,False,False,31105.5,10.345139931406004,297.5
tid_1406,1406,1,47,Ленинградская область,41-642-000-000,муниципальный район,,2018,9999,False,False,30430.0,10.323184242891017,308.4
tid_1407,1407,0,47,Ленинградская область,41-645-000-000,муниципальный район,,2018,9999,False,False,30226.0,10.316457760130065,318.3
tid_1408,1408,0,47,Ленинградская область,41-648-000-000,муниципальный район,,2018,9999,False,False,35277.5,10.471000645931916,343.6
tid_1409,1409,2,47,Ленинградская область,41-754-000-000,городской округ,,2018,9999,False,False,39633.5,10.587429999216388,320.4
tid_1410,1410,2,48,Липецкая область,42-701-000-000,городской округ,административный_центр_субъекта,2018,9999,False,True,29866.5,10.304492729922199,399.3
tid_1411,1411,0,48,Липецкая область,42-715-000-000,городской округ,,2018,9999,False,False,26318.5,10.178027392933753,392.0
tid_1412,1412,1,48,Липецкая область,42-603-000-000,муниципальный район,,2018,9999,False,False,19636.0,9.885119895177944,355.6
tid_1413,1413,0,48,Липецкая область,42-606-000-000,муниципальный район,,2018,9999,False,False,23774.0,10.07634782554057,372.6
tid_1414,1414,1,48,Липецкая область,42-609-000-000,муниципальный район,,2018,9999,False,False,23604.5,10.069192650803071,378.7
tid_1415,1415,1,48,Липецкая область,42-612-000-000,муниципальный район,,2018,9999,False,False,20669.5,9.936414462736408,362.7
tid_1416,1416,1,48,Липецкая область,42-615-000-000,муниципальный район,,2018,9999,False,False,19352.0,9.870551052289864,375.7
tid_1417,1417,1,48,Липецкая область,42-618-000-000,муниципальный район,,2018,9999,False,False,19238.0,9.86464276871256,365.5
tid_1419,1419,1,48,Липецкая область,42-624-000-000,муниципальный район,,2018,9999,False,False,20984.5,9.951539348941067,373.6
tid_1420,1420,1,48,Липецкая область,42-627-000-000,муниципальный район,,2018,9999,False,False,19858.5,9.896387406045822,367.9
tid_1421,1421,1,48,Липецкая область,42-630-000-000,муниципальный район,,2018,9999,False,False,20542.5,9.930251189805343,371.9
tid_1422,1422,1,48,Липецкая область,42-633-000-000,муниципальный район,,2018,9999,False,False,22820.0,10.035392623416067,375.4
tid_1423,1423,1,48,Липецкая область,42-636-000-000,муниципальный район,,2018,9999,False,False,23752.5,10.075443067080904,375.0
tid_1425,1425,1,48,Липецкая область,42-642-000-000,муниципальный район,,2018,9999,False,False,18736.0,9.838202085837498,374.5
tid_1426,1426,1,48,Липецкая область,42-645-000-000,муниципальный район,,2018,9999,False,False,21434.0,9.972733725272942,363.9
tid_1427,1427,1,48,Липецкая область,42-648-000-000,муниципальный район,,2018,9999,False,False,20663.5,9.936124137812394,367.2
tid_1428,1428,1,48,Липецкая область,42-652-000-000,муниципальный район,,2018,9999,False,False,20281.5,9.917464419466922,372.4
tid_1429,1429,1,48,Липецкая область,42-656-000-000,муниципальный район,,2018,9999,False,False,22028.5,10.000092348508643,378.5
tid_1430,1430,0,49,Магаданская область,44-701-000-000,городской округ,административный_центр_субъекта,2018,9999,False,True,54654.0,10.908777683972865,119.2
tid_1431,1431,3,49,Магаданская область,44-502-000-000,муниципальный округ,,2023,9999,False,False,39311.0,10.579259656911983,120.2
tid_1438,1438,3,49,Магаданская область,44-522-000-000,муниципальный округ,,2023,9999,False,False,44528.0,10.703873483765673,122.8
tid_1439,1439,2,50,Московская область,46-704-000-000,городской округ,,2018,9999,False,False,41400.0,10.631036159813405,565.5
tid_1440,1440,0,50,Московская область,46-705-000-000,городской округ,,2018,9999,False,False,35838.0,10.486764061960361,489.7
tid_1443,1443,2,50,Московская область,46-711-000-000,городской округ,,2018,9999,False,False,39463.5,10.583131473058327,586.8
tid_1444,1444,2,50,Московская область,46-716-000-000,городской округ,,2018,9999,False,False,44090.0,10.693988278351984,569.8
tid_1445,1445,2,50,Московская область,46-709-000-000,городской округ,,2018,9999,False,False,39477.5,10.583486168340798,524.2
tid_1446,1446,2,50,Московская область,46-718-000-000,городской округ,,2018,9999,False,False,40157.0,10.600552050380118,413.2
tid_1447,1447,0,50,Московская область,46-722-000-000,городской округ,,2018,9999,False,False,32269.5,10.38187779065885,440.1
tid_1448,1448,2,50,Московская область,46-725-000-000,городской округ,,2018,9999,False,False,41085.5,10.623410540182924,523.0
tid_1449,1449,0,50,Московская область,46-729-000-000,городской округ,,2018,9999,False,False,27797.0,10.232683380186565,417.5
tid_1453,1453,2,50,Московская область,46-733-000-000,городской округ,,2018,9999,False,False,40479.0,10.608538600098896,477.7
tid_1454,1454,0,50,Московская область,46-735-000-000,городской округ,,2018,9999,False,False,32564.5,10.39097801695506,436.1
tid_1456,1456,2,50,Московская область,46-734-000-000,городской округ,,2018,9999,False,False,44159.0,10.69555203576704,561.7
tid_1457,1457,2,50,Московская область,46-739-000-000,городской округ,,2018,9999,False,False,42980.5,10.668501803446658,601.4
tid_1459,1459,2,50,Московская область,46-744-000-000,городской округ,,2018,9999,False,False,47645.5,10.771543466007842,568.1
tid_1461,1461,2,50,Московская область,46-740-000-000,городской округ,,2018,9999,False,False,40102.5,10.599193955490996,521.6
tid_1463,1463,0,50,Московская область,46-747-000-000,городской округ,,2018,9999,False,False,32633.5,10.393094647089749,429.3
tid_1464,1464,2,50,Московская область,46-741-000-000,городской округ,,2018,9999,False,False,39509.5,10.584296428301316,538.1
tid_1465,1465,2,50,Московская область,46-748-000-000,городской округ,,2018,9999,False,False,40708.5,10.614192194834407,587.7
tid_1467,1467,2,50,Московская область,46-746-000-000,городской округ,,2018,9999,False,False,43529.0,10.681182661619935,572.6
tid_1468,1468,2,50,Московская область,46-750-000-000,городской округ,,2018,9999,False,False,38850.5,10.567476225725846,462.8
tid_1472,1472,2,50,Московская область,46-760-000-000,городской округ,,2018,9999,False,False,39063.0,10.572931006396837,527.3
tid_1473,1473,0,50,Московская область,46-767-000-000,городской округ,,2018,9999,False,False,29091.5,10.278201314271243,436.6
tid_1474,1474,0,50,Московская область,46-762-000-000,городской округ,,2018,9999,False,False,30085.5,10.311798607094211,432.8
tid_1475,1475,2,50,Московская область,46-764-000-000,городской округ,,2018,9999,False,False,45493.0,10.725313746949663,609.0
tid_1477,1477,0,50,Московская область,46-766-000-000,городской округ,,2018,9999,False,False,32382.0,10.385357991846698,431.9
tid_1478,1478,1,50,Московская область,46-772-000-000,городской округ,,2018,9999,False,False,29678.5,10.298178156920617,412.3
tid_1480,1480,2,50,Московская область,46-776-000-000,городской округ,,2018,9999,False,False,35142.5,10.46716650320592,441.1
tid_1481,1481,2,50,Московская область,46-780-000-000,городской округ,,2018,9999,False,False,39088.0,10.573570793497522,522.8
tid_1483,1483,0,50,Московская область,46-781-000-000,городской округ,,2018,9999,False,False,35902.5,10.488562209934774,483.8
tid_1484,1484,2,50,Московская область,46-784-000-000,городской округ,,2018,9999,False,False,37775.0,10.53940278714094,469.7
tid_1486,1486,0,50,Московская область,46-787-000-000,городской округ,,2018,9999,False,False,30454.0,10.323972627400678,402.6
tid_1488,1488,2,50,Московская область,46-790-000-000,городской округ,,2018,9999,False,False,37882.5,10.542244543010318,492.6
tid_1489,1489,0,50,Московская область,46-708-000-000,городской округ,,2020,9999,False,False,32483.5,10.388487547090762,417.7
tid_1490,1490,0,50,Московская область,46-710-000-000,городской округ,,2020,9999,False,False,34448.0,10.447206219604144,451.2
tid_1491,1491,2,50,Московская область,46-715-000-000,городской округ,,2019,9999,False,False,36738.5,10.511580530499618,458.3
tid_1492,1492,0,50,Московская область,46-737-000-000,городской округ,,2019,9999,False,False,35012.0,10.463446138852328,440.6
tid_1493,1493,2,50,Московская область,46-707-000-000,городской округ,,2021,9999,False,False,45014.5,10.714739939072247,565.5
tid_1494,1494,1,50,Московская область,46-752-000-000,городской округ,,2020,9999,False,False,26139.0,10.171183730899397,399.8
tid_1495,1495,0,50,Московская область,46-745-000-000,городской округ,,2019,9999,False,False,33715.0,10.425698121168683,425.5
tid_1496,1496,0,50,Московская область,46-751-000-000,городской округ,,2019,9999,False,False,35875.0,10.487795953061923,494.0
tid_15,15,0,4,Республика Алтай,84-630-000-000,муниципальный район,,2018,9999,False,False,26083.5,10.169058209490233,192.9
tid_1500,1500,2,50,Московская область,46-768-000-000,городской округ,,2020,9999,False,False,38416.5,10.55624233378658,498.5
tid_1501,1501,2,50,Московская область,46-728-000-000,городской округ,,2020,9999,False,False,36324.5,10.500247723718836,460.2
tid_1504,1504,0,50,Московская область,46-778-000-000,городской округ,,2019,9999,False,False,30047.0,10.310518101368999,418.2
tid_1506,1506,2,51,Мурманская область,47-701-000-000,городской округ,административный_центр_субъекта,2018,9999,False,True,44326.5,10.699337971317362,214.9
tid_1507,1507,0,51,Мурманская область,47-519-000-000,муниципальный округ,,2021,9999,False,False,43354.5,10.677165783049569,221.7
tid_1508,1508,0,51,Мурманская область,47-522-000-000,муниципальный округ,,2021,9999,False,False,46046.0,10.737396175804315,221.3
tid_1509,1509,0,51,Мурманская область,47-524-000-000,муниципальный округ,,2021,9999,False,False,41237.5,10.627103315536838,222.0
tid_1510,1510,1,51,Мурманская область,47-526-000-000,муниципальный округ,,2021,9999,False,False,38387.5,10.555487164749078,220.8
tid_1511,1511,0,51,Мурманская область,47-528-000-000,муниципальный округ,,2021,9999,False,False,44738.5,10.708589707436927,226.0
tid_1512,1512,1,51,Мурманская область,47-517-000-000,муниципальный округ,,2021,9999,False,False,41617.0,10.636264016619267,218.9
tid_1518,1518,0,51,Мурманская область,47-608-000-000,муниципальный район,,2018,9999,False,False,38516.5,10.558841999893943,226.7
tid_1519,1519,0,51,Мурманская область,47-605-000-000,муниципальный район,,2018,9999,False,False,32751.0,10.396688774948379,220.1
tid_1520,1520,1,51,Мурманская область,47-610-000-000,муниципальный район,,2018,9999,False,False,36829.5,10.514054433457737,216.5
tid_1521,1521,0,51,Мурманская область,47-515-000-000,муниципальный округ,,2021,9999,False,False,45102.5,10.716692956326957,207.1
tid_1522,1522,1,51,Мурманская область,47-620-000-000,муниципальный район,,2018,9999,False,False,32336.5,10.383951902166114,220.3
tid_1523,1523,2,52,Нижегородская область,22-701-000-000,городской округ,административный_центр_субъекта,2018,9999,False,True,33388.0,10.415951832970627,367.7
tid_1525,1525,0,52,Нижегородская область,22-712-000-000,городской округ,,2018,9999,False,False,30006.5,10.309169303842127,381.3
tid_1526,1526,0,52,Нижегородская область,22-715-000-000,городской округ,,2018,9999,False,False,29700.5,10.29891915966592,374.7
tid_1527,1527,0,52,Нижегородская область,22-721-000-000,городской округ,,2018,9999,False,False,32108.5,10.376876071573223,380.2
tid_1528,1528,1,52,Нижегородская область,22-727-000-000,городской округ,,2018,9999,False,False,24378.0,10.101436365215783,375.0
tid_1529,1529,1,52,Нижегородская область,22-730-000-000,городской округ,,2018,9999,False,False,22563.0,10.024066675494513,383.2
tid_1530,1530,1,52,Нижегородская область,22-739-000-000,городской округ,,2018,9999,False,False,21158.5,9.95979699499072,369.5
tid_1532,1532,0,52,Нижегородская область,22-737-000-000,городской округ,,2018,9999,False,False,22758.0,10.032672010916954,361.5
tid_1533,1533,1,52,Нижегородская область,22-758-000-000,городской округ,,2018,9999,False,False,21249.0,9.964065114421732,337.0
tid_1534,1534,1,52,Нижегородская область,22-734-000-000,городской округ,,2018,9999,False,False,21035.0,9.95394299602462,364.6
tid_1535,1535,1,52,Нижегородская область,22-749-000-000,городской округ,,2018,9999,False,False,20967.0,9.950705052145238,345.2
tid_1536,1536,1,52,Нижегородская область,22-755-000-000,городской округ,,2018,9999,False,False,22419.0,10.0176640925984,364.3
tid_1537,1537,1,52,Нижегородская область,22-502-000-000,муниципальный округ,,2023,9999,False,False,19103.0,9.857600669763652,373.3
tid_1539,1539,0,52,Нижегородская область,22-505-000-000,муниципальный округ,,2021,9999,False,False,27815.5,10.233348698260107,378.5
tid_1540,1540,0,52,Нижегородская область,22-507-000-000,муниципальный округ,,2021,9999,False,False,27106.5,10.207528830506329,379.5
tid_1541,1541,1,52,Нижегородская область,22-509-000-000,муниципальный округ,,2023,9999,False,False,21481.5,9.974947378586867,361.0
tid_1542,1542,1,52,Нижегородская область,22-510-000-000,муниципальный округ,,2023,9999,False,False,19809.5,9.893916899596178,369.3
tid_1543,1543,1,52,Нижегородская область,22-512-000-000,муниципальный округ,,2021,9999,False,False,21662.5,9.983337934023861,367.2
tid_1544,1544,1,52,Нижегородская область,22-514-000-000,муниципальный округ,,2021,9999,False,False,21612.5,9.981027129991546,371.7
tid_1545,1545,1,52,Нижегородская область,22-515-000-000,муниципальный округ,,2023,9999,False,False,21655.5,9.983014742737979,340.0
tid_1546,1546,1,52,Нижегородская область,22-517-000-000,муниципальный округ,,2023,9999,False,False,20141.5,9.91053764214861,376.4
tid_1547,1547,1,52,Нижегородская область,22-518-000-000,муниципальный округ,,2023,9999,False,False,20891.0,9.947073723199049,335.3
tid_1548,1548,1,52,Нижегородская область,22-519-000-000,муниципальный округ,,2023,9999,False,False,19192.5,9.862274856702054,370.2
tid_1549,1549,1,52,Нижегородская область,22-520-000-000,муниципальный округ,,2023,9999,False,False,23065.0,10.04607159599192,381.6
tid_1550,1550,1,52,Нижегородская область,22-719-000-000,городской округ,,2020,9999,False,False,19259.5,9.865759724475156,363.4
tid_1551,1551,1,52,Нижегородская область,22-522-000-000,муниципальный округ,,2023,9999,False,False,20249.0,9.915860688599269,349.7
tid_1552,1552,1,52,Нижегородская область,22-526-000-000,муниципальный округ,,2023,9999,False,False,18384.5,9.819263197281789,363.6
tid_1553,1553,0,52,Нижегородская область,22-528-000-000,муниципальный округ,,2023,9999,False,False,26151.0,10.171642709679686,366.9
tid_1554,1554,1,52,Нижегородская область,22-530-000-000,муниципальный округ,,2023,9999,False,False,21555.0,9.978363087181235,371.9
tid_1555,1555,1,52,Нижегородская область,22-532-000-000,муниципальный округ,,2021,9999,False,False,23402.0,10.060576767778903,371.0
tid_1556,1556,1,52,Нижегородская область,22-533-000-000,муниципальный округ,,2023,9999,False,False,22532.0,10.022691800014604,366.7
tid_1557,1557,1,52,Нижегородская область,22-534-000-000,муниципальный округ,,2021,9999,False,False,20116.5,9.909295652819104,350.9
tid_1558,1558,0,52,Нижегородская область,22-535-000-000,муниципальный округ,,2023,9999,False,False,20620.0,9.934016757570951,347.8
tid_1559,1559,1,52,Нижегородская область,22-536-000-000,муниципальный округ,,2023,9999,False,False,17307.0,9.758866322925,364.1
tid_1560,1560,2,52,Нижегородская область,22-537-000-000,муниципальный округ,,2022,9999,False,False,31946.5,10.371817907639176,381.1
tid_1561,1561,1,52,Нижегородская область,22-539-000-000,муниципальный округ,,2023,9999,False,False,20192.0,9.913041765340939,366.9
tid_1562,1562,1,52,Нижегородская область,22-540-000-000,муниципальный округ,,2021,9999,False,False,24559.5,10.108854023747657,367.7
tid_1563,1563,0,52,Нижегородская область,22-542-000-000,муниципальный округ,,2021,9999,False,False,26577.0,10.187801459080141,378.5
tid_1564,1564,1,52,Нижегородская область,22-545-000-000,муниципальный округ,,2023,9999,False,False,20439.5,9.925224582178915,361.3
tid_1565,1565,0,52,Нижегородская область,22-546-000-000,муниципальный округ,,2021,9999,False,False,22839.0,10.036224879974322,362.2
tid_1566,1566,1,52,Нижегородская область,22-548-000-000,муниципальный округ,,2023,9999,False,False,22546.0,10.023312945604477,364.1
tid_1567,1567,1,52,Нижегородская область,22-549-000-000,муниципальный округ,,2023,9999,False,False,20184.5,9.912670262110781,362.5
tid_1568,1568,1,52,Нижегородская область,22-550-000-000,муниципальный округ,,2023,9999,False,False,20133.0,9.910115538826348,375.7
tid_1569,1569,1,52,Нижегородская область,22-551-000-000,муниципальный округ,,2023,9999,False,False,18281.0,9.813617548107086,362.2
tid_1570,1570,1,52,Нижегородская область,22-552-000-000,муниципальный округ,,2023,9999,False,False,21868.5,9.992802524212987,338.4
tid_1571,1571,1,52,Нижегородская область,22-553-000-000,муниципальный округ,,2021,9999,False,False,21264.5,9.96479429459682,330.8
tid_1572,1572,0,52,Нижегородская область,22-554-000-000,муниципальный округ,,2021,9999,False,False,22351.0,10.014626341770095,341.7
tid_1573,1573,1,52,Нижегородская область,22-556-000-000,муниципальный округ,,2023,9999,False,False,20731.5,9.939409561712191,337.0
tid_1574,1574,1,52,Нижегородская область,22-557-000-000,муниципальный округ,,2023,9999,False,False,19711.0,9.888932134526929,369.3
tid_1575,1575,0,53,Новгородская область,49-701-000-000,городской округ,административный_центр_субъекта,2018,9999,False,True,32265.0,10.38173833036994,358.7
tid_1577,1577,0,53,Новгородская область,49-606-000-000,муниципальный район,,2018,9999,False,False,27017.5,10.204240083177321,333.2
tid_1578,1578,1,53,Новгородская область,49-608-000-000,муниципальный район,,2018,9999,False,False,26003.5,10.165986423328397,339.1
tid_1579,1579,1,53,Новгородская область,49-510-000-000,муниципальный округ,,2021,9999,False,False,21055.5,9.95491708764249,312.2
tid_1580,1580,1,53,Новгородская область,49-612-000-000,муниципальный район,,2018,2024,False,False,21117.5,9.957857359601652,324.7
tid_1581,1581,1,53,Новгородская область,49-614-000-000,муниципальный район,,2018,2024,False,False,23766.0,10.07601126684997,333.4
tid_1582,1582,1,53,Новгородская область,49-616-000-000,муниципальный район,,2018,9999,False,False,23812.5,10.077965931869057,326.1
tid_1583,1583,1,53,Новгородская область,49-620-000-000,муниципальный район,,2018,9999,False,False,23530.5,10.066052730964405,322.8
tid_1584,1584,1,53,Новгородская область,49-523-000-000,муниципальный округ,,2021,9999,False,False,20474.0,9.926911067479717,322.3
tid_1585,1585,1,53,Новгородская область,49-624-000-000,муниципальный район,,2018,2024,False,False,22514.0,10.02189261691475,327.7
tid_1586,1586,0,53,Новгородская область,49-625-000-000,муниципальный район,,2018,9999,False,False,30865.5,10.337394334275595,442.3
tid_1587,1587,1,53,Новгородская область,49-628-000-000,муниципальный район,,2018,9999,False,False,24663.0,10.113059423820243,335.3
tid_1588,1588,1,53,Новгородская область,49-630-000-000,муниципальный район,,2018,9999,False,False,20540.0,9.930129483482549,318.5
tid_1589,1589,1,53,Новгородская область,49-632-000-000,муниципальный район,,2018,2024,False,False,25513.5,10.146963002822256,336.5
tid_1590,1590,1,53,Новгородская область,49-634-000-000,муниципальный район,,2018,9999,False,False,21100.5,9.95705201586586,313.6
tid_1591,1591,1,53,Новгородская область,49-538-000-000,муниципальный округ,,2021,9999,False,False,21361.0,9.969322108457675,313.8
tid_1592,1592,0,53,Новгородская область,49-639-000-000,муниципальный район,,2018,9999,False,False,23294.0,10.055951095662596,316.6
tid_1593,1593,1,53,Новгородская область,49-545-000-000,муниципальный округ,,2021,9999,False,False,25374.5,10.141500011716456,322.1
tid_1594,1594,1,53,Новгородская область,49-647-000-000,муниципальный район,,2018,9999,False,False,22569.0,10.02433256222833,316.9
tid_1595,1595,1,53,Новгородская область,49-650-000-000,муниципальный район,,2018,9999,False,False,25539.0,10.147961974552167,330.1
tid_1596,1596,1,53,Новгородская область,49-655-000-000,муниципальный район,,2018,9999,False,False,20901.5,9.947576205712464,318.8
tid_1597,1597,2,54,Новосибирская область,50-701-000-000,городской округ,административный_центр_субъекта,2018,9999,False,True,34456.5,10.447452937889398,308.6
tid_1598,1598,2,54,Новосибирская область,50-708-000-000,городской округ,,2018,9999,False,False,31765.5,10.366136074171747,248.2
tid_1599,1599,0,54,Новосибирская область,50-712-000-000,городской округ,,2018,9999,False,False,28187.5,10.246633896245035,268.9
tid_16,16,0,4,Республика Алтай,84-635-000-000,муниципальный район,,2018,9999,False,False,19882.0,9.897570078772091,204.7
tid_1600,1600,0,54,Новосибирская область,50-717-000-000,городской округ,,2018,9999,False,False,29702.0,10.29896966259089,256.9
tid_1601,1601,2,54,Новосибирская область,50-740-000-000,городской округ,,2018,9999,False,False,38352.5,10.554574993718928,255.0
tid_1602,1602,1,54,Новосибирская область,50-603-000-000,муниципальный район,,2018,9999,False,False,20109.5,9.908947619205488,233.1
tid_1603,1603,0,54,Новосибирская область,50-604-000-000,муниципальный район,,2018,9999,False,False,23023.5,10.044270712421573,237.5
tid_1604,1604,0,54,Новосибирская область,50-606-000-000,муниципальный район,,2018,9999,False,False,21924.0,9.995337206166006,236.6
tid_1605,1605,1,54,Новосибирская область,50-608-000-000,муниципальный район,,2018,9999,False,False,19414.0,9.873749734272172,238.0
tid_1606,1606,1,54,Новосибирская область,50-610-000-000,муниципальный район,,2018,9999,False,False,17802.5,9.78709417585628,232.3
tid_1607,1607,1,54,Новосибирская область,50-613-000-000,муниципальный район,,2018,9999,False,False,19329.0,9.869361837806752,233.1
tid_1608,1608,0,54,Новосибирская область,50-615-000-000,муниципальный район,,2018,9999,False,False,22714.5,10.03075876606482,268.2
tid_1609,1609,0,54,Новосибирская область,50-617-000-000,муниципальный район,,2018,9999,False,False,21998.0,9.998706819117062,231.9
tid_1610,1610,1,54,Новосибирская область,50-619-000-000,муниципальный район,,2018,9999,False,False,20245.0,9.915663128466262,236.8
tid_1611,1611,1,54,Новосибирская область,50-621-000-000,муниципальный район,,2018,9999,False,False,21810.5,9.990146784196535,244.2
tid_1612,1612,1,54,Новосибирская область,50-623-000-000,муниципальный район,,2018,9999,False,False,22593.0,10.025395402769462,237.5
tid_1613,1613,1,54,Новосибирская область,50-625-000-000,муниципальный район,,2018,9999,False,False,19466.5,9.876450318467722,232.6
tid_1614,1614,1,54,Новосибирская область,50-627-000-000,муниципальный район,,2018,9999,False,False,19970.0,9.901986426409861,231.4
tid_1615,1615,0,54,Новосибирская область,50-630-000-000,муниципальный район,,2018,9999,False,False,23401.0,10.060534035475412,236.4
tid_1616,1616,1,54,Новосибирская область,50-632-000-000,муниципальный район,,2018,9999,False,False,20810.0,9.94318891938768,234.0
tid_1617,1617,1,54,Новосибирская область,50-634-000-000,муниципальный район,,2018,9999,False,False,21768.5,9.988219249695796,231.4
tid_1618,1618,1,54,Новосибирская область,50-636-000-000,муниципальный район,,2018,9999,False,False,21402.5,9.971263016616641,233.3
tid_1619,1619,1,54,Новосибирская область,50-638-000-000,муниципальный район,,2018,9999,False,False,22668.0,10.02870951728951,241.8
tid_1620,1620,2,54,Новосибирская область,50-640-000-000,муниципальный район,,2018,9999,False,False,34350.0,10.444357297650495,1000.0
tid_1621,1621,0,54,Новосибирская область,50-642-000-000,муниципальный район,,2018,9999,False,False,22819.5,10.035370712571293,237.1
tid_1622,1622,1,54,Новосибирская область,50-644-000-000,муниципальный район,,2018,9999,False,False,21277.0,9.965381956073719,230.5
tid_1623,1623,0,54,Новосибирская область,50-648-000-000,муниципальный район,,2018,9999,False,False,21920.0,9.995154741061953,226.2
tid_1624,1624,1,54,Новосибирская область,50-650-000-000,муниципальный район,,2018,9999,False,False,22552.0,10.023579032793949,241.1
tid_1625,1625,0,54,Новосибирская область,50-652-000-000,муниципальный район,,2018,9999,False,False,20977.5,9.951205713744224,237.3
tid_1626,1626,1,54,Новосибирская область,50-654-000-000,муниципальный район,,2018,9999,False,False,19626.0,9.884610496766438,236.6
tid_1627,1627,1,54,Новосибирская область,50-655-000-000,муниципальный район,,2018,9999,False,False,21448.0,9.973386679915794,240.4
tid_1628,1628,1,54,Новосибирская область,50-656-000-000,муниципальный район,,2018,9999,False,False,21725.0,9.986218950133592,239.7
tid_1629,1629,1,54,Новосибирская область,50-657-000-000,муниципальный район,,2018,9999,False,False,21581.0,9.979568576941464,237.3
tid_1630,1630,0,54,Новосибирская область,50-658-000-000,муниципальный район,,2018,9999,False,False,19761.5,9.891490879351943,236.8
tid_1631,1631,1,54,Новосибирская область,50-659-000-000,муниципальный район,,2018,9999,False,False,20391.0,9.922848906014748,237.5
tid_1632,1632,2,55,Омская область,52-701-000-000,городской округ,административный_центр_субъекта,2018,9999,False,True,30033.5,10.31006870430249,242.0
tid_1633,1633,0,55,Омская область,52-601-000-000,муниципальный район,,2018,9999,False,False,19529.0,9.879655819282782,250.8
tid_1634,1634,1,55,Омская область,52-603-000-000,муниципальный район,,2018,9999,False,False,17865.5,9.79062675775128,238.5
tid_1635,1635,0,55,Омская область,52-606-000-000,муниципальный район,,2018,9999,False,False,17641.5,9.778009359959201,240.1
tid_1636,1636,1,55,Омская область,52-609-000-000,муниципальный район,,2018,9999,False,False,16449.0,9.708019964072157,244.6
tid_1637,1637,1,55,Омская область,52-612-000-000,муниципальный район,,2018,9999,False,False,19790.5,9.892957303562946,237.1
tid_1638,1638,0,55,Омская область,52-615-000-000,муниципальный район,,2018,9999,False,False,19835.5,9.895228540596433,249.1
tid_1639,1639,1,55,Омская область,52-618-000-000,муниципальный район,,2018,9999,False,False,20073.5,9.907155816222552,246.8
tid_1640,1640,1,55,Омская область,52-621-000-000,муниципальный район,,2018,9999,False,False,18222.5,9.810412373256368,242.0
tid_1641,1641,1,55,Омская область,52-623-000-000,муниципальный район,,2018,9999,False,False,19168.0,9.860997500915175,251.5
tid_1642,1642,1,55,Омская область,52-626-000-000,муниципальный район,,2018,9999,False,False,18703.5,9.836465951104751,253.1
tid_1643,1643,1,55,Омская область,52-629-000-000,муниципальный район,,2018,9999,False,False,18999.5,9.852167942012837,251.5
tid_1644,1644,1,55,Омская область,52-630-000-000,муниципальный район,,2018,9999,False,False,19607.0,9.883641924315421,251.7
tid_1645,1645,0,55,Омская область,52-632-000-000,муниципальный район,,2018,9999,False,False,19130.5,9.859039199050393,249.1
tid_1646,1646,1,55,Омская область,52-634-000-000,муниципальный район,,2018,9999,False,False,18429.5,9.821707920615983,234.2
tid_1647,1647,1,55,Омская область,52-636-000-000,муниципальный район,,2018,9999,False,False,18265.0,9.812741939229383,251.9
tid_1648,1648,1,55,Омская область,52-639-000-000,муниципальный район,,2018,9999,False,False,17145.0,9.74946186489702,243.4
tid_1649,1649,1,55,Омская область,52-641-000-000,муниципальный район,,2018,9999,False,False,17828.0,9.788525534066446,236.4
tid_1650,1650,1,55,Омская область,52-642-000-000,муниципальный район,,2018,9999,False,False,18930.0,9.848503244203368,242.7
tid_1651,1651,1,55,Омская область,52-643-000-000,муниципальный район,,2018,9999,False,False,18768.5,9.839935211629609,242.7
tid_1652,1652,0,55,Омская область,52-644-000-000,муниципальный район,,2018,9999,False,False,22906.5,10.039175992061345,260.0
tid_1653,1653,1,55,Омская область,52-646-000-000,муниципальный район,,2018,9999,False,False,19048.5,9.854743637297197,242.5
tid_1654,1654,0,55,Омская область,52-648-000-000,муниципальный район,,2018,9999,False,False,19243.5,9.864928620357505,245.8
tid_1655,1655,1,55,Омская область,52-650-000-000,муниципальный район,,2018,9999,False,False,18580.0,9.82984101236783,236.1
tid_1656,1656,1,55,Омская область,52-651-000-000,муниципальный район,,2018,9999,False,False,18633.0,9.832689481227412,247.5
tid_1657,1657,1,55,Омская область,52-652-000-000,муниципальный район,,2018,9999,False,False,17556.5,9.773179530694208,235.7
tid_1658,1658,0,55,Омская область,52-653-000-000,муниципальный район,,2018,9999,False,False,19050.0,9.854822380554847,247.9
tid_1659,1659,0,55,Омская область,52-654-000-000,муниципальный район,,2018,9999,False,False,22186.5,10.007239274779534,237.3
tid_1660,1660,1,55,Омская область,52-655-000-000,муниципальный район,,2018,9999,False,False,19418.0,9.87395574993009,240.9
tid_1661,1661,1,55,Омская область,52-656-000-000,муниципальный район,,2018,9999,False,False,17898.0,9.792444253742804,252.2
tid_1662,1662,3,55,Омская область,52-657-000-000,муниципальный район,,2018,9999,False,False,18514.0,9.826282481627157,244.2
tid_1663,1663,1,55,Омская область,52-658-000-000,муниципальный район,,2018,9999,False,False,19788.0,9.8928309723476,238.5
tid_1664,1664,1,55,Омская область,52-659-000-000,муниципальный район,,2018,9999,False,False,18686.5,9.835556616995554,246.0
tid_1665,1665,2,56,Оренбургская область,53-701-000-000,городской округ,административный_центр_субъекта,2018,9999,False,True,28230.0,10.248140521247535,345.2
tid_1666,1666,0,56,Оренбургская область,53-704-000-000,городской округ,,2018,9999,False,False,18687.5,9.835610130133043,326.1
tid_1667,1667,0,56,Оренбургская область,53-708-000-000,городской округ,,2018,9999,False,False,24563.0,10.108996524638528,342.9
tid_1668,1668,0,56,Оренбургская область,53-712-000-000,городской округ,,2018,9999,False,False,27065.0,10.205996659231078,341.7
tid_1669,1669,1,56,Оренбургская область,53-713-000-000,городской округ,,2018,9999,False,False,22189.5,10.007374483000401,280.8
tid_167,167,2,7,Кабардино-Балкарская Республика,83-701-000-000,городской округ,административный_центр_субъекта,2018,9999,False,True,23083.0,10.046851694843998,298.0
tid_1670,1670,0,56,Оренбургская область,53-714-000-000,городской округ,,2018,9999,False,False,19424.5,9.874290434878828,286.4
tid_1671,1671,1,56,Оренбургская область,53-715-000-000,городской округ,,2018,9999,False,False,20267.5,9.916773896861862,285.7
tid_1672,1672,0,56,Оренбургская область,53-720-000-000,городской округ,,2018,9999,False,False,24809.0,10.11896176954543,280.8
tid_1673,1673,0,56,Оренбургская область,53-723-000-000,городской округ,,2018,9999,False,False,25497.5,10.146335687124672,278.6
tid_1674,1674,0,56,Оренбургская область,53-725-000-000,городской округ,,2018,9999,False,False,20642.5,9.935107336291583,291.6
tid_1675,1675,0,56,Оренбургская область,53-727-000-000,городской округ,,2018,9999,False,False,21325.0,9.96763537235988,313.8
tid_1676,1676,1,56,Оренбургская область,53-732-000-000,городской округ,,2018,9999,False,False,22363.0,10.015163086426718,268.7
tid_1678,1678,1,56,Оренбургская область,53-604-000-000,муниципальный район,,2018,9999,False,False,17042.0,9.743436164387901,270.6
tid_1679,1679,1,56,Оренбургская область,53-605-000-000,муниципальный район,,2018,9999,False,False,17436.5,9.76632098924903,285.5
tid_168,168,2,7,Кабардино-Балкарская Республика,83-703-000-000,городской округ,,2018,9999,False,False,17377.5,9.762931544974641,337.9
tid_1680,1680,1,56,Оренбургская область,53-606-000-000,муниципальный район,,2018,9999,False,False,15626.0,9.65669147255669,310.5
tid_1681,1681,1,56,Оренбургская область,53-607-000-000,муниципальный район,,2018,9999,False,False,18272.0,9.813125112455737,327.3
tid_1682,1682,0,56,Оренбургская область,53-610-000-000,муниципальный район,,2018,9999,False,False,16459.0,9.708627719044069,290.4
tid_1683,1683,0,56,Оренбургская область,53-611-000-000,муниципальный район,,2018,9999,False,False,22175.5,10.006743354837898,358.9
tid_1685,1685,1,56,Оренбургская область,53-615-000-000,муниципальный район,,2018,9999,False,False,18296.5,9.814465063706992,318.8
tid_1686,1686,1,56,Оренбургская область,53-617-000-000,муниципальный район,,2018,9999,False,False,18675.5,9.834967783404322,267.5
tid_1687,1687,1,56,Оренбургская область,53-619-000-000,муниципальный район,,2018,9999,False,False,17707.0,9.781715320606217,299.6
tid_1688,1688,1,56,Оренбургская область,53-622-000-000,муниципальный район,,2018,9999,False,False,18072.5,9.802146724874452,270.6
tid_1689,1689,1,56,Оренбургская область,53-623-000-000,муниципальный район,,2018,9999,False,False,18550.0,9.82822506803558,313.8
tid_169,169,2,7,Кабардино-Балкарская Республика,83-710-000-000,городской округ,,2018,9999,False,False,20292.5,9.918006638635331,346.2
tid_1690,1690,1,56,Оренбургская область,53-625-000-000,муниципальный район,,2018,9999,False,False,17756.5,9.784506925052836,317.4
tid_1691,1691,0,56,Оренбургская область,53-627-000-000,муниципальный район,,2018,9999,False,False,16941.0,9.737491998340946,323.5
tid_1692,1692,1,56,Оренбургская область,53-630-000-000,муниципальный район,,2018,9999,False,False,17619.0,9.77673314419063,276.3
tid_1693,1693,0,56,Оренбургская область,53-631-000-000,муниципальный район,,2018,9999,False,False,19326.0,9.869206618559254,309.3
tid_1694,1694,0,56,Оренбургская область,53-633-000-000,муниципальный район,,2018,9999,False,False,17555.5,9.773122570110916,305.5
tid_1696,1696,1,56,Оренбургская область,53-636-000-000,муниципальный район,,2018,9999,False,False,18028.0,9.799681383810539,308.4
tid_1697,1697,0,56,Оренбургская область,53-637-000-000,муниципальный район,,2018,9999,False,False,17790.0,9.786391780659882,305.3
tid_1698,1698,1,56,Оренбургская область,53-638-000-000,муниципальный район,,2018,9999,False,False,18495.0,9.825255704266555,320.9
tid_1699,1699,1,56,Оренбургская область,53-640-000-000,муниципальный район,,2018,9999,False,False,16675.5,9.72169585534178,304.6
tid_17,17,0,4,Республика Алтай,84-640-000-000,муниципальный район,,2018,9999,False,False,22787.5,10.033967418986919,198.8
tid_1700,1700,0,56,Оренбургская область,53-641-000-000,муниципальный район,,2018,9999,False,False,18669.0,9.834619673237327,295.2
tid_1701,1701,1,56,Оренбургская область,53-642-000-000,муниципальный район,,2018,9999,False,False,20733.5,9.93950602861206,260.2
tid_1702,1702,1,56,Оренбургская область,53-643-000-000,муниципальный район,,2018,9999,False,False,17559.0,9.773321917959331,337.2
tid_1703,1703,0,56,Оренбургская область,53-651-000-000,муниципальный район,,2018,9999,False,False,17497.5,9.769813292563695,304.1
tid_1704,1704,0,56,Оренбургская область,53-652-000-000,муниципальный район,,2018,9999,False,False,24249.0,10.096130658401954,316.2
tid_1705,1705,1,56,Оренбургская область,53-653-000-000,муниципальный район,,2018,9999,False,False,17353.5,9.761549494137054,300.8
tid_1706,1706,0,56,Оренбургская область,53-656-000-000,муниципальный район,,2018,9999,False,False,17561.5,9.773464284953207,314.5
tid_1707,1707,0,57,Орловская область,54-701-000-000,городской округ,административный_центр_субъекта,2018,9999,False,True,28204.0,10.24721909083893,408.0
tid_1708,1708,1,57,Орловская область,54-705-000-000,городской округ,,2018,9999,False,False,22816.5,10.035239237419907,379.0
tid_1709,1709,0,57,Орловская область,54-710-000-000,городской округ,,2018,9999,False,False,25316.5,10.139211636055666,381.1
tid_1710,1710,1,57,Орловская область,54-604-000-000,муниципальный район,,2018,9999,False,False,19943.0,9.900633483553221,364.3
tid_1711,1711,1,57,Орловская область,54-608-000-000,муниципальный район,,2018,9999,False,False,20791.5,9.942299528321517,361.7
tid_1712,1712,1,57,Орловская область,54-610-000-000,муниципальный район,,2018,9999,False,False,18813.0,9.842303399211131,354.0
tid_1714,1714,1,57,Орловская область,54-615-000-000,муниципальный район,,2018,9999,False,False,18535.5,9.827443091212356,348.5
tid_1715,1715,1,57,Орловская область,54-618-000-000,муниципальный район,,2018,9999,False,False,18473.5,9.824092551721876,361.0
tid_1717,1717,1,57,Орловская область,54-623-000-000,муниципальный район,,2018,9999,False,False,18424.0,9.82140944150052,350.9
tid_1718,1718,1,57,Орловская область,54-624-000-000,муниципальный район,,2018,9999,False,False,19203.0,9.862821795810113,362.0
tid_1719,1719,0,57,Орловская область,54-625-000-000,муниципальный район,,2018,9999,False,False,24812.0,10.119082686093009,354.9
tid_1722,1722,1,57,Орловская область,54-632-000-000,муниципальный район,,2018,9999,False,False,20069.0,9.906931614938683,352.5
tid_1724,1724,1,57,Орловская область,54-639-000-000,муниципальный район,,2018,9999,False,False,20583.0,9.932220771359,361.7
tid_1725,1725,1,57,Орловская область,54-643-000-000,муниципальный район,,2018,9999,False,False,18817.0,9.842515995544645,362.7
tid_1726,1726,0,57,Орловская область,54-501-000-000,муниципальный округ,,2022,9999,False,False,28652.0,10.262978527734342,566.7
tid_1727,1727,1,57,Орловская область,54-650-000-000,муниципальный район,,2018,9999,False,False,19336.0,9.869723922383319,356.6
tid_1728,1728,1,57,Орловская область,54-652-000-000,муниципальный район,,2018,9999,False,False,18195.0,9.80890211004626,357.7
tid_173,173,1,7,Кабардино-Балкарская Республика,83-620-000-000,муниципальный район,,2018,9999,False,False,17457.0,9.76749599332478,301.5
tid_1730,1730,1,57,Орловская область,54-654-000-000,муниципальный район,,2018,9999,False,False,18836.0,9.843525211363445,351.6
tid_1731,1731,1,57,Орловская область,54-655-000-000,муниципальный район,,2018,9999,False,False,18596.5,9.830728669951702,356.3
tid_1732,1732,1,57,Орловская область,54-657-000-000,муниципальный район,,2018,9999,False,False,18139.0,9.805819595357969,351.8
tid_1733,1733,1,57,Орловская область,54-659-000-000,муниципальный район,,2018,9999,False,False,19148.5,9.859979662559194,345.5
tid_1737,1737,1,58,Пензенская область,56-603-000-000,муниципальный район,,2018,9999,False,False,19764.5,9.891642678168205,358.0
tid_1738,1738,1,58,Пензенская область,56-609-000-000,муниципальный район,,2018,9999,False,False,18992.5,9.851799443377377,354.0
tid_1739,1739,1,58,Пензенская область,56-612-000-000,муниципальный район,,2018,9999,False,False,17682.5,9.780330728910146,359.4
tid_1740,1740,0,58,Пензенская область,56-613-000-000,муниципальный район,,2018,9999,False,False,20740.0,9.939819481783518,365.5
tid_1741,1741,1,58,Пензенская область,56-615-000-000,муниципальный район,,2018,9999,False,False,17321.5,9.759703783447254,362.7
tid_1742,1742,0,58,Пензенская область,56-618-000-000,муниципальный район,,2018,9999,False,False,16473.5,9.709508308184704,358.0
tid_1743,1743,1,58,Пензенская область,56-623-000-000,муниципальный район,,2018,9999,False,False,17881.5,9.791521937826166,358.9
tid_1744,1744,1,58,Пензенская область,56-626-000-000,муниципальный район,,2018,9999,False,False,17021.5,9.742232529853874,362.2
tid_1745,1745,1,58,Пензенская область,56-629-000-000,муниципальный район,,2018,9999,False,False,20040.5,9.905510504987353,361.0
tid_1746,1746,1,58,Пензенская область,56-631-000-000,муниципальный район,,2018,9999,False,False,17215.0,9.753536375772624,351.6
tid_1747,1747,1,58,Пензенская область,56-633-000-000,муниципальный район,,2018,9999,False,False,17575.0,9.774232716678865,356.6
tid_1749,1749,1,58,Пензенская область,56-642-000-000,муниципальный район,,2018,9999,False,False,15164.0,9.626679476636225,350.4
tid_1750,1750,1,58,Пензенская область,56-643-000-000,муниципальный район,,2018,9999,False,False,16670.0,9.72136597574484,358.2
tid_1751,1751,1,58,Пензенская область,56-644-000-000,муниципальный район,,2018,9999,False,False,16597.0,9.71697723512072,352.1
tid_1752,1752,0,58,Пензенская область,56-645-000-000,муниципальный район,,2018,9999,False,False,17843.0,9.789366553431428,365.1
tid_1753,1753,1,58,Пензенская область,56-647-000-000,муниципальный район,,2018,9999,False,False,17560.5,9.773407340587838,364.3
tid_1754,1754,0,58,Пензенская область,56-649-000-000,муниципальный район,,2018,9999,False,False,15122.0,9.623905916118215,347.6
tid_1755,1755,1,58,Пензенская область,56-651-000-000,муниципальный район,,2018,9999,False,False,20059.0,9.906433209824698,363.9
tid_1756,1756,1,58,Пензенская область,56-653-000-000,муниципальный район,,2018,9999,False,False,17535.5,9.771982676567523,352.1
tid_1757,1757,1,58,Пензенская область,56-654-000-000,муниципальный район,,2018,9999,False,False,17435.0,9.766234959109752,359.6
tid_1758,1758,2,58,Пензенская область,56-655-000-000,муниципальный район,,2018,9999,False,False,27237.0,10.212331622039867,356.8
tid_1759,1759,1,58,Пензенская область,56-656-000-000,муниципальный район,,2018,9999,False,False,20075.0,9.907230538814963,352.8
tid_1760,1760,0,58,Пензенская область,56-657-000-000,муниципальный район,,2018,9999,False,False,19551.0,9.88078171500049,350.4
tid_1761,1761,1,58,Пензенская область,56-606-000-000,муниципальный район,,2018,9999,False,False,18768.0,9.839908570893257,365.8
tid_1762,1762,1,58,Пензенская область,56-658-000-000,муниципальный район,,2018,9999,False,False,17474.5,9.76849795438938,356.6
tid_1764,1764,0,60,Псковская область,58-701-000-000,городской округ,административный_центр_субъекта,2018,9999,False,True,31016.5,10.342274599932718,324.2
tid_1765,1765,0,60,Псковская область,58-710-000-000,городской округ,,2018,9999,False,False,26400.0,10.181119289134408,328.2
tid_1766,1766,1,60,Псковская область,58-604-000-000,муниципальный район,,2018,9999,False,False,21629.0,9.981790285793302,309.1
tid_1768,1768,1,60,Псковская область,58-608-000-000,муниципальный район,,2018,9999,False,False,20110.5,9.908997345709725,299.6
tid_1769,1769,1,60,Псковская область,58-610-000-000,муниципальный район,,2018,9999,False,False,22236.5,10.009490361879196,303.9
tid_1770,1770,1,60,Псковская область,58-612-000-000,муниципальный район,,2018,9999,False,False,23051.5,10.045486122229358,305.8
tid_1771,1771,1,60,Псковская область,58-614-000-000,муниципальный район,,2018,2024,False,False,19736.0,9.890199658209193,299.4
tid_1773,1773,1,60,Псковская область,58-618-000-000,муниципальный район,,2018,2024,False,False,19833.0,9.895102496001687,311.7
tid_1774,1774,1,60,Псковская область,58-620-000-000,муниципальный район,,2018,2024,False,False,20368.0,9.921720320797188,311.5
tid_1775,1775,1,60,Псковская область,58-623-000-000,муниципальный район,,2018,2024,False,False,19802.0,9.89353822168246,303.4
tid_1776,1776,1,60,Псковская область,58-626-000-000,муниципальный район,,2018,9999,False,False,20225.0,9.914674741926692,316.2
tid_1777,1777,1,60,Псковская область,58-629-000-000,муниципальный район,,2018,2024,False,False,21735.5,9.986702147529126,303.2
tid_1778,1778,0,60,Псковская область,58-633-000-000,муниципальный район,,2018,9999,False,False,22610.5,10.026169679136304,299.4
tid_1780,1780,1,60,Псковская область,58-640-000-000,муниципальный район,,2018,2024,False,False,21985.5,9.998138424135465,291.9
tid_1781,1781,1,60,Псковская область,58-643-000-000,муниципальный район,,2018,9999,False,False,21491.5,9.97541278710759,307.4
tid_1782,1782,1,60,Псковская область,58-647-000-000,муниципальный район,,2018,9999,False,False,22025.5,9.999956152022301,305.1
tid_1783,1783,2,60,Псковская область,58-649-000-000,муниципальный район,,2018,9999,False,False,34396.5,10.445710093999152,414.2
tid_1784,1784,1,60,Псковская область,58-650-000-000,муниципальный район,,2018,9999,False,False,21109.5,9.957478455104733,309.3
tid_1785,1785,1,60,Псковская область,58-651-000-000,муниципальный район,,2018,9999,False,False,22895.0,10.038673825091196,300.6
tid_1786,1786,1,60,Псковская область,58-653-000-000,муниципальный район,,2018,2024,False,False,21878.5,9.993259698427181,296.1
tid_1787,1787,1,60,Псковская область,58-654-000-000,муниципальный район,,2018,9999,False,False,23312.0,10.056723528434986,301.3
tid_1788,1788,1,60,Псковская область,58-656-000-000,муниципальный район,,2018,2024,False,False,22099.5,10.00331026281552,306.3
tid_18,18,0,4,Республика Алтай,84-643-000-000,муниципальный район,,2018,9999,False,False,26068.5,10.168482967872897,207.6
tid_181,181,1,8,Республика Калмыкия,85-605-000-000,муниципальный район,,2018,9999,False,False,17149.5,9.749724297650134,314.8
tid_184,184,1,8,Республика Калмыкия,85-615-000-000,муниципальный район,,2018,9999,False,False,18684.5,9.835449582128843,280.8
tid_1845,1845,2,62,Рязанская область,61-701-000-000,городской округ,административный_центр_субъекта,2018,9999,False,True,31640.0,10.36217742188159,432.8
tid_1846,1846,1,62,Рязанская область,61-705-000-000,городской округ,,2018,9999,False,False,23170.0,10.050613617426421,403.5
tid_1848,1848,1,62,Рязанская область,61-715-000-000,городской округ,,2018,9999,False,False,21169.0,9.96029312635758,407.3
tid_1849,1849,1,62,Рязанская область,61-602-000-000,муниципальный район,,2018,9999,False,False,17712.5,9.782025883998935,370.0
tid_185,185,2,8,Республика Калмыкия,85-620-000-000,муниципальный район,,2018,9999,False,False,16912.5,9.735808272479044,321.1
tid_1850,1850,1,62,Рязанская область,61-604-000-000,муниципальный район,,2018,9999,False,False,18338.0,9.816730688609846,400.5
tid_1851,1851,1,62,Рязанская область,61-606-000-000,муниципальный район,,2018,9999,False,False,18955.5,9.849849405866845,366.2
tid_1852,1852,1,62,Рязанская область,61-608-000-000,муниципальный район,,2018,9999,False,False,20887.0,9.946882234855318,404.0
tid_1853,1853,1,62,Рязанская область,61-610-000-000,муниципальный район,,2018,9999,False,False,20452.0,9.92583595619989,404.3
tid_1854,1854,1,62,Рязанская область,61-612-000-000,муниципальный район,,2018,9999,False,False,18941.5,9.849110561069796,387.0
tid_1855,1855,1,62,Рязанская область,61-615-000-000,муниципальный район,,2018,9999,False,False,20691.5,9.937478266903366,383.2
tid_1856,1856,1,62,Рязанская область,61-617-000-000,муниципальный район,,2018,9999,False,False,21146.5,9.959229686146761,403.3
tid_1857,1857,1,62,Рязанская область,61-620-000-000,муниципальный район,,2018,9999,False,False,20618.0,9.93391975965633,382.5
tid_1858,1858,1,62,Рязанская область,61-623-000-000,муниципальный район,,2018,9999,False,False,19597.5,9.883157286062877,376.6
tid_1859,1859,1,62,Рязанская область,61-625-000-000,муниципальный район,,2018,9999,False,False,20622.5,9.934137991734886,392.2
tid_1860,1860,1,62,Рязанская область,61-626-000-000,муниципальный район,,2018,2024,False,False,18970.0,9.85061406292906,383.5
tid_1861,1861,1,62,Рязанская область,61-627-000-000,муниципальный район,,2018,9999,False,False,23026.0,10.044379291233609,416.1
tid_1862,1862,1,62,Рязанская область,61-630-000-000,муниципальный район,,2018,2024,False,False,22666.0,10.028621283292894,386.8
tid_1863,1863,0,62,Рязанская область,61-634-000-000,муниципальный район,,2018,9999,False,False,28233.0,10.248246785526897,648.6
tid_1864,1864,1,62,Рязанская область,61-637-000-000,муниципальный район,,2018,9999,False,False,21225.0,9.962935011179548,379.2
tid_1865,1865,1,62,Рязанская область,61-640-000-000,муниципальный район,,2018,9999,False,False,19200.5,9.862691599343462,373.3
tid_1868,1868,1,62,Рязанская область,61-646-000-000,муниципальный район,,2018,9999,False,False,19927.0,9.899830875032585,389.1
tid_1869,1869,1,62,Рязанская область,61-648-000-000,муниципальный район,,2018,9999,False,False,20338.5,9.920270920570474,394.6
tid_1870,1870,1,62,Рязанская область,61-650-000-000,муниципальный район,,2018,9999,False,False,19079.0,9.85634353272731,382.5
tid_1871,1871,1,62,Рязанская область,61-653-000-000,муниципальный район,,2018,9999,False,False,19466.0,9.876424632986438,371.2
tid_1872,1872,1,62,Рязанская область,61-656-000-000,муниципальный район,,2018,9999,False,False,19816.0,9.894244971169195,379.7
tid_1873,1873,1,62,Рязанская область,61-658-000-000,муниципальный район,,2018,9999,False,False,21063.0,9.955273225685358,385.4
tid_1874,1874,2,63,Самарская область,36-701-000-000,городской округ,административный_центр_субъекта,2018,9999,False,True,32197.0,10.379628559490257,384.7
tid_1875,1875,0,63,Самарская область,36-704-000-000,городской округ,,2018,9999,False,False,26920.0,10.200624783758665,351.4
tid_1876,1876,0,63,Самарская область,36-708-000-000,городской округ,,2018,9999,False,False,26821.0,10.196940441748334,362.7
tid_1877,1877,0,63,Самарская область,36-713-000-000,городской округ,,2018,9999,False,False,29555.0,10.29400821325847,348.1
tid_1878,1878,1,63,Самарская область,36-718-000-000,городской округ,,2018,9999,False,False,20394.5,9.923020535638441,350.6
tid_1879,1879,0,63,Самарская область,36-724-000-000,городской округ,,2018,9999,False,False,27561.5,10.224175150351886,338.8
tid_188,188,0,8,Республика Калмыкия,85-632-000-000,муниципальный район,,2018,9999,False,False,18044.5,9.800596208186489,319.0
tid_1880,1880,1,63,Самарская область,36-727-000-000,городской округ,,2018,9999,False,False,22946.0,10.040898908359088,345.0
tid_1881,1881,0,63,Самарская область,36-735-000-000,городской округ,,2018,9999,False,False,27149.0,10.209095492271228,362.7
tid_1883,1883,0,63,Самарская область,36-750-000-000,городской округ,,2018,9999,False,False,25308.5,10.13889558667032,340.5
tid_1884,1884,1,63,Самарская область,36-602-000-000,муниципальный район,,2018,9999,False,False,20001.5,9.903562549723768,323.7
tid_1885,1885,1,63,Самарская область,36-604-000-000,муниципальный район,,2018,9999,False,False,22866.0,10.037406370101916,330.1
tid_1886,1886,1,63,Самарская область,36-606-000-000,муниципальный район,,2018,9999,False,False,19955.0,9.901235017482835,332.7
tid_1887,1887,1,63,Самарская область,36-608-000-000,муниципальный район,,2018,9999,False,False,20475.0,9.92695990872127,325.9
tid_1888,1888,1,63,Самарская область,36-610-000-000,муниципальный район,,2018,9999,False,False,20687.0,9.93726076264305,318.8
tid_1889,1889,1,63,Самарская область,36-612-000-000,муниципальный район,,2018,9999,False,False,20663.0,9.936099940263604,328.9
tid_1890,1890,0,63,Самарская область,36-614-000-000,муниципальный район,,2018,9999,False,False,30190.0,10.315266022700884,773.6
tid_1891,1891,1,63,Самарская область,36-615-000-000,муниципальный район,,2018,9999,False,False,19925.5,9.89975559744645,349.5
tid_1892,1892,1,63,Самарская область,36-616-000-000,муниципальный район,,2018,9999,False,False,19530.5,9.879732625181513,340.5
tid_1893,1893,0,63,Самарская область,36-617-000-000,муниципальный район,,2018,9999,False,False,17946.5,9.795150388831745,337.9
tid_1894,1894,1,63,Самарская область,36-618-000-000,муниципальный район,,2018,9999,False,False,20141.5,9.91053764214861,377.8
tid_1895,1895,1,63,Самарская область,36-620-000-000,муниципальный район,,2018,9999,False,False,22039.5,10.00059157698411,336.7
tid_1896,1896,1,63,Самарская область,36-622-000-000,муниципальный район,,2018,9999,False,False,19821.5,9.894522486150478,336.7
tid_1897,1897,1,63,Самарская область,36-624-000-000,муниципальный район,,2018,9999,False,False,20245.0,9.915663128466262,345.2
tid_1898,1898,1,63,Самарская область,36-626-000-000,муниципальный район,,2018,9999,False,False,20704.0,9.938082197300627,334.8
tid_1899,1899,0,63,Самарская область,36-628-000-000,муниципальный район,,2018,9999,False,False,23341.5,10.057988171127674,354.0
tid_19,19,1,4,Республика Алтай,84-645-000-000,муниципальный район,,2018,9999,False,False,19802.5,9.893563471338435,210.2
tid_1900,1900,1,63,Самарская область,36-630-000-000,муниципальный район,,2018,9999,False,False,23907.5,10.081947496223698,330.1
tid_1901,1901,1,63,Самарская область,36-632-000-000,муниципальный район,,2018,9999,False,False,20579.5,9.932050713660443,328.5
tid_1902,1902,1,63,Самарская область,36-634-000-000,муниципальный район,,2018,9999,False,False,18005.5,9.798432545761266,345.9
tid_1903,1903,1,63,Самарская область,36-636-000-000,муниципальный район,,2018,9999,False,False,21132.5,9.958567418803083,319.0
tid_1904,1904,0,63,Самарская область,36-638-000-000,муниципальный район,,2018,9999,False,False,21958.0,9.996886816794678,343.1
tid_1905,1905,0,63,Самарская область,36-640-000-000,муниципальный район,,2018,9999,False,False,26104.5,10.169862992242338,639.7
tid_1906,1906,0,63,Самарская область,36-642-000-000,муниципальный район,,2018,9999,False,False,22194.5,10.00759978941808,444.9
tid_1907,1907,1,63,Самарская область,36-644-000-000,муниципальный район,,2018,9999,False,False,20333.0,9.920000460910341,324.2
tid_1908,1908,1,63,Самарская область,36-646-000-000,муниципальный район,,2018,9999,False,False,18283.0,9.813726945328504,340.5
tid_1909,1909,1,63,Самарская область,36-648-000-000,муниципальный район,,2018,9999,False,False,19077.5,9.856264909163789,340.7
tid_191,191,0,8,Республика Калмыкия,85-646-000-000,муниципальный район,,2018,9999,False,False,19298.5,9.867782651665351,298.7
tid_1910,1910,1,63,Самарская область,36-650-000-000,муниципальный район,,2018,9999,False,False,19721.0,9.889439336810069,349.0
tid_1912,1912,1,64,Саратовская область,63-746-000-000,городской округ,,2020,9999,False,False,23144.0,10.04949084665597,341.4
tid_1915,1915,1,64,Саратовская область,63-602-000-000,муниципальный район,,2018,9999,False,False,17724.0,9.782674932319381,300.4
tid_1916,1916,1,64,Саратовская область,63-603-000-000,муниципальный район,,2018,9999,False,False,18897.0,9.846758458290038,347.3
tid_1917,1917,1,64,Саратовская область,63-604-000-000,муниципальный район,,2018,9999,False,False,19154.5,9.860292953948854,345.0
tid_1918,1918,1,64,Саратовская область,63-606-000-000,муниципальный район,,2018,9999,False,False,17048.5,9.74381750230191,344.7
tid_1919,1919,0,64,Саратовская область,63-607-000-000,муниципальный район,,2018,9999,False,False,26125.0,10.170647989267112,337.2
tid_1920,1920,0,64,Саратовская область,63-608-000-000,муниципальный район,,2018,9999,False,False,21993.5,9.998502234139705,347.8
tid_1921,1921,1,64,Саратовская область,63-609-000-000,муниципальный район,,2018,9999,False,False,18591.0,9.830432871630217,343.6
tid_1922,1922,0,64,Саратовская область,63-611-000-000,муниципальный район,,2018,9999,False,False,22221.5,10.008815567665819,340.0
tid_1923,1923,1,64,Саратовская область,63-612-000-000,муниципальный район,,2018,9999,False,False,17320.5,9.75964605006002,336.5
tid_1924,1924,0,64,Саратовская область,63-613-000-000,муниципальный район,,2018,9999,False,False,16900.0,9.735068900911164,318.1
tid_1925,1925,1,64,Саратовская область,63-614-000-000,муниципальный район,,2018,9999,False,False,18120.0,9.80477157959697,324.4
tid_1926,1926,1,64,Саратовская область,63-616-000-000,муниципальный район,,2018,9999,False,False,19013.5,9.85290453216005,346.2
tid_1927,1927,0,64,Саратовская область,63-617-000-000,муниципальный район,,2018,9999,False,False,18295.0,9.814383077453307,325.9
tid_1928,1928,1,64,Саратовская область,63-619-000-000,муниципальный район,,2018,9999,False,False,19125.0,9.858751658694736,331.1
tid_1929,1929,1,64,Саратовская область,63-621-000-000,муниципальный район,,2018,9999,False,False,18832.5,9.84333937969985,342.6
tid_1930,1930,1,64,Саратовская область,63-622-000-000,муниципальный район,,2018,9999,False,False,19539.5,9.880193336733045,338.8
tid_1931,1931,1,64,Саратовская область,63-623-000-000,муниципальный район,,2018,9999,False,False,18808.0,9.842037590219906,325.4
tid_1932,1932,1,64,Саратовская область,63-624-000-000,муниципальный район,,2018,9999,False,False,17985.0,9.797293356129725,328.2
tid_1933,1933,1,64,Саратовская область,63-625-000-000,муниципальный район,,2018,9999,False,False,17812.5,9.787655737011006,342.6
tid_1934,1934,0,64,Саратовская область,63-626-000-000,муниципальный район,,2018,9999,False,False,20551.0,9.93066488054092,342.9
tid_1935,1935,1,64,Саратовская область,63-629-000-000,муниципальный район,,2018,9999,False,False,17020.0,9.742144402127366,346.9
tid_1936,1936,0,64,Саратовская область,63-630-000-000,муниципальный район,,2018,9999,False,False,18085.5,9.802865791225475,308.1
tid_1937,1937,1,64,Саратовская область,63-632-000-000,муниципальный район,,2018,9999,False,False,19081.0,9.856448354530341,313.3
tid_1938,1938,1,64,Саратовская область,63-634-000-000,муниципальный район,,2018,9999,False,False,17844.0,9.789422596248155,320.0
tid_1939,1939,1,64,Саратовская область,63-635-000-000,муниципальный район,,2018,9999,False,False,18176.5,9.807884829945335,349.2
tid_194,194,2,9,Карачаево-Черкесская Республика,91-701-000-000,городской округ,административный_центр_субъекта,2018,9999,False,True,22647.5,10.027804749543442,306.5
tid_1940,1940,1,64,Саратовская область,63-636-000-000,муниципальный район,,2018,9999,False,False,17667.5,9.77948207256501,315.9
tid_1941,1941,1,64,Саратовская область,63-637-000-000,муниципальный район,,2018,9999,False,False,20414.0,9.923976218963444,331.5
tid_1942,1942,1,64,Саратовская область,63-639-000-000,муниципальный район,,2018,9999,False,False,17313.0,9.759212943379076,328.2
tid_1943,1943,1,64,Саратовская область,63-640-000-000,муниципальный район,,2018,9999,False,False,17176.5,9.751297449521504,348.1
tid_1944,1944,1,64,Саратовская область,63-641-000-000,муниципальный район,,2018,9999,False,False,19404.5,9.873260276916032,352.5
tid_1945,1945,1,64,Саратовская область,63-642-000-000,муниципальный район,,2018,9999,False,False,17323.5,9.759819240223251,340.5
tid_1947,1947,1,64,Саратовская область,63-644-000-000,муниципальный район,,2018,9999,False,False,19459.5,9.876090661679177,334.1
tid_1948,1948,1,64,Саратовская область,63-646-000-000,муниципальный район,,2018,9999,False,False,19031.0,9.853824507517027,350.6
tid_1949,1949,1,64,Саратовская область,63-647-000-000,муниципальный район,,2018,9999,False,False,18640.5,9.83309191191416,345.5
tid_195,195,2,9,Карачаево-Черкесская Республика,91-705-000-000,городской округ,,2018,9999,False,False,18493.0,9.825147561084876,311.0
tid_1950,1950,1,64,Саратовская область,63-648-000-000,муниципальный район,,2018,9999,False,False,17735.5,9.78332355964933,329.4
tid_1951,1951,1,64,Саратовская область,63-649-000-000,муниципальный район,,2018,9999,False,False,19326.5,9.86923249010702,341.0
tid_1952,1952,2,64,Саратовская область,63-650-000-000,муниципальный район,,2018,9999,False,False,26926.0,10.20084764153918,358.0
tid_1954,1954,3,65,Сахалинская область,64-704-000-000,городской округ,,2018,9999,False,False,33360.5,10.415127844369957,126.3
tid_1955,1955,3,65,Сахалинская область,64-708-000-000,городской округ,,2018,9999,False,False,40576.5,10.61094436027618,134.6
tid_1956,1956,3,65,Сахалинская область,64-712-000-000,городской округ,,2018,9999,False,False,34042.5,10.435365022998731,133.4
tid_1957,1957,3,65,Сахалинская область,64-716-000-000,городской округ,,2018,9999,False,False,39031.5,10.572124291411575,133.9
tid_1958,1958,3,65,Сахалинская область,64-720-000-000,городской округ,,2018,9999,False,False,49011.0,10.799800041694619,134.4
tid_1959,1959,3,65,Сахалинская область,64-724-000-000,городской округ,,2018,9999,False,False,33908.0,10.431406253728296,130.6
tid_196,196,2,9,Карачаево-Черкесская Республика,91-601-000-000,муниципальный район,,2018,9999,False,False,20259.5,9.91637909832736,324.7
tid_1960,1960,3,65,Сахалинская область,64-728-000-000,городской округ,,2018,9999,False,False,34288.0,10.442550717713358,134.1
tid_1961,1961,0,65,Сахалинская область,64-732-000-000,городской округ,,2018,9999,False,False,42680.5,10.661497420436103,125.4
tid_1962,1962,3,65,Сахалинская область,64-736-000-000,городской округ,,2018,9999,False,False,41003.0,10.621400513741305,122.8
tid_1963,1963,3,65,Сахалинская область,64-740-000-000,городской округ,,2018,9999,False,False,33980.5,10.43354210965563,129.4
tid_1965,1965,3,65,Сахалинская область,64-746-000-000,городской округ,,2018,9999,False,False,30252.5,10.317334104672208,128.5
tid_1966,1966,3,65,Сахалинская область,64-748-000-000,городской округ,,2018,9999,False,False,29849.0,10.303906617422061,132.7
tid_1967,1967,3,65,Сахалинская область,64-750-000-000,городской округ,,2018,9999,False,False,35906.5,10.48867361658308,126.8
tid_1968,1968,3,65,Сахалинская область,64-752-000-000,городской округ,,2018,9999,False,False,36470.5,10.504258993607293,129.9
tid_1969,1969,3,65,Сахалинская область,64-754-000-000,городской округ,,2018,9999,False,False,34367.0,10.444852080610952,135.5
tid_1970,1970,3,65,Сахалинская область,64-756-000-000,городской округ,,2018,9999,False,False,48983.0,10.799228578120072,134.6
tid_1971,1971,2,66,Свердловская область,65-701-000-000,городской округ,административный_центр_субъекта,2018,9999,False,True,35579.0,10.479510855147508,298.5
tid_1972,1972,0,66,Свердловская область,65-728-000-000,городской округ,,2018,9999,False,False,25327.0,10.13962629934515,295.2
tid_1973,1973,1,66,Свердловская область,65-703-000-000,городской округ,,2018,9999,False,False,24064.5,10.08849300445924,293.3
tid_1974,1974,0,66,Свердловская область,65-730-000-000,городской округ,,2018,9999,False,False,28934.0,10.272772653189536,299.6
tid_1975,1975,1,66,Свердловская область,65-762-000-000,городской округ,,2018,9999,False,False,26725.5,10.193373444792135,297.0
tid_1976,1976,1,66,Свердловская область,65-763-000-000,городской округ,,2018,9999,False,False,26626.0,10.189643460991862,296.6
tid_1977,1977,2,66,Свердловская область,65-731-000-000,городской округ,,2018,9999,False,False,32313.5,10.38324037854754,324.0
tid_1978,1978,0,66,Свердловская область,65-707-000-000,городской округ,,2018,9999,False,False,26711.0,10.192830744564542,299.6
tid_1979,1979,2,66,Свердловская область,65-732-000-000,городской округ,,2018,9999,False,False,34207.5,10.440200197253965,324.2
tid_198,198,2,9,Карачаево-Черкесская Республика,91-610-000-000,муниципальный район,,2018,9999,False,False,19408.5,9.873466393424117,297.8
tid_1980,1980,0,66,Свердловская область,65-757-000-000,городской округ,,2018,9999,False,False,28895.5,10.271441152634004,321.1
tid_1981,1981,0,66,Свердловская область,65-708-000-000,городской округ,,2018,9999,False,False,30516.5,10.326022799923184,292.6
tid_1982,1982,0,66,Свердловская область,65-737-000-000,городской округ,,2018,9999,False,False,29310.0,10.285684033704937,307.4
tid_1983,1983,1,66,Свердловская область,65-738-000-000,городской округ,,2018,9999,False,False,27084.0,10.206698426605536,257.4
tid_1984,1984,1,66,Свердловская область,65-764-000-000,городской округ,,2018,9999,False,False,23151.5,10.049814852231702,249.6
tid_1985,1985,0,66,Свердловская область,65-739-000-000,городской округ,,2018,9999,False,False,26451.0,10.183049243755137,297.8
tid_1986,1986,0,66,Свердловская область,65-740-000-000,городской округ,,2018,9999,False,False,28966.5,10.27389526882889,316.2
tid_1987,1987,0,66,Свердловская область,65-741-000-000,городской округ,,2018,9999,False,False,24573.5,10.109423905512617,306.3
tid_1988,1988,1,66,Свердловская область,65-742-000-000,городской округ,,2018,9999,False,False,27190.5,10.210622926571084,270.6
tid_1989,1989,1,66,Свердловская область,65-735-000-000,городской округ,,2018,9999,False,False,24511.0,10.106877275363477,268.5
tid_1990,1990,0,66,Свердловская область,65-743-000-000,городской округ,,2018,9999,False,False,28878.0,10.270835338531164,292.1
tid_1991,1991,0,66,Свердловская область,65-744-000-000,городской округ,,2018,9999,False,False,25245.0,10.136383395293016,303.0
tid_1992,1992,1,66,Свердловская область,65-733-000-000,городской округ,,2018,9999,False,False,24350.5,10.100307662180821,302.7
tid_1993,1993,0,66,Свердловская область,65-745-000-000,городской округ,,2018,9999,False,False,31633.0,10.361956158466594,271.1
tid_1994,1994,1,66,Свердловская область,65-746-000-000,городской округ,,2018,9999,False,False,24086.0,10.089386037820425,293.3
tid_1995,1995,0,66,Свердловская область,65-747-000-000,городской округ,,2018,9999,False,False,24913.5,10.123165104207164,323.0
tid_1996,1996,0,66,Свердловская область,65-748-000-000,городской округ,,2018,9999,False,False,23466.0,10.06330784398357,294.9
tid_1997,1997,1,66,Свердловская область,65-734-000-000,городской округ,,2018,9999,False,False,24931.5,10.123887343179275,295.6
tid_1999,1999,0,66,Свердловская область,65-714-000-000,городской округ,,2018,9999,False,False,26953.5,10.201868438034618,303.0
tid_2,2,2,1,Республика Адыгея,79-703-000-000,городской округ,,2018,9999,False,False,19007.0,9.852562611350837,322.8
tid_20,20,0,4,Республика Алтай,84-650-000-000,муниципальный район,,2018,9999,False,False,19936.0,9.90028242158718,207.8
tid_2000,2000,0,66,Свердловская область,65-751-000-000,городской округ,,2018,9999,False,False,31140.5,10.346264501778032,303.0
tid_2001,2001,1,66,Свердловская область,65-750-000-000,городской округ,,2018,9999,False,False,25988.5,10.165409411464411,291.1
tid_2002,2002,0,66,Свердловская область,65-715-000-000,городской округ,,2018,9999,False,False,26338.5,10.178787026067495,291.9
tid_2004,2004,0,66,Свердловская область,65-753-000-000,городской округ,,2018,9999,False,False,28863.0,10.270315777029374,313.1
tid_2005,2005,0,66,Свердловская область,65-754-000-000,городской округ,,2018,9999,False,False,29909.0,10.305914717430841,308.6
tid_2006,2006,0,66,Свердловская область,65-719-000-000,городской округ,,2018,9999,False,False,29275.5,10.284506267739367,313.1
tid_2007,2007,1,66,Свердловская область,65-736-000-000,городской округ,,2018,9999,False,False,24813.5,10.119143138884434,312.2
tid_2008,2008,0,66,Свердловская область,65-720-000-000,городской округ,,2018,9999,False,False,25294.0,10.138322492439922,298.5
tid_2009,2009,1,66,Свердловская область,65-755-000-000,городской округ,,2018,9999,False,False,28520.5,10.258378405931358,264.9
tid_201,201,2,9,Карачаево-Черкесская Республика,91-623-000-000,муниципальный район,,2018,9999,False,False,20335.0,9.920098818341325,304.8
tid_2010,2010,0,66,Свердловская область,65-756-000-000,городской округ,,2018,9999,False,False,27361.5,10.21689219479508,273.7
tid_2011,2011,0,66,Свердловская область,65-758-000-000,городской округ,,2018,9999,False,False,27064.0,10.205959710460544,296.8
tid_2012,2012,0,66,Свердловская область,65-723-000-000,городской округ,,2018,9999,False,False,24645.0,10.112329319139478,269.4
tid_2015,2015,1,66,Свердловская область,65-771-000-000,городской округ,,2018,9999,False,False,23557.0,10.067178295192607,300.8
tid_2017,2017,0,66,Свердловская область,65-704-000-000,городской округ,,2018,9999,False,False,21022.5,9.953348571707053,308.1
tid_2018,2018,1,66,Свердловская область,65-705-000-000,городской округ,,2018,9999,False,False,21304.5,9.966673596989292,311.2
tid_2019,2019,0,66,Свердловская область,65-706-000-000,городской округ,,2018,9999,False,False,25835.5,10.159504794124098,308.1
tid_2021,2021,0,66,Свердловская область,65-709-000-000,городской округ,,2018,9999,False,False,24031.0,10.087099942513005,280.0
tid_2022,2022,1,66,Свердловская область,65-710-000-000,городской округ,,2018,9999,False,False,21126.5,9.958283455621734,259.7
tid_2023,2023,1,66,Свердловская область,65-711-000-000,городской округ,,2018,9999,False,False,21643.5,9.98246045740542,303.4
tid_2024,2024,0,66,Свердловская область,65-712-000-000,городской округ,,2018,9999,False,False,26089.5,10.169288213516317,399.8
tid_2025,2025,3,66,Свердловская область,65-713-000-000,городской округ,,2018,9999,False,False,21259.0,9.964535614101061,331.1
tid_2027,2027,1,66,Свердловская область,65-759-000-000,городской округ,,2018,9999,False,False,21942.0,9.996157887377436,308.9
tid_2028,2028,1,66,Свердловская область,65-716-000-000,городской округ,,2018,9999,False,False,23772.0,10.076263696486551,281.7
tid_203,203,1,9,Карачаево-Черкесская Республика,91-630-000-000,муниципальный район,,2018,9999,False,False,19383.0,9.872151672226275,296.8
tid_2030,2030,0,66,Свердловская область,65-718-000-000,городской округ,,2018,9999,False,False,23342.5,10.05803101235808,289.0
tid_2031,2031,1,66,Свердловская область,65-721-000-000,городской округ,,2018,9999,False,False,24334.0,10.099629828347394,264.7
tid_2032,2032,0,66,Свердловская область,65-722-000-000,городской округ,,2018,9999,False,False,28884.5,10.271060398043042,311.2
tid_2033,2033,0,66,Свердловская область,65-729-000-000,городской округ,,2018,9999,False,False,29574.5,10.294667782532924,319.5
tid_2034,2034,0,66,Свердловская область,65-724-000-000,городской округ,,2018,9999,False,False,23793.0,10.077146698751429,284.8
tid_2035,2035,1,66,Свердловская область,65-725-000-000,городской округ,,2018,9999,False,False,21564.0,9.97878053657156,283.4
tid_2036,2036,1,66,Свердловская область,65-726-000-000,городской округ,,2018,9999,False,False,22567.5,10.02426609717231,277.0
tid_2037,2037,1,66,Свердловская область,65-727-000-000,городской округ,,2018,9999,False,False,20568.5,9.931516058257408,300.8
tid_2039,2039,1,66,Свердловская область,65-608-000-000,муниципальный район,,2018,9999,False,False,22914.5,10.03952517693646,281.9
tid_204,204,2,9,Карачаево-Черкесская Республика,91-635-000-000,муниципальный район,,2018,9999,False,False,16267.5,9.69692453136914,303.9
tid_2040,2040,0,66,Свердловская область,65-623-000-000,муниципальный район,,2018,9999,False,False,28150.5,10.245320395399437,310.0
tid_2041,2041,1,66,Свердловская область,65-639-000-000,муниципальный район,,2018,9999,False,False,22715.5,10.030802789837665,277.7
tid_2042,2042,1,66,Свердловская область,65-628-000-000,муниципальный район,,2018,9999,False,False,23216.0,10.052596975123969,307.9
tid_2043,2043,1,66,Свердловская область,65-645-000-000,муниципальный район,,2018,9999,False,False,20946.5,9.949726846954325,259.5
tid_2044,2044,2,67,Смоленская область,66-701-000-000,городской округ,административный_центр_субъекта,2018,9999,False,True,30610.0,10.329082031939459,371.0
tid_2045,2045,1,67,Смоленская область,66-710-000-000,городской округ,,2018,9999,False,False,29080.5,10.277823125447371,337.4
tid_2046,2046,1,67,Смоленская область,66-603-000-000,муниципальный район,,2018,9999,False,False,19941.0,9.900533192709691,319.2
tid_2047,2047,0,67,Смоленская область,66-605-000-000,муниципальный район,,2018,9999,False,False,26605.5,10.18887324031375,370.0
tid_2048,2048,0,67,Смоленская область,66-608-000-000,муниципальный район,,2018,9999,False,False,26967.5,10.202387716249584,387.0
tid_2049,2049,1,67,Смоленская область,66-609-000-000,муниципальный район,,2018,9999,False,False,19541.0,9.880270101359944,336.7
tid_205,205,2,9,Карачаево-Черкесская Республика,91-640-000-000,муниципальный район,,2018,9999,False,False,16601.5,9.717248331708069,315.0
tid_2050,2050,1,67,Смоленская область,66-611-000-000,муниципальный район,,2018,9999,False,False,17793.5,9.786588501050584,326.8
tid_2051,2051,1,67,Смоленская область,66-614-000-000,муниципальный район,,2018,9999,False,False,25044.0,10.128389556865201,345.7
tid_2052,2052,1,67,Смоленская область,66-616-000-000,муниципальный район,,2018,9999,False,False,20278.5,9.91731649047257,340.0
tid_2053,2053,1,67,Смоленская область,66-619-000-000,муниципальный район,,2018,9999,False,False,20952.5,9.950013249973061,340.0
tid_2054,2054,1,67,Смоленская область,66-621-000-000,муниципальный район,,2018,9999,False,False,17604.0,9.775881427930981,327.7
tid_2055,2055,1,67,Смоленская область,66-623-000-000,муниципальный район,,2018,9999,False,False,20202.0,9.91353688838913,339.1
tid_2056,2056,1,67,Смоленская область,66-624-000-000,муниципальный район,,2018,9999,False,False,18261.0,9.812522917162035,324.4
tid_2057,2057,1,67,Смоленская область,66-627-000-000,муниципальный район,,2018,9999,False,False,17173.5,9.751122777031977,325.9
tid_2058,2058,1,67,Смоленская область,66-630-000-000,муниципальный район,,2018,9999,False,False,21248.5,9.964041583625802,366.0
tid_2059,2059,1,67,Смоленская область,66-633-000-000,муниципальный район,,2018,9999,False,False,21053.0,9.954798346770556,332.5
tid_206,206,2,10,Республика Карелия,86-701-000-000,городской округ,административный_центр_субъекта,2018,9999,False,True,37020.0,10.519213586127488,280.5
tid_2060,2060,0,67,Смоленская область,66-636-000-000,муниципальный район,,2018,9999,False,False,23834.0,10.07886841165075,335.3
tid_2061,2061,0,67,Смоленская область,66-638-000-000,муниципальный район,,2018,9999,False,False,19926.5,9.899805783133502,322.6
tid_2062,2062,0,67,Смоленская область,66-641-000-000,муниципальный район,,2018,9999,False,False,24215.5,10.094748202982611,350.9
tid_2063,2063,0,67,Смоленская область,66-644-000-000,муниципальный район,,2018,9999,False,False,30728.0,10.33292957002574,534.1
tid_2064,2064,1,67,Смоленская область,66-646-000-000,муниципальный район,,2018,9999,False,False,22456.0,10.019313118041719,362.2
tid_2065,2065,1,67,Смоленская область,66-648-000-000,муниципальный район,,2018,9999,False,False,22112.5,10.00389833846804,367.7
tid_2066,2066,1,67,Смоленская область,66-650-000-000,муниципальный район,,2018,9999,False,False,21262.0,9.964676720848551,358.2
tid_2067,2067,1,67,Смоленская область,66-652-000-000,муниципальный район,,2018,9999,False,False,18685.0,9.835476341919584,326.1
tid_2068,2068,1,67,Смоленская область,66-654-000-000,муниципальный район,,2018,9999,False,False,20580.0,9.93207500938804,351.1
tid_2069,2069,1,67,Смоленская область,66-656-000-000,муниципальный район,,2018,9999,False,False,17590.0,9.775085837731604,328.2
tid_207,207,0,10,Республика Карелия,86-706-000-000,городской округ,,2018,9999,False,False,39250.0,10.577706723210554,238.5
tid_2070,2070,1,67,Смоленская область,66-658-000-000,муниципальный район,,2018,9999,False,False,23576.5,10.068005732200788,344.0
tid_2072,2072,1,68,Тамбовская область,68-705-000-000,городской округ,,2018,9999,False,False,20031.0,9.905036352525979,371.0
tid_2073,2073,1,68,Тамбовская область,68-710-000-000,городской округ,,2018,9999,False,False,20806.5,9.943020716871455,371.0
tid_2074,2074,0,68,Тамбовская область,68-715-000-000,городской округ,,2018,9999,False,False,23101.0,10.047631185616188,391.3
tid_2075,2075,1,68,Тамбовская область,68-720-000-000,городской округ,,2018,9999,False,False,20754.5,9.940518369616374,388.4
tid_2076,2076,0,68,Тамбовская область,68-725-000-000,городской округ,,2018,9999,False,False,20624.5,9.934234968484787,385.1
tid_2077,2077,1,68,Тамбовская область,68-730-000-000,городской округ,,2018,9999,False,False,20461.0,9.92627591416656,362.2
tid_2078,2078,1,68,Тамбовская область,68-602-000-000,муниципальный район,,2018,2024,False,False,15611.0,9.655731072956666,366.0
tid_2079,2079,1,68,Тамбовская область,68-603-000-000,муниципальный район,,2018,2024,False,False,18500.0,9.825526011066415,363.4
tid_208,208,1,10,Республика Карелия,86-604-000-000,муниципальный район,,2018,2024,False,False,31018.0,10.342322960119398,247.2
tid_2080,2080,1,68,Тамбовская область,68-604-000-000,муниципальный район,,2018,2024,False,False,20421.0,9.92431906211606,357.3
tid_2081,2081,1,68,Тамбовская область,68-606-000-000,муниципальный район,,2018,2024,False,False,18699.0,9.83622532547696,367.4
tid_2082,2082,1,68,Тамбовская область,68-608-000-000,муниципальный район,,2018,2024,False,False,18765.5,9.839775356564527,358.4
tid_2085,2085,1,68,Тамбовская область,68-614-000-000,муниципальный район,,2018,2024,False,False,18488.0,9.824877151954217,362.2
tid_2087,2087,1,68,Тамбовская область,68-618-000-000,муниципальный район,,2018,2024,False,False,18124.0,9.804992305787028,353.5
tid_2088,2088,1,68,Тамбовская область,68-620-000-000,муниципальный район,,2018,2024,False,False,17820.0,9.788076701024801,373.6
tid_2089,2089,1,68,Тамбовская область,68-622-000-000,муниципальный район,,2018,2024,False,False,19081.0,9.856448354530341,377.3
tid_209,209,1,10,Республика Карелия,86-609-000-000,муниципальный район,,2018,9999,False,False,32516.0,10.389487554866463,234.5
tid_2090,2090,1,68,Тамбовская область,68-624-000-000,муниципальный район,,2018,2024,False,False,17337.0,9.760598224985888,371.2
tid_2091,2091,1,68,Тамбовская область,68-626-000-000,муниципальный район,,2018,2024,False,False,17204.0,9.752897193903626,366.0
tid_2093,2093,0,68,Тамбовская область,68-630-000-000,муниципальный район,,2018,2024,False,False,18553.0,9.828386780026877,359.4
tid_2094,2094,1,68,Тамбовская область,68-632-000-000,муниципальный район,,2018,2024,False,False,18376.5,9.818827953402335,365.1
tid_2095,2095,1,68,Тамбовская область,68-634-000-000,муниципальный район,,2018,2024,False,False,16937.5,9.737285377622056,367.4
tid_2096,2096,1,68,Тамбовская область,68-636-000-000,муниципальный район,,2018,2024,False,False,17646.5,9.778292742414056,371.0
tid_2098,2098,1,68,Тамбовская область,68-642-000-000,муниципальный район,,2018,2024,False,False,18430.5,9.821762179975735,360.3
tid_21,21,2,2,Республика Башкортостан,80-701-000-000,городской округ,административный_центр_субъекта,2018,9999,False,True,30938.5,10.339756642020985,374.3
tid_210,210,1,10,Республика Карелия,86-612-000-000,муниципальный район,,2018,9999,False,False,29653.5,10.297335441304101,244.4
tid_2100,2100,1,68,Тамбовская область,68-646-000-000,муниципальный район,,2018,2024,False,False,17593.5,9.77528479462967,359.1
tid_2101,2101,2,69,Тверская область,28-701-000-000,городской округ,административный_центр_субъекта,2018,9999,False,True,33030.5,10.405186656023819,414.9
tid_2105,2105,1,69,Тверская область,28-752-000-000,городской округ,,2018,9999,False,False,26486.0,10.18437157048691,337.9
tid_2108,2108,0,69,Тверская область,28-750-000-000,городской округ,,2018,9999,False,False,26512.0,10.185352739666344,378.3
tid_2109,2109,1,69,Тверская область,28-751-000-000,городской округ,,2018,9999,False,False,29609.0,10.29583364815114,342.9
tid_211,211,0,10,Республика Карелия,86-615-000-000,муниципальный район,,2018,9999,False,False,28307.0,10.250864402868727,270.4
tid_2110,2110,1,69,Тверская область,28-502-000-000,муниципальный округ,,2020,9999,False,False,24024.0,10.086808609663166,330.1
tid_2111,2111,1,69,Тверская область,28-604-000-000,муниципальный район,,2018,2024,False,False,22790.0,10.03407712223973,359.6
tid_2112,2112,1,69,Тверская область,28-506-000-000,муниципальный округ,,2023,9999,False,False,20105.5,9.9087486884576,336.0
tid_2113,2113,1,69,Тверская область,28-608-000-000,муниципальный район,,2018,2024,False,False,23883.0,10.080922187756688,344.5
tid_2114,2114,1,69,Тверская область,28-510-000-000,муниципальный округ,,2020,9999,False,False,21155.0,9.959631563154169,336.0
tid_2116,2116,1,69,Тверская область,28-514-000-000,муниципальный округ,,2023,9999,False,False,20351.0,9.920885329712549,327.7
tid_2117,2117,1,69,Тверская область,28-516-000-000,муниципальный округ,,2021,9999,False,False,21774.0,9.988471876441125,333.9
tid_2118,2118,1,69,Тверская область,28-518-000-000,муниципальный округ,,2023,9999,False,False,21935.5,9.99586160796099,375.2
tid_2119,2119,0,69,Тверская область,28-620-000-000,муниципальный район,,2018,2024,False,False,31378.5,10.353878223997285,572.6
tid_212,212,1,10,Республика Карелия,86-618-000-000,муниципальный район,,2018,9999,False,False,29275.5,10.284506267739367,284.3
tid_2120,2120,1,69,Тверская область,28-622-000-000,муниципальный район,,2018,2024,False,False,25084.5,10.130005404489287,389.1
tid_2121,2121,1,69,Тверская область,28-758-000-000,городской округ,,2019,9999,False,False,22674.5,10.028996224023569,379.2
tid_2122,2122,1,69,Тверская область,28-526-000-000,муниципальный округ,,2023,9999,False,False,22407.0,10.017128689025176,367.9
tid_2124,2124,0,69,Тверская область,28-630-000-000,муниципальный район,,2018,2024,False,False,28370.5,10.253105151898561,400.9
tid_2125,2125,1,69,Тверская область,28-532-000-000,муниципальный округ,,2021,9999,False,False,19305.0,9.868119408698337,351.6
tid_2126,2126,1,69,Тверская область,28-634-000-000,муниципальный район,,2018,2024,False,False,24445.5,10.104201428884153,354.2
tid_2127,2127,1,69,Тверская область,28-536-000-000,муниципальный округ,,2021,9999,False,False,19556.0,9.881037423698537,341.9
tid_2128,2128,1,69,Тверская область,28-538-000-000,муниципальный округ,,2022,9999,False,False,21986.5,9.998183907624966,372.8
tid_2129,2129,1,69,Тверская область,28-540-000-000,муниципальный округ,,2023,9999,False,False,20653.5,9.935640075552536,358.0
tid_213,213,1,10,Республика Карелия,86-621-000-000,муниципальный район,,2018,9999,False,False,32220.5,10.380358174922165,234.7
tid_2130,2130,1,69,Тверская область,28-542-000-000,муниципальный округ,,2022,9999,False,False,20546.0,9.93042155377621,348.3
tid_2131,2131,1,69,Тверская область,28-759-000-000,городской округ,,2019,9999,False,False,22536.0,10.022869309556208,342.6
tid_2132,2132,1,69,Тверская область,28-544-000-000,муниципальный округ,,2020,9999,False,False,21740.5,9.986932159490763,351.8
tid_2133,2133,1,69,Тверская область,28-546-000-000,муниципальный округ,,2021,9999,False,False,22826.0,10.035655516113545,330.6
tid_2134,2134,1,69,Тверская область,28-547-000-000,муниципальный округ,,2022,9999,False,False,20681.0,9.936970683352676,372.6
tid_2136,2136,1,69,Тверская область,28-549-000-000,муниципальный округ,,2021,9999,False,False,20971.0,9.950895809931119,340.3
tid_2137,2137,1,69,Тверская область,28-550-000-000,муниципальный округ,,2021,9999,False,False,21661.5,9.983291770234729,343.8
tid_2138,2138,1,69,Тверская область,28-551-000-000,муниципальный округ,,2023,9999,False,False,21188.0,9.961190262664417,354.9
tid_2139,2139,1,69,Тверская область,28-552-000-000,муниципальный округ,,2022,9999,False,False,20226.5,9.914748904813147,356.8
tid_214,214,1,10,Республика Карелия,86-624-000-000,муниципальный район,,2018,9999,False,False,28068.0,10.24238541637218,266.4
tid_2140,2140,1,69,Тверская область,28-553-000-000,муниципальный округ,,2023,9999,False,False,21938.5,9.995998363214884,374.5
tid_2142,2142,1,69,Тверская область,28-655-000-000,муниципальный район,,2018,2024,False,False,23289.5,10.055757894206545,327.7
tid_2143,2143,1,69,Тверская область,28-657-000-000,муниципальный район,,2018,2024,False,False,21857.5,9.992299391055045,339.6
tid_2144,2144,2,70,Томская область,69-701-000-000,городской округ,административный_центр_субъекта,2018,9999,False,True,32954.0,10.402867928617377,260.4
tid_2145,2145,1,70,Томская область,69-707-000-000,городской округ,,2018,9999,False,False,26325.0,10.178274337002176,197.6
tid_2146,2146,0,70,Томская область,69-710-000-000,городской округ,,2018,9999,False,False,34344.0,10.444182609904397,218.7
tid_2148,2148,3,70,Томская область,69-604-000-000,муниципальный район,,2018,9999,False,False,27068.5,10.206125969177965,216.1
tid_2149,2149,1,70,Томская область,69-608-000-000,муниципальный район,,2018,9999,False,False,22229.5,10.009175514577535,221.0
tid_215,215,1,10,Республика Карелия,86-627-000-000,муниципальный район,,2018,9999,False,False,28387.5,10.253704186413813,246.8
tid_2150,2150,1,70,Томская область,69-612-000-000,муниципальный район,,2018,9999,False,False,21231.5,9.96324120693524,203.1
tid_2151,2151,1,70,Томская область,69-616-000-000,муниципальный район,,2018,9999,False,False,24302.5,10.098334504695224,206.4
tid_2152,2152,1,70,Томская область,69-620-000-000,муниципальный район,,2018,9999,False,False,19044.5,9.8545336249582,219.8
tid_2153,2153,1,70,Томская область,69-624-000-000,муниципальный район,,2018,9999,False,False,24317.5,10.098951534743595,201.4
tid_2154,2154,1,70,Томская область,69-628-000-000,муниципальный район,,2018,9999,False,False,20122.0,9.909569022851995,229.0
tid_2155,2155,1,70,Томская область,69-632-000-000,муниципальный район,,2018,9999,False,False,25235.0,10.135987198774362,199.1
tid_2156,2156,1,70,Томская область,69-636-000-000,муниципальный район,,2018,9999,False,False,21982.5,9.998001961253157,219.1
tid_2157,2157,1,70,Томская область,69-640-000-000,муниципальный район,,2018,9999,False,False,22040.0,10.00061426326685,216.8
tid_2158,2158,1,70,Томская область,69-644-000-000,муниципальный район,,2018,9999,False,False,26132.5,10.170935029406863,204.3
tid_2159,2159,1,70,Томская область,69-648-000-000,муниципальный район,,2018,9999,False,False,20511.5,9.92874098344826,220.3
tid_216,216,1,10,Республика Карелия,86-630-000-000,муниципальный район,,2018,9999,False,False,26020.5,10.166639967869573,292.1
tid_2160,2160,1,70,Томская область,69-652-000-000,муниципальный район,,2018,9999,False,False,21733.5,9.986610127928886,209.9
tid_2161,2161,2,70,Томская область,69-654-000-000,муниципальный район,,2018,9999,False,False,34253.5,10.441544028250373,453.4
tid_2162,2162,1,70,Томская область,69-656-000-000,муниципальный район,,2018,9999,False,False,22229.0,10.00915302169091,210.6
tid_2163,2163,1,70,Томская область,69-658-000-000,муниципальный район,,2018,9999,False,False,21133.0,9.958591078762153,229.0
tid_2164,2164,2,71,Тульская область,70-701-000-000,городской округ,административный_центр_субъекта,2018,9999,False,True,33997.5,10.434042271483113,404.0
tid_2165,2165,0,71,Тульская область,70-706-000-000,городской округ,,2018,9999,False,False,28126.5,10.244467471417883,409.4
tid_2167,2167,0,71,Тульская область,70-712-000-000,городской округ,,2018,9999,False,False,24994.0,10.12639107504573,401.2
tid_2168,2168,0,71,Тульская область,70-714-000-000,городской округ,,2018,9999,False,False,26360.5,10.179621956570086,379.0
tid_2169,2169,0,71,Тульская область,70-724-000-000,городской округ,,2018,9999,False,False,29516.5,10.292704707999542,401.2
tid_217,217,1,10,Республика Карелия,86-633-000-000,муниципальный район,,2018,2024,False,False,29441.5,10.290160522631806,277.7
tid_2171,2171,1,71,Тульская область,70-604-000-000,муниципальный район,,2018,9999,False,False,23453.0,10.062753697461577,376.2
tid_2172,2172,1,71,Тульская область,70-606-000-000,муниципальный район,,2018,9999,False,False,23208.0,10.05225232580124,373.1
tid_2173,2173,1,71,Тульская область,70-608-000-000,муниципальный район,,2018,9999,False,False,25240.0,10.13618531665515,394.8
tid_2174,2174,1,71,Тульская область,70-612-000-000,муниципальный район,,2018,9999,False,False,24553.0,10.108589325349573,414.2
tid_2175,2175,1,71,Тульская область,70-616-000-000,муниципальный район,,2018,9999,False,False,23249.0,10.054017399337825,384.2
tid_2176,2176,1,71,Тульская область,70-618-000-000,муниципальный район,,2018,9999,False,False,22777.5,10.033528485588013,395.5
tid_2177,2177,0,71,Тульская область,70-622-000-000,муниципальный район,,2018,9999,False,False,29078.5,10.277754348473875,430.7
tid_2178,2178,1,71,Тульская область,70-624-000-000,муниципальный район,,2018,9999,False,False,21474.0,9.97459817999408,372.8
tid_2179,2179,1,71,Тульская область,70-626-000-000,муниципальный район,,2018,9999,False,False,22228.0,10.009108034399812,399.1
tid_218,218,0,10,Республика Карелия,86-636-000-000,муниципальный район,,2018,9999,False,False,33235.5,10.41137386074344,365.8
tid_2180,2180,1,71,Тульская область,70-628-000-000,муниципальный район,,2018,9999,False,False,23977.0,10.08485031650177,398.8
tid_2181,2181,1,71,Тульская область,70-630-000-000,муниципальный район,,2018,9999,False,False,21970.0,9.997433165378656,378.7
tid_2182,2182,1,71,Тульская область,70-636-000-000,муниципальный район,,2018,9999,False,False,22912.5,10.03943789214796,383.9
tid_2183,2183,1,71,Тульская область,70-638-000-000,муниципальный район,,2018,9999,False,False,25344.5,10.140317022954902,388.9
tid_2184,2184,1,71,Тульская область,70-640-000-000,муниципальный район,,2018,9999,False,False,22764.5,10.032957583987157,384.9
tid_2185,2185,1,71,Тульская область,70-642-000-000,муниципальный район,,2018,9999,False,False,22159.0,10.005999013489205,387.7
tid_2186,2186,0,71,Тульская область,70-644-000-000,муниципальный район,,2018,9999,False,False,26735.5,10.19374754928388,402.4
tid_2187,2187,1,71,Тульская область,70-646-000-000,муниципальный район,,2018,9999,False,False,24428.0,10.103485294343026,379.0
tid_2188,2188,0,71,Тульская область,70-648-000-000,муниципальный район,,2018,9999,False,False,28769.0,10.267053697512587,402.6
tid_2189,2189,1,71,Тульская область,70-650-000-000,муниципальный район,,2018,9999,False,False,25567.5,10.149077292680168,413.7
tid_219,219,1,10,Республика Карелия,86-639-000-000,муниципальный район,,2018,9999,False,False,24753.0,10.116701972772454,280.3
tid_2190,2190,2,72,Тюменская область,71-701-000-000,городской округ,административный_центр_субъекта,2018,9999,False,True,38059.5,10.546906003611982,337.9
tid_2191,2191,0,72,Тюменская область,71-703-000-000,городской округ,,2018,9999,False,False,25612.0,10.150816270638693,273.2
tid_2192,2192,0,72,Тюменская область,71-705-000-000,городской округ,,2018,9999,False,False,26969.0,10.202443337211285,272.3
tid_2193,2193,0,72,Тюменская область,71-710-000-000,городской округ,,2018,9999,False,False,33545.0,10.420643099996989,264.7
tid_2194,2194,0,72,Тюменская область,71-715-000-000,городской округ,,2018,9999,False,False,26218.0,10.174201476757755,283.8
tid_2195,2195,0,72,Тюменская область,71-603-000-000,муниципальный район,,2018,9999,False,False,22353.5,10.014738187333858,256.4
tid_2196,2196,1,72,Тюменская область,71-605-000-000,муниципальный район,,2018,9999,False,False,21742.5,9.98702414946392,261.9
tid_2197,2197,1,72,Тюменская область,71-607-000-000,муниципальный район,,2018,9999,False,False,20734.5,9.939554258572521,258.6
tid_2198,2198,1,72,Тюменская область,71-610-000-000,муниципальный район,,2018,9999,False,False,22234.5,10.009400415622023,262.8
tid_2199,2199,0,72,Тюменская область,71-613-000-000,муниципальный район,,2018,9999,False,False,22476.5,10.020225597935887,253.6
tid_22,22,0,2,Республика Башкортостан,80-703-000-000,городской округ,,2018,9999,False,False,19661.5,9.886417687840533,319.2
tid_220,220,1,10,Республика Карелия,86-642-000-000,муниципальный район,,2018,9999,False,False,26447.5,10.182916914860929,282.6
tid_2200,2200,1,72,Тюменская область,71-615-000-000,муниципальный район,,2018,9999,False,False,21852.0,9.992047729515608,250.8
tid_2201,2201,0,72,Тюменская область,71-702-000-000,городской округ,,2020,9999,False,False,21941.0,9.99611231164195,262.6
tid_2202,2202,0,72,Тюменская область,71-624-000-000,муниципальный район,,2018,9999,False,False,22803.0,10.03464738523415,280.0
tid_2203,2203,0,72,Тюменская область,71-626-000-000,муниципальный район,,2018,9999,False,False,23078.0,10.046635061754612,294.7
tid_2204,2204,1,72,Тюменская область,71-630-000-000,муниципальный район,,2018,9999,False,False,21981.0,9.997933722828073,258.1
tid_2205,2205,1,72,Тюменская область,71-632-000-000,муниципальный район,,2018,9999,False,False,22270.0,10.010995760251413,268.5
tid_2206,2206,0,72,Тюменская область,71-634-000-000,муниципальный район,,2018,9999,False,False,22684.0,10.029415109133918,266.4
tid_2207,2207,1,72,Тюменская область,71-636-000-000,муниципальный район,,2018,9999,False,False,20508.0,9.928570332903591,254.5
tid_2208,2208,1,72,Тюменская область,71-638-000-000,муниципальный район,,2018,9999,False,False,23782.0,10.076684270997523,254.5
tid_221,221,1,10,Республика Карелия,86-645-000-000,муниципальный район,,2018,2024,False,False,30449.5,10.32382485264198,256.2
tid_2210,2210,2,72,Тюменская область,71-644-000-000,муниципальный район,,2018,9999,False,False,31786.0,10.366781220256765,676.7
tid_2211,2211,1,72,Тюменская область,71-648-000-000,муниципальный район,,2018,9999,False,False,30162.5,10.314354709933287,245.3
tid_2212,2212,1,72,Тюменская область,71-650-000-000,муниципальный район,,2018,9999,False,False,23034.5,10.044748371035023,271.3
tid_2213,2213,1,72,Тюменская область,71-653-000-000,муниципальный район,,2018,9999,False,False,23407.0,10.060790401909905,264.9
tid_2215,2215,0,72,Тюменская область,71-658-000-000,муниципальный район,,2018,9999,False,False,21622.0,9.981466593852717,266.8
tid_2216,2216,2,86,Ханты-Мансийский автономный округ — Югра,71-871-000-000,городской округ,административный_центр_субъекта,2018,9999,False,True,42653.5,10.660864612858795,238.7
tid_2217,2217,0,86,Ханты-Мансийский автономный округ — Югра,71-883-000-000,городской округ,,2018,9999,False,False,39764.5,10.590729833440689,218.9
tid_2218,2218,0,86,Ханты-Мансийский автономный округ — Югра,71-872-000-000,городской округ,,2018,9999,False,False,31941.5,10.371661383722003,224.1
tid_2219,2219,0,86,Ханты-Мансийский автономный округ — Югра,71-873-000-000,городской округ,,2018,9999,False,False,36774.5,10.512559949184142,223.4
tid_222,222,0,10,Республика Карелия,86-610-000-000,муниципальный район,,2018,9999,False,False,33328.5,10.414168165788602,279.6
tid_2220,2220,0,86,Ханты-Мансийский автономный округ — Югра,71-874-000-000,городской округ,,2018,9999,False,False,39713.5,10.58944645924909,241.3
tid_2221,2221,2,86,Ханты-Мансийский автономный округ — Югра,71-875-000-000,городской округ,,2018,9999,False,False,40346.5,10.605259928919766,225.3
tid_2222,2222,0,86,Ханты-Мансийский автономный округ — Югра,71-879-000-000,городской округ,,2018,9999,False,False,39733.5,10.589949939567353,236.1
tid_2223,2223,1,86,Ханты-Мансийский автономный округ — Югра,71-884-000-000,городской округ,,2018,9999,False,False,32525.5,10.389779676052708,220.3
tid_2224,2224,0,86,Ханты-Мансийский автономный округ — Югра,71-885-000-000,городской округ,,2018,9999,False,False,33635.5,10.423337335816734,230.9
tid_2225,2225,0,86,Ханты-Мансийский автономный округ — Югра,71-877-000-000,городской округ,,2018,9999,False,False,30015.5,10.309469193884693,212.3
tid_2226,2226,2,86,Ханты-Мансийский автономный округ — Югра,71-876-000-000,городской округ,,2018,9999,False,False,41916.5,10.64343482314283,277.9
tid_2227,2227,0,86,Ханты-Мансийский автономный округ — Югра,71-878-000-000,городской округ,,2018,9999,False,False,37607.0,10.534945482263229,234.5
tid_2228,2228,0,86,Ханты-Мансийский автономный округ — Югра,71-887-000-000,городской округ,,2018,9999,False,False,34549.5,10.45014835731107,245.1
tid_2229,2229,0,86,Ханты-Мансийский автономный округ — Югра,71-811-000-000,муниципальный район,,2018,9999,False,False,34443.5,10.447075579394353,223.4
tid_223,223,1,10,Республика Карелия,86-550-000-000,муниципальный округ,,2023,9999,False,False,27181.5,10.210291873820323,269.2
tid_2230,2230,0,86,Ханты-Мансийский автономный округ — Югра,71-812-000-000,муниципальный район,,2018,9999,False,False,32605.0,10.392220929827303,222.4
tid_2231,2231,0,86,Ханты-Мансийский автономный округ — Югра,71-816-000-000,муниципальный район,,2018,9999,False,False,31105.5,10.345139931406004,230.9
tid_2232,2232,0,86,Ханты-Мансийский автономный округ — Югра,71-818-000-000,муниципальный район,,2018,9999,False,False,33004.0,10.404384045224234,260.2
tid_2233,2233,1,86,Ханты-Мансийский автономный округ — Югра,71-819-000-000,муниципальный район,,2018,9999,False,False,28253.0,10.248954925626595,268.0
tid_2234,2234,1,86,Ханты-Мансийский автономный округ — Югра,71-821-000-000,муниципальный район,,2018,9999,False,False,30503.5,10.325596710110116,231.4
tid_2235,2235,0,86,Ханты-Мансийский автономный округ — Югра,71-824-000-000,муниципальный район,,2018,9999,False,False,31609.5,10.361212987305377,244.4
tid_2236,2236,0,86,Ханты-Мансийский автономный округ — Югра,71-826-000-000,муниципальный район,,2018,9999,False,False,32786.5,10.397772124281877,397.2
tid_2237,2237,0,86,Ханты-Мансийский автономный округ — Югра,71-829-000-000,муниципальный район,,2018,9999,False,False,28538.5,10.259009331836022,274.6
tid_2238,2238,0,89,Ямало-Ненецкий автономный округ,71-951-000-000,городской округ,административный_центр_субъекта,2018,9999,False,True,50987.0,10.839325977252653,205.0
tid_224,224,0,11,Республика Коми,87-701-000-000,городской округ,административный_центр_субъекта,2018,9999,False,True,33927.5,10.431981173955526,276.0
tid_2241,2241,0,89,Ямало-Ненецкий автономный округ,71-955-000-000,городской округ,,2018,9999,False,False,37655.5,10.536234304896372,210.4
tid_2242,2242,2,89,Ямало-Ненецкий автономный округ,71-956-000-000,городской округ,,2018,9999,False,False,42120.5,10.648289837022658,200.7
tid_2243,2243,0,89,Ямало-Ненецкий автономный округ,71-958-000-000,городской округ,,2018,9999,False,False,40610.0,10.611769620680343,211.8
tid_2244,2244,3,89,Ямало-Ненецкий автономный округ,71-933-000-000,муниципальный округ,,2022,9999,False,False,41503.0,10.633520992762682,191.7
tid_2245,2245,0,89,Ямало-Ненецкий автономный округ,71-936-000-000,муниципальный округ,,2021,9999,False,False,39236.5,10.577362715001929,205.7
tid_2248,2248,0,89,Ямало-Ненецкий автономный округ,71-943-000-000,муниципальный округ,,2021,9999,False,False,38344.5,10.55436638060423,191.5
tid_2249,2249,3,89,Ямало-Ненецкий автономный округ,71-946-000-000,муниципальный округ,,2023,9999,False,False,37870.5,10.541927723871792,212.8
tid_225,225,1,11,Республика Коми,87-710-000-000,городской округ,,2018,9999,False,False,39291.0,10.578750763997512,208.0
tid_2250,2250,3,89,Ямало-Ненецкий автономный округ,71-948-000-000,муниципальный округ,,2022,9999,False,False,40346.0,10.605247536194296,197.2
tid_2251,2251,2,73,Ульяновская область,73-701-000-000,городской округ,административный_центр_субъекта,2018,9999,False,True,28161.5,10.245711075898795,349.5
tid_2252,2252,0,73,Ульяновская область,73-705-000-000,городской округ,,2018,9999,False,False,25610.5,10.150757702626573,365.3
tid_2253,2253,1,73,Ульяновская область,73-715-000-000,городской округ,,2018,9999,False,False,19428.5,9.87449633918553,354.0
tid_2254,2254,1,73,Ульяновская область,73-602-000-000,муниципальный район,,2018,9999,False,False,18741.0,9.838468916161679,349.7
tid_2255,2255,1,73,Ульяновская область,73-604-000-000,муниципальный район,,2018,9999,False,False,17924.5,9.793923771075987,349.2
tid_2256,2256,1,73,Ульяновская область,73-607-000-000,муниципальный район,,2018,9999,False,False,17445.0,9.766808353620874,351.1
tid_2257,2257,1,73,Ульяновская область,73-610-000-000,муниципальный район,,2018,9999,False,False,18873.5,9.845514100760626,353.2
tid_2258,2258,1,73,Ульяновская область,73-614-000-000,муниципальный район,,2018,9999,False,False,16016.5,9.681374719848925,354.4
tid_2259,2259,1,73,Ульяновская область,73-616-000-000,муниципальный район,,2018,9999,False,False,17796.0,9.786728991925932,347.8
tid_226,226,1,11,Республика Коми,87-712-000-000,городской округ,,2018,2024,False,False,29432.5,10.289854784952352,237.3
tid_2260,2260,1,73,Ульяновская область,73-620-000-000,муниципальный район,,2018,9999,False,False,17791.5,9.78647609413744,350.9
tid_2262,2262,0,73,Ульяновская область,73-625-000-000,муниципальный район,,2018,9999,False,False,16900.0,9.735068900911164,351.4
tid_2264,2264,1,73,Ульяновская область,73-629-000-000,муниципальный район,,2018,9999,False,False,19258.5,9.865707800699248,349.9
tid_2265,2265,1,73,Ульяновская область,73-632-000-000,муниципальный район,,2018,9999,False,False,17227.0,9.75423319944637,345.5
tid_2266,2266,1,73,Ульяновская область,73-634-000-000,муниципальный район,,2018,9999,False,False,18092.0,9.803225130597733,344.0
tid_2267,2267,1,73,Ульяновская область,73-636-000-000,муниципальный район,,2018,9999,False,False,17535.5,9.771982676567523,342.6
tid_2268,2268,1,73,Ульяновская область,73-639-000-000,муниципальный район,,2018,9999,False,False,14659.0,9.59280976029003,343.3
tid_2269,2269,1,73,Ульяновская область,73-642-000-000,муниципальный район,,2018,9999,False,False,16104.5,9.686854015024428,347.3
tid_227,227,1,11,Республика Коми,87-715-000-000,городской округ,,2018,9999,False,False,34981.5,10.462574629299857,221.3
tid_2270,2270,1,73,Ульяновская область,73-644-000-000,муниципальный район,,2018,9999,False,False,16473.0,9.709477955946982,355.6
tid_2271,2271,1,73,Ульяновская область,73-648-000-000,муниципальный район,,2018,9999,False,False,16761.0,9.726810038127258,348.8
tid_2272,2272,1,73,Ульяновская область,73-652-000-000,муниципальный район,,2018,9999,False,False,17603.5,9.775853024891855,358.7
tid_2274,2274,0,73,Ульяновская область,73-656-000-000,муниципальный район,,2018,9999,False,False,17579.5,9.774488729424009,354.4
tid_2275,2275,2,74,Челябинская область,75-701-000-000,городской округ,административный_центр_субъекта,2018,9999,False,True,31424.0,10.355327211154192,297.8
tid_2276,2276,1,74,Челябинская область,75-706-000-000,городской округ,,2018,9999,False,False,22104.0,10.003513866603253,308.4
tid_2278,2278,1,74,Челябинская область,75-715-000-000,городской округ,,2018,9999,False,False,22696.0,10.029943976488687,307.2
tid_2279,2279,0,74,Челябинская область,75-728-000-000,городской округ,,2018,9999,False,False,29076.0,10.277668370604527,314.0
tid_228,228,0,11,Республика Коми,87-723-000-000,городской округ,,2018,2024,False,False,36496.5,10.504971644561845,222.2
tid_2280,2280,0,74,Челябинская область,75-734-000-000,городской округ,,2018,9999,False,False,26338.5,10.178787026067495,308.9
tid_2281,2281,2,74,Челябинская область,75-738-000-000,городской округ,,2018,9999,False,False,27230.5,10.212092947599848,292.1
tid_2282,2282,0,74,Челябинская область,75-742-000-000,городской округ,,2018,9999,False,False,28720.5,10.26536643248137,308.1
tid_2286,2286,0,74,Челябинская область,75-752-000-000,городской округ,,2018,9999,False,False,23026.5,10.044401005581365,304.8
tid_2287,2287,1,74,Челябинская область,75-755-000-000,городской округ,,2018,9999,False,False,22472.0,10.02002536878408,312.4
tid_2288,2288,0,74,Челябинская область,75-758-000-000,городской округ,,2018,9999,False,False,26451.0,10.183049243755137,322.8
tid_2289,2289,0,74,Челябинская область,75-764-000-000,городской округ,,2018,9999,False,False,25188.0,10.134122969608633,297.8
tid_229,229,0,11,Республика Коми,87-725-000-000,городской округ,,2018,9999,False,False,34264.5,10.441865111764034,251.9
tid_2292,2292,1,74,Челябинская область,75-606-000-000,муниципальный район,,2018,9999,False,False,19128.0,9.85890850913816,307.9
tid_2293,2293,1,74,Челябинская область,75-609-000-000,муниципальный район,,2018,9999,False,False,24156.5,10.092308774004765,315.2
tid_2294,2294,1,74,Челябинская область,75-612-000-000,муниципальный район,,2018,9999,False,False,17897.5,9.792416317270341,276.0
tid_2295,2295,0,74,Челябинская область,75-614-000-000,муниципальный район,,2018,9999,False,False,20071.5,9.907056177413153,279.8
tid_2296,2296,0,74,Челябинская область,75-617-000-000,муниципальный район,,2018,9999,False,False,19808.0,9.893841175484322,295.9
tid_2297,2297,1,74,Челябинская область,75-619-000-000,муниципальный район,,2018,9999,False,False,21737.0,9.986771156672866,303.4
tid_2298,2298,1,74,Челябинская область,75-620-000-000,муниципальный район,,2018,9999,False,False,20669.5,9.936414462736408,305.1
tid_2299,2299,1,74,Челябинская область,75-623-000-000,муниципальный район,,2018,9999,False,False,19700.5,9.888399295114654,280.3
tid_23,23,0,2,Республика Башкортостан,80-723-000-000,городской округ,,2018,9999,False,False,23864.5,10.080147278036776,306.7
tid_230,230,1,11,Республика Коми,87-604-000-000,муниципальный район,,2018,9999,False,False,25549.0,10.148353455922653,235.7
tid_2300,2300,1,74,Челябинская область,75-626-000-000,муниципальный район,,2018,9999,False,False,22773.0,10.033330902684877,307.7
tid_2301,2301,1,74,Челябинская область,75-629-000-000,муниципальный район,,2018,9999,False,False,21312.5,9.967049034025873,310.0
tid_2302,2302,1,74,Челябинская область,75-632-000-000,муниципальный район,,2018,9999,False,False,17887.5,9.791857423864707,288.8
tid_2303,2303,1,74,Челябинская область,75-533-000-000,муниципальный округ,,2023,9999,False,False,23264.0,10.054662380333246,306.7
tid_2304,2304,1,74,Челябинская область,75-634-000-000,муниципальный район,,2018,9999,False,False,20826.0,9.943957485089841,306.5
tid_2305,2305,0,74,Челябинская область,75-636-000-000,муниципальный район,,2018,9999,False,False,18607.0,9.831293132987641,302.2
tid_2307,2307,1,74,Челябинская область,75-642-000-000,муниципальный район,,2018,9999,False,False,16468.0,9.709174382889795,291.6
tid_2308,2308,1,74,Челябинская область,75-644-000-000,муниципальный район,,2018,9999,False,False,19337.5,9.869801494881322,307.7
tid_2309,2309,1,74,Челябинская область,75-647-000-000,муниципальный район,,2018,9999,False,False,17144.0,9.749403537153412,285.7
tid_231,231,1,11,Республика Коми,87-608-000-000,муниципальный район,,2018,9999,False,False,27227.5,10.211982770949842,268.0
tid_2310,2310,1,74,Челябинская область,75-648-000-000,муниципальный район,,2018,9999,False,False,23485.0,10.064117198461096,297.5
tid_2311,2311,0,74,Челябинская область,75-649-000-000,муниципальный район,,2018,9999,False,False,24526.0,10.10748905832197,309.1
tid_2312,2312,2,74,Челябинская область,75-652-000-000,муниципальный район,,2018,9999,False,False,28897.5,10.271510365168423,313.1
tid_2314,2314,1,74,Челябинская область,75-655-000-000,муниципальный район,,2018,9999,False,False,19799.0,9.8933867103567,297.0
tid_2315,2315,1,74,Челябинская область,75-656-000-000,муниципальный район,,2018,9999,False,False,18256.5,9.812276459982721,297.0
tid_2316,2316,1,74,Челябинская область,75-657-000-000,муниципальный район,,2018,9999,False,False,19616.0,9.884100838735938,330.8
tid_2317,2317,0,74,Челябинская область,75-659-000-000,муниципальный район,,2018,9999,False,False,19139.0,9.859483417038073,287.6
tid_2318,2318,0,76,Ярославская область,78-701-000-000,городской округ,административный_центр_субъекта,2018,9999,False,True,32574.0,10.391269703133506,417.9
tid_232,232,1,11,Республика Коми,87-612-000-000,муниципальный район,,2018,9999,False,False,23032.5,10.044661540983087,278.2
tid_2320,2320,0,76,Ярославская область,78-715-000-000,городской округ,,2018,9999,False,False,27839.5,10.234211154516963,375.0
tid_2321,2321,1,76,Ярославская область,78-603-000-000,муниципальный район,,2018,9999,False,False,20075.5,9.907255445105047,371.2
tid_2322,2322,1,76,Ярославская область,78-606-000-000,муниципальный район,,2018,9999,False,False,22419.5,10.017686394860965,387.0
tid_2323,2323,1,76,Ярославская область,78-609-000-000,муниципальный район,,2018,9999,False,False,20474.5,9.926935488398676,345.2
tid_2324,2324,1,76,Ярославская область,78-612-000-000,муниципальный район,,2018,9999,False,False,21741.0,9.986955157777391,384.4
tid_2325,2325,1,76,Ярославская область,78-615-000-000,муниципальный район,,2018,9999,False,False,20628.5,9.934428893775676,361.5
tid_2326,2326,1,76,Ярославская область,78-618-000-000,муниципальный район,,2018,9999,False,False,19733.5,9.890072978114267,352.8
tid_2327,2327,1,76,Ярославская область,78-621-000-000,муниципальный район,,2018,9999,False,False,22852.5,10.036815799527973,365.5
tid_2328,2328,1,76,Ярославская область,78-623-000-000,муниципальный район,,2018,9999,False,False,20875.0,9.946307549719057,359.9
tid_2329,2329,1,76,Ярославская область,78-626-000-000,муниципальный район,,2018,9999,False,False,21441.5,9.973083575424031,373.3
tid_233,233,1,11,Республика Коми,87-616-000-000,муниципальный район,,2018,9999,False,False,20562.0,9.931199991102664,275.1
tid_2330,2330,1,76,Ярославская область,78-629-000-000,муниципальный район,,2018,9999,False,False,19630.5,9.884839758163645,355.4
tid_2332,2332,1,76,Ярославская область,78-634-000-000,муниципальный район,,2018,9999,False,False,19439.5,9.875062357519052,348.8
tid_2333,2333,0,76,Ярославская область,78-637-000-000,муниципальный район,,2018,9999,False,False,25258.5,10.136918011718473,393.2
tid_2334,2334,1,76,Ярославская область,78-640-000-000,муниципальный район,,2018,9999,False,False,22606.0,10.025970636750676,456.0
tid_2335,2335,1,76,Ярославская область,78-643-000-000,муниципальный район,,2018,9999,False,False,24844.0,10.120371553679194,370.2
tid_2336,2336,1,76,Ярославская область,78-646-000-000,муниципальный район,,2018,9999,False,False,26275.5,10.176392225059812,378.0
tid_2337,2337,0,76,Ярославская область,78-650-000-000,муниципальный район,,2018,9999,False,False,32789.5,10.397863621171046,719.7
tid_2338,2338,0,79,Еврейская автономная область,99-701-000-000,городской округ,административный_центр_субъекта,2018,9999,False,True,34950.5,10.461688053711269,147.1
tid_2339,2339,3,79,Еврейская автономная область,99-605-000-000,муниципальный район,административный_центр_субъекта,2018,9999,False,True,25824.5,10.15907893271619,173.3
tid_234,234,0,11,Республика Коми,87-620-000-000,муниципальный район,,2018,9999,False,False,33590.5,10.421998567878106,233.5
tid_2340,2340,0,79,Еврейская автономная область,99-610-000-000,муниципальный район,,2018,9999,False,False,27930.0,10.237456658939223,140.0
tid_2341,2341,3,79,Еврейская автономная область,99-620-000-000,муниципальный район,,2018,9999,False,False,32835.5,10.399265526162552,143.3
tid_2342,2342,3,79,Еврейская автономная область,99-625-000-000,муниципальный район,,2018,9999,False,False,25010.0,10.127031023871664,138.1
tid_2343,2343,3,79,Еврейская автономная область,99-630-000-000,муниципальный район,,2018,9999,False,False,27956.0,10.23838712459702,143.8
tid_2344,2344,2,87,Чукотский автономный округ,77-701-000-000,городской округ,административный_центр_субъекта,2018,9999,False,True,64239.5,11.070373565277775,
tid_2345,2345,3,87,Чукотский автономный округ,77-715-000-000,городской округ,,2018,9999,False,False,53421.0,10.885959206069424,
tid_2348,2348,3,87,Чукотский автономный округ,77-603-000-000,муниципальный район,,2018,9999,False,False,56403.0,10.940277627560896,
tid_2349,2349,3,87,Чукотский автономный округ,77-609-000-000,муниципальный район,,2018,9999,False,False,63749.5,11.06271661985266,112.4
tid_235,235,1,11,Республика Коми,87-624-000-000,муниципальный район,,2018,9999,False,False,21740.0,9.9869091606752,290.9
tid_2351,2351,2,78,Санкт-Петербург,40-301-000-000,внутригородская территория города федерального значения,,2018,9999,True,False,40762.5,10.615517820097574,411.8
tid_2352,2352,2,78,Санкт-Петербург,40-302-000-000,внутригородская территория города федерального значения,,2018,9999,True,False,40153.5,10.600464888676425,418.7
tid_2353,2353,2,78,Санкт-Петербург,40-303-000-000,внутригородская территория города федерального значения,,2018,9999,True,False,43084.0,10.670906977470661,414.6
tid_2354,2354,2,78,Санкт-Петербург,40-304-000-000,внутригородская территория города федерального значения,,2018,9999,True,False,39265.0,10.578088815808975,417.0
tid_2355,2355,2,78,Санкт-Петербург,40-305-000-000,внутригородская территория города федерального значения,,2018,9999,True,False,45604.0,10.727750710953611,414.9
tid_2356,2356,2,78,Санкт-Петербург,40-306-000-000,внутригородская территория города федерального значения,,2018,9999,True,False,36807.5,10.513456907739563,410.6
tid_2357,2357,2,78,Санкт-Петербург,40-307-000-000,внутригородская территория города федерального значения,,2018,9999,True,False,42948.5,10.667757002471916,407.6
tid_2358,2358,2,78,Санкт-Петербург,40-308-000-000,внутригородская территория города федерального значения,,2018,9999,True,False,42135.5,10.648645894755246,408.0
tid_2359,2359,2,78,Санкт-Петербург,40-309-000-000,внутригородская территория города федерального значения,,2018,9999,True,False,44078.5,10.693727414209683,390.3
tid_236,236,1,11,Республика Коми,87-626-000-000,муниципальный район,,2018,9999,False,False,28541.0,10.259096928959389,251.7
tid_2360,2360,2,78,Санкт-Петербург,40-310-000-000,внутригородская территория города федерального значения,,2018,9999,True,False,45337.0,10.72187875513222,395.7
tid_2361,2361,2,78,Санкт-Петербург,40-311-000-000,внутригородская территория города федерального значения,,2018,9999,True,False,45131.0,10.717324650785175,398.1
tid_2362,2362,2,78,Санкт-Петербург,40-312-000-000,внутригородская территория города федерального значения,,2018,9999,True,False,41216.5,10.626593940601623,367.9
tid_2363,2363,2,78,Санкт-Петербург,40-313-000-000,внутригородская территория города федерального значения,,2018,9999,True,False,41211.0,10.626460489993315,378.5
tid_2364,2364,2,78,Санкт-Петербург,40-314-000-000,внутригородская территория города федерального значения,,2018,9999,True,False,43461.0,10.67961926320976,414.9
tid_2365,2365,2,78,Санкт-Петербург,40-315-000-000,внутригородская территория города федерального значения,,2018,9999,True,False,43883.0,10.689282280329282,410.4
tid_2366,2366,2,78,Санкт-Петербург,40-316-000-000,внутригородская территория города федерального значения,,2018,9999,True,False,41092.0,10.623568734336155,402.6
tid_2367,2367,2,78,Санкт-Петербург,40-317-000-000,внутригородская территория города федерального значения,,2018,9999,True,False,38981.5,10.570842453593613,396.0
tid_2368,2368,2,78,Санкт-Петербург,40-318-000-000,внутригородская территория города федерального значения,,2018,9999,True,False,38381.0,10.555317824459362,389.6
tid_2369,2369,2,78,Санкт-Петербург,40-319-000-000,внутригородская территория города федерального значения,,2018,9999,True,False,41692.5,10.638076535495735,395.7
tid_237,237,0,11,Республика Коми,87-628-000-000,муниципальный район,,2018,9999,False,False,28317.5,10.251235267074868,282.2
tid_2370,2370,2,78,Санкт-Петербург,40-320-000-000,внутригородская территория города федерального значения,,2018,9999,True,False,46875.5,10.75525042988249,363.6
tid_2371,2371,2,78,Санкт-Петербург,40-321-000-000,внутригородская территория города федерального значения,,2018,9999,True,False,41387.5,10.630734181855502,382.1
tid_2372,2372,2,78,Санкт-Петербург,40-322-000-000,внутригородская территория города федерального значения,,2018,9999,True,False,45469.5,10.724797050497326,388.7
tid_2373,2373,2,78,Санкт-Петербург,40-323-000-000,внутригородская территория города федерального значения,,2020,9999,True,False,44266.5,10.697983462289033,412.5
tid_2374,2374,2,78,Санкт-Петербург,40-324-000-000,внутригородская территория города федерального значения,,2018,9999,True,False,42891.0,10.666417292697274,410.9
tid_2375,2375,2,78,Санкт-Петербург,40-325-000-000,внутригородская территория города федерального значения,,2018,9999,True,False,43626.5,10.683420042867768,405.7
tid_2376,2376,2,78,Санкт-Петербург,40-326-000-000,внутригородская территория города федерального значения,,2018,9999,True,False,42765.0,10.663475290014881,394.8
tid_2377,2377,2,78,Санкт-Петербург,40-327-000-000,внутригородская территория города федерального значения,,2018,9999,True,False,46107.5,10.738730905556961,386.8
tid_2378,2378,2,78,Санкт-Петербург,40-328-000-000,внутригородская территория города федерального значения,,2018,9999,True,False,40655.5,10.612889407176567,407.1
tid_2379,2379,2,78,Санкт-Петербург,40-329-000-000,внутригородская территория города федерального значения,,2018,9999,True,False,41730.0,10.638975573585599,405.9
tid_238,238,1,11,Республика Коми,87-632-000-000,муниципальный район,,2018,9999,False,False,22542.0,10.023135514802023,284.3
tid_2380,2380,2,78,Санкт-Петербург,40-330-000-000,внутригородская территория города федерального значения,,2018,9999,True,False,39125.5,10.574529707313513,409.7
tid_2381,2381,2,78,Санкт-Петербург,40-331-000-000,внутригородская территория города федерального значения,,2018,9999,True,False,38959.5,10.570277923998555,400.2
tid_2382,2382,2,78,Санкт-Петербург,40-332-000-000,внутригородская территория города федерального значения,,2018,9999,True,False,42928.0,10.667279572665405,405.7
tid_2383,2383,2,78,Санкт-Петербург,40-333-000-000,внутригородская территория города федерального значения,,2018,9999,True,False,38364.5,10.554887831814732,402.8
tid_2384,2384,2,78,Санкт-Петербург,40-334-000-000,внутригородская территория города федерального значения,,2018,9999,True,False,39304.0,10.579081573848484,401.2
tid_2385,2385,2,78,Санкт-Петербург,40-335-000-000,внутригородская территория города федерального значения,,2018,9999,True,False,37495.0,10.531962869735489,406.1
tid_2386,2386,2,78,Санкт-Петербург,40-336-000-000,внутригородская территория города федерального значения,,2018,9999,True,False,37637.0,10.5357428880787,399.3
tid_2387,2387,2,78,Санкт-Петербург,40-337-000-000,внутригородская территория города федерального значения,,2018,9999,True,False,38111.5,10.548271352841429,403.3
tid_2388,2388,2,78,Санкт-Петербург,40-338-000-000,внутригородская территория города федерального значения,,2018,9999,True,False,37526.5,10.53280262905385,404.0
tid_2389,2389,2,78,Санкт-Петербург,40-339-000-000,внутригородская территория города федерального значения,,2018,9999,True,False,36749.0,10.511866293386406,407.1
tid_239,239,1,11,Республика Коми,87-636-000-000,муниципальный район,,2018,9999,False,False,26333.5,10.178597171874944,241.6
tid_2390,2390,2,78,Санкт-Петербург,40-340-000-000,внутригородская территория города федерального значения,,2018,9999,True,False,37892.5,10.542508482305813,409.0
tid_2391,2391,2,78,Санкт-Петербург,40-341-000-000,внутригородская территория города федерального значения,,2018,9999,True,False,34592.0,10.451377720438934,397.4
tid_2392,2392,2,78,Санкт-Петербург,40-342-000-000,внутригородская территория города федерального значения,,2018,9999,True,False,35030.5,10.463974389569541,364.3
tid_2393,2393,2,78,Санкт-Петербург,40-343-000-000,внутригородская территория города федерального значения,,2018,9999,True,False,34288.0,10.442550717713358,372.6
tid_2395,2395,0,78,Санкт-Петербург,40-345-000-000,внутригородская территория города федерального значения,,2018,9999,True,False,32893.5,10.4010303488452,372.4
tid_2398,2398,2,78,Санкт-Петербург,40-348-000-000,внутригородская территория города федерального значения,,2018,9999,True,False,39271.5,10.578254343939586,396.2
tid_2399,2399,2,78,Санкт-Петербург,40-349-000-000,внутригородская территория города федерального значения,,2018,9999,True,False,41154.5,10.625088556140863,409.9
tid_240,240,1,11,Республика Коми,87-640-000-000,муниципальный район,,2018,9999,False,False,25991.5,10.165524840475697,258.1
tid_2400,2400,2,78,Санкт-Петербург,40-350-000-000,внутригородская территория города федерального значения,,2018,9999,True,False,40969.5,10.620583166414702,412.8
tid_2401,2401,2,78,Санкт-Петербург,40-351-000-000,внутригородская территория города федерального значения,,2018,9999,True,False,37278.0,10.52615861929175,401.9
tid_2402,2402,2,78,Санкт-Петербург,40-352-000-000,внутригородская территория города федерального значения,,2018,9999,True,False,38230.5,10.55138890533891,396.7
tid_2403,2403,2,78,Санкт-Петербург,40-353-000-000,внутригородская территория города федерального значения,,2018,9999,True,False,36862.0,10.514936489111568,365.8
tid_2404,2404,2,78,Санкт-Петербург,40-354-000-000,внутригородская территория города федерального значения,,2018,9999,True,False,39894.0,10.59398121563051,403.1
tid_2405,2405,2,78,Санкт-Петербург,40-355-000-000,внутригородская территория города федерального значения,,2018,9999,True,False,43842.5,10.688358945543447,390.1
tid_2406,2406,2,78,Санкт-Петербург,40-356-000-000,внутригородская территория города федерального значения,,2018,9999,True,False,38961.5,10.57032925804202,386.5
tid_2407,2407,2,78,Санкт-Петербург,40-357-000-000,внутригородская территория города федерального значения,,2018,9999,True,False,37846.0,10.541280572963995,395.7
tid_2408,2408,2,78,Санкт-Петербург,40-358-000-000,внутригородская территория города федерального значения,,2018,9999,True,False,37324.0,10.527391830353913,387.0
tid_2409,2409,2,78,Санкт-Петербург,40-359-000-000,внутригородская территория города федерального значения,,2018,9999,True,False,38936.0,10.569674551513291,377.8
tid_241,241,1,11,Республика Коми,87-644-000-000,муниципальный район,,2018,9999,False,False,25960.0,10.164312170818027,273.9
tid_2410,2410,2,78,Санкт-Петербург,40-360-000-000,внутригородская территория города федерального значения,,2018,9999,True,False,36463.5,10.504067039236999,338.8
tid_2411,2411,2,78,Санкт-Петербург,40-361-000-000,внутригородская территория города федерального значения,,2018,9999,True,False,40641.5,10.612544991020046,333.4
tid_2412,2412,2,78,Санкт-Петербург,40-362-000-000,внутригородская территория города федерального значения,,2018,9999,True,False,43063.5,10.670431049547345,349.5
tid_2416,2416,2,78,Санкт-Петербург,40-366-000-000,внутригородская территория города федерального значения,,2018,9999,True,False,42377.5,10.654372839992641,362.5
tid_242,242,1,11,Республика Коми,87-648-000-000,муниципальный район,,2018,9999,False,False,21005.5,9.9525395871764,261.2
tid_2422,2422,2,78,Санкт-Петербург,40-372-000-000,внутригородская территория города федерального значения,,2018,9999,True,False,36473.5,10.504341248487796,352.8
tid_2423,2423,2,78,Санкт-Петербург,40-373-000-000,внутригородская территория города федерального значения,,2018,9999,True,False,44502.0,10.703289410964613,410.6
tid_2424,2424,2,78,Санкт-Петербург,40-374-000-000,внутригородская территория города федерального значения,,2018,9999,True,False,41475.0,10.632846115058646,409.0
tid_2425,2425,2,78,Санкт-Петербург,40-375-000-000,внутригородская территория города федерального значения,,2018,9999,True,False,39778.5,10.591081844306373,409.2
tid_2426,2426,2,78,Санкт-Петербург,40-376-000-000,внутригородская территория города федерального значения,,2018,9999,True,False,42869.0,10.665904232984527,380.2
tid_2427,2427,2,78,Санкт-Петербург,40-377-000-000,внутригородская территория города федерального значения,,2018,9999,True,False,44910.5,10.712426899397675,403.3
tid_2428,2428,2,78,Санкт-Петербург,40-378-000-000,внутригородская территория города федерального значения,,2018,9999,True,False,38577.5,10.56042448394536,408.3
tid_2429,2429,2,78,Санкт-Петербург,40-379-000-000,внутригородская территория города федерального значения,,2018,9999,True,False,38355.5,10.554653212418453,410.4
tid_243,243,1,11,Республика Коми,87-652-000-000,муниципальный район,,2018,9999,False,False,25223.5,10.135531378637058,228.3
tid_2430,2430,2,78,Санкт-Петербург,40-380-000-000,внутригородская территория города федерального значения,,2018,9999,True,False,38717.5,10.56404697319033,402.4
tid_2431,2431,2,78,Санкт-Петербург,40-381-000-000,внутригородская территория города федерального значения,,2018,9999,True,False,38947.5,10.569969864386584,388.7
tid_2432,2432,2,78,Санкт-Петербург,40-382-000-000,внутригородская территория города федерального значения,,2018,9999,True,False,37539.5,10.533148990925534,399.1
tid_2433,2433,2,78,Санкт-Петербург,40-383-000-000,внутригородская территория города федерального значения,,2018,9999,True,False,38172.5,10.549870640057666,403.8
tid_2434,2434,2,78,Санкт-Петербург,40-384-000-000,внутригородская территория города федерального значения,,2018,9999,True,False,41030.0,10.622058785436232,406.8
tid_2435,2435,2,78,Санкт-Петербург,40-385-000-000,внутригородская территория города федерального значения,,2018,9999,True,False,37870.5,10.541927723871792,402.4
tid_2436,2436,2,78,Санкт-Петербург,40-386-000-000,внутригородская территория города федерального значения,,2018,9999,True,False,42576.5,10.659057736853887,401.9
tid_2437,2437,2,78,Санкт-Петербург,40-387-000-000,внутригородская территория города федерального значения,,2018,9999,True,False,42050.5,10.646626555936823,365.5
tid_2439,2439,2,78,Санкт-Петербург,40-389-000-000,внутригородская территория города федерального значения,,2018,9999,True,False,44220.5,10.696943761448372,415.6
tid_2440,2440,2,78,Санкт-Петербург,40-390-000-000,внутригородская территория города федерального значения,,2018,9999,True,False,44080.5,10.693772786775169,416.5
tid_2441,2441,2,78,Санкт-Петербург,40-391-000-000,внутригородская территория города федерального значения,,2018,9999,True,False,46751.5,10.752601619763599,416.8
tid_2442,2442,2,78,Санкт-Петербург,40-392-000-000,внутригородская территория города федерального значения,,2018,9999,True,False,50122.5,10.822225288053335,414.4
tid_2443,2443,2,78,Санкт-Петербург,40-393-000-000,внутригородская территория города федерального значения,,2018,9999,True,False,47448.5,10.767400191315003,405.2
tid_2444,2444,2,78,Санкт-Петербург,40-394-000-000,внутригородская территория города федерального значения,,2018,9999,True,False,54466.5,10.905341112759729,404.3
tid_2445,2445,2,78,Санкт-Петербург,40-395-000-000,внутригородская территория города федерального значения,,2018,9999,True,False,38059.5,10.546906003611982,358.7
tid_2446,2446,2,78,Санкт-Петербург,40-396-000-000,внутригородская территория города федерального значения,,2018,9999,True,False,38976.0,10.57070135106957,370.7
tid_2447,2447,2,78,Санкт-Петербург,40-397-000-000,внутригородская территория города федерального значения,,2018,9999,True,False,42429.0,10.65558736968861,370.5
tid_2449,2449,2,78,Санкт-Петербург,40-901-000-000,внутригородская территория города федерального значения,,2018,9999,True,False,38207.0,10.550774023880454,390.3
tid_2450,2450,2,78,Санкт-Петербург,40-902-000-000,внутригородская территория города федерального значения,,2018,9999,True,False,37135.5,10.52232866439945,408.5
tid_2451,2451,2,78,Санкт-Петербург,40-903-000-000,внутригородская территория города федерального значения,,2018,9999,True,False,37738.5,10.538436072504682,407.6
tid_2452,2452,2,78,Санкт-Петербург,40-904-000-000,внутригородская территория города федерального значения,,2018,9999,True,False,37451.0,10.530788690858559,409.4
tid_2453,2453,2,78,Санкт-Петербург,40-905-000-000,внутригородская территория города федерального значения,,2018,9999,True,False,38372.5,10.555096336187564,406.8
tid_2454,2454,2,78,Санкт-Петербург,40-906-000-000,внутригородская территория города федерального значения,,2018,9999,True,False,40146.0,10.600278088010873,402.8
tid_2455,2455,2,78,Санкт-Петербург,40-907-000-000,внутригородская территория города федерального значения,,2018,9999,True,False,37349.0,10.528061416440826,398.6
tid_2456,2456,2,78,Санкт-Петербург,40-908-000-000,внутригородская территория города федерального значения,,2018,9999,True,False,45716.5,10.730214562047538,419.1
tid_2457,2457,2,78,Санкт-Петербург,40-909-000-000,внутригородская территория города федерального значения,,2018,9999,True,False,42130.5,10.648527222930172,421.7
tid_2458,2458,2,78,Санкт-Петербург,40-910-000-000,внутригородская территория города федерального значения,,2018,9999,True,False,44664.0,10.706923086990196,418.9
tid_2459,2459,2,78,Санкт-Петербург,40-911-000-000,внутригородская территория города федерального значения,,2018,9999,True,False,45692.5,10.729689449628598,413.7
tid_2460,2460,2,78,Санкт-Петербург,40-912-000-000,внутригородская территория города федерального значения,,2018,9999,True,False,44303.5,10.698818959684365,417.0
tid_2461,2461,2,78,Санкт-Петербург,40-913-000-000,внутригородская территория города федерального значения,,2018,9999,True,False,41864.0,10.642181548052044,417.9
tid_2462,2462,2,77,Москва,45-301-000-000,внутригородская территория города федерального значения,,2018,9999,True,False,43727.0,10.685721039263841,624.3
tid_2463,2463,2,77,Москва,45-302-000-000,внутригородская территория города федерального значения,,2018,9999,True,False,39322.0,10.579539437667437,630.9
tid_2464,2464,2,77,Москва,45-303-000-000,внутригородская территория города федерального значения,,2018,9999,True,False,43122.5,10.671800181638783,615.6
tid_2465,2465,2,77,Москва,45-304-000-000,внутригородская территория города федерального значения,,2018,9999,True,False,37692.5,10.537216414653074,587.7
tid_2466,2466,2,77,Москва,45-305-000-000,внутригородская территория города федерального значения,,2018,9999,True,False,40184.5,10.601236628115759,600.5
tid_2467,2467,2,77,Москва,45-306-000-000,внутригородская территория города федерального значения,,2018,9999,True,False,41365.0,10.630190391624284,623.4
tid_2468,2468,2,77,Москва,45-307-000-000,внутригородская территория города федерального значения,,2018,9999,True,False,44183.0,10.696095378697706,626.9
tid_2469,2469,2,77,Москва,45-308-000-000,внутригородская территория города федерального значения,,2018,9999,True,False,43462.0,10.67964227207968,598.6
tid_2470,2470,2,77,Москва,45-309-000-000,внутригородская территория города федерального значения,,2018,9999,True,False,43552.5,10.681722385914314,626.4
tid_2471,2471,2,77,Москва,45-310-000-000,внутригородская территория города федерального значения,,2018,9999,True,False,43321.0,10.676392784874349,604.5
tid_2472,2472,2,77,Москва,45-311-000-000,внутригородская территория города федерального значения,,2018,9999,True,False,38322.5,10.553792470040262,612.5
tid_2473,2473,2,77,Москва,45-312-000-000,внутригородская территория города федерального значения,,2018,9999,True,False,40982.5,10.620900425300611,633.8
tid_2474,2474,2,77,Москва,45-313-000-000,внутригородская территория города федерального значения,,2018,9999,True,False,39920.0,10.5946327304254,615.1
tid_2475,2475,2,77,Москва,45-314-000-000,внутригородская территория города федерального значения,,2018,9999,True,False,43117.0,10.671672629878687,637.5
tid_2476,2476,2,77,Москва,45-315-000-000,внутригородская территория города федерального значения,,2018,9999,True,False,49123.5,10.802092814354234,636.4
tid_2477,2477,2,77,Москва,45-316-000-000,внутригородская территория города федерального значения,,2018,9999,True,False,44285.5,10.698412588684631,633.8
tid_2478,2478,2,77,Москва,45-317-000-000,внутригородская территория города федерального значения,,2018,9999,True,False,41416.5,10.631434631137799,557.3
tid_2479,2479,2,77,Москва,45-318-000-000,внутригородская территория города федерального значения,,2018,9999,True,False,56009.5,10.933276598186707,641.1
tid_2480,2480,2,77,Москва,45-319-000-000,внутригородская территория города федерального значения,,2018,9999,True,False,55927.0,10.931802547900372,608.7
tid_2481,2481,2,77,Москва,45-320-000-000,внутригородская территория города федерального значения,,2018,9999,True,False,48252.5,10.784202918896362,604.7
tid_2482,2482,2,77,Москва,45-321-000-000,внутригородская территория города федерального значения,,2018,9999,True,False,45134.0,10.717391121731856,613.5
tid_2483,2483,2,77,Москва,45-322-000-000,внутригородская территория города федерального значения,,2018,9999,True,False,45544.5,10.726445148965174,578.7
tid_2484,2484,2,77,Москва,45-323-000-000,внутригородская территория города федерального значения,,2018,9999,True,False,47386.5,10.766092656990478,611.8
tid_2485,2485,2,77,Москва,45-324-000-000,внутригородская территория города федерального значения,,2018,9999,True,False,56033.0,10.933696081870927,633.1
tid_2486,2486,2,77,Москва,45-325-000-000,внутригородская территория города федерального значения,,2018,9999,True,False,61809.5,11.031812353314663,634.7
tid_2487,2487,2,77,Москва,45-326-000-000,внутригородская территория города федерального значения,,2018,9999,True,False,46435.0,10.745808764210109,592.2
tid_2488,2488,2,77,Москва,45-327-000-000,внутригородская территория города федерального значения,,2018,9999,True,False,55587.5,10.925713634818951,617.7
tid_2489,2489,2,77,Москва,45-328-000-000,внутригородская территория города федерального значения,,2018,9999,True,False,54827.0,10.911938052328884,626.4
tid_2490,2490,2,77,Москва,45-329-000-000,внутригородская территория города федерального значения,,2018,9999,True,False,48032.0,10.779622734433188,625.3
tid_2491,2491,2,77,Москва,45-330-000-000,внутригородская территория города федерального значения,,2018,9999,True,False,44727.5,10.708343803963977,510.5
tid_2492,2492,2,77,Москва,45-331-000-000,внутригородская территория города федерального значения,,2018,9999,True,False,42802.5,10.664351791078973,515.9
tid_2493,2493,2,77,Москва,45-332-000-000,внутригородская территория города федерального значения,,2018,9999,True,False,42374.5,10.654302045203108,508.9
tid_2494,2494,2,77,Москва,45-333-000-000,внутригородская территория города федерального значения,,2018,9999,True,False,53089.5,10.879734447563882,639.2
tid_2495,2495,2,77,Москва,45-334-000-000,внутригородская территория города федерального значения,,2018,9999,True,False,53099.0,10.879913374660985,651.0
tid_2496,2496,2,77,Москва,45-335-000-000,внутригородская территория города федерального значения,,2018,9999,True,False,42181.5,10.649737015278124,621.5
tid_2497,2497,2,77,Москва,45-336-000-000,внутригородская территория города федерального значения,,2018,9999,True,False,49600.5,10.811756193307371,621.3
tid_2498,2498,2,77,Москва,45-337-000-000,внутригородская территория города федерального значения,,2018,9999,True,False,41509.5,10.633677595684247,607.1
tid_2499,2499,2,77,Москва,45-338-000-000,внутригородская территория города федерального значения,,2018,9999,True,False,43361.0,10.677315698578214,619.4
tid_25,25,2,2,Республика Башкортостан,80-727-000-000,городской округ,,2018,9999,False,False,26701.0,10.192456296870509,323.7
tid_2500,2500,2,77,Москва,45-339-000-000,внутригородская территория города федерального значения,,2018,9999,True,False,42471.5,10.656588541732354,603.1
tid_2501,2501,2,77,Москва,45-340-000-000,внутригородская территория города федерального значения,,2018,9999,True,False,43315.0,10.67625427432424,614.6
tid_2502,2502,2,77,Москва,45-341-000-000,внутригородская территория города федерального значения,,2018,9999,True,False,43877.5,10.689156939201846,622.4
tid_2503,2503,2,77,Москва,45-342-000-000,внутригородская территория города федерального значения,,2018,9999,True,False,49307.5,10.805831478277659,609.0
tid_2504,2504,2,77,Москва,45-343-000-000,внутригородская территория города федерального значения,,2018,9999,True,False,39604.5,10.586698027150085,558.9
tid_2505,2505,2,77,Москва,45-344-000-000,внутригородская территория города федерального значения,,2018,9999,True,False,46703.5,10.751574387315452,644.9
tid_2506,2506,2,77,Москва,45-345-000-000,внутригородская территория города федерального значения,,2018,9999,True,False,49449.0,10.808697114399466,633.8
tid_2507,2507,2,77,Москва,45-346-000-000,внутригородская территория города федерального значения,,2018,9999,True,False,44418.0,10.701400071671154,629.3
tid_2508,2508,2,77,Москва,45-347-000-000,внутригородская территория города федерального значения,,2018,9999,True,False,47758.0,10.773901871142757,610.4
tid_2509,2509,2,77,Москва,45-348-000-000,внутригородская территория города федерального значения,,2018,9999,True,False,59442.0,10.992756326201086,631.9
tid_2510,2510,2,77,Москва,45-349-000-000,внутригородская территория города федерального значения,,2018,9999,True,False,47669.0,10.772036570424822,635.4
tid_2511,2511,2,77,Москва,45-350-000-000,внутригородская территория города федерального значения,,2018,9999,True,False,40533.5,10.609884071679746,618.2
tid_2512,2512,2,77,Москва,45-351-000-000,внутригородская территория города федерального значения,,2018,9999,True,False,43091.0,10.67106943758126,618.4
tid_2513,2513,2,77,Москва,45-352-000-000,внутригородская территория города федерального значения,,2018,9999,True,False,40885.0,10.618518526596077,600.5
tid_2514,2514,2,77,Москва,45-353-000-000,внутригородская территория города федерального значения,,2018,9999,True,False,44893.5,10.712048297103722,637.1
tid_2515,2515,2,77,Москва,45-354-000-000,внутригородская территория города федерального значения,,2018,9999,True,False,43705.5,10.685229231287781,600.9
tid_2516,2516,2,77,Москва,45-355-000-000,внутригородская территория города федерального значения,,2018,9999,True,False,44150.0,10.695348206032106,605.9
tid_2517,2517,2,77,Москва,45-356-000-000,внутригородская территория города федерального значения,,2018,9999,True,False,47767.0,10.774090303490867,630.5
tid_2518,2518,2,77,Москва,45-357-000-000,внутригородская территория города федерального значения,,2018,9999,True,False,47337.0,10.765047509703779,649.1
tid_2519,2519,2,77,Москва,45-358-000-000,внутригородская территория города федерального значения,,2018,9999,True,False,49629.5,10.812340693979056,635.7
tid_2520,2520,2,77,Москва,45-359-000-000,внутригородская территория города федерального значения,,2018,9999,True,False,42646.0,10.66068876188618,620.5
tid_2521,2521,2,77,Москва,45-360-000-000,внутригородская территория города федерального значения,,2018,9999,True,False,47152.5,10.761142308925326,631.2
tid_2522,2522,2,77,Москва,45-361-000-000,внутригородская территория города федерального значения,,2018,9999,True,False,48213.0,10.78338397321718,628.8
tid_2523,2523,2,77,Москва,45-362-000-000,внутригородская территория города федерального значения,,2018,9999,True,False,42538.0,10.658153073074491,606.8
tid_2524,2524,2,77,Москва,45-363-000-000,внутригородская территория города федерального значения,,2018,9999,True,False,46385.5,10.744742189376046,580.2
tid_2525,2525,2,77,Москва,45-364-000-000,внутригородская территория города федерального значения,,2018,9999,True,False,44060.0,10.693307620356334,619.8
tid_2526,2526,2,77,Москва,45-365-000-000,внутригородская территория города федерального значения,,2018,9999,True,False,41168.5,10.625428679803386,611.8
tid_2527,2527,2,77,Москва,45-366-000-000,внутригородская территория города федерального значения,,2018,9999,True,False,60690.5,11.013542457385517,576.9
tid_2528,2528,2,77,Москва,45-367-000-000,внутригородская территория города федерального значения,,2018,9999,True,False,48867.0,10.796857601025716,586.1
tid_2529,2529,2,77,Москва,45-368-000-000,внутригородская территория города федерального значения,,2018,9999,True,False,43854.5,10.68863261511196,609.9
tid_2530,2530,2,77,Москва,45-369-000-000,внутригородская территория города федерального значения,,2018,9999,True,False,42834.0,10.665087458730515,589.1
tid_2531,2531,2,77,Москва,45-370-000-000,внутригородская территория города федерального значения,,2018,9999,True,False,46858.5,10.75488770130617,592.4
tid_2532,2532,2,77,Москва,45-371-000-000,внутригородская территория города федерального значения,,2018,9999,True,False,51534.0,10.84999706299428,625.0
tid_2533,2533,2,77,Москва,45-372-000-000,внутригородская территория города федерального значения,,2018,9999,True,False,51885.5,10.856794646689487,617.0
tid_2534,2534,2,77,Москва,45-373-000-000,внутригородская территория города федерального значения,,2018,9999,True,False,43004.0,10.669048413605118,597.9
tid_2535,2535,2,77,Москва,45-374-000-000,внутригородская территория города федерального значения,,2018,9999,True,False,64910.0,11.080756974027514,657.6
tid_2536,2536,2,77,Москва,45-375-000-000,внутригородская территория города федерального значения,,2018,9999,True,False,52315.0,10.865038415815148,653.1
tid_2537,2537,2,77,Москва,45-376-000-000,внутригородская территория города федерального значения,,2018,9999,True,False,51539.5,10.85010378295635,656.4
tid_2538,2538,2,77,Москва,45-377-000-000,внутригородская территория города федерального значения,,2018,9999,True,False,45868.5,10.733533885944686,519.5
tid_2539,2539,2,77,Москва,45-378-000-000,внутригородская территория города федерального значения,,2018,9999,True,False,46997.5,10.757849687788116,656.2
tid_2540,2540,2,77,Москва,45-379-000-000,внутригородская территория города федерального значения,,2018,9999,True,False,51179.5,10.843094340224871,657.1
tid_2541,2541,2,77,Москва,45-380-000-000,внутригородская территория города федерального значения,,2018,9999,True,False,56823.0,10.947696452324852,645.1
tid_2542,2542,2,77,Москва,45-381-000-000,внутригородская территория города федерального значения,,2018,9999,True,False,51239.0,10.844256239817108,652.9
tid_2543,2543,2,77,Москва,45-382-000-000,внутригородская территория города федерального значения,,2018,9999,True,False,55216.0,10.919008045337785,656.4
tid_2544,2544,2,77,Москва,45-383-000-000,внутригородская территория города федерального значения,,2018,9999,True,False,61814.0,11.031885155006929,645.1
tid_2545,2545,2,77,Москва,45-384-000-000,внутригородская территория города федерального значения,,2018,9999,True,False,59563.0,10.994789854904871,660.0
tid_2546,2546,2,77,Москва,45-385-000-000,внутригородская территория города федерального значения,,2018,9999,True,False,42388.0,10.654620582294726,612.0
tid_2547,2547,2,77,Москва,45-386-000-000,внутригородская территория города федерального значения,,2018,9999,True,False,35711.5,10.483228044746912,600.5
tid_2548,2548,2,77,Москва,45-387-000-000,внутригородская территория города федерального значения,,2018,9999,True,False,39954.5,10.595496585651924,628.8
tid_2549,2549,2,77,Москва,45-388-000-000,внутригородская территория города федерального значения,,2018,9999,True,False,45516.5,10.725830176564642,640.9
tid_2550,2550,2,77,Москва,45-389-000-000,внутригородская территория города федерального значения,,2018,9999,True,False,39361.0,10.580530757347516,615.8
tid_2551,2551,2,77,Москва,45-390-000-000,внутригородская территория города федерального значения,,2018,9999,True,False,43095.5,10.671173862288239,619.6
tid_2552,2552,2,77,Москва,45-391-000-000,внутригородская территория города федерального значения,,2018,9999,True,False,40972.5,10.620656388937983,580.9
tid_2553,2553,2,77,Москва,45-392-000-000,внутригородская территория города федерального значения,,2018,9999,True,False,39405.5,10.581660679452332,645.1
tid_2554,2554,2,77,Москва,45-393-000-000,внутригородская территория города федерального значения,,2018,9999,True,False,38620.5,10.56153850255846,634.5
tid_2555,2555,2,77,Москва,45-394-000-000,внутригородская территория города федерального значения,,2018,9999,True,False,43880.0,10.689213914389166,635.9
tid_2556,2556,2,77,Москва,45-395-000-000,внутригородская территория города федерального значения,,2018,9999,True,False,40616.5,10.611929666970997,638.3
tid_2557,2557,2,77,Москва,45-396-000-000,внутригородская территория города федерального значения,,2018,9999,True,False,45146.5,10.717668036460504,650.8
tid_2558,2558,2,77,Москва,45-397-000-000,внутригородская территория города федерального значения,,2018,9999,True,False,52164.0,10.862147880776792,647.9
tid_2559,2559,2,77,Москва,45-398-000-000,внутригородская территория города федерального значения,,2018,9999,True,False,57392.5,10.957668911749726,649.4
tid_2560,2560,2,77,Москва,45-901-000-000,внутригородская территория города федерального значения,,2018,9999,True,False,45473.0,10.72487402221026,633.1
tid_2561,2561,2,77,Москва,45-902-000-000,внутригородская территория города федерального значения,,2018,9999,True,False,45390.0,10.72304709545051,623.4
tid_2562,2562,2,77,Москва,45-903-000-000,внутригородская территория города федерального значения,,2018,9999,True,False,43129.0,10.671950903655498,649.8
tid_2563,2563,2,77,Москва,45-904-000-000,внутригородская территория города федерального значения,,2018,9999,True,False,56629.0,10.944276500467035,640.9
tid_2564,2564,2,77,Москва,45-905-000-000,внутригородская территория города федерального значения,,2018,9999,True,False,53426.5,10.886062156536301,633.3
tid_2565,2565,2,77,Москва,45-906-000-000,внутригородская территория города федерального значения,,2018,9999,True,False,47686.0,10.772393132748352,590.3
tid_2566,2566,2,77,Москва,45-907-000-000,внутригородская территория города федерального значения,,2018,9999,True,False,46638.5,10.750181659272199,604.0
tid_2567,2567,2,77,Москва,45-908-000-000,внутригородская территория города федерального значения,,2018,9999,True,False,51033.5,10.840237558811653,640.1
tid_2568,2568,2,77,Москва,45-909-000-000,внутригородская территория города федерального значения,,2018,9999,True,False,45483.0,10.725093908749692,564.1
tid_2569,2569,2,77,Москва,45-910-000-000,внутригородская территория города федерального значения,,2018,9999,True,False,43980.0,10.691490264108753,606.6
tid_2570,2570,2,77,Москва,45-911-000-000,внутригородская территория города федерального значения,,2018,9999,True,False,40777.5,10.615885737688185,604.5
tid_2571,2571,2,77,Москва,45-912-000-000,внутригородская территория города федерального значения,,2018,9999,True,False,37314.0,10.527123870331945,604.0
tid_2572,2572,2,77,Москва,45-913-000-000,внутригородская территория города федерального значения,,2018,9999,True,False,41529.5,10.634159297062798,613.7
tid_2573,2573,2,77,Москва,45-914-000-000,внутригородская территория города федерального значения,,2018,9999,True,False,47708.5,10.77286485806621,645.3
tid_2574,2574,2,77,Москва,45-915-000-000,внутригородская территория города федерального значения,,2018,9999,True,False,47259.0,10.763398390974078,649.4
tid_2575,2575,2,77,Москва,45-916-000-000,внутригородская территория города федерального значения,,2018,9999,True,False,41637.5,10.636756482501935,614.4
tid_2576,2576,2,77,Москва,45-917-000-000,внутригородская территория города федерального значения,,2018,9999,True,False,43932.0,10.690398262908236,636.1
tid_2577,2577,2,77,Москва,45-918-000-000,внутригородская территория города федерального значения,,2018,9999,True,False,45590.0,10.727443673207487,637.3
tid_2578,2578,2,77,Москва,45-919-000-000,внутригородская территория города федерального значения,,2018,9999,True,False,45234.0,10.719604295439757,614.6
tid_2579,2579,2,77,Москва,45-920-000-000,внутригородская территория города федерального значения,,2018,9999,True,False,44577.0,10.704973309924457,645.1
tid_2580,2580,2,77,Москва,45-921-000-000,внутригородская территория города федерального значения,,2018,9999,True,False,43146.0,10.67234499233055,613.0
tid_2581,2581,2,77,Москва,45-922-000-000,внутригородская территория города федерального значения,,2018,9999,True,False,43461.0,10.67961926320976,604.3
tid_2582,2582,2,77,Москва,45-923-000-000,внутригородская территория города федерального значения,,2018,9999,True,False,40256.5,10.603026760491723,623.1
tid_2583,2583,2,77,Москва,45-924-000-000,внутригородская территория города федерального значения,,2018,9999,True,False,46043.0,10.73733102144275,628.1
tid_2584,2584,2,77,Москва,45-925-000-000,внутригородская территория города федерального значения,,2018,9999,True,False,42716.0,10.662328836291437,616.5
tid_2585,2585,2,77,Москва,45-926-000-000,внутригородская территория города федерального значения,,2018,9999,True,False,43696.5,10.685023286343002,603.1
tid_2586,2586,2,77,Москва,45-927-000-000,внутригородская территория города федерального значения,,2018,9999,True,False,43035.0,10.669769017083574,515.5
tid_2587,2587,2,77,Москва,45-931-000-000,внутригородская территория города федерального значения,,2018,9999,True,False,44488.5,10.702986007790036,524.0
tid_2588,2588,2,77,Москва,45-932-000-000,внутригородская территория города федерального значения,,2018,9999,True,False,38936.5,10.56968739301703,560.1
tid_2589,2589,2,77,Москва,45-941-000-000,внутригородская территория города федерального значения,,2018,9999,True,False,54213.5,10.900685233903864,562.9
tid_2590,2590,2,77,Москва,45-942-000-000,внутригородская территория города федерального значения,,2018,9999,True,False,45093.0,10.716482302801335,554.9
tid_2591,2591,0,77,Москва,45-943-000-000,внутригородская территория города федерального значения,,2018,9999,True,False,37003.5,10.518767781747169,481.7
tid_2592,2592,2,77,Москва,45-944-000-000,внутригородская территория города федерального значения,,2018,9999,True,False,45109.5,10.716848146324166,537.4
tid_2593,2593,1,77,Москва,45-945-000-000,внутригородская территория города федерального значения,,2018,9999,True,False,26994.5,10.203388420532345,469.7
tid_2595,2595,0,77,Москва,45-947-000-000,внутригородская территория города федерального значения,,2018,9999,True,False,30004.5,10.309102649395417,525.4
tid_2596,2596,2,77,Москва,45-948-000-000,внутригородская территория города федерального значения,,2018,9999,True,False,36525.5,10.505765925779139,512.2
tid_2597,2597,2,77,Москва,45-949-000-000,внутригородская территория города федерального значения,,2018,9999,True,False,37639.5,10.535809309870386,530.1
tid_2598,2598,0,77,Москва,45-951-000-000,внутригородская территория города федерального значения,,2018,9999,True,False,32177.5,10.379022729523532,493.3
tid_2599,2599,2,77,Москва,45-952-000-000,внутригородская территория города федерального значения,,2018,9999,True,False,50071.0,10.821197277163698,582.3
tid_26,26,0,2,Республика Башкортостан,80-735-000-000,городской округ,,2018,9999,False,False,27295.5,10.214477132421408,338.4
tid_2600,2600,2,77,Москва,45-953-000-000,внутригородская территория города федерального значения,,2018,9999,True,False,40091.0,10.598907149201738,587.0
tid_2601,2601,2,77,Москва,45-954-000-000,внутригородская территория города федерального значения,,2018,9999,True,False,35346.0,10.472940510749742,472.0
tid_2602,2602,2,77,Москва,45-955-000-000,внутригородская территория города федерального значения,,2018,9999,True,False,46069.5,10.737906404821361,514.0
tid_2604,2604,2,77,Москва,45-957-000-000,внутригородская территория города федерального значения,,2018,9999,True,False,41522.5,10.633990727973154,544.3
tid_2605,2605,2,77,Москва,45-958-000-000,внутригородская территория города федерального значения,,2018,9999,True,False,52148.0,10.86184110878267,579.7
tid_2606,2606,2,77,Москва,45-959-000-000,внутригородская территория города федерального значения,,2018,9999,True,False,39767.0,10.59079270161244,539.6
tid_2607,2607,0,77,Москва,45-961-000-000,внутригородская территория города федерального значения,,2018,9999,True,False,32263.0,10.381676341775822,508.4
tid_2618,2618,1,44,Костромская область,34-714-000-000,городской округ,,2019,2024,False,False,21718.0,9.985896688776846,335.1
tid_2619,2619,0,76,Ярославская область,78-705-000-000,городской округ,,2019,9999,False,False,28692.5,10.264391043554824,416.3
tid_2620,2620,0,59,Пермский край,57-730-000-000,городской округ,,2019,9999,False,False,30522.0,10.32620301405082,285.0
tid_2621,2621,0,59,Пермский край,57-708-000-000,городской округ,,2019,9999,False,False,31879.0,10.36970276478357,288.1
tid_2644,2644,2,50,Московская область,46-770-000-000,городской округ,,2019,9999,False,False,35867.0,10.487572931678823,445.8
tid_2646,2646,2,40,Калужская область,29-715-000-000,городской округ,,2019,9999,False,False,36320.5,10.500137599140295,439.4
tid_2647,2647,0,40,Калужская область,29-606-000-000,муниципальный район,,2019,9999,False,False,29121.5,10.279232011972988,438.0
tid_2648,2648,0,50,Московская область,46-742-000-000,городской округ,,2019,9999,False,False,35920.5,10.489063442141083,511.2
tid_2649,2649,2,50,Московская область,46-788-000-000,городской округ,,2020,9999,False,False,38686.5,10.563245980950718,534.6
tid_2651,2651,2,50,Московская область,46-755-000-000,городской округ,,2020,9999,False,False,43598.5,10.682778025075581,549.7
tid_2652,2652,0,50,Московская область,46-757-000-000,городской округ,,2020,9999,False,False,34507.0,10.44891748098905,449.8
tid_269,269,2,12,Республика Марий Эл,88-701-000-000,городской округ,административный_центр_субъекта,2018,9999,False,True,25320.5,10.139369623298526,347.3
tid_27,27,2,2,Республика Башкортостан,80-739-000-000,городской округ,,2018,9999,False,False,26729.5,10.193523103383752,313.8
tid_270,270,0,12,Республика Марий Эл,88-705-000-000,городской округ,,2018,9999,False,False,22127.5,10.004576457843031,368.8
tid_271,271,1,12,Республика Марий Эл,88-715-000-000,городской округ,,2018,9999,False,False,20912.5,9.94810234529508,360.8
tid_2710,2710,0,69,Тверская область,28-714-000-000,городской округ,,2020,9999,False,False,25507.0,10.146708203279516,354.4
tid_272,272,0,12,Республика Марий Эл,88-604-000-000,муниципальный район,,2018,9999,False,False,18431.0,9.821789308551622,384.7
tid_273,273,0,12,Республика Марий Эл,88-608-000-000,муниципальный район,,2018,9999,False,False,15739.5,9.663928755266076,360.6
tid_274,274,0,12,Республика Марий Эл,88-612-000-000,муниципальный район,,2018,9999,False,False,20502.5,9.928302108910566,354.9
tid_275,275,1,12,Республика Марий Эл,88-616-000-000,муниципальный район,,2018,9999,False,False,18075.0,9.802285047026965,337.7
tid_276,276,3,12,Республика Марий Эл,88-620-000-000,муниципальный район,,2018,9999,False,False,15922.5,9.675488482245521,339.1
tid_277,277,1,12,Республика Марий Эл,88-624-000-000,муниципальный район,,2018,9999,False,False,15584.5,9.65403210955654,336.2
tid_278,278,0,12,Республика Марий Эл,88-628-000-000,муниципальный район,,2018,9999,False,False,25128.5,10.131757939142135,352.3
tid_279,279,1,12,Республика Марий Эл,88-632-000-000,муниципальный район,,2018,9999,False,False,15935.0,9.676273226851437,346.2
tid_28,28,2,2,Республика Башкортостан,80-743-000-000,городской округ,,2018,9999,False,False,25004.0,10.126791091051704,288.3
tid_280,280,1,12,Республика Марий Эл,88-636-000-000,муниципальный район,,2018,9999,False,False,16315.5,9.699870855202015,337.4
tid_2808,2808,2,50,Московская область,46-738-000-000,городской округ,,2021,9999,False,False,36174.0,10.49609590771746,439.2
tid_2809,2809,0,59,Пермский край,57-530-000-000,муниципальный округ,,2021,9999,False,False,24346.0,10.100122843969542,310.0
tid_281,281,1,12,Республика Марий Эл,88-640-000-000,муниципальный район,,2018,9999,False,False,16781.0,9.728002573001161,343.8
tid_2813,2813,0,50,Московская область,46-786-000-000,городской округ,,2021,9999,False,False,32359.0,10.384647468346362,420.8
tid_2814,2814,2,50,Московская область,46-758-000-000,городской округ,,2021,9999,False,False,39737.5,10.590050605219059,521.8
tid_282,282,1,12,Республика Марий Эл,88-644-000-000,муниципальный район,,2018,9999,False,False,15284.5,9.63459452198093,335.3
tid_283,283,0,12,Республика Марий Эл,88-648-000-000,муниципальный район,,2018,9999,False,False,17451.0,9.767152232578871,337.2
tid_284,284,0,12,Республика Марий Эл,88-652-000-000,муниципальный район,,2018,9999,False,False,17913.0,9.793281985215103,343.1
tid_285,285,1,12,Республика Марий Эл,88-656-000-000,муниципальный район,,2018,9999,False,False,17058.0,9.744374580879056,333.9
tid_287,287,1,13,Республика Мордовия,89-603-000-000,муниципальный район,,2018,9999,False,False,15392.0,9.641603172905487,359.1
tid_2872,2872,3,89,Ямало-Ненецкий автономный округ,71-938-000-000,муниципальный округ,,2022,9999,False,False,38119.5,10.548481241207824,203.1
tid_2876,2876,2,26,Ставропольский край,07-715-000-000,городской округ,,2022,9999,False,False,29700.0,10.298902324790792,302.2
tid_2879,2879,0,89,Ямало-Ненецкий автономный округ,71-952-000-000,городской округ,,2022,9999,False,False,43184.0,10.673225335257786,205.0
tid_288,288,1,13,Республика Мордовия,89-605-000-000,муниципальный район,,2018,9999,False,False,16022.0,9.681718056775063,362.5
tid_2880,2880,0,89,Ямало-Ненецкий автономный округ,71-953-000-000,городской округ,,2022,9999,False,False,44447.5,10.702063996390727,205.4
tid_2881,2881,2,26,Ставропольский край,07-548-000-000,муниципальный округ,,2022,9999,False,False,24026.5,10.086912666853092,310.0
tid_2882,2882,0,89,Ямало-Ненецкий автономный округ,71-940-000-000,муниципальный округ,,2022,9999,False,False,39286.5,10.578636227393398,200.9
tid_2883,2883,0,69,Тверская область,28-528-000-000,муниципальный округ,,2023,9999,False,False,28115.5,10.24407630466918,404.5
tid_2884,2884,0,69,Тверская область,28-548-000-000,муниципальный округ,,2023,9999,False,False,25247.5,10.136482419900712,367.9
tid_2885,2885,0,59,Пермский край,57-528-000-000,муниципальный округ,,2023,9999,False,False,22256.0,10.010366914163225,297.3
tid_2886,2886,0,59,Пермский край,57-516-000-000,муниципальный округ,,2023,9999,False,False,24338.5,10.099814737690979,290.7
tid_2887,2887,2,64,Саратовская область,63-701-000-000,городской округ,административный_центр_субъекта,2023,9999,False,True,28740.5,10.266062556837285,343.3
tid_289,289,1,13,Республика Мордовия,89-607-000-000,муниципальный район,,2018,9999,False,False,17306.5,9.758837432463183,358.4
tid_29,29,2,2,Республика Башкортостан,80-745-000-000,городской округ,,2018,9999,False,False,26663.0,10.191032115533917,343.8
tid_290,290,1,13,Республика Мордовия,89-610-000-000,муниципальный район,,2018,9999,False,False,15662.0,9.658992675310882,357.0
tid_292,292,1,13,Республика Мордовия,89-616-000-000,муниципальный район,,2018,9999,False,False,15063.0,9.619996684702816,356.6
tid_293,293,1,13,Республика Мордовия,89-618-000-000,муниципальный район,,2018,9999,False,False,17559.0,9.773321917959331,360.1
tid_294,294,1,13,Республика Мордовия,89-621-000-000,муниципальный район,,2018,9999,False,False,19193.0,9.862300908205878,368.6
tid_295,295,1,13,Республика Мордовия,89-624-000-000,муниципальный район,,2018,9999,False,False,18174.5,9.807774791706937,360.1
tid_296,296,1,13,Республика Мордовия,89-626-000-000,муниципальный район,,2018,9999,False,False,17539.0,9.772182251758139,360.8
tid_297,297,1,13,Республика Мордовия,89-628-000-000,муниципальный район,,2018,9999,False,False,18073.0,9.802174390835638,359.1
tid_298,298,1,13,Республика Мордовия,89-629-000-000,муниципальный район,,2018,9999,False,False,19779.0,9.89237604778141,363.6
tid_3,3,1,1,Республика Адыгея,79-605-000-000,муниципальный район,,2018,9999,False,False,19266.5,9.866123115435911,315.2
tid_30,30,3,2,Республика Башкортостан,80-601-000-000,муниципальный район,,2018,9999,False,False,16636.5,9.719354355712905,294.7
tid_300,300,1,13,Республика Мордовия,89-634-000-000,муниципальный район,,2018,9999,False,False,17021.5,9.742232529853874,362.2
tid_3005,3005,0,52,Нижегородская область,22-703-000-000,городской округ,,2023,9999,False,False,27295.5,10.214477132421408,372.6
tid_3007,3007,0,42,Кемеровская область,32-522-000-000,муниципальный округ,,2023,9999,False,False,24958.5,10.124969724523671,321.4
tid_3009,3009,2,68,Тамбовская область,68-701-000-000,городской округ,административный_центр_субъекта,2023,9999,False,True,28068.0,10.24238541637218,410.2
tid_301,301,0,13,Республика Мордовия,89-637-000-000,муниципальный район,,2018,9999,False,False,21395.5,9.970935898524093,365.5
tid_3011,3011,0,74,Челябинская область,75-712-000-000,городской округ,,2023,9999,False,False,25197.5,10.134500062229034,307.9
tid_3012,3012,1,74,Челябинская область,75-638-000-000,муниципальный район,,2023,9999,False,False,19403.0,9.873182972271273,307.7
tid_3013,3013,2,50,Московская область,46-771-000-000,городской округ,,2023,9999,False,False,38568.0,10.560178196085458,465.6
tid_302,302,1,13,Республика Мордовия,89-640-000-000,муниципальный район,,2018,9999,False,False,17258.0,9.756031083068253,362.0
tid_303,303,0,13,Республика Мордовия,89-643-000-000,муниципальный район,,2018,9999,False,False,22559.5,10.023911542245822,364.1
tid_304,304,1,13,Республика Мордовия,89-646-000-000,муниципальный район,,2018,9999,False,False,15270.5,9.633678141618978,359.4
tid_305,305,1,13,Республика Мордовия,89-649-000-000,муниципальный район,,2018,9999,False,False,17939.0,9.79473239269909,361.7
tid_306,306,1,13,Республика Мордовия,89-651-000-000,муниципальный район,,2018,9999,False,False,16877.0,9.733707027236484,368.1
tid_307,307,1,13,Республика Мордовия,89-654-000-000,муниципальный район,,2018,9999,False,False,20991.0,9.951849053414007,364.8
tid_308,308,1,13,Республика Мордовия,89-657-000-000,муниципальный район,,2018,9999,False,False,20629.5,9.934477369222872,359.1
tid_309,309,3,14,Республика Саха (Якутия),98-701-000-000,городской округ,административный_центр_субъекта,2018,9999,False,True,41690.5,10.638028564086685,137.0
tid_31,31,0,2,Республика Башкортостан,80-602-000-000,муниципальный район,,2018,9999,False,False,18852.5,9.844400810076802,324.0
tid_312,312,0,14,Республика Саха (Якутия),98-603-000-000,муниципальный район,,2018,9999,False,False,38454.5,10.557231003196248,143.8
tid_314,314,3,14,Республика Саха (Якутия),98-608-000-000,муниципальный район,,2018,9999,False,False,28667.0,10.263501914406909,136.2
tid_316,316,3,14,Республика Саха (Якутия),98-612-000-000,муниципальный район,,2018,9999,False,False,45146.0,10.717656961343524,116.9
tid_317,317,3,14,Республика Саха (Якутия),98-614-000-000,муниципальный район,,2018,9999,False,False,26650.0,10.19054442959399,129.9
tid_318,318,3,14,Республика Саха (Якутия),98-615-000-000,муниципальный район,,2018,9999,False,False,48602.5,10.791430248894795,121.8
tid_319,319,3,14,Республика Саха (Якутия),98-616-000-000,муниципальный район,,2018,9999,False,False,36167.5,10.495916204503745,124.4
tid_32,32,0,2,Республика Башкортостан,80-603-000-000,муниципальный район,,2018,9999,False,False,18684.5,9.835449582128843,316.6
tid_320,320,3,14,Республика Саха (Якутия),98-618-000-000,муниципальный район,,2018,9999,False,False,29063.5,10.2772383703399,130.8
tid_321,321,3,14,Республика Саха (Якутия),98-620-000-000,муниципальный район,,2018,9999,False,False,25261.5,10.13703677656422,136.0
tid_323,323,3,14,Республика Саха (Якутия),98-624-000-000,муниципальный район,,2018,9999,False,False,31660.0,10.362809333435003,
tid_324,324,3,14,Республика Саха (Якутия),98-626-000-000,муниципальный район,,2018,9999,False,False,28934.5,10.272789933748044,
tid_325,325,3,14,Республика Саха (Якутия),98-627-000-000,муниципальный район,,2018,9999,False,False,37704.0,10.537521468603567,151.6
tid_326,326,3,14,Республика Саха (Якутия),98-629-000-000,муниципальный район,,2018,9999,False,False,29848.5,10.30388986630183,142.9
tid_327,327,0,14,Республика Саха (Якутия),98-631-000-000,муниципальный район,,2018,9999,False,False,39081.0,10.573391694365673,152.1
tid_329,329,3,14,Республика Саха (Якутия),98-635-000-000,муниципальный район,,2018,9999,False,False,29719.5,10.299558675002423,138.6
tid_33,33,0,2,Республика Башкортостан,80-604-000-000,муниципальный район,,2018,9999,False,False,17459.5,9.767639192099242,317.4
tid_330,330,3,14,Республика Саха (Якутия),98-660-000-000,муниципальный район,,2018,9999,False,False,41027.5,10.621997852553783,147.1
tid_331,331,3,14,Республика Саха (Якутия),98-637-000-000,муниципальный район,,2018,9999,False,False,49860.0,10.816974357077548,113.6
tid_332,332,3,14,Республика Саха (Якутия),98-639-000-000,муниципальный район,,2018,9999,False,False,43789.5,10.687149341598262,127.0
tid_333,333,0,14,Республика Саха (Якутия),98-641-000-000,муниципальный район,,2018,9999,False,False,37079.0,10.52080605059984,145.2
tid_334,334,3,14,Республика Саха (Якутия),98-642-000-000,муниципальный район,,2018,9999,False,False,41832.0,10.641416875867966,140.7
tid_335,335,3,14,Республика Саха (Якутия),98-646-000-000,муниципальный район,,2018,9999,False,False,34488.5,10.448381214118214,119.0
tid_336,336,3,14,Республика Саха (Якутия),98-648-000-000,муниципальный район,,2018,9999,False,False,29120.0,10.279180502310622,149.5
tid_337,337,3,14,Республика Саха (Якутия),98-604-000-000,муниципальный район,,2018,9999,False,False,25024.5,10.127610623963838,135.5
tid_338,338,3,14,Республика Саха (Якутия),98-650-000-000,муниципальный район,,2018,9999,False,False,33902.0,10.431229288678432,133.4
tid_339,339,3,14,Республика Саха (Якутия),98-652-000-000,муниципальный район,,2018,9999,False,False,24126.0,10.09104537612533,137.4
tid_34,34,0,2,Республика Башкортостан,80-605-000-000,муниципальный район,,2018,9999,False,False,16784.5,9.72821112046881,322.3
tid_340,340,3,14,Республика Саха (Якутия),98-654-000-000,муниципальный район,,2018,9999,False,False,35790.5,10.485437774045275,133.6
tid_341,341,3,14,Республика Саха (Якутия),98-656-000-000,муниципальный район,,2018,9999,False,False,45249.0,10.719935849436363,119.2
tid_342,342,3,14,Республика Саха (Якутия),98-644-000-000,муниципальный район,,2018,9999,False,False,30064.5,10.311100352701752,138.6
tid_343,343,3,14,Республика Саха (Якутия),98-658-000-000,муниципальный район,,2018,9999,False,False,26354.5,10.179394317377222,136.7
tid_345,345,2,15,Республика Северная Осетия — Алания,90-701-000-000,городской округ,административный_центр_субъекта,2018,9999,False,True,27962.5,10.238619605798386,291.4
tid_346,346,2,15,Республика Северная Осетия — Алания,90-605-000-000,муниципальный район,,2018,9999,False,False,21258.0,9.964488574093528,291.4
tid_347,347,2,15,Республика Северная Осетия — Алания,90-610-000-000,муниципальный район,,2018,9999,False,False,20905.0,9.947743643790666,295.9
tid_348,348,2,15,Республика Северная Осетия — Алания,90-615-000-000,муниципальный район,,2018,9999,False,False,20690.0,9.93740577073959,293.7
tid_349,349,2,15,Республика Северная Осетия — Алания,90-620-000-000,муниципальный район,,2018,9999,False,False,17526.0,9.771440771615795,293.7
tid_35,35,0,2,Республика Башкортостан,80-606-000-000,муниципальный район,,2018,9999,False,False,19081.5,9.856474558264376,288.3
tid_351,351,2,15,Республика Северная Осетия — Алания,90-630-000-000,муниципальный район,,2018,9999,False,False,22397.5,10.016704624471734,296.8
tid_352,352,2,15,Республика Северная Осетия — Алания,90-635-000-000,муниципальный район,,2018,9999,False,False,21069.0,9.95555804482713,297.3
tid_354,354,2,16,Республика Татарстан,92-701-000-000,городской округ,административный_центр_субъекта,2018,9999,False,True,32097.0,10.376517846806717,345.0
tid_355,355,2,16,Республика Татарстан,92-730-000-000,городской округ,,2018,9999,False,False,28089.0,10.243133319606999,367.4
tid_356,356,0,16,Республика Татарстан,92-601-000-000,муниципальный район,,2018,9999,False,False,18593.5,9.830567336259499,334.6
tid_357,357,0,16,Республика Татарстан,92-602-000-000,муниципальный район,,2018,9999,False,False,21097.0,9.956886129260823,338.8
tid_358,358,0,16,Республика Татарстан,92-604-000-000,муниципальный район,,2018,9999,False,False,15945.5,9.676931936744925,342.1
tid_359,359,0,16,Республика Татарстан,92-605-000-000,муниципальный район,,2018,9999,False,False,16482.0,9.710024155323328,328.5
tid_36,36,0,2,Республика Башкортостан,80-607-000-000,муниципальный район,,2018,9999,False,False,17889.0,9.791941277791215,333.9
tid_360,360,1,16,Республика Татарстан,92-606-000-000,муниципальный район,,2018,9999,False,False,20117.0,9.909320507728571,352.3
tid_361,361,0,16,Республика Татарстан,92-607-000-000,муниципальный район,,2018,9999,False,False,17585.0,9.774801544908083,347.1
tid_362,362,2,16,Республика Татарстан,92-608-000-000,муниципальный район,,2018,9999,False,False,27840.0,10.234229114448356,340.3
tid_363,363,0,16,Республика Татарстан,92-610-000-000,муниципальный район,,2018,9999,False,False,15242.5,9.63184285778197,355.8
tid_364,364,0,16,Республика Татарстан,92-612-000-000,муниципальный район,,2018,9999,False,False,17053.5,9.744110740237272,348.5
tid_365,365,0,16,Республика Татарстан,92-613-000-000,муниципальный район,,2018,9999,False,False,14583.5,9.587646031623773,349.2
tid_366,366,0,16,Республика Татарстан,92-614-000-000,муниципальный район,,2018,9999,False,False,19906.0,9.89877647280601,339.6
tid_367,367,0,16,Республика Татарстан,92-615-000-000,муниципальный район,,2018,9999,False,False,16883.5,9.734092092628307,343.3
tid_368,368,0,16,Республика Татарстан,92-617-000-000,муниципальный район,,2018,9999,False,False,25589.5,10.149937390080572,340.5
tid_369,369,0,16,Республика Татарстан,92-618-000-000,муниципальный район,,2018,9999,False,False,17762.5,9.784844772405355,356.3
tid_37,37,0,2,Республика Башкортостан,80-608-000-000,муниципальный район,,2018,9999,False,False,17103.5,9.747038399909567,320.2
tid_370,370,0,16,Республика Татарстан,92-620-000-000,муниципальный район,,2018,9999,False,False,24286.5,10.097675919394916,357.3
tid_371,371,0,16,Республика Татарстан,92-622-000-000,муниципальный район,,2018,9999,False,False,22430.5,10.018176918839586,363.4
tid_372,372,0,16,Республика Татарстан,92-624-000-000,муниципальный район,,2018,9999,False,False,14694.0,9.595194526180222,355.1
tid_373,373,2,16,Республика Татарстан,92-626-000-000,муниципальный район,,2018,9999,False,False,25967.0,10.164581780078812,344.3
tid_374,374,0,16,Республика Татарстан,92-627-000-000,муниципальный район,,2018,9999,False,False,22163.5,10.006202070627925,342.9
tid_375,375,0,16,Республика Татарстан,92-628-000-000,муниципальный район,,2018,9999,False,False,26803.5,10.196287754986825,360.6
tid_376,376,1,16,Республика Татарстан,92-629-000-000,муниципальный район,,2018,9999,False,False,15441.5,9.644813969119054,358.4
tid_377,377,1,16,Республика Татарстан,92-630-000-000,муниципальный район,,2018,9999,False,False,18870.5,9.845355135096876,347.1
tid_378,378,0,16,Республика Татарстан,92-633-000-000,муниципальный район,,2018,9999,False,False,17849.0,9.789702763229508,339.1
tid_379,379,2,16,Республика Татарстан,92-634-000-000,муниципальный район,,2018,9999,False,False,28733.5,10.265818968430889,353.7
tid_38,38,0,2,Республика Башкортостан,80-609-000-000,муниципальный район,,2018,9999,False,False,25335.5,10.139961853258981,327.7
tid_380,380,0,16,Республика Татарстан,92-636-000-000,муниципальный район,,2018,9999,False,False,24664.5,10.11312024182239,339.6
tid_381,381,0,16,Республика Татарстан,92-638-000-000,муниципальный район,,2018,9999,False,False,17846.0,9.789534672460096,341.7
tid_382,382,0,16,Республика Татарстан,92-639-000-000,муниципальный район,,2018,9999,False,False,20848.5,9.945037282192922,342.9
tid_383,383,0,16,Республика Татарстан,92-640-000-000,муниципальный район,,2018,9999,False,False,19680.0,9.887358170606245,335.8
tid_384,384,0,16,Республика Татарстан,92-642-000-000,муниципальный район,,2018,9999,False,False,16167.0,9.690727406601606,336.2
tid_385,385,2,16,Республика Татарстан,92-644-000-000,муниципальный район,,2018,9999,False,False,26143.5,10.171355872629846,339.3
tid_386,386,0,16,Республика Татарстан,92-645-000-000,муниципальный район,,2018,9999,False,False,17948.0,9.795233967095873,344.3
tid_387,387,0,16,Республика Татарстан,92-646-000-000,муниципальный район,,2018,9999,False,False,20253.5,9.91608289710583,342.9
tid_388,388,0,16,Республика Татарстан,92-648-000-000,муниципальный район,,2018,9999,False,False,25517.0,10.147100175689678,355.1
tid_39,39,0,2,Республика Башкортостан,80-610-000-000,муниципальный район,,2018,9999,False,False,19495.5,9.877938948689753,307.7
tid_390,390,0,16,Республика Татарстан,92-652-000-000,муниципальный район,,2018,9999,False,False,17338.0,9.760655903428585,344.3
tid_391,391,0,16,Республика Татарстан,92-653-000-000,муниципальный район,,2018,9999,False,False,16860.0,9.732699231555847,340.5
tid_392,392,1,16,Республика Татарстан,92-632-000-000,муниципальный район,,2018,9999,False,False,18699.0,9.83622532547696,340.7
tid_393,393,0,16,Республика Татарстан,92-655-000-000,муниципальный район,,2018,9999,False,False,17519.5,9.771069825270358,350.2
tid_395,395,0,16,Республика Татарстан,92-656-000-000,муниципальный район,,2018,9999,False,False,15473.0,9.646851848489673,348.8
tid_396,396,0,16,Республика Татарстан,92-658-000-000,муниципальный район,,2018,9999,False,False,16541.5,9.713627653703872,342.4
tid_397,397,0,16,Республика Татарстан,92-659-000-000,муниципальный район,,2018,9999,False,False,22567.0,10.02424394117191,347.1
tid_398,398,0,16,Республика Татарстан,92-654-000-000,муниципальный район,,2018,9999,False,False,18846.0,9.844055968766702,337.9
tid_4,4,0,1,Республика Адыгея,79-615-000-000,муниципальный район,,2018,9999,False,False,19741.5,9.890478297942488,315.5
tid_40,40,0,2,Республика Башкортостан,80-611-000-000,муниципальный район,,2018,9999,False,False,23776.5,10.076452976906056,302.2
tid_401,401,0,17,Республика Тыва,93-605-000-000,муниципальный район,,2018,9999,False,False,17934.5,9.794481511127813,182.5
tid_402,402,0,17,Республика Тыва,93-610-000-000,муниципальный район,,2018,9999,False,False,18189.0,9.808572294739841,184.2
tid_403,403,0,17,Республика Тыва,93-615-000-000,муниципальный район,,2018,9999,False,False,18112.5,9.804357586628937,181.6
tid_404,404,0,17,Республика Тыва,93-620-000-000,муниципальный район,,2018,9999,False,False,19155.0,9.860319057134749,183.0
tid_405,405,0,17,Республика Тыва,93-622-000-000,муниципальный район,,2018,9999,False,False,24521.0,10.1072851722528,187.5
tid_408,408,1,17,Республика Тыва,93-635-000-000,муниципальный район,,2018,9999,False,False,19340.0,9.869930769007285,188.7
tid_41,41,0,2,Республика Башкортостан,80-612-000-000,муниципальный район,,2018,9999,False,False,18428.0,9.821626526055807,323.0
tid_410,410,0,17,Республика Тыва,93-640-000-000,муниципальный район,,2018,9999,False,False,21511.0,9.976319711185798,183.5
tid_413,413,0,17,Республика Тыва,93-650-000-000,муниципальный район,,2018,9999,False,False,25313.5,10.139093129241386,177.8
tid_414,414,0,17,Республика Тыва,93-654-000-000,муниципальный район,,2018,9999,False,False,20030.5,9.90501139090447,182.3
tid_416,416,0,17,Республика Тыва,93-657-000-000,муниципальный район,,2018,9999,False,False,18489.0,9.824931239630352,182.5
tid_418,418,2,18,Удмуртская Республика,94-701-000-000,городской округ,административный_центр_субъекта,2018,9999,False,True,29100.5,10.278510635142556,324.0
tid_419,419,0,18,Удмуртская Республика,94-710-000-000,городской округ,,2018,9999,False,False,26857.5,10.198300390540698,338.4
tid_42,42,0,2,Республика Башкортостан,80-613-000-000,муниципальный район,,2018,9999,False,False,23765.0,10.07596918904811,327.0
tid_420,420,0,18,Удмуртская Республика,94-720-000-000,городской округ,,2018,9999,False,False,24130.5,10.091231879498473,322.3
tid_421,421,0,18,Удмуртская Республика,94-730-000-000,городской округ,,2018,9999,False,False,20977.0,9.95118187839879,345.2
tid_422,422,0,18,Удмуртская Республика,94-740-000-000,городской округ,,2018,9999,False,False,26009.0,10.166197910952352,327.0
tid_423,423,0,18,Удмуртская Республика,94-502-000-000,муниципальный округ,,2022,9999,False,False,16664.5,9.72103598729144,337.0
tid_424,424,0,18,Удмуртская Республика,94-504-000-000,муниципальный округ,,2022,9999,False,False,17553.5,9.773008639209884,315.7
tid_425,425,0,18,Удмуртская Республика,94-506-000-000,муниципальный округ,,2022,9999,False,False,18969.5,9.850587705175267,325.9
tid_428,428,1,18,Удмуртская Республика,94-512-000-000,муниципальный округ,,2022,9999,False,False,17828.5,9.78855357944387,336.5
tid_429,429,1,18,Удмуртская Республика,94-514-000-000,муниципальный округ,,2022,9999,False,False,18429.5,9.821707920615983,319.7
tid_43,43,0,2,Республика Башкортостан,80-614-000-000,муниципальный район,,2018,9999,False,False,18543.0,9.827847638327382,329.2
tid_430,430,2,18,Удмуртская Республика,94-516-000-000,муниципальный округ,,2022,9999,False,False,27530.5,10.223049759976812,333.6
tid_431,431,0,18,Удмуртская Республика,94-518-000-000,муниципальный округ,,2022,9999,False,False,19506.5,9.878503022341958,323.0
tid_432,432,1,18,Удмуртская Республика,94-520-000-000,муниципальный округ,,2022,9999,False,False,20065.0,9.906732282701016,325.6
tid_433,433,1,18,Удмуртская Республика,94-522-000-000,муниципальный округ,,2022,9999,False,False,17466.5,9.768040039610765,317.6
tid_434,434,0,18,Удмуртская Республика,94-524-000-000,муниципальный округ,,2022,9999,False,False,17520.0,9.771098364490383,314.3
tid_435,435,0,18,Удмуртская Республика,94-526-000-000,муниципальный округ,,2022,9999,False,False,19046.0,9.854612384753992,334.6
tid_436,436,0,18,Удмуртская Республика,94-528-000-000,муниципальный округ,,2022,9999,False,False,16484.0,9.710145492458707,327.3
tid_437,437,1,18,Удмуртская Республика,94-530-000-000,муниципальный округ,,2022,9999,False,False,17166.5,9.750715089198724,320.2
tid_438,438,0,18,Удмуртская Республика,94-533-000-000,муниципальный округ,,2022,9999,False,False,16836.5,9.731304427715099,335.1
tid_44,44,0,2,Республика Башкортостан,80-615-000-000,муниципальный район,,2018,9999,False,False,24871.5,10.121477848609537,328.0
tid_440,440,0,18,Удмуртская Республика,94-537-000-000,муниципальный округ,,2022,9999,False,False,19660.5,9.886366825727709,328.2
tid_441,441,1,18,Удмуртская Республика,94-539-000-000,муниципальный округ,,2022,9999,False,False,18400.0,9.820105943597078,325.4
tid_442,442,0,18,Удмуртская Республика,94-541-000-000,муниципальный округ,,2022,9999,False,False,18813.0,9.842303399211131,328.2
tid_443,443,0,18,Удмуртская Республика,94-544-000-000,муниципальный округ,,2022,9999,False,False,19646.0,9.885629034234816,327.3
tid_444,444,0,18,Удмуртская Республика,94-546-000-000,муниципальный округ,,2022,9999,False,False,17685.0,9.780472101639582,320.2
tid_445,445,1,18,Удмуртская Республика,94-548-000-000,муниципальный округ,,2022,9999,False,False,16397.5,9.70488416316789,314.0
tid_446,446,0,18,Удмуртская Республика,94-550-000-000,муниципальный округ,,2022,9999,False,False,18203.0,9.809341694645898,325.1
tid_447,447,1,18,Удмуртская Республика,94-552-000-000,муниципальный округ,,2022,9999,False,False,16360.0,9.702594610156739,311.7
tid_448,448,0,19,Республика Хакасия,95-701-000-000,городской округ,административный_центр_субъекта,2018,9999,False,True,29064.5,10.277272777166218,203.1
tid_449,449,1,19,Республика Хакасия,95-702-000-000,городской округ,,2018,9999,False,False,23610.5,10.069446807322494,192.7
tid_45,45,0,2,Республика Башкортостан,80-617-000-000,муниципальный район,,2018,9999,False,False,19072.0,9.855976569865076,331.8
tid_450,450,0,19,Республика Хакасия,95-708-000-000,городской округ,,2018,9999,False,False,28269.5,10.249538763937664,197.9
tid_451,451,1,19,Республика Хакасия,95-709-000-000,городской округ,,2018,9999,False,False,23539.0,10.066413899028326,198.1
tid_452,452,0,19,Республика Хакасия,95-715-000-000,городской округ,,2018,9999,False,False,26597.5,10.188572505390521,205.4
tid_453,453,0,19,Республика Хакасия,95-605-000-000,муниципальный район,,2018,9999,False,False,22997.5,10.043140793351313,203.5
tid_455,455,0,19,Республика Хакасия,95-612-000-000,муниципальный район,,2018,9999,False,False,25174.5,10.133586856416343,197.4
tid_456,456,1,19,Республика Хакасия,95-615-000-000,муниципальный район,,2018,9999,False,False,18940.5,9.849057765546844,205.0
tid_457,457,1,19,Республика Хакасия,95-620-000-000,муниципальный район,,2018,9999,False,False,19548.5,9.880653836127184,209.9
tid_458,458,0,19,Республика Хакасия,95-625-000-000,муниципальный район,,2018,9999,False,False,21747.0,9.987231095968987,194.1
tid_459,459,0,19,Республика Хакасия,95-630-000-000,муниципальный район,,2018,9999,False,False,24204.5,10.094293845271366,206.4
tid_46,46,0,2,Республика Башкортостан,80-618-000-000,муниципальный район,,2018,9999,False,False,18275.5,9.813316644024829,325.1
tid_460,460,0,19,Республика Хакасия,95-635-000-000,муниципальный район,,2018,9999,False,False,22041.0,10.000659634288388,207.1
tid_47,47,0,2,Республика Башкортостан,80-619-000-000,муниципальный район,,2018,9999,False,False,17207.0,9.753071556753158,295.4
tid_478,478,2,21,Чувашская Республика,97-701-000-000,городской округ,административный_центр_субъекта,2018,9999,False,True,26840.0,10.197648591085619,356.3
tid_479,479,1,21,Чувашская Республика,97-704-000-000,городской округ,,2018,9999,False,False,18254.0,9.812139513076822,365.1
tid_48,48,0,2,Республика Башкортостан,80-621-000-000,муниципальный район,,2018,9999,False,False,18916.0,9.847763403763766,312.2
tid_480,480,0,21,Чувашская Республика,97-707-000-000,городской округ,,2018,9999,False,False,19363.0,9.871119307503399,383.0
tid_481,481,0,21,Чувашская Республика,97-710-000-000,городской округ,,2018,9999,False,False,25584.5,10.14974197834743,361.7
tid_482,482,1,21,Чувашская Республика,97-713-000-000,городской округ,,2018,9999,False,False,19121.0,9.85854248649296,368.6
tid_484,484,0,21,Чувашская Республика,97-505-000-000,муниципальный округ,,2023,9999,False,False,14435.0,9.577411092097035,361.5
tid_485,485,0,21,Чувашская Республика,97-507-000-000,муниципальный округ,,2023,9999,False,False,14698.0,9.595466709088816,358.0
tid_486,486,0,21,Чувашская Республика,97-510-000-000,муниципальный округ,,2023,9999,False,False,17833.5,9.78883398996671,359.4
tid_487,487,0,21,Чувашская Республика,97-513-000-000,муниципальный округ,,2023,9999,False,False,17474.5,9.76849795438938,358.7
tid_489,489,1,21,Чувашская Республика,97-519-000-000,муниципальный округ,,2023,9999,False,False,17190.5,9.752112184632187,356.8
tid_49,49,0,2,Республика Башкортостан,80-622-000-000,муниципальный район,,2018,9999,False,False,21111.0,9.957549510634658,325.1
tid_490,490,0,21,Чувашская Республика,97-521-000-000,муниципальный округ,,2023,9999,False,False,14413.0,9.575885856083103,361.3
tid_491,491,0,21,Чувашская Республика,97-524-000-000,муниципальный округ,,2022,9999,False,False,15053.0,9.619332585860503,361.0
tid_492,492,0,21,Чувашская Республика,97-526-000-000,муниципальный округ,,2023,9999,False,False,15089.0,9.62172128051365,358.2
tid_493,493,1,21,Чувашская Республика,97-529-000-000,муниципальный округ,,2023,9999,False,False,15700.0,9.6614159913364,354.7
tid_494,494,0,21,Чувашская Республика,97-532-000-000,муниципальный округ,,2023,9999,False,False,15262.5,9.63315411841896,358.9
tid_495,495,1,21,Чувашская Республика,97-535-000-000,муниципальный округ,,2023,9999,False,False,16822.5,9.730472555062473,360.6
tid_496,496,0,21,Чувашская Республика,97-538-000-000,муниципальный округ,,2023,9999,False,False,14557.5,9.585861603711274,358.0
tid_497,497,0,21,Чувашская Республика,97-541-000-000,муниципальный округ,,2023,9999,False,False,17599.0,9.775597361230211,362.7
tid_498,498,0,21,Чувашская Республика,97-544-000-000,муниципальный округ,,2023,9999,False,False,19825.5,9.894724266865971,366.7
tid_499,499,0,21,Чувашская Республика,97-547-000-000,муниципальный округ,,2023,9999,False,False,14731.5,9.597743337265939,356.8
tid_5,5,0,1,Республика Адыгея,79-618-000-000,муниципальный район,,2018,9999,False,False,19158.0,9.860475661942838,320.2
tid_50,50,0,2,Республика Башкортостан,80-623-000-000,муниципальный район,,2018,9999,False,False,21017.0,9.953086913027413,306.3
tid_501,501,0,21,Чувашская Республика,97-553-000-000,муниципальный округ,,2023,9999,False,False,17008.0,9.74143910058173,361.5
tid_502,502,0,21,Чувашская Республика,97-555-000-000,муниципальный округ,,2023,9999,False,False,13621.5,9.519404705797992,355.1
tid_503,503,0,21,Чувашская Республика,97-558-000-000,муниципальный округ,,2023,9999,False,False,14153.0,9.55768189473384,357.7
tid_504,504,2,22,Алтайский край,01-701-000-000,городской округ,административный_центр_субъекта,2018,9999,False,True,30163.0,10.314371286671152,224.8
tid_505,505,0,22,Алтайский край,01-703-000-000,городской округ,,2018,9999,False,False,23387.5,10.059956970582345,230.0
tid_506,506,0,22,Алтайский край,01-704-000-000,городской округ,,2018,9999,False,False,29624.5,10.296357000657872,216.1
tid_507,507,0,22,Алтайский край,01-705-000-000,городской округ,,2018,9999,False,False,28011.0,10.240352569152035,230.7
tid_508,508,0,22,Алтайский край,01-706-000-000,городской округ,,2018,9999,False,False,23425.5,10.06158045159601,231.2
tid_509,509,0,22,Алтайский край,01-713-000-000,городской округ,,2018,9999,False,False,26651.0,10.19058195234216,263.0
tid_51,51,0,2,Республика Башкортостан,80-624-000-000,муниципальный район,,2018,9999,False,False,22730.5,10.031462913964967,331.3
tid_510,510,0,22,Алтайский край,01-716-000-000,городской округ,,2018,9999,False,False,25214.5,10.135174504847631,226.4
tid_511,511,0,22,Алтайский край,01-539-000-000,муниципальный округ,,2023,9999,False,False,22672.0,10.028885961930461,228.3
tid_512,512,1,22,Алтайский край,01-730-000-000,городской округ,,2018,9999,False,False,23464.5,10.063243919669935,227.9
tid_515,515,0,22,Алтайский край,01-602-000-000,муниципальный район,,2018,9999,False,False,22094.5,10.003083987754591,214.4
tid_516,516,1,22,Алтайский край,01-603-000-000,муниципальный район,,2018,9999,False,False,17941.0,9.794843875419385,226.9
tid_517,517,0,22,Алтайский край,01-604-000-000,муниципальный район,,2018,9999,False,False,21755.5,9.987621878112918,287.4
tid_518,518,1,22,Алтайский край,01-605-000-000,муниципальный район,,2018,9999,False,False,20874.0,9.946259644379998,224.3
tid_519,519,1,22,Алтайский край,01-606-000-000,муниципальный район,,2018,9999,False,False,17718.0,9.782336350971978,229.5
tid_52,52,0,2,Республика Башкортостан,80-625-000-000,муниципальный район,,2018,9999,False,False,17078.0,9.745546364467552,330.3
tid_520,520,1,22,Алтайский край,01-607-000-000,муниципальный район,,2018,9999,False,False,15798.0,9.667638628724365,214.2
tid_521,521,1,22,Алтайский край,01-608-000-000,муниципальный район,,2018,9999,False,False,18360.5,9.817956896919135,220.1
tid_522,522,1,22,Алтайский край,01-609-000-000,муниципальный район,,2018,9999,False,False,15496.5,9.64836947095761,219.1
tid_523,523,1,22,Алтайский край,01-610-000-000,муниципальный район,,2018,9999,False,False,16203.5,9.692982547267885,220.1
tid_524,524,0,22,Алтайский край,01-611-000-000,муниципальный район,,2018,9999,False,False,18389.0,9.819507938740854,224.1
tid_525,525,1,22,Алтайский край,01-512-000-000,муниципальный округ,,2022,9999,False,False,17437.5,9.76637833856372,229.3
tid_527,527,1,22,Алтайский край,01-614-000-000,муниципальный район,,2018,9999,False,False,20349.5,9.920811620544322,213.9
tid_528,528,1,22,Алтайский край,01-615-000-000,муниципальный район,,2018,9999,False,False,16802.0,9.729253205924792,226.2
tid_529,529,0,22,Алтайский край,01-616-000-000,муниципальный район,,2018,9999,False,False,20517.0,9.929009089766206,229.8
tid_53,53,0,2,Республика Башкортостан,80-626-000-000,муниципальный район,,2018,9999,False,False,19157.0,9.860423463065102,296.6
tid_530,530,0,22,Алтайский край,01-617-000-000,муниципальный район,,2018,9999,False,False,19154.5,9.860292953948854,223.1
tid_531,531,1,22,Алтайский край,01-618-000-000,муниципальный район,,2018,9999,False,False,16914.5,9.735926521215397,226.9
tid_532,532,1,22,Алтайский край,01-619-000-000,муниципальный район,,2018,9999,False,False,18165.0,9.807251944655302,214.4
tid_533,533,1,22,Алтайский край,01-620-000-000,муниципальный район,,2018,9999,False,False,18193.0,9.808792183696804,214.4
tid_534,534,1,22,Алтайский край,01-621-000-000,муниципальный район,,2018,9999,False,False,18199.5,9.809149400160038,231.9
tid_535,535,0,22,Алтайский край,01-622-000-000,муниципальный район,,2018,9999,False,False,21183.0,9.960954252184457,225.3
tid_536,536,1,22,Алтайский край,01-623-000-000,муниципальный район,,2018,9999,False,False,18423.0,9.82135516299751,215.6
tid_537,537,1,22,Алтайский край,01-624-000-000,муниципальный район,,2018,9999,False,False,17642.5,9.778066042874986,223.8
tid_538,538,1,22,Алтайский край,01-625-000-000,муниципальный район,,2018,9999,False,False,18490.0,9.82498532438117,213.0
tid_539,539,0,22,Алтайский край,01-626-000-000,муниципальный район,,2018,9999,False,False,17672.5,9.77976503804511,223.6
tid_54,54,0,2,Республика Башкортостан,80-627-000-000,муниципальный район,,2018,9999,False,False,18255.0,9.812194294089737,290.4
tid_540,540,1,22,Алтайский край,01-627-000-000,муниципальный район,,2018,9999,False,False,18879.0,9.845805472195043,220.1
tid_541,541,1,22,Алтайский край,01-628-000-000,муниципальный район,,2018,9999,False,False,18398.5,9.820024418534869,219.1
tid_542,542,3,22,Алтайский край,01-629-000-000,муниципальный район,,2018,9999,False,False,15242.0,9.631810054226063,222.9
tid_543,543,0,22,Алтайский край,01-630-000-000,муниципальный район,,2018,9999,False,False,19206.0,9.862978009197919,228.6
tid_544,544,1,22,Алтайский край,01-631-000-000,муниципальный район,,2018,9999,False,False,18197.5,9.809039500992412,230.2
tid_545,545,0,22,Алтайский край,01-632-000-000,муниципальный район,,2018,9999,False,False,19541.5,9.880295688259451,273.7
tid_546,546,1,22,Алтайский край,01-633-000-000,муниципальный район,,2018,9999,False,False,18395.5,9.819861348468736,214.6
tid_547,547,1,22,Алтайский край,01-634-000-000,муниципальный район,,2018,9999,False,False,19499.0,9.878118461185586,218.4
tid_548,548,1,22,Алтайский край,01-635-000-000,муниципальный район,,2018,9999,False,False,16565.0,9.715047314733996,224.6
tid_549,549,1,22,Алтайский край,01-636-000-000,муниципальный район,,2018,9999,False,False,17561.0,9.773435813175855,224.3
tid_55,55,0,2,Республика Башкортостан,80-628-000-000,муниципальный район,,2018,9999,False,False,24139.5,10.091604781926659,328.2
tid_550,550,0,22,Алтайский край,01-637-000-000,муниципальный район,,2018,9999,False,False,17637.0,9.777754247070364,223.6
tid_552,552,1,22,Алтайский край,01-640-000-000,муниципальный район,,2018,9999,False,False,20654.0,9.935664284231349,219.6
tid_553,553,1,22,Алтайский край,01-541-000-000,муниципальный округ,,2023,9999,False,False,19548.5,9.880653836127184,227.2
tid_554,554,1,22,Алтайский край,01-642-000-000,муниципальный район,,2018,9999,False,False,19201.5,9.862743679964273,217.7
tid_555,555,1,22,Алтайский край,01-643-000-000,муниципальный район,,2018,9999,False,False,19438.0,9.874985192063416,211.1
tid_556,556,3,22,Алтайский край,01-644-000-000,муниципальный район,,2018,9999,False,False,14606.0,9.589187682180055,212.8
tid_557,557,1,22,Алтайский край,01-645-000-000,муниципальный район,,2018,9999,False,False,17415.5,9.765115893269376,226.9
tid_558,558,1,22,Алтайский край,01-646-000-000,муниципальный район,,2018,9999,False,False,19514.0,9.878887435667895,226.9
tid_559,559,0,22,Алтайский край,01-647-000-000,муниципальный район,,2018,9999,False,False,19544.0,9.880423612937577,234.5
tid_56,56,0,2,Республика Башкортостан,80-630-000-000,муниципальный район,,2018,9999,False,False,17420.0,9.765374250406493,332.5
tid_560,560,1,22,Алтайский край,01-648-000-000,муниципальный район,,2018,9999,False,False,17200.0,9.752664662801545,221.3
tid_561,561,1,22,Алтайский край,01-649-000-000,муниципальный район,,2018,9999,False,False,18135.0,9.805599051717003,222.7
tid_562,562,1,22,Алтайский край,01-650-000-000,муниципальный район,,2018,9999,False,False,18832.5,9.84333937969985,212.5
tid_563,563,1,22,Алтайский край,01-651-000-000,муниципальный район,,2018,9999,False,False,17858.0,9.790206866077162,225.7
tid_564,564,1,22,Алтайский край,01-652-000-000,муниципальный район,,2018,9999,False,False,18282.0,9.813672248213765,226.4
tid_565,565,1,22,Алтайский край,01-653-000-000,муниципальный район,,2018,9999,False,False,16341.5,9.701463163466306,217.2
tid_566,566,1,22,Алтайский край,01-654-000-000,муниципальный район,,2018,9999,False,False,17589.0,9.775028985632325,218.2
tid_567,567,1,22,Алтайский край,01-655-000-000,муниципальный район,,2018,9999,False,False,16995.0,9.740674462130217,218.7
tid_568,568,0,22,Алтайский край,01-656-000-000,муниципальный район,,2018,9999,False,False,18202.0,9.8092867571373,230.2
tid_569,569,1,22,Алтайский край,01-657-000-000,муниципальный район,,2018,9999,False,False,17682.5,9.780330728910146,221.7
tid_57,57,0,2,Республика Башкортостан,80-631-000-000,муниципальный район,,2018,9999,False,False,26985.5,10.20305496369339,315.0
tid_570,570,1,22,Алтайский край,01-558-000-000,муниципальный округ,,2023,9999,False,False,18619.0,9.831937843696052,210.9
tid_571,571,1,22,Алтайский край,01-659-000-000,муниципальный район,,2018,9999,False,False,19550.5,9.880756140534036,218.9
tid_572,572,1,22,Алтайский край,01-660-000-000,муниципальный район,,2018,9999,False,False,18866.0,9.845116639209799,227.6
tid_574,574,0,75,Забайкальский край,76-715-000-000,городской округ,,2018,9999,False,False,23795.0,10.077230753555211,172.4
tid_578,578,0,75,Забайкальский край,76-606-000-000,муниципальный район,,2018,9999,False,False,25031.0,10.127870335685289,156.3
tid_579,579,0,75,Забайкальский край,76-609-000-000,муниципальный район,,2018,9999,False,False,26629.0,10.189756126469401,154.9
tid_58,58,0,2,Республика Башкортостан,80-633-000-000,муниципальный район,,2018,9999,False,False,18293.0,9.814273751991298,320.4
tid_580,580,3,75,Забайкальский край,76-610-000-000,муниципальный район,,2018,2024,False,False,27661.0,10.227778757855184,153.2
tid_581,581,0,75,Забайкальский край,76-612-000-000,муниципальный район,,2018,9999,False,False,29727.5,10.299827822311734,152.8
tid_582,582,3,75,Забайкальский край,76-515-000-000,муниципальный округ,,2021,9999,False,False,33060.5,10.406094495277587,157.0
tid_583,583,3,75,Забайкальский край,76-618-000-000,муниципальный район,,2018,2024,False,False,22016.0,9.99952474073307,151.1
tid_584,584,0,75,Забайкальский край,76-620-000-000,муниципальный район,,2018,9999,False,False,23402.0,10.060576767778903,161.0
tid_585,585,1,75,Забайкальский край,76-621-000-000,муниципальный район,,2018,9999,False,False,28744.0,10.266184328793354,151.8
tid_586,586,0,75,Забайкальский край,76-622-000-000,муниципальный район,,2018,9999,False,False,22840.5,10.036290554948897,165.1
tid_587,587,2,75,Забайкальский край,76-624-000-000,муниципальный район,,2018,9999,False,False,25902.0,10.162075464783532,153.0
tid_588,588,3,75,Забайкальский край,76-626-000-000,муниципальный район,,2018,2024,False,False,27384.0,10.217714180210022,152.1
tid_589,589,0,75,Забайкальский край,76-628-000-000,муниципальный район,,2018,9999,False,False,24610.0,10.110908143385101,157.7
tid_59,59,0,2,Республика Башкортостан,80-634-000-000,муниципальный район,,2018,9999,False,False,18936.5,9.84884655557695,315.0
tid_591,591,0,75,Забайкальский край,76-632-000-000,муниципальный район,,2018,9999,False,False,24972.0,10.125510476181635,157.3
tid_592,592,0,75,Забайкальский край,76-634-000-000,муниципальный район,,2018,2024,False,False,22037.0,10.000478137849756,157.5
tid_593,593,0,75,Забайкальский край,76-636-000-000,муниципальный район,,2018,9999,False,False,21511.0,9.976319711185798,172.4
tid_594,594,0,75,Забайкальский край,76-538-000-000,муниципальный округ,,2021,9999,False,False,24579.0,10.109647698809924,150.9
tid_595,595,0,75,Забайкальский край,76-640-000-000,муниципальный район,,2018,9999,False,False,23763.5,10.075906069025365,155.4
tid_598,598,0,75,Забайкальский край,76-646-000-000,муниципальный район,,2018,9999,False,False,21426.0,9.972360416822504,162.2
tid_599,599,0,75,Забайкальский край,76-647-000-000,муниципальный район,,2018,9999,False,False,22621.0,10.026633957357836,165.1
tid_6,6,0,1,Республика Адыгея,79-622-000-000,муниципальный район,,2018,9999,False,False,22214.0,10.008477999727065,308.1
tid_60,60,0,2,Республика Башкортостан,80-635-000-000,муниципальный район,,2018,9999,False,False,19040.0,9.854297308345357,324.2
tid_600,600,0,75,Забайкальский край,76-648-000-000,муниципальный район,,2018,9999,False,False,25625.5,10.151343228445471,156.6
tid_601,601,0,75,Забайкальский край,76-650-000-000,муниципальный район,,2018,9999,False,False,23872.0,10.080461503003487,279.8
tid_602,602,3,75,Забайкальский край,76-652-000-000,муниципальный район,,2018,9999,False,False,20075.0,9.907230538814963,155.4
tid_603,603,0,75,Забайкальский край,76-654-000-000,муниципальный район,,2018,9999,False,False,25248.0,10.1365022236456,158.4
tid_604,604,0,75,Забайкальский край,76-702-000-000,городской округ,,2018,9999,False,False,22840.0,10.036268663769947,167.4
tid_605,605,0,75,Забайкальский край,76-602-000-000,муниципальный район,,2018,9999,False,False,23063.5,10.046006560276451,167.9
tid_606,606,0,75,Забайкальский край,76-611-000-000,муниципальный район,,2018,9999,False,False,21808.5,9.99005508103959,158.4
tid_607,607,0,75,Забайкальский край,76-625-000-000,муниципальный район,,2018,9999,False,False,22416.5,10.017552573824098,159.1
tid_608,608,2,41,Камчатский край,30-701-000-000,городской округ,административный_центр_субъекта,2018,9999,False,True,52400.0,10.866661870309134,157.3
tid_61,61,0,2,Республика Башкортостан,80-636-000-000,муниципальный район,,2018,9999,False,False,18761.5,9.839562176719873,310.7
tid_612,612,0,41,Камчатский край,30-607-000-000,муниципальный район,,2018,9999,False,False,49317.0,10.80602412817762,142.1
tid_613,613,0,41,Камчатский край,30-610-000-000,муниципальный район,,2018,2024,False,False,40205.0,10.60174664498225,129.9
tid_614,614,3,41,Камчатский край,30-613-000-000,муниципальный район,,2018,9999,False,False,41336.5,10.629501165887671,128.0
tid_615,615,3,41,Камчатский край,30-616-000-000,муниципальный район,,2018,9999,False,False,41783.0,10.640244837223964,131.8
tid_616,616,3,41,Камчатский край,30-619-000-000,муниципальный район,,2018,9999,False,False,44533.0,10.70398576635862,123.7
tid_618,618,3,41,Камчатский край,30-824-000-000,муниципальный район,,2018,9999,False,False,48307.0,10.785331756675916,
tid_619,619,3,41,Камчатский край,30-827-000-000,муниципальный район,,2018,9999,False,False,50327.5,10.826306926372984,
tid_62,62,0,2,Республика Башкортостан,80-637-000-000,муниципальный район,,2018,9999,False,False,18712.5,9.836947028727884,325.6
tid_621,621,3,41,Камчатский край,30-832-000-000,муниципальный район,,2018,9999,False,False,43549.0,10.681642019904501,123.5
tid_63,63,0,2,Республика Башкортостан,80-638-000-000,муниципальный район,,2018,9999,False,False,18751.0,9.839002363309719,301.3
tid_65,65,0,2,Республика Башкортостан,80-640-000-000,муниципальный район,,2018,9999,False,False,19048.0,9.854717388166698,332.0
tid_66,66,2,2,Республика Башкортостан,80-641-000-000,муниципальный район,,2018,9999,False,False,25339.5,10.140119722030892,309.6
tid_666,666,2,24,Красноярский край,04-701-000-000,городской округ,административный_центр_субъекта,2018,9999,False,True,35915.0,10.488910314508901,203.8
tid_667,667,0,24,Красноярский край,04-703-000-000,городской округ,,2018,9999,False,False,29865.0,10.304442505166406,222.9
tid_668,668,1,24,Красноярский край,04-706-000-000,городской округ,,2018,9999,False,False,23837.0,10.078994274334729,220.1
tid_669,669,1,24,Красноярский край,04-707-000-000,городской округ,,2018,9999,False,False,24398.5,10.102276933981766,205.9
tid_67,67,0,2,Республика Башкортостан,80-642-000-000,муниципальный район,,2018,9999,False,False,19906.5,9.898801590545414,308.9
tid_670,670,0,24,Красноярский край,04-709-000-000,городской округ,,2018,9999,False,False,26792.5,10.195877276587153,216.8
tid_671,671,0,24,Красноярский край,04-712-000-000,городской округ,,2018,9999,False,False,31085.0,10.344480666703438,196.5
tid_674,674,0,24,Красноярский край,04-720-000-000,городской округ,,2018,9999,False,False,28012.0,10.240388268775408,209.9
tid_675,675,0,24,Красноярский край,04-722-000-000,городской округ,,2018,9999,False,False,30962.5,10.340532073797615,194.6
tid_676,676,0,24,Красноярский край,04-723-000-000,городской округ,,2018,9999,False,False,28665.5,10.263449588064944,213.9
tid_677,677,0,24,Красноярский край,04-726-000-000,городской округ,,2018,9999,False,False,24407.5,10.102645741099826,223.1
tid_678,678,0,24,Красноярский край,04-729-000-000,городской округ,,2018,9999,False,False,49807.0,10.815910815383793,
tid_679,679,0,24,Красноярский край,04-733-000-000,городской округ,,2018,9999,False,False,30424.0,10.322987049608095,216.8
tid_68,68,0,2,Республика Башкортостан,80-643-000-000,муниципальный район,,2018,9999,False,False,16976.5,9.739585313765923,322.6
tid_680,680,0,24,Красноярский край,04-740-000-000,городской округ,,2018,9999,False,False,27507.0,10.22219579671801,220.3
tid_683,683,1,24,Красноярский край,04-601-000-000,муниципальный район,,2018,9999,False,False,19724.0,9.889591447344017,198.1
tid_685,685,0,24,Красноярский край,04-604-000-000,муниципальный район,,2018,9999,False,False,22758.0,10.032672010916954,209.0
tid_686,686,0,24,Красноярский край,04-605-000-000,муниципальный район,,2018,9999,False,False,27844.5,10.234390739317387,222.9
tid_687,687,1,24,Красноярский край,04-606-000-000,муниципальный район,,2018,9999,False,False,19617.0,9.884151816229386,209.2
tid_689,689,0,24,Красноярский край,04-609-000-000,муниципальный район,,2018,9999,False,False,31570.0,10.359962581552038,186.1
tid_69,69,2,2,Республика Башкортостан,80-644-000-000,муниципальный район,,2018,9999,False,False,17348.0,9.761232504955258,319.7
tid_690,690,1,24,Красноярский край,04-610-000-000,муниципальный район,,2018,9999,False,False,21010.5,9.95277759174721,206.6
tid_691,691,1,24,Красноярский край,04-611-000-000,муниципальный район,,2018,9999,False,False,21377.5,9.97009424603011,212.3
tid_692,692,0,24,Красноярский край,04-613-000-000,муниципальный район,,2018,9999,False,False,21037.0,9.954038071134029,196.7
tid_693,693,0,24,Красноярский край,04-614-000-000,муниципальный район,,2018,9999,False,False,31529.5,10.35867889450027,221.7
tid_694,694,1,24,Красноярский край,04-615-000-000,муниципальный район,,2018,9999,False,False,27202.0,10.211045778992698,195.7
tid_695,695,1,24,Красноярский край,04-616-000-000,муниципальный район,,2018,9999,False,False,22718.0,10.030912840791366,197.6
tid_696,696,0,24,Красноярский край,04-617-000-000,муниципальный район,,2018,9999,False,False,19070.0,9.855871698594465,197.2
tid_697,697,1,24,Красноярский край,04-618-000-000,муниципальный район,,2018,9999,False,False,22068.0,10.001883874392322,200.5
tid_698,698,1,24,Красноярский край,04-619-000-000,муниципальный район,,2018,9999,False,False,21478.0,9.974784434418162,202.6
tid_699,699,1,24,Красноярский край,04-620-000-000,муниципальный район,,2018,9999,False,False,20973.0,9.950991175180095,199.8
tid_7,7,2,1,Республика Адыгея,79-630-000-000,муниципальный район,,2018,9999,False,False,32953.5,10.402852755837344,324.7
tid_70,70,1,2,Республика Башкортостан,80-645-000-000,муниципальный район,,2018,9999,False,False,19327.5,9.86928423119463,316.4
tid_701,701,1,24,Красноярский край,04-622-000-000,муниципальный район,,2018,9999,False,False,21913.0,9.994835346995403,197.2
tid_702,702,1,24,Красноярский край,04-624-000-000,муниципальный район,,2018,9999,False,False,34239.5,10.441135227345319,183.0
tid_703,703,1,24,Красноярский край,04-626-000-000,муниципальный район,,2018,9999,False,False,21496.0,9.975622150295328,214.6
tid_704,704,1,24,Красноярский край,04-628-000-000,муниципальный район,,2018,9999,False,False,21988.5,9.998274868398196,196.5
tid_705,705,1,24,Красноярский край,04-630-000-000,муниципальный район,,2018,9999,False,False,24080.5,10.089157663326787,198.6
tid_706,706,1,24,Красноярский край,04-631-000-000,муниципальный район,,2018,9999,False,False,18793.0,9.8412397390566,209.7
tid_708,708,3,24,Красноярский край,04-635-000-000,муниципальный район,,2018,9999,False,False,28683.0,10.264059891753556,178.0
tid_71,71,0,2,Республика Башкортостан,80-647-000-000,муниципальный район,,2018,9999,False,False,18975.5,9.850903952377797,311.5
tid_710,710,1,24,Красноярский край,04-639-000-000,муниципальный район,,2018,9999,False,False,22353.5,10.014738187333858,199.1
tid_711,711,1,24,Красноярский край,04-641-000-000,муниципальный район,,2018,9999,False,False,22634.5,10.027230569941961,209.2
tid_712,712,1,24,Красноярский край,04-643-000-000,муниципальный район,,2018,9999,False,False,19784.0,9.892628809201252,204.7
tid_713,713,1,24,Красноярский край,04-545-000-000,муниципальный округ,,2020,9999,False,False,21174.0,9.960529292903326,196.5
tid_714,714,1,24,Красноярский край,04-647-000-000,муниципальный район,,2018,9999,False,False,23811.5,10.077923936236596,206.4
tid_715,715,1,24,Красноярский край,04-648-000-000,муниципальный район,,2018,9999,False,False,20540.5,9.93015382593213,201.4
tid_716,716,0,24,Красноярский край,04-649-000-000,муниципальный район,,2018,9999,False,False,34932.5,10.461172906954603,181.6
tid_717,717,1,24,Красноярский край,04-651-000-000,муниципальный район,,2018,9999,False,False,20883.5,9.946714652470227,210.6
tid_718,718,3,24,Красноярский край,04-653-000-000,муниципальный район,,2018,9999,False,False,44802.0,10.710008060263757,
tid_719,719,1,24,Красноярский край,04-652-000-000,муниципальный район,,2018,9999,False,False,21363.5,9.96943913732883,193.9
tid_72,72,0,2,Республика Башкортостан,80-648-000-000,муниципальный район,,2018,9999,False,False,16033.0,9.682404377188837,316.9
tid_720,720,3,24,Красноярский край,04-654-000-000,муниципальный район,,2018,9999,False,False,38258.5,10.552121036789204,
tid_721,721,1,24,Красноярский край,04-555-000-000,муниципальный округ,,2021,9999,False,False,20521.0,9.929204031040765,213.2
tid_722,722,0,24,Красноярский край,04-656-000-000,муниципальный район,,2018,9999,False,False,25831.0,10.159330600013353,212.3
tid_723,723,1,24,Красноярский край,04-657-000-000,муниципальный район,,2018,9999,False,False,21721.0,9.986034813503693,207.6
tid_725,725,0,24,Красноярский край,04-659-000-000,муниципальный район,,2018,9999,False,False,26023.5,10.166755254934492,199.1
tid_726,726,3,24,Красноярский край,04-650-000-000,муниципальный район,,2018,9999,False,False,35605.5,10.480255399289117,
tid_727,727,2,59,Пермский край,57-701-000-000,городской округ,административный_центр_субъекта,2018,9999,False,True,32480.0,10.388379794275615,350.9
tid_73,73,2,2,Республика Башкортостан,80-649-000-000,муниципальный район,,2018,9999,False,False,26956.5,10.201979734640187,485.7
tid_731,731,0,59,Пермский край,57-726-000-000,городской округ,,2018,9999,False,False,23454.0,10.06279633502101,299.9
tid_734,734,1,59,Пермский край,57-502-000-000,муниципальный округ,,2020,9999,False,False,22150.0,10.005592775473282,286.7
tid_735,735,0,59,Пермский край,57-503-000-000,муниципальный округ,,2021,9999,False,False,19780.0,9.892426605176704,314.5
tid_736,736,3,59,Пермский край,57-506-000-000,муниципальный округ,,2020,9999,False,False,17658.5,9.778972532838194,305.8
tid_737,737,0,59,Пермский край,57-508-000-000,муниципальный округ,,2022,9999,False,False,19589.5,9.882748987386728,317.8
tid_738,738,0,59,Пермский край,57-712-000-000,городской округ,,2020,9999,False,False,21485.5,9.975133567988573,311.9
tid_739,739,1,59,Пермский край,57-714-000-000,городской округ,,2019,9999,False,False,22905.5,10.0391323353775,297.8
tid_74,74,0,2,Республика Башкортостан,80-650-000-000,муниципальный район,,2018,9999,False,False,17247.0,9.7553934942914,317.6
tid_741,741,0,59,Пермский край,57-718-000-000,городской округ,,2020,9999,False,False,24824.0,10.119566206128216,304.4
tid_742,742,0,59,Пермский край,57-518-000-000,муниципальный округ,,2021,9999,False,False,20273.0,9.917045230468194,312.2
tid_743,743,1,59,Пермский край,57-759-000-000,городской округ,,2020,9999,False,False,18036.5,9.80015276148983,305.1
tid_744,744,0,59,Пермский край,57-522-000-000,муниципальный округ,,2021,9999,False,False,20921.0,9.948508718183648,311.0
tid_745,745,1,59,Пермский край,57-719-000-000,городской округ,,2019,9999,False,False,22394.0,10.016548344820142,288.1
tid_746,746,1,59,Пермский край,57-524-000-000,муниципальный округ,,2021,9999,False,False,17209.5,9.753216835907308,308.9
tid_747,747,1,59,Пермский край,57-760-000-000,городской округ,,2020,9999,False,False,21796.0,9.989481745702989,273.0
tid_748,748,0,59,Пермский край,57-720-000-000,городской округ,,2019,9999,False,False,26808.0,10.196455629417146,318.3
tid_749,749,1,59,Пермский край,57-529-000-000,муниципальный округ,,2021,9999,False,False,20034.0,9.90518610917171,318.5
tid_75,75,0,2,Республика Башкортостан,80-651-000-000,муниципальный район,,2018,9999,False,False,24632.0,10.111801689604336,336.0
tid_751,751,1,59,Пермский край,57-727-000-000,городской округ,,2020,9999,False,False,22299.5,10.01231953567218,315.9
tid_752,752,1,59,Пермский край,57-761-000-000,городской округ,,2020,9999,False,False,18412.5,9.820785060770886,313.1
tid_753,753,1,59,Пермский край,57-538-000-000,муниципальный округ,,2020,9999,False,False,18852.0,9.844374288043621,311.7
tid_754,754,0,59,Пермский край,57-728-000-000,городской округ,,2020,9999,False,False,23982.5,10.085079676692102,309.6
tid_755,755,1,59,Пермский край,57-729-000-000,городской округ,,2019,9999,False,False,20388.0,9.922701771459932,311.0
tid_756,756,0,59,Пермский край,57-762-000-000,городской округ,,2020,9999,False,False,22443.0,10.018734040540515,316.9
tid_757,757,0,59,Пермский край,57-546-000-000,муниципальный округ,,2023,9999,False,False,27976.0,10.239102278743212,686.4
tid_758,758,0,59,Пермский край,57-548-000-000,муниципальный округ,,2021,9999,False,False,20402.5,9.923412721343398,309.1
tid_76,76,2,2,Республика Башкортостан,80-652-000-000,муниципальный район,,2018,9999,False,False,27849.5,10.234570291872902,889.7
tid_760,760,1,59,Пермский край,57-731-000-000,городской округ,,2020,9999,False,False,19035.5,9.85406093587377,309.1
tid_761,761,1,59,Пермский край,57-552-000-000,муниципальный округ,,2020,9999,False,False,18387.5,9.819426364909694,310.3
tid_763,763,0,59,Пермский край,57-735-000-000,городской округ,,2019,9999,False,False,26514.0,10.185428174358796,322.1
tid_764,764,1,59,Пермский край,57-555-000-000,муниципальный округ,,2021,9999,False,False,19651.5,9.885908950261834,311.5
tid_765,765,1,59,Пермский край,57-756-000-000,городской округ,,2020,9999,False,False,19750.0,9.890908770329268,273.4
tid_766,766,0,59,Пермский край,57-757-000-000,городской округ,,2020,9999,False,False,24830.0,10.119807878502213,314.5
tid_767,767,0,59,Пермский край,57-758-000-000,городской округ,,2020,9999,False,False,25533.5,10.147746594454413,301.1
tid_769,769,1,59,Пермский край,57-513-000-000,муниципальный округ,,2020,9999,False,False,21203.5,9.961921541373156,279.3
tid_77,77,2,2,Республика Башкортостан,80-653-000-000,муниципальный район,,2018,9999,False,False,24975.5,10.125650623336377,299.6
tid_770,770,1,59,Пермский край,57-525-000-000,муниципальный округ,,2020,9999,False,False,19768.5,9.891845040752054,281.2
tid_771,771,0,59,Пермский край,57-526-000-000,муниципальный округ,,2020,9999,False,False,19917.5,9.89935402125452,287.8
tid_773,773,3,59,Пермский край,57-559-000-000,муниципальный округ,,2020,9999,False,False,19204.0,9.862873869650832,291.4
tid_774,774,1,59,Пермский край,57-560-000-000,муниципальный округ,,2020,9999,False,False,18348.0,9.817275855717062,296.1
tid_775,775,2,25,Приморский край,05-701-000-000,городской округ,административный_центр_субъекта,2018,9999,False,True,42618.5,10.660043710289006,140.3
tid_776,776,0,25,Приморский край,05-703-000-000,городской округ,,2018,9999,False,False,31206.0,10.348365663001127,137.2
tid_777,777,2,25,Приморский край,05-705-000-000,городской округ,,2018,9999,False,False,35429.0,10.475285972792834,142.1
tid_778,778,0,25,Приморский край,05-706-000-000,городской округ,,2018,9999,False,False,35172.0,10.468005590498892,138.4
tid_779,779,0,25,Приморский край,05-707-000-000,городской округ,,2018,9999,False,False,29564.0,10.294312683904778,132.5
tid_78,78,0,2,Республика Башкортостан,80-654-000-000,муниципальный район,,2018,9999,False,False,17855.0,9.790038860028549,313.8
tid_780,780,0,25,Приморский край,05-708-000-000,городской округ,,2018,9999,False,False,26773.5,10.195167871337672,140.7
tid_781,781,0,25,Приморский край,05-711-000-000,городской округ,,2018,9999,False,False,26128.5,10.170781951585626,138.1
tid_782,782,2,25,Приморский край,05-714-000-000,городской округ,,2018,9999,False,False,36760.5,10.512179178118144,134.8
tid_783,783,0,25,Приморский край,05-717-000-000,городской округ,,2018,9999,False,False,26961.5,10.202165201460705,136.0
tid_784,784,0,25,Приморский край,05-720-000-000,городской округ,,2018,9999,False,False,27934.5,10.23761776303967,148.1
tid_785,785,2,25,Приморский край,05-723-000-000,городской округ,,2018,9999,False,False,35964.0,10.490273717104664,139.3
tid_787,787,3,25,Приморский край,05-502-000-000,муниципальный округ,,2020,9999,False,False,22448.5,10.018979075793403,137.9
tid_788,788,3,25,Приморский край,05-607-000-000,муниципальный район,,2018,9999,False,False,20760.5,9.940807421768211,145.2
tid_789,789,0,25,Приморский край,05-510-000-000,муниципальный округ,,2023,9999,False,False,27722.5,10.22999963682737,133.9
tid_79,79,0,2,Республика Башкортостан,80-655-000-000,муниципальный район,,2018,9999,False,False,20935.5,9.949201561616809,283.6
tid_790,790,0,25,Приморский край,05-612-000-000,муниципальный район,,2018,9999,False,False,25767.5,10.156869286910947,138.6
tid_791,791,3,25,Приморский край,05-614-000-000,муниципальный район,,2018,2024,False,False,25330.5,10.1397644822403,137.2
tid_792,792,3,25,Приморский край,05-517-000-000,муниципальный округ,,2021,9999,False,False,26491.0,10.184560331647974,133.2
tid_793,793,3,25,Приморский край,05-620-000-000,муниципальный район,,2018,9999,False,False,21639.5,9.982275627333042,141.9
tid_794,794,0,25,Приморский край,05-623-000-000,муниципальный район,,2018,9999,False,False,29613.5,10.295985617419868,144.7
tid_795,795,3,25,Приморский край,05-526-000-000,муниципальный округ,,2021,9999,False,False,22233.5,10.009355439459382,139.8
tid_796,796,3,25,Приморский край,05-528-000-000,муниципальный округ,,2023,9999,False,False,25575.0,10.149370590819828,132.7
tid_797,797,3,25,Приморский край,05-630-000-000,муниципальный район,,2018,2024,False,False,26048.0,10.167696268802267,136.0
tid_798,798,0,25,Приморский край,05-532-000-000,муниципальный округ,,2020,9999,False,False,24147.5,10.091936134053451,137.0
tid_799,799,3,25,Приморский край,05-534-000-000,муниципальный округ,,2023,9999,False,False,28181.5,10.246421013276642,139.3
tid_8,8,0,1,Республика Адыгея,79-633-000-000,муниципальный район,,2018,9999,False,False,26028.5,10.166947370511814,317.4
tid_80,80,0,2,Республика Башкортостан,80-656-000-000,муниципальный район,,2018,9999,False,False,18199.0,9.809121926500406,332.7
tid_800,800,3,25,Приморский край,05-637-000-000,муниципальный район,,2018,9999,False,False,24435.0,10.103771809704256,155.4
tid_801,801,3,25,Приморский край,05-540-000-000,муниципальный округ,,2021,9999,False,False,28611.5,10.261564013890345,132.0
tid_802,802,1,25,Приморский край,05-546-000-000,муниципальный округ,,2021,9999,False,False,24258.5,10.096522350413352,137.4
tid_803,803,3,25,Приморский край,05-548-000-000,муниципальный округ,,2023,9999,False,False,28152.5,10.245391439571181,135.1
tid_804,804,1,25,Приморский край,05-550-000-000,муниципальный округ,,2021,9999,False,False,23818.5,10.078217868634262,139.1
tid_805,805,3,25,Приморский край,05-653-000-000,муниципальный район,,2018,2024,False,False,25859.5,10.160433317258803,139.3
tid_806,806,0,25,Приморский край,05-555-000-000,муниципальный округ,,2020,9999,False,False,25643.5,10.152045407178802,135.8
tid_807,807,3,25,Приморский край,05-657-000-000,муниципальный район,,2018,2024,False,False,24723.0,10.115489263431494,140.5
tid_808,808,1,25,Приморский край,05-659-000-000,муниципальный район,,2018,2024,False,False,24034.5,10.087245577116045,137.4
tid_809,809,2,26,Ставропольский край,07-701-000-000,городской округ,административный_центр_субъекта,2018,9999,False,True,31393.5,10.354356144098142,310.0
tid_81,81,0,2,Республика Башкортостан,80-657-000-000,муниципальный район,,2018,9999,False,False,23017.0,10.043988352323694,331.1
tid_810,810,0,26,Ставропольский край,07-705-000-000,городской округ,,2018,2024,False,False,20500.5,9.928204555072965,304.8
tid_811,811,2,26,Ставропольский край,07-707-000-000,городской округ,,2018,2024,False,False,23143.0,10.049447637979663,306.3
tid_812,812,2,26,Ставропольский край,07-710-000-000,городской округ,,2018,9999,False,False,29425.0,10.289599932128478,310.3
tid_813,813,2,26,Ставропольский край,07-712-000-000,городской округ,,2018,9999,False,False,26464.0,10.183540597823418,309.6
tid_814,814,0,26,Ставропольский край,07-713-000-000,городской округ,,2018,2024,False,False,22945.0,10.040855326828934,313.6
tid_815,815,0,26,Ставропольский край,07-714-000-000,городской округ,,2018,2024,False,False,20616.0,9.933822752332201,309.1
tid_817,817,1,26,Ставропольский край,07-716-000-000,городской округ,,2018,2024,False,False,19502.5,9.878297941462469,304.8
tid_818,818,0,26,Ставропольский край,07-718-000-000,городской округ,,2018,9999,False,False,25802.5,10.158226665440088,309.6
tid_819,819,2,26,Ставропольский край,07-721-000-000,городской округ,,2018,2024,False,False,26266.5,10.176049641980065,309.1
tid_82,82,0,2,Республика Башкортостан,80-658-000-000,муниципальный район,,2018,9999,False,False,16733.0,9.725138096494574,332.9
tid_820,820,0,26,Ставропольский край,07-724-000-000,городской округ,,2018,9999,False,False,26690.5,10.19206297583119,312.6
tid_821,821,0,26,Ставропольский край,07-725-000-000,городской округ,,2018,2024,False,False,20517.0,9.929009089766206,296.3
tid_822,822,1,26,Ставропольский край,07-726-000-000,городской округ,,2018,2024,False,False,22291.5,10.011960718866733,317.6
tid_823,823,0,26,Ставропольский край,07-731-000-000,городской округ,,2018,2024,False,False,20678.5,9.93684979214253,308.9
tid_824,824,2,26,Ставропольский край,07-727-000-000,городской округ,,2018,9999,False,False,30854.5,10.337037885794828,308.1
tid_825,825,0,26,Ставропольский край,07-735-000-000,городской округ,,2018,2024,False,False,20688.0,9.937309101011639,303.2
tid_826,826,0,26,Ставропольский край,07-502-000-000,муниципальный округ,,2021,9999,False,False,19313.5,9.868559612234842,308.1
tid_827,827,0,26,Ставропольский край,07-503-000-000,муниципальный округ,,2021,9999,False,False,20531.0,9.929691218032765,309.1
tid_828,828,1,26,Ставропольский край,07-505-000-000,муниципальный округ,,2021,9999,False,False,19370.0,9.871480756401041,309.3
tid_829,829,1,26,Ставропольский край,07-507-000-000,муниципальный округ,,2021,9999,False,False,18242.0,9.811481906740104,303.9
tid_83,83,0,2,Республика Башкортостан,80-659-000-000,муниципальный район,,2018,9999,False,False,20183.5,9.912620717917349,321.6
tid_830,830,2,26,Ставропольский край,07-512-000-000,муниципальный округ,,2021,9999,False,False,24096.5,10.08982188071634,302.0
tid_831,831,1,26,Ставропольский край,07-517-000-000,муниципальный округ,,2021,9999,False,False,18290.0,9.814109741384911,313.3
tid_832,832,0,26,Ставропольский край,07-528-000-000,муниципальный округ,,2021,9999,False,False,20552.0,9.93071353878972,313.6
tid_833,833,1,26,Ставропольский край,07-530-000-000,муниципальный округ,,2021,9999,False,False,19963.5,9.90166088519472,317.4
tid_834,834,2,26,Ставропольский край,07-533-000-000,муниципальный округ,,2021,9999,False,False,17898.5,9.792472189434843,298.5
tid_835,835,0,26,Ставропольский край,07-536-000-000,муниципальный округ,,2021,9999,False,False,18122.0,9.804881948782006,299.9
tid_836,836,1,26,Ставропольский край,07-544-000-000,муниципальный округ,,2021,9999,False,False,18130.5,9.805350881967621,305.5
tid_838,838,1,26,Ставропольский край,07-552-000-000,муниципальный округ,,2021,9999,False,False,17713.5,9.782082339709445,295.6
tid_839,839,1,26,Ставропольский край,07-554-000-000,муниципальный округ,,2021,9999,False,False,19709.0,9.888830663192495,315.9
tid_840,840,0,26,Ставропольский край,07-556-000-000,муниципальный округ,,2021,9999,False,False,17715.5,9.782195241569624,304.6
tid_841,841,2,26,Ставропольский край,07-558-000-000,муниципальный округ,,2021,9999,False,False,28044.5,10.24154781329358,316.6
tid_842,842,2,27,Хабаровский край,08-701-000-000,городской округ,административный_центр_субъекта,2018,9999,False,True,41731.0,10.638999536873841,173.3
tid_843,843,0,27,Хабаровский край,08-709-000-000,городской округ,,2018,9999,False,False,36635.0,10.508759346594065,141.7
tid_844,844,3,27,Хабаровский край,08-603-000-000,муниципальный район,,2018,9999,False,False,29124.0,10.279317855514602,136.5
tid_846,846,0,27,Хабаровский край,08-609-000-000,муниципальный район,,2018,9999,False,False,30361.0,10.320914169043537,139.8
tid_847,847,3,27,Хабаровский край,08-612-000-000,муниципальный район,,2018,9999,False,False,36257.0,10.498387745089026,135.5
tid_848,848,3,27,Хабаровский край,08-614-000-000,муниципальный район,,2018,9999,False,False,35376.0,10.473788903097228,138.1
tid_849,849,1,27,Хабаровский край,08-617-000-000,муниципальный район,,2018,9999,False,False,26010.0,10.166236358442697,141.7
tid_851,851,3,27,Хабаровский край,08-624-000-000,муниципальный район,,2018,9999,False,False,22944.0,10.040811743399347,143.8
tid_852,852,3,27,Хабаровский край,08-628-000-000,муниципальный район,,2018,9999,False,False,23531.0,10.066073979755881,139.3
tid_853,853,3,27,Хабаровский край,08-631-000-000,муниципальный район,,2018,9999,False,False,34961.0,10.461988433479375,127.7
tid_854,854,3,27,Хабаровский край,08-634-000-000,муниципальный район,,2018,2024,False,False,37117.0,10.521830364668592,
tid_855,855,3,27,Хабаровский край,08-637-000-000,муниципальный район,,2018,9999,False,False,30425.5,10.323036351574432,134.4
tid_856,856,3,27,Хабаровский край,08-642-000-000,муниципальный район,,2018,9999,False,False,33783.5,10.42772779659898,133.9
tid_857,857,3,27,Хабаровский край,08-644-000-000,муниципальный район,,2018,9999,False,False,27496.5,10.221814002827529,137.7
tid_859,859,3,27,Хабаровский край,08-650-000-000,муниципальный район,,2018,9999,False,False,25160.5,10.133030583430905,129.6
tid_860,860,3,27,Хабаровский край,08-655-000-000,муниципальный район,,2018,9999,False,False,34820.5,10.457961572782551,399.3
tid_870,870,3,28,Амурская область,10-505-000-000,муниципальный округ,,2023,9999,False,False,24825.5,10.119626629697455,144.0
tid_871,871,3,28,Амурская область,10-508-000-000,муниципальный округ,,2021,9999,False,False,28297.5,10.250528740506574,175.9
tid_872,872,2,28,Амурская область,10-511-000-000,муниципальный округ,,2023,9999,False,False,35136.5,10.466995755186895,236.1
tid_873,873,0,28,Амурская область,10-515-000-000,муниципальный округ,,2021,9999,False,False,26281.5,10.176620548595253,144.7
tid_874,874,3,28,Амурская область,10-521-000-000,муниципальный округ,,2021,9999,False,False,23313.5,10.056787870908547,145.2
tid_875,875,3,28,Амурская область,10-625-000-000,муниципальный район,,2018,2024,False,False,33066.0,10.40626084311129,149.5
tid_876,876,3,28,Амурская область,10-528-000-000,муниципальный округ,,2021,9999,False,False,26565.0,10.187349838885044,146.4
tid_877,877,3,28,Амурская область,10-630-000-000,муниципальный район,,2018,9999,False,False,23557.0,10.067178295192607,144.0
tid_878,878,3,28,Амурская область,10-631-000-000,муниципальный район,,2018,9999,False,False,26412.5,10.181592661924313,148.3
tid_879,879,3,28,Амурская область,10-632-000-000,муниципальный район,,2018,9999,False,False,24083.0,10.089261476380335,145.7
tid_880,880,3,28,Амурская область,10-635-000-000,муниципальный район,,2018,9999,False,False,22770.0,10.033199159057785,144.0
tid_881,881,0,28,Амурская область,10-638-000-000,муниципальный район,,2018,9999,False,False,27367.5,10.217111456978712,145.9
tid_882,882,3,28,Амурская область,10-540-000-000,муниципальный округ,,2021,9999,False,False,21958.5,9.996909587279577,145.7
tid_883,883,0,28,Амурская область,10-642-000-000,муниципальный район,,2018,9999,False,False,26606.5,10.188910825820784,165.1
tid_884,884,3,28,Амурская область,10-645-000-000,муниципальный район,,2018,9999,False,False,30265.0,10.317747208325788,138.1
tid_885,885,0,28,Амурская область,10-547-000-000,муниципальный округ,,2023,9999,False,False,25866.5,10.160703974183473,147.1
tid_886,886,3,28,Амурская область,10-549-000-000,муниципальный округ,,2023,9999,False,False,27201.5,10.211027397822368,149.2
tid_888,888,3,28,Амурская область,10-554-000-000,муниципальный округ,,2021,9999,False,False,33219.0,10.410877280366218,158.4
tid_889,889,3,28,Амурская область,10-555-000-000,муниципальный округ,,2023,9999,False,False,29506.5,10.292365857039893,152.5
tid_890,890,0,29,Архангельская область,11-701-000-000,городской округ,административный_центр_субъекта,2018,9999,False,True,36444.0,10.50353211483375,261.4
tid_891,891,0,29,Архангельская область,11-708-000-000,городской округ,,2018,9999,False,False,30352.0,10.320617692174796,287.4
tid_892,892,0,29,Архангельская область,11-710-000-000,городской округ,,2018,9999,False,False,31604.5,10.361054794499656,296.1
tid_895,895,1,29,Архангельская область,11-715-000-000,городской округ,,2018,9999,False,False,27126.5,10.208266388852968,260.0
tid_896,896,0,29,Архангельская область,11-730-000-000,городской округ,,2018,9999,False,False,40295.5,10.603995079169032,253.6
tid_897,897,1,29,Архангельская область,11-605-000-000,муниципальный район,,2018,9999,False,False,27383.5,10.21769592120605,299.2
tid_898,898,1,29,Архангельская область,11-508-000-000,муниципальный округ,,2022,9999,False,False,21495.0,9.975575628930383,276.0
tid_899,899,0,29,Архангельская область,11-511-000-000,муниципальный округ,,2021,9999,False,False,24011.5,10.086288161233062,284.8
tid_9,9,0,1,Республика Адыгея,79-640-000-000,муниципальный район,,2018,9999,False,False,17280.0,9.757305042358047,314.3
tid_900,900,1,29,Архангельская область,11-514-000-000,муниципальный округ,,2022,9999,False,False,23422.0,10.061431030602083,276.5
tid_901,901,1,29,Архангельская область,11-518-000-000,муниципальный округ,,2021,9999,False,False,25013.0,10.127150968697189,287.1
tid_902,902,1,29,Архангельская область,11-622-000-000,муниципальный район,,2018,9999,False,False,26025.0,10.16681289348317,297.0
tid_903,903,1,29,Архангельская область,11-527-000-000,муниципальный округ,,2023,9999,False,False,23227.0,10.053070674075617,314.5
tid_904,904,1,29,Архангельская область,11-630-000-000,муниципальный район,,2018,2024,False,False,21472.5,9.97452832564038,284.5
tid_905,905,1,29,Архангельская область,11-635-000-000,муниципальный район,,2018,9999,False,False,26863.5,10.198523766874903,274.4
tid_907,907,3,29,Архангельская область,11-542-000-000,муниципальный округ,,2023,9999,False,False,22839.5,10.036246772111761,240.9
tid_908,908,1,29,Архангельская область,11-544-000-000,муниципальный округ,,2023,9999,False,False,27132.5,10.20848755032017,287.6
tid_909,909,1,29,Архангельская область,11-646-000-000,муниципальный район,,2018,9999,False,False,26804.0,10.196306409093062,250.5
tid_911,911,1,29,Архангельская область,11-550-000-000,муниципальный округ,,2022,9999,False,False,27788.0,10.232359551812772,270.1
tid_912,912,0,29,Архангельская область,11-652-000-000,муниципальный район,,2018,2024,False,False,32837.5,10.399326433993796,325.4
tid_913,913,1,29,Архангельская область,11-554-000-000,муниципальный округ,,2023,9999,False,False,25888.0,10.161534819858218,293.7
tid_914,914,1,29,Архангельская область,11-556-000-000,муниципальный округ,,2023,9999,False,False,21654.5,9.982968564026356,261.9
tid_915,915,1,29,Архангельская область,11-558-000-000,муниципальный округ,,2023,9999,False,False,23774.0,10.07634782554057,283.4
tid_916,916,3,83,Ненецкий автономный округ,11-851-000-000,городской округ,административный_центр_субъекта,2018,9999,False,True,44816.0,10.71032049749989,209.7
tid_917,917,3,83,Ненецкий автономный округ,11-811-000-000,муниципальный район,,2018,9999,False,False,39202.0,10.57648304488522,210.2
tid_918,918,2,30,Астраханская область,12-701-000-000,городской округ,административный_центр_субъекта,2018,9999,False,True,27398.5,10.218243546352078,285.7
tid_920,920,1,30,Астраханская область,12-605-000-000,муниципальный район,,2018,9999,False,False,21984.0,9.998070195022075,306.0
tid_922,922,1,30,Астраханская область,12-615-000-000,муниципальный район,,2018,9999,False,False,18579.0,9.82978718960617,293.7
tid_923,923,1,30,Астраханская область,12-620-000-000,муниципальный район,,2018,9999,False,False,17311.0,9.75909741657673,288.3
tid_924,924,1,30,Астраханская область,12-625-000-000,муниципальный район,,2018,9999,False,False,15921.0,9.675394271496005,286.7
tid_925,925,1,30,Астраханская область,12-630-000-000,муниципальный район,,2018,9999,False,False,16749.0,9.72609383397847,287.8
tid_926,926,1,30,Астраханская область,12-635-000-000,муниципальный район,,2018,9999,False,False,17833.0,9.788805952452513,284.5
tid_927,927,0,30,Астраханская область,12-640-000-000,муниципальный район,,2018,9999,False,False,23343.5,10.058073851753194,290.7
tid_928,928,2,30,Астраханская область,12-642-000-000,муниципальный район,,2018,9999,False,False,25481.5,10.145707977655073,291.9
tid_929,929,0,30,Астраханская область,12-645-000-000,муниципальный район,,2018,9999,False,False,17251.5,9.755654375200745,291.1
tid_930,930,1,30,Астраханская область,12-650-000-000,муниципальный район,,2018,9999,False,False,18581.0,9.829894832232755,306.0
tid_986,986,0,33,Владимирская область,17-701-000-000,городской округ,административный_центр_субъекта,2018,9999,False,True,32242.5,10.381040737038546,408.0
tid_987,987,0,33,Владимирская область,17-720-000-000,городской округ,,2018,9999,False,False,25621.0,10.15116760669524,424.6
tid_988,988,0,33,Владимирская область,17-725-000-000,городской округ,,2018,9999,False,False,30075.0,10.31144954084288,409.7
tid_989,989,0,33,Владимирская область,17-735-000-000,городской округ,,2018,9999,False,False,27365.5,10.217038374925805,394.3
tid_991,991,0,33,Владимирская область,17-605-000-000,муниципальный район,,2018,9999,False,False,29543.0,10.293602108139348,426.7
tid_992,992,0,33,Владимирская область,17-610-000-000,муниципальный район,,2018,9999,False,False,23719.0,10.074031693706946,386.8
tid_993,993,1,33,Владимирская область,17-615-000-000,муниципальный район,,2018,9999,False,False,23532.0,10.066116475984346,383.7
tid_994,994,1,33,Владимирская область,17-620-000-000,муниципальный район,,2018,9999,False,False,19889.0,9.897922094063247,434.9
tid_995,995,1,33,Владимирская область,17-625-000-000,муниципальный район,,2018,9999,False,False,23139.0,10.049274784602108,396.5
tid_996,996,0,33,Владимирская область,17-630-000-000,муниципальный район,,2018,9999,False,False,29579.0,10.294819929067236,441.6
tid_998,998,1,33,Владимирская область,17-640-000-000,муниципальный район,,2018,9999,False,False,27507.0,10.22219579671801,421.3
tid_999,999,1,33,Владимирская область,17-642-000-000,муниципальный район,,2018,9999,False,False,19619.0,9.884253763420828,381.6
