source_indicator_id,source_ref_area,source_period,source_region,candidate_count,candidate_territory_ids,registry_territory_id,candidate_entity_id,candidate_in_panel,registry_oktmo,registry_region_code,registry_sheet_rows,registry_year_from,registry_year_to,match_rule,evidence_url,decision,boundary_and_publisher_id_verified
02ac396a-9019-4538-8d1e-a4e2c2cc693b,городской округ Котлас,2024-12-30T21:00:00.000Z,UNVERIFIED,1,892,892,tid_892,True,11-710-000-000,29,893,2018,9999,exact full name; all active2024 registry rows; no fuzzy or guessed region,https://sberindex.ru/api/researches/v1/dataset-borders-and-changes-of-municipalities,EXACT_NAME_CANDIDATE_NOT_APPROVED,False
030f3a7c-1221-4580-af9c-bb58dc52240d,Выборгский муниципальный район,2024-12-30T21:00:00.000Z,UNVERIFIED,1,1396,1396,tid_1396,True,41-615-000-000,47,1397,2018,9999,exact full name; all active2024 registry rows; no fuzzy or guessed region,https://sberindex.ru/api/researches/v1/dataset-borders-and-changes-of-municipalities,EXACT_NAME_CANDIDATE_NOT_APPROVED,False
0330d657-2773-41e5-9249-ea530155d21f,Верхнетоемский муниципальный округ,2024-12-30T21:00:00.000Z,UNVERIFIED,1,898,898,tid_898,True,11-508-000-000,29,2826,2022,9999,exact full name; all active2024 registry rows; no fuzzy or guessed region,https://sberindex.ru/api/researches/v1/dataset-borders-and-changes-of-municipalities,EXACT_NAME_CANDIDATE_NOT_APPROVED,False
0556b81a-80c3-40ef-87f0-19f26df8a630,внутригородская территория города федерального значения муниципальный округ Купчино,2024-12-30T21:00:00.000Z,UNVERIFIED,1,2452,2452,tid_2452,True,40-904-000-000,78,2453,2018,9999,exact full name; all active2024 registry rows; no fuzzy or guessed region,https://sberindex.ru/api/researches/v1/dataset-borders-and-changes-of-municipalities,EXACT_NAME_CANDIDATE_NOT_APPROVED,False
056a3cd5-1b1a-4e33-bf6a-aefa3d393bb9,городской округ город Коряжма,2024-12-30T21:00:00.000Z,UNVERIFIED,1,891,891,tid_891,True,11-708-000-000,29,892,2018,9999,exact full name; all active2024 registry rows; no fuzzy or guessed region,https://sberindex.ru/api/researches/v1/dataset-borders-and-changes-of-municipalities,EXACT_NAME_CANDIDATE_NOT_APPROVED,False
0604fe79-a213-4815-bffa-35742a3fa365,внутригородская территория города федерального значения город Красное Село,2024-12-30T21:00:00.000Z,UNVERIFIED,1,2403,2403,tid_2403,True,40-353-000-000,78,2404,2018,9999,exact full name; all active2024 registry rows; no fuzzy or guessed region,https://sberindex.ru/api/researches/v1/dataset-borders-and-changes-of-municipalities,EXACT_NAME_CANDIDATE_NOT_APPROVED,False
063d3436-d447-4e17-8ade-d5386cdf7353,Вологодский муниципальный округ,2024-12-30T21:00:00.000Z,UNVERIFIED,1,1054,1054,tid_1054,True,19-520-000-000,35,2912,2023,9999,exact full name; all active2024 registry rows; no fuzzy or guessed region,https://sberindex.ru/api/researches/v1/dataset-borders-and-changes-of-municipalities,EXACT_NAME_CANDIDATE_NOT_APPROVED,False
072c07dc-2268-4d30-9b06-8340bfbf6194,Куньинский муниципальный район,2024-12-30T21:00:00.000Z,UNVERIFIED,1,1772,1772,tid_1772,False,58-616-000-000,60,1773,2018,9999,exact full name; all active2024 registry rows; no fuzzy or guessed region,https://sberindex.ru/api/researches/v1/dataset-borders-and-changes-of-municipalities,EXACT_NAME_CANDIDATE_NOT_APPROVED,False
0865c248-7c04-47c9-bd2f-10ad38f2055a,Белозерский муниципальный округ,2024-12-30T21:00:00.000Z,UNVERIFIED,2,1049|1336,,,False,,,2908|2970,,,exact full name; all active2024 registry rows; no fuzzy or guessed region,https://sberindex.ru/api/researches/v1/dataset-borders-and-changes-of-municipalities,AMBIGUOUS,False
0a31184c-25f7-46d9-9fcc-f30622ce4412,Кировский муниципальный район,2024-12-30T21:00:00.000Z,UNVERIFIED,5,258|350|790|1207|1400,,,False,,,259|351|791|1208|1401,,,exact full name; all active2024 registry rows; no fuzzy or guessed region,https://sberindex.ru/api/researches/v1/dataset-borders-and-changes-of-municipalities,AMBIGUOUS,False
0b1d2e50-cf73-4101-9d10-eb6467e3f40f,внутригородская территория города федерального значения муниципальный округ Балканский,2024-12-30T21:00:00.000Z,UNVERIFIED,1,2455,2455,tid_2455,True,40-907-000-000,78,2456,2018,9999,exact full name; all active2024 registry rows; no fuzzy or guessed region,https://sberindex.ru/api/researches/v1/dataset-borders-and-changes-of-municipalities,EXACT_NAME_CANDIDATE_NOT_APPROVED,False
0ba0c4aa-b1e4-45d6-b119-06fa5b0af29f,внутригородская территория города федерального значения муниципальный округ № 65,2024-12-30T21:00:00.000Z,UNVERIFIED,1,2372,2372,tid_2372,True,40-322-000-000,78,2373,2018,9999,exact full name; all active2024 registry rows; no fuzzy or guessed region,https://sberindex.ru/api/researches/v1/dataset-borders-and-changes-of-municipalities,EXACT_NAME_CANDIDATE_NOT_APPROVED,False
0be0a138-173b-48e9-aa60-5b5d61d3a4bb,Онежский муниципальный район,2024-12-30T21:00:00.000Z,UNVERIFIED,1,909,909,tid_909,True,11-646-000-000,29,910,2018,9999,exact full name; all active2024 registry rows; no fuzzy or guessed region,https://sberindex.ru/api/researches/v1/dataset-borders-and-changes-of-municipalities,EXACT_NAME_CANDIDATE_NOT_APPROVED,False
0c6bb589-3956-4f27-8410-b2a1b26ba48c,Сланцевский муниципальный район,2024-12-30T21:00:00.000Z,UNVERIFIED,1,1406,1406,tid_1406,True,41-642-000-000,47,1407,2018,9999,exact full name; all active2024 registry rows; no fuzzy or guessed region,https://sberindex.ru/api/researches/v1/dataset-borders-and-changes-of-municipalities,EXACT_NAME_CANDIDATE_NOT_APPROVED,False
0ca8d414-d30d-4a56-8c7c-49e44b553b33,городской округ Гусевский,2024-12-30T21:00:00.000Z,UNVERIFIED,1,1187,1187,tid_1187,True,27-709-000-000,39,1188,2018,9999,exact full name; all active2024 registry rows; no fuzzy or guessed region,https://sberindex.ru/api/researches/v1/dataset-borders-and-changes-of-municipalities,EXACT_NAME_CANDIDATE_NOT_APPROVED,False
0fd01732-2daa-446d-91f1-30803d629ee9,внутригородская территория города федерального значения муниципальный округ Озеро Долгое,2024-12-30T21:00:00.000Z,UNVERIFIED,1,2375,2375,tid_2375,True,40-325-000-000,78,2376,2018,9999,exact full name; all active2024 registry rows; no fuzzy or guessed region,https://sberindex.ru/api/researches/v1/dataset-borders-and-changes-of-municipalities,EXACT_NAME_CANDIDATE_NOT_APPROVED,False
10709952-343b-45e6-93cf-2824cdaec47c,внутригородская территория города федерального значения муниципальный округ Смольнинское,2024-12-30T21:00:00.000Z,UNVERIFIED,1,2459,2459,tid_2459,True,40-911-000-000,78,2460,2018,9999,exact full name; all active2024 registry rows; no fuzzy or guessed region,https://sberindex.ru/api/researches/v1/dataset-borders-and-changes-of-municipalities,EXACT_NAME_CANDIDATE_NOT_APPROVED,False
11117454-d8ca-4652-b1a4-6fa8555442f1,Вельский муниципальный район,2024-12-30T21:00:00.000Z,UNVERIFIED,1,897,897,tid_897,True,11-605-000-000,29,898,2018,9999,exact full name; all active2024 registry rows; no fuzzy or guessed region,https://sberindex.ru/api/researches/v1/dataset-borders-and-changes-of-municipalities,EXACT_NAME_CANDIDATE_NOT_APPROVED,False
11213f1a-0f83-46ca-9e5b-bd6bf7e77eaa,внутригородская территория города федерального значения муниципальный округ Гагаринское,2024-12-30T21:00:00.000Z,UNVERIFIED,1,2424,2424,tid_2424,True,40-374-000-000,78,2425,2018,9999,exact full name; all active2024 registry rows; no fuzzy or guessed region,https://sberindex.ru/api/researches/v1/dataset-borders-and-changes-of-municipalities,EXACT_NAME_CANDIDATE_NOT_APPROVED,False
11464f39-479b-4567-8bb4-4bee29ca1798,внутригородская территория города федерального значения муниципальный округ Большая Охта,2024-12-30T21:00:00.000Z,UNVERIFIED,1,2399,2399,tid_2399,True,40-349-000-000,78,2400,2018,9999,exact full name; all active2024 registry rows; no fuzzy or guessed region,https://sberindex.ru/api/researches/v1/dataset-borders-and-changes-of-municipalities,EXACT_NAME_CANDIDATE_NOT_APPROVED,False
11bed532-39cc-4a8a-a647-ab94a8b57a3a,Няндомский муниципальный округ,2024-12-30T21:00:00.000Z,UNVERIFIED,1,908,908,tid_908,True,11-544-000-000,29,2904,2023,9999,exact full name; all active2024 registry rows; no fuzzy or guessed region,https://sberindex.ru/api/researches/v1/dataset-borders-and-changes-of-municipalities,EXACT_NAME_CANDIDATE_NOT_APPROVED,False
11e590fa-746d-44c5-b9a4-bfc909e9c929,муниципальный округ Багратионовский,2024-12-30T21:00:00.000Z,UNVERIFIED,1,1183,1183,tid_1183,False,27-503-000-000,39,2726,2021,9999,exact full name; all active2024 registry rows; no fuzzy or guessed region,https://sberindex.ru/api/researches/v1/dataset-borders-and-changes-of-municipalities,EXACT_NAME_CANDIDATE_NOT_APPROVED,False
11f47795-0805-4359-9b33-a13f12b231f3,муниципальный округ Крестецкий,2024-12-30T21:00:00.000Z,UNVERIFIED,1,1581,1581,tid_1581,True,49-514-000-000,53,3042,2024,9999,exact full name; all active2024 registry rows; no fuzzy or guessed region,https://sberindex.ru/api/researches/v1/dataset-borders-and-changes-of-municipalities,EXACT_NAME_CANDIDATE_NOT_APPROVED,False
13af79b5-c5bb-4584-9e28-a486fa3a11f2,внутригородская территория города федерального значения муниципальный округ округ Петровский,2024-12-30T21:00:00.000Z,UNVERIFIED,1,2443,2443,tid_2443,True,40-393-000-000,78,2444,2018,9999,exact full name; all active2024 registry rows; no fuzzy or guessed region,https://sberindex.ru/api/researches/v1/dataset-borders-and-changes-of-municipalities,EXACT_NAME_CANDIDATE_NOT_APPROVED,False
14863c75-0d9b-49c2-9921-6e13ce064670,внутригородская территория города федерального значения город Ломоносов,2024-12-30T21:00:00.000Z,UNVERIFIED,1,2422,2422,tid_2422,True,40-372-000-000,78,2423,2018,9999,exact full name; all active2024 registry rows; no fuzzy or guessed region,https://sberindex.ru/api/researches/v1/dataset-borders-and-changes-of-municipalities,EXACT_NAME_CANDIDATE_NOT_APPROVED,False
14e3fc6a-4bea-4009-b789-d6dbeea0c6fa,внутригородская территория города федерального значения поселок Песочный,2024-12-30T21:00:00.000Z,UNVERIFIED,1,2416,2416,tid_2416,True,40-366-000-000,78,2417,2018,9999,exact full name; all active2024 registry rows; no fuzzy or guessed region,https://sberindex.ru/api/researches/v1/dataset-borders-and-changes-of-municipalities,EXACT_NAME_CANDIDATE_NOT_APPROVED,False
15baabee-4d92-48f3-8dff-a1c50682ae19,Тосненский муниципальный район,2024-12-30T21:00:00.000Z,UNVERIFIED,1,1408,1408,tid_1408,True,41-648-000-000,47,1409,2018,9999,exact full name; all active2024 registry rows; no fuzzy or guessed region,https://sberindex.ru/api/researches/v1/dataset-borders-and-changes-of-municipalities,EXACT_NAME_CANDIDATE_NOT_APPROVED,False
15d32693-4f20-454e-b08f-ae550547825a,внутригородская территория города федерального значения муниципальный округ Светлановское,2024-12-30T21:00:00.000Z,UNVERIFIED,1,2365,2365,tid_2365,True,40-315-000-000,78,2366,2018,9999,exact full name; all active2024 registry rows; no fuzzy or guessed region,https://sberindex.ru/api/researches/v1/dataset-borders-and-changes-of-municipalities,EXACT_NAME_CANDIDATE_NOT_APPROVED,False
174de835-09ac-46f2-9ca2-9b6336e74332,внутригородская территория города федерального значения поселок Стрельна,2024-12-30T21:00:00.000Z,UNVERIFIED,1,2446,2446,tid_2446,True,40-396-000-000,78,2447,2018,9999,exact full name; all active2024 registry rows; no fuzzy or guessed region,https://sberindex.ru/api/researches/v1/dataset-borders-and-changes-of-municipalities,EXACT_NAME_CANDIDATE_NOT_APPROVED,False
1838f5bf-1bd9-487d-9b35-2911509eb8ce,Лодейнопольский муниципальный район,2024-12-30T21:00:00.000Z,UNVERIFIED,1,1401,1401,tid_1401,True,41-627-000-000,47,1402,2018,9999,exact full name; all active2024 registry rows; no fuzzy or guessed region,https://sberindex.ru/api/researches/v1/dataset-borders-and-changes-of-municipalities,EXACT_NAME_CANDIDATE_NOT_APPROVED,False
19229399-6c93-481c-b18f-9afb840024d3,Чудовский муниципальный район,2024-12-30T21:00:00.000Z,UNVERIFIED,1,1595,1595,tid_1595,True,49-650-000-000,53,1596,2018,9999,exact full name; all active2024 registry rows; no fuzzy or guessed region,https://sberindex.ru/api/researches/v1/dataset-borders-and-changes-of-municipalities,EXACT_NAME_CANDIDATE_NOT_APPROVED,False
19c6071d-ec04-495e-baa6-a517103953fb,Волосовский муниципальный район,2024-12-30T21:00:00.000Z,UNVERIFIED,1,1393,1393,tid_1393,True,41-606-000-000,47,1394,2018,9999,exact full name; all active2024 registry rows; no fuzzy or guessed region,https://sberindex.ru/api/researches/v1/dataset-borders-and-changes-of-municipalities,EXACT_NAME_CANDIDATE_NOT_APPROVED,False
1abd5eb9-41a1-4e43-b61d-796fad3e91e0,Приозерский муниципальный район,2024-12-30T21:00:00.000Z,UNVERIFIED,1,1405,1405,tid_1405,True,41-639-000-000,47,1406,2018,9999,exact full name; all active2024 registry rows; no fuzzy or guessed region,https://sberindex.ru/api/researches/v1/dataset-borders-and-changes-of-municipalities,EXACT_NAME_CANDIDATE_NOT_APPROVED,False
1ceacacf-d48f-42e0-ba44-abc3705db083,Усвятский муниципальный район,2024-12-30T21:00:00.000Z,UNVERIFIED,1,1789,1789,tid_1789,False,58-658-000-000,60,1790,2018,9999,exact full name; all active2024 registry rows; no fuzzy or guessed region,https://sberindex.ru/api/researches/v1/dataset-borders-and-changes-of-municipalities,EXACT_NAME_CANDIDATE_NOT_APPROVED,False
1e36b403-2179-4e07-b59d-7eaba08d3e54,внутригородская территория города федерального значения муниципальный округ Посадский,2024-12-30T21:00:00.000Z,UNVERIFIED,1,2441,2441,tid_2441,True,40-391-000-000,78,2442,2018,9999,exact full name; all active2024 registry rows; no fuzzy or guessed region,https://sberindex.ru/api/researches/v1/dataset-borders-and-changes-of-municipalities,EXACT_NAME_CANDIDATE_NOT_APPROVED,False
1ee7429f-de95-4e9b-b81b-74a989bee72e,внутригородская территория города федерального значения муниципальный округ Чкаловское,2024-12-30T21:00:00.000Z,UNVERIFIED,1,2444,2444,tid_2444,True,40-394-000-000,78,2445,2018,9999,exact full name; all active2024 registry rows; no fuzzy or guessed region,https://sberindex.ru/api/researches/v1/dataset-borders-and-changes-of-municipalities,EXACT_NAME_CANDIDATE_NOT_APPROVED,False
1f844435-07c9-4bcf-a91c-7d7346029964,Окуловский муниципальный район,2024-12-30T21:00:00.000Z,UNVERIFIED,1,1587,1587,tid_1587,True,49-628-000-000,53,1588,2018,9999,exact full name; all active2024 registry rows; no fuzzy or guessed region,https://sberindex.ru/api/researches/v1/dataset-borders-and-changes-of-municipalities,EXACT_NAME_CANDIDATE_NOT_APPROVED,False
202cdfbe-4011-48c0-8422-78b38fbac050,внутригородская территория города федерального значения муниципальный округ Дворцовый округ,2024-12-30T21:00:00.000Z,UNVERIFIED,1,2456,2456,tid_2456,True,40-908-000-000,78,2457,2018,9999,exact full name; all active2024 registry rows; no fuzzy or guessed region,https://sberindex.ru/api/researches/v1/dataset-borders-and-changes-of-municipalities,EXACT_NAME_CANDIDATE_NOT_APPROVED,False
2078b26c-9842-4bf1-810e-b5df0f95ce1b,внутригородская территория города федерального значения город Пушкин,2024-12-30T21:00:00.000Z,UNVERIFIED,1,2447,2447,tid_2447,True,40-397-000-000,78,2448,2018,9999,exact full name; all active2024 registry rows; no fuzzy or guessed region,https://sberindex.ru/api/researches/v1/dataset-borders-and-changes-of-municipalities,EXACT_NAME_CANDIDATE_NOT_APPROVED,False
22ef1dbe-5623-426b-9b5a-57c7876378d9,Волховский муниципальный район,2024-12-30T21:00:00.000Z,UNVERIFIED,1,1394,1394,tid_1394,True,41-609-000-000,47,1395,2018,9999,exact full name; all active2024 registry rows; no fuzzy or guessed region,https://sberindex.ru/api/researches/v1/dataset-borders-and-changes-of-municipalities,EXACT_NAME_CANDIDATE_NOT_APPROVED,False
238c3e83-6c33-468b-a5ea-3e16fc0d3a4a,внутригородская территория города федерального значения муниципальный округ Прометей,2024-12-30T21:00:00.000Z,UNVERIFIED,1,2384,2384,tid_2384,True,40-334-000-000,78,2385,2018,9999,exact full name; all active2024 registry rows; no fuzzy or guessed region,https://sberindex.ru/api/researches/v1/dataset-borders-and-changes-of-municipalities,EXACT_NAME_CANDIDATE_NOT_APPROVED,False
252c5a73-43e6-4576-b1e1-21a8dc4b4026,Дедовичский муниципальный район,2024-12-30T21:00:00.000Z,UNVERIFIED,1,1769,1769,tid_1769,True,58-610-000-000,60,1770,2018,9999,exact full name; all active2024 registry rows; no fuzzy or guessed region,https://sberindex.ru/api/researches/v1/dataset-borders-and-changes-of-municipalities,EXACT_NAME_CANDIDATE_NOT_APPROVED,False
29628270-4e05-42d1-bde6-bd94512dd1c9,внутригородская территория города федерального значения муниципальный округ Правобережный,2024-12-30T21:00:00.000Z,UNVERIFIED,1,2436,2436,tid_2436,True,40-386-000-000,78,2437,2018,9999,exact full name; all active2024 registry rows; no fuzzy or guessed region,https://sberindex.ru/api/researches/v1/dataset-borders-and-changes-of-municipalities,EXACT_NAME_CANDIDATE_NOT_APPROVED,False
2992f356-2086-4b37-a7d3-65a29650e359,городской округ Мамоновский,2024-12-30T21:00:00.000Z,UNVERIFIED,1,1178,1178,tid_1178,True,27-712-000-000,39,1179,2018,9999,exact full name; all active2024 registry rows; no fuzzy or guessed region,https://sberindex.ru/api/researches/v1/dataset-borders-and-changes-of-municipalities,EXACT_NAME_CANDIDATE_NOT_APPROVED,False
29bcbc72-82a6-440a-9e5b-b9d6709fb86d,внутригородская территория города федерального значения муниципальный округ Екатерингофский,2024-12-30T21:00:00.000Z,UNVERIFIED,1,2356,2356,tid_2356,True,40-306-000-000,78,2357,2018,9999,exact full name; all active2024 registry rows; no fuzzy or guessed region,https://sberindex.ru/api/researches/v1/dataset-borders-and-changes-of-municipalities,EXACT_NAME_CANDIDATE_NOT_APPROVED,False
29cdba18-9f66-48cd-9964-cee1fa0dfa9e,Устьянский муниципальный округ,2024-12-30T21:00:00.000Z,UNVERIFIED,1,913,913,tid_913,True,11-554-000-000,29,2905,2023,9999,exact full name; all active2024 registry rows; no fuzzy or guessed region,https://sberindex.ru/api/researches/v1/dataset-borders-and-changes-of-municipalities,EXACT_NAME_CANDIDATE_NOT_APPROVED,False
2aa7bcf1-7c5a-481d-a16b-69d2f28d5629,Пудожский муниципальный район,2024-12-30T21:00:00.000Z,UNVERIFIED,1,220,220,tid_220,True,86-642-000-000,10,221,2018,9999,exact full name; all active2024 registry rows; no fuzzy or guessed region,https://sberindex.ru/api/researches/v1/dataset-borders-and-changes-of-municipalities,EXACT_NAME_CANDIDATE_NOT_APPROVED,False
2ac4c554-bc1b-4482-8a1d-fcce56f890e3,внутригородская территория города федерального значения муниципальный округ Сенной округ,2024-12-30T21:00:00.000Z,UNVERIFIED,1,2352,2352,tid_2352,True,40-302-000-000,78,2353,2018,9999,exact full name; all active2024 registry rows; no fuzzy or guessed region,https://sberindex.ru/api/researches/v1/dataset-borders-and-changes-of-municipalities,EXACT_NAME_CANDIDATE_NOT_APPROVED,False
2bdb319a-fe25-49e4-a8b5-3e5ebed2931a,городской округ Ухта,2024-12-30T21:00:00.000Z,UNVERIFIED,1,229,229,tid_229,True,87-725-000-000,11,230,2018,9999,exact full name; all active2024 registry rows; no fuzzy or guessed region,https://sberindex.ru/api/researches/v1/dataset-borders-and-changes-of-municipalities,EXACT_NAME_CANDIDATE_NOT_APPROVED,False
2de9e8a3-d60d-4f81-9a02-1572ff43d078,внутригородская территория города федерального значения муниципальный округ Южно-Приморский,2024-12-30T21:00:00.000Z,UNVERIFIED,1,2405,2405,tid_2405,True,40-355-000-000,78,2406,2018,9999,exact full name; all active2024 registry rows; no fuzzy or guessed region,https://sberindex.ru/api/researches/v1/dataset-borders-and-changes-of-municipalities,EXACT_NAME_CANDIDATE_NOT_APPROVED,False
2e73d92a-668a-4279-8a89-bf3cb89b8b63,городской округ город Мурманск,2024-12-30T21:00:00.000Z,UNVERIFIED,1,1506,1506,tid_1506,True,47-701-000-000,51,1507,2018,9999,exact full name; all active2024 registry rows; no fuzzy or guessed region,https://sberindex.ru/api/researches/v1/dataset-borders-and-changes-of-municipalities,EXACT_NAME_CANDIDATE_NOT_APPROVED,False
2ed6c308-0a7d-496c-8895-e54d532b26c3,Ломоносовский муниципальный район,2024-12-30T21:00:00.000Z,UNVERIFIED,1,1402,1402,tid_1402,True,41-630-000-000,47,1403,2018,9999,exact full name; all active2024 registry rows; no fuzzy or guessed region,https://sberindex.ru/api/researches/v1/dataset-borders-and-changes-of-municipalities,EXACT_NAME_CANDIDATE_NOT_APPROVED,False
2efea218-d781-433b-bd70-2f052d6b45b2,городской округ Советский,2024-12-30T21:00:00.000Z,UNVERIFIED,1,1181,1181,tid_1181,True,27-730-000-000,39,1182,2018,9999,exact full name; all active2024 registry rows; no fuzzy or guessed region,https://sberindex.ru/api/researches/v1/dataset-borders-and-changes-of-municipalities,EXACT_NAME_CANDIDATE_NOT_APPROVED,False
2fa5e8e3-3850-48b2-a214-d9fbcf63e8dd,внутригородская территория города федерального значения поселок Солнечное,2024-12-30T21:00:00.000Z,UNVERIFIED,1,2420,2420,tid_2420,False,40-370-000-000,78,2421,2018,9999,exact full name; all active2024 registry rows; no fuzzy or guessed region,https://sberindex.ru/api/researches/v1/dataset-borders-and-changes-of-municipalities,EXACT_NAME_CANDIDATE_NOT_APPROVED,False
35315a8f-6653-40cb-8735-d358191b479a,городской округ Петрозаводский,2024-12-30T21:00:00.000Z,UNVERIFIED,1,206,206,tid_206,True,86-701-000-000,10,207,2018,9999,exact full name; all active2024 registry rows; no fuzzy or guessed region,https://sberindex.ru/api/researches/v1/dataset-borders-and-changes-of-municipalities,EXACT_NAME_CANDIDATE_NOT_APPROVED,False
376d99ab-fc4b-45ee-9dee-075062ec5eca,Псковский муниципальный район,2024-12-30T21:00:00.000Z,UNVERIFIED,1,1783,1783,tid_1783,True,58-649-000-000,60,1784,2018,9999,exact full name; all active2024 registry rows; no fuzzy or guessed region,https://sberindex.ru/api/researches/v1/dataset-borders-and-changes-of-municipalities,EXACT_NAME_CANDIDATE_NOT_APPROVED,False
39668776-1281-411a-a9b8-1c237ab69303,внутригородская территория города федерального значения муниципальный округ Сосновское,2024-12-30T21:00:00.000Z,UNVERIFIED,1,2366,2366,tid_2366,True,40-316-000-000,78,2367,2018,9999,exact full name; all active2024 registry rows; no fuzzy or guessed region,https://sberindex.ru/api/researches/v1/dataset-borders-and-changes-of-municipalities,EXACT_NAME_CANDIDATE_NOT_APPROVED,False
3be8da57-7424-4dc3-b577-8f8bb4d01d15,городской округ Костомукшский,2024-12-30T21:00:00.000Z,UNVERIFIED,1,207,207,tid_207,True,86-706-000-000,10,208,2018,9999,exact full name; all active2024 registry rows; no fuzzy or guessed region,https://sberindex.ru/api/researches/v1/dataset-borders-and-changes-of-municipalities,EXACT_NAME_CANDIDATE_NOT_APPROVED,False
3c2e8d61-5d4e-4244-8433-242f49532f35,Лужский муниципальный район,2024-12-30T21:00:00.000Z,UNVERIFIED,1,1403,1403,tid_1403,True,41-633-000-000,47,1404,2018,9999,exact full name; all active2024 registry rows; no fuzzy or guessed region,https://sberindex.ru/api/researches/v1/dataset-borders-and-changes-of-municipalities,EXACT_NAME_CANDIDATE_NOT_APPROVED,False
3c85ed82-6e07-43ef-a5ad-2a70d0fc37b3,муниципальный округ Марёвский,2024-12-30T21:00:00.000Z,UNVERIFIED,1,1584,1584,tid_1584,True,49-523-000-000,53,2746,2021,9999,exact full name; all active2024 registry rows; no fuzzy or guessed region,https://sberindex.ru/api/researches/v1/dataset-borders-and-changes-of-municipalities,EXACT_NAME_CANDIDATE_NOT_APPROVED,False
3cee755a-b942-456a-8644-9c1c7978a9eb,внутригородская территория города федерального значения муниципальный округ Княжево,2024-12-30T21:00:00.000Z,UNVERIFIED,1,2385,2385,tid_2385,True,40-335-000-000,78,2386,2018,9999,exact full name; all active2024 registry rows; no fuzzy or guessed region,https://sberindex.ru/api/researches/v1/dataset-borders-and-changes-of-municipalities,EXACT_NAME_CANDIDATE_NOT_APPROVED,False
3d843b10-b73d-40fc-981e-45060420bc1c,муниципальный округ Опочецкий,2024-12-30T21:00:00.000Z,UNVERIFIED,1,1777,1777,tid_1777,True,58-529-000-000,60,3047,2024,9999,exact full name; all active2024 registry rows; no fuzzy or guessed region,https://sberindex.ru/api/researches/v1/dataset-borders-and-changes-of-municipalities,EXACT_NAME_CANDIDATE_NOT_APPROVED,False
3f501f52-31ed-4ead-8614-4c0b785c05f8,Княжпогостский муниципальный район,2024-12-30T21:00:00.000Z,UNVERIFIED,1,231,231,tid_231,True,87-608-000-000,11,232,2018,9999,exact full name; all active2024 registry rows; no fuzzy or guessed region,https://sberindex.ru/api/researches/v1/dataset-borders-and-changes-of-municipalities,EXACT_NAME_CANDIDATE_NOT_APPROVED,False
3f87ed69-c5ae-445b-873b-74a1298cb656,внутригородская территория города федерального значения муниципальный округ Ржевка,2024-12-30T21:00:00.000Z,UNVERIFIED,1,2402,2402,tid_2402,True,40-352-000-000,78,2403,2018,9999,exact full name; all active2024 registry rows; no fuzzy or guessed region,https://sberindex.ru/api/researches/v1/dataset-borders-and-changes-of-municipalities,EXACT_NAME_CANDIDATE_NOT_APPROVED,False
3fb1ae77-3799-4e9f-a625-9ba459d077e0,муниципальный округ Волотовский,2024-12-30T21:00:00.000Z,UNVERIFIED,1,1579,1579,tid_1579,True,49-510-000-000,53,2747,2021,9999,exact full name; all active2024 registry rows; no fuzzy or guessed region,https://sberindex.ru/api/researches/v1/dataset-borders-and-changes-of-municipalities,EXACT_NAME_CANDIDATE_NOT_APPROVED,False
4117d511-5bdd-43ec-a882-c7cd4ad318b7,городской округ Великий Новгород,2024-12-30T21:00:00.000Z,UNVERIFIED,1,1575,1575,tid_1575,True,49-701-000-000,53,1576,2018,9999,exact full name; all active2024 registry rows; no fuzzy or guessed region,https://sberindex.ru/api/researches/v1/dataset-borders-and-changes-of-municipalities,EXACT_NAME_CANDIDATE_NOT_APPROVED,False
41514ada-1e97-4fdd-84f8-b3e8294ee8b3,муниципальный округ Черняховский,2024-12-30T21:00:00.000Z,UNVERIFIED,1,1197,1197,tid_1197,True,27-539-000-000,39,2737,2021,9999,exact full name; all active2024 registry rows; no fuzzy or guessed region,https://sberindex.ru/api/researches/v1/dataset-borders-and-changes-of-municipalities,EXACT_NAME_CANDIDATE_NOT_APPROVED,False
415b20bf-aa3f-46f6-aa57-621562ba189f,внутригородская территория города федерального значения город Колпино,2024-12-30T21:00:00.000Z,UNVERIFIED,1,2392,2392,tid_2392,True,40-342-000-000,78,2393,2018,9999,exact full name; all active2024 registry rows; no fuzzy or guessed region,https://sberindex.ru/api/researches/v1/dataset-borders-and-changes-of-municipalities,EXACT_NAME_CANDIDATE_NOT_APPROVED,False
41a7690c-b077-4ec2-81c0-4acd2adca0fd,Харовский муниципальный округ,2024-12-30T21:00:00.000Z,UNVERIFIED,1,1069,1069,tid_1069,True,19-552-000-000,35,2924,2023,9999,exact full name; all active2024 registry rows; no fuzzy or guessed region,https://sberindex.ru/api/researches/v1/dataset-borders-and-changes-of-municipalities,EXACT_NAME_CANDIDATE_NOT_APPROVED,False
41e30ec1-11ae-443f-92d9-d2f6cae82ccd,муниципальный округ Невельский,2024-12-30T21:00:00.000Z,UNVERIFIED,1,1774,1774,tid_1774,True,58-520-000-000,60,3045,2024,9999,exact full name; all active2024 registry rows; no fuzzy or guessed region,https://sberindex.ru/api/researches/v1/dataset-borders-and-changes-of-municipalities,EXACT_NAME_CANDIDATE_NOT_APPROVED,False
41e8a75f-e031-4e27-92ee-b1a5c8a0d92c,внутригородская территория города федерального значения муниципальный округ Георгиевский,2024-12-30T21:00:00.000Z,UNVERIFIED,1,2453,2453,tid_2453,True,40-905-000-000,78,2454,2018,9999,exact full name; all active2024 registry rows; no fuzzy or guessed region,https://sberindex.ru/api/researches/v1/dataset-borders-and-changes-of-municipalities,EXACT_NAME_CANDIDATE_NOT_APPROVED,False
46567305-076b-4ae2-80ad-d255dcc8bf8c,внутригородская территория города федерального значения поселок Парголово,2024-12-30T21:00:00.000Z,UNVERIFIED,1,2363,2363,tid_2363,True,40-313-000-000,78,2364,2018,9999,exact full name; all active2024 registry rows; no fuzzy or guessed region,https://sberindex.ru/api/researches/v1/dataset-borders-and-changes-of-municipalities,EXACT_NAME_CANDIDATE_NOT_APPROVED,False
46f689bd-9a0c-4ee5-9fad-7c44a21a79b7,Чагодощенский муниципальный округ,2024-12-30T21:00:00.000Z,UNVERIFIED,1,1070,1070,tid_1070,True,19-554-000-000,35,3005,2023,9999,exact full name; all active2024 registry rows; no fuzzy or guessed region,https://sberindex.ru/api/researches/v1/dataset-borders-and-changes-of-municipalities,EXACT_NAME_CANDIDATE_NOT_APPROVED,False
489afc24-4b6c-4ed8-9b7e-d4aaeca25a76,внутригородская территория города федерального значения муниципальный округ Новоизмайловское,2024-12-30T21:00:00.000Z,UNVERIFIED,1,2425,2425,tid_2425,True,40-375-000-000,78,2426,2018,9999,exact full name; all active2024 registry rows; no fuzzy or guessed region,https://sberindex.ru/api/researches/v1/dataset-borders-and-changes-of-municipalities,EXACT_NAME_CANDIDATE_NOT_APPROVED,False
49355a50-5c1d-46b4-95ee-933aa51b8f41,Любытинский муниципальный район,2024-12-30T21:00:00.000Z,UNVERIFIED,1,1582,1582,tid_1582,True,49-616-000-000,53,1583,2018,9999,exact full name; all active2024 registry rows; no fuzzy or guessed region,https://sberindex.ru/api/researches/v1/dataset-borders-and-changes-of-municipalities,EXACT_NAME_CANDIDATE_NOT_APPROVED,False
49713395-78eb-4500-be02-bd9d1d412db5,внутригородская территория города федерального значения муниципальный округ Пискаревка,2024-12-30T21:00:00.000Z,UNVERIFIED,1,2382,2382,tid_2382,True,40-332-000-000,78,2383,2018,9999,exact full name; all active2024 registry rows; no fuzzy or guessed region,https://sberindex.ru/api/researches/v1/dataset-borders-and-changes-of-municipalities,EXACT_NAME_CANDIDATE_NOT_APPROVED,False
498aff0d-4d90-4e4a-b0d7-cff71f1129a6,муниципальный округ Пыталовский,2024-12-30T21:00:00.000Z,UNVERIFIED,1,1786,1786,tid_1786,True,58-553-000-000,60,3049,2024,9999,exact full name; all active2024 registry rows; no fuzzy or guessed region,https://sberindex.ru/api/researches/v1/dataset-borders-and-changes-of-municipalities,EXACT_NAME_CANDIDATE_NOT_APPROVED,False
4a0f3cc2-f5c1-48ae-8987-b89c4048e4d9,Тарногский муниципальный округ,2024-12-30T21:00:00.000Z,UNVERIFIED,1,1065,1065,tid_1065,True,19-542-000-000,35,2920,2023,9999,exact full name; all active2024 registry rows; no fuzzy or guessed region,https://sberindex.ru/api/researches/v1/dataset-borders-and-changes-of-municipalities,EXACT_NAME_CANDIDATE_NOT_APPROVED,False
4a87640a-c2ad-42f7-bb23-5b1c9594a5bf,внутригородская территория города федерального значения муниципальный округ Невский округ,2024-12-30T21:00:00.000Z,UNVERIFIED,1,2434,2434,tid_2434,True,40-384-000-000,78,2435,2018,9999,exact full name; all active2024 registry rows; no fuzzy or guessed region,https://sberindex.ru/api/researches/v1/dataset-borders-and-changes-of-municipalities,EXACT_NAME_CANDIDATE_NOT_APPROVED,False
4a968a6b-f345-473f-9b6a-14b8e62e7bd0,городской округ Светлогорский,2024-12-30T21:00:00.000Z,UNVERIFIED,1,1190,1190,tid_1190,True,27-734-000-000,39,2638,2019,9999,exact full name; all active2024 registry rows; no fuzzy or guessed region,https://sberindex.ru/api/researches/v1/dataset-borders-and-changes-of-municipalities,EXACT_NAME_CANDIDATE_NOT_APPROVED,False
4b1763d0-5dab-4bba-973a-7b871b90e233,внутригородская территория города федерального значения муниципальный округ Нарвский округ,2024-12-30T21:00:00.000Z,UNVERIFIED,1,2389,2389,tid_2389,True,40-339-000-000,78,2390,2018,9999,exact full name; all active2024 registry rows; no fuzzy or guessed region,https://sberindex.ru/api/researches/v1/dataset-borders-and-changes-of-municipalities,EXACT_NAME_CANDIDATE_NOT_APPROVED,False
4ca9e40e-fc45-4b7d-86e7-2dcea9f96c3d,внутригородская территория города федерального значения поселок Левашово,2024-12-30T21:00:00.000Z,UNVERIFIED,1,2362,2362,tid_2362,True,40-312-000-000,78,2363,2018,9999,exact full name; all active2024 registry rows; no fuzzy or guessed region,https://sberindex.ru/api/researches/v1/dataset-borders-and-changes-of-municipalities,EXACT_NAME_CANDIDATE_NOT_APPROVED,False
4d0aa5db-08e3-4b31-9a1c-d5903e3df320,Корткеросский муниципальный район,2024-12-30T21:00:00.000Z,UNVERIFIED,1,233,233,tid_233,True,87-616-000-000,11,234,2018,9999,exact full name; all active2024 registry rows; no fuzzy or guessed region,https://sberindex.ru/api/researches/v1/dataset-borders-and-changes-of-municipalities,EXACT_NAME_CANDIDATE_NOT_APPROVED,False
4d90d582-9dfc-42b9-899a-e75b736ddccb,Новосокольнический муниципальный район,2024-12-30T21:00:00.000Z,UNVERIFIED,1,1776,1776,tid_1776,True,58-626-000-000,60,1777,2018,9999,exact full name; all active2024 registry rows; no fuzzy or guessed region,https://sberindex.ru/api/researches/v1/dataset-borders-and-changes-of-municipalities,EXACT_NAME_CANDIDATE_NOT_APPROVED,False
4da5be12-a0b6-49ed-9ca9-67ce22cedc54,внутригородская территория города федерального значения муниципальный округ Ивановский,2024-12-30T21:00:00.000Z,UNVERIFIED,1,2429,2429,tid_2429,True,40-379-000-000,78,2430,2018,9999,exact full name; all active2024 registry rows; no fuzzy or guessed region,https://sberindex.ru/api/researches/v1/dataset-borders-and-changes-of-municipalities,EXACT_NAME_CANDIDATE_NOT_APPROVED,False
4e5c86a1-2d8d-4b99-bab2-54c894771d42,Пушкиногорский муниципальный район,2024-12-30T21:00:00.000Z,UNVERIFIED,1,1785,1785,tid_1785,True,58-651-000-000,60,1786,2018,9999,exact full name; all active2024 registry rows; no fuzzy or guessed region,https://sberindex.ru/api/researches/v1/dataset-borders-and-changes-of-municipalities,EXACT_NAME_CANDIDATE_NOT_APPROVED,False
4e9392b6-b7c2-4a01-9222-51cf35cc806a,городской округ Пионерский,2024-12-30T21:00:00.000Z,UNVERIFIED,1,1179,1179,tid_1179,True,27-717-000-000,39,1180,2018,9999,exact full name; all active2024 registry rows; no fuzzy or guessed region,https://sberindex.ru/api/researches/v1/dataset-borders-and-changes-of-municipalities,EXACT_NAME_CANDIDATE_NOT_APPROVED,False
4f1bf4ec-10cf-433d-b179-4fb7fb1eb0a8,Ловозерский муниципальный район,2024-12-30T21:00:00.000Z,UNVERIFIED,1,1520,1520,tid_1520,True,47-610-000-000,51,1521,2018,9999,exact full name; all active2024 registry rows; no fuzzy or guessed region,https://sberindex.ru/api/researches/v1/dataset-borders-and-changes-of-municipalities,EXACT_NAME_CANDIDATE_NOT_APPROVED,False
4f7215c9-2f51-47a1-b092-803e9a4b9710,Плюсский муниципальный район,2024-12-30T21:00:00.000Z,UNVERIFIED,1,1781,1781,tid_1781,True,58-643-000-000,60,1782,2018,9999,exact full name; all active2024 registry rows; no fuzzy or guessed region,https://sberindex.ru/api/researches/v1/dataset-borders-and-changes-of-municipalities,EXACT_NAME_CANDIDATE_NOT_APPROVED,False
4f7ae0f1-41bd-477d-bf51-5ebc670d0291,Троицко-Печорский муниципальный район,2024-12-30T21:00:00.000Z,UNVERIFIED,1,239,239,tid_239,True,87-636-000-000,11,240,2018,9999,exact full name; all active2024 registry rows; no fuzzy or guessed region,https://sberindex.ru/api/researches/v1/dataset-borders-and-changes-of-municipalities,EXACT_NAME_CANDIDATE_NOT_APPROVED,False
513bb116-879e-484a-aeb8-0b24b0041a48,Беломорский муниципальный округ,2024-12-30T21:00:00.000Z,UNVERIFIED,1,208,208,tid_208,True,86-504-000-000,10,3031,2024,9999,exact full name; all active2024 registry rows; no fuzzy or guessed region,https://sberindex.ru/api/researches/v1/dataset-borders-and-changes-of-municipalities,EXACT_NAME_CANDIDATE_NOT_APPROVED,False
520cba96-b318-4b1f-9105-61788b519825,городской округ Ладушкинский,2024-12-30T21:00:00.000Z,UNVERIFIED,1,1177,1177,tid_1177,False,27-711-000-000,39,1178,2018,9999,exact full name; all active2024 registry rows; no fuzzy or guessed region,https://sberindex.ru/api/researches/v1/dataset-borders-and-changes-of-municipalities,EXACT_NAME_CANDIDATE_NOT_APPROVED,False
527154ce-ac6e-4eec-90f1-5e014da98962,Сямженский муниципальный округ,2024-12-30T21:00:00.000Z,UNVERIFIED,1,1064,1064,tid_1064,True,19-540-000-000,35,2919,2023,9999,exact full name; all active2024 registry rows; no fuzzy or guessed region,https://sberindex.ru/api/researches/v1/dataset-borders-and-changes-of-municipalities,EXACT_NAME_CANDIDATE_NOT_APPROVED,False
53518c3c-c40c-4fd0-86e5-556cc73e7964,внутригородская территория города федерального значения муниципальный округ Автово,2024-12-30T21:00:00.000Z,UNVERIFIED,1,2388,2388,tid_2388,True,40-338-000-000,78,2389,2018,9999,exact full name; all active2024 registry rows; no fuzzy or guessed region,https://sberindex.ru/api/researches/v1/dataset-borders-and-changes-of-municipalities,EXACT_NAME_CANDIDATE_NOT_APPROVED,False
53c99a47-3378-48a2-9ad3-62b035804654,внутригородская территория города федерального значения муниципальный округ Константиновское,2024-12-30T21:00:00.000Z,UNVERIFIED,1,2408,2408,tid_2408,True,40-358-000-000,78,2409,2018,9999,exact full name; all active2024 registry rows; no fuzzy or guessed region,https://sberindex.ru/api/researches/v1/dataset-borders-and-changes-of-municipalities,EXACT_NAME_CANDIDATE_NOT_APPROVED,False
5546225c-0e09-4cf9-9a3a-f4decbdcd65f,Койгородский муниципальный район,2024-12-30T21:00:00.000Z,UNVERIFIED,1,232,232,tid_232,True,87-612-000-000,11,233,2018,9999,exact full name; all active2024 registry rows; no fuzzy or guessed region,https://sberindex.ru/api/researches/v1/dataset-borders-and-changes-of-municipalities,EXACT_NAME_CANDIDATE_NOT_APPROVED,False
5565d9ab-930b-4654-b32b-70b7ee2f2389,муниципальный округ Гурьевский,2024-12-30T21:00:00.000Z,UNVERIFIED,1,1186,1186,tid_1186,True,27-507-000-000,39,2728,2021,9999,exact full name; all active2024 registry rows; no fuzzy or guessed region,https://sberindex.ru/api/researches/v1/dataset-borders-and-changes-of-municipalities,EXACT_NAME_CANDIDATE_NOT_APPROVED,False
569e5f33-e3b3-4cc8-8d2e-1595c1a2c78c,муниципальный округ Хвойнинский,2024-12-30T21:00:00.000Z,UNVERIFIED,1,1593,1593,tid_1593,True,49-545-000-000,53,2745,2021,9999,exact full name; all active2024 registry rows; no fuzzy or guessed region,https://sberindex.ru/api/researches/v1/dataset-borders-and-changes-of-municipalities,EXACT_NAME_CANDIDATE_NOT_APPROVED,False
56f0cd89-576a-4389-8f7e-c339c600dbc2,Медвежьегорский муниципальный район,2024-12-30T21:00:00.000Z,UNVERIFIED,1,214,214,tid_214,True,86-624-000-000,10,215,2018,9999,exact full name; all active2024 registry rows; no fuzzy or guessed region,https://sberindex.ru/api/researches/v1/dataset-borders-and-changes-of-municipalities,EXACT_NAME_CANDIDATE_NOT_APPROVED,False
57423db2-3f24-4cc8-909e-e7d04949a975,внутригородская территория города федерального значения муниципальный округ Лиговка-Ямская,2024-12-30T21:00:00.000Z,UNVERIFIED,1,2460,2460,tid_2460,True,40-912-000-000,78,2461,2018,9999,exact full name; all active2024 registry rows; no fuzzy or guessed region,https://sberindex.ru/api/researches/v1/dataset-borders-and-changes-of-municipalities,EXACT_NAME_CANDIDATE_NOT_APPROVED,False
594f8e05-693f-425e-b64c-c05fddf3beb3,внутригородская территория города федерального значения поселок Лисий Нос,2024-12-30T21:00:00.000Z,UNVERIFIED,1,2370,2370,tid_2370,True,40-320-000-000,78,2371,2018,9999,exact full name; all active2024 registry rows; no fuzzy or guessed region,https://sberindex.ru/api/researches/v1/dataset-borders-and-changes-of-municipalities,EXACT_NAME_CANDIDATE_NOT_APPROVED,False
5b844d75-3e29-4cff-80d8-ccc4b64300ec,муниципальный округ город Оленегорск,2024-12-30T21:00:00.000Z,UNVERIFIED,1,1510,1510,tid_1510,True,47-526-000-000,51,2743,2021,9999,exact full name; all active2024 registry rows; no fuzzy or guessed region,https://sberindex.ru/api/researches/v1/dataset-borders-and-changes-of-municipalities,EXACT_NAME_CANDIDATE_NOT_APPROVED,False
5bf399df-9fc2-4035-912e-b298b8fa8f1a,внутригородская территория города федерального значения муниципальный округ Васильевский,2024-12-30T21:00:00.000Z,UNVERIFIED,1,2358,2358,tid_2358,True,40-308-000-000,78,2359,2018,9999,exact full name; all active2024 registry rows; no fuzzy or guessed region,https://sberindex.ru/api/researches/v1/dataset-borders-and-changes-of-municipalities,EXACT_NAME_CANDIDATE_NOT_APPROVED,False
5d97b41a-cd15-4104-802d-bfeffe9235e8,Грязовецкий муниципальный округ,2024-12-30T21:00:00.000Z,UNVERIFIED,1,1056,1056,tid_1056,True,19-524-000-000,35,2913,2023,9999,exact full name; all active2024 registry rows; no fuzzy or guessed region,https://sberindex.ru/api/researches/v1/dataset-borders-and-changes-of-municipalities,EXACT_NAME_CANDIDATE_NOT_APPROVED,False
5e202c29-56d0-4faa-a961-7a917b1fa926,муниципальный округ Демянский,2024-12-30T21:00:00.000Z,UNVERIFIED,1,1580,1580,tid_1580,True,49-512-000-000,53,3039,2024,9999,exact full name; all active2024 registry rows; no fuzzy or guessed region,https://sberindex.ru/api/researches/v1/dataset-borders-and-changes-of-municipalities,EXACT_NAME_CANDIDATE_NOT_APPROVED,False
5e26c1c6-7672-4c40-9239-71cffd8bbc5e,Кандалакшский муниципальный район,2024-12-30T21:00:00.000Z,UNVERIFIED,1,1518,1518,tid_1518,True,47-608-000-000,51,1519,2018,9999,exact full name; all active2024 registry rows; no fuzzy or guessed region,https://sberindex.ru/api/researches/v1/dataset-borders-and-changes-of-municipalities,EXACT_NAME_CANDIDATE_NOT_APPROVED,False
5fb8dba4-fdd6-4709-8327-d7f63dee9dd3,внутригородская территория города федерального значения поселок Александровская,2024-12-30T21:00:00.000Z,UNVERIFIED,1,2448,2448,tid_2448,False,40-398-000-000,78,2449,2018,9999,exact full name; all active2024 registry rows; no fuzzy or guessed region,https://sberindex.ru/api/researches/v1/dataset-borders-and-changes-of-municipalities,EXACT_NAME_CANDIDATE_NOT_APPROVED,False
5fd1af1d-9b69-4346-ae16-3ef488c69704,внутригородская территория города федерального значения муниципальный округ Лахта-Ольгино,2024-12-30T21:00:00.000Z,UNVERIFIED,1,2371,2371,tid_2371,True,40-321-000-000,78,2372,2018,9999,exact full name; all active2024 registry rows; no fuzzy or guessed region,https://sberindex.ru/api/researches/v1/dataset-borders-and-changes-of-municipalities,EXACT_NAME_CANDIDATE_NOT_APPROVED,False
61a9150b-7463-4b09-be44-46963b948582,внутригородская территория города федерального значения муниципальный округ Кронверкское,2024-12-30T21:00:00.000Z,UNVERIFIED,1,2440,2440,tid_2440,True,40-390-000-000,78,2441,2018,9999,exact full name; all active2024 registry rows; no fuzzy or guessed region,https://sberindex.ru/api/researches/v1/dataset-borders-and-changes-of-municipalities,EXACT_NAME_CANDIDATE_NOT_APPROVED,False
62170deb-0117-4f33-84b4-27a83efdf22f,Мезенский муниципальный округ,2024-12-30T21:00:00.000Z,UNVERIFIED,1,907,907,tid_907,True,11-542-000-000,29,2899,2023,9999,exact full name; all active2024 registry rows; no fuzzy or guessed region,https://sberindex.ru/api/researches/v1/dataset-borders-and-changes-of-municipalities,EXACT_NAME_CANDIDATE_NOT_APPROVED,False
629dd6d8-6c87-4ccc-a694-d807abfa28d5,Старорусский муниципальный район,2024-12-30T21:00:00.000Z,UNVERIFIED,1,1592,1592,tid_1592,True,49-639-000-000,53,1593,2018,9999,exact full name; all active2024 registry rows; no fuzzy or guessed region,https://sberindex.ru/api/researches/v1/dataset-borders-and-changes-of-municipalities,EXACT_NAME_CANDIDATE_NOT_APPROVED,False
655decba-d5d1-43ec-a80b-49642507b86c,Пустошкинский муниципальный район,2024-12-30T21:00:00.000Z,UNVERIFIED,1,1784,1784,tid_1784,True,58-650-000-000,60,1785,2018,9999,exact full name; all active2024 registry rows; no fuzzy or guessed region,https://sberindex.ru/api/researches/v1/dataset-borders-and-changes-of-municipalities,EXACT_NAME_CANDIDATE_NOT_APPROVED,False
65b00ada-12af-4019-8e84-73ba1a4385d3,внутригородская территория города федерального значения поселок Шушары,2024-12-30T21:00:00.000Z,UNVERIFIED,1,2449,2449,tid_2449,True,40-901-000-000,78,2450,2018,9999,exact full name; all active2024 registry rows; no fuzzy or guessed region,https://sberindex.ru/api/researches/v1/dataset-borders-and-changes-of-municipalities,EXACT_NAME_CANDIDATE_NOT_APPROVED,False
6647090b-bc06-450d-b95d-5ee329464426,внутригородская территория города федерального значения муниципальный округ Волковское,2024-12-30T21:00:00.000Z,UNVERIFIED,1,2450,2450,tid_2450,True,40-902-000-000,78,2451,2018,9999,exact full name; all active2024 registry rows; no fuzzy or guessed region,https://sberindex.ru/api/researches/v1/dataset-borders-and-changes-of-municipalities,EXACT_NAME_CANDIDATE_NOT_APPROVED,False
66871304-b10d-4e02-9da6-43b65aa3a805,Сортавальский муниципальный район,2024-12-30T21:00:00.000Z,UNVERIFIED,1,222,222,tid_222,True,86-610-000-000,10,223,2018,9999,exact full name; all active2024 registry rows; no fuzzy or guessed region,https://sberindex.ru/api/researches/v1/dataset-borders-and-changes-of-municipalities,EXACT_NAME_CANDIDATE_NOT_APPROVED,False
66992e53-1a4f-41ff-9f8f-0d9ee349b6ee,Прилузский муниципальный район,2024-12-30T21:00:00.000Z,UNVERIFIED,1,235,235,tid_235,True,87-624-000-000,11,236,2018,9999,exact full name; all active2024 registry rows; no fuzzy or guessed region,https://sberindex.ru/api/researches/v1/dataset-borders-and-changes-of-municipalities,EXACT_NAME_CANDIDATE_NOT_APPROVED,False
6b12e0da-8d08-4a36-9bf6-dc521819bae3,городской округ Балтийский,2024-12-30T21:00:00.000Z,UNVERIFIED,1,1184,1184,tid_1184,True,27-705-000-000,39,2636,2019,9999,exact full name; all active2024 registry rows; no fuzzy or guessed region,https://sberindex.ru/api/researches/v1/dataset-borders-and-changes-of-municipalities,EXACT_NAME_CANDIDATE_NOT_APPROVED,False
6c00c757-f154-42bd-879d-ab05773f20a1,Гдовский муниципальный район,2024-12-30T21:00:00.000Z,UNVERIFIED,1,1768,1768,tid_1768,True,58-608-000-000,60,1769,2018,9999,exact full name; all active2024 registry rows; no fuzzy or guessed region,https://sberindex.ru/api/researches/v1/dataset-borders-and-changes-of-municipalities,EXACT_NAME_CANDIDATE_NOT_APPROVED,False
6cc14917-26b9-452e-80bd-9bd765327f8c,муниципальный округ Правдинский,2024-12-30T21:00:00.000Z,UNVERIFIED,1,1195,1195,tid_1195,True,27-519-000-000,39,2735,2021,9999,exact full name; all active2024 registry rows; no fuzzy or guessed region,https://sberindex.ru/api/researches/v1/dataset-borders-and-changes-of-municipalities,EXACT_NAME_CANDIDATE_NOT_APPROVED,False
6d2334b8-434b-4c37-82e8-bed53ab0f6ea,Сысольский муниципальный район,2024-12-30T21:00:00.000Z,UNVERIFIED,1,238,238,tid_238,True,87-632-000-000,11,239,2018,9999,exact full name; all active2024 registry rows; no fuzzy or guessed region,https://sberindex.ru/api/researches/v1/dataset-borders-and-changes-of-municipalities,EXACT_NAME_CANDIDATE_NOT_APPROVED,False
6ec06e71-ac33-4c40-9d19-5b232e79b5a8,Вытегорский муниципальный район,2024-12-30T21:00:00.000Z,UNVERIFIED,1,1055,1055,tid_1055,True,19-622-000-000,35,1056,2018,9999,exact full name; all active2024 registry rows; no fuzzy or guessed region,https://sberindex.ru/api/researches/v1/dataset-borders-and-changes-of-municipalities,EXACT_NAME_CANDIDATE_NOT_APPROVED,False
70c69ed1-267f-4911-ac01-85666e4f6b8f,Междуреченский муниципальный округ,2024-12-30T21:00:00.000Z,UNVERIFIED,1,1060,1060,tid_1060,True,19-532-000-000,35,2916,2023,9999,exact full name; all active2024 registry rows; no fuzzy or guessed region,https://sberindex.ru/api/researches/v1/dataset-borders-and-changes-of-municipalities,EXACT_NAME_CANDIDATE_NOT_APPROVED,False
71248b39-be87-4217-aadb-b4780934873f,Пинежский муниципальный округ,2024-12-30T21:00:00.000Z,UNVERIFIED,1,910,910,tid_910,False,11-548-000-000,29,3035,2024,9999,exact full name; all active2024 registry rows; no fuzzy or guessed region,https://sberindex.ru/api/researches/v1/dataset-borders-and-changes-of-municipalities,EXACT_NAME_CANDIDATE_NOT_APPROVED,False
71d10d2c-f2d7-4434-8288-6e371df26a3b,внутригородская территория города федерального значения муниципальный округ Полюстрово,2024-12-30T21:00:00.000Z,UNVERIFIED,1,2398,2398,tid_2398,True,40-348-000-000,78,2399,2018,9999,exact full name; all active2024 registry rows; no fuzzy or guessed region,https://sberindex.ru/api/researches/v1/dataset-borders-and-changes-of-municipalities,EXACT_NAME_CANDIDATE_NOT_APPROVED,False
72458bd1-06d9-48e7-a52c-bce33e31f765,городской округ город Вологда,2024-12-30T21:00:00.000Z,UNVERIFIED,1,1045,1045,tid_1045,False,19-701-000-000,35,1046,2018,9999,exact full name; all active2024 registry rows; no fuzzy or guessed region,https://sberindex.ru/api/researches/v1/dataset-borders-and-changes-of-municipalities,EXACT_NAME_CANDIDATE_NOT_APPROVED,False
72a03de2-6611-416a-84f7-ee37b9b66aef,внутригородская территория города федерального значения муниципальный округ Малая Охта,2024-12-30T21:00:00.000Z,UNVERIFIED,1,2400,2400,tid_2400,True,40-350-000-000,78,2401,2018,9999,exact full name; all active2024 registry rows; no fuzzy or guessed region,https://sberindex.ru/api/researches/v1/dataset-borders-and-changes-of-municipalities,EXACT_NAME_CANDIDATE_NOT_APPROVED,False
72ff5c12-4a68-493e-afe5-c0543caaa5a3,Тихвинский муниципальный район,2024-12-30T21:00:00.000Z,UNVERIFIED,1,1407,1407,tid_1407,True,41-645-000-000,47,1408,2018,9999,exact full name; all active2024 registry rows; no fuzzy or guessed region,https://sberindex.ru/api/researches/v1/dataset-borders-and-changes-of-municipalities,EXACT_NAME_CANDIDATE_NOT_APPROVED,False
7352b77d-e3b4-47cb-9649-3cfddf28ce64,Устюженский муниципальный округ,2024-12-30T21:00:00.000Z,UNVERIFIED,1,1068,1068,tid_1068,True,19-550-000-000,35,2923,2023,9999,exact full name; all active2024 registry rows; no fuzzy or guessed region,https://sberindex.ru/api/researches/v1/dataset-borders-and-changes-of-municipalities,EXACT_NAME_CANDIDATE_NOT_APPROVED,False
7419dceb-9126-4057-ac25-ca5150f6a440,муниципальный округ Славский,2024-12-30T21:00:00.000Z,UNVERIFIED,1,1196,1196,tid_1196,True,27-527-000-000,39,2736,2021,9999,exact full name; all active2024 registry rows; no fuzzy or guessed region,https://sberindex.ru/api/researches/v1/dataset-borders-and-changes-of-municipalities,EXACT_NAME_CANDIDATE_NOT_APPROVED,False
749123d1-3563-4176-b90b-f8d58b1dc5b5,Палкинский муниципальный район,2024-12-30T21:00:00.000Z,UNVERIFIED,1,1779,1779,tid_1779,False,58-637-000-000,60,1780,2018,9999,exact full name; all active2024 registry rows; no fuzzy or guessed region,https://sberindex.ru/api/researches/v1/dataset-borders-and-changes-of-municipalities,EXACT_NAME_CANDIDATE_NOT_APPROVED,False
75adc524-1610-4756-a3db-a8f3ebb130c7,муниципальный округ Зеленоградский,2024-12-30T21:00:00.000Z,UNVERIFIED,1,1188,1188,tid_1188,True,27-510-000-000,39,2729,2021,9999,exact full name; all active2024 registry rows; no fuzzy or guessed region,https://sberindex.ru/api/researches/v1/dataset-borders-and-changes-of-municipalities,EXACT_NAME_CANDIDATE_NOT_APPROVED,False
75b2a10a-223d-4b18-b039-83f75197467d,Киришский муниципальный район,2024-12-30T21:00:00.000Z,UNVERIFIED,1,1399,1399,tid_1399,True,41-624-000-000,47,1400,2018,9999,exact full name; all active2024 registry rows; no fuzzy or guessed region,https://sberindex.ru/api/researches/v1/dataset-borders-and-changes-of-municipalities,EXACT_NAME_CANDIDATE_NOT_APPROVED,False
762569af-4128-47d6-b3c4-9b4367f659ca,муниципальный округ город Кировск,2024-12-30T21:00:00.000Z,UNVERIFIED,1,1508,1508,tid_1508,True,47-522-000-000,51,2741,2021,9999,exact full name; all active2024 registry rows; no fuzzy or guessed region,https://sberindex.ru/api/researches/v1/dataset-borders-and-changes-of-municipalities,EXACT_NAME_CANDIDATE_NOT_APPROVED,False
76aff800-b405-4ca1-880a-7e4fd5d19a42,Кингисеппский муниципальный район,2024-12-30T21:00:00.000Z,UNVERIFIED,1,1398,1398,tid_1398,True,41-621-000-000,47,1399,2018,9999,exact full name; all active2024 registry rows; no fuzzy or guessed region,https://sberindex.ru/api/researches/v1/dataset-borders-and-changes-of-municipalities,EXACT_NAME_CANDIDATE_NOT_APPROVED,False
777a3a90-9b0d-496e-80bc-997ef4c2f55a,Себежский муниципальный район,2024-12-30T21:00:00.000Z,UNVERIFIED,1,1787,1787,tid_1787,True,58-654-000-000,60,1788,2018,9999,exact full name; all active2024 registry rows; no fuzzy or guessed region,https://sberindex.ru/api/researches/v1/dataset-borders-and-changes-of-municipalities,EXACT_NAME_CANDIDATE_NOT_APPROVED,False
78d69da7-ae19-401d-9c54-8a9cde462198,городской округ город Нарьян-Мар,2024-12-30T21:00:00.000Z,UNVERIFIED,1,916,916,tid_916,True,11-851-000-000,83,917,2018,9999,exact full name; all active2024 registry rows; no fuzzy or guessed region,https://sberindex.ru/api/researches/v1/dataset-borders-and-changes-of-municipalities,EXACT_NAME_CANDIDATE_NOT_APPROVED,False
7a84a037-36e1-4fe9-ae2f-e3160099ed35,Никольский муниципальный округ,2024-12-30T21:00:00.000Z,UNVERIFIED,1,1061,1061,tid_1061,True,19-534-000-000,35,3038,2024,9999,exact full name; all active2024 registry rows; no fuzzy or guessed region,https://sberindex.ru/api/researches/v1/dataset-borders-and-changes-of-municipalities,EXACT_NAME_CANDIDATE_NOT_APPROVED,False
7a9a70a6-ac0e-4ee6-a2b5-29c2b267f6d0,Маловишерский муниципальный район,2024-12-30T21:00:00.000Z,UNVERIFIED,1,1583,1583,tid_1583,True,49-620-000-000,53,1584,2018,9999,exact full name; all active2024 registry rows; no fuzzy or guessed region,https://sberindex.ru/api/researches/v1/dataset-borders-and-changes-of-municipalities,EXACT_NAME_CANDIDATE_NOT_APPROVED,False
7b1ad969-58c4-4909-8e7e-e5269651a498,Усть-Кубинский муниципальный округ,2024-12-30T21:00:00.000Z,UNVERIFIED,1,1067,1067,tid_1067,True,19-548-000-000,35,2922,2023,9999,exact full name; all active2024 registry rows; no fuzzy or guessed region,https://sberindex.ru/api/researches/v1/dataset-borders-and-changes-of-municipalities,EXACT_NAME_CANDIDATE_NOT_APPROVED,False
7b5d45ee-ad36-4e91-b080-09b353c5b11c,муниципальный округ Новоржевский,2024-12-30T21:00:00.000Z,UNVERIFIED,1,1775,1775,tid_1775,True,58-523-000-000,60,3046,2024,9999,exact full name; all active2024 registry rows; no fuzzy or guessed region,https://sberindex.ru/api/researches/v1/dataset-borders-and-changes-of-municipalities,EXACT_NAME_CANDIDATE_NOT_APPROVED,False
7c29f4d9-3978-4720-9229-f0816b7e57d2,городской округ город Псков,2024-12-30T21:00:00.000Z,UNVERIFIED,1,1764,1764,tid_1764,True,58-701-000-000,60,1765,2018,9999,exact full name; all active2024 registry rows; no fuzzy or guessed region,https://sberindex.ru/api/researches/v1/dataset-borders-and-changes-of-municipalities,EXACT_NAME_CANDIDATE_NOT_APPROVED,False
7c35c875-bf77-4b4d-970c-d88c7fc6e597,Дновский муниципальный район,2024-12-30T21:00:00.000Z,UNVERIFIED,1,1770,1770,tid_1770,True,58-612-000-000,60,1771,2018,9999,exact full name; all active2024 registry rows; no fuzzy or guessed region,https://sberindex.ru/api/researches/v1/dataset-borders-and-changes-of-municipalities,EXACT_NAME_CANDIDATE_NOT_APPROVED,False
7daa9031-c489-4efc-b0f1-6183149fe09f,внутригородская территория города федерального значения муниципальный округ Звездное,2024-12-30T21:00:00.000Z,UNVERIFIED,1,2427,2427,tid_2427,True,40-377-000-000,78,2428,2018,9999,exact full name; all active2024 registry rows; no fuzzy or guessed region,https://sberindex.ru/api/researches/v1/dataset-borders-and-changes-of-municipalities,EXACT_NAME_CANDIDATE_NOT_APPROVED,False
7fe3a40e-5905-417f-8c3c-185e854e8752,внутригородская территория города федерального значения муниципальный округ Морские ворота,2024-12-30T21:00:00.000Z,UNVERIFIED,1,2391,2391,tid_2391,True,40-341-000-000,78,2392,2018,9999,exact full name; all active2024 registry rows; no fuzzy or guessed region,https://sberindex.ru/api/researches/v1/dataset-borders-and-changes-of-municipalities,EXACT_NAME_CANDIDATE_NOT_APPROVED,False
804aaf4b-d488-4efb-afa5-26923413f76b,Усть-Цилемский муниципальный район,2024-12-30T21:00:00.000Z,UNVERIFIED,1,243,243,tid_243,True,87-652-000-000,11,244,2018,9999,exact full name; all active2024 registry rows; no fuzzy or guessed region,https://sberindex.ru/api/researches/v1/dataset-borders-and-changes-of-municipalities,EXACT_NAME_CANDIDATE_NOT_APPROVED,False
806ecd29-e029-4ad7-97aa-07b3fa57323a,внутригородская территория города федерального значения поселок Петро-Славянка,2024-12-30T21:00:00.000Z,UNVERIFIED,1,2394,2394,tid_2394,False,40-344-000-000,78,2395,2018,9999,exact full name; all active2024 registry rows; no fuzzy or guessed region,https://sberindex.ru/api/researches/v1/dataset-borders-and-changes-of-municipalities,EXACT_NAME_CANDIDATE_NOT_APPROVED,False
80dd7255-35a7-45ad-ae43-aaa0a5018788,внутригородская территория города федерального значения муниципальный округ Литейный округ,2024-12-30T21:00:00.000Z,UNVERIFIED,1,2458,2458,tid_2458,True,40-910-000-000,78,2459,2018,9999,exact full name; all active2024 registry rows; no fuzzy or guessed region,https://sberindex.ru/api/researches/v1/dataset-borders-and-changes-of-municipalities,EXACT_NAME_CANDIDATE_NOT_APPROVED,False
81325d11-b0c1-4098-838c-3015ab355a93,Бабаевский муниципальный округ,2024-12-30T21:00:00.000Z,UNVERIFIED,1,1047,1047,tid_1047,True,19-505-000-000,35,2906,2023,9999,exact full name; all active2024 registry rows; no fuzzy or guessed region,https://sberindex.ru/api/researches/v1/dataset-borders-and-changes-of-municipalities,EXACT_NAME_CANDIDATE_NOT_APPROVED,False
82234112-b437-4066-b908-c6261ea0a284,Батецкий муниципальный район,2024-12-30T21:00:00.000Z,UNVERIFIED,1,1576,1576,tid_1576,False,49-603-000-000,53,1577,2018,9999,exact full name; all active2024 registry rows; no fuzzy or guessed region,https://sberindex.ru/api/researches/v1/dataset-borders-and-changes-of-municipalities,EXACT_NAME_CANDIDATE_NOT_APPROVED,False
83fd0659-d943-420d-92db-13722b32968b,Кадуйский муниципальный округ,2024-12-30T21:00:00.000Z,UNVERIFIED,1,1057,1057,tid_1057,True,19-526-000-000,35,2914,2023,9999,exact full name; all active2024 registry rows; no fuzzy or guessed region,https://sberindex.ru/api/researches/v1/dataset-borders-and-changes-of-municipalities,EXACT_NAME_CANDIDATE_NOT_APPROVED,False
849b1bf5-334e-4649-af76-7ded30792cbc,внутригородская территория города федерального значения муниципальный округ Народный,2024-12-30T21:00:00.000Z,UNVERIFIED,1,2432,2432,tid_2432,True,40-382-000-000,78,2433,2018,9999,exact full name; all active2024 registry rows; no fuzzy or guessed region,https://sberindex.ru/api/researches/v1/dataset-borders-and-changes-of-municipalities,EXACT_NAME_CANDIDATE_NOT_APPROVED,False
854bab9b-3752-4c4a-a0cf-9ee962d0199e,внутригородская территория города федерального значения муниципальный округ № 72,2024-12-30T21:00:00.000Z,UNVERIFIED,1,2451,2451,tid_2451,True,40-903-000-000,78,2452,2018,9999,exact full name; all active2024 registry rows; no fuzzy or guessed region,https://sberindex.ru/api/researches/v1/dataset-borders-and-changes-of-municipalities,EXACT_NAME_CANDIDATE_NOT_APPROVED,False
86379689-9b87-4e3e-b60c-4920998270a6,внутригородская территория города федерального значения муниципальный округ Красненькая речка,2024-12-30T21:00:00.000Z,UNVERIFIED,1,2390,2390,tid_2390,True,40-340-000-000,78,2391,2018,9999,exact full name; all active2024 registry rows; no fuzzy or guessed region,https://sberindex.ru/api/researches/v1/dataset-borders-and-changes-of-municipalities,EXACT_NAME_CANDIDATE_NOT_APPROVED,False
895b86fa-e43f-49fd-8f98-5234ec475197,Кемский муниципальный район,2024-12-30T21:00:00.000Z,UNVERIFIED,1,210,210,tid_210,True,86-612-000-000,10,211,2018,9999,exact full name; all active2024 registry rows; no fuzzy or guessed region,https://sberindex.ru/api/researches/v1/dataset-borders-and-changes-of-municipalities,EXACT_NAME_CANDIDATE_NOT_APPROVED,False
8a00e820-edb4-40b5-af8a-7c986d2c36e4,внутригородская территория города федерального значения город Зеленогорск,2024-12-30T21:00:00.000Z,UNVERIFIED,1,2411,2411,tid_2411,True,40-361-000-000,78,2412,2018,9999,exact full name; all active2024 registry rows; no fuzzy or guessed region,https://sberindex.ru/api/researches/v1/dataset-borders-and-changes-of-municipalities,EXACT_NAME_CANDIDATE_NOT_APPROVED,False
8c76c3d1-12ed-4426-b7e5-34d0b01a157c,внутригородская территория города федерального значения город Петергоф,2024-12-30T21:00:00.000Z,UNVERIFIED,1,2445,2445,tid_2445,True,40-395-000-000,78,2446,2018,9999,exact full name; all active2024 registry rows; no fuzzy or guessed region,https://sberindex.ru/api/researches/v1/dataset-borders-and-changes-of-municipalities,EXACT_NAME_CANDIDATE_NOT_APPROVED,False
8cc6f0f8-9e8b-4df0-b829-a63c2fee7b46,Гатчинский муниципальный район,2024-12-30T21:00:00.000Z,UNVERIFIED,1,1397,1397,tid_1397,True,41-618-000-000,47,1398,2018,9999,exact full name; all active2024 registry rows; no fuzzy or guessed region,https://sberindex.ru/api/researches/v1/dataset-borders-and-changes-of-municipalities,EXACT_NAME_CANDIDATE_NOT_APPROVED,False
8e877dbd-f758-49ad-8e40-19c81bb46f8f,Удорский муниципальный район,2024-12-30T21:00:00.000Z,UNVERIFIED,1,240,240,tid_240,True,87-640-000-000,11,241,2018,9999,exact full name; all active2024 registry rows; no fuzzy or guessed region,https://sberindex.ru/api/researches/v1/dataset-borders-and-changes-of-municipalities,EXACT_NAME_CANDIDATE_NOT_APPROVED,False
8f3ada9a-ae6a-4359-a4b1-cfd1bd94ec64,внутригородская территория города федерального значения поселок Металлострой,2024-12-30T21:00:00.000Z,UNVERIFIED,1,2393,2393,tid_2393,True,40-343-000-000,78,2394,2018,9999,exact full name; all active2024 registry rows; no fuzzy or guessed region,https://sberindex.ru/api/researches/v1/dataset-borders-and-changes-of-municipalities,EXACT_NAME_CANDIDATE_NOT_APPROVED,False
90c711c5-66b7-4f2c-ba48-cf50c118ac11,Валдайский муниципальный район,2024-12-30T21:00:00.000Z,UNVERIFIED,1,1578,1578,tid_1578,True,49-608-000-000,53,1579,2018,9999,exact full name; all active2024 registry rows; no fuzzy or guessed region,https://sberindex.ru/api/researches/v1/dataset-borders-and-changes-of-municipalities,EXACT_NAME_CANDIDATE_NOT_APPROVED,False
93e63770-54e3-4f2b-9c41-c311f51c75a0,Калевальский муниципальный район,2024-12-30T21:00:00.000Z,UNVERIFIED,1,209,209,tid_209,True,86-609-000-000,10,210,2018,9999,exact full name; all active2024 registry rows; no fuzzy or guessed region,https://sberindex.ru/api/researches/v1/dataset-borders-and-changes-of-municipalities,EXACT_NAME_CANDIDATE_NOT_APPROVED,False
9449a7d5-33fb-4a63-9f2f-1d532bf5251d,внутригородская территория города федерального значения город Павловск,2024-12-30T21:00:00.000Z,UNVERIFIED,1,2437,2437,tid_2437,True,40-387-000-000,78,2438,2018,9999,exact full name; all active2024 registry rows; no fuzzy or guessed region,https://sberindex.ru/api/researches/v1/dataset-borders-and-changes-of-municipalities,EXACT_NAME_CANDIDATE_NOT_APPROVED,False
950ceb35-0da2-45e0-ad5b-95029a7a9c82,Лахденпохский муниципальный район,2024-12-30T21:00:00.000Z,UNVERIFIED,1,212,212,tid_212,True,86-618-000-000,10,213,2018,9999,exact full name; all active2024 registry rows; no fuzzy or guessed region,https://sberindex.ru/api/researches/v1/dataset-borders-and-changes-of-municipalities,EXACT_NAME_CANDIDATE_NOT_APPROVED,False
95b176a5-2956-4f4d-ab19-8493fa7d03ec,внутригородская территория города федерального значения поселок Усть-Ижора,2024-12-30T21:00:00.000Z,UNVERIFIED,1,2397,2397,tid_2397,False,40-347-000-000,78,2398,2018,9999,exact full name; all active2024 registry rows; no fuzzy or guessed region,https://sberindex.ru/api/researches/v1/dataset-borders-and-changes-of-municipalities,EXACT_NAME_CANDIDATE_NOT_APPROVED,False
960d25cf-70a3-4573-8115-61e8933b3e4c,внутригородская территория города федерального значения муниципальный округ Обуховский,2024-12-30T21:00:00.000Z,UNVERIFIED,1,2430,2430,tid_2430,True,40-380-000-000,78,2431,2018,9999,exact full name; all active2024 registry rows; no fuzzy or guessed region,https://sberindex.ru/api/researches/v1/dataset-borders-and-changes-of-municipalities,EXACT_NAME_CANDIDATE_NOT_APPROVED,False
979a9370-95fc-4d90-bad5-45a71f94b642,внутригородская территория города федерального значения муниципальный округ Юго-Запад,2024-12-30T21:00:00.000Z,UNVERIFIED,1,2404,2404,tid_2404,True,40-354-000-000,78,2405,2018,9999,exact full name; all active2024 registry rows; no fuzzy or guessed region,https://sberindex.ru/api/researches/v1/dataset-borders-and-changes-of-municipalities,EXACT_NAME_CANDIDATE_NOT_APPROVED,False
98807cc2-a198-4134-bf49-5b6acc602262,муниципальный округ Озерский,2024-12-30T21:00:00.000Z,UNVERIFIED,1,1193,1193,tid_1193,True,27-516-000-000,39,2733,2021,9999,exact full name; all active2024 registry rows; no fuzzy or guessed region,https://sberindex.ru/api/researches/v1/dataset-borders-and-changes-of-municipalities,EXACT_NAME_CANDIDATE_NOT_APPROVED,False
98a0cba4-e1b1-4e11-a04c-9327d4cf05f1,Усть-Куломский муниципальный район,2024-12-30T21:00:00.000Z,UNVERIFIED,1,242,242,tid_242,True,87-648-000-000,11,243,2018,9999,exact full name; all active2024 registry rows; no fuzzy or guessed region,https://sberindex.ru/api/researches/v1/dataset-borders-and-changes-of-municipalities,EXACT_NAME_CANDIDATE_NOT_APPROVED,False
98b61e5b-4428-4cf5-895f-6a19b92ac57c,внутригородская территория города федерального значения муниципальный округ Измайловское,2024-12-30T21:00:00.000Z,UNVERIFIED,1,2355,2355,tid_2355,True,40-305-000-000,78,2356,2018,9999,exact full name; all active2024 registry rows; no fuzzy or guessed region,https://sberindex.ru/api/researches/v1/dataset-borders-and-changes-of-municipalities,EXACT_NAME_CANDIDATE_NOT_APPROVED,False
9a1644d0-9f02-4aab-a1e3-7564055e63e2,городской округ город Великие Луки,2024-12-30T21:00:00.000Z,UNVERIFIED,1,1765,1765,tid_1765,True,58-710-000-000,60,1766,2018,9999,exact full name; all active2024 registry rows; no fuzzy or guessed region,https://sberindex.ru/api/researches/v1/dataset-borders-and-changes-of-municipalities,EXACT_NAME_CANDIDATE_NOT_APPROVED,False
9c73460f-9bec-4cd8-b1d9-515fd7dd514b,внутригородская территория города федерального значения муниципальный округ Семеновский,2024-12-30T21:00:00.000Z,UNVERIFIED,1,2354,2354,tid_2354,True,40-304-000-000,78,2355,2018,9999,exact full name; all active2024 registry rows; no fuzzy or guessed region,https://sberindex.ru/api/researches/v1/dataset-borders-and-changes-of-municipalities,EXACT_NAME_CANDIDATE_NOT_APPROVED,False
9d637bd9-ca12-4699-8a12-9a48dc822fb9,городской округ город Калининград,2024-12-30T21:00:00.000Z,UNVERIFIED,1,1176,1176,tid_1176,True,27-701-000-000,39,1177,2018,9999,exact full name; all active2024 registry rows; no fuzzy or guessed region,https://sberindex.ru/api/researches/v1/dataset-borders-and-changes-of-municipalities,EXACT_NAME_CANDIDATE_NOT_APPROVED,False
9da6a24e-653a-4fc8-be4d-9ccf41f76214,Пряжинский муниципальный район,2024-12-30T21:00:00.000Z,UNVERIFIED,1,219,219,tid_219,True,86-639-000-000,10,220,2018,9999,exact full name; all active2024 registry rows; no fuzzy or guessed region,https://sberindex.ru/api/researches/v1/dataset-borders-and-changes-of-municipalities,EXACT_NAME_CANDIDATE_NOT_APPROVED,False
9e16a1aa-39c1-4286-8801-b40e99402977,Кольский муниципальный район,2024-12-30T21:00:00.000Z,UNVERIFIED,1,1519,1519,tid_1519,True,47-605-000-000,51,1520,2018,9999,exact full name; all active2024 registry rows; no fuzzy or guessed region,https://sberindex.ru/api/researches/v1/dataset-borders-and-changes-of-municipalities,EXACT_NAME_CANDIDATE_NOT_APPROVED,False
9eea68f0-7505-44ab-a881-0d5f672547b7,Лоухский муниципальный район,2024-12-30T21:00:00.000Z,UNVERIFIED,1,213,213,tid_213,True,86-621-000-000,10,214,2018,9999,exact full name; all active2024 registry rows; no fuzzy or guessed region,https://sberindex.ru/api/researches/v1/dataset-borders-and-changes-of-municipalities,EXACT_NAME_CANDIDATE_NOT_APPROVED,False
a0143255-2de9-4587-9731-8b10a27da929,Питкярантский муниципальный округ,2024-12-30T21:00:00.000Z,UNVERIFIED,1,217,217,tid_217,True,86-533-000-000,10,3030,2024,9999,exact full name; all active2024 registry rows; no fuzzy or guessed region,https://sberindex.ru/api/researches/v1/dataset-borders-and-changes-of-municipalities,EXACT_NAME_CANDIDATE_NOT_APPROVED,False
a1b9effe-a7f8-4426-aee1-ff466336692b,Новгородский муниципальный район,2024-12-30T21:00:00.000Z,UNVERIFIED,1,1586,1586,tid_1586,True,49-625-000-000,53,1587,2018,9999,exact full name; all active2024 registry rows; no fuzzy or guessed region,https://sberindex.ru/api/researches/v1/dataset-borders-and-changes-of-municipalities,EXACT_NAME_CANDIDATE_NOT_APPROVED,False
a1fbbdf8-bde3-456f-aebc-e34f31a6e98c,внутригородская территория города федерального значения муниципальный округ Юнтолово,2024-12-30T21:00:00.000Z,UNVERIFIED,1,2376,2376,tid_2376,True,40-326-000-000,78,2377,2018,9999,exact full name; all active2024 registry rows; no fuzzy or guessed region,https://sberindex.ru/api/researches/v1/dataset-borders-and-changes-of-municipalities,EXACT_NAME_CANDIDATE_NOT_APPROVED,False
a3ac95b1-de08-4873-a81b-57fae9ebc648,муниципальный округ Вилегодский,2024-12-30T21:00:00.000Z,UNVERIFIED,1,899,899,tid_899,True,11-511-000-000,29,2724,2021,9999,exact full name; all active2024 registry rows; no fuzzy or guessed region,https://sberindex.ru/api/researches/v1/dataset-borders-and-changes-of-municipalities,EXACT_NAME_CANDIDATE_NOT_APPROVED,False
a3b34652-5723-4f8f-bd3b-5cd030b7d6f0,муниципальный округ город Мончегорск,2024-12-30T21:00:00.000Z,UNVERIFIED,1,1509,1509,tid_1509,True,47-524-000-000,51,2742,2021,9999,exact full name; all active2024 registry rows; no fuzzy or guessed region,https://sberindex.ru/api/researches/v1/dataset-borders-and-changes-of-municipalities,EXACT_NAME_CANDIDATE_NOT_APPROVED,False
a422a455-facd-40e5-b68e-0970c36af416,внутригородская территория города федерального значения муниципальный округ № 21,2024-12-30T21:00:00.000Z,UNVERIFIED,1,2381,2381,tid_2381,True,40-331-000-000,78,2382,2018,9999,exact full name; all active2024 registry rows; no fuzzy or guessed region,https://sberindex.ru/api/researches/v1/dataset-borders-and-changes-of-municipalities,EXACT_NAME_CANDIDATE_NOT_APPROVED,False
a44ad3f9-f57a-4f75-9827-9997ffb85e62,внутригородская территория города федерального значения муниципальный округ Шувалово-Озерки,2024-12-30T21:00:00.000Z,UNVERIFIED,1,2369,2369,tid_2369,True,40-319-000-000,78,2370,2018,9999,exact full name; all active2024 registry rows; no fuzzy or guessed region,https://sberindex.ru/api/researches/v1/dataset-borders-and-changes-of-municipalities,EXACT_NAME_CANDIDATE_NOT_APPROVED,False
a6338ac0-1270-46e8-acdb-58f97a708fc4,муниципальный округ Солецкий,2024-12-30T21:00:00.000Z,UNVERIFIED,1,1591,1591,tid_1591,True,49-538-000-000,53,2748,2021,9999,exact full name; all active2024 registry rows; no fuzzy or guessed region,https://sberindex.ru/api/researches/v1/dataset-borders-and-changes-of-municipalities,EXACT_NAME_CANDIDATE_NOT_APPROVED,False
a6745b4b-3d03-4b5c-a633-e03b77ae93cb,внутригородская территория города федерального значения поселок Белоостров,2024-12-30T21:00:00.000Z,UNVERIFIED,1,2413,2413,tid_2413,False,40-363-000-000,78,2414,2018,9999,exact full name; all active2024 registry rows; no fuzzy or guessed region,https://sberindex.ru/api/researches/v1/dataset-borders-and-changes-of-municipalities,EXACT_NAME_CANDIDATE_NOT_APPROVED,False
a6973587-02fe-4db0-a964-83717e57760b,Подпорожский муниципальный район,2024-12-30T21:00:00.000Z,UNVERIFIED,1,1404,1404,tid_1404,True,41-636-000-000,47,1405,2018,9999,exact full name; all active2024 registry rows; no fuzzy or guessed region,https://sberindex.ru/api/researches/v1/dataset-borders-and-changes-of-municipalities,EXACT_NAME_CANDIDATE_NOT_APPROVED,False
a6f39468-6eff-40d2-886b-8e4d5bfcb160,внутригородская территория города федерального значения муниципальный округ Адмиралтейский округ,2024-12-30T21:00:00.000Z,UNVERIFIED,1,2353,2353,tid_2353,True,40-303-000-000,78,2354,2018,9999,exact full name; all active2024 registry rows; no fuzzy or guessed region,https://sberindex.ru/api/researches/v1/dataset-borders-and-changes-of-municipalities,EXACT_NAME_CANDIDATE_NOT_APPROVED,False
a702dcef-91ed-4e01-8f0b-7e4198b6f98f,внутригородская территория города федерального значения муниципальный округ Остров Декабристов,2024-12-30T21:00:00.000Z,UNVERIFIED,1,2361,2361,tid_2361,True,40-311-000-000,78,2362,2018,9999,exact full name; all active2024 registry rows; no fuzzy or guessed region,https://sberindex.ru/api/researches/v1/dataset-borders-and-changes-of-municipalities,EXACT_NAME_CANDIDATE_NOT_APPROVED,False
a79ba9e2-2043-4464-9e21-d2a34e979995,внутригородская территория города федерального значения муниципальный округ Рыбацкое,2024-12-30T21:00:00.000Z,UNVERIFIED,1,2431,2431,tid_2431,True,40-381-000-000,78,2432,2018,9999,exact full name; all active2024 registry rows; no fuzzy or guessed region,https://sberindex.ru/api/researches/v1/dataset-borders-and-changes-of-municipalities,EXACT_NAME_CANDIDATE_NOT_APPROVED,False
a7c053e4-7854-41dd-9a1c-4b181a16f9c3,городской округ город Новодвинск,2024-12-30T21:00:00.000Z,UNVERIFIED,1,895,895,tid_895,True,11-715-000-000,29,896,2018,9999,exact full name; all active2024 registry rows; no fuzzy or guessed region,https://sberindex.ru/api/researches/v1/dataset-borders-and-changes-of-municipalities,EXACT_NAME_CANDIDATE_NOT_APPROVED,False
a82223bd-0648-4684-aac2-942cc5779ca9,внутригородская территория города федерального значения муниципальный округ Ланское,2024-12-30T21:00:00.000Z,UNVERIFIED,1,2373,2373,tid_2373,True,40-323-000-000,78,2712,2020,9999,exact full name; all active2024 registry rows; no fuzzy or guessed region,https://sberindex.ru/api/researches/v1/dataset-borders-and-changes-of-municipalities,EXACT_NAME_CANDIDATE_NOT_APPROVED,False
a93c1d02-bb45-401e-b658-1178b87735c2,Плесецкий муниципальный округ,2024-12-30T21:00:00.000Z,UNVERIFIED,1,911,911,tid_911,True,11-550-000-000,29,2825,2022,9999,exact full name; all active2024 registry rows; no fuzzy or guessed region,https://sberindex.ru/api/researches/v1/dataset-borders-and-changes-of-municipalities,EXACT_NAME_CANDIDATE_NOT_APPROVED,False
a96800d3-dc54-4ac0-9181-435202861f7b,Боровичский муниципальный район,2024-12-30T21:00:00.000Z,UNVERIFIED,1,1577,1577,tid_1577,True,49-606-000-000,53,1578,2018,9999,exact full name; all active2024 registry rows; no fuzzy or guessed region,https://sberindex.ru/api/researches/v1/dataset-borders-and-changes-of-municipalities,EXACT_NAME_CANDIDATE_NOT_APPROVED,False
a9bb6580-5ed3-45fb-8283-74ee15e10f2d,городской округ город Архангельск,2024-12-30T21:00:00.000Z,UNVERIFIED,1,890,890,tid_890,True,11-701-000-000,29,891,2018,9999,exact full name; all active2024 registry rows; no fuzzy or guessed region,https://sberindex.ru/api/researches/v1/dataset-borders-and-changes-of-municipalities,EXACT_NAME_CANDIDATE_NOT_APPROVED,False
a9bda783-578a-441e-b669-596434b570b6,городской округ Инта,2024-12-30T21:00:00.000Z,UNVERIFIED,1,227,227,tid_227,True,87-715-000-000,11,228,2018,9999,exact full name; all active2024 registry rows; no fuzzy or guessed region,https://sberindex.ru/api/researches/v1/dataset-borders-and-changes-of-municipalities,EXACT_NAME_CANDIDATE_NOT_APPROVED,False
a9d1d90b-0a64-458c-8eae-cd5fd437bfc7,Прионежский муниципальный район,2024-12-30T21:00:00.000Z,UNVERIFIED,1,218,218,tid_218,True,86-636-000-000,10,219,2018,9999,exact full name; all active2024 registry rows; no fuzzy or guessed region,https://sberindex.ru/api/researches/v1/dataset-borders-and-changes-of-municipalities,EXACT_NAME_CANDIDATE_NOT_APPROVED,False
acd1c049-a4b6-4fc8-84dd-b0419b11c4fb,внутригородская территория города федерального значения муниципальный округ Урицк,2024-12-30T21:00:00.000Z,UNVERIFIED,1,2407,2407,tid_2407,True,40-357-000-000,78,2408,2018,9999,exact full name; all active2024 registry rows; no fuzzy or guessed region,https://sberindex.ru/api/researches/v1/dataset-borders-and-changes-of-municipalities,EXACT_NAME_CANDIDATE_NOT_APPROVED,False
adee9e71-b092-4cd0-8645-921f135dad0d,Олонецкий муниципальный район,2024-12-30T21:00:00.000Z,UNVERIFIED,1,216,216,tid_216,True,86-630-000-000,10,217,2018,9999,exact full name; all active2024 registry rows; no fuzzy or guessed region,https://sberindex.ru/api/researches/v1/dataset-borders-and-changes-of-municipalities,EXACT_NAME_CANDIDATE_NOT_APPROVED,False
adf47bdb-f918-4577-8f33-785d16bc4f2b,Бабушкинский муниципальный округ,2024-12-30T21:00:00.000Z,UNVERIFIED,1,1048,1048,tid_1048,True,19-508-000-000,35,2907,2023,9999,exact full name; all active2024 registry rows; no fuzzy or guessed region,https://sberindex.ru/api/researches/v1/dataset-borders-and-changes-of-municipalities,EXACT_NAME_CANDIDATE_NOT_APPROVED,False
aeee7d9e-9804-4fd5-b36d-b8fb308270c9,Верховажский муниципальный округ,2024-12-30T21:00:00.000Z,UNVERIFIED,1,1052,1052,tid_1052,True,19-516-000-000,35,2910,2023,9999,exact full name; all active2024 registry rows; no fuzzy or guessed region,https://sberindex.ru/api/researches/v1/dataset-borders-and-changes-of-municipalities,EXACT_NAME_CANDIDATE_NOT_APPROVED,False
af2d0feb-2b8f-4401-89b3-39810bfdd144,Парфинский муниципальный район,2024-12-30T21:00:00.000Z,UNVERIFIED,1,1588,1588,tid_1588,True,49-630-000-000,53,1589,2018,9999,exact full name; all active2024 registry rows; no fuzzy or guessed region,https://sberindex.ru/api/researches/v1/dataset-borders-and-changes-of-municipalities,EXACT_NAME_CANDIDATE_NOT_APPROVED,False
b0c010fa-5e06-427b-b969-eff5d7041920,внутригородская территория города федерального значения муниципальный округ № 15,2024-12-30T21:00:00.000Z,UNVERIFIED,1,2367,2367,tid_2367,True,40-317-000-000,78,2368,2018,9999,exact full name; all active2024 registry rows; no fuzzy or guessed region,https://sberindex.ru/api/researches/v1/dataset-borders-and-changes-of-municipalities,EXACT_NAME_CANDIDATE_NOT_APPROVED,False
b30f7abe-1b31-452d-ae11-115df2fca301,внутригородская территория города федерального значения поселок Понтонный,2024-12-30T21:00:00.000Z,UNVERIFIED,1,2395,2395,tid_2395,True,40-345-000-000,78,2396,2018,9999,exact full name; all active2024 registry rows; no fuzzy or guessed region,https://sberindex.ru/api/researches/v1/dataset-borders-and-changes-of-municipalities,EXACT_NAME_CANDIDATE_NOT_APPROVED,False
b35b9225-2ead-456d-af5b-ab5d505cd26b,Лешуконский муниципальный округ,2024-12-30T21:00:00.000Z,UNVERIFIED,1,906,906,tid_906,False,11-538-000-000,29,2901,2023,9999,exact full name; all active2024 registry rows; no fuzzy or guessed region,https://sberindex.ru/api/researches/v1/dataset-borders-and-changes-of-municipalities,EXACT_NAME_CANDIDATE_NOT_APPROVED,False
b4245092-5763-4ed6-8dee-d86579c9d2b3,внутригородская территория города федерального значения город Кронштадт,2024-12-30T21:00:00.000Z,UNVERIFIED,1,2410,2410,tid_2410,True,40-360-000-000,78,2411,2018,9999,exact full name; all active2024 registry rows; no fuzzy or guessed region,https://sberindex.ru/api/researches/v1/dataset-borders-and-changes-of-municipalities,EXACT_NAME_CANDIDATE_NOT_APPROVED,False
b4d0ee2f-4e3d-41de-8771-a05de5ce4464,муниципальный округ Нестеровский,2024-12-30T21:00:00.000Z,UNVERIFIED,1,1192,1192,tid_1192,True,27-515-000-000,39,2732,2021,9999,exact full name; all active2024 registry rows; no fuzzy or guessed region,https://sberindex.ru/api/researches/v1/dataset-borders-and-changes-of-municipalities,EXACT_NAME_CANDIDATE_NOT_APPROVED,False
b5cd1dba-d9cc-4063-b251-9e291f39d3e6,Холмогорский муниципальный округ,2024-12-30T21:00:00.000Z,UNVERIFIED,1,914,914,tid_914,True,11-556-000-000,29,2903,2023,9999,exact full name; all active2024 registry rows; no fuzzy or guessed region,https://sberindex.ru/api/researches/v1/dataset-borders-and-changes-of-municipalities,EXACT_NAME_CANDIDATE_NOT_APPROVED,False
b626e988-b952-45bd-b975-048da268bf2a,Красноборский муниципальный округ,2024-12-30T21:00:00.000Z,UNVERIFIED,1,904,904,tid_904,True,11-530-000-000,29,3034,2024,9999,exact full name; all active2024 registry rows; no fuzzy or guessed region,https://sberindex.ru/api/researches/v1/dataset-borders-and-changes-of-municipalities,EXACT_NAME_CANDIDATE_NOT_APPROVED,False
b62995a3-5803-4898-aceb-0a686ac4bed2,внутригородская территория города федерального значения муниципальный округ № 54,2024-12-30T21:00:00.000Z,UNVERIFIED,1,2433,2433,tid_2433,True,40-383-000-000,78,2434,2018,9999,exact full name; all active2024 registry rows; no fuzzy or guessed region,https://sberindex.ru/api/researches/v1/dataset-borders-and-changes-of-municipalities,EXACT_NAME_CANDIDATE_NOT_APPROVED,False
b62cac84-39d5-4a95-bc3d-6648e947933c,муниципальный округ город Полярные Зори,2024-12-30T21:00:00.000Z,UNVERIFIED,1,1511,1511,tid_1511,True,47-528-000-000,51,2744,2021,9999,exact full name; all active2024 registry rows; no fuzzy or guessed region,https://sberindex.ru/api/researches/v1/dataset-borders-and-changes-of-municipalities,EXACT_NAME_CANDIDATE_NOT_APPROVED,False
b77f801f-541c-4220-af33-cc8e7de6f9df,внутригородская территория города федерального значения муниципальный округ № 7,2024-12-30T21:00:00.000Z,UNVERIFIED,1,2357,2357,tid_2357,True,40-307-000-000,78,2358,2018,9999,exact full name; all active2024 registry rows; no fuzzy or guessed region,https://sberindex.ru/api/researches/v1/dataset-borders-and-changes-of-municipalities,EXACT_NAME_CANDIDATE_NOT_APPROVED,False
b806c6d7-0936-4f68-9247-ab3d26c9909a,муниципальный округ Струго-Красненский,2024-12-30T21:00:00.000Z,UNVERIFIED,1,1788,1788,tid_1788,True,58-556-000-000,60,3050,2024,9999,exact full name; all active2024 registry rows; no fuzzy or guessed region,https://sberindex.ru/api/researches/v1/dataset-borders-and-changes-of-municipalities,EXACT_NAME_CANDIDATE_NOT_APPROVED,False
b8d3600c-8a55-48e8-9d55-4a5d3472fd18,муниципальный округ Вуктыл,2024-12-30T21:00:00.000Z,UNVERIFIED,1,226,226,tid_226,True,87-512-000-000,11,3101,2024,9999,exact full name; all active2024 registry rows; no fuzzy or guessed region,https://sberindex.ru/api/researches/v1/dataset-borders-and-changes-of-municipalities,EXACT_NAME_CANDIDATE_NOT_APPROVED,False
b9d90a74-1ebc-451f-8243-93f730c6ccf5,внутригородская территория города федерального значения муниципальный округ Комендантский аэродром,2024-12-30T21:00:00.000Z,UNVERIFIED,1,2374,2374,tid_2374,True,40-324-000-000,78,2375,2018,9999,exact full name; all active2024 registry rows; no fuzzy or guessed region,https://sberindex.ru/api/researches/v1/dataset-borders-and-changes-of-municipalities,EXACT_NAME_CANDIDATE_NOT_APPROVED,False
ba2b1f41-5fb1-46de-b633-05eb7433c88a,внутригородская территория города федерального значения муниципальный округ Ульянка,2024-12-30T21:00:00.000Z,UNVERIFIED,1,2386,2386,tid_2386,True,40-336-000-000,78,2387,2018,9999,exact full name; all active2024 registry rows; no fuzzy or guessed region,https://sberindex.ru/api/researches/v1/dataset-borders-and-changes-of-municipalities,EXACT_NAME_CANDIDATE_NOT_APPROVED,False
bb2c576e-c5ce-4f7b-9dc1-ffbc6cd93091,Поддорский муниципальный район,2024-12-30T21:00:00.000Z,UNVERIFIED,1,1590,1590,tid_1590,True,49-634-000-000,53,1591,2018,9999,exact full name; all active2024 registry rows; no fuzzy or guessed region,https://sberindex.ru/api/researches/v1/dataset-borders-and-changes-of-municipalities,EXACT_NAME_CANDIDATE_NOT_APPROVED,False
bda1053c-aad0-4d2e-a67a-80f1064d55cf,Печенгский муниципальный округ,2024-12-30T21:00:00.000Z,UNVERIFIED,1,1521,1521,tid_1521,True,47-515-000-000,51,2738,2021,9999,exact full name; all active2024 registry rows; no fuzzy or guessed region,https://sberindex.ru/api/researches/v1/dataset-borders-and-changes-of-municipalities,EXACT_NAME_CANDIDATE_NOT_APPROVED,False
bfe968cd-64b7-478f-a2db-71aac5f8d357,Нюксенский муниципальный округ,2024-12-30T21:00:00.000Z,UNVERIFIED,1,1062,1062,tid_1062,True,19-536-000-000,35,2917,2023,9999,exact full name; all active2024 registry rows; no fuzzy or guessed region,https://sberindex.ru/api/researches/v1/dataset-borders-and-changes-of-municipalities,EXACT_NAME_CANDIDATE_NOT_APPROVED,False
c0669afa-1399-4c99-bfcf-0b7560e2b737,внутригородская территория города федерального значения муниципальный округ Владимирский округ,2024-12-30T21:00:00.000Z,UNVERIFIED,1,2461,2461,tid_2461,True,40-913-000-000,78,2462,2018,9999,exact full name; all active2024 registry rows; no fuzzy or guessed region,https://sberindex.ru/api/researches/v1/dataset-borders-and-changes-of-municipalities,EXACT_NAME_CANDIDATE_NOT_APPROVED,False
c1369c2d-c86e-4b10-b92c-cdca566a4106,Кичменгско-Городецкий муниципальный округ,2024-12-30T21:00:00.000Z,UNVERIFIED,1,1059,1059,tid_1059,True,19-530-000-000,35,2915,2023,9999,exact full name; all active2024 registry rows; no fuzzy or guessed region,https://sberindex.ru/api/researches/v1/dataset-borders-and-changes-of-municipalities,EXACT_NAME_CANDIDATE_NOT_APPROVED,False
c34f9e8f-c4a8-40b1-842e-db86294a6e9e,городской округ Воркута,2024-12-30T21:00:00.000Z,UNVERIFIED,1,225,225,tid_225,True,87-710-000-000,11,226,2018,9999,exact full name; all active2024 registry rows; no fuzzy or guessed region,https://sberindex.ru/api/researches/v1/dataset-borders-and-changes-of-municipalities,EXACT_NAME_CANDIDATE_NOT_APPROVED,False
c456b365-4f71-473e-87ec-afb3e947ee91,внутригородская территория города федерального значения муниципальный округ Гавань,2024-12-30T21:00:00.000Z,UNVERIFIED,1,2359,2359,tid_2359,True,40-309-000-000,78,2360,2018,9999,exact full name; all active2024 registry rows; no fuzzy or guessed region,https://sberindex.ru/api/researches/v1/dataset-borders-and-changes-of-municipalities,EXACT_NAME_CANDIDATE_NOT_APPROVED,False
c5eab3c3-a287-45e8-a9eb-8b21c39e784c,Вожегодский муниципальный округ,2024-12-30T21:00:00.000Z,UNVERIFIED,1,1053,1053,tid_1053,True,19-518-000-000,35,2911,2023,9999,exact full name; all active2024 registry rows; no fuzzy or guessed region,https://sberindex.ru/api/researches/v1/dataset-borders-and-changes-of-municipalities,EXACT_NAME_CANDIDATE_NOT_APPROVED,False
c7987d5c-73ab-4527-9a55-f9ec92338a18,муниципальный район Печора,2024-12-30T21:00:00.000Z,UNVERIFIED,1,234,234,tid_234,True,87-620-000-000,11,235,2018,9999,exact full name; all active2024 registry rows; no fuzzy or guessed region,https://sberindex.ru/api/researches/v1/dataset-borders-and-changes-of-municipalities,EXACT_NAME_CANDIDATE_NOT_APPROVED,False
c8009441-af46-4da3-a20d-915fb0320506,Шенкурский муниципальный округ,2024-12-30T21:00:00.000Z,UNVERIFIED,1,915,915,tid_915,True,11-558-000-000,29,2900,2023,9999,exact full name; all active2024 registry rows; no fuzzy or guessed region,https://sberindex.ru/api/researches/v1/dataset-borders-and-changes-of-municipalities,EXACT_NAME_CANDIDATE_NOT_APPROVED,False
c8c8739b-4510-4f70-b0f2-618e5752fda3,внутригородская территория города федерального значения муниципальный округ Дачное,2024-12-30T21:00:00.000Z,UNVERIFIED,1,2387,2387,tid_2387,True,40-337-000-000,78,2388,2018,9999,exact full name; all active2024 registry rows; no fuzzy or guessed region,https://sberindex.ru/api/researches/v1/dataset-borders-and-changes-of-municipalities,EXACT_NAME_CANDIDATE_NOT_APPROVED,False
c9162b44-b281-4fe4-9ca5-3756193b84c0,внутригородская территория города федерального значения муниципальный округ Аптекарский остров,2024-12-30T21:00:00.000Z,UNVERIFIED,1,2442,2442,tid_2442,True,40-392-000-000,78,2443,2018,9999,exact full name; all active2024 registry rows; no fuzzy or guessed region,https://sberindex.ru/api/researches/v1/dataset-borders-and-changes-of-municipalities,EXACT_NAME_CANDIDATE_NOT_APPROVED,False
c98dd458-7586-4e52-b056-fa3b936307b0,Островский муниципальный район,2024-12-30T21:00:00.000Z,UNVERIFIED,1,1778,1778,tid_1778,True,58-633-000-000,60,1779,2018,9999,exact full name; all active2024 registry rows; no fuzzy or guessed region,https://sberindex.ru/api/researches/v1/dataset-borders-and-changes-of-municipalities,EXACT_NAME_CANDIDATE_NOT_APPROVED,False
ca1cb639-acd2-42b7-a78a-e3cafb26a70d,внутригородская территория города федерального значения поселок Репино,2024-12-30T21:00:00.000Z,UNVERIFIED,1,2417,2417,tid_2417,False,40-367-000-000,78,2418,2018,9999,exact full name; all active2024 registry rows; no fuzzy or guessed region,https://sberindex.ru/api/researches/v1/dataset-borders-and-changes-of-municipalities,EXACT_NAME_CANDIDATE_NOT_APPROVED,False
ca7a094a-af37-4a22-b081-49df7d0cf0af,внутригородская территория города федерального значения муниципальный округ Коломна,2024-12-30T21:00:00.000Z,UNVERIFIED,1,2351,2351,tid_2351,True,40-301-000-000,78,2352,2018,9999,exact full name; all active2024 registry rows; no fuzzy or guessed region,https://sberindex.ru/api/researches/v1/dataset-borders-and-changes-of-municipalities,EXACT_NAME_CANDIDATE_NOT_APPROVED,False
cac6edae-793e-4b92-ae00-bb158e8658e9,Коношский муниципальный район,2024-12-30T21:00:00.000Z,UNVERIFIED,1,902,902,tid_902,True,11-622-000-000,29,903,2018,9999,exact full name; all active2024 registry rows; no fuzzy or guessed region,https://sberindex.ru/api/researches/v1/dataset-borders-and-changes-of-municipalities,EXACT_NAME_CANDIDATE_NOT_APPROVED,False
cb4a3fcb-f412-4d33-be9d-4433842dab35,муниципальный округ Локнянский,2024-12-30T21:00:00.000Z,UNVERIFIED,1,1773,1773,tid_1773,True,58-518-000-000,60,3044,2024,9999,exact full name; all active2024 registry rows; no fuzzy or guessed region,https://sberindex.ru/api/researches/v1/dataset-borders-and-changes-of-municipalities,EXACT_NAME_CANDIDATE_NOT_APPROVED,False
cbfd75e4-ef01-4d5d-9624-8b2a234ac18f,городской округ город Череповец,2024-12-30T21:00:00.000Z,UNVERIFIED,1,1046,1046,tid_1046,False,19-730-000-000,35,1047,2018,9999,exact full name; all active2024 registry rows; no fuzzy or guessed region,https://sberindex.ru/api/researches/v1/dataset-borders-and-changes-of-municipalities,EXACT_NAME_CANDIDATE_NOT_APPROVED,False
cc98b2dc-47af-4667-80b6-862795f0223b,Котласский муниципальный округ,2024-12-30T21:00:00.000Z,UNVERIFIED,1,903,903,tid_903,True,11-527-000-000,29,2902,2023,9999,exact full name; all active2024 registry rows; no fuzzy or guessed region,https://sberindex.ru/api/researches/v1/dataset-borders-and-changes-of-municipalities,EXACT_NAME_CANDIDATE_NOT_APPROVED,False
ce605def-a831-4a2e-a51a-203482f5e2f2,внутригородская территория города федерального значения муниципальный округ № 78,2024-12-30T21:00:00.000Z,UNVERIFIED,1,2457,2457,tid_2457,True,40-909-000-000,78,2458,2018,9999,exact full name; all active2024 registry rows; no fuzzy or guessed region,https://sberindex.ru/api/researches/v1/dataset-borders-and-changes-of-municipalities,EXACT_NAME_CANDIDATE_NOT_APPROVED,False
ce9e4a5f-40b5-4702-9353-3f041c81e67f,городской округ Северодвинск,2024-12-30T21:00:00.000Z,UNVERIFIED,1,896,896,tid_896,True,11-730-000-000,29,897,2018,9999,exact full name; all active2024 registry rows; no fuzzy or guessed region,https://sberindex.ru/api/researches/v1/dataset-borders-and-changes-of-municipalities,EXACT_NAME_CANDIDATE_NOT_APPROVED,False
d0e40423-92f8-47b8-af38-50490ba38328,внутригородская территория города федерального значения муниципальный округ Московская застава,2024-12-30T21:00:00.000Z,UNVERIFIED,1,2423,2423,tid_2423,True,40-373-000-000,78,2424,2018,9999,exact full name; all active2024 registry rows; no fuzzy or guessed region,https://sberindex.ru/api/researches/v1/dataset-borders-and-changes-of-municipalities,EXACT_NAME_CANDIDATE_NOT_APPROVED,False
d26dd665-87fb-4cee-bed6-dc5173fd4317,Бокситогорский муниципальный район,2024-12-30T21:00:00.000Z,UNVERIFIED,1,1392,1392,tid_1392,True,41-603-000-000,47,1393,2018,9999,exact full name; all active2024 registry rows; no fuzzy or guessed region,https://sberindex.ru/api/researches/v1/dataset-borders-and-changes-of-municipalities,EXACT_NAME_CANDIDATE_NOT_APPROVED,False
d2a2f48a-3c1e-483a-a5bc-fe1db998e79c,муниципальный район Заполярный район,2024-12-30T21:00:00.000Z,UNVERIFIED,1,917,917,tid_917,True,11-811-000-000,83,918,2018,9999,exact full name; all active2024 registry rows; no fuzzy or guessed region,https://sberindex.ru/api/researches/v1/dataset-borders-and-changes-of-municipalities,EXACT_NAME_CANDIDATE_NOT_APPROVED,False
d3d90650-c945-408d-8a40-d3d353126169,внутригородская территория города федерального значения муниципальный округ Пулковский меридиан,2024-12-30T21:00:00.000Z,UNVERIFIED,1,2426,2426,tid_2426,True,40-376-000-000,78,2427,2018,9999,exact full name; all active2024 registry rows; no fuzzy or guessed region,https://sberindex.ru/api/researches/v1/dataset-borders-and-changes-of-municipalities,EXACT_NAME_CANDIDATE_NOT_APPROVED,False
d3f00405-e2a8-4ec3-8a75-8e81795da7c8,внутригородская территория города федерального значения муниципальный округ Горелово,2024-12-30T21:00:00.000Z,UNVERIFIED,1,2409,2409,tid_2409,True,40-359-000-000,78,2410,2018,9999,exact full name; all active2024 registry rows; no fuzzy or guessed region,https://sberindex.ru/api/researches/v1/dataset-borders-and-changes-of-municipalities,EXACT_NAME_CANDIDATE_NOT_APPROVED,False
d410f415-2a56-4c38-bd5c-3a9430482413,Сыктывдинский муниципальный район,2024-12-30T21:00:00.000Z,UNVERIFIED,1,237,237,tid_237,True,87-628-000-000,11,238,2018,9999,exact full name; all active2024 registry rows; no fuzzy or guessed region,https://sberindex.ru/api/researches/v1/dataset-borders-and-changes-of-municipalities,EXACT_NAME_CANDIDATE_NOT_APPROVED,False
d477c023-b7d1-4bb2-ad89-0cf032ac8d75,Сегежский муниципальный округ,2024-12-30T21:00:00.000Z,UNVERIFIED,1,221,221,tid_221,True,86-545-000-000,10,3032,2024,9999,exact full name; all active2024 registry rows; no fuzzy or guessed region,https://sberindex.ru/api/researches/v1/dataset-borders-and-changes-of-municipalities,EXACT_NAME_CANDIDATE_NOT_APPROVED,False
d48aa5fb-a6cd-49dc-bcda-c098fc17868e,Вашкинский муниципальный округ,2024-12-30T21:00:00.000Z,UNVERIFIED,1,1050,1050,tid_1050,False,19-512-000-000,35,3036,2024,9999,exact full name; all active2024 registry rows; no fuzzy or guessed region,https://sberindex.ru/api/researches/v1/dataset-borders-and-changes-of-municipalities,EXACT_NAME_CANDIDATE_NOT_APPROVED,False
d4c90220-e333-4c3b-a095-63a79987d0ef,внутригородская территория города федерального значения муниципальный округ Финляндский округ,2024-12-30T21:00:00.000Z,UNVERIFIED,1,2380,2380,tid_2380,True,40-330-000-000,78,2381,2018,9999,exact full name; all active2024 registry rows; no fuzzy or guessed region,https://sberindex.ru/api/researches/v1/dataset-borders-and-changes-of-municipalities,EXACT_NAME_CANDIDATE_NOT_APPROVED,False
d7356c96-e3d9-48a7-9961-2b93e8c68067,внутригородская территория города федерального значения поселок Комарово,2024-12-30T21:00:00.000Z,UNVERIFIED,1,2414,2414,tid_2414,False,40-364-000-000,78,2415,2018,9999,exact full name; all active2024 registry rows; no fuzzy or guessed region,https://sberindex.ru/api/researches/v1/dataset-borders-and-changes-of-municipalities,EXACT_NAME_CANDIDATE_NOT_APPROVED,False
d772c025-1cb2-47f3-beed-9bdcf31a0fb0,муниципальный округ Пестовский,2024-12-30T21:00:00.000Z,UNVERIFIED,1,1589,1589,tid_1589,True,49-532-000-000,53,3040,2024,9999,exact full name; all active2024 registry rows; no fuzzy or guessed region,https://sberindex.ru/api/researches/v1/dataset-borders-and-changes-of-municipalities,EXACT_NAME_CANDIDATE_NOT_APPROVED,False
d81b1640-ffa7-4384-9609-027ccf918882,Тотемский муниципальный округ,2024-12-30T21:00:00.000Z,UNVERIFIED,1,1066,1066,tid_1066,True,19-546-000-000,35,2921,2023,9999,exact full name; all active2024 registry rows; no fuzzy or guessed region,https://sberindex.ru/api/researches/v1/dataset-borders-and-changes-of-municipalities,EXACT_NAME_CANDIDATE_NOT_APPROVED,False
d9048ef6-38d7-43ec-a141-f5b146f1730d,Шимский муниципальный район,2024-12-30T21:00:00.000Z,UNVERIFIED,1,1596,1596,tid_1596,True,49-655-000-000,53,1597,2018,9999,exact full name; all active2024 registry rows; no fuzzy or guessed region,https://sberindex.ru/api/researches/v1/dataset-borders-and-changes-of-municipalities,EXACT_NAME_CANDIDATE_NOT_APPROVED,False
dad83db7-1712-4053-9bb9-27ca5cd473ee,муниципальный округ Краснознаменский,2024-12-30T21:00:00.000Z,UNVERIFIED,1,1189,1189,tid_1189,True,27-513-000-000,39,2730,2021,9999,exact full name; all active2024 registry rows; no fuzzy or guessed region,https://sberindex.ru/api/researches/v1/dataset-borders-and-changes-of-municipalities,EXACT_NAME_CANDIDATE_NOT_APPROVED,False
db2ef645-34e7-4b75-af46-f49d24e77d8e,Виноградовский муниципальный округ,2024-12-30T21:00:00.000Z,UNVERIFIED,1,900,900,tid_900,True,11-514-000-000,29,2827,2022,9999,exact full name; all active2024 registry rows; no fuzzy or guessed region,https://sberindex.ru/api/researches/v1/dataset-borders-and-changes-of-municipalities,EXACT_NAME_CANDIDATE_NOT_APPROVED,False
dc574746-0f74-4689-92a9-0adf45f485c4,Кондопожский муниципальный район,2024-12-30T21:00:00.000Z,UNVERIFIED,1,211,211,tid_211,True,86-615-000-000,10,212,2018,9999,exact full name; all active2024 registry rows; no fuzzy or guessed region,https://sberindex.ru/api/researches/v1/dataset-borders-and-changes-of-municipalities,EXACT_NAME_CANDIDATE_NOT_APPROVED,False
dc8d3d72-77e3-4ef9-9a0d-84d3cb57303c,муниципальный район Сосногорск,2024-12-30T21:00:00.000Z,UNVERIFIED,1,236,236,tid_236,True,87-626-000-000,11,237,2018,9999,exact full name; all active2024 registry rows; no fuzzy or guessed region,https://sberindex.ru/api/researches/v1/dataset-borders-and-changes-of-municipalities,EXACT_NAME_CANDIDATE_NOT_APPROVED,False
de02faaa-d717-4e3e-9d41-82653d320ea0,муниципальный округ Полесский,2024-12-30T21:00:00.000Z,UNVERIFIED,1,1194,1194,tid_1194,True,27-518-000-000,39,2734,2021,9999,exact full name; all active2024 registry rows; no fuzzy or guessed region,https://sberindex.ru/api/researches/v1/dataset-borders-and-changes-of-municipalities,EXACT_NAME_CANDIDATE_NOT_APPROVED,False
df59a9a2-a932-4f03-8a41-ad49b700c500,Приморский муниципальный округ,2024-12-30T21:00:00.000Z,UNVERIFIED,1,912,912,tid_912,True,11-552-000-000,29,3033,2024,9999,exact full name; all active2024 registry rows; no fuzzy or guessed region,https://sberindex.ru/api/researches/v1/dataset-borders-and-changes-of-municipalities,EXACT_NAME_CANDIDATE_NOT_APPROVED,False
e0074cfa-e9d9-4860-92d5-c42e643c655d,внутригородская территория города федерального значения муниципальный округ Оккервиль,2024-12-30T21:00:00.000Z,UNVERIFIED,1,2435,2435,tid_2435,True,40-385-000-000,78,2436,2018,9999,exact full name; all active2024 registry rows; no fuzzy or guessed region,https://sberindex.ru/api/researches/v1/dataset-borders-and-changes-of-municipalities,EXACT_NAME_CANDIDATE_NOT_APPROVED,False
e0ad0b5a-a361-486e-84ad-fbdae6acfd35,внутригородская территория города федерального значения муниципальный округ Морской,2024-12-30T21:00:00.000Z,UNVERIFIED,1,2360,2360,tid_2360,True,40-310-000-000,78,2361,2018,9999,exact full name; all active2024 registry rows; no fuzzy or guessed region,https://sberindex.ru/api/researches/v1/dataset-borders-and-changes-of-municipalities,EXACT_NAME_CANDIDATE_NOT_APPROVED,False
e158f93e-bacd-4f27-bfa3-78cd1ab2c532,внутригородская территория города федерального значения поселок Тярлево,2024-12-30T21:00:00.000Z,UNVERIFIED,1,2438,2438,tid_2438,False,40-388-000-000,78,2439,2018,9999,exact full name; all active2024 registry rows; no fuzzy or guessed region,https://sberindex.ru/api/researches/v1/dataset-borders-and-changes-of-municipalities,EXACT_NAME_CANDIDATE_NOT_APPROVED,False
e1c3a2a3-245d-4e4f-97b2-102689f98d55,внутригородская территория города федерального значения муниципальный округ Академическое,2024-12-30T21:00:00.000Z,UNVERIFIED,1,2379,2379,tid_2379,True,40-329-000-000,78,2380,2018,9999,exact full name; all active2024 registry rows; no fuzzy or guessed region,https://sberindex.ru/api/researches/v1/dataset-borders-and-changes-of-municipalities,EXACT_NAME_CANDIDATE_NOT_APPROVED,False
e1d2c553-aec2-4882-84f5-6205333c28c7,Усть-Вымский муниципальный район,2024-12-30T21:00:00.000Z,UNVERIFIED,1,241,241,tid_241,True,87-644-000-000,11,242,2018,9999,exact full name; all active2024 registry rows; no fuzzy or guessed region,https://sberindex.ru/api/researches/v1/dataset-borders-and-changes-of-municipalities,EXACT_NAME_CANDIDATE_NOT_APPROVED,False
e2219d53-4871-49af-a73b-e382a2f85412,городской округ Сосновоборский,2024-12-30T21:00:00.000Z,UNVERIFIED,1,1409,1409,tid_1409,True,41-754-000-000,47,1410,2018,9999,exact full name; all active2024 registry rows; no fuzzy or guessed region,https://sberindex.ru/api/researches/v1/dataset-borders-and-changes-of-municipalities,EXACT_NAME_CANDIDATE_NOT_APPROVED,False
e4135868-e72f-4c9f-972f-9e9897edfaf8,Холмский муниципальный район,2024-12-30T21:00:00.000Z,UNVERIFIED,1,1594,1594,tid_1594,True,49-647-000-000,53,1595,2018,9999,exact full name; all active2024 registry rows; no fuzzy or guessed region,https://sberindex.ru/api/researches/v1/dataset-borders-and-changes-of-municipalities,EXACT_NAME_CANDIDATE_NOT_APPROVED,False
e45f2afe-da1a-423c-8e10-86894449e5d7,городской округ Янтарный,2024-12-30T21:00:00.000Z,UNVERIFIED,1,1182,1182,tid_1182,False,27-740-000-000,39,1183,2018,9999,exact full name; all active2024 registry rows; no fuzzy or guessed region,https://sberindex.ru/api/researches/v1/dataset-borders-and-changes-of-municipalities,EXACT_NAME_CANDIDATE_NOT_APPROVED,False
e477bd05-74c1-4d4d-a0f3-ad7787c589e4,городской округ Светловский,2024-12-30T21:00:00.000Z,UNVERIFIED,1,1180,1180,tid_1180,True,27-725-000-000,39,1181,2018,9999,exact full name; all active2024 registry rows; no fuzzy or guessed region,https://sberindex.ru/api/researches/v1/dataset-borders-and-changes-of-municipalities,EXACT_NAME_CANDIDATE_NOT_APPROVED,False
e4b8a686-2016-454c-8cb7-dfa03399a9c1,внутригородская территория города федерального значения муниципальный округ Введенский,2024-12-30T21:00:00.000Z,UNVERIFIED,1,2439,2439,tid_2439,True,40-389-000-000,78,2440,2018,9999,exact full name; all active2024 registry rows; no fuzzy or guessed region,https://sberindex.ru/api/researches/v1/dataset-borders-and-changes-of-municipalities,EXACT_NAME_CANDIDATE_NOT_APPROVED,False
e4e36bef-0307-47bf-8c50-53d30f764231,муниципальный округ Неманский,2024-12-30T21:00:00.000Z,UNVERIFIED,1,1191,1191,tid_1191,True,27-514-000-000,39,2731,2021,9999,exact full name; all active2024 registry rows; no fuzzy or guessed region,https://sberindex.ru/api/researches/v1/dataset-borders-and-changes-of-municipalities,EXACT_NAME_CANDIDATE_NOT_APPROVED,False
e4f4700d-07ef-4b90-8bb1-16ad89371a01,муниципальный округ Красногородский,2024-12-30T21:00:00.000Z,UNVERIFIED,1,1771,1771,tid_1771,True,58-514-000-000,60,3043,2024,9999,exact full name; all active2024 registry rows; no fuzzy or guessed region,https://sberindex.ru/api/researches/v1/dataset-borders-and-changes-of-municipalities,EXACT_NAME_CANDIDATE_NOT_APPROVED,False
e70866f6-b9e2-4913-af70-26b6131c3733,муниципальный округ Гвардейский,2024-12-30T21:00:00.000Z,UNVERIFIED,1,1185,1185,tid_1185,True,27-506-000-000,39,2727,2021,9999,exact full name; all active2024 registry rows; no fuzzy or guessed region,https://sberindex.ru/api/researches/v1/dataset-borders-and-changes-of-municipalities,EXACT_NAME_CANDIDATE_NOT_APPROVED,False
e7654d18-8095-48c8-bf81-a80d46af8901,внутригородская территория города федерального значения муниципальный округ Невская застава,2024-12-30T21:00:00.000Z,UNVERIFIED,1,2428,2428,tid_2428,True,40-378-000-000,78,2429,2018,9999,exact full name; all active2024 registry rows; no fuzzy or guessed region,https://sberindex.ru/api/researches/v1/dataset-borders-and-changes-of-municipalities,EXACT_NAME_CANDIDATE_NOT_APPROVED,False
e8b341db-1bfd-44a0-8b73-852eea3c5564,Всеволожский муниципальный район,2024-12-30T21:00:00.000Z,UNVERIFIED,1,1395,1395,tid_1395,True,41-612-000-000,47,1396,2018,9999,exact full name; all active2024 registry rows; no fuzzy or guessed region,https://sberindex.ru/api/researches/v1/dataset-borders-and-changes-of-municipalities,EXACT_NAME_CANDIDATE_NOT_APPROVED,False
e8b76cd8-6726-4b4e-8fb3-478ad09b203c,Бежаницкий муниципальный район,2024-12-30T21:00:00.000Z,UNVERIFIED,1,1766,1766,tid_1766,True,58-604-000-000,60,1767,2018,9999,exact full name; all active2024 registry rows; no fuzzy or guessed region,https://sberindex.ru/api/researches/v1/dataset-borders-and-changes-of-municipalities,EXACT_NAME_CANDIDATE_NOT_APPROVED,False
e9ba2a98-23b7-4222-84c1-bd1f18991fc1,Великолукский муниципальный район,2024-12-30T21:00:00.000Z,UNVERIFIED,1,1767,1767,tid_1767,False,58-606-000-000,60,1768,2018,9999,exact full name; all active2024 registry rows; no fuzzy or guessed region,https://sberindex.ru/api/researches/v1/dataset-borders-and-changes-of-municipalities,EXACT_NAME_CANDIDATE_NOT_APPROVED,False
e9fc0a88-1ab6-4bc0-8c46-0adf5cc7f068,Череповецкий муниципальный район,2024-12-30T21:00:00.000Z,UNVERIFIED,1,1071,1071,tid_1071,True,19-656-000-000,35,1072,2018,9999,exact full name; all active2024 registry rows; no fuzzy or guessed region,https://sberindex.ru/api/researches/v1/dataset-borders-and-changes-of-municipalities,EXACT_NAME_CANDIDATE_NOT_APPROVED,False
ea3c989b-12c4-4760-a87a-3e98cca4b6a9,Сокольский муниципальный округ,2024-12-30T21:00:00.000Z,UNVERIFIED,1,1063,1063,tid_1063,True,19-538-000-000,35,2918,2023,9999,exact full name; all active2024 registry rows; no fuzzy or guessed region,https://sberindex.ru/api/researches/v1/dataset-borders-and-changes-of-municipalities,EXACT_NAME_CANDIDATE_NOT_APPROVED,False
ecee67f8-3d5a-43dc-8c58-d88913c2c328,Великоустюгский муниципальный округ,2024-12-30T21:00:00.000Z,UNVERIFIED,1,1051,1051,tid_1051,True,19-514-000-000,35,2909,2023,9999,exact full name; all active2024 registry rows; no fuzzy or guessed region,https://sberindex.ru/api/researches/v1/dataset-borders-and-changes-of-municipalities,EXACT_NAME_CANDIDATE_NOT_APPROVED,False
ed8bd6be-cdba-4b58-a277-3538181f933f,внутригородская территория города федерального значения муниципальный округ Гражданка,2024-12-30T21:00:00.000Z,UNVERIFIED,1,2378,2378,tid_2378,True,40-328-000-000,78,2379,2018,9999,exact full name; all active2024 registry rows; no fuzzy or guessed region,https://sberindex.ru/api/researches/v1/dataset-borders-and-changes-of-municipalities,EXACT_NAME_CANDIDATE_NOT_APPROVED,False
ee8cb691-0a5e-40f5-86e0-3869d29e071c,Суоярвский муниципальный округ,2024-12-30T21:00:00.000Z,UNVERIFIED,1,223,223,tid_223,True,86-550-000-000,10,2898,2023,9999,exact full name; all active2024 registry rows; no fuzzy or guessed region,https://sberindex.ru/api/researches/v1/dataset-borders-and-changes-of-municipalities,EXACT_NAME_CANDIDATE_NOT_APPROVED,False
eef70914-0cf8-46a8-b824-ff841e7b814d,муниципальный округ Печорский,2024-12-30T21:00:00.000Z,UNVERIFIED,1,1780,1780,tid_1780,True,58-540-000-000,60,3048,2024,9999,exact full name; all active2024 registry rows; no fuzzy or guessed region,https://sberindex.ru/api/researches/v1/dataset-borders-and-changes-of-municipalities,EXACT_NAME_CANDIDATE_NOT_APPROVED,False
eff81920-ac28-4478-b4eb-0b4faa4ffe76,внутригородская территория города федерального значения город Сестрорецк,2024-12-30T21:00:00.000Z,UNVERIFIED,1,2412,2412,tid_2412,True,40-362-000-000,78,2413,2018,9999,exact full name; all active2024 registry rows; no fuzzy or guessed region,https://sberindex.ru/api/researches/v1/dataset-borders-and-changes-of-municipalities,EXACT_NAME_CANDIDATE_NOT_APPROVED,False
f0237e59-b44b-42a7-8bd6-79badee38a3d,внутригородская территория города федерального значения муниципальный округ Северный,2024-12-30T21:00:00.000Z,UNVERIFIED,2,2383|2524,,,False,,,2384|2525,,,exact full name; all active2024 registry rows; no fuzzy or guessed region,https://sberindex.ru/api/researches/v1/dataset-borders-and-changes-of-municipalities,AMBIGUOUS,False
f04d4c28-52ea-41f6-9225-0a317ba700a8,муниципальный округ Усинск,2024-12-30T21:00:00.000Z,UNVERIFIED,1,228,228,tid_228,True,87-523-000-000,11,3100,2024,9999,exact full name; all active2024 registry rows; no fuzzy or guessed region,https://sberindex.ru/api/researches/v1/dataset-borders-and-changes-of-municipalities,EXACT_NAME_CANDIDATE_NOT_APPROVED,False
f15b1b22-14a9-448e-b9bb-e7fbe950d6bb,Порховский муниципальный район,2024-12-30T21:00:00.000Z,UNVERIFIED,1,1782,1782,tid_1782,True,58-647-000-000,60,1783,2018,9999,exact full name; all active2024 registry rows; no fuzzy or guessed region,https://sberindex.ru/api/researches/v1/dataset-borders-and-changes-of-municipalities,EXACT_NAME_CANDIDATE_NOT_APPROVED,False
f263c487-9fa5-4db8-b885-cb058d6220c2,городской округ Сыктывкар,2024-12-30T21:00:00.000Z,UNVERIFIED,1,224,224,tid_224,True,87-701-000-000,11,225,2018,9999,exact full name; all active2024 registry rows; no fuzzy or guessed region,https://sberindex.ru/api/researches/v1/dataset-borders-and-changes-of-municipalities,EXACT_NAME_CANDIDATE_NOT_APPROVED,False
f2b66995-544c-4957-8ffd-aa1769e45fce,муниципальный округ Каргопольский,2024-12-30T21:00:00.000Z,UNVERIFIED,1,901,901,tid_901,True,11-518-000-000,29,2725,2021,9999,exact full name; all active2024 registry rows; no fuzzy or guessed region,https://sberindex.ru/api/researches/v1/dataset-borders-and-changes-of-municipalities,EXACT_NAME_CANDIDATE_NOT_APPROVED,False
f2ce71de-1334-4135-a720-26a62d98ca50,Терский муниципальный район,2024-12-30T21:00:00.000Z,UNVERIFIED,2,176|1522,,,False,,,177|1523,,,exact full name; all active2024 registry rows; no fuzzy or guessed region,https://sberindex.ru/api/researches/v1/dataset-borders-and-changes-of-municipalities,AMBIGUOUS,False
f3c46dc0-87f4-4e49-b119-9a81e382a4e4,муниципальный округ город Апатиты,2024-12-30T21:00:00.000Z,UNVERIFIED,1,1507,1507,tid_1507,True,47-519-000-000,51,2740,2021,9999,exact full name; all active2024 registry rows; no fuzzy or guessed region,https://sberindex.ru/api/researches/v1/dataset-borders-and-changes-of-municipalities,EXACT_NAME_CANDIDATE_NOT_APPROVED,False
f425e4dd-fe6d-48e9-8e90-8bead540b3cf,Ижемский муниципальный район,2024-12-30T21:00:00.000Z,UNVERIFIED,1,230,230,tid_230,True,87-604-000-000,11,231,2018,9999,exact full name; all active2024 registry rows; no fuzzy or guessed region,https://sberindex.ru/api/researches/v1/dataset-borders-and-changes-of-municipalities,EXACT_NAME_CANDIDATE_NOT_APPROVED,False
f47052cc-5429-445c-9104-08648bcdc88d,внутригородская территория города федерального значения муниципальный округ Сампсониевское,2024-12-30T21:00:00.000Z,UNVERIFIED,1,2364,2364,tid_2364,True,40-314-000-000,78,2365,2018,9999,exact full name; all active2024 registry rows; no fuzzy or guessed region,https://sberindex.ru/api/researches/v1/dataset-borders-and-changes-of-municipalities,EXACT_NAME_CANDIDATE_NOT_APPROVED,False
f51f6c2b-16d8-42b1-ab40-cde7d58fe36e,Шекснинский муниципальный район,2024-12-30T21:00:00.000Z,UNVERIFIED,1,1072,1072,tid_1072,True,19-658-000-000,35,1073,2018,9999,exact full name; all active2024 registry rows; no fuzzy or guessed region,https://sberindex.ru/api/researches/v1/dataset-borders-and-changes-of-municipalities,EXACT_NAME_CANDIDATE_NOT_APPROVED,False
f690efdd-6740-4227-b709-187063c39470,внутригородская территория города федерального значения муниципальный округ Пороховые,2024-12-30T21:00:00.000Z,UNVERIFIED,1,2401,2401,tid_2401,True,40-351-000-000,78,2402,2018,9999,exact full name; all active2024 registry rows; no fuzzy or guessed region,https://sberindex.ru/api/researches/v1/dataset-borders-and-changes-of-municipalities,EXACT_NAME_CANDIDATE_NOT_APPROVED,False
f86a35a8-9ab8-4874-b5e7-f47396651759,Кирилловский муниципальный округ,2024-12-30T21:00:00.000Z,UNVERIFIED,1,1058,1058,tid_1058,True,19-528-000-000,35,3037,2024,9999,exact full name; all active2024 registry rows; no fuzzy or guessed region,https://sberindex.ru/api/researches/v1/dataset-borders-and-changes-of-municipalities,EXACT_NAME_CANDIDATE_NOT_APPROVED,False
f8adde8d-c536-4bfc-93b7-6f03a0d4585b,внутригородская территория города федерального значения поселок Молодежное,2024-12-30T21:00:00.000Z,UNVERIFIED,1,2415,2415,tid_2415,False,40-365-000-000,78,2416,2018,9999,exact full name; all active2024 registry rows; no fuzzy or guessed region,https://sberindex.ru/api/researches/v1/dataset-borders-and-changes-of-municipalities,EXACT_NAME_CANDIDATE_NOT_APPROVED,False
f9535f90-9125-4fe5-9b5c-1e3ba833fbb5,Ковдорский муниципальный округ,2024-12-30T21:00:00.000Z,UNVERIFIED,1,1512,1512,tid_1512,True,47-517-000-000,51,2739,2021,9999,exact full name; all active2024 registry rows; no fuzzy or guessed region,https://sberindex.ru/api/researches/v1/dataset-borders-and-changes-of-municipalities,EXACT_NAME_CANDIDATE_NOT_APPROVED,False
fad7ae88-f3c0-4097-8f7d-3dfec613b381,внутригородская территория города федерального значения муниципальный округ Коломяги,2024-12-30T21:00:00.000Z,UNVERIFIED,1,2377,2377,tid_2377,True,40-327-000-000,78,2378,2018,9999,exact full name; all active2024 registry rows; no fuzzy or guessed region,https://sberindex.ru/api/researches/v1/dataset-borders-and-changes-of-municipalities,EXACT_NAME_CANDIDATE_NOT_APPROVED,False
fc41567a-7490-4627-89ea-d50d1a47f9b0,внутригородская территория города федерального значения муниципальный округ Сосновая поляна,2024-12-30T21:00:00.000Z,UNVERIFIED,1,2406,2406,tid_2406,True,40-356-000-000,78,2407,2018,9999,exact full name; all active2024 registry rows; no fuzzy or guessed region,https://sberindex.ru/api/researches/v1/dataset-borders-and-changes-of-municipalities,EXACT_NAME_CANDIDATE_NOT_APPROVED,False
fc82eb97-1fb1-4245-9f90-a25ebe45a582,внутригородская территория города федерального значения  Александровский муниципальный округ,2024-12-30T21:00:00.000Z,UNVERIFIED,0,,,,False,,,,,,exact full name; all active2024 registry rows; no fuzzy or guessed region,https://sberindex.ru/api/researches/v1/dataset-borders-and-changes-of-municipalities,UNMATCHED,False
fd9a817f-6bb3-4e4c-8c9a-bee4981e7a4e,Ленский муниципальный район,2024-12-30T21:00:00.000Z,UNVERIFIED,2,325|905,,,False,,,326|906,,,exact full name; all active2024 registry rows; no fuzzy or guessed region,https://sberindex.ru/api/researches/v1/dataset-borders-and-changes-of-municipalities,AMBIGUOUS,False
fdf85852-b25c-4764-8946-b135d6a0a0b0,внутригородская территория города федерального значения муниципальный округ Сергиевское,2024-12-30T21:00:00.000Z,UNVERIFIED,1,2368,2368,tid_2368,True,40-318-000-000,78,2369,2018,9999,exact full name; all active2024 registry rows; no fuzzy or guessed region,https://sberindex.ru/api/researches/v1/dataset-borders-and-changes-of-municipalities,EXACT_NAME_CANDIDATE_NOT_APPROVED,False
