registry_sheet_row,municipal_district_name,municipal_district_type,oktmo,territory_id,region_code,region_name,year_from,year_to
2,городской округ город Майкоп,городской округ,79-701-000-000,1,1,Республика Адыгея,2018,9999
3,городской округ город Адыгейск,городской округ,79-703-000-000,2,1,Республика Адыгея,2018,9999
4,Гиагинский муниципальный район,муниципальный район,79-605-000-000,3,1,Республика Адыгея,2018,9999
5,Кошехабльский муниципальный район,муниципальный район,79-615-000-000,4,1,Республика Адыгея,2018,9999
6,Красногвардейский муниципальный район,муниципальный район,79-618-000-000,5,1,Республика Адыгея,2018,9999
7,Майкопский муниципальный район,муниципальный район,79-622-000-000,6,1,Республика Адыгея,2018,9999
8,Тахтамукайский муниципальный район,муниципальный район,79-630-000-000,7,1,Республика Адыгея,2018,9999
9,Теучежский муниципальный район,муниципальный район,79-633-000-000,8,1,Республика Адыгея,2018,9999
10,Шовгеновский муниципальный район,муниципальный район,79-640-000-000,9,1,Республика Адыгея,2018,9999
11,городской округ город Горно-Алтайск,городской округ,84-701-000-000,10,4,Республика Алтай,2018,9999
12,Кош-Агачский муниципальный район,муниципальный район,84-610-000-000,11,4,Республика Алтай,2018,9999
13,Майминский муниципальный район,муниципальный район,84-615-000-000,12,4,Республика Алтай,2018,9999
14,Онгудайский муниципальный район,муниципальный район,84-620-000-000,13,4,Республика Алтай,2018,9999
15,Турочакский муниципальный район,муниципальный район,84-625-000-000,14,4,Республика Алтай,2018,9999
16,Улаганский муниципальный район,муниципальный район,84-630-000-000,15,4,Республика Алтай,2018,9999
17,Усть-Канский муниципальный район,муниципальный район,84-635-000-000,16,4,Республика Алтай,2018,9999
18,Усть-Коксинский муниципальный район,муниципальный район,84-640-000-000,17,4,Республика Алтай,2018,9999
19,Чемальский муниципальный район,муниципальный район,84-643-000-000,18,4,Республика Алтай,2018,9999
20,Чойский муниципальный район,муниципальный район,84-645-000-000,19,4,Республика Алтай,2018,9999
21,Шебалинский муниципальный район,муниципальный район,84-650-000-000,20,4,Республика Алтай,2018,9999
22,городской округ город Уфа,городской округ,80-701-000-000,21,2,Республика Башкортостан,2018,9999
23,городской округ город Агидель,городской округ,80-703-000-000,22,2,Республика Башкортостан,2018,9999
24,городской округ город Кумертау,городской округ,80-723-000-000,23,2,Республика Башкортостан,2018,9999
25,городской округ ЗАТО город Межгорье,городской округ,80-707-000-000,24,2,Республика Башкортостан,2018,9999
26,городской округ город Нефтекамск,городской округ,80-727-000-000,25,2,Республика Башкортостан,2018,9999
27,городской округ город Октябрьский,городской округ,80-735-000-000,26,2,Республика Башкортостан,2018,9999
28,городской округ город Салават,городской округ,80-739-000-000,27,2,Республика Башкортостан,2018,9999
29,городской округ город Сибай,городской округ,80-743-000-000,28,2,Республика Башкортостан,2018,9999
30,городской округ город Стерлитамак,городской округ,80-745-000-000,29,2,Республика Башкортостан,2018,9999
31,Абзелиловский муниципальный район,муниципальный район,80-601-000-000,30,2,Республика Башкортостан,2018,9999
32,Альшеевский муниципальный район,муниципальный район,80-602-000-000,31,2,Республика Башкортостан,2018,9999
33,Архангельский муниципальный район,муниципальный район,80-603-000-000,32,2,Республика Башкортостан,2018,9999
34,Аскинский муниципальный район,муниципальный район,80-604-000-000,33,2,Республика Башкортостан,2018,9999
35,Аургазинский муниципальный район,муниципальный район,80-605-000-000,34,2,Республика Башкортостан,2018,9999
36,Баймакский муниципальный район,муниципальный район,80-606-000-000,35,2,Республика Башкортостан,2018,9999
37,Бакалинский муниципальный район,муниципальный район,80-607-000-000,36,2,Республика Башкортостан,2018,9999
38,Балтачевский муниципальный район,муниципальный район,80-608-000-000,37,2,Республика Башкортостан,2018,9999
39,Белебеевский муниципальный район,муниципальный район,80-609-000-000,38,2,Республика Башкортостан,2018,9999
40,Белокатайский муниципальный район,муниципальный район,80-610-000-000,39,2,Республика Башкортостан,2018,9999
41,Белорецкий муниципальный район,муниципальный район,80-611-000-000,40,2,Республика Башкортостан,2018,9999
42,Бижбулякский муниципальный район,муниципальный район,80-612-000-000,41,2,Республика Башкортостан,2018,9999
43,Бирский муниципальный район,муниципальный район,80-613-000-000,42,2,Республика Башкортостан,2018,9999
44,Благоварский муниципальный район,муниципальный район,80-614-000-000,43,2,Республика Башкортостан,2018,9999
45,Благовещенский муниципальный район,муниципальный район,80-615-000-000,44,2,Республика Башкортостан,2018,9999
46,Буздякский муниципальный район,муниципальный район,80-617-000-000,45,2,Республика Башкортостан,2018,9999
47,Бураевский муниципальный район,муниципальный район,80-618-000-000,46,2,Республика Башкортостан,2018,9999
48,Бурзянский муниципальный район,муниципальный район,80-619-000-000,47,2,Республика Башкортостан,2018,9999
49,Гафурийский муниципальный район,муниципальный район,80-621-000-000,48,2,Республика Башкортостан,2018,9999
50,Давлекановский муниципальный район,муниципальный район,80-622-000-000,49,2,Республика Башкортостан,2018,9999
51,Дуванский муниципальный район,муниципальный район,80-623-000-000,50,2,Республика Башкортостан,2018,9999
52,Дюртюлинский муниципальный район,муниципальный район,80-624-000-000,51,2,Республика Башкортостан,2018,9999
53,Ермекеевский муниципальный район,муниципальный район,80-625-000-000,52,2,Республика Башкортостан,2018,9999
54,Зианчуринский муниципальный район,муниципальный район,80-626-000-000,53,2,Республика Башкортостан,2018,9999
55,Зилаирский муниципальный район,муниципальный район,80-627-000-000,54,2,Республика Башкортостан,2018,9999
56,Иглинский муниципальный район,муниципальный район,80-628-000-000,55,2,Республика Башкортостан,2018,9999
57,Илишевский муниципальный район,муниципальный район,80-630-000-000,56,2,Республика Башкортостан,2018,9999
58,Ишимбайский муниципальный район,муниципальный район,80-631-000-000,57,2,Республика Башкортостан,2018,9999
59,Калтасинский муниципальный район,муниципальный район,80-633-000-000,58,2,Республика Башкортостан,2018,9999
60,Караидельский муниципальный район,муниципальный район,80-634-000-000,59,2,Республика Башкортостан,2018,9999
61,Кармаскалинский муниципальный район,муниципальный район,80-635-000-000,60,2,Республика Башкортостан,2018,9999
62,Кигинский муниципальный район,муниципальный район,80-636-000-000,61,2,Республика Башкортостан,2018,9999
63,Краснокамский муниципальный район,муниципальный район,80-637-000-000,62,2,Республика Башкортостан,2018,9999
64,Кугарчинский муниципальный район,муниципальный район,80-638-000-000,63,2,Республика Башкортостан,2018,9999
65,Куюргазинский муниципальный район,муниципальный район,80-639-000-000,64,2,Республика Башкортостан,2018,9999
66,Кушнаренковский муниципальный район,муниципальный район,80-640-000-000,65,2,Республика Башкортостан,2018,9999
67,Мелеузовский муниципальный район,муниципальный район,80-641-000-000,66,2,Республика Башкортостан,2018,9999
68,Мечетлинский муниципальный район,муниципальный район,80-642-000-000,67,2,Республика Башкортостан,2018,9999
69,Мишкинский муниципальный район,муниципальный район,80-643-000-000,68,2,Республика Башкортостан,2018,9999
70,Миякинский муниципальный район,муниципальный район,80-644-000-000,69,2,Республика Башкортостан,2018,9999
71,Нуримановский муниципальный район,муниципальный район,80-645-000-000,70,2,Республика Башкортостан,2018,9999
72,Салаватский муниципальный район,муниципальный район,80-647-000-000,71,2,Республика Башкортостан,2018,9999
73,Стерлибашевский муниципальный район,муниципальный район,80-648-000-000,72,2,Республика Башкортостан,2018,9999
74,Стерлитамакский муниципальный район,муниципальный район,80-649-000-000,73,2,Республика Башкортостан,2018,9999
75,Татышлинский муниципальный район,муниципальный район,80-650-000-000,74,2,Республика Башкортостан,2018,9999
76,Туймазинский муниципальный район,муниципальный район,80-651-000-000,75,2,Республика Башкортостан,2018,9999
77,Уфимский муниципальный район,муниципальный район,80-652-000-000,76,2,Республика Башкортостан,2018,9999
78,Учалинский муниципальный район,муниципальный район,80-653-000-000,77,2,Республика Башкортостан,2018,9999
79,Федоровский муниципальный район,муниципальный район,80-654-000-000,78,2,Республика Башкортостан,2018,9999
80,Хайбуллинский муниципальный район,муниципальный район,80-655-000-000,79,2,Республика Башкортостан,2018,9999
81,Чекмагушевский муниципальный район,муниципальный район,80-656-000-000,80,2,Республика Башкортостан,2018,9999
82,Чишминский муниципальный район,муниципальный район,80-657-000-000,81,2,Республика Башкортостан,2018,9999
83,Шаранский муниципальный район,муниципальный район,80-658-000-000,82,2,Республика Башкортостан,2018,9999
84,Янаульский муниципальный район,муниципальный район,80-659-000-000,83,2,Республика Башкортостан,2018,9999
85,городской округ город Улан-Удэ,городской округ,81-701-000-000,84,3,Республика Бурятия,2018,9999
86,городской округ город Северобайкальск,городской округ,81-720-000-000,85,3,Республика Бурятия,2018,9999
87,Баргузинский муниципальный район,муниципальный район,81-603-000-000,86,3,Республика Бурятия,2018,9999
88,Баунтовский эвенкийский муниципальный район,муниципальный район,81-606-000-000,87,3,Республика Бурятия,2018,9999
89,Бичурский муниципальный район,муниципальный район,81-609-000-000,88,3,Республика Бурятия,2018,9999
90,Джидинский муниципальный район,муниципальный район,81-612-000-000,89,3,Республика Бурятия,2018,9999
91,Еравнинский муниципальный район,муниципальный район,81-615-000-000,90,3,Республика Бурятия,2018,9999
92,Заиграевский муниципальный район,муниципальный район,81-618-000-000,91,3,Республика Бурятия,2018,9999
93,Закаменский муниципальный район,муниципальный район,81-621-000-000,92,3,Республика Бурятия,2018,9999
94,Иволгинский муниципальный район,муниципальный район,81-622-000-000,93,3,Республика Бурятия,2018,9999
95,Кабанский муниципальный район,муниципальный район,81-624-000-000,94,3,Республика Бурятия,2018,9999
96,Кижингинский муниципальный район,муниципальный район,81-627-000-000,95,3,Республика Бурятия,2018,9999
97,Курумканский муниципальный район,муниципальный район,81-630-000-000,96,3,Республика Бурятия,2018,9999
98,Кяхтинский муниципальный район,муниципальный район,81-633-000-000,97,3,Республика Бурятия,2018,9999
99,Муйский муниципальный район,муниципальный район,81-635-000-000,98,3,Республика Бурятия,2018,9999
100,Мухоршибирский муниципальный район,муниципальный район,81-636-000-000,99,3,Республика Бурятия,2018,9999
101,Окинский муниципальный район,муниципальный район,81-639-000-000,100,3,Республика Бурятия,2018,9999
102,Прибайкальский муниципальный район,муниципальный район,81-642-000-000,101,3,Республика Бурятия,2018,9999
103,Северо-Байкальский муниципальный район,муниципальный район,81-645-000-000,102,3,Республика Бурятия,2018,9999
104,Селенгинский муниципальный район,муниципальный район,81-648-000-000,103,3,Республика Бурятия,2018,9999
105,Тарбагатайский муниципальный район,муниципальный район,81-650-000-000,104,3,Республика Бурятия,2018,9999
106,Тункинский муниципальный район,муниципальный район,81-651-000-000,105,3,Республика Бурятия,2018,9999
107,Хоринский муниципальный район,муниципальный район,81-657-000-000,106,3,Республика Бурятия,2018,9999
108,городской округ город Махачкала,городской округ,82-701-000-000,107,5,Республика Дагестан,2018,9999
109,городской округ город Буйнакск,городской округ,82-705-000-000,108,5,Республика Дагестан,2018,9999
110,городской округ город Дагестанские Огни,городской округ,82-708-000-000,109,5,Республика Дагестан,2018,9999
111,городской округ город Дербент,городской округ,82-710-000-000,110,5,Республика Дагестан,2018,9999
112,городской округ город Избербаш,городской округ,82-715-000-000,111,5,Республика Дагестан,2018,9999
113,городской округ город Каспийск,городской округ,82-720-000-000,112,5,Республика Дагестан,2018,9999
114,городской округ город Кизилюрт,городской округ,82-725-000-000,113,5,Республика Дагестан,2018,9999
115,городской округ город Кизляр,городской округ,82-730-000-000,114,5,Республика Дагестан,2018,9999
116,городской округ город Хасавюрт,городской округ,82-735-000-000,115,5,Республика Дагестан,2018,9999
117,городской округ город Южно-Сухокумск,городской округ,82-738-000-000,116,5,Республика Дагестан,2018,9999
118,Агульский муниципальный район,муниципальный район,82-601-000-000,117,5,Республика Дагестан,2018,9999
119,Акушинский муниципальный район,муниципальный район,82-603-000-000,118,5,Республика Дагестан,2018,9999
120,Ахвахский муниципальный район,муниципальный район,82-605-000-000,119,5,Республика Дагестан,2018,9999
121,Ахтынский муниципальный район,муниципальный район,82-606-000-000,120,5,Республика Дагестан,2018,9999
122,Бабаюртовский муниципальный район,муниципальный район,82-607-000-000,121,5,Республика Дагестан,2018,9999
123,Ботлихский муниципальный район,муниципальный район,82-609-000-000,122,5,Республика Дагестан,2018,9999
124,Буйнакский муниципальный район,муниципальный район,82-611-000-000,123,5,Республика Дагестан,2018,9999
125,Гергебильский муниципальный район,муниципальный район,82-613-000-000,124,5,Республика Дагестан,2018,9999
126,Гумбетовский муниципальный район,муниципальный район,82-615-000-000,125,5,Республика Дагестан,2018,9999
127,Гунибский муниципальный район,муниципальный район,82-616-000-000,126,5,Республика Дагестан,2018,9999
128,Дахадаевский муниципальный район,муниципальный район,82-618-000-000,127,5,Республика Дагестан,2018,9999
129,Дербентский муниципальный район,муниципальный район,82-620-000-000,128,5,Республика Дагестан,2018,9999
130,Докузпаринский муниципальный район,муниципальный район,82-621-000-000,129,5,Республика Дагестан,2018,9999
131,Казбековский муниципальный район,муниципальный район,82-622-000-000,130,5,Республика Дагестан,2018,9999
132,Кайтагский муниципальный район,муниципальный район,82-623-000-000,131,5,Республика Дагестан,2018,9999
133,Каякентский муниципальный район,муниципальный район,82-624-000-000,132,5,Республика Дагестан,2018,9999
134,Кизилюртовский муниципальный район,муниципальный район,82-626-000-000,133,5,Республика Дагестан,2018,9999
135,Кизлярский муниципальный район,муниципальный район,82-627-000-000,134,5,Республика Дагестан,2018,9999
136,Кулинский муниципальный район,муниципальный район,82-629-000-000,135,5,Республика Дагестан,2018,9999
137,Курахский муниципальный район,муниципальный район,82-630-000-000,136,5,Республика Дагестан,2018,9999
138,Лакский муниципальный район,муниципальный район,82-632-000-000,137,5,Республика Дагестан,2018,9999
139,Левашинский муниципальный район,муниципальный район,82-634-000-000,138,5,Республика Дагестан,2018,9999
140,Карабудахкентский муниципальный район,муниципальный район,82-635-000-000,139,5,Республика Дагестан,2018,9999
141,Кумторкалинский муниципальный район,муниципальный район,82-636-000-000,140,5,Республика Дагестан,2018,9999
142,Магарамкентский муниципальный район,муниципальный район,82-637-000-000,141,5,Республика Дагестан,2018,9999
143,Новолакский муниципальный район,муниципальный район,82-639-000-000,142,5,Республика Дагестан,2018,9999
144,Ногайский муниципальный район,муниципальный район,82-640-000-000,143,5,Республика Дагестан,2018,9999
145,Рутульский муниципальный район,муниципальный район,82-642-000-000,144,5,Республика Дагестан,2018,9999
146,Сергокалинский муниципальный район,муниципальный район,82-644-000-000,145,5,Республика Дагестан,2018,9999
147,Шамильский муниципальный район,муниципальный район,82-646-000-000,146,5,Республика Дагестан,2018,9999
148,Сулейман-Стальский муниципальный район,муниципальный район,82-647-000-000,147,5,Республика Дагестан,2018,9999
149,Табасаранский муниципальный район,муниципальный район,82-648-000-000,148,5,Республика Дагестан,2018,9999
150,Тарумовский муниципальный район,муниципальный район,82-649-000-000,149,5,Республика Дагестан,2018,9999
151,Тляратинский муниципальный район,муниципальный район,82-651-000-000,150,5,Республика Дагестан,2018,9999
152,Унцукульский муниципальный район,муниципальный район,82-653-000-000,151,5,Республика Дагестан,2018,9999
153,Хасавюртовский муниципальный район,муниципальный район,82-654-000-000,152,5,Республика Дагестан,2018,9999
154,Хивский муниципальный район,муниципальный район,82-655-000-000,153,5,Республика Дагестан,2018,9999
155,Хунзахский муниципальный район,муниципальный район,82-656-000-000,154,5,Республика Дагестан,2018,9999
156,Цумадинский муниципальный район,муниципальный район,82-657-000-000,155,5,Республика Дагестан,2018,9999
157,Цунтинский муниципальный район,муниципальный район,82-658-000-000,156,5,Республика Дагестан,2018,9999
158,Чародинский муниципальный район,муниципальный район,82-659-000-000,157,5,Республика Дагестан,2018,9999
159,городской округ город Магас,городской округ,26-701-000-000,158,6,Республика Ингушетия,2018,9999
160,городской округ город Малгобек,городской округ,26-715-000-000,159,6,Республика Ингушетия,2018,9999
161,городской округ город Назрань,городской округ,26-706-000-000,160,6,Республика Ингушетия,2018,9999
162,городской округ город Карабулак,городской округ,26-710-000-000,161,6,Республика Ингушетия,2018,9999
163,городской округ город Сунжа,городской округ,26-720-000-000,162,6,Республика Ингушетия,2018,9999
164,Джейрахский муниципальный район,муниципальный район,26-620-000-000,163,6,Республика Ингушетия,2018,9999
165,Малгобекский муниципальный район,муниципальный район,26-615-000-000,164,6,Республика Ингушетия,2018,9999
166,Назрановский муниципальный район,муниципальный район,26-605-000-000,165,6,Республика Ингушетия,2018,9999
167,Сунженский муниципальный район,муниципальный район,26-610-000-000,166,6,Республика Ингушетия,2018,9999
168,городской округ Нальчик,городской округ,83-701-000-000,167,7,Кабардино-Балкарская Республика,2018,9999
169,городской округ Баксан,городской округ,83-703-000-000,168,7,Кабардино-Балкарская Республика,2018,9999
170,городской округ Прохладный,городской округ,83-710-000-000,169,7,Кабардино-Балкарская Республика,2018,9999
171,Баксанский муниципальный район,муниципальный район,83-610-000-000,170,7,Кабардино-Балкарская Республика,2018,9999
172,Зольский муниципальный район,муниципальный район,83-615-000-000,171,7,Кабардино-Балкарская Республика,2018,9999
173,Лескенский муниципальный район,муниципальный район,83-618-000-000,172,7,Кабардино-Балкарская Республика,2018,9999
174,Майский муниципальный район,муниципальный район,83-620-000-000,173,7,Кабардино-Балкарская Республика,2018,9999
175,Прохладненский муниципальный район,муниципальный район,83-625-000-000,174,7,Кабардино-Балкарская Республика,2018,9999
176,Черекский муниципальный район,муниципальный район,83-630-000-000,175,7,Кабардино-Балкарская Республика,2018,9999
177,Терский муниципальный район,муниципальный район,83-635-000-000,176,7,Кабардино-Балкарская Республика,2018,9999
178,Урванский муниципальный район,муниципальный район,83-640-000-000,177,7,Кабардино-Балкарская Республика,2018,9999
179,Чегемский муниципальный район,муниципальный район,83-645-000-000,178,7,Кабардино-Балкарская Республика,2018,9999
180,Эльбрусский муниципальный район,муниципальный район,83-648-000-000,179,7,Кабардино-Балкарская Республика,2018,9999
181,городской округ город Элиста,городской округ,85-701-000-000,180,8,Республика Калмыкия,2018,9999
182,Городовиковский муниципальный район,муниципальный район,85-605-000-000,181,8,Республика Калмыкия,2018,9999
183,Ики-Бурульский муниципальный район,муниципальный район,85-610-000-000,182,8,Республика Калмыкия,2018,9999
184,Кетченеровский муниципальный район,муниципальный район,85-625-000-000,183,8,Республика Калмыкия,2018,9999
185,Лаганский муниципальный район,муниципальный район,85-615-000-000,184,8,Республика Калмыкия,2018,9999
186,Малодербетовский муниципальный район,муниципальный район,85-620-000-000,185,8,Республика Калмыкия,2018,9999
187,Октябрьский муниципальный район,муниципальный район,85-623-000-000,186,8,Республика Калмыкия,2018,9999
188,Приютненский муниципальный район,муниципальный район,85-628-000-000,187,8,Республика Калмыкия,2018,9999
189,Сарпинский муниципальный район,муниципальный район,85-632-000-000,188,8,Республика Калмыкия,2018,9999
190,Целинный муниципальный район,муниципальный район,85-637-000-000,189,8,Республика Калмыкия,2018,9999
191,Черноземельский муниципальный район,муниципальный район,85-642-000-000,190,8,Республика Калмыкия,2018,9999
192,Юстинский муниципальный район,муниципальный район,85-646-000-000,191,8,Республика Калмыкия,2018,9999
193,Яшалтинский муниципальный район,муниципальный район,85-650-000-000,192,8,Республика Калмыкия,2018,9999
194,Яшкульский муниципальный район,муниципальный район,85-654-000-000,193,8,Республика Калмыкия,2018,9999
195,городской округ Черкесский,городской округ,91-701-000-000,194,9,Карачаево-Черкесская Республика,2018,9999
196,городской округ Карачаевский,городской округ,91-705-000-000,195,9,Карачаево-Черкесская Республика,2018,9999
197,Абазинский муниципальный район,муниципальный район,91-601-000-000,196,9,Карачаево-Черкесская Республика,2018,9999
198,Адыге-Хабльский муниципальный район,муниципальный район,91-603-000-000,197,9,Карачаево-Черкесская Республика,2018,9999
199,Зеленчукский муниципальный район,муниципальный район,91-610-000-000,198,9,Карачаево-Черкесская Республика,2018,9999
200,Карачаевский муниципальный район,муниципальный район,91-615-000-000,199,9,Карачаево-Черкесская Республика,2018,9999
201,Малокарачаевский муниципальный район,муниципальный район,91-620-000-000,200,9,Карачаево-Черкесская Республика,2018,9999
202,Ногайский муниципальный район,муниципальный район,91-623-000-000,201,9,Карачаево-Черкесская Республика,2018,9999
203,Прикубанский муниципальный район,муниципальный район,91-625-000-000,202,9,Карачаево-Черкесская Республика,2018,9999
204,Урупский муниципальный район,муниципальный район,91-630-000-000,203,9,Карачаево-Черкесская Республика,2018,9999
205,Усть-Джегутинский муниципальный район,муниципальный район,91-635-000-000,204,9,Карачаево-Черкесская Республика,2018,9999
206,Хабезский муниципальный район,муниципальный район,91-640-000-000,205,9,Карачаево-Черкесская Республика,2018,9999
207,городской округ Петрозаводский,городской округ,86-701-000-000,206,10,Республика Карелия,2018,9999
208,городской округ Костомукшский,городской округ,86-706-000-000,207,10,Республика Карелия,2018,9999
210,Калевальский муниципальный район,муниципальный район,86-609-000-000,209,10,Республика Карелия,2018,9999
211,Кемский муниципальный район,муниципальный район,86-612-000-000,210,10,Республика Карелия,2018,9999
212,Кондопожский муниципальный район,муниципальный район,86-615-000-000,211,10,Республика Карелия,2018,9999
213,Лахденпохский муниципальный район,муниципальный район,86-618-000-000,212,10,Республика Карелия,2018,9999
214,Лоухский муниципальный район,муниципальный район,86-621-000-000,213,10,Республика Карелия,2018,9999
215,Медвежьегорский муниципальный район,муниципальный район,86-624-000-000,214,10,Республика Карелия,2018,9999
216,Муезерский муниципальный район,муниципальный район,86-627-000-000,215,10,Республика Карелия,2018,9999
217,Олонецкий муниципальный район,муниципальный район,86-630-000-000,216,10,Республика Карелия,2018,9999
219,Прионежский муниципальный район,муниципальный район,86-636-000-000,218,10,Республика Карелия,2018,9999
220,Пряжинский муниципальный район,муниципальный район,86-639-000-000,219,10,Республика Карелия,2018,9999
221,Пудожский муниципальный район,муниципальный район,86-642-000-000,220,10,Республика Карелия,2018,9999
223,Сортавальский муниципальный район,муниципальный район,86-610-000-000,222,10,Республика Карелия,2018,9999
225,городской округ Сыктывкар,городской округ,87-701-000-000,224,11,Республика Коми,2018,9999
226,городской округ Воркута,городской округ,87-710-000-000,225,11,Республика Коми,2018,9999
228,городской округ Инта,городской округ,87-715-000-000,227,11,Республика Коми,2018,9999
230,городской округ Ухта,городской округ,87-725-000-000,229,11,Республика Коми,2018,9999
231,Ижемский муниципальный район,муниципальный район,87-604-000-000,230,11,Республика Коми,2018,9999
232,Княжпогостский муниципальный район,муниципальный район,87-608-000-000,231,11,Республика Коми,2018,9999
233,Койгородский муниципальный район,муниципальный район,87-612-000-000,232,11,Республика Коми,2018,9999
234,Корткеросский муниципальный район,муниципальный район,87-616-000-000,233,11,Республика Коми,2018,9999
235,муниципальный район Печора,муниципальный район,87-620-000-000,234,11,Республика Коми,2018,9999
236,Прилузский муниципальный район,муниципальный район,87-624-000-000,235,11,Республика Коми,2018,9999
237,муниципальный район Сосногорск,муниципальный район,87-626-000-000,236,11,Республика Коми,2018,9999
238,Сыктывдинский муниципальный район,муниципальный район,87-628-000-000,237,11,Республика Коми,2018,9999
239,Сысольский муниципальный район,муниципальный район,87-632-000-000,238,11,Республика Коми,2018,9999
240,Троицко-Печорский муниципальный район,муниципальный район,87-636-000-000,239,11,Республика Коми,2018,9999
241,Удорский муниципальный район,муниципальный район,87-640-000-000,240,11,Республика Коми,2018,9999
242,Усть-Вымский муниципальный район,муниципальный район,87-644-000-000,241,11,Республика Коми,2018,9999
243,Усть-Куломский муниципальный район,муниципальный район,87-648-000-000,242,11,Республика Коми,2018,9999
244,Усть-Цилемский муниципальный район,муниципальный район,87-652-000-000,243,11,Республика Коми,2018,9999
245,городской округ Симферополь,городской округ,35-701-000-000,244,91,Республика Крым,2018,9999
246,городской округ Алушта,городской округ,35-703-000-000,245,91,Республика Крым,2018,9999
247,городской округ Армянск,городской округ,35-706-000-000,246,91,Республика Крым,2018,9999
248,городской округ Джанкой,городской округ,35-709-000-000,247,91,Республика Крым,2018,9999
249,городской округ Евпатория,городской округ,35-712-000-000,248,91,Республика Крым,2018,9999
250,городской округ Керчь,городской округ,35-715-000-000,249,91,Республика Крым,2018,9999
251,городской округ Красноперекопск,городской округ,35-718-000-000,250,91,Республика Крым,2018,9999
252,городской округ Саки,городской округ,35-721-000-000,251,91,Республика Крым,2018,9999
253,городской округ Судак,городской округ,35-723-000-000,252,91,Республика Крым,2018,9999
254,городской округ Феодосия,городской округ,35-726-000-000,253,91,Республика Крым,2018,9999
255,городской округ Ялта,городской округ,35-729-000-000,254,91,Республика Крым,2018,9999
256,Бахчисарайский муниципальный район,муниципальный район,35-604-000-000,255,91,Республика Крым,2018,9999
257,Белогорский муниципальный район,муниципальный район,35-607-000-000,256,91,Республика Крым,2018,9999
258,Джанкойский муниципальный район,муниципальный район,35-611-000-000,257,91,Республика Крым,2018,9999
259,Кировский муниципальный район,муниципальный район,35-616-000-000,258,91,Республика Крым,2018,9999
260,Красногвардейский муниципальный район,муниципальный район,35-620-000-000,259,91,Республика Крым,2018,9999
261,Красноперекопский муниципальный район,муниципальный район,35-623-000-000,260,91,Республика Крым,2018,9999
262,Ленинский муниципальный район,муниципальный район,35-627-000-000,261,91,Республика Крым,2018,9999
263,Нижнегорский муниципальный район,муниципальный район,35-631-000-000,262,91,Республика Крым,2018,9999
264,Первомайский муниципальный район,муниципальный район,35-635-000-000,263,91,Республика Крым,2018,9999
265,Раздольненский муниципальный район,муниципальный район,35-639-000-000,264,91,Республика Крым,2018,9999
266,Сакский муниципальный район,муниципальный район,35-643-000-000,265,91,Республика Крым,2018,9999
267,Симферопольский муниципальный район,муниципальный район,35-647-000-000,266,91,Республика Крым,2018,9999
268,Советский муниципальный район,муниципальный район,35-652-000-000,267,91,Республика Крым,2018,9999
269,Черноморский муниципальный район,муниципальный район,35-656-000-000,268,91,Республика Крым,2018,9999
270,городской округ город Йошкар-Ола,городской округ,88-701-000-000,269,12,Республика Марий Эл,2018,9999
271,городской округ город Волжск,городской округ,88-705-000-000,270,12,Республика Марий Эл,2018,9999
272,городской округ город Козьмодемьянск,городской округ,88-715-000-000,271,12,Республика Марий Эл,2018,9999
273,Волжский муниципальный район,муниципальный район,88-604-000-000,272,12,Республика Марий Эл,2018,9999
274,Горномарийский муниципальный район,муниципальный район,88-608-000-000,273,12,Республика Марий Эл,2018,9999
275,Звениговский муниципальный район,муниципальный район,88-612-000-000,274,12,Республика Марий Эл,2018,9999
276,Килемарский муниципальный район,муниципальный район,88-616-000-000,275,12,Республика Марий Эл,2018,9999
277,Куженерский муниципальный район,муниципальный район,88-620-000-000,276,12,Республика Марий Эл,2018,9999
278,Мари-Турекский муниципальный район,муниципальный район,88-624-000-000,277,12,Республика Марий Эл,2018,9999
279,Медведевский муниципальный район,муниципальный район,88-628-000-000,278,12,Республика Марий Эл,2018,9999
280,Моркинский муниципальный район,муниципальный район,88-632-000-000,279,12,Республика Марий Эл,2018,9999
281,Новоторъяльский муниципальный район,муниципальный район,88-636-000-000,280,12,Республика Марий Эл,2018,9999
282,Оршанский муниципальный район,муниципальный район,88-640-000-000,281,12,Республика Марий Эл,2018,9999
283,Параньгинский муниципальный район,муниципальный район,88-644-000-000,282,12,Республика Марий Эл,2018,9999
284,Сернурский муниципальный район,муниципальный район,88-648-000-000,283,12,Республика Марий Эл,2018,9999
285,Советский муниципальный район,муниципальный район,88-652-000-000,284,12,Республика Марий Эл,2018,9999
286,Юринский муниципальный район,муниципальный район,88-656-000-000,285,12,Республика Марий Эл,2018,9999
287,городской округ Саранск,городской округ,89-701-000-000,286,13,Республика Мордовия,2018,9999
288,Ардатовский муниципальный район,муниципальный район,89-603-000-000,287,13,Республика Мордовия,2018,9999
289,Атюрьевский муниципальный район,муниципальный район,89-605-000-000,288,13,Республика Мордовия,2018,9999
290,Атяшевский муниципальный район,муниципальный район,89-607-000-000,289,13,Республика Мордовия,2018,9999
291,Большеберезниковский муниципальный район,муниципальный район,89-610-000-000,290,13,Республика Мордовия,2018,9999
292,Большеигнатовский муниципальный район,муниципальный район,89-613-000-000,291,13,Республика Мордовия,2018,9999
293,Дубенский муниципальный район,муниципальный район,89-616-000-000,292,13,Республика Мордовия,2018,9999
294,Ельниковский муниципальный район,муниципальный район,89-618-000-000,293,13,Республика Мордовия,2018,9999
295,Зубово-Полянский муниципальный район,муниципальный район,89-621-000-000,294,13,Республика Мордовия,2018,9999
296,Инсарский муниципальный район,муниципальный район,89-624-000-000,295,13,Республика Мордовия,2018,9999
297,Ичалковский муниципальный район,муниципальный район,89-626-000-000,296,13,Республика Мордовия,2018,9999
298,Кадошкинский муниципальный район,муниципальный район,89-628-000-000,297,13,Республика Мордовия,2018,9999
299,Ковылкинский муниципальный район,муниципальный район,89-629-000-000,298,13,Республика Мордовия,2018,9999
300,Кочкуровский муниципальный район,муниципальный район,89-631-000-000,299,13,Республика Мордовия,2018,9999
301,Краснослободский муниципальный район,муниципальный район,89-634-000-000,300,13,Республика Мордовия,2018,9999
302,Лямбирский муниципальный район,муниципальный район,89-637-000-000,301,13,Республика Мордовия,2018,9999
303,Ромодановский муниципальный район,муниципальный район,89-640-000-000,302,13,Республика Мордовия,2018,9999
304,Рузаевский муниципальный район,муниципальный район,89-643-000-000,303,13,Республика Мордовия,2018,9999
305,Старошайговский муниципальный район,муниципальный район,89-646-000-000,304,13,Республика Мордовия,2018,9999
306,Темниковский муниципальный район,муниципальный район,89-649-000-000,305,13,Республика Мордовия,2018,9999
307,Теньгушевский муниципальный район,муниципальный район,89-651-000-000,306,13,Республика Мордовия,2018,9999
308,Торбеевский муниципальный район,муниципальный район,89-654-000-000,307,13,Республика Мордовия,2018,9999
309,Чамзинский муниципальный район,муниципальный район,89-657-000-000,308,13,Республика Мордовия,2018,9999
310,городской округ город Якутск,городской округ,98-701-000-000,309,14,Республика Саха (Якутия),2018,9999
311,городской округ Жатай,городской округ,98-702-000-000,310,14,Республика Саха (Якутия),2018,9999
312,Абыйский муниципальный район,муниципальный район,98-601-000-000,311,14,Республика Саха (Якутия),2018,9999
313,Алданский муниципальный район,муниципальный район,98-603-000-000,312,14,Республика Саха (Якутия),2018,9999
314,Аллаиховский муниципальный район,муниципальный район,98-606-000-000,313,14,Республика Саха (Якутия),2018,9999
315,Амгинский муниципальный район,муниципальный район,98-608-000-000,314,14,Республика Саха (Якутия),2018,9999
316,Анабарский национальный (долгано-эвенкийский) муниципальный район,муниципальный район,98-610-000-000,315,14,Республика Саха (Якутия),2018,9999
317,Булунский муниципальный район,муниципальный район,98-612-000-000,316,14,Республика Саха (Якутия),2018,9999
318,Верхневилюйский муниципальный район,муниципальный район,98-614-000-000,317,14,Республика Саха (Якутия),2018,9999
319,Верхнеколымский муниципальный район,муниципальный район,98-615-000-000,318,14,Республика Саха (Якутия),2018,9999
320,Верхоянский муниципальный район,муниципальный район,98-616-000-000,319,14,Республика Саха (Якутия),2018,9999
321,Вилюйский муниципальный район,муниципальный район,98-618-000-000,320,14,Республика Саха (Якутия),2018,9999
322,Горный муниципальный район,муниципальный район,98-620-000-000,321,14,Республика Саха (Якутия),2018,9999
323,Жиганский муниципальный район,муниципальный район,98-622-000-000,322,14,Республика Саха (Якутия),2018,9999
324,Кобяйский муниципальный район,муниципальный район,98-624-000-000,323,14,Республика Саха (Якутия),2018,9999
325,Нюрбинский муниципальный район,муниципальный район,98-626-000-000,324,14,Республика Саха (Якутия),2018,9999
326,Ленский муниципальный район,муниципальный район,98-627-000-000,325,14,Республика Саха (Якутия),2018,9999
327,Мегино-Кангаласский муниципальный район,муниципальный район,98-629-000-000,326,14,Республика Саха (Якутия),2018,9999
328,Мирнинский муниципальный район,муниципальный район,98-631-000-000,327,14,Республика Саха (Якутия),2018,9999
329,Момский муниципальный район,муниципальный район,98-633-000-000,328,14,Республика Саха (Якутия),2018,9999
330,Намский муниципальный район,муниципальный район,98-635-000-000,329,14,Республика Саха (Якутия),2018,9999
331,Нерюнгринский муниципальный район,муниципальный район,98-660-000-000,330,14,Республика Саха (Якутия),2018,9999
332,Нижнеколымский муниципальный район,муниципальный район,98-637-000-000,331,14,Республика Саха (Якутия),2018,9999
333,Оймяконский муниципальный район,муниципальный район,98-639-000-000,332,14,Республика Саха (Якутия),2018,9999
334,Олекминский муниципальный район,муниципальный район,98-641-000-000,333,14,Республика Саха (Якутия),2018,9999
335,Оленекский эвенкийский национальный муниципальный район,муниципальный район,98-642-000-000,334,14,Республика Саха (Якутия),2018,9999
336,Среднеколымский муниципальный район,муниципальный район,98-646-000-000,335,14,Республика Саха (Якутия),2018,9999
337,Сунтарский муниципальный район,муниципальный район,98-648-000-000,336,14,Республика Саха (Якутия),2018,9999
338,Таттинский муниципальный район,муниципальный район,98-604-000-000,337,14,Республика Саха (Якутия),2018,9999
339,Томпонский муниципальный район,муниципальный район,98-650-000-000,338,14,Республика Саха (Якутия),2018,9999
340,Усть-Алданский муниципальный район,муниципальный район,98-652-000-000,339,14,Республика Саха (Якутия),2018,9999
341,Усть-Майский муниципальный район,муниципальный район,98-654-000-000,340,14,Республика Саха (Якутия),2018,9999
342,Усть-Янский муниципальный район,муниципальный район,98-656-000-000,341,14,Республика Саха (Якутия),2018,9999
343,Хангаласский муниципальный район,муниципальный район,98-644-000-000,342,14,Республика Саха (Якутия),2018,9999
344,Чурапчинский муниципальный район,муниципальный район,98-658-000-000,343,14,Республика Саха (Якутия),2018,9999
345,Эвено-Бытантайский национальный муниципальный район,муниципальный район,98-659-000-000,344,14,Республика Саха (Якутия),2018,9999
346,городской округ город Владикавказ,городской округ,90-701-000-000,345,15,Республика Северная Осетия — Алания,2018,9999
347,Алагирский муниципальный район,муниципальный район,90-605-000-000,346,15,Республика Северная Осетия — Алания,2018,9999
348,Ардонский муниципальный район,муниципальный район,90-610-000-000,347,15,Республика Северная Осетия — Алания,2018,9999
349,Дигорский муниципальный район,муниципальный район,90-615-000-000,348,15,Республика Северная Осетия — Алания,2018,9999
350,Ирафский муниципальный район,муниципальный район,90-620-000-000,349,15,Республика Северная Осетия — Алания,2018,9999
351,Кировский муниципальный район,муниципальный район,90-625-000-000,350,15,Республика Северная Осетия — Алания,2018,9999
352,Моздокский муниципальный район,муниципальный район,90-630-000-000,351,15,Республика Северная Осетия — Алания,2018,9999
353,Правобережный муниципальный район,муниципальный район,90-635-000-000,352,15,Республика Северная Осетия — Алания,2018,9999
354,Пригородный муниципальный район,муниципальный район,90-640-000-000,353,15,Республика Северная Осетия — Алания,2018,9999
355,городской округ город Казань,городской округ,92-701-000-000,354,16,Республика Татарстан,2018,9999
356,городской округ город Набережные Челны,городской округ,92-730-000-000,355,16,Республика Татарстан,2018,9999
357,Агрызский муниципальный район,муниципальный район,92-601-000-000,356,16,Республика Татарстан,2018,9999
358,Азнакаевский муниципальный район,муниципальный район,92-602-000-000,357,16,Республика Татарстан,2018,9999
359,Аксубаевский муниципальный район,муниципальный район,92-604-000-000,358,16,Республика Татарстан,2018,9999
360,Актанышский муниципальный район,муниципальный район,92-605-000-000,359,16,Республика Татарстан,2018,9999
361,Алексеевский муниципальный район,муниципальный район,92-606-000-000,360,16,Республика Татарстан,2018,9999
362,Алькеевский муниципальный район,муниципальный район,92-607-000-000,361,16,Республика Татарстан,2018,9999
363,Альметьевский муниципальный район,муниципальный район,92-608-000-000,362,16,Республика Татарстан,2018,9999
364,Апастовский муниципальный район,муниципальный район,92-610-000-000,363,16,Республика Татарстан,2018,9999
365,Арский муниципальный район,муниципальный район,92-612-000-000,364,16,Республика Татарстан,2018,9999
366,Атнинский муниципальный район,муниципальный район,92-613-000-000,365,16,Республика Татарстан,2018,9999
367,Бавлинский муниципальный район,муниципальный район,92-614-000-000,366,16,Республика Татарстан,2018,9999
368,Балтасинский муниципальный район,муниципальный район,92-615-000-000,367,16,Республика Татарстан,2018,9999
369,Бугульминский муниципальный район,муниципальный район,92-617-000-000,368,16,Республика Татарстан,2018,9999
370,Буинский муниципальный район,муниципальный район,92-618-000-000,369,16,Республика Татарстан,2018,9999
371,Верхнеуслонский муниципальный район,муниципальный район,92-620-000-000,370,16,Республика Татарстан,2018,9999
372,Высокогорский муниципальный район,муниципальный район,92-622-000-000,371,16,Республика Татарстан,2018,9999
373,Дрожжановский муниципальный район,муниципальный район,92-624-000-000,372,16,Республика Татарстан,2018,9999
374,Елабужский муниципальный район,муниципальный район,92-626-000-000,373,16,Республика Татарстан,2018,9999
375,Заинский муниципальный район,муниципальный район,92-627-000-000,374,16,Республика Татарстан,2018,9999
376,Зеленодольский муниципальный район,муниципальный район,92-628-000-000,375,16,Республика Татарстан,2018,9999
377,Кайбицкий муниципальный район,муниципальный район,92-629-000-000,376,16,Республика Татарстан,2018,9999
378,Камско-Устьинский муниципальный район,муниципальный район,92-630-000-000,377,16,Республика Татарстан,2018,9999
379,Кукморский муниципальный район,муниципальный район,92-633-000-000,378,16,Республика Татарстан,2018,9999
380,Лаишевский муниципальный район,муниципальный район,92-634-000-000,379,16,Республика Татарстан,2018,9999
381,Лениногорский муниципальный район,муниципальный район,92-636-000-000,380,16,Республика Татарстан,2018,9999
382,Мамадышский муниципальный район,муниципальный район,92-638-000-000,381,16,Республика Татарстан,2018,9999
383,Менделеевский муниципальный район,муниципальный район,92-639-000-000,382,16,Республика Татарстан,2018,9999
384,Мензелинский муниципальный район,муниципальный район,92-640-000-000,383,16,Республика Татарстан,2018,9999
385,Муслюмовский муниципальный район,муниципальный район,92-642-000-000,384,16,Республика Татарстан,2018,9999
386,Нижнекамский муниципальный район,муниципальный район,92-644-000-000,385,16,Республика Татарстан,2018,9999
387,Новошешминский муниципальный район,муниципальный район,92-645-000-000,386,16,Республика Татарстан,2018,9999
388,Нурлатский муниципальный район,муниципальный район,92-646-000-000,387,16,Республика Татарстан,2018,9999
389,Пестречинский муниципальный район,муниципальный район,92-648-000-000,388,16,Республика Татарстан,2018,9999
390,Рыбно-Слободский муниципальный район,муниципальный район,92-650-000-000,389,16,Республика Татарстан,2018,9999
391,Сабинский муниципальный район,муниципальный район,92-652-000-000,390,16,Республика Татарстан,2018,9999
392,Сармановский муниципальный район,муниципальный район,92-653-000-000,391,16,Республика Татарстан,2018,9999
393,Спасский муниципальный район,муниципальный район,92-632-000-000,392,16,Республика Татарстан,2018,9999
394,Тетюшский муниципальный район,муниципальный район,92-655-000-000,393,16,Республика Татарстан,2018,9999
395,Тукаевский муниципальный район,муниципальный район,92-657-000-000,394,16,Республика Татарстан,2018,9999
396,Тюлячинский муниципальный район,муниципальный район,92-656-000-000,395,16,Республика Татарстан,2018,9999
397,Черемшанский муниципальный район,муниципальный район,92-658-000-000,396,16,Республика Татарстан,2018,9999
398,Чистопольский муниципальный район,муниципальный район,92-659-000-000,397,16,Республика Татарстан,2018,9999
399,Ютазинский муниципальный район,муниципальный район,92-654-000-000,398,16,Республика Татарстан,2018,9999
400,городской округ город Кызыл,городской округ,93-701-000-000,399,17,Республика Тыва,2018,9999
401,городской округ город Ак-Довурак,городской округ,93-703-000-000,400,17,Республика Тыва,2018,9999
402,Бай-Тайгинский муниципальный район,муниципальный район,93-605-000-000,401,17,Республика Тыва,2018,9999
403,Барун-Хемчикский муниципальный район,муниципальный район,93-610-000-000,402,17,Республика Тыва,2018,9999
404,Дзун-Хемчикский муниципальный район,муниципальный район,93-615-000-000,403,17,Республика Тыва,2018,9999
405,Каа-Хемский муниципальный район,муниципальный район,93-620-000-000,404,17,Республика Тыва,2018,9999
406,Кызылский муниципальный район,муниципальный район,93-622-000-000,405,17,Республика Тыва,2018,9999
407,Монгун-Тайгинский муниципальный район,муниципальный район,93-625-000-000,406,17,Республика Тыва,2018,9999
408,Овюрский муниципальный район,муниципальный район,93-630-000-000,407,17,Республика Тыва,2018,9999
409,Пий-Хемский муниципальный район,муниципальный район,93-635-000-000,408,17,Республика Тыва,2018,9999
410,Сут-Хольский муниципальный район,муниципальный район,93-638-000-000,409,17,Республика Тыва,2018,9999
411,Тандинский муниципальный район,муниципальный район,93-640-000-000,410,17,Республика Тыва,2018,9999
412,Тере-Хольский муниципальный район,муниципальный район,93-643-000-000,411,17,Республика Тыва,2018,9999
413,Тес-Хемский муниципальный район,муниципальный район,93-645-000-000,412,17,Республика Тыва,2018,9999
414,Тоджинский муниципальный район,муниципальный район,93-650-000-000,413,17,Республика Тыва,2018,9999
415,Улуг-Хемский муниципальный район,муниципальный район,93-654-000-000,414,17,Республика Тыва,2018,9999
416,Чаа-Хольский муниципальный район,муниципальный район,93-656-000-000,415,17,Республика Тыва,2018,9999
417,Чеди-Хольский муниципальный район,муниципальный район,93-657-000-000,416,17,Республика Тыва,2018,9999
418,Эрзинский муниципальный район,муниципальный район,93-658-000-000,417,17,Республика Тыва,2018,9999
419,городской округ город Ижевск,городской округ,94-701-000-000,418,18,Удмуртская Республика,2018,9999
420,городской округ город Воткинск,городской округ,94-710-000-000,419,18,Удмуртская Республика,2018,9999
421,городской округ город Глазов,городской округ,94-720-000-000,420,18,Удмуртская Республика,2018,9999
422,городской округ город Можга,городской округ,94-730-000-000,421,18,Удмуртская Республика,2018,9999
423,городской округ город Сарапул,городской округ,94-740-000-000,422,18,Удмуртская Республика,2018,9999
449,городской округ город Абакан,городской округ,95-701-000-000,448,19,Республика Хакасия,2018,9999
450,городской округ город Абаза,городской округ,95-702-000-000,449,19,Республика Хакасия,2018,9999
451,городской округ город Саяногорск,городской округ,95-708-000-000,450,19,Республика Хакасия,2018,9999
452,городской округ город Сорск,городской округ,95-709-000-000,451,19,Республика Хакасия,2018,9999
453,городской округ город Черногорск,городской округ,95-715-000-000,452,19,Республика Хакасия,2018,9999
454,Алтайский муниципальный район,муниципальный район,95-605-000-000,453,19,Республика Хакасия,2018,9999
455,Аскизский муниципальный район,муниципальный район,95-608-000-000,454,19,Республика Хакасия,2018,9999
456,Бейский муниципальный район,муниципальный район,95-612-000-000,455,19,Республика Хакасия,2018,9999
457,Боградский муниципальный район,муниципальный район,95-615-000-000,456,19,Республика Хакасия,2018,9999
458,Орджоникидзевский муниципальный район,муниципальный район,95-620-000-000,457,19,Республика Хакасия,2018,9999
459,Таштыпский муниципальный район,муниципальный район,95-625-000-000,458,19,Республика Хакасия,2018,9999
460,Усть-Абаканский муниципальный район,муниципальный район,95-630-000-000,459,19,Республика Хакасия,2018,9999
461,Ширинский муниципальный район,муниципальный район,95-635-000-000,460,19,Республика Хакасия,2018,9999
462,городской округ город Грозный,городской округ,96-701-000-000,461,20,Чеченская Республика,2018,9999
463,городской округ город Аргун,городской округ,96-702-000-000,462,20,Чеченская Республика,2018,9999
464,Ачхой-Мартановский муниципальный район,муниципальный район,96-602-000-000,463,20,Чеченская Республика,2018,9999
465,Веденский муниципальный район,муниципальный район,96-604-000-000,464,20,Чеченская Республика,2018,9999
466,Грозненский муниципальный район,муниципальный район,96-607-000-000,465,20,Чеченская Республика,2018,9999
467,Гудермесский муниципальный район,муниципальный район,96-610-000-000,466,20,Чеченская Республика,2018,9999
468,Итум-Калинский муниципальный район,муниципальный район,96-611-000-000,467,20,Чеченская Республика,2018,9999
469,Курчалоевский муниципальный район,муниципальный район,96-612-000-000,468,20,Чеченская Республика,2018,9999
470,Надтеречный муниципальный район,муниципальный район,96-616-000-000,469,20,Чеченская Республика,2018,9999
471,Наурский муниципальный район,муниципальный район,96-622-000-000,470,20,Чеченская Республика,2018,9999
472,Ножай-Юртовский муниципальный район,муниципальный район,96-625-000-000,471,20,Чеченская Республика,2018,9999
473,Шатойский муниципальный район,муниципальный район,96-628-000-000,472,20,Чеченская Республика,2018,9999
475,Урус-Мартановский муниципальный район,муниципальный район,96-634-000-000,474,20,Чеченская Республика,2018,9999
476,Шалинский муниципальный район,муниципальный район,96-637-000-000,475,20,Чеченская Республика,2018,9999
477,Шелковской муниципальный район,муниципальный район,96-640-000-000,476,20,Чеченская Республика,2018,9999
478,Шаройский муниципальный район,муниципальный район,96-691-000-000,477,20,Чеченская Республика,2018,9999
479,городской округ город Чебоксары,городской округ,97-701-000-000,478,21,Чувашская Республика,2018,9999
480,городской округ город Алатырь,городской округ,97-704-000-000,479,21,Чувашская Республика,2018,9999
481,городской округ город Канаш,городской округ,97-707-000-000,480,21,Чувашская Республика,2018,9999
482,городской округ город Новочебоксарск,городской округ,97-710-000-000,481,21,Чувашская Республика,2018,9999
483,городской округ город Шумерля,городской округ,97-713-000-000,482,21,Чувашская Республика,2018,9999
505,городской округ город Барнаул,городской округ,01-701-000-000,504,22,Алтайский край,2018,9999
506,городской округ город Алейск,городской округ,01-703-000-000,505,22,Алтайский край,2018,9999
507,городской округ город Белокуриха,городской округ,01-704-000-000,506,22,Алтайский край,2018,9999
508,городской округ город Бийск,городской округ,01-705-000-000,507,22,Алтайский край,2018,9999
509,городской округ город Заринск,городской округ,01-706-000-000,508,22,Алтайский край,2018,9999
510,городской округ город Новоалтайск,городской округ,01-713-000-000,509,22,Алтайский край,2018,9999
511,городской округ город Рубцовск,городской округ,01-716-000-000,510,22,Алтайский край,2018,9999
513,городской округ город Яровое,городской округ,01-730-000-000,512,22,Алтайский край,2018,9999
514,городской округ ЗАТО Сибирский,городской округ,01-755-000-000,513,22,Алтайский край,2018,9999
515,Алейский муниципальный район,муниципальный район,01-601-000-000,514,22,Алтайский край,2018,9999
516,Алтайский муниципальный район,муниципальный район,01-602-000-000,515,22,Алтайский край,2018,9999
517,Баевский муниципальный район,муниципальный район,01-603-000-000,516,22,Алтайский край,2018,9999
518,Бийский муниципальный район,муниципальный район,01-604-000-000,517,22,Алтайский край,2018,9999
519,Благовещенский муниципальный район,муниципальный район,01-605-000-000,518,22,Алтайский край,2018,9999
520,Бурлинский муниципальный район,муниципальный район,01-606-000-000,519,22,Алтайский край,2018,9999
521,Быстроистокский муниципальный район,муниципальный район,01-607-000-000,520,22,Алтайский край,2018,9999
522,Волчихинский муниципальный район,муниципальный район,01-608-000-000,521,22,Алтайский край,2018,9999
523,Егорьевский муниципальный район,муниципальный район,01-609-000-000,522,22,Алтайский край,2018,9999
524,Ельцовский муниципальный район,муниципальный район,01-610-000-000,523,22,Алтайский край,2018,9999
525,Завьяловский муниципальный район,муниципальный район,01-611-000-000,524,22,Алтайский край,2018,9999
527,Заринский муниципальный район,муниципальный район,01-613-000-000,526,22,Алтайский край,2018,9999
528,Змеиногорский муниципальный район,муниципальный район,01-614-000-000,527,22,Алтайский край,2018,9999
529,Калманский муниципальный район,муниципальный район,01-615-000-000,528,22,Алтайский край,2018,9999
530,Каменский муниципальный район,муниципальный район,01-616-000-000,529,22,Алтайский край,2018,9999
531,Ключевский муниципальный район,муниципальный район,01-617-000-000,530,22,Алтайский край,2018,9999
532,Косихинский муниципальный район,муниципальный район,01-618-000-000,531,22,Алтайский край,2018,9999
533,Красногорский муниципальный район,муниципальный район,01-619-000-000,532,22,Алтайский край,2018,9999
534,Краснощёковский муниципальный район,муниципальный район,01-620-000-000,533,22,Алтайский край,2018,9999
535,Крутихинский муниципальный район,муниципальный район,01-621-000-000,534,22,Алтайский край,2018,9999
536,Кулундинский муниципальный район,муниципальный район,01-622-000-000,535,22,Алтайский край,2018,9999
537,Курьинский муниципальный район,муниципальный район,01-623-000-000,536,22,Алтайский край,2018,9999
538,Кытмановский муниципальный район,муниципальный район,01-624-000-000,537,22,Алтайский край,2018,9999
539,Локтевский муниципальный район,муниципальный район,01-625-000-000,538,22,Алтайский край,2018,9999
540,Мамонтовский муниципальный район,муниципальный район,01-626-000-000,539,22,Алтайский край,2018,9999
541,Михайловский муниципальный район,муниципальный район,01-627-000-000,540,22,Алтайский край,2018,9999
542,Новичихинский муниципальный район,муниципальный район,01-628-000-000,541,22,Алтайский край,2018,9999
543,Зональный муниципальный район,муниципальный район,01-629-000-000,542,22,Алтайский край,2018,9999
544,Павловский муниципальный район,муниципальный район,01-630-000-000,543,22,Алтайский край,2018,9999
545,Панкрушихинский муниципальный район,муниципальный район,01-631-000-000,544,22,Алтайский край,2018,9999
546,Первомайский муниципальный район,муниципальный район,01-632-000-000,545,22,Алтайский край,2018,9999
547,Петропавловский муниципальный район,муниципальный район,01-633-000-000,546,22,Алтайский край,2018,9999
548,Поспелихинский муниципальный район,муниципальный район,01-634-000-000,547,22,Алтайский край,2018,9999
549,Ребрихинский муниципальный район,муниципальный район,01-635-000-000,548,22,Алтайский край,2018,9999
550,Родинский муниципальный район,муниципальный район,01-636-000-000,549,22,Алтайский край,2018,9999
551,Романовский муниципальный район,муниципальный район,01-637-000-000,550,22,Алтайский край,2018,9999
552,Рубцовский муниципальный район,муниципальный район,01-638-000-000,551,22,Алтайский край,2018,9999
553,Смоленский муниципальный район,муниципальный район,01-640-000-000,552,22,Алтайский край,2018,9999
555,Советский муниципальный район,муниципальный район,01-642-000-000,554,22,Алтайский край,2018,9999
556,Солонешенский муниципальный район,муниципальный район,01-643-000-000,555,22,Алтайский край,2018,9999
557,Солтонский муниципальный район,муниципальный район,01-644-000-000,556,22,Алтайский край,2018,9999
558,Шелаболихинский муниципальный район,муниципальный район,01-645-000-000,557,22,Алтайский край,2018,9999
559,Табунский муниципальный район,муниципальный район,01-646-000-000,558,22,Алтайский край,2018,9999
560,Тальменский муниципальный район,муниципальный район,01-647-000-000,559,22,Алтайский край,2018,9999
561,Тогульский муниципальный район,муниципальный район,01-648-000-000,560,22,Алтайский край,2018,9999
562,Топчихинский муниципальный район,муниципальный район,01-649-000-000,561,22,Алтайский край,2018,9999
563,Третьяковский муниципальный район,муниципальный район,01-650-000-000,562,22,Алтайский край,2018,9999
564,Троицкий муниципальный район,муниципальный район,01-651-000-000,563,22,Алтайский край,2018,9999
565,Тюменцевский муниципальный район,муниципальный район,01-652-000-000,564,22,Алтайский край,2018,9999
566,Угловский муниципальный район,муниципальный район,01-653-000-000,565,22,Алтайский край,2018,9999
567,Усть-Калманский муниципальный район,муниципальный район,01-654-000-000,566,22,Алтайский край,2018,9999
568,Усть-Пристанский муниципальный район,муниципальный район,01-655-000-000,567,22,Алтайский край,2018,9999
569,Хабарский муниципальный район,муниципальный район,01-656-000-000,568,22,Алтайский край,2018,9999
570,Целинный муниципальный район,муниципальный район,01-657-000-000,569,22,Алтайский край,2018,9999
572,Шипуновский муниципальный район,муниципальный район,01-659-000-000,571,22,Алтайский край,2018,9999
573,Немецкий национальный муниципальный район,муниципальный район,01-660-000-000,572,22,Алтайский край,2018,9999
574,городской округ город Чита,городской округ,76-701-000-000,573,75,Забайкальский край,2018,9999
575,городской округ город Петровск-Забайкальский,городской округ,76-715-000-000,574,75,Забайкальский край,2018,9999
576,городской округ ЗАТО поселок Горный,городской округ,76-785-000-000,575,75,Забайкальский край,2018,9999
577,Акшинский муниципальный район,муниципальный район,76-603-000-000,576,75,Забайкальский край,2018,9999
578,Александрово-Заводский муниципальный район,муниципальный район,76-604-000-000,577,75,Забайкальский край,2018,9999
579,Балейский муниципальный район,муниципальный район,76-606-000-000,578,75,Забайкальский край,2018,9999
580,Борзинский муниципальный район,муниципальный район,76-609-000-000,579,75,Забайкальский край,2018,9999
582,Забайкальский муниципальный район,муниципальный район,76-612-000-000,581,75,Забайкальский край,2018,9999
585,Карымский муниципальный район,муниципальный район,76-620-000-000,584,75,Забайкальский край,2018,9999
586,муниципальный район Город Краснокаменск и Краснокаменский район,муниципальный район,76-621-000-000,585,75,Забайкальский край,2018,9999
587,Красночикойский муниципальный район,муниципальный район,76-622-000-000,586,75,Забайкальский край,2018,9999
588,Кыринский муниципальный район,муниципальный район,76-624-000-000,587,75,Забайкальский край,2018,9999
590,Нерчинский муниципальный район,муниципальный район,76-628-000-000,589,75,Забайкальский край,2018,9999
591,Нерчинско-Заводский муниципальный район,муниципальный район,76-630-000-000,590,75,Забайкальский край,2018,9999
592,Оловяннинский муниципальный район,муниципальный район,76-632-000-000,591,75,Забайкальский край,2018,9999
594,Петровск-Забайкальский муниципальный район,муниципальный район,76-636-000-000,593,75,Забайкальский край,2018,9999
596,Сретенский муниципальный район,муниципальный район,76-640-000-000,595,75,Забайкальский край,2018,9999
597,Тунгиро-Олёкминский муниципальный район,муниципальный район,76-642-000-000,596,75,Забайкальский край,2018,9999
598,Тунгокоченский муниципальный район,муниципальный район,76-644-000-000,597,75,Забайкальский край,2018,9999
599,Улётовский муниципальный район,муниципальный район,76-646-000-000,598,75,Забайкальский край,2018,9999
600,Хилокский муниципальный район,муниципальный район,76-647-000-000,599,75,Забайкальский край,2018,9999
601,Чернышевский муниципальный район,муниципальный район,76-648-000-000,600,75,Забайкальский край,2018,9999
602,Читинский муниципальный район,муниципальный район,76-650-000-000,601,75,Забайкальский край,2018,9999
603,Шелопугинский муниципальный район,муниципальный район,76-652-000-000,602,75,Забайкальский край,2018,9999
604,Шилкинский муниципальный район,муниципальный район,76-654-000-000,603,75,Забайкальский край,2018,9999
605,городской округ поселок Агинское,городской округ,76-702-000-000,604,75,Забайкальский край,2018,9999
606,Агинский муниципальный район,муниципальный район,76-602-000-000,605,75,Забайкальский край,2018,9999
607,Дульдургинский муниципальный район,муниципальный район,76-611-000-000,606,75,Забайкальский край,2018,9999
608,Могойтуйский муниципальный район,муниципальный район,76-625-000-000,607,75,Забайкальский край,2018,9999
609,городской округ Петропавловск-Камчатский,городской округ,30-701-000-000,608,41,Камчатский край,2018,9999
610,городской округ Вилючинский ЗАТО,городской округ,30-735-000-000,609,41,Камчатский край,2018,9999
612,Быстринский муниципальный район,муниципальный район,30-604-000-000,611,41,Камчатский край,2018,9999
613,Елизовский муниципальный район,муниципальный район,30-607-000-000,612,41,Камчатский край,2018,9999
615,Соболевский муниципальный район,муниципальный район,30-613-000-000,614,41,Камчатский край,2018,9999
616,Усть-Большерецкий муниципальный район,муниципальный район,30-616-000-000,615,41,Камчатский край,2018,9999
617,Усть-Камчатский муниципальный район,муниципальный район,30-619-000-000,616,41,Камчатский край,2018,9999
618,городской округ поселок Палана,городской округ,30-851-000-000,617,41,Камчатский край,2018,9999
619,Карагинский муниципальный район,муниципальный район,30-824-000-000,618,41,Камчатский край,2018,9999
620,Олюторский муниципальный район,муниципальный район,30-827-000-000,619,41,Камчатский край,2018,9999
621,Пенжинский муниципальный район,муниципальный район,30-829-000-000,620,41,Камчатский край,2018,9999
622,Тигильский муниципальный район,муниципальный район,30-832-000-000,621,41,Камчатский край,2018,9999
623,городской округ город Краснодар,городской округ,03-701-000-000,622,23,Краснодарский край,2018,9999
624,городской округ город-курорт Анапа,городской округ,03-703-000-000,623,23,Краснодарский край,2018,9999
625,городской округ город Армавир,городской округ,03-705-000-000,624,23,Краснодарский край,2018,9999
626,городской округ город-курорт Геленджик,городской округ,03-708-000-000,625,23,Краснодарский край,2018,9999
627,городской округ город Горячий Ключ,городской округ,03-709-000-000,626,23,Краснодарский край,2018,9999
628,городской округ город Новороссийск,городской округ,03-720-000-000,627,23,Краснодарский край,2018,9999
630,Абинский муниципальный район,муниципальный район,03-601-000-000,629,23,Краснодарский край,2018,9999
631,Апшеронский муниципальный район,муниципальный район,03-605-000-000,630,23,Краснодарский край,2018,9999
632,Белоглинский муниципальный район,муниципальный район,03-607-000-000,631,23,Краснодарский край,2018,9999
633,Белореченский муниципальный район,муниципальный район,03-608-000-000,632,23,Краснодарский край,2018,9999
634,Брюховецкий муниципальный район,муниципальный район,03-610-000-000,633,23,Краснодарский край,2018,9999
635,Выселковский муниципальный район,муниципальный район,03-612-000-000,634,23,Краснодарский край,2018,9999
636,Гулькевичский муниципальный район,муниципальный район,03-613-000-000,635,23,Краснодарский край,2018,9999
637,Динской муниципальный район,муниципальный район,03-614-000-000,636,23,Краснодарский край,2018,9999
638,Ейский муниципальный район,муниципальный район,03-616-000-000,637,23,Краснодарский край,2018,9999
639,Кавказский муниципальный район,муниципальный район,03-618-000-000,638,23,Краснодарский край,2018,9999
640,Калининский муниципальный район,муниципальный район,03-619-000-000,639,23,Краснодарский край,2018,9999
641,Каневской муниципальный район,муниципальный район,03-620-000-000,640,23,Краснодарский край,2018,9999
642,Кореновский муниципальный район,муниципальный район,03-621-000-000,641,23,Краснодарский край,2018,9999
643,Красноармейский муниципальный район,муниципальный район,03-623-000-000,642,23,Краснодарский край,2018,9999
644,Крыловский муниципальный район,муниципальный район,03-624-000-000,643,23,Краснодарский край,2018,9999
645,Крымский муниципальный район,муниципальный район,03-625-000-000,644,23,Краснодарский край,2018,9999
646,Курганинский муниципальный район,муниципальный район,03-627-000-000,645,23,Краснодарский край,2018,9999
647,Кущевский муниципальный район,муниципальный район,03-628-000-000,646,23,Краснодарский край,2018,9999
648,Лабинский муниципальный район,муниципальный район,03-630-000-000,647,23,Краснодарский край,2018,9999
649,Ленинградский муниципальный район,муниципальный район,03-632-000-000,648,23,Краснодарский край,2018,9999
650,Мостовский муниципальный район,муниципальный район,03-633-000-000,649,23,Краснодарский край,2018,9999
651,Новокубанский муниципальный район,муниципальный район,03-634-000-000,650,23,Краснодарский край,2018,9999
652,Новопокровский муниципальный район,муниципальный район,03-635-000-000,651,23,Краснодарский край,2018,9999
653,Отрадненский муниципальный район,муниципальный район,03-637-000-000,652,23,Краснодарский край,2018,9999
654,Павловский муниципальный район,муниципальный район,03-639-000-000,653,23,Краснодарский край,2018,9999
655,Приморско-Ахтарский муниципальный район,муниципальный район,03-641-000-000,654,23,Краснодарский край,2018,9999
656,Северский муниципальный район,муниципальный район,03-643-000-000,655,23,Краснодарский край,2018,9999
657,Славянский муниципальный район,муниципальный район,03-645-000-000,656,23,Краснодарский край,2018,9999
658,Староминский муниципальный район,муниципальный район,03-647-000-000,657,23,Краснодарский край,2018,9999
659,Тбилисский муниципальный район,муниципальный район,03-649-000-000,658,23,Краснодарский край,2018,9999
660,Темрюкский муниципальный район,муниципальный район,03-651-000-000,659,23,Краснодарский край,2018,9999
661,Тимашевский муниципальный район,муниципальный район,03-653-000-000,660,23,Краснодарский край,2018,9999
662,Тихорецкий муниципальный район,муниципальный район,03-654-000-000,661,23,Краснодарский край,2018,9999
663,Туапсинский муниципальный район,муниципальный район,03-655-000-000,662,23,Краснодарский край,2018,9999
664,Успенский муниципальный район,муниципальный район,03-656-000-000,663,23,Краснодарский край,2018,9999
665,Усть-Лабинский муниципальный район,муниципальный район,03-657-000-000,664,23,Краснодарский край,2018,9999
666,Щербиновский муниципальный район,муниципальный район,03-659-000-000,665,23,Краснодарский край,2018,9999
667,городской округ город Красноярск,городской округ,04-701-000-000,666,24,Красноярский край,2018,9999
668,городской округ город Ачинск,городской округ,04-703-000-000,667,24,Красноярский край,2018,9999
669,городской округ город Боготол,городской округ,04-706-000-000,668,24,Красноярский край,2018,9999
670,городской округ город Бородино,городской округ,04-707-000-000,669,24,Красноярский край,2018,9999
671,городской округ город Дивногорск,городской округ,04-709-000-000,670,24,Красноярский край,2018,9999
672,городской округ город Енисейск,городской округ,04-712-000-000,671,24,Красноярский край,2018,9999
673,городской округ ЗАТО город Железногорск,городской округ,04-735-000-000,672,24,Красноярский край,2018,9999
674,городской округ ЗАТО город Зеленогорск,городской округ,04-737-000-000,673,24,Красноярский край,2018,9999
675,городской округ город Канск,городской округ,04-720-000-000,674,24,Красноярский край,2018,9999
676,городской округ город Лесосибирск,городской округ,04-722-000-000,675,24,Красноярский край,2018,9999
677,городской округ город Минусинск,городской округ,04-723-000-000,676,24,Красноярский край,2018,9999
678,городской округ город Назарово,городской округ,04-726-000-000,677,24,Красноярский край,2018,9999
679,городской округ город Норильск,городской округ,04-729-000-000,678,24,Красноярский край,2018,9999
680,городской округ город Сосновоборск,городской округ,04-733-000-000,679,24,Красноярский край,2018,9999
681,городской округ город Шарыпово,городской округ,04-740-000-000,680,24,Красноярский край,2018,9999
682,городской округ поселок Кедровый,городской округ,04-775-000-000,681,24,Красноярский край,2018,9999
683,городской округ ЗАТО поселок Солнечный,городской округ,04-780-000-000,682,24,Красноярский край,2018,9999
684,Абанский муниципальный район,муниципальный район,04-601-000-000,683,24,Красноярский край,2018,9999
685,Ачинский муниципальный район,муниципальный район,04-603-000-000,684,24,Красноярский край,2018,9999
686,Балахтинский муниципальный район,муниципальный район,04-604-000-000,685,24,Красноярский край,2018,9999
687,Березовский муниципальный район,муниципальный район,04-605-000-000,686,24,Красноярский край,2018,9999
688,Бирилюсский муниципальный район,муниципальный район,04-606-000-000,687,24,Красноярский край,2018,9999
689,Боготольский муниципальный район,муниципальный район,04-608-000-000,688,24,Красноярский край,2018,9999
690,Богучанский муниципальный район,муниципальный район,04-609-000-000,689,24,Красноярский край,2018,9999
691,Большемуртинский муниципальный район,муниципальный район,04-610-000-000,690,24,Красноярский край,2018,9999
692,Большеулуйский муниципальный район,муниципальный район,04-611-000-000,691,24,Красноярский край,2018,9999
693,Дзержинский муниципальный район,муниципальный район,04-613-000-000,692,24,Красноярский край,2018,9999
694,Емельяновский муниципальный район,муниципальный район,04-614-000-000,693,24,Красноярский край,2018,9999
695,Енисейский муниципальный район,муниципальный район,04-615-000-000,694,24,Красноярский край,2018,9999
696,Ермаковский муниципальный район,муниципальный район,04-616-000-000,695,24,Красноярский край,2018,9999
697,Идринский муниципальный район,муниципальный район,04-617-000-000,696,24,Красноярский край,2018,9999
698,Иланский муниципальный район,муниципальный район,04-618-000-000,697,24,Красноярский край,2018,9999
699,Ирбейский муниципальный район,муниципальный район,04-619-000-000,698,24,Красноярский край,2018,9999
700,Казачинский муниципальный район,муниципальный район,04-620-000-000,699,24,Красноярский край,2018,9999
701,Канский муниципальный район,муниципальный район,04-621-000-000,700,24,Красноярский край,2018,9999
702,Каратузский муниципальный район,муниципальный район,04-622-000-000,701,24,Красноярский край,2018,9999
703,Кежемский муниципальный район,муниципальный район,04-624-000-000,702,24,Красноярский край,2018,9999
704,Козульский муниципальный район,муниципальный район,04-626-000-000,703,24,Красноярский край,2018,9999
705,Краснотуранский муниципальный район,муниципальный район,04-628-000-000,704,24,Красноярский край,2018,9999
706,Курагинский муниципальный район,муниципальный район,04-630-000-000,705,24,Красноярский край,2018,9999
707,Манский муниципальный район,муниципальный район,04-631-000-000,706,24,Красноярский край,2018,9999
708,Минусинский муниципальный район,муниципальный район,04-633-000-000,707,24,Красноярский край,2018,9999
709,Мотыгинский муниципальный район,муниципальный район,04-635-000-000,708,24,Красноярский край,2018,9999
710,Назаровский муниципальный район,муниципальный район,04-637-000-000,709,24,Красноярский край,2018,9999
711,Нижнеингашский муниципальный район,муниципальный район,04-639-000-000,710,24,Красноярский край,2018,9999
712,Новоселовский муниципальный район,муниципальный район,04-641-000-000,711,24,Красноярский край,2018,9999
713,Партизанский муниципальный район,муниципальный район,04-643-000-000,712,24,Красноярский край,2018,9999
715,Рыбинский муниципальный район,муниципальный район,04-647-000-000,714,24,Красноярский край,2018,9999
716,Саянский муниципальный район,муниципальный район,04-648-000-000,715,24,Красноярский край,2018,9999
717,Северо-Енисейский муниципальный район,муниципальный район,04-649-000-000,716,24,Красноярский край,2018,9999
718,Сухобузимский муниципальный район,муниципальный район,04-651-000-000,717,24,Красноярский край,2018,9999
719,Таймырский Долгано-Ненецкий муниципальный район,муниципальный район,04-653-000-000,718,24,Красноярский край,2018,9999
720,Тасеевский муниципальный район,муниципальный район,04-652-000-000,719,24,Красноярский край,2018,9999
721,Туруханский муниципальный район,муниципальный район,04-654-000-000,720,24,Красноярский край,2018,9999
723,Ужурский муниципальный район,муниципальный район,04-656-000-000,722,24,Красноярский край,2018,9999
724,Уярский муниципальный район,муниципальный район,04-657-000-000,723,24,Красноярский край,2018,9999
726,Шушенский муниципальный район,муниципальный район,04-659-000-000,725,24,Красноярский край,2018,9999
727,Эвенкийский муниципальный район,муниципальный район,04-650-000-000,726,24,Красноярский край,2018,9999
728,городской округ Пермский,городской округ,57-701-000-000,727,59,Пермский край,2018,9999
732,городской округ Лысьвенский,городской округ,57-726-000-000,731,59,Пермский край,2018,9999
734,городской округ ЗАТО Звёздный,городской округ,57-763-000-000,733,59,Пермский край,2018,9999
776,городской округ Владивостокский,городской округ,05-701-000-000,775,25,Приморский край,2018,9999
777,городской округ Арсеньевский,городской округ,05-703-000-000,776,25,Приморский край,2018,9999
778,городской округ Артемовский,городской округ,05-705-000-000,777,25,Приморский край,2018,9999
779,городской округ Большой Камень,городской округ,05-706-000-000,778,25,Приморский край,2018,9999
780,городской округ Дальнегорский,городской округ,05-707-000-000,779,25,Приморский край,2018,9999
781,городской округ Дальнереченский,городской округ,05-708-000-000,780,25,Приморский край,2018,9999
782,городской округ Лесозаводский,городской округ,05-711-000-000,781,25,Приморский край,2018,9999
783,городской округ Находкинский,городской округ,05-714-000-000,782,25,Приморский край,2018,9999
784,городской округ Партизанский,городской округ,05-717-000-000,783,25,Приморский край,2018,9999
785,городской округ Спасск-Дальний,городской округ,05-720-000-000,784,25,Приморский край,2018,9999
786,городской округ Уссурийский,городской округ,05-723-000-000,785,25,Приморский край,2018,9999
787,городской округ ЗАТО Фокино,городской округ,05-747-000-000,786,25,Приморский край,2018,9999
789,Дальнереченский муниципальный район,муниципальный район,05-607-000-000,788,25,Приморский край,2018,9999
791,Кировский муниципальный район,муниципальный район,05-612-000-000,790,25,Приморский край,2018,9999
794,Михайловский муниципальный район,муниципальный район,05-620-000-000,793,25,Приморский край,2018,9999
795,Надеждинский муниципальный район,муниципальный район,05-623-000-000,794,25,Приморский край,2018,9999
801,Спасский муниципальный район,муниципальный район,05-637-000-000,800,25,Приморский край,2018,9999
810,городской округ город Ставрополь,городской округ,07-701-000-000,809,26,Ставропольский край,2018,9999
813,городской округ город-курорт Ессентуки,городской округ,07-710-000-000,812,26,Ставропольский край,2018,9999
814,городской округ город-курорт Железноводск,городской округ,07-712-000-000,813,26,Ставропольский край,2018,9999
819,городской округ город Лермонтов,городской округ,07-718-000-000,818,26,Ставропольский край,2018,9999
821,городской округ город Невинномысск,городской округ,07-724-000-000,820,26,Ставропольский край,2018,9999
825,городской округ город-курорт Пятигорск,городской округ,07-727-000-000,824,26,Ставропольский край,2018,9999
843,городской округ город Хабаровск,городской округ,08-701-000-000,842,27,Хабаровский край,2018,9999
844,городской округ город Комсомольск-на-Амуре,городской округ,08-709-000-000,843,27,Хабаровский край,2018,9999
845,Амурский муниципальный район,муниципальный район,08-603-000-000,844,27,Хабаровский край,2018,9999
846,Аяно-Майский муниципальный район,муниципальный район,08-606-000-000,845,27,Хабаровский край,2018,9999
847,Бикинский муниципальный район,муниципальный район,08-609-000-000,846,27,Хабаровский край,2018,9999
848,Ванинский муниципальный район,муниципальный район,08-612-000-000,847,27,Хабаровский край,2018,9999
849,Верхнебуреинский муниципальный район,муниципальный район,08-614-000-000,848,27,Хабаровский край,2018,9999
850,Вяземский муниципальный район,муниципальный район,08-617-000-000,849,27,Хабаровский край,2018,9999
851,Комсомольский муниципальный район,муниципальный район,08-620-000-000,850,27,Хабаровский край,2018,9999
852,муниципальный район имени Лазо,муниципальный район,08-624-000-000,851,27,Хабаровский край,2018,9999
853,Нанайский муниципальный район,муниципальный район,08-628-000-000,852,27,Хабаровский край,2018,9999
854,Николаевский муниципальный район,муниципальный район,08-631-000-000,853,27,Хабаровский край,2018,9999
856,муниципальный район имени Полины Осипенко,муниципальный район,08-637-000-000,855,27,Хабаровский край,2018,9999
857,Советско-Гаванский муниципальный район,муниципальный район,08-642-000-000,856,27,Хабаровский край,2018,9999
858,Солнечный муниципальный район,муниципальный район,08-644-000-000,857,27,Хабаровский край,2018,9999
859,Тугуро-Чумиканский муниципальный район,муниципальный район,08-646-000-000,858,27,Хабаровский край,2018,9999
860,Ульчский муниципальный район,муниципальный район,08-650-000-000,859,27,Хабаровский край,2018,9999
861,Хабаровский муниципальный район,муниципальный район,08-655-000-000,860,27,Хабаровский край,2018,9999
862,городской округ город Благовещенск,городской округ,10-701-000-000,861,28,Амурская область,2018,9999
863,городской округ город Белогорск,городской округ,10-710-000-000,862,28,Амурская область,2018,9999
864,городской округ город Зея,городской округ,10-712-000-000,863,28,Амурская область,2018,9999
865,городской округ город Райчихинск,городской округ,10-720-000-000,864,28,Амурская область,2018,9999
866,городской округ город Свободный,городской округ,10-730-000-000,865,28,Амурская область,2018,9999
867,городской округ город Тында,городской округ,10-732-000-000,866,28,Амурская область,2018,9999
868,городской округ город Шимановск,городской округ,10-740-000-000,867,28,Амурская область,2018,9999
869,городской округ рабочий поселок (поселок городского типа) Прогресс,городской округ,10-775-000-000,868,28,Амурская область,2018,9999
870,городской округ ЗАТО Циолковский,городской округ,10-770-000-000,869,28,Амурская область,2018,9999
878,Константиновский муниципальный район,муниципальный район,10-630-000-000,877,28,Амурская область,2018,9999
879,Магдагачинский муниципальный район,муниципальный район,10-631-000-000,878,28,Амурская область,2018,9999
880,Мазановский муниципальный район,муниципальный район,10-632-000-000,879,28,Амурская область,2018,9999
881,Михайловский муниципальный район,муниципальный район,10-635-000-000,880,28,Амурская область,2018,9999
882,Октябрьский муниципальный район,муниципальный район,10-638-000-000,881,28,Амурская область,2018,9999
884,Свободненский муниципальный район,муниципальный район,10-642-000-000,883,28,Амурская область,2018,9999
885,Селемджинский муниципальный район,муниципальный район,10-645-000-000,884,28,Амурская область,2018,9999
891,городской округ город Архангельск,городской округ,11-701-000-000,890,29,Архангельская область,2018,9999
892,городской округ город Коряжма,городской округ,11-708-000-000,891,29,Архангельская область,2018,9999
893,городской округ Котлас,городской округ,11-710-000-000,892,29,Архангельская область,2018,9999
894,городской округ ЗАТО Мирный,городской округ,11-725-000-000,893,29,Архангельская область,2018,9999
895,городской округ Новая Земля,городской округ,11-712-000-000,894,29,Архангельская область,2018,9999
896,городской округ город Новодвинск,городской округ,11-715-000-000,895,29,Архангельская область,2018,9999
897,городской округ Северодвинск,городской округ,11-730-000-000,896,29,Архангельская область,2018,9999
898,Вельский муниципальный район,муниципальный район,11-605-000-000,897,29,Архангельская область,2018,9999
903,Коношский муниципальный район,муниципальный район,11-622-000-000,902,29,Архангельская область,2018,9999
906,Ленский муниципальный район,муниципальный район,11-635-000-000,905,29,Архангельская область,2018,9999
910,Онежский муниципальный район,муниципальный район,11-646-000-000,909,29,Архангельская область,2018,9999
917,городской округ город Нарьян-Мар,городской округ,11-851-000-000,916,83,Ненецкий автономный округ,2018,9999
918,муниципальный район Заполярный район,муниципальный район,11-811-000-000,917,83,Ненецкий автономный округ,2018,9999
919,городской округ город Астрахань,городской округ,12-701-000-000,918,30,Астраханская область,2018,9999
920,городской округ ЗАТО Знаменск,городской округ,12-719-000-000,919,30,Астраханская область,2018,9999
921,Ахтубинский муниципальный район,муниципальный район,12-605-000-000,920,30,Астраханская область,2018,9999
922,Володарский муниципальный район,муниципальный район,12-610-000-000,921,30,Астраханская область,2018,9999
923,Енотаевский муниципальный район,муниципальный район,12-615-000-000,922,30,Астраханская область,2018,9999
924,Икрянинский муниципальный район,муниципальный район,12-620-000-000,923,30,Астраханская область,2018,9999
925,Камызякский муниципальный район,муниципальный район,12-625-000-000,924,30,Астраханская область,2018,9999
926,Красноярский муниципальный район,муниципальный район,12-630-000-000,925,30,Астраханская область,2018,9999
927,Лиманский муниципальный район,муниципальный район,12-635-000-000,926,30,Астраханская область,2018,9999
928,Наримановский муниципальный район,муниципальный район,12-640-000-000,927,30,Астраханская область,2018,9999
929,Приволжский муниципальный район,муниципальный район,12-642-000-000,928,30,Астраханская область,2018,9999
930,Харабалинский муниципальный район,муниципальный район,12-645-000-000,929,30,Астраханская область,2018,9999
931,Черноярский муниципальный район,муниципальный район,12-650-000-000,930,30,Астраханская область,2018,9999
932,городской округ город Белгород,городской округ,14-701-000-000,931,31,Белгородская область,2018,9999
933,городской округ Губкинский,городской округ,14-730-000-000,932,31,Белгородская область,2018,9999
934,городской округ Старооскольский,городской округ,14-740-000-000,933,31,Белгородская область,2018,9999
936,Белгородский муниципальный район,муниципальный район,14-610-000-000,935,31,Белгородская область,2018,9999
937,Борисовский муниципальный район,муниципальный район,14-615-000-000,936,31,Белгородская область,2018,9999
939,Вейделевский муниципальный район,муниципальный район,14-625-000-000,938,31,Белгородская область,2018,9999
940,Волоконовский муниципальный район,муниципальный район,14-630-000-000,939,31,Белгородская область,2018,9999
942,Ивнянский муниципальный район,муниципальный район,14-638-000-000,941,31,Белгородская область,2018,9999
943,Корочанский муниципальный район,муниципальный район,14-640-000-000,942,31,Белгородская область,2018,9999
944,Красненский муниципальный район,муниципальный район,14-641-000-000,943,31,Белгородская область,2018,9999
945,Красногвардейский муниципальный район,муниципальный район,14-642-000-000,944,31,Белгородская область,2018,9999
946,Краснояружский муниципальный район,муниципальный район,14-643-000-000,945,31,Белгородская область,2018,9999
948,Прохоровский муниципальный район,муниципальный район,14-646-000-000,947,31,Белгородская область,2018,9999
949,Ракитянский муниципальный район,муниципальный район,14-648-000-000,948,31,Белгородская область,2018,9999
950,Ровеньский муниципальный район,муниципальный район,14-650-000-000,949,31,Белгородская область,2018,9999
951,Чернянский муниципальный район,муниципальный район,14-654-000-000,950,31,Белгородская область,2018,9999
954,городской округ город Брянск,городской округ,15-701-000-000,953,32,Брянская область,2018,9999
955,городской округ город Клинцы,городской округ,15-715-000-000,954,32,Брянская область,2018,9999
957,городской округ город Сельцо,городской округ,15-725-000-000,956,32,Брянская область,2018,9999
958,городской округ город Фокино,городской округ,15-710-000-000,957,32,Брянская область,2018,9999
960,Брасовский муниципальный район,муниципальный район,15-604-000-000,959,32,Брянская область,2018,9999
961,Брянский муниципальный район,муниципальный район,15-608-000-000,960,32,Брянская область,2018,9999
962,Выгоничский муниципальный район,муниципальный район,15-610-000-000,961,32,Брянская область,2018,9999
963,Гордеевский муниципальный район,муниципальный район,15-611-000-000,962,32,Брянская область,2018,9999
964,Дубровский муниципальный район,муниципальный район,15-612-000-000,963,32,Брянская область,2018,9999
965,Дятьковский муниципальный район,муниципальный район,15-616-000-000,964,32,Брянская область,2018,9999
966,Жирятинский муниципальный район,муниципальный район,15-620-000-000,965,32,Брянская область,2018,9999
968,Злынковский муниципальный район,муниципальный район,15-623-000-000,967,32,Брянская область,2018,9999
969,Карачевский муниципальный район,муниципальный район,15-624-000-000,968,32,Брянская область,2018,9999
970,Клетнянский муниципальный район,муниципальный район,15-626-000-000,969,32,Брянская область,2018,9999
971,Климовский муниципальный район,муниципальный район,15-628-000-000,970,32,Брянская область,2018,9999
972,Клинцовский муниципальный район,муниципальный район,15-630-000-000,971,32,Брянская область,2018,9999
973,Комаричский муниципальный район,муниципальный район,15-632-000-000,972,32,Брянская область,2018,9999
974,Красногорский муниципальный район,муниципальный район,15-634-000-000,973,32,Брянская область,2018,9999
975,Мглинский муниципальный район,муниципальный район,15-636-000-000,974,32,Брянская область,2018,9999
976,Навлинский муниципальный район,муниципальный район,15-638-000-000,975,32,Брянская область,2018,9999
978,Погарский муниципальный район,муниципальный район,15-642-000-000,977,32,Брянская область,2018,9999
979,Почепский муниципальный район,муниципальный район,15-644-000-000,978,32,Брянская область,2018,9999
980,Рогнединский муниципальный район,муниципальный район,15-646-000-000,979,32,Брянская область,2018,9999
981,Севский муниципальный район,муниципальный район,15-648-000-000,980,32,Брянская область,2018,9999
983,Суземский муниципальный район,муниципальный район,15-652-000-000,982,32,Брянская область,2018,9999
984,Суражский муниципальный район,муниципальный район,15-654-000-000,983,32,Брянская область,2018,9999
985,Трубчевский муниципальный район,муниципальный район,15-656-000-000,984,32,Брянская область,2018,9999
986,Унечский муниципальный район,муниципальный район,15-658-000-000,985,32,Брянская область,2018,9999
987,городской округ город Владимир,городской округ,17-701-000-000,986,33,Владимирская область,2018,9999
988,городской округ город Гусь-Хрустальный,городской округ,17-720-000-000,987,33,Владимирская область,2018,9999
989,городской округ город Ковров,городской округ,17-725-000-000,988,33,Владимирская область,2018,9999
990,городской округ округ Муром,городской округ,17-735-000-000,989,33,Владимирская область,2018,9999
991,городской округ ЗАТО город Радужный,городской округ,17-737-000-000,990,33,Владимирская область,2018,9999
992,Александровский муниципальный район,муниципальный район,17-605-000-000,991,33,Владимирская область,2018,9999
993,Вязниковский муниципальный район,муниципальный район,17-610-000-000,992,33,Владимирская область,2018,9999
994,Гороховецкий муниципальный район,муниципальный район,17-615-000-000,993,33,Владимирская область,2018,9999
995,Гусь-Хрустальный муниципальный район,муниципальный район,17-620-000-000,994,33,Владимирская область,2018,9999
996,Камешковский муниципальный район,муниципальный район,17-625-000-000,995,33,Владимирская область,2018,9999
997,Киржачский муниципальный район,муниципальный район,17-630-000-000,996,33,Владимирская область,2018,9999
998,Ковровский муниципальный район,муниципальный район,17-635-000-000,997,33,Владимирская область,2018,9999
999,Кольчугинский муниципальный район,муниципальный район,17-640-000-000,998,33,Владимирская область,2018,9999
1000,Меленковский муниципальный район,муниципальный район,17-642-000-000,999,33,Владимирская область,2018,9999
1001,Муромский муниципальный район,муниципальный район,17-644-000-000,1000,33,Владимирская область,2018,9999
1002,Петушинский муниципальный район,муниципальный район,17-646-000-000,1001,33,Владимирская область,2018,9999
1003,Селивановский муниципальный район,муниципальный район,17-648-000-000,1002,33,Владимирская область,2018,9999
1004,Собинский муниципальный район,муниципальный район,17-650-000-000,1003,33,Владимирская область,2018,9999
1005,Судогодский муниципальный район,муниципальный район,17-652-000-000,1004,33,Владимирская область,2018,9999
1006,Суздальский муниципальный район,муниципальный район,17-654-000-000,1005,33,Владимирская область,2018,9999
1007,Юрьев-Польский муниципальный район,муниципальный район,17-656-000-000,1006,33,Владимирская область,2018,9999
1008,городской округ город-герой Волгоград,городской округ,18-701-000-000,1007,34,Волгоградская область,2018,9999
1009,городской округ город Волжский,городской округ,18-710-000-000,1008,34,Волгоградская область,2018,9999
1010,городской округ город Камышин,городской округ,18-715-000-000,1009,34,Волгоградская область,2018,9999
1011,городской округ город Михайловка,городской округ,18-720-000-000,1010,34,Волгоградская область,2018,9999
1012,городской округ город Урюпинск,городской округ,18-725-000-000,1011,34,Волгоградская область,2018,9999
1013,городской округ город Фролово,городской округ,18-728-000-000,1012,34,Волгоградская область,2018,9999
1014,Алексеевский муниципальный район,муниципальный район,18-602-000-000,1013,34,Волгоградская область,2018,9999
1015,Быковский муниципальный район,муниципальный район,18-604-000-000,1014,34,Волгоградская область,2018,9999
1016,Городищенский муниципальный район,муниципальный район,18-605-000-000,1015,34,Волгоградская область,2018,9999
1017,Даниловский муниципальный район,муниципальный район,18-606-000-000,1016,34,Волгоградская область,2018,9999
1018,Дубовский муниципальный район,муниципальный район,18-608-000-000,1017,34,Волгоградская область,2018,9999
1019,Еланский муниципальный район,муниципальный район,18-610-000-000,1018,34,Волгоградская область,2018,9999
1020,Жирновский муниципальный район,муниципальный район,18-612-000-000,1019,34,Волгоградская область,2018,9999
1021,Иловлинский муниципальный район,муниципальный район,18-614-000-000,1020,34,Волгоградская область,2018,9999
1022,Калачевский муниципальный район,муниципальный район,18-616-000-000,1021,34,Волгоградская область,2018,9999
1023,Камышинский муниципальный район,муниципальный район,18-618-000-000,1022,34,Волгоградская область,2018,9999
1024,Киквидзенский муниципальный район,муниципальный район,18-620-000-000,1023,34,Волгоградская область,2018,9999
1025,Клетский муниципальный район,муниципальный район,18-622-000-000,1024,34,Волгоградская область,2018,9999
1026,Котельниковский муниципальный район,муниципальный район,18-624-000-000,1025,34,Волгоградская область,2018,9999
1027,Котовский муниципальный район,муниципальный район,18-626-000-000,1026,34,Волгоградская область,2018,9999
1028,Кумылженский муниципальный район,муниципальный район,18-646-000-000,1027,34,Волгоградская область,2018,9999
1029,Ленинский муниципальный район,муниципальный район,18-630-000-000,1028,34,Волгоградская область,2018,9999
1030,Нехаевский муниципальный район,муниципальный район,18-634-000-000,1029,34,Волгоградская область,2018,9999
1031,Николаевский муниципальный район,муниципальный район,18-636-000-000,1030,34,Волгоградская область,2018,9999
1032,Новоаннинский муниципальный район,муниципальный район,18-638-000-000,1031,34,Волгоградская область,2018,9999
1033,Новониколаевский муниципальный район,муниципальный район,18-640-000-000,1032,34,Волгоградская область,2018,9999
1034,Октябрьский муниципальный район,муниципальный район,18-642-000-000,1033,34,Волгоградская область,2018,9999
1035,Ольховский муниципальный район,муниципальный район,18-643-000-000,1034,34,Волгоградская область,2018,9999
1036,Палласовский муниципальный район,муниципальный район,18-645-000-000,1035,34,Волгоградская область,2018,9999
1037,Руднянский муниципальный район,муниципальный район,18-647-000-000,1036,34,Волгоградская область,2018,9999
1038,Светлоярский муниципальный район,муниципальный район,18-649-000-000,1037,34,Волгоградская область,2018,9999
1039,Серафимовичский муниципальный район,муниципальный район,18-650-000-000,1038,34,Волгоградская область,2018,9999
1040,Среднеахтубинский муниципальный район,муниципальный район,18-651-000-000,1039,34,Волгоградская область,2018,9999
1041,Старополтавский муниципальный район,муниципальный район,18-652-000-000,1040,34,Волгоградская область,2018,9999
1042,Суровикинский муниципальный район,муниципальный район,18-653-000-000,1041,34,Волгоградская область,2018,9999
1043,Урюпинский муниципальный район,муниципальный район,18-654-000-000,1042,34,Волгоградская область,2018,9999
1044,Фроловский муниципальный район,муниципальный район,18-656-000-000,1043,34,Волгоградская область,2018,9999
1045,Чернышковский муниципальный район,муниципальный район,18-658-000-000,1044,34,Волгоградская область,2018,9999
1046,городской округ город Вологда,городской округ,19-701-000-000,1045,35,Вологодская область,2018,9999
1047,городской округ город Череповец,городской округ,19-730-000-000,1046,35,Вологодская область,2018,9999
1056,Вытегорский муниципальный район,муниципальный район,19-622-000-000,1055,35,Вологодская область,2018,9999
1072,Череповецкий муниципальный район,муниципальный район,19-656-000-000,1071,35,Вологодская область,2018,9999
1073,Шекснинский муниципальный район,муниципальный район,19-658-000-000,1072,35,Вологодская область,2018,9999
1074,городской округ город Воронеж,городской округ,20-701-000-000,1073,36,Воронежская область,2018,9999
1075,городской округ Борисоглебский,городской округ,20-710-000-000,1074,36,Воронежская область,2018,9999
1076,городской округ город Нововоронеж,городской округ,20-727-000-000,1075,36,Воронежская область,2018,9999
1077,Аннинский муниципальный район,муниципальный район,20-602-000-000,1076,36,Воронежская область,2018,9999
1078,Бобровский муниципальный район,муниципальный район,20-604-000-000,1077,36,Воронежская область,2018,9999
1079,Богучарский муниципальный район,муниципальный район,20-605-000-000,1078,36,Воронежская область,2018,9999
1080,Бутурлиновский муниципальный район,муниципальный район,20-608-000-000,1079,36,Воронежская область,2018,9999
1081,Верхнемамонский муниципальный район,муниципальный район,20-610-000-000,1080,36,Воронежская область,2018,9999
1082,Верхнехавский муниципальный район,муниципальный район,20-611-000-000,1081,36,Воронежская область,2018,9999
1083,Воробьёвский муниципальный район,муниципальный район,20-612-000-000,1082,36,Воронежская область,2018,9999
1084,Грибановский муниципальный район,муниципальный район,20-613-000-000,1083,36,Воронежская область,2018,9999
1085,Калачеевский муниципальный район,муниципальный район,20-615-000-000,1084,36,Воронежская область,2018,9999
1086,Каменский муниципальный район,муниципальный район,20-617-000-000,1085,36,Воронежская область,2018,9999
1087,Кантемировский муниципальный район,муниципальный район,20-619-000-000,1086,36,Воронежская область,2018,9999
1088,Каширский муниципальный район,муниципальный район,20-620-000-000,1087,36,Воронежская область,2018,9999
1089,Лискинский муниципальный район,муниципальный район,20-621-000-000,1088,36,Воронежская область,2018,9999
1090,Нижнедевицкий муниципальный район,муниципальный район,20-623-000-000,1089,36,Воронежская область,2018,9999
1091,Новоусманский муниципальный район,муниципальный район,20-625-000-000,1090,36,Воронежская область,2018,9999
1092,Новохопёрский муниципальный район,муниципальный район,20-627-000-000,1091,36,Воронежская область,2018,9999
1093,Ольховатский муниципальный район,муниципальный район,20-629-000-000,1092,36,Воронежская область,2018,9999
1094,Острогожский муниципальный район,муниципальный район,20-631-000-000,1093,36,Воронежская область,2018,9999
1095,Павловский муниципальный район,муниципальный район,20-633-000-000,1094,36,Воронежская область,2018,9999
1096,Панинский муниципальный район,муниципальный район,20-635-000-000,1095,36,Воронежская область,2018,9999
1097,Петропавловский муниципальный район,муниципальный район,20-637-000-000,1096,36,Воронежская область,2018,9999
1098,Поворинский муниципальный район,муниципальный район,20-639-000-000,1097,36,Воронежская область,2018,9999
1099,Подгоренский муниципальный район,муниципальный район,20-641-000-000,1098,36,Воронежская область,2018,9999
1100,Рамонский муниципальный район,муниципальный район,20-643-000-000,1099,36,Воронежская область,2018,9999
1101,Репьёвский муниципальный район,муниципальный район,20-645-000-000,1100,36,Воронежская область,2018,9999
1102,Россошанский муниципальный район,муниципальный район,20-647-000-000,1101,36,Воронежская область,2018,9999
1103,Семилукский муниципальный район,муниципальный район,20-649-000-000,1102,36,Воронежская область,2018,9999
1104,Таловский муниципальный район,муниципальный район,20-651-000-000,1103,36,Воронежская область,2018,9999
1105,Терновский муниципальный район,муниципальный район,20-654-000-000,1104,36,Воронежская область,2018,9999
1106,Хохольский муниципальный район,муниципальный район,20-656-000-000,1105,36,Воронежская область,2018,9999
1107,Эртильский муниципальный район,муниципальный район,20-658-000-000,1106,36,Воронежская область,2018,9999
1108,городской округ Иваново,городской округ,24-701-000-000,1107,37,Ивановская область,2018,9999
1109,городской округ Вичуга,городской округ,24-703-000-000,1108,37,Ивановская область,2018,9999
1110,городской округ Кинешма,городской округ,24-705-000-000,1109,37,Ивановская область,2018,9999
1111,городской округ Кохма,городской округ,24-706-000-000,1110,37,Ивановская область,2018,9999
1112,городской округ Тейково,городской округ,24-707-000-000,1111,37,Ивановская область,2018,9999
1113,городской округ Шуя,городской округ,24-711-000-000,1112,37,Ивановская область,2018,9999
1114,Вичугский муниципальный район,муниципальный район,24-601-000-000,1113,37,Ивановская область,2018,9999
1115,Верхнеландеховский муниципальный район,муниципальный район,24-602-000-000,1114,37,Ивановская область,2018,9999
1116,Гаврилово-Посадский муниципальный район,муниципальный район,24-603-000-000,1115,37,Ивановская область,2018,9999
1117,Заволжский муниципальный район,муниципальный район,24-605-000-000,1116,37,Ивановская область,2018,9999
1118,Ивановский муниципальный район,муниципальный район,24-607-000-000,1117,37,Ивановская область,2018,9999
1119,Ильинский муниципальный район,муниципальный район,24-609-000-000,1118,37,Ивановская область,2018,9999
1120,Кинешемский муниципальный район,муниципальный район,24-611-000-000,1119,37,Ивановская область,2018,9999
1121,Комсомольский муниципальный район,муниципальный район,24-613-000-000,1120,37,Ивановская область,2018,9999
1122,Лежневский муниципальный район,муниципальный район,24-614-000-000,1121,37,Ивановская область,2018,9999
1123,Лухский муниципальный район,муниципальный район,24-615-000-000,1122,37,Ивановская область,2018,9999
1124,Палехский муниципальный район,муниципальный район,24-617-000-000,1123,37,Ивановская область,2018,9999
1125,Пестяковский муниципальный район,муниципальный район,24-619-000-000,1124,37,Ивановская область,2018,9999
1126,Приволжский муниципальный район,муниципальный район,24-620-000-000,1125,37,Ивановская область,2018,9999
1127,Пучежский муниципальный район,муниципальный район,24-621-000-000,1126,37,Ивановская область,2018,9999
1128,Родниковский муниципальный район,муниципальный район,24-623-000-000,1127,37,Ивановская область,2018,9999
1129,Савинский муниципальный район,муниципальный район,24-625-000-000,1128,37,Ивановская область,2018,9999
1130,Тейковский муниципальный район,муниципальный район,24-629-000-000,1129,37,Ивановская область,2018,9999
1131,Фурмановский муниципальный район,муниципальный район,24-631-000-000,1130,37,Ивановская область,2018,9999
1132,Шуйский муниципальный район,муниципальный район,24-633-000-000,1131,37,Ивановская область,2018,9999
1133,Южский муниципальный район,муниципальный район,24-635-000-000,1132,37,Ивановская область,2018,9999
1134,Юрьевецкий муниципальный район,муниципальный район,24-637-000-000,1133,37,Ивановская область,2018,9999
1135,городской округ город Иркутск,городской округ,25-701-000-000,1134,38,Иркутская область,2018,9999
1136,городской округ Ангарский,городской округ,25-703-000-000,1135,38,Иркутская область,2018,9999
1137,городской округ город Братск,городской округ,25-714-000-000,1136,38,Иркутская область,2018,9999
1138,городской округ Зима,городской округ,25-720-000-000,1137,38,Иркутская область,2018,9999
1139,городской округ город Саянск,городской округ,25-726-000-000,1138,38,Иркутская область,2018,9999
1140,городской округ город Тулун,городской округ,25-732-000-000,1139,38,Иркутская область,2018,9999
1141,городской округ город Усолье-Сибирское,городской округ,25-736-000-000,1140,38,Иркутская область,2018,9999
1142,городской округ город Усть-Илимск,городской округ,25-738-000-000,1141,38,Иркутская область,2018,9999
1143,городской округ город Черемхово,городской округ,25-745-000-000,1142,38,Иркутская область,2018,9999
1144,городской округ город Свирск,городской округ,25-746-000-000,1143,38,Иркутская область,2018,9999
1145,Балаганский муниципальный район,муниципальный район,25-601-000-000,1144,38,Иркутская область,2018,9999
1146,Бодайбинский муниципальный район,муниципальный район,25-602-000-000,1145,38,Иркутская область,2018,9999
1147,Братский муниципальный район,муниципальный район,25-604-000-000,1146,38,Иркутская область,2018,9999
1148,Жигаловский муниципальный район,муниципальный район,25-606-000-000,1147,38,Иркутская область,2018,9999
1149,Заларинский муниципальный район,муниципальный район,25-608-000-000,1148,38,Иркутская область,2018,9999
1150,Зиминский муниципальный район,муниципальный район,25-610-000-000,1149,38,Иркутская область,2018,9999
1151,Иркутский муниципальный район,муниципальный район,25-612-000-000,1150,38,Иркутская область,2018,9999
1152,Казачинско-Ленский муниципальный район,муниципальный район,25-614-000-000,1151,38,Иркутская область,2018,9999
1153,Катангский муниципальный район,муниципальный район,25-616-000-000,1152,38,Иркутская область,2018,9999
1154,Качугский муниципальный район,муниципальный район,25-618-000-000,1153,38,Иркутская область,2018,9999
1155,Киренский муниципальный район,муниципальный район,25-620-000-000,1154,38,Иркутская область,2018,9999
1156,Куйтунский муниципальный район,муниципальный район,25-622-000-000,1155,38,Иркутская область,2018,9999
1157,Мамско-Чуйский муниципальный район,муниципальный район,25-624-000-000,1156,38,Иркутская область,2018,9999
1158,Нижнеилимский муниципальный район,муниципальный район,25-626-000-000,1157,38,Иркутская область,2018,9999
1159,Нижнеудинский муниципальный район,муниципальный район,25-628-000-000,1158,38,Иркутская область,2018,9999
1160,Ольхонский муниципальный район,муниципальный район,25-630-000-000,1159,38,Иркутская область,2018,9999
1161,Слюдянский муниципальный район,муниципальный район,25-634-000-000,1160,38,Иркутская область,2018,9999
1162,Тайшетский муниципальный район,муниципальный район,25-636-000-000,1161,38,Иркутская область,2018,9999
1163,Тулунский муниципальный район,муниципальный район,25-638-000-000,1162,38,Иркутская область,2018,9999
1164,Усольский муниципальный район,муниципальный район,25-640-000-000,1163,38,Иркутская область,2018,9999
1165,Усть-Илимский муниципальный район,муниципальный район,25-642-000-000,1164,38,Иркутская область,2018,9999
1166,Усть-Кутский муниципальный район,муниципальный район,25-644-000-000,1165,38,Иркутская область,2018,9999
1167,Усть-Удинский муниципальный район,муниципальный район,25-646-000-000,1166,38,Иркутская область,2018,9999
1168,Черемховский муниципальный район,муниципальный район,25-648-000-000,1167,38,Иркутская область,2018,9999
1169,Чунский муниципальный район,муниципальный район,25-650-000-000,1168,38,Иркутская область,2018,9999
1170,Шелеховский муниципальный район,муниципальный район,25-655-000-000,1169,38,Иркутская область,2018,9999
1171,Аларский муниципальный район,муниципальный район,25-605-000-000,1170,38,Иркутская область,2018,9999
1172,Баяндаевский муниципальный район,муниципальный район,25-607-000-000,1171,38,Иркутская область,2018,9999
1173,Боханский муниципальный район,муниципальный район,25-609-000-000,1172,38,Иркутская область,2018,9999
1174,Нукутский муниципальный район,муниципальный район,25-629-000-000,1173,38,Иркутская область,2018,9999
1175,Осинский муниципальный район,муниципальный район,25-631-000-000,1174,38,Иркутская область,2018,9999
1176,Эхирит-Булагатский муниципальный район,муниципальный район,25-657-000-000,1175,38,Иркутская область,2018,9999
1177,городской округ город Калининград,городской округ,27-701-000-000,1176,39,Калининградская область,2018,9999
1178,городской округ Ладушкинский,городской округ,27-711-000-000,1177,39,Калининградская область,2018,9999
1179,городской округ Мамоновский,городской округ,27-712-000-000,1178,39,Калининградская область,2018,9999
1180,городской округ Пионерский,городской округ,27-717-000-000,1179,39,Калининградская область,2018,9999
1181,городской округ Светловский,городской округ,27-725-000-000,1180,39,Калининградская область,2018,9999
1182,городской округ Советский,городской округ,27-730-000-000,1181,39,Калининградская область,2018,9999
1183,городской округ Янтарный,городской округ,27-740-000-000,1182,39,Калининградская область,2018,9999
1188,городской округ Гусевский,городской округ,27-709-000-000,1187,39,Калининградская область,2018,9999
1199,городской округ город Калуга,городской округ,29-701-000-000,1198,40,Калужская область,2018,9999
1201,Бабынинский муниципальный район,муниципальный район,29-602-000-000,1200,40,Калужская область,2018,9999
1202,Барятинский муниципальный район,муниципальный район,29-604-000-000,1201,40,Калужская область,2018,9999
1204,Дзержинский муниципальный район,муниципальный район,29-608-000-000,1203,40,Калужская область,2018,9999
1205,Думиничский муниципальный район,муниципальный район,29-610-000-000,1204,40,Калужская область,2018,9999
1206,Жиздринский муниципальный район,муниципальный район,29-612-000-000,1205,40,Калужская область,2018,9999
1207,Жуковский муниципальный район,муниципальный район,29-613-000-000,1206,40,Калужская область,2018,9999
1208,Кировский муниципальный район,муниципальный район,29-614-000-000,1207,40,Калужская область,2018,9999
1209,Износковский муниципальный район,муниципальный район,29-615-000-000,1208,40,Калужская область,2018,9999
1210,Козельский муниципальный район,муниципальный район,29-616-000-000,1209,40,Калужская область,2018,9999
1211,Куйбышевский муниципальный район,муниципальный район,29-618-000-000,1210,40,Калужская область,2018,9999
1212,Людиновский муниципальный район,муниципальный район,29-620-000-000,1211,40,Калужская область,2018,9999
1213,Малоярославецкий муниципальный район,муниципальный район,29-623-000-000,1212,40,Калужская область,2018,9999
1214,Медынский муниципальный район,муниципальный район,29-625-000-000,1213,40,Калужская область,2018,9999
1215,Мещовский муниципальный район,муниципальный район,29-627-000-000,1214,40,Калужская область,2018,9999
1216,Мосальский муниципальный район,муниципальный район,29-629-000-000,1215,40,Калужская область,2018,9999
1217,Перемышльский муниципальный район,муниципальный район,29-632-000-000,1216,40,Калужская область,2018,9999
1218,Спас-Деменский муниципальный район,муниципальный район,29-634-000-000,1217,40,Калужская область,2018,9999
1219,Сухиничский муниципальный район,муниципальный район,29-636-000-000,1218,40,Калужская область,2018,9999
1220,Тарусский муниципальный район,муниципальный район,29-638-000-000,1219,40,Калужская область,2018,9999
1221,Ульяновский муниципальный район,муниципальный район,29-642-000-000,1220,40,Калужская область,2018,9999
1222,Ферзиковский муниципальный район,муниципальный район,29-644-000-000,1221,40,Калужская область,2018,9999
1223,Хвастовичский муниципальный район,муниципальный район,29-646-000-000,1222,40,Калужская область,2018,9999
1224,Юхновский муниципальный район,муниципальный район,29-650-000-000,1223,40,Калужская область,2018,9999
1225,городской округ Кемеровский,городской округ,32-701-000-000,1224,42,Кемеровская область,2018,9999
1226,городской округ Анжеро-Судженский,городской округ,32-704-000-000,1225,42,Кемеровская область,2018,9999
1227,городской округ Беловский,городской округ,32-707-000-000,1226,42,Кемеровская область,2018,9999
1228,городской округ Березовский,городской округ,32-710-000-000,1227,42,Кемеровская область,2018,9999
1229,городской округ Калтанский,городской округ,32-715-000-000,1228,42,Кемеровская область,2018,9999
1230,городской округ Киселевский,городской округ,32-716-000-000,1229,42,Кемеровская область,2018,9999
1231,городской округ Ленинск-Кузнецкий,городской округ,32-719-000-000,1230,42,Кемеровская область,2018,9999
1232,городской округ Междуреченский,городской округ,32-725-000-000,1231,42,Кемеровская область,2018,9999
1233,городской округ Мысковский,городской округ,32-728-000-000,1232,42,Кемеровская область,2018,9999
1234,городской округ Новокузнецкий,городской округ,32-731-000-000,1233,42,Кемеровская область,2018,9999
1235,городской округ Осинниковский,городской округ,32-734-000-000,1234,42,Кемеровская область,2018,9999
1236,городской округ Полысаевский,городской округ,32-732-000-000,1235,42,Кемеровская область,2018,9999
1237,городской округ Прокопьевский,городской округ,32-737-000-000,1236,42,Кемеровская область,2018,9999
1238,городской округ Тайгинский,городской округ,32-740-000-000,1237,42,Кемеровская область,2018,9999
1239,городской округ Юргинский,городской округ,32-749-000-000,1238,42,Кемеровская область,2018,9999
1251,Таштагольский муниципальный район,муниципальный район,32-627-000-000,1250,42,Кемеровская область,2018,9999
1259,городской округ город Киров,городской округ,33-701-000-000,1258,43,Кировская область,2018,9999
1260,городской округ город Вятские Поляны,городской округ,33-704-000-000,1259,43,Кировская область,2018,9999
1261,городской округ город Кирово-Чепецк,городской округ,33-707-000-000,1260,43,Кировская область,2018,9999
1262,городской округ город Котельнич,городской округ,33-710-000-000,1261,43,Кировская область,2018,9999
1263,городской округ город Слободской,городской округ,33-713-000-000,1262,43,Кировская область,2018,9999
1264,городской округ ЗАТО Первомайский,городской округ,33-787-000-000,1263,43,Кировская область,2018,9999
1267,Белохолуницкий муниципальный район,муниципальный район,33-605-000-000,1266,43,Кировская область,2018,9999
1270,Верхошижемский муниципальный район,муниципальный район,33-608-000-000,1269,43,Кировская область,2018,9999
1271,Вятскополянский муниципальный район,муниципальный район,33-610-000-000,1270,43,Кировская область,2018,9999
1272,Даровской муниципальный район,муниципальный район,33-612-000-000,1271,43,Кировская область,2018,9999
1273,Зуевский муниципальный район,муниципальный район,33-614-000-000,1272,43,Кировская область,2018,9999
1275,Кильмезский муниципальный район,муниципальный район,33-617-000-000,1274,43,Кировская область,2018,9999
1276,Кирово-Чепецкий муниципальный район,муниципальный район,33-618-000-000,1275,43,Кировская область,2018,9999
1277,Котельничский муниципальный район,муниципальный район,33-619-000-000,1276,43,Кировская область,2018,9999
1278,Куменский муниципальный район,муниципальный район,33-620-000-000,1277,43,Кировская область,2018,9999
1281,Малмыжский муниципальный район,муниципальный район,33-623-000-000,1280,43,Кировская область,2018,9999
1283,Нагорский муниципальный район,муниципальный район,33-625-000-000,1282,43,Кировская область,2018,9999
1285,Нолинский муниципальный район,муниципальный район,33-627-000-000,1284,43,Кировская область,2018,9999
1286,Омутнинский муниципальный район,муниципальный район,33-628-000-000,1285,43,Кировская область,2018,9999
1288,Оричевский муниципальный район,муниципальный район,33-630-000-000,1287,43,Кировская область,2018,9999
1289,Орловский муниципальный район,муниципальный район,33-645-000-000,1288,43,Кировская область,2018,9999
1291,Подосиновский муниципальный район,муниципальный район,33-632-000-000,1290,43,Кировская область,2018,9999
1294,Слободской муниципальный район,муниципальный район,33-635-000-000,1293,43,Кировская область,2018,9999
1295,Советский муниципальный район,муниципальный район,33-636-000-000,1294,43,Кировская область,2018,9999
1296,Сунский муниципальный район,муниципальный район,33-637-000-000,1295,43,Кировская область,2018,9999
1297,Тужинский муниципальный район,муниципальный район,33-638-000-000,1296,43,Кировская область,2018,9999
1299,Уржумский муниципальный район,муниципальный район,33-641-000-000,1298,43,Кировская область,2018,9999
1301,Шабалинский муниципальный район,муниципальный район,33-647-000-000,1300,43,Кировская область,2018,9999
1302,Юрьянский муниципальный район,муниципальный район,33-649-000-000,1301,43,Кировская область,2018,9999
1303,Яранский муниципальный район,муниципальный район,33-650-000-000,1302,43,Кировская область,2018,9999
1304,городской округ город Кострома,городской округ,34-701-000-000,1303,44,Костромская область,2018,9999
1305,городской округ город Буй,городской округ,34-705-000-000,1304,44,Костромская область,2018,9999
1306,городской округ город Волгореченск,городской округ,34-706-000-000,1305,44,Костромская область,2018,9999
1307,городской округ город Галич,городской округ,34-708-000-000,1306,44,Костромская область,2018,9999
1309,городской округ город Шарья,городской округ,34-730-000-000,1308,44,Костромская область,2018,9999
1310,Антроповский муниципальный район,муниципальный район,34-602-000-000,1309,44,Костромская область,2018,9999
1311,Буйский муниципальный район,муниципальный район,34-604-000-000,1310,44,Костромская область,2018,9999
1312,Вохомский муниципальный район,муниципальный район,34-606-000-000,1311,44,Костромская область,2018,9999
1313,Галичский муниципальный район,муниципальный район,34-608-000-000,1312,44,Костромская область,2018,9999
1314,Кадыйский муниципальный район,муниципальный район,34-610-000-000,1313,44,Костромская область,2018,9999
1316,Костромской муниципальный район,муниципальный район,34-614-000-000,1315,44,Костромская область,2018,9999
1317,Красносельский муниципальный район,муниципальный район,34-616-000-000,1316,44,Костромская область,2018,9999
1318,Макарьевский муниципальный район,муниципальный район,34-618-000-000,1317,44,Костромская область,2018,9999
1322,муниципальный район город Нерехта и Нерехтский район,муниципальный район,34-626-000-000,1321,44,Костромская область,2018,9999
1323,Октябрьский муниципальный район,муниципальный район,34-628-000-000,1322,44,Костромская область,2018,9999
1330,Судиславский муниципальный район,муниципальный район,34-642-000-000,1329,44,Костромская область,2018,9999
1331,Сусанинский муниципальный район,муниципальный район,34-644-000-000,1330,44,Костромская область,2018,9999
1332,Чухломский муниципальный район,муниципальный район,34-646-000-000,1331,44,Костромская область,2018,9999
1333,Шарьинский муниципальный район,муниципальный район,34-648-000-000,1332,44,Костромская область,2018,9999
1334,городской округ город Курган,городской округ,37-701-000-000,1333,45,Курганская область,2018,9999
1335,городской округ город Шадринск,городской округ,37-705-000-000,1334,45,Курганская область,2018,9999
1360,городской округ город Курск,городской округ,38-701-000-000,1359,46,Курская область,2018,9999
1361,городской округ город Железногорск,городской округ,38-705-000-000,1360,46,Курская область,2018,9999
1362,городской округ город Курчатов,городской округ,38-708-000-000,1361,46,Курская область,2018,9999
1363,городской округ город Льгов,городской округ,38-710-000-000,1362,46,Курская область,2018,9999
1364,городской округ город Щигры,городской округ,38-715-000-000,1363,46,Курская область,2018,9999
1365,Беловский муниципальный район,муниципальный район,38-602-000-000,1364,46,Курская область,2018,9999
1366,Большесолдатский муниципальный район,муниципальный район,38-603-000-000,1365,46,Курская область,2018,9999
1367,Глушковский муниципальный район,муниципальный район,38-604-000-000,1366,46,Курская область,2018,9999
1368,Горшеченский муниципальный район,муниципальный район,38-606-000-000,1367,46,Курская область,2018,9999
1369,Дмитриевский муниципальный район,муниципальный район,38-608-000-000,1368,46,Курская область,2018,9999
1370,Железногорский муниципальный район,муниципальный район,38-610-000-000,1369,46,Курская область,2018,9999
1371,Золотухинский муниципальный район,муниципальный район,38-612-000-000,1370,46,Курская область,2018,9999
1372,Касторенский муниципальный район,муниципальный район,38-614-000-000,1371,46,Курская область,2018,9999
1373,Конышевский муниципальный район,муниципальный район,38-616-000-000,1372,46,Курская область,2018,9999
1374,Кореневский муниципальный район,муниципальный район,38-618-000-000,1373,46,Курская область,2018,9999
1375,Курский муниципальный район,муниципальный район,38-620-000-000,1374,46,Курская область,2018,9999
1376,Курчатовский муниципальный район,муниципальный район,38-621-000-000,1375,46,Курская область,2018,9999
1377,Льговский муниципальный район,муниципальный район,38-622-000-000,1376,46,Курская область,2018,9999
1378,Мантуровский муниципальный район,муниципальный район,38-623-000-000,1377,46,Курская область,2018,9999
1379,Медвенский муниципальный район,муниципальный район,38-624-000-000,1378,46,Курская область,2018,9999
1380,Обоянский муниципальный район,муниципальный район,38-626-000-000,1379,46,Курская область,2018,9999
1381,Октябрьский муниципальный район,муниципальный район,38-628-000-000,1380,46,Курская область,2018,9999
1382,Поныровский муниципальный район,муниципальный район,38-630-000-000,1381,46,Курская область,2018,9999
1383,Пристенский муниципальный район,муниципальный район,38-632-000-000,1382,46,Курская область,2018,9999
1384,Рыльский муниципальный район,муниципальный район,38-634-000-000,1383,46,Курская область,2018,9999
1385,Советский муниципальный район,муниципальный район,38-636-000-000,1384,46,Курская область,2018,9999
1386,Солнцевский муниципальный район,муниципальный район,38-638-000-000,1385,46,Курская область,2018,9999
1387,Суджанский муниципальный район,муниципальный район,38-640-000-000,1386,46,Курская область,2018,9999
1388,Тимский муниципальный район,муниципальный район,38-642-000-000,1387,46,Курская область,2018,9999
1389,Фатежский муниципальный район,муниципальный район,38-644-000-000,1388,46,Курская область,2018,9999
1390,Хомутовский муниципальный район,муниципальный район,38-646-000-000,1389,46,Курская область,2018,9999
1391,Черемисиновский муниципальный район,муниципальный район,38-648-000-000,1390,46,Курская область,2018,9999
1392,Щигровский муниципальный район,муниципальный район,38-650-000-000,1391,46,Курская область,2018,9999
1393,Бокситогорский муниципальный район,муниципальный район,41-603-000-000,1392,47,Ленинградская область,2018,9999
1394,Волосовский муниципальный район,муниципальный район,41-606-000-000,1393,47,Ленинградская область,2018,9999
1395,Волховский муниципальный район,муниципальный район,41-609-000-000,1394,47,Ленинградская область,2018,9999
1396,Всеволожский муниципальный район,муниципальный район,41-612-000-000,1395,47,Ленинградская область,2018,9999
1397,Выборгский муниципальный район,муниципальный район,41-615-000-000,1396,47,Ленинградская область,2018,9999
1398,Гатчинский муниципальный район,муниципальный район,41-618-000-000,1397,47,Ленинградская область,2018,9999
1399,Кингисеппский муниципальный район,муниципальный район,41-621-000-000,1398,47,Ленинградская область,2018,9999
1400,Киришский муниципальный район,муниципальный район,41-624-000-000,1399,47,Ленинградская область,2018,9999
1401,Кировский муниципальный район,муниципальный район,41-625-000-000,1400,47,Ленинградская область,2018,9999
1402,Лодейнопольский муниципальный район,муниципальный район,41-627-000-000,1401,47,Ленинградская область,2018,9999
1403,Ломоносовский муниципальный район,муниципальный район,41-630-000-000,1402,47,Ленинградская область,2018,9999
1404,Лужский муниципальный район,муниципальный район,41-633-000-000,1403,47,Ленинградская область,2018,9999
1405,Подпорожский муниципальный район,муниципальный район,41-636-000-000,1404,47,Ленинградская область,2018,9999
1406,Приозерский муниципальный район,муниципальный район,41-639-000-000,1405,47,Ленинградская область,2018,9999
1407,Сланцевский муниципальный район,муниципальный район,41-642-000-000,1406,47,Ленинградская область,2018,9999
1408,Тихвинский муниципальный район,муниципальный район,41-645-000-000,1407,47,Ленинградская область,2018,9999
1409,Тосненский муниципальный район,муниципальный район,41-648-000-000,1408,47,Ленинградская область,2018,9999
1410,городской округ Сосновоборский,городской округ,41-754-000-000,1409,47,Ленинградская область,2018,9999
1411,городской округ город Липецк,городской округ,42-701-000-000,1410,48,Липецкая область,2018,9999
1412,городской округ город Елец,городской округ,42-715-000-000,1411,48,Липецкая область,2018,9999
1413,Воловский муниципальный район,муниципальный район,42-603-000-000,1412,48,Липецкая область,2018,9999
1414,Грязинский муниципальный район,муниципальный район,42-606-000-000,1413,48,Липецкая область,2018,9999
1415,Данковский муниципальный район,муниципальный район,42-609-000-000,1414,48,Липецкая область,2018,9999
1416,Добринский муниципальный район,муниципальный район,42-612-000-000,1415,48,Липецкая область,2018,9999
1417,Добровский муниципальный район,муниципальный район,42-615-000-000,1416,48,Липецкая область,2018,9999
1418,Долгоруковский муниципальный район,муниципальный район,42-618-000-000,1417,48,Липецкая область,2018,9999
1419,Елецкий муниципальный район,муниципальный район,42-621-000-000,1418,48,Липецкая область,2018,9999
1420,Задонский муниципальный район,муниципальный район,42-624-000-000,1419,48,Липецкая область,2018,9999
1421,Измалковский муниципальный район,муниципальный район,42-627-000-000,1420,48,Липецкая область,2018,9999
1422,Краснинский муниципальный район,муниципальный район,42-630-000-000,1421,48,Липецкая область,2018,9999
1423,Лебедянский муниципальный район,муниципальный район,42-633-000-000,1422,48,Липецкая область,2018,9999
1424,Лев-Толстовский муниципальный район,муниципальный район,42-636-000-000,1423,48,Липецкая область,2018,9999
1425,Липецкий муниципальный район,муниципальный район,42-640-000-000,1424,48,Липецкая область,2018,9999
1426,Становлянский муниципальный район,муниципальный район,42-642-000-000,1425,48,Липецкая область,2018,9999
1427,Тербунский муниципальный район,муниципальный район,42-645-000-000,1426,48,Липецкая область,2018,9999
1428,Усманский муниципальный район,муниципальный район,42-648-000-000,1427,48,Липецкая область,2018,9999
1429,Хлевенский муниципальный район,муниципальный район,42-652-000-000,1428,48,Липецкая область,2018,9999
1430,Чаплыгинский муниципальный район,муниципальный район,42-656-000-000,1429,48,Липецкая область,2018,9999
1431,городской округ город Магадан,городской округ,44-701-000-000,1430,49,Магаданская область,2018,9999
1440,городской округ Балашиха,городской округ,46-704-000-000,1439,50,Московская область,2018,9999
1441,городской округ Бронницы,городской округ,46-705-000-000,1440,50,Московская область,2018,9999
1442,городской округ Власиха,городской округ,46-773-000-000,1441,50,Московская область,2018,9999
1443,городской округ Восход,городской округ,46-763-000-000,1442,50,Московская область,2018,9999
1444,городской округ Дзержинский,городской округ,46-711-000-000,1443,50,Московская область,2018,9999
1445,городской округ Долгопрудный,городской округ,46-716-000-000,1444,50,Московская область,2018,9999
1446,городской округ Домодедово,городской округ,46-709-000-000,1445,50,Московская область,2018,9999
1447,городской округ Дубна,городской округ,46-718-000-000,1446,50,Московская область,2018,9999
1448,городской округ Егорьевск,городской округ,46-722-000-000,1447,50,Московская область,2018,9999
1449,городской округ Жуковский,городской округ,46-725-000-000,1448,50,Московская область,2018,9999
1450,городской округ Зарайск,городской округ,46-729-000-000,1449,50,Московская область,2018,9999
1452,городской округ Звёздный городок,городской округ,46-774-000-000,1451,50,Московская область,2018,9999
1454,городской округ Истра,городской округ,46-733-000-000,1453,50,Московская область,2018,9999
1455,городской округ Кашира,городской округ,46-735-000-000,1454,50,Московская область,2018,9999
1457,городской округ Королёв,городской округ,46-734-000-000,1456,50,Московская область,2018,9999
1458,городской округ Котельники,городской округ,46-739-000-000,1457,50,Московская область,2018,9999
1460,городской округ Красногорск,городской округ,46-744-000-000,1459,50,Московская область,2018,9999
1461,городской округ Краснознаменск,городской округ,46-706-000-000,1460,50,Московская область,2018,9999
1462,городской округ Лобня,городской округ,46-740-000-000,1461,50,Московская область,2018,9999
1464,городской округ Луховицы,городской округ,46-747-000-000,1463,50,Московская область,2018,9999
1465,городской округ Лыткарино,городской округ,46-741-000-000,1464,50,Московская область,2018,9999
1466,городской округ Люберцы,городской округ,46-748-000-000,1465,50,Московская область,2018,9999
1467,городской округ Молодёжный,городской округ,46-761-000-000,1466,50,Московская область,2018,9999
1468,городской округ Мытищи,городской округ,46-746-000-000,1467,50,Московская область,2018,9999
1469,городской округ Наро-Фоминский,городской округ,46-750-000-000,1468,50,Московская область,2018,9999
1473,городской округ Подольск,городской округ,46-760-000-000,1472,50,Московская область,2018,9999
1474,городской округ Протвино,городской округ,46-767-000-000,1473,50,Московская область,2018,9999
1475,городской округ Пущино,городской округ,46-762-000-000,1474,50,Московская область,2018,9999
1476,городской округ Реутов,городской округ,46-764-000-000,1475,50,Московская область,2018,9999
1478,городской округ Рузский,городской округ,46-766-000-000,1477,50,Московская область,2018,9999
1479,городской округ Серебряные Пруды,городской округ,46-772-000-000,1478,50,Московская область,2018,9999
1481,городской округ Ступино,городской округ,46-776-000-000,1480,50,Московская область,2018,9999
1482,городской округ Фрязино,городской округ,46-780-000-000,1481,50,Московская область,2018,9999
1484,городской округ Черноголовка,городской округ,46-781-000-000,1483,50,Московская область,2018,9999
1485,городской округ Чехов,городской округ,46-784-000-000,1484,50,Московская область,2018,9999
1487,городской округ Шаховская,городской округ,46-787-000-000,1486,50,Московская область,2018,9999
1489,городской округ Электросталь,городской округ,46-790-000-000,1488,50,Московская область,2018,9999
1507,городской округ город Мурманск,городской округ,47-701-000-000,1506,51,Мурманская область,2018,9999
1514,городской округ ЗАТО Александровск,городской округ,47-737-000-000,1513,51,Мурманская область,2018,9999
1515,городской округ ЗАТО поселок Видяево,городской округ,47-735-000-000,1514,51,Мурманская область,2018,9999
1516,городской округ ЗАТО город Заозерск,городской округ,47-733-000-000,1515,51,Мурманская область,2018,9999
1517,городской округ ЗАТО город Островной,городской округ,47-731-000-000,1516,51,Мурманская область,2018,9999
1518,городской округ ЗАТО город Североморск,городской округ,47-730-000-000,1517,51,Мурманская область,2018,9999
1519,Кандалакшский муниципальный район,муниципальный район,47-608-000-000,1518,51,Мурманская область,2018,9999
1520,Кольский муниципальный район,муниципальный район,47-605-000-000,1519,51,Мурманская область,2018,9999
1521,Ловозерский муниципальный район,муниципальный район,47-610-000-000,1520,51,Мурманская область,2018,9999
1523,Терский муниципальный район,муниципальный район,47-620-000-000,1522,51,Мурманская область,2018,9999
1524,городской округ город Нижний Новгород,городской округ,22-701-000-000,1523,52,Нижегородская область,2018,9999
1526,городской округ город Бор,городской округ,22-712-000-000,1525,52,Нижегородская область,2018,9999
1527,городской округ город Выкса,городской округ,22-715-000-000,1526,52,Нижегородская область,2018,9999
1528,городской округ город Дзержинск,городской округ,22-721-000-000,1527,52,Нижегородская область,2018,9999
1529,городской округ город Кулебаки,городской округ,22-727-000-000,1528,52,Нижегородская область,2018,9999
1530,городской округ Навашинский,городской округ,22-730-000-000,1529,52,Нижегородская область,2018,9999
1531,городской округ Перевозский,городской округ,22-739-000-000,1530,52,Нижегородская область,2018,9999
1532,городской округ ЗАТО город Саров,городской округ,22-704-000-000,1531,52,Нижегородская область,2018,9999
1533,городской округ Семеновский,городской округ,22-737-000-000,1532,52,Нижегородская область,2018,9999
1534,городской округ город Шахунья,городской округ,22-758-000-000,1533,52,Нижегородская область,2018,9999
1535,городской округ город Первомайск,городской округ,22-734-000-000,1534,52,Нижегородская область,2018,9999
1536,городской округ Сокольский,городской округ,22-749-000-000,1535,52,Нижегородская область,2018,9999
1537,городской округ город Чкаловск,городской округ,22-755-000-000,1536,52,Нижегородская область,2018,9999
1576,городской округ Великий Новгород,городской округ,49-701-000-000,1575,53,Новгородская область,2018,9999
1577,Батецкий муниципальный район,муниципальный район,49-603-000-000,1576,53,Новгородская область,2018,9999
1578,Боровичский муниципальный район,муниципальный район,49-606-000-000,1577,53,Новгородская область,2018,9999
1579,Валдайский муниципальный район,муниципальный район,49-608-000-000,1578,53,Новгородская область,2018,9999
1583,Любытинский муниципальный район,муниципальный район,49-616-000-000,1582,53,Новгородская область,2018,9999
1584,Маловишерский муниципальный район,муниципальный район,49-620-000-000,1583,53,Новгородская область,2018,9999
1587,Новгородский муниципальный район,муниципальный район,49-625-000-000,1586,53,Новгородская область,2018,9999
1588,Окуловский муниципальный район,муниципальный район,49-628-000-000,1587,53,Новгородская область,2018,9999
1589,Парфинский муниципальный район,муниципальный район,49-630-000-000,1588,53,Новгородская область,2018,9999
1591,Поддорский муниципальный район,муниципальный район,49-634-000-000,1590,53,Новгородская область,2018,9999
1593,Старорусский муниципальный район,муниципальный район,49-639-000-000,1592,53,Новгородская область,2018,9999
1595,Холмский муниципальный район,муниципальный район,49-647-000-000,1594,53,Новгородская область,2018,9999
1596,Чудовский муниципальный район,муниципальный район,49-650-000-000,1595,53,Новгородская область,2018,9999
1597,Шимский муниципальный район,муниципальный район,49-655-000-000,1596,53,Новгородская область,2018,9999
1598,городской округ город Новосибирск,городской округ,50-701-000-000,1597,54,Новосибирская область,2018,9999
1599,городской округ город Бердск,городской округ,50-708-000-000,1598,54,Новосибирская область,2018,9999
1600,городской округ город Искитим,городской округ,50-712-000-000,1599,54,Новосибирская область,2018,9999
1601,городской округ город Обь,городской округ,50-717-000-000,1600,54,Новосибирская область,2018,9999
1602,городской округ рабочий поселок Кольцово,городской округ,50-740-000-000,1601,54,Новосибирская область,2018,9999
1603,Баганский муниципальный район,муниципальный район,50-603-000-000,1602,54,Новосибирская область,2018,9999
1604,Барабинский муниципальный район,муниципальный район,50-604-000-000,1603,54,Новосибирская область,2018,9999
1605,Болотнинский муниципальный район,муниципальный район,50-606-000-000,1604,54,Новосибирская область,2018,9999
1606,Венгеровский муниципальный район,муниципальный район,50-608-000-000,1605,54,Новосибирская область,2018,9999
1607,Доволенский муниципальный район,муниципальный район,50-610-000-000,1606,54,Новосибирская область,2018,9999
1608,Здвинский муниципальный район,муниципальный район,50-613-000-000,1607,54,Новосибирская область,2018,9999
1609,Искитимский муниципальный район,муниципальный район,50-615-000-000,1608,54,Новосибирская область,2018,9999
1610,Карасукский муниципальный район,муниципальный район,50-617-000-000,1609,54,Новосибирская область,2018,9999
1611,Каргатский муниципальный район,муниципальный район,50-619-000-000,1610,54,Новосибирская область,2018,9999
1612,Колыванский муниципальный район,муниципальный район,50-621-000-000,1611,54,Новосибирская область,2018,9999
1613,Коченевский муниципальный район,муниципальный район,50-623-000-000,1612,54,Новосибирская область,2018,9999
1614,Кочковский муниципальный район,муниципальный район,50-625-000-000,1613,54,Новосибирская область,2018,9999
1615,Краснозерский муниципальный район,муниципальный район,50-627-000-000,1614,54,Новосибирская область,2018,9999
1616,Куйбышевский муниципальный район,муниципальный район,50-630-000-000,1615,54,Новосибирская область,2018,9999
1617,Купинский муниципальный район,муниципальный район,50-632-000-000,1616,54,Новосибирская область,2018,9999
1618,Кыштовский муниципальный район,муниципальный район,50-634-000-000,1617,54,Новосибирская область,2018,9999
1619,Маслянинский муниципальный район,муниципальный район,50-636-000-000,1618,54,Новосибирская область,2018,9999
1620,Мошковский муниципальный район,муниципальный район,50-638-000-000,1619,54,Новосибирская область,2018,9999
1621,Новосибирский муниципальный район,муниципальный район,50-640-000-000,1620,54,Новосибирская область,2018,9999
1622,Ордынский муниципальный район,муниципальный район,50-642-000-000,1621,54,Новосибирская область,2018,9999
1623,Северный муниципальный район,муниципальный район,50-644-000-000,1622,54,Новосибирская область,2018,9999
1624,Сузунский муниципальный район,муниципальный район,50-648-000-000,1623,54,Новосибирская область,2018,9999
1625,Татарский муниципальный район,муниципальный район,50-650-000-000,1624,54,Новосибирская область,2018,9999
1626,Тогучинский муниципальный район,муниципальный район,50-652-000-000,1625,54,Новосибирская область,2018,9999
1627,Убинский муниципальный район,муниципальный район,50-654-000-000,1626,54,Новосибирская область,2018,9999
1628,Усть-Таркский муниципальный район,муниципальный район,50-655-000-000,1627,54,Новосибирская область,2018,9999
1629,Чановский муниципальный район,муниципальный район,50-656-000-000,1628,54,Новосибирская область,2018,9999
1630,Черепановский муниципальный район,муниципальный район,50-657-000-000,1629,54,Новосибирская область,2018,9999
1631,Чистоозерный муниципальный район,муниципальный район,50-658-000-000,1630,54,Новосибирская область,2018,9999
1632,Чулымский муниципальный район,муниципальный район,50-659-000-000,1631,54,Новосибирская область,2018,9999
1633,городской округ город Омск,городской округ,52-701-000-000,1632,55,Омская область,2018,9999
1634,Азовский немецкий национальный муниципальный район,муниципальный район,52-601-000-000,1633,55,Омская область,2018,9999
1635,Большереченский муниципальный район,муниципальный район,52-603-000-000,1634,55,Омская область,2018,9999
1636,Большеуковский муниципальный район,муниципальный район,52-606-000-000,1635,55,Омская область,2018,9999
1637,Горьковский муниципальный район,муниципальный район,52-609-000-000,1636,55,Омская область,2018,9999
1638,Знаменский муниципальный район,муниципальный район,52-612-000-000,1637,55,Омская область,2018,9999
1639,Исилькульский муниципальный район,муниципальный район,52-615-000-000,1638,55,Омская область,2018,9999
1640,Калачинский муниципальный район,муниципальный район,52-618-000-000,1639,55,Омская область,2018,9999
1641,Колосовский муниципальный район,муниципальный район,52-621-000-000,1640,55,Омская область,2018,9999
1642,Кормиловский муниципальный район,муниципальный район,52-623-000-000,1641,55,Омская область,2018,9999
1643,Крутинский муниципальный район,муниципальный район,52-626-000-000,1642,55,Омская область,2018,9999
1644,Любинский муниципальный район,муниципальный район,52-629-000-000,1643,55,Омская область,2018,9999
1645,Марьяновский муниципальный район,муниципальный район,52-630-000-000,1644,55,Омская область,2018,9999
1646,Москаленский муниципальный район,муниципальный район,52-632-000-000,1645,55,Омская область,2018,9999
1647,Муромцевский муниципальный район,муниципальный район,52-634-000-000,1646,55,Омская область,2018,9999
1648,Называевский муниципальный район,муниципальный район,52-636-000-000,1647,55,Омская область,2018,9999
1649,Нижнеомский муниципальный район,муниципальный район,52-639-000-000,1648,55,Омская область,2018,9999
1650,Нововаршавский муниципальный район,муниципальный район,52-641-000-000,1649,55,Омская область,2018,9999
1651,Одесский муниципальный район,муниципальный район,52-642-000-000,1650,55,Омская область,2018,9999
1652,Оконешниковский муниципальный район,муниципальный район,52-643-000-000,1651,55,Омская область,2018,9999
1653,Омский муниципальный район,муниципальный район,52-644-000-000,1652,55,Омская область,2018,9999
1654,Павлоградский муниципальный район,муниципальный район,52-646-000-000,1653,55,Омская область,2018,9999
1655,Полтавский муниципальный район,муниципальный район,52-648-000-000,1654,55,Омская область,2018,9999
1656,Русско-Полянский муниципальный район,муниципальный район,52-650-000-000,1655,55,Омская область,2018,9999
1657,Саргатский муниципальный район,муниципальный район,52-651-000-000,1656,55,Омская область,2018,9999
1658,Седельниковский муниципальный район,муниципальный район,52-652-000-000,1657,55,Омская область,2018,9999
1659,Таврический муниципальный район,муниципальный район,52-653-000-000,1658,55,Омская область,2018,9999
1660,Тарский муниципальный район,муниципальный район,52-654-000-000,1659,55,Омская область,2018,9999
1661,Тевризский муниципальный район,муниципальный район,52-655-000-000,1660,55,Омская область,2018,9999
1662,Тюкалинский муниципальный район,муниципальный район,52-656-000-000,1661,55,Омская область,2018,9999
1663,Усть-Ишимский муниципальный район,муниципальный район,52-657-000-000,1662,55,Омская область,2018,9999
1664,Черлакский муниципальный район,муниципальный район,52-658-000-000,1663,55,Омская область,2018,9999
1665,Шербакульский муниципальный район,муниципальный район,52-659-000-000,1664,55,Омская область,2018,9999
1666,городской округ город Оренбург,городской округ,53-701-000-000,1665,56,Оренбургская область,2018,9999
1667,городской округ Абдулинский,городской округ,53-704-000-000,1666,56,Оренбургская область,2018,9999
1668,городской округ город Бугуруслан,городской округ,53-708-000-000,1667,56,Оренбургская область,2018,9999
1669,городской округ город Бузулук,городской округ,53-712-000-000,1668,56,Оренбургская область,2018,9999
1670,городской округ Гайский,городской округ,53-713-000-000,1669,56,Оренбургская область,2018,9999
1671,городской округ Кувандыкский,городской округ,53-714-000-000,1670,56,Оренбургская область,2018,9999
1672,городской округ город Медногорск,городской округ,53-715-000-000,1671,56,Оренбургская область,2018,9999
1673,городской округ город Новотроицк,городской округ,53-720-000-000,1672,56,Оренбургская область,2018,9999
1674,городской округ город Орск,городской округ,53-723-000-000,1673,56,Оренбургская область,2018,9999
1675,городской округ Соль-Илецкий,городской округ,53-725-000-000,1674,56,Оренбургская область,2018,9999
1676,городской округ Сорочинский,городской округ,53-727-000-000,1675,56,Оренбургская область,2018,9999
1677,городской округ Ясненский,городской округ,53-732-000-000,1676,56,Оренбургская область,2018,9999
1678,городской округ ЗАТО поселок Комаровский,городской округ,53-755-000-000,1677,56,Оренбургская область,2018,9999
1679,Адамовский муниципальный район,муниципальный район,53-604-000-000,1678,56,Оренбургская область,2018,9999
1680,Акбулакский муниципальный район,муниципальный район,53-605-000-000,1679,56,Оренбургская область,2018,9999
1681,Александровский муниципальный район,муниципальный район,53-606-000-000,1680,56,Оренбургская область,2018,9999
1682,Асекеевский муниципальный район,муниципальный район,53-607-000-000,1681,56,Оренбургская область,2018,9999
1683,Беляевский муниципальный район,муниципальный район,53-610-000-000,1682,56,Оренбургская область,2018,9999
1684,Бугурусланский муниципальный район,муниципальный район,53-611-000-000,1683,56,Оренбургская область,2018,9999
1685,Бузулукский муниципальный район,муниципальный район,53-612-000-000,1684,56,Оренбургская область,2018,9999
1686,Грачёвский муниципальный район,муниципальный район,53-615-000-000,1685,56,Оренбургская область,2018,9999
1687,Домбаровский муниципальный район,муниципальный район,53-617-000-000,1686,56,Оренбургская область,2018,9999
1688,Илекский муниципальный район,муниципальный район,53-619-000-000,1687,56,Оренбургская область,2018,9999
1689,Кваркенский муниципальный район,муниципальный район,53-622-000-000,1688,56,Оренбургская область,2018,9999
1690,Красногвардейский муниципальный район,муниципальный район,53-623-000-000,1689,56,Оренбургская область,2018,9999
1691,Курманаевский муниципальный район,муниципальный район,53-625-000-000,1690,56,Оренбургская область,2018,9999
1692,Матвеевский муниципальный район,муниципальный район,53-627-000-000,1691,56,Оренбургская область,2018,9999
1693,Новоорский муниципальный район,муниципальный район,53-630-000-000,1692,56,Оренбургская область,2018,9999
1694,Новосергиевский муниципальный район,муниципальный район,53-631-000-000,1693,56,Оренбургская область,2018,9999
1695,Октябрьский муниципальный район,муниципальный район,53-633-000-000,1694,56,Оренбургская область,2018,9999
1696,Оренбургский муниципальный район,муниципальный район,53-634-000-000,1695,56,Оренбургская область,2018,9999
1697,Первомайский муниципальный район,муниципальный район,53-636-000-000,1696,56,Оренбургская область,2018,9999
1698,Переволоцкий муниципальный район,муниципальный район,53-637-000-000,1697,56,Оренбургская область,2018,9999
1699,Пономарёвский муниципальный район,муниципальный район,53-638-000-000,1698,56,Оренбургская область,2018,9999
1700,Сакмарский муниципальный район,муниципальный район,53-640-000-000,1699,56,Оренбургская область,2018,9999
1701,Саракташский муниципальный район,муниципальный район,53-641-000-000,1700,56,Оренбургская область,2018,9999
1702,Светлинский муниципальный район,муниципальный район,53-642-000-000,1701,56,Оренбургская область,2018,9999
1703,Северный муниципальный район,муниципальный район,53-643-000-000,1702,56,Оренбургская область,2018,9999
1704,Ташлинский муниципальный район,муниципальный район,53-651-000-000,1703,56,Оренбургская область,2018,9999
1705,Тоцкий муниципальный район,муниципальный район,53-652-000-000,1704,56,Оренбургская область,2018,9999
1706,Тюльганский муниципальный район,муниципальный район,53-653-000-000,1705,56,Оренбургская область,2018,9999
1707,Шарлыкский муниципальный район,муниципальный район,53-656-000-000,1706,56,Оренбургская область,2018,9999
1708,городской округ город Орёл,городской округ,54-701-000-000,1707,57,Орловская область,2018,9999
1709,городской округ город Ливны,городской округ,54-705-000-000,1708,57,Орловская область,2018,9999
1710,городской округ город Мценск,городской округ,54-710-000-000,1709,57,Орловская область,2018,9999
1711,Болховский муниципальный район,муниципальный район,54-604-000-000,1710,57,Орловская область,2018,9999
1712,Верховский муниципальный район,муниципальный район,54-608-000-000,1711,57,Орловская область,2018,9999
1713,Глазуновский муниципальный район,муниципальный район,54-610-000-000,1712,57,Орловская область,2018,9999
1714,Дмитровский муниципальный район,муниципальный район,54-612-000-000,1713,57,Орловская область,2018,9999
1715,Должанский муниципальный район,муниципальный район,54-615-000-000,1714,57,Орловская область,2018,9999
1716,Залегощенский муниципальный район,муниципальный район,54-618-000-000,1715,57,Орловская область,2018,9999
1717,Знаменский муниципальный район,муниципальный район,54-620-000-000,1716,57,Орловская область,2018,9999
1718,Колпнянский муниципальный район,муниципальный район,54-623-000-000,1717,57,Орловская область,2018,9999
1719,Краснозоренский муниципальный район,муниципальный район,54-624-000-000,1718,57,Орловская область,2018,9999
1720,Кромской муниципальный район,муниципальный район,54-625-000-000,1719,57,Орловская область,2018,9999
1721,Корсаковский муниципальный район,муниципальный район,54-626-000-000,1720,57,Орловская область,2018,9999
1722,Ливенский муниципальный район,муниципальный район,54-629-000-000,1721,57,Орловская область,2018,9999
1723,Малоархангельский муниципальный район,муниципальный район,54-632-000-000,1722,57,Орловская область,2018,9999
1724,Мценский муниципальный район,муниципальный район,54-636-000-000,1723,57,Орловская область,2018,9999
1725,Новодеревеньковский муниципальный район,муниципальный район,54-639-000-000,1724,57,Орловская область,2018,9999
1726,Новосильский муниципальный район,муниципальный район,54-643-000-000,1725,57,Орловская область,2018,9999
1728,Покровский муниципальный район,муниципальный район,54-650-000-000,1727,57,Орловская область,2018,9999
1729,Свердловский муниципальный район,муниципальный район,54-652-000-000,1728,57,Орловская область,2018,9999
1730,Сосковский муниципальный район,муниципальный район,54-653-000-000,1729,57,Орловская область,2018,9999
1731,Троснянский муниципальный район,муниципальный район,54-654-000-000,1730,57,Орловская область,2018,9999
1732,Урицкий муниципальный район,муниципальный район,54-655-000-000,1731,57,Орловская область,2018,9999
1733,Хотынецкий муниципальный район,муниципальный район,54-657-000-000,1732,57,Орловская область,2018,9999
1734,Шаблыкинский муниципальный район,муниципальный район,54-659-000-000,1733,57,Орловская область,2018,9999
1735,городской округ город Пенза,городской округ,56-701-000-000,1734,58,Пензенская область,2018,9999
1736,городской округ город Кузнецк,городской округ,56-705-000-000,1735,58,Пензенская область,2018,9999
1737,городской округ ЗАТО город Заречный,городской округ,56-734-000-000,1736,58,Пензенская область,2018,9999
1738,Башмаковский муниципальный район,муниципальный район,56-603-000-000,1737,58,Пензенская область,2018,9999
1739,Бековский муниципальный район,муниципальный район,56-609-000-000,1738,58,Пензенская область,2018,9999
1740,Белинский муниципальный район,муниципальный район,56-612-000-000,1739,58,Пензенская область,2018,9999
1741,Бессоновский муниципальный район,муниципальный район,56-613-000-000,1740,58,Пензенская область,2018,9999
1742,Вадинский муниципальный район,муниципальный район,56-615-000-000,1741,58,Пензенская область,2018,9999
1743,Городищенский муниципальный район,муниципальный район,56-618-000-000,1742,58,Пензенская область,2018,9999
1744,Земетчинский муниципальный район,муниципальный район,56-623-000-000,1743,58,Пензенская область,2018,9999
1745,Иссинский муниципальный район,муниципальный район,56-626-000-000,1744,58,Пензенская область,2018,9999
1746,Каменский муниципальный район,муниципальный район,56-629-000-000,1745,58,Пензенская область,2018,9999
1747,Камешкирский муниципальный район,муниципальный район,56-631-000-000,1746,58,Пензенская область,2018,9999
1748,Колышлейский муниципальный район,муниципальный район,56-633-000-000,1747,58,Пензенская область,2018,9999
1749,Кузнецкий муниципальный район,муниципальный район,56-640-000-000,1748,58,Пензенская область,2018,9999
1750,Лопатинский муниципальный район,муниципальный район,56-642-000-000,1749,58,Пензенская область,2018,9999
1751,Лунинский муниципальный район,муниципальный район,56-643-000-000,1750,58,Пензенская область,2018,9999
1752,Малосердобинский муниципальный район,муниципальный район,56-644-000-000,1751,58,Пензенская область,2018,9999
1753,Мокшанский муниципальный район,муниципальный район,56-645-000-000,1752,58,Пензенская область,2018,9999
1754,Наровчатский муниципальный район,муниципальный район,56-647-000-000,1753,58,Пензенская область,2018,9999
1755,Неверкинский муниципальный район,муниципальный район,56-649-000-000,1754,58,Пензенская область,2018,9999
1756,Нижнеломовский муниципальный район,муниципальный район,56-651-000-000,1755,58,Пензенская область,2018,9999
1757,Никольский муниципальный район,муниципальный район,56-653-000-000,1756,58,Пензенская область,2018,9999
1758,Пачелмский муниципальный район,муниципальный район,56-654-000-000,1757,58,Пензенская область,2018,9999
1759,Пензенский муниципальный район,муниципальный район,56-655-000-000,1758,58,Пензенская область,2018,9999
1760,Сердобский муниципальный район,муниципальный район,56-656-000-000,1759,58,Пензенская область,2018,9999
1761,Сосновоборский муниципальный район,муниципальный район,56-657-000-000,1760,58,Пензенская область,2018,9999
1762,Спасский муниципальный район,муниципальный район,56-606-000-000,1761,58,Пензенская область,2018,9999
1763,Тамалинский муниципальный район,муниципальный район,56-658-000-000,1762,58,Пензенская область,2018,9999
1764,Шемышейский муниципальный район,муниципальный район,56-659-000-000,1763,58,Пензенская область,2018,9999
1765,городской округ город Псков,городской округ,58-701-000-000,1764,60,Псковская область,2018,9999
1766,городской округ город Великие Луки,городской округ,58-710-000-000,1765,60,Псковская область,2018,9999
1767,Бежаницкий муниципальный район,муниципальный район,58-604-000-000,1766,60,Псковская область,2018,9999
1768,Великолукский муниципальный район,муниципальный район,58-606-000-000,1767,60,Псковская область,2018,9999
1769,Гдовский муниципальный район,муниципальный район,58-608-000-000,1768,60,Псковская область,2018,9999
1770,Дедовичский муниципальный район,муниципальный район,58-610-000-000,1769,60,Псковская область,2018,9999
1771,Дновский муниципальный район,муниципальный район,58-612-000-000,1770,60,Псковская область,2018,9999
1773,Куньинский муниципальный район,муниципальный район,58-616-000-000,1772,60,Псковская область,2018,9999
1777,Новосокольнический муниципальный район,муниципальный район,58-626-000-000,1776,60,Псковская область,2018,9999
1779,Островский муниципальный район,муниципальный район,58-633-000-000,1778,60,Псковская область,2018,9999
1780,Палкинский муниципальный район,муниципальный район,58-637-000-000,1779,60,Псковская область,2018,9999
1782,Плюсский муниципальный район,муниципальный район,58-643-000-000,1781,60,Псковская область,2018,9999
1783,Порховский муниципальный район,муниципальный район,58-647-000-000,1782,60,Псковская область,2018,9999
1784,Псковский муниципальный район,муниципальный район,58-649-000-000,1783,60,Псковская область,2018,9999
1785,Пустошкинский муниципальный район,муниципальный район,58-650-000-000,1784,60,Псковская область,2018,9999
1786,Пушкиногорский муниципальный район,муниципальный район,58-651-000-000,1785,60,Псковская область,2018,9999
1788,Себежский муниципальный район,муниципальный район,58-654-000-000,1787,60,Псковская область,2018,9999
1790,Усвятский муниципальный район,муниципальный район,58-658-000-000,1789,60,Псковская область,2018,9999
1791,городской округ город Ростов-на-Дону,городской округ,60-701-000-000,1790,61,Ростовская область,2018,9999
1792,городской округ город Азов,городской округ,60-704-000-000,1791,61,Ростовская область,2018,9999
1793,городской округ город Батайск,городской округ,60-707-000-000,1792,61,Ростовская область,2018,9999
1794,городской округ город Волгодонск,городской округ,60-712-000-000,1793,61,Ростовская область,2018,9999
1795,городской округ город Гуково,городской округ,60-715-000-000,1794,61,Ростовская область,2018,9999
1796,городской округ город Донецк,городской округ,60-717-000-000,1795,61,Ростовская область,2018,9999
1797,городской округ город Зверево,городской округ,60-718-000-000,1796,61,Ростовская область,2018,9999
1798,городской округ город Каменск-Шахтинский,городской округ,60-719-000-000,1797,61,Ростовская область,2018,9999
1799,городской округ город Новочеркасск,городской округ,60-727-000-000,1798,61,Ростовская область,2018,9999
1800,городской округ город Новошахтинск,городской округ,60-730-000-000,1799,61,Ростовская область,2018,9999
1801,городской округ город Таганрог,городской округ,60-737-000-000,1800,61,Ростовская область,2018,9999
1802,городской округ город Шахты,городской округ,60-740-000-000,1801,61,Ростовская область,2018,9999
1803,Азовский муниципальный район,муниципальный район,60-601-000-000,1802,61,Ростовская область,2018,9999
1804,Аксайский муниципальный район,муниципальный район,60-602-000-000,1803,61,Ростовская область,2018,9999
1805,Багаевский муниципальный район,муниципальный район,60-605-000-000,1804,61,Ростовская область,2018,9999
1806,Белокалитвинский муниципальный район,муниципальный район,60-606-000-000,1805,61,Ростовская область,2018,9999
1807,Боковский муниципальный район,муниципальный район,60-607-000-000,1806,61,Ростовская область,2018,9999
1808,Верхнедонской муниципальный район,муниципальный район,60-608-000-000,1807,61,Ростовская область,2018,9999
1809,Веселовский муниципальный район,муниципальный район,60-609-000-000,1808,61,Ростовская область,2018,9999
1810,Волгодонской муниципальный район,муниципальный район,60-612-000-000,1809,61,Ростовская область,2018,9999
1811,Дубовский муниципальный район,муниципальный район,60-613-000-000,1810,61,Ростовская область,2018,9999
1812,Егорлыкский муниципальный район,муниципальный район,60-615-000-000,1811,61,Ростовская область,2018,9999
1813,Заветинский муниципальный район,муниципальный район,60-617-000-000,1812,61,Ростовская область,2018,9999
1814,Зерноградский муниципальный район,муниципальный район,60-618-000-000,1813,61,Ростовская область,2018,9999
1815,Зимовниковский муниципальный район,муниципальный район,60-619-000-000,1814,61,Ростовская область,2018,9999
1816,Кагальницкий муниципальный район,муниципальный район,60-622-000-000,1815,61,Ростовская область,2018,9999
1817,Каменский муниципальный район,муниципальный район,60-623-000-000,1816,61,Ростовская область,2018,9999
1818,Кашарский муниципальный район,муниципальный район,60-624-000-000,1817,61,Ростовская область,2018,9999
1819,Константиновский муниципальный район,муниципальный район,60-625-000-000,1818,61,Ростовская область,2018,9999
1820,Красносулинский муниципальный район,муниципальный район,60-626-000-000,1819,61,Ростовская область,2018,9999
1821,Куйбышевский муниципальный район,муниципальный район,60-627-000-000,1820,61,Ростовская область,2018,9999
1822,Мартыновский муниципальный район,муниципальный район,60-630-000-000,1821,61,Ростовская область,2018,9999
1823,Матвеево-Курганский муниципальный район,муниципальный район,60-631-000-000,1822,61,Ростовская область,2018,9999
1824,Миллеровский муниципальный район,муниципальный район,60-632-000-000,1823,61,Ростовская область,2018,9999
1825,Милютинский муниципальный район,муниципальный район,60-633-000-000,1824,61,Ростовская область,2018,9999
1826,Морозовский муниципальный район,муниципальный район,60-634-000-000,1825,61,Ростовская область,2018,9999
1827,Мясниковский муниципальный район,муниципальный район,60-635-000-000,1826,61,Ростовская область,2018,9999
1828,Неклиновский муниципальный район,муниципальный район,60-636-000-000,1827,61,Ростовская область,2018,9999
1829,Обливский муниципальный район,муниципальный район,60-640-000-000,1828,61,Ростовская область,2018,9999
1830,Октябрьский муниципальный район,муниципальный район,60-641-000-000,1829,61,Ростовская область,2018,9999
1831,Орловский муниципальный район,муниципальный район,60-642-000-000,1830,61,Ростовская область,2018,9999
1832,Песчанокопский муниципальный район,муниципальный район,60-644-000-000,1831,61,Ростовская область,2018,9999
1833,Пролетарский муниципальный район,муниципальный район,60-645-000-000,1832,61,Ростовская область,2018,9999
1834,Ремонтненский муниципальный район,муниципальный район,60-647-000-000,1833,61,Ростовская область,2018,9999
1835,Родионово-Несветайский муниципальный район,муниципальный район,60-648-000-000,1834,61,Ростовская область,2018,9999
1836,Сальский муниципальный район,муниципальный район,60-650-000-000,1835,61,Ростовская область,2018,9999
1837,Семикаракорский муниципальный район,муниципальный район,60-651-000-000,1836,61,Ростовская область,2018,9999
1838,Советский муниципальный район,муниципальный район,60-652-000-000,1837,61,Ростовская область,2018,9999
1839,Тарасовский муниципальный район,муниципальный район,60-653-000-000,1838,61,Ростовская область,2018,9999
1840,Тацинский муниципальный район,муниципальный район,60-654-000-000,1839,61,Ростовская область,2018,9999
1841,Усть-Донецкий муниципальный район,муниципальный район,60-655-000-000,1840,61,Ростовская область,2018,9999
1842,Целинский муниципальный район,муниципальный район,60-656-000-000,1841,61,Ростовская область,2018,9999
1843,Цимлянский муниципальный район,муниципальный район,60-657-000-000,1842,61,Ростовская область,2018,9999
1844,Чертковский муниципальный район,муниципальный район,60-658-000-000,1843,61,Ростовская область,2018,9999
1845,Шолоховский муниципальный район,муниципальный район,60-659-000-000,1844,61,Ростовская область,2018,9999
1846,городской округ город Рязань,городской округ,61-701-000-000,1845,62,Рязанская область,2018,9999
1847,городской округ город Касимов,городской округ,61-705-000-000,1846,62,Рязанская область,2018,9999
1849,городской округ город Скопин,городской округ,61-715-000-000,1848,62,Рязанская область,2018,9999
1850,Ермишинский муниципальный район,муниципальный район,61-602-000-000,1849,62,Рязанская область,2018,9999
1851,Захаровский муниципальный район,муниципальный район,61-604-000-000,1850,62,Рязанская область,2018,9999
1852,Кадомский муниципальный район,муниципальный район,61-606-000-000,1851,62,Рязанская область,2018,9999
1853,Касимовский муниципальный район,муниципальный район,61-608-000-000,1852,62,Рязанская область,2018,9999
1854,Клепиковский муниципальный район,муниципальный район,61-610-000-000,1853,62,Рязанская область,2018,9999
1855,Кораблинский муниципальный район,муниципальный район,61-612-000-000,1854,62,Рязанская область,2018,9999
1856,Милославский муниципальный район,муниципальный район,61-615-000-000,1855,62,Рязанская область,2018,9999
1857,Михайловский муниципальный район,муниципальный район,61-617-000-000,1856,62,Рязанская область,2018,9999
1858,Александро-Невский муниципальный район,муниципальный район,61-620-000-000,1857,62,Рязанская область,2018,9999
1859,Пителинский муниципальный район,муниципальный район,61-623-000-000,1858,62,Рязанская область,2018,9999
1860,Пронский муниципальный район,муниципальный район,61-625-000-000,1859,62,Рязанская область,2018,9999
1862,Рыбновский муниципальный район,муниципальный район,61-627-000-000,1861,62,Рязанская область,2018,9999
1864,Рязанский муниципальный район,муниципальный район,61-634-000-000,1863,62,Рязанская область,2018,9999
1865,Сапожковский муниципальный район,муниципальный район,61-637-000-000,1864,62,Рязанская область,2018,9999
1866,Сараевский муниципальный район,муниципальный район,61-640-000-000,1865,62,Рязанская область,2018,9999
1868,Скопинский муниципальный район,муниципальный район,61-644-000-000,1867,62,Рязанская область,2018,9999
1869,Спасский муниципальный район,муниципальный район,61-646-000-000,1868,62,Рязанская область,2018,9999
1870,Старожиловский муниципальный район,муниципальный район,61-648-000-000,1869,62,Рязанская область,2018,9999
1871,Ухоловский муниципальный район,муниципальный район,61-650-000-000,1870,62,Рязанская область,2018,9999
1872,Чучковский муниципальный район,муниципальный район,61-653-000-000,1871,62,Рязанская область,2018,9999
1873,Шацкий муниципальный район,муниципальный район,61-656-000-000,1872,62,Рязанская область,2018,9999
1874,Шиловский муниципальный район,муниципальный район,61-658-000-000,1873,62,Рязанская область,2018,9999
1875,городской округ Самара,городской округ,36-701-000-000,1874,63,Самарская область,2018,9999
1876,городской округ Жигулевск,городской округ,36-704-000-000,1875,63,Самарская область,2018,9999
1877,городской округ Кинель,городской округ,36-708-000-000,1876,63,Самарская область,2018,9999
1878,городской округ Новокуйбышевск,городской округ,36-713-000-000,1877,63,Самарская область,2018,9999
1879,городской округ Октябрьск,городской округ,36-718-000-000,1878,63,Самарская область,2018,9999
1880,городской округ Отрадный,городской округ,36-724-000-000,1879,63,Самарская область,2018,9999
1881,городской округ Похвистнево,городской округ,36-727-000-000,1880,63,Самарская область,2018,9999
1882,городской округ Сызрань,городской округ,36-735-000-000,1881,63,Самарская область,2018,9999
1883,городской округ Тольятти,городской округ,36-740-000-000,1882,63,Самарская область,2018,9999
1884,городской округ Чапаевск,городской округ,36-750-000-000,1883,63,Самарская область,2018,9999
1885,Алексеевский муниципальный район,муниципальный район,36-602-000-000,1884,63,Самарская область,2018,9999
1886,Безенчукский муниципальный район,муниципальный район,36-604-000-000,1885,63,Самарская область,2018,9999
1887,Богатовский муниципальный район,муниципальный район,36-606-000-000,1886,63,Самарская область,2018,9999
1888,Большеглушицкий муниципальный район,муниципальный район,36-608-000-000,1887,63,Самарская область,2018,9999
1889,Большечерниговский муниципальный район,муниципальный район,36-610-000-000,1888,63,Самарская область,2018,9999
1890,Борский муниципальный район,муниципальный район,36-612-000-000,1889,63,Самарская область,2018,9999
1891,Волжский муниципальный район,муниципальный район,36-614-000-000,1890,63,Самарская область,2018,9999
1892,Елховский муниципальный район,муниципальный район,36-615-000-000,1891,63,Самарская область,2018,9999
1893,Исаклинский муниципальный район,муниципальный район,36-616-000-000,1892,63,Самарская область,2018,9999
1894,Камышлинский муниципальный район,муниципальный район,36-617-000-000,1893,63,Самарская область,2018,9999
1895,Кинельский муниципальный район,муниципальный район,36-618-000-000,1894,63,Самарская область,2018,9999
1896,Кинель-Черкасский муниципальный район,муниципальный район,36-620-000-000,1895,63,Самарская область,2018,9999
1897,Клявлинский муниципальный район,муниципальный район,36-622-000-000,1896,63,Самарская область,2018,9999
1898,Кошкинский муниципальный район,муниципальный район,36-624-000-000,1897,63,Самарская область,2018,9999
1899,Красноармейский муниципальный район,муниципальный район,36-626-000-000,1898,63,Самарская область,2018,9999
1900,Красноярский муниципальный район,муниципальный район,36-628-000-000,1899,63,Самарская область,2018,9999
1901,Нефтегорский муниципальный район,муниципальный район,36-630-000-000,1900,63,Самарская область,2018,9999
1902,Пестравский муниципальный район,муниципальный район,36-632-000-000,1901,63,Самарская область,2018,9999
1903,Похвистневский муниципальный район,муниципальный район,36-634-000-000,1902,63,Самарская область,2018,9999
1904,Приволжский муниципальный район,муниципальный район,36-636-000-000,1903,63,Самарская область,2018,9999
1905,Сергиевский муниципальный район,муниципальный район,36-638-000-000,1904,63,Самарская область,2018,9999
1906,Ставропольский муниципальный район,муниципальный район,36-640-000-000,1905,63,Самарская область,2018,9999
1907,Сызранский муниципальный район,муниципальный район,36-642-000-000,1906,63,Самарская область,2018,9999
1908,Хворостянский муниципальный район,муниципальный район,36-644-000-000,1907,63,Самарская область,2018,9999
1909,Челно-Вершинский муниципальный район,муниципальный район,36-646-000-000,1908,63,Самарская область,2018,9999
1910,Шенталинский муниципальный район,муниципальный район,36-648-000-000,1909,63,Самарская область,2018,9999
1911,Шигонский муниципальный район,муниципальный район,36-650-000-000,1910,63,Самарская область,2018,9999
1915,городской округ ЗАТО Светлый,городской округ,63-775-000-000,1914,64,Саратовская область,2018,9999
1916,Александрово-Гайский муниципальный район,муниципальный район,63-602-000-000,1915,64,Саратовская область,2018,9999
1917,Аркадакский муниципальный район,муниципальный район,63-603-000-000,1916,64,Саратовская область,2018,9999
1918,Аткарский муниципальный район,муниципальный район,63-604-000-000,1917,64,Саратовская область,2018,9999
1919,Базарно-Карабулакский муниципальный район,муниципальный район,63-606-000-000,1918,64,Саратовская область,2018,9999
1920,Балаковский муниципальный район,муниципальный район,63-607-000-000,1919,64,Саратовская область,2018,9999
1921,Балашовский муниципальный район,муниципальный район,63-608-000-000,1920,64,Саратовская область,2018,9999
1922,Балтайский муниципальный район,муниципальный район,63-609-000-000,1921,64,Саратовская область,2018,9999
1923,Вольский муниципальный район,муниципальный район,63-611-000-000,1922,64,Саратовская область,2018,9999
1924,Воскресенский муниципальный район,муниципальный район,63-612-000-000,1923,64,Саратовская область,2018,9999
1925,Дергачевский муниципальный район,муниципальный район,63-613-000-000,1924,64,Саратовская область,2018,9999
1926,Духовницкий муниципальный район,муниципальный район,63-614-000-000,1925,64,Саратовская область,2018,9999
1927,Екатериновский муниципальный район,муниципальный район,63-616-000-000,1926,64,Саратовская область,2018,9999
1928,Ершовский муниципальный район,муниципальный район,63-617-000-000,1927,64,Саратовская область,2018,9999
1929,Ивантеевский муниципальный район,муниципальный район,63-619-000-000,1928,64,Саратовская область,2018,9999
1930,Калининский муниципальный район,муниципальный район,63-621-000-000,1929,64,Саратовская область,2018,9999
1931,Красноармейский муниципальный район,муниципальный район,63-622-000-000,1930,64,Саратовская область,2018,9999
1932,Краснокутский муниципальный район,муниципальный район,63-623-000-000,1931,64,Саратовская область,2018,9999
1933,Краснопартизанский муниципальный район,муниципальный район,63-624-000-000,1932,64,Саратовская область,2018,9999
1934,Лысогорский муниципальный район,муниципальный район,63-625-000-000,1933,64,Саратовская область,2018,9999
1935,Марксовский муниципальный район,муниципальный район,63-626-000-000,1934,64,Саратовская область,2018,9999
1936,Новобурасский муниципальный район,муниципальный район,63-629-000-000,1935,64,Саратовская область,2018,9999
1937,Новоузенский муниципальный район,муниципальный район,63-630-000-000,1936,64,Саратовская область,2018,9999
1938,Озинский муниципальный район,муниципальный район,63-632-000-000,1937,64,Саратовская область,2018,9999
1939,Перелюбский муниципальный район,муниципальный район,63-634-000-000,1938,64,Саратовская область,2018,9999
1940,Петровский муниципальный район,муниципальный район,63-635-000-000,1939,64,Саратовская область,2018,9999
1941,Питерский муниципальный район,муниципальный район,63-636-000-000,1940,64,Саратовская область,2018,9999
1942,Пугачевский муниципальный район,муниципальный район,63-637-000-000,1941,64,Саратовская область,2018,9999
1943,Ровенский муниципальный район,муниципальный район,63-639-000-000,1942,64,Саратовская область,2018,9999
1944,Романовский муниципальный район,муниципальный район,63-640-000-000,1943,64,Саратовская область,2018,9999
1945,Ртищевский муниципальный район,муниципальный район,63-641-000-000,1944,64,Саратовская область,2018,9999
1946,Самойловский муниципальный район,муниципальный район,63-642-000-000,1945,64,Саратовская область,2018,9999
1948,Советский муниципальный район,муниципальный район,63-644-000-000,1947,64,Саратовская область,2018,9999
1949,Татищевский муниципальный район,муниципальный район,63-646-000-000,1948,64,Саратовская область,2018,9999
1950,Турковский муниципальный район,муниципальный район,63-647-000-000,1949,64,Саратовская область,2018,9999
1951,Федоровский муниципальный район,муниципальный район,63-648-000-000,1950,64,Саратовская область,2018,9999
1952,Хвалынский муниципальный район,муниципальный район,63-649-000-000,1951,64,Саратовская область,2018,9999
1953,Энгельсский муниципальный район,муниципальный район,63-650-000-000,1952,64,Саратовская область,2018,9999
1954,городской округ город Южно-Сахалинск,городской округ,64-701-000-000,1953,65,Сахалинская область,2018,9999
1955,городской округ Александровск-Сахалинский район,городской округ,64-704-000-000,1954,65,Сахалинская область,2018,9999
1956,городской округ Анивский,городской округ,64-708-000-000,1955,65,Сахалинская область,2018,9999
1957,городской округ Долинский,городской округ,64-712-000-000,1956,65,Сахалинская область,2018,9999
1958,городской округ Корсаковский,городской округ,64-716-000-000,1957,65,Сахалинская область,2018,9999
1959,городской округ Курильский,городской округ,64-720-000-000,1958,65,Сахалинская область,2018,9999
1960,городской округ Макаровский,городской округ,64-724-000-000,1959,65,Сахалинская область,2018,9999
1961,городской округ Невельский,городской округ,64-728-000-000,1960,65,Сахалинская область,2018,9999
1962,городской округ Ногликский,городской округ,64-732-000-000,1961,65,Сахалинская область,2018,9999
1963,городской округ Охинский,городской округ,64-736-000-000,1962,65,Сахалинская область,2018,9999
1964,городской округ Поронайский,городской округ,64-740-000-000,1963,65,Сахалинская область,2018,9999
1965,городской округ Северо-Курильский,городской округ,64-743-000-000,1964,65,Сахалинская область,2018,9999
1966,городской округ Смирныховский,городской округ,64-746-000-000,1965,65,Сахалинская область,2018,9999
1967,городской округ Томаринский,городской округ,64-748-000-000,1966,65,Сахалинская область,2018,9999
1968,городской округ Тымовский,городской округ,64-750-000-000,1967,65,Сахалинская область,2018,9999
1969,городской округ Углегорский,городской округ,64-752-000-000,1968,65,Сахалинская область,2018,9999
1970,городской округ Холмский,городской округ,64-754-000-000,1969,65,Сахалинская область,2018,9999
1971,городской округ Южно-Курильский,городской округ,64-756-000-000,1970,65,Сахалинская область,2018,9999
1972,городской округ город Екатеринбург,городской округ,65-701-000-000,1971,66,Свердловская область,2018,9999
1973,городской округ город Алапаевск,городской округ,65-728-000-000,1972,66,Свердловская область,2018,9999
1974,городской округ Артемовский,городской округ,65-703-000-000,1973,66,Свердловская область,2018,9999
1975,городской округ Асбестовский,городской округ,65-730-000-000,1974,66,Свердловская область,2018,9999
1976,городской округ Малышевский,городской округ,65-762-000-000,1975,66,Свердловская область,2018,9999
1977,городской округ Рефтинский,городской округ,65-763-000-000,1976,66,Свердловская область,2018,9999
1978,городской округ Березовский,городской округ,65-731-000-000,1977,66,Свердловская область,2018,9999
1979,городской округ Богданович,городской округ,65-707-000-000,1978,66,Свердловская область,2018,9999
1980,городской округ Верхняя Пышма,городской округ,65-732-000-000,1979,66,Свердловская область,2018,9999
1981,городской округ Среднеуральск,городской округ,65-757-000-000,1980,66,Свердловская область,2018,9999
1982,городской округ Верхнесалдинский,городской округ,65-708-000-000,1981,66,Свердловская область,2018,9999
1983,городской округ Заречный,городской округ,65-737-000-000,1982,66,Свердловская область,2018,9999
1984,городской округ Ивдельский,городской округ,65-738-000-000,1983,66,Свердловская область,2018,9999
1985,городской округ Пелым,городской округ,65-764-000-000,1984,66,Свердловская область,2018,9999
1986,городской округ город Ирбит,городской округ,65-739-000-000,1985,66,Свердловская область,2018,9999
1987,городской округ город Каменск-Уральский,городской округ,65-740-000-000,1986,66,Свердловская область,2018,9999
1988,городской округ Камышловский,городской округ,65-741-000-000,1987,66,Свердловская область,2018,9999
1989,городской округ Карпинск,городской округ,65-742-000-000,1988,66,Свердловская область,2018,9999
1990,городской округ Волчанский,городской округ,65-735-000-000,1989,66,Свердловская область,2018,9999
1991,городской округ Качканарский,городской округ,65-743-000-000,1990,66,Свердловская область,2018,9999
1992,городской округ Кировградский,городской округ,65-744-000-000,1991,66,Свердловская область,2018,9999
1993,городской округ Верхний Тагил,городской округ,65-733-000-000,1992,66,Свердловская область,2018,9999
1994,городской округ Краснотурьинск,городской округ,65-745-000-000,1993,66,Свердловская область,2018,9999
1995,городской округ Красноуральск,городской округ,65-746-000-000,1994,66,Свердловская область,2018,9999
1996,городской округ Красноуфимск,городской округ,65-747-000-000,1995,66,Свердловская область,2018,9999
1997,городской округ Кушвинский,городской округ,65-748-000-000,1996,66,Свердловская область,2018,9999
1998,городской округ Верхняя Тура,городской округ,65-734-000-000,1997,66,Свердловская область,2018,9999
1999,городской округ город Лесной,городской округ,65-749-000-000,1998,66,Свердловская область,2018,9999
2000,городской округ Невьянский,городской округ,65-714-000-000,1999,66,Свердловская область,2018,9999
2001,городской округ город Нижний Тагил,городской округ,65-751-000-000,2000,66,Свердловская область,2018,9999
2002,городской округ Нижняя Салда,городской округ,65-750-000-000,2001,66,Свердловская область,2018,9999
2003,городской округ Нижнетуринский,городской округ,65-715-000-000,2002,66,Свердловская область,2018,9999
2004,городской округ Новоуральский,городской округ,65-752-000-000,2003,66,Свердловская область,2018,9999
2005,городской округ Первоуральск,городской округ,65-753-000-000,2004,66,Свердловская область,2018,9999
2006,городской округ Полевской,городской округ,65-754-000-000,2005,66,Свердловская область,2018,9999
2007,городской округ Ревда,городской округ,65-719-000-000,2006,66,Свердловская область,2018,9999
2008,городской округ Дегтярск,городской округ,65-736-000-000,2007,66,Свердловская область,2018,9999
2009,городской округ Режевской,городской округ,65-720-000-000,2008,66,Свердловская область,2018,9999
2010,городской округ Североуральский,городской округ,65-755-000-000,2009,66,Свердловская область,2018,9999
2011,городской округ Серовский,городской округ,65-756-000-000,2010,66,Свердловская область,2018,9999
2012,городской округ Сухой Лог,городской округ,65-758-000-000,2011,66,Свердловская область,2018,9999
2013,городской округ Тавдинский,городской округ,65-723-000-000,2012,66,Свердловская область,2018,9999
2014,городской округ ЗАТО Свободный,городской округ,65-765-000-000,2013,66,Свердловская область,2018,9999
2015,городской округ поселок Уральский,городской округ,65-767-000-000,2014,66,Свердловская область,2018,9999
2016,городской округ Алапаевское,городской округ,65-771-000-000,2015,66,Свердловская область,2018,9999
2017,городской округ Махнёвское,городской округ,65-769-000-000,2016,66,Свердловская область,2018,9999
2018,городской округ Артинский,городской округ,65-704-000-000,2017,66,Свердловская область,2018,9999
2019,городской округ Ачитский,городской округ,65-705-000-000,2018,66,Свердловская область,2018,9999
2020,городской округ Белоярский,городской округ,65-706-000-000,2019,66,Свердловская область,2018,9999
2021,городской округ Верхнее Дуброво,городской округ,65-760-000-000,2020,66,Свердловская область,2018,9999
2022,городской округ Верхотурский,городской округ,65-709-000-000,2021,66,Свердловская область,2018,9999
2023,городской округ Гаринский,городской округ,65-710-000-000,2022,66,Свердловская область,2018,9999
2024,городской округ Ирбитское,городской округ,65-711-000-000,2023,66,Свердловская область,2018,9999
2025,городской округ Каменский,городской округ,65-712-000-000,2024,66,Свердловская область,2018,9999
2026,городской округ Красноуфимский округ,городской округ,65-713-000-000,2025,66,Свердловская область,2018,9999
2027,городской округ Верх-Нейвинский,городской округ,65-761-000-000,2026,66,Свердловская область,2018,9999
2028,городской округ Бисертский,городской округ,65-759-000-000,2027,66,Свердловская область,2018,9999
2029,городской округ Новолялинский,городской округ,65-716-000-000,2028,66,Свердловская область,2018,9999
2030,городской округ Горноуральский,городской округ,65-717-000-000,2029,66,Свердловская область,2018,9999
2031,городской округ Пышминский,городской округ,65-718-000-000,2030,66,Свердловская область,2018,9999
2032,городской округ Сосьвинский,городской округ,65-721-000-000,2031,66,Свердловская область,2018,9999
2033,городской округ Сысертский,городской округ,65-722-000-000,2032,66,Свердловская область,2018,9999
2034,городской округ Арамильский,городской округ,65-729-000-000,2033,66,Свердловская область,2018,9999
2035,городской округ Талицкий,городской округ,65-724-000-000,2034,66,Свердловская область,2018,9999
2036,городской округ Тугулымский,городской округ,65-725-000-000,2035,66,Свердловская область,2018,9999
2037,городской округ Туринский,городской округ,65-726-000-000,2036,66,Свердловская область,2018,9999
2038,городской округ Шалинский,городской округ,65-727-000-000,2037,66,Свердловская область,2018,9999
2039,городской округ Староуткинск,городской округ,65-766-000-000,2038,66,Свердловская область,2018,9999
2040,Байкаловский муниципальный район,муниципальный район,65-608-000-000,2039,66,Свердловская область,2018,9999
2041,Камышловский муниципальный район,муниципальный район,65-623-000-000,2040,66,Свердловская область,2018,9999
2042,Слободо-Туринский муниципальный район,муниципальный район,65-639-000-000,2041,66,Свердловская область,2018,9999
2043,Нижнесергинский муниципальный район,муниципальный район,65-628-000-000,2042,66,Свердловская область,2018,9999
2044,Таборинский муниципальный район,муниципальный район,65-645-000-000,2043,66,Свердловская область,2018,9999
2045,городской округ город Смоленск,городской округ,66-701-000-000,2044,67,Смоленская область,2018,9999
2046,городской округ город Десногорск,городской округ,66-710-000-000,2045,67,Смоленская область,2018,9999
2047,Велижский муниципальный район,муниципальный район,66-603-000-000,2046,67,Смоленская область,2018,9999
2048,Вяземский муниципальный район,муниципальный район,66-605-000-000,2047,67,Смоленская область,2018,9999
2049,Гагаринский муниципальный район,муниципальный район,66-608-000-000,2048,67,Смоленская область,2018,9999
2050,Глинковский муниципальный район,муниципальный район,66-609-000-000,2049,67,Смоленская область,2018,9999
2051,Демидовский муниципальный район,муниципальный район,66-611-000-000,2050,67,Смоленская область,2018,9999
2052,Дорогобужский муниципальный район,муниципальный район,66-614-000-000,2051,67,Смоленская область,2018,9999
2053,Духовщинский муниципальный район,муниципальный район,66-616-000-000,2052,67,Смоленская область,2018,9999
2054,Ельнинский муниципальный район,муниципальный район,66-619-000-000,2053,67,Смоленская область,2018,9999
2055,Ершичский муниципальный район,муниципальный район,66-621-000-000,2054,67,Смоленская область,2018,9999
2056,Кардымовский муниципальный район,муниципальный район,66-623-000-000,2055,67,Смоленская область,2018,9999
2057,Краснинский муниципальный район,муниципальный район,66-624-000-000,2056,67,Смоленская область,2018,9999
2058,Монастырщинский муниципальный район,муниципальный район,66-627-000-000,2057,67,Смоленская область,2018,9999
2059,Новодугинский муниципальный район,муниципальный район,66-630-000-000,2058,67,Смоленская область,2018,9999
2060,Починковский муниципальный район,муниципальный район,66-633-000-000,2059,67,Смоленская область,2018,9999
2061,Рославльский муниципальный район,муниципальный район,66-636-000-000,2060,67,Смоленская область,2018,9999
2062,Руднянский муниципальный район,муниципальный район,66-638-000-000,2061,67,Смоленская область,2018,9999
2063,Сафоновский муниципальный район,муниципальный район,66-641-000-000,2062,67,Смоленская область,2018,9999
2064,Смоленский муниципальный район,муниципальный район,66-644-000-000,2063,67,Смоленская область,2018,9999
2065,Сычевский муниципальный район,муниципальный район,66-646-000-000,2064,67,Смоленская область,2018,9999
2066,Темкинский муниципальный район,муниципальный район,66-648-000-000,2065,67,Смоленская область,2018,9999
2067,Угранский муниципальный район,муниципальный район,66-650-000-000,2066,67,Смоленская область,2018,9999
2068,Хиславичский муниципальный район,муниципальный район,66-652-000-000,2067,67,Смоленская область,2018,9999
2069,Холм-Жирковский муниципальный район,муниципальный район,66-654-000-000,2068,67,Смоленская область,2018,9999
2070,Шумячский муниципальный район,муниципальный район,66-656-000-000,2069,67,Смоленская область,2018,9999
2071,Ярцевский муниципальный район,муниципальный район,66-658-000-000,2070,67,Смоленская область,2018,9999
2073,городской округ город Кирсанов,городской округ,68-705-000-000,2072,68,Тамбовская область,2018,9999
2074,городской округ город Котовск,городской округ,68-710-000-000,2073,68,Тамбовская область,2018,9999
2075,городской округ город Мичуринск,городской округ,68-715-000-000,2074,68,Тамбовская область,2018,9999
2076,городской округ город Моршанск,городской округ,68-720-000-000,2075,68,Тамбовская область,2018,9999
2077,городской округ город Рассказово,городской округ,68-725-000-000,2076,68,Тамбовская область,2018,9999
2078,городской округ город Уварово,городской округ,68-730-000-000,2077,68,Тамбовская область,2018,9999
2102,городской округ город Тверь,городской округ,28-701-000-000,2101,69,Тверская область,2018,9999
2105,городской округ ЗАТО Озерный,городской округ,28-753-000-000,2104,69,Тверская область,2018,9999
2106,городской округ Осташковский,городской округ,28-752-000-000,2105,69,Тверская область,2018,9999
2108,городской округ ЗАТО Солнечный,городской округ,28-756-000-000,2107,69,Тверская область,2018,9999
2109,городской округ город Торжок,городской округ,28-750-000-000,2108,69,Тверская область,2018,9999
2110,городской округ Удомельский,городской округ,28-751-000-000,2109,69,Тверская область,2018,9999
2142,Торжокский муниципальный район,муниципальный район,28-654-000-000,2141,69,Тверская область,2018,9999
2145,городской округ город Томск,городской округ,69-701-000-000,2144,70,Томская область,2018,9999
2146,городской округ город Кедровый,городской округ,69-707-000-000,2145,70,Томская область,2018,9999
2147,городской округ город Стрежевой,городской округ,69-710-000-000,2146,70,Томская область,2018,9999
2148,городской округ ЗАТО Северск,городской округ,69-741-000-000,2147,70,Томская область,2018,9999
2149,Александровский муниципальный район,муниципальный район,69-604-000-000,2148,70,Томская область,2018,9999
2150,Асиновский муниципальный район,муниципальный район,69-608-000-000,2149,70,Томская область,2018,9999
2151,Бакчарский муниципальный район,муниципальный район,69-612-000-000,2150,70,Томская область,2018,9999
2152,Верхнекетский муниципальный район,муниципальный район,69-616-000-000,2151,70,Томская область,2018,9999
2153,Зырянский муниципальный район,муниципальный район,69-620-000-000,2152,70,Томская область,2018,9999
2154,Каргасокский муниципальный район,муниципальный район,69-624-000-000,2153,70,Томская область,2018,9999
2155,Кожевниковский муниципальный район,муниципальный район,69-628-000-000,2154,70,Томская область,2018,9999
2156,Колпашевский муниципальный район,муниципальный район,69-632-000-000,2155,70,Томская область,2018,9999
2157,Кривошеинский муниципальный район,муниципальный район,69-636-000-000,2156,70,Томская область,2018,9999
2158,Молчановский муниципальный район,муниципальный район,69-640-000-000,2157,70,Томская область,2018,9999
2159,Парабельский муниципальный район,муниципальный район,69-644-000-000,2158,70,Томская область,2018,9999
2160,Первомайский муниципальный район,муниципальный район,69-648-000-000,2159,70,Томская область,2018,9999
2161,Тегульдетский муниципальный район,муниципальный район,69-652-000-000,2160,70,Томская область,2018,9999
2162,Томский муниципальный район,муниципальный район,69-654-000-000,2161,70,Томская область,2018,9999
2163,Чаинский муниципальный район,муниципальный район,69-656-000-000,2162,70,Томская область,2018,9999
2164,Шегарский муниципальный район,муниципальный район,69-658-000-000,2163,70,Томская область,2018,9999
2165,городской округ город Тула,городской округ,70-701-000-000,2164,71,Тульская область,2018,9999
2166,городской округ город Алексин,городской округ,70-706-000-000,2165,71,Тульская область,2018,9999
2167,городской округ рабочий поселок Новогуровский,городской округ,70-702-000-000,2166,71,Тульская область,2018,9999
2168,городской округ город Донской,городской округ,70-712-000-000,2167,71,Тульская область,2018,9999
2169,городской округ город Ефремов,городской округ,70-714-000-000,2168,71,Тульская область,2018,9999
2170,городской округ город Новомосковск,городской округ,70-724-000-000,2169,71,Тульская область,2018,9999
2171,городской округ Славный,городской округ,70-730-000-000,2170,71,Тульская область,2018,9999
2172,Арсеньевский муниципальный район,муниципальный район,70-604-000-000,2171,71,Тульская область,2018,9999
2173,Белевский муниципальный район,муниципальный район,70-606-000-000,2172,71,Тульская область,2018,9999
2174,Богородицкий муниципальный район,муниципальный район,70-608-000-000,2173,71,Тульская область,2018,9999
2175,Веневский муниципальный район,муниципальный район,70-612-000-000,2174,71,Тульская область,2018,9999
2176,Воловский муниципальный район,муниципальный район,70-616-000-000,2175,71,Тульская область,2018,9999
2177,Дубенский муниципальный район,муниципальный район,70-618-000-000,2176,71,Тульская область,2018,9999
2178,Заокский муниципальный район,муниципальный район,70-622-000-000,2177,71,Тульская область,2018,9999
2179,Каменский муниципальный район,муниципальный район,70-624-000-000,2178,71,Тульская область,2018,9999
2180,Кимовский муниципальный район,муниципальный район,70-626-000-000,2179,71,Тульская область,2018,9999
2181,Киреевский муниципальный район,муниципальный район,70-628-000-000,2180,71,Тульская область,2018,9999
2182,Куркинский муниципальный район,муниципальный район,70-630-000-000,2181,71,Тульская область,2018,9999
2183,Одоевский муниципальный район,муниципальный район,70-636-000-000,2182,71,Тульская область,2018,9999
2184,Плавский муниципальный район,муниципальный район,70-638-000-000,2183,71,Тульская область,2018,9999
2185,Суворовский муниципальный район,муниципальный район,70-640-000-000,2184,71,Тульская область,2018,9999
2186,Тепло-Огаревский муниципальный район,муниципальный район,70-642-000-000,2185,71,Тульская область,2018,9999
2187,Узловский муниципальный район,муниципальный район,70-644-000-000,2186,71,Тульская область,2018,9999
2188,Чернский муниципальный район,муниципальный район,70-646-000-000,2187,71,Тульская область,2018,9999
2189,Щекинский муниципальный район,муниципальный район,70-648-000-000,2188,71,Тульская область,2018,9999
2190,Ясногорский муниципальный район,муниципальный район,70-650-000-000,2189,71,Тульская область,2018,9999
2191,городской округ город Тюмень,городской округ,71-701-000-000,2190,72,Тюменская область,2018,9999
2192,городской округ Заводоуковский,городской округ,71-703-000-000,2191,72,Тюменская область,2018,9999
2193,городской округ город Ишим,городской округ,71-705-000-000,2192,72,Тюменская область,2018,9999
2194,городской округ город Тобольск,городской округ,71-710-000-000,2193,72,Тюменская область,2018,9999
2195,городской округ город Ялуторовск,городской округ,71-715-000-000,2194,72,Тюменская область,2018,9999
2196,Абатский муниципальный район,муниципальный район,71-603-000-000,2195,72,Тюменская область,2018,9999
2197,Армизонский муниципальный район,муниципальный район,71-605-000-000,2196,72,Тюменская область,2018,9999
2198,Аромашевский муниципальный район,муниципальный район,71-607-000-000,2197,72,Тюменская область,2018,9999
2199,Бердюжский муниципальный район,муниципальный район,71-610-000-000,2198,72,Тюменская область,2018,9999
2200,Вагайский муниципальный район,муниципальный район,71-613-000-000,2199,72,Тюменская область,2018,9999
2201,Викуловский муниципальный район,муниципальный район,71-615-000-000,2200,72,Тюменская область,2018,9999
2203,Исетский муниципальный район,муниципальный район,71-624-000-000,2202,72,Тюменская область,2018,9999
2204,Ишимский муниципальный район,муниципальный район,71-626-000-000,2203,72,Тюменская область,2018,9999
2205,Казанский муниципальный район,муниципальный район,71-630-000-000,2204,72,Тюменская область,2018,9999
2206,Нижнетавдинский муниципальный район,муниципальный район,71-632-000-000,2205,72,Тюменская область,2018,9999
2207,Омутинский муниципальный район,муниципальный район,71-634-000-000,2206,72,Тюменская область,2018,9999
2208,Сладковский муниципальный район,муниципальный район,71-636-000-000,2207,72,Тюменская область,2018,9999
2209,Сорокинский муниципальный район,муниципальный район,71-638-000-000,2208,72,Тюменская область,2018,9999
2210,Тобольский муниципальный район,муниципальный район,71-642-000-000,2209,72,Тюменская область,2018,9999
2211,Тюменский муниципальный район,муниципальный район,71-644-000-000,2210,72,Тюменская область,2018,9999
2212,Уватский муниципальный район,муниципальный район,71-648-000-000,2211,72,Тюменская область,2018,9999
2213,Упоровский муниципальный район,муниципальный район,71-650-000-000,2212,72,Тюменская область,2018,9999
2214,Юргинский муниципальный район,муниципальный район,71-653-000-000,2213,72,Тюменская область,2018,9999
2215,Ялуторовский муниципальный район,муниципальный район,71-656-000-000,2214,72,Тюменская область,2018,9999
2216,Ярковский муниципальный район,муниципальный район,71-658-000-000,2215,72,Тюменская область,2018,9999
2217,городской округ город Ханты-Мансийск,городской округ,71-871-000-000,2216,86,Ханты-Мансийский автономный округ — Югра,2018,9999
2218,городской округ город Когалым,городской округ,71-883-000-000,2217,86,Ханты-Мансийский автономный округ — Югра,2018,9999
2219,городской округ город Лангепас,городской округ,71-872-000-000,2218,86,Ханты-Мансийский автономный округ — Югра,2018,9999
2220,городской округ город Мегион,городской округ,71-873-000-000,2219,86,Ханты-Мансийский автономный округ — Югра,2018,9999
2221,городской округ город Нефтеюганск,городской округ,71-874-000-000,2220,86,Ханты-Мансийский автономный округ — Югра,2018,9999
2222,городской округ город Нижневартовск,городской округ,71-875-000-000,2221,86,Ханты-Мансийский автономный округ — Югра,2018,9999
2223,городской округ город Нягань,городской округ,71-879-000-000,2222,86,Ханты-Мансийский автономный округ — Югра,2018,9999
2224,городской округ город Покачи,городской округ,71-884-000-000,2223,86,Ханты-Мансийский автономный округ — Югра,2018,9999
2225,городской округ город Пыть-Ях,городской округ,71-885-000-000,2224,86,Ханты-Мансийский автономный округ — Югра,2018,9999
2226,городской округ город Радужный,городской округ,71-877-000-000,2225,86,Ханты-Мансийский автономный округ — Югра,2018,9999
2227,городской округ город Сургут,городской округ,71-876-000-000,2226,86,Ханты-Мансийский автономный округ — Югра,2018,9999
2228,городской округ город Урай,городской округ,71-878-000-000,2227,86,Ханты-Мансийский автономный округ — Югра,2018,9999
2229,городской округ город Югорск,городской округ,71-887-000-000,2228,86,Ханты-Мансийский автономный округ — Югра,2018,9999
2230,Белоярский муниципальный район,муниципальный район,71-811-000-000,2229,86,Ханты-Мансийский автономный округ — Югра,2018,9999
2231,Березовский муниципальный район,муниципальный район,71-812-000-000,2230,86,Ханты-Мансийский автономный округ — Югра,2018,9999
2232,Кондинский муниципальный район,муниципальный район,71-816-000-000,2231,86,Ханты-Мансийский автономный округ — Югра,2018,9999
2233,Нефтеюганский муниципальный район,муниципальный район,71-818-000-000,2232,86,Ханты-Мансийский автономный округ — Югра,2018,9999
2234,Нижневартовский муниципальный район,муниципальный район,71-819-000-000,2233,86,Ханты-Мансийский автономный округ — Югра,2018,9999
2235,Октябрьский муниципальный район,муниципальный район,71-821-000-000,2234,86,Ханты-Мансийский автономный округ — Югра,2018,9999
2236,Советский муниципальный район,муниципальный район,71-824-000-000,2235,86,Ханты-Мансийский автономный округ — Югра,2018,9999
2237,Сургутский муниципальный район,муниципальный район,71-826-000-000,2236,86,Ханты-Мансийский автономный округ — Югра,2018,9999
2238,Ханты-Мансийский муниципальный район,муниципальный район,71-829-000-000,2237,86,Ханты-Мансийский автономный округ — Югра,2018,9999
2239,городской округ город Салехард,городской округ,71-951-000-000,2238,89,Ямало-Ненецкий автономный округ,2018,9999
2242,городской округ город Муравленко,городской округ,71-955-000-000,2241,89,Ямало-Ненецкий автономный округ,2018,9999
2243,городской округ город Новый Уренгой,городской округ,71-956-000-000,2242,89,Ямало-Ненецкий автономный округ,2018,9999
2244,городской округ город Ноябрьск,городской округ,71-958-000-000,2243,89,Ямало-Ненецкий автономный округ,2018,9999
2252,городской округ город Ульяновск,городской округ,73-701-000-000,2251,73,Ульяновская область,2018,9999
2253,городской округ город Димитровград,городской округ,73-705-000-000,2252,73,Ульяновская область,2018,9999
2254,городской округ город Новоульяновск,городской округ,73-715-000-000,2253,73,Ульяновская область,2018,9999
2255,Базарносызганский муниципальный район,муниципальный район,73-602-000-000,2254,73,Ульяновская область,2018,9999
2256,Барышский муниципальный район,муниципальный район,73-604-000-000,2255,73,Ульяновская область,2018,9999
2257,Вешкаймский муниципальный район,муниципальный район,73-607-000-000,2256,73,Ульяновская область,2018,9999
2258,Инзенский муниципальный район,муниципальный район,73-610-000-000,2257,73,Ульяновская область,2018,9999
2259,Карсунский муниципальный район,муниципальный район,73-614-000-000,2258,73,Ульяновская область,2018,9999
2260,Кузоватовский муниципальный район,муниципальный район,73-616-000-000,2259,73,Ульяновская область,2018,9999
2261,Майнский муниципальный район,муниципальный район,73-620-000-000,2260,73,Ульяновская область,2018,9999
2262,Мелекесский муниципальный район,муниципальный район,73-622-000-000,2261,73,Ульяновская область,2018,9999
2263,Николаевский муниципальный район,муниципальный район,73-625-000-000,2262,73,Ульяновская область,2018,9999
2264,Новомалыклинский муниципальный район,муниципальный район,73-627-000-000,2263,73,Ульяновская область,2018,9999
2265,Новоспасский муниципальный район,муниципальный район,73-629-000-000,2264,73,Ульяновская область,2018,9999
2266,Павловский муниципальный район,муниципальный район,73-632-000-000,2265,73,Ульяновская область,2018,9999
2267,Радищевский муниципальный район,муниципальный район,73-634-000-000,2266,73,Ульяновская область,2018,9999
2268,Сенгилеевский муниципальный район,муниципальный район,73-636-000-000,2267,73,Ульяновская область,2018,9999
2269,Старокулаткинский муниципальный район,муниципальный район,73-639-000-000,2268,73,Ульяновская область,2018,9999
2270,Старомайнский муниципальный район,муниципальный район,73-642-000-000,2269,73,Ульяновская область,2018,9999
2271,Сурский муниципальный район,муниципальный район,73-644-000-000,2270,73,Ульяновская область,2018,9999
2272,Тереньгульский муниципальный район,муниципальный район,73-648-000-000,2271,73,Ульяновская область,2018,9999
2273,Ульяновский муниципальный район,муниципальный район,73-652-000-000,2272,73,Ульяновская область,2018,9999
2274,Цильнинский муниципальный район,муниципальный район,73-654-000-000,2273,73,Ульяновская область,2018,9999
2275,Чердаклинский муниципальный район,муниципальный район,73-656-000-000,2274,73,Ульяновская область,2018,9999
2276,городской округ Челябинский,городской округ,75-701-000-000,2275,74,Челябинская область,2018,9999
2277,городской округ Верхнеуфалейский,городской округ,75-706-000-000,2276,74,Челябинская область,2018,9999
2279,городской округ Карабашский,городской округ,75-715-000-000,2278,74,Челябинская область,2018,9999
2280,городской округ Копейский,городской округ,75-728-000-000,2279,74,Челябинская область,2018,9999
2281,городской округ Кыштымский,городской округ,75-734-000-000,2280,74,Челябинская область,2018,9999
2282,городской округ Магнитогорский,городской округ,75-738-000-000,2281,74,Челябинская область,2018,9999
2283,городской округ Миасский,городской округ,75-742-000-000,2282,74,Челябинская область,2018,9999
2284,городской округ Озерский,городской округ,75-743-000-000,2283,74,Челябинская область,2018,9999
2285,городской округ Снежинский,городской округ,75-746-000-000,2284,74,Челябинская область,2018,9999
2286,городской округ Трехгорный,городской округ,75-707-000-000,2285,74,Челябинская область,2018,9999
2287,городской округ Троицкий,городской округ,75-752-000-000,2286,74,Челябинская область,2018,9999
2288,городской округ Усть-Катавский,городской округ,75-755-000-000,2287,74,Челябинская область,2018,9999
2289,городской округ Чебаркульский,городской округ,75-758-000-000,2288,74,Челябинская область,2018,9999
2290,городской округ Южноуральский,городской округ,75-764-000-000,2289,74,Челябинская область,2018,9999
2291,городской округ Локомотивный,городской округ,75-759-000-000,2290,74,Челябинская область,2018,9999
2292,Агаповский муниципальный район,муниципальный район,75-603-000-000,2291,74,Челябинская область,2018,9999
2293,Аргаяшский муниципальный район,муниципальный район,75-606-000-000,2292,74,Челябинская область,2018,9999
2294,Ашинский муниципальный район,муниципальный район,75-609-000-000,2293,74,Челябинская область,2018,9999
2295,Брединский муниципальный район,муниципальный район,75-612-000-000,2294,74,Челябинская область,2018,9999
2296,Варненский муниципальный район,муниципальный район,75-614-000-000,2295,74,Челябинская область,2018,9999
2297,Верхнеуральский муниципальный район,муниципальный район,75-617-000-000,2296,74,Челябинская область,2018,9999
2298,Еманжелинский муниципальный район,муниципальный район,75-619-000-000,2297,74,Челябинская область,2018,9999
2299,Еткульский муниципальный район,муниципальный район,75-620-000-000,2298,74,Челябинская область,2018,9999
2300,Карталинский муниципальный район,муниципальный район,75-623-000-000,2299,74,Челябинская область,2018,9999
2301,Каслинский муниципальный район,муниципальный район,75-626-000-000,2300,74,Челябинская область,2018,9999
2302,Катав-Ивановский муниципальный район,муниципальный район,75-629-000-000,2301,74,Челябинская область,2018,9999
2303,Кизильский муниципальный район,муниципальный район,75-632-000-000,2302,74,Челябинская область,2018,9999
2305,Красноармейский муниципальный район,муниципальный район,75-634-000-000,2304,74,Челябинская область,2018,9999
2306,Кунашакский муниципальный район,муниципальный район,75-636-000-000,2305,74,Челябинская область,2018,9999
2308,Нагайбакский муниципальный район,муниципальный район,75-642-000-000,2307,74,Челябинская область,2018,9999
2309,Нязепетровский муниципальный район,муниципальный район,75-644-000-000,2308,74,Челябинская область,2018,9999
2310,Октябрьский муниципальный район,муниципальный район,75-647-000-000,2309,74,Челябинская область,2018,9999
2311,Пластовский муниципальный район,муниципальный район,75-648-000-000,2310,74,Челябинская область,2018,9999
2312,Саткинский муниципальный район,муниципальный район,75-649-000-000,2311,74,Челябинская область,2018,9999
2313,Сосновский муниципальный район,муниципальный район,75-652-000-000,2312,74,Челябинская область,2018,9999
2314,Троицкий муниципальный район,муниципальный район,75-654-000-000,2313,74,Челябинская область,2018,9999
2315,Увельский муниципальный район,муниципальный район,75-655-000-000,2314,74,Челябинская область,2018,9999
2316,Уйский муниципальный район,муниципальный район,75-656-000-000,2315,74,Челябинская область,2018,9999
2317,Чебаркульский муниципальный район,муниципальный район,75-657-000-000,2316,74,Челябинская область,2018,9999
2318,Чесменский муниципальный район,муниципальный район,75-659-000-000,2317,74,Челябинская область,2018,9999
2319,городской округ город Ярославль,городской округ,78-701-000-000,2318,76,Ярославская область,2018,9999
2321,городской округ город Рыбинск,городской округ,78-715-000-000,2320,76,Ярославская область,2018,9999
2322,Большесельский муниципальный район,муниципальный район,78-603-000-000,2321,76,Ярославская область,2018,9999
2323,Борисоглебский муниципальный район,муниципальный район,78-606-000-000,2322,76,Ярославская область,2018,9999
2324,Брейтовский муниципальный район,муниципальный район,78-609-000-000,2323,76,Ярославская область,2018,9999
2325,Гаврилов-Ямский муниципальный район,муниципальный район,78-612-000-000,2324,76,Ярославская область,2018,9999
2326,Даниловский муниципальный район,муниципальный район,78-615-000-000,2325,76,Ярославская область,2018,9999
2327,Любимский муниципальный район,муниципальный район,78-618-000-000,2326,76,Ярославская область,2018,9999
2328,Мышкинский муниципальный район,муниципальный район,78-621-000-000,2327,76,Ярославская область,2018,9999
2329,Некоузский муниципальный район,муниципальный район,78-623-000-000,2328,76,Ярославская область,2018,9999
2330,Некрасовский муниципальный район,муниципальный район,78-626-000-000,2329,76,Ярославская область,2018,9999
2331,Первомайский муниципальный район,муниципальный район,78-629-000-000,2330,76,Ярославская область,2018,9999
2333,Пошехонский муниципальный район,муниципальный район,78-634-000-000,2332,76,Ярославская область,2018,9999
2334,Ростовский муниципальный район,муниципальный район,78-637-000-000,2333,76,Ярославская область,2018,9999
2335,Рыбинский муниципальный район,муниципальный район,78-640-000-000,2334,76,Ярославская область,2018,9999
2336,Тутаевский муниципальный район,муниципальный район,78-643-000-000,2335,76,Ярославская область,2018,9999
2337,Угличский муниципальный район,муниципальный район,78-646-000-000,2336,76,Ярославская область,2018,9999
2338,Ярославский муниципальный район,муниципальный район,78-650-000-000,2337,76,Ярославская область,2018,9999
2339,городской округ город Биробиджан,городской округ,99-701-000-000,2338,79,Еврейская автономная область,2018,9999
2340,Биробиджанский муниципальный район,муниципальный район,99-605-000-000,2339,79,Еврейская автономная область,2018,9999
2341,Ленинский муниципальный район,муниципальный район,99-610-000-000,2340,79,Еврейская автономная область,2018,9999
2342,Облученский муниципальный район,муниципальный район,99-620-000-000,2341,79,Еврейская автономная область,2018,9999
2343,Октябрьский муниципальный район,муниципальный район,99-625-000-000,2342,79,Еврейская автономная область,2018,9999
2344,Смидовичский муниципальный район,муниципальный район,99-630-000-000,2343,79,Еврейская автономная область,2018,9999
2345,городской округ Анадырь,городской округ,77-701-000-000,2344,87,Чукотский автономный округ,2018,9999
2346,городской округ Эгвекинот,городской округ,77-715-000-000,2345,87,Чукотский автономный округ,2018,9999
2347,городской округ Провиденский,городской округ,77-710-000-000,2346,87,Чукотский автономный округ,2018,9999
2348,городской округ Певек,городской округ,77-705-000-000,2347,87,Чукотский автономный округ,2018,9999
2349,Анадырский муниципальный район,муниципальный район,77-603-000-000,2348,87,Чукотский автономный округ,2018,9999
2350,Билибинский муниципальный район,муниципальный район,77-609-000-000,2349,87,Чукотский автономный округ,2018,9999
2351,Чукотский муниципальный район,муниципальный район,77-633-000-000,2350,87,Чукотский автономный округ,2018,9999
2352,внутригородская территория города федерального значения муниципальный округ Коломна,внутригородская территория города федерального значения,40-301-000-000,2351,78,Санкт-Петербург,2018,9999
2353,внутригородская территория города федерального значения муниципальный округ Сенной округ,внутригородская территория города федерального значения,40-302-000-000,2352,78,Санкт-Петербург,2018,9999
2354,внутригородская территория города федерального значения муниципальный округ Адмиралтейский округ,внутригородская территория города федерального значения,40-303-000-000,2353,78,Санкт-Петербург,2018,9999
2355,внутригородская территория города федерального значения муниципальный округ Семеновский,внутригородская территория города федерального значения,40-304-000-000,2354,78,Санкт-Петербург,2018,9999
2356,внутригородская территория города федерального значения муниципальный округ Измайловское,внутригородская территория города федерального значения,40-305-000-000,2355,78,Санкт-Петербург,2018,9999
2357,внутригородская территория города федерального значения муниципальный округ Екатерингофский,внутригородская территория города федерального значения,40-306-000-000,2356,78,Санкт-Петербург,2018,9999
2358,внутригородская территория города федерального значения муниципальный округ № 7,внутригородская территория города федерального значения,40-307-000-000,2357,78,Санкт-Петербург,2018,9999
2359,внутригородская территория города федерального значения муниципальный округ Васильевский,внутригородская территория города федерального значения,40-308-000-000,2358,78,Санкт-Петербург,2018,9999
2360,внутригородская территория города федерального значения муниципальный округ Гавань,внутригородская территория города федерального значения,40-309-000-000,2359,78,Санкт-Петербург,2018,9999
2361,внутригородская территория города федерального значения муниципальный округ Морской,внутригородская территория города федерального значения,40-310-000-000,2360,78,Санкт-Петербург,2018,9999
2362,внутригородская территория города федерального значения муниципальный округ Остров Декабристов,внутригородская территория города федерального значения,40-311-000-000,2361,78,Санкт-Петербург,2018,9999
2363,внутригородская территория города федерального значения поселок Левашово,внутригородская территория города федерального значения,40-312-000-000,2362,78,Санкт-Петербург,2018,9999
2364,внутригородская территория города федерального значения поселок Парголово,внутригородская территория города федерального значения,40-313-000-000,2363,78,Санкт-Петербург,2018,9999
2365,внутригородская территория города федерального значения муниципальный округ Сампсониевское,внутригородская территория города федерального значения,40-314-000-000,2364,78,Санкт-Петербург,2018,9999
2366,внутригородская территория города федерального значения муниципальный округ Светлановское,внутригородская территория города федерального значения,40-315-000-000,2365,78,Санкт-Петербург,2018,9999
2367,внутригородская территория города федерального значения муниципальный округ Сосновское,внутригородская территория города федерального значения,40-316-000-000,2366,78,Санкт-Петербург,2018,9999
2368,внутригородская территория города федерального значения муниципальный округ № 15,внутригородская территория города федерального значения,40-317-000-000,2367,78,Санкт-Петербург,2018,9999
2369,внутригородская территория города федерального значения муниципальный округ Сергиевское,внутригородская территория города федерального значения,40-318-000-000,2368,78,Санкт-Петербург,2018,9999
2370,внутригородская территория города федерального значения муниципальный округ Шувалово-Озерки,внутригородская территория города федерального значения,40-319-000-000,2369,78,Санкт-Петербург,2018,9999
2371,внутригородская территория города федерального значения поселок Лисий Нос,внутригородская территория города федерального значения,40-320-000-000,2370,78,Санкт-Петербург,2018,9999
2372,внутригородская территория города федерального значения муниципальный округ Лахта-Ольгино,внутригородская территория города федерального значения,40-321-000-000,2371,78,Санкт-Петербург,2018,9999
2373,внутригородская территория города федерального значения муниципальный округ № 65,внутригородская территория города федерального значения,40-322-000-000,2372,78,Санкт-Петербург,2018,9999
2375,внутригородская территория города федерального значения муниципальный округ Комендантский аэродром,внутригородская территория города федерального значения,40-324-000-000,2374,78,Санкт-Петербург,2018,9999
2376,внутригородская территория города федерального значения муниципальный округ Озеро Долгое,внутригородская территория города федерального значения,40-325-000-000,2375,78,Санкт-Петербург,2018,9999
2377,внутригородская территория города федерального значения муниципальный округ Юнтолово,внутригородская территория города федерального значения,40-326-000-000,2376,78,Санкт-Петербург,2018,9999
2378,внутригородская территория города федерального значения муниципальный округ Коломяги,внутригородская территория города федерального значения,40-327-000-000,2377,78,Санкт-Петербург,2018,9999
2379,внутригородская территория города федерального значения муниципальный округ Гражданка,внутригородская территория города федерального значения,40-328-000-000,2378,78,Санкт-Петербург,2018,9999
2380,внутригородская территория города федерального значения муниципальный округ Академическое,внутригородская территория города федерального значения,40-329-000-000,2379,78,Санкт-Петербург,2018,9999
2381,внутригородская территория города федерального значения муниципальный округ Финляндский округ,внутригородская территория города федерального значения,40-330-000-000,2380,78,Санкт-Петербург,2018,9999
2382,внутригородская территория города федерального значения муниципальный округ № 21,внутригородская территория города федерального значения,40-331-000-000,2381,78,Санкт-Петербург,2018,9999
2383,внутригородская территория города федерального значения муниципальный округ Пискаревка,внутригородская территория города федерального значения,40-332-000-000,2382,78,Санкт-Петербург,2018,9999
2384,внутригородская территория города федерального значения муниципальный округ Северный,внутригородская территория города федерального значения,40-333-000-000,2383,78,Санкт-Петербург,2018,9999
2385,внутригородская территория города федерального значения муниципальный округ Прометей,внутригородская территория города федерального значения,40-334-000-000,2384,78,Санкт-Петербург,2018,9999
2386,внутригородская территория города федерального значения муниципальный округ Княжево,внутригородская территория города федерального значения,40-335-000-000,2385,78,Санкт-Петербург,2018,9999
2387,внутригородская территория города федерального значения муниципальный округ Ульянка,внутригородская территория города федерального значения,40-336-000-000,2386,78,Санкт-Петербург,2018,9999
2388,внутригородская территория города федерального значения муниципальный округ Дачное,внутригородская территория города федерального значения,40-337-000-000,2387,78,Санкт-Петербург,2018,9999
2389,внутригородская территория города федерального значения муниципальный округ Автово,внутригородская территория города федерального значения,40-338-000-000,2388,78,Санкт-Петербург,2018,9999
2390,внутригородская территория города федерального значения муниципальный округ Нарвский округ,внутригородская территория города федерального значения,40-339-000-000,2389,78,Санкт-Петербург,2018,9999
2391,внутригородская территория города федерального значения муниципальный округ Красненькая речка,внутригородская территория города федерального значения,40-340-000-000,2390,78,Санкт-Петербург,2018,9999
2392,внутригородская территория города федерального значения муниципальный округ Морские ворота,внутригородская территория города федерального значения,40-341-000-000,2391,78,Санкт-Петербург,2018,9999
2393,внутригородская территория города федерального значения город Колпино,внутригородская территория города федерального значения,40-342-000-000,2392,78,Санкт-Петербург,2018,9999
2394,внутригородская территория города федерального значения поселок Металлострой,внутригородская территория города федерального значения,40-343-000-000,2393,78,Санкт-Петербург,2018,9999
2395,внутригородская территория города федерального значения поселок Петро-Славянка,внутригородская территория города федерального значения,40-344-000-000,2394,78,Санкт-Петербург,2018,9999
2396,внутригородская территория города федерального значения поселок Понтонный,внутригородская территория города федерального значения,40-345-000-000,2395,78,Санкт-Петербург,2018,9999
2397,внутригородская территория города федерального значения поселок Саперный,внутригородская территория города федерального значения,40-346-000-000,2396,78,Санкт-Петербург,2018,9999
2398,внутригородская территория города федерального значения поселок Усть-Ижора,внутригородская территория города федерального значения,40-347-000-000,2397,78,Санкт-Петербург,2018,9999
2399,внутригородская территория города федерального значения муниципальный округ Полюстрово,внутригородская территория города федерального значения,40-348-000-000,2398,78,Санкт-Петербург,2018,9999
2400,внутригородская территория города федерального значения муниципальный округ Большая Охта,внутригородская территория города федерального значения,40-349-000-000,2399,78,Санкт-Петербург,2018,9999
2401,внутригородская территория города федерального значения муниципальный округ Малая Охта,внутригородская территория города федерального значения,40-350-000-000,2400,78,Санкт-Петербург,2018,9999
2402,внутригородская территория города федерального значения муниципальный округ Пороховые,внутригородская территория города федерального значения,40-351-000-000,2401,78,Санкт-Петербург,2018,9999
2403,внутригородская территория города федерального значения муниципальный округ Ржевка,внутригородская территория города федерального значения,40-352-000-000,2402,78,Санкт-Петербург,2018,9999
2404,внутригородская территория города федерального значения город Красное Село,внутригородская территория города федерального значения,40-353-000-000,2403,78,Санкт-Петербург,2018,9999
2405,внутригородская территория города федерального значения муниципальный округ Юго-Запад,внутригородская территория города федерального значения,40-354-000-000,2404,78,Санкт-Петербург,2018,9999
2406,внутригородская территория города федерального значения муниципальный округ Южно-Приморский,внутригородская территория города федерального значения,40-355-000-000,2405,78,Санкт-Петербург,2018,9999
2407,внутригородская территория города федерального значения муниципальный округ Сосновая поляна,внутригородская территория города федерального значения,40-356-000-000,2406,78,Санкт-Петербург,2018,9999
2408,внутригородская территория города федерального значения муниципальный округ Урицк,внутригородская территория города федерального значения,40-357-000-000,2407,78,Санкт-Петербург,2018,9999
2409,внутригородская территория города федерального значения муниципальный округ Константиновское,внутригородская территория города федерального значения,40-358-000-000,2408,78,Санкт-Петербург,2018,9999
2410,внутригородская территория города федерального значения муниципальный округ Горелово,внутригородская территория города федерального значения,40-359-000-000,2409,78,Санкт-Петербург,2018,9999
2411,внутригородская территория города федерального значения город Кронштадт,внутригородская территория города федерального значения,40-360-000-000,2410,78,Санкт-Петербург,2018,9999
2412,внутригородская территория города федерального значения город Зеленогорск,внутригородская территория города федерального значения,40-361-000-000,2411,78,Санкт-Петербург,2018,9999
2413,внутригородская территория города федерального значения город Сестрорецк,внутригородская территория города федерального значения,40-362-000-000,2412,78,Санкт-Петербург,2018,9999
2414,внутригородская территория города федерального значения поселок Белоостров,внутригородская территория города федерального значения,40-363-000-000,2413,78,Санкт-Петербург,2018,9999
2415,внутригородская территория города федерального значения поселок Комарово,внутригородская территория города федерального значения,40-364-000-000,2414,78,Санкт-Петербург,2018,9999
2416,внутригородская территория города федерального значения поселок Молодежное,внутригородская территория города федерального значения,40-365-000-000,2415,78,Санкт-Петербург,2018,9999
2417,внутригородская территория города федерального значения поселок Песочный,внутригородская территория города федерального значения,40-366-000-000,2416,78,Санкт-Петербург,2018,9999
2418,внутригородская территория города федерального значения поселок Репино,внутригородская территория города федерального значения,40-367-000-000,2417,78,Санкт-Петербург,2018,9999
2419,внутригородская территория города федерального значения поселок Серово,внутригородская территория города федерального значения,40-368-000-000,2418,78,Санкт-Петербург,2018,9999
2420,внутригородская территория города федерального значения поселок Смолячково,внутригородская территория города федерального значения,40-369-000-000,2419,78,Санкт-Петербург,2018,9999
2421,внутригородская территория города федерального значения поселок Солнечное,внутригородская территория города федерального значения,40-370-000-000,2420,78,Санкт-Петербург,2018,9999
2422,внутригородская территория города федерального значения поселок Ушково,внутригородская территория города федерального значения,40-371-000-000,2421,78,Санкт-Петербург,2018,9999
2423,внутригородская территория города федерального значения город Ломоносов,внутригородская территория города федерального значения,40-372-000-000,2422,78,Санкт-Петербург,2018,9999
2424,внутригородская территория города федерального значения муниципальный округ Московская застава,внутригородская территория города федерального значения,40-373-000-000,2423,78,Санкт-Петербург,2018,9999
2425,внутригородская территория города федерального значения муниципальный округ Гагаринское,внутригородская территория города федерального значения,40-374-000-000,2424,78,Санкт-Петербург,2018,9999
2426,внутригородская территория города федерального значения муниципальный округ Новоизмайловское,внутригородская территория города федерального значения,40-375-000-000,2425,78,Санкт-Петербург,2018,9999
2427,внутригородская территория города федерального значения муниципальный округ Пулковский меридиан,внутригородская территория города федерального значения,40-376-000-000,2426,78,Санкт-Петербург,2018,9999
2428,внутригородская территория города федерального значения муниципальный округ Звездное,внутригородская территория города федерального значения,40-377-000-000,2427,78,Санкт-Петербург,2018,9999
2429,внутригородская территория города федерального значения муниципальный округ Невская застава,внутригородская территория города федерального значения,40-378-000-000,2428,78,Санкт-Петербург,2018,9999
2430,внутригородская территория города федерального значения муниципальный округ Ивановский,внутригородская территория города федерального значения,40-379-000-000,2429,78,Санкт-Петербург,2018,9999
2431,внутригородская территория города федерального значения муниципальный округ Обуховский,внутригородская территория города федерального значения,40-380-000-000,2430,78,Санкт-Петербург,2018,9999
2432,внутригородская территория города федерального значения муниципальный округ Рыбацкое,внутригородская территория города федерального значения,40-381-000-000,2431,78,Санкт-Петербург,2018,9999
2433,внутригородская территория города федерального значения муниципальный округ Народный,внутригородская территория города федерального значения,40-382-000-000,2432,78,Санкт-Петербург,2018,9999
2434,внутригородская территория города федерального значения муниципальный округ № 54,внутригородская территория города федерального значения,40-383-000-000,2433,78,Санкт-Петербург,2018,9999
2435,внутригородская территория города федерального значения муниципальный округ Невский округ,внутригородская территория города федерального значения,40-384-000-000,2434,78,Санкт-Петербург,2018,9999
2436,внутригородская территория города федерального значения муниципальный округ Оккервиль,внутригородская территория города федерального значения,40-385-000-000,2435,78,Санкт-Петербург,2018,9999
2437,внутригородская территория города федерального значения муниципальный округ Правобережный,внутригородская территория города федерального значения,40-386-000-000,2436,78,Санкт-Петербург,2018,9999
2438,внутригородская территория города федерального значения город Павловск,внутригородская территория города федерального значения,40-387-000-000,2437,78,Санкт-Петербург,2018,9999
2439,внутригородская территория города федерального значения поселок Тярлево,внутригородская территория города федерального значения,40-388-000-000,2438,78,Санкт-Петербург,2018,9999
2440,внутригородская территория города федерального значения муниципальный округ Введенский,внутригородская территория города федерального значения,40-389-000-000,2439,78,Санкт-Петербург,2018,9999
2441,внутригородская территория города федерального значения муниципальный округ Кронверкское,внутригородская территория города федерального значения,40-390-000-000,2440,78,Санкт-Петербург,2018,9999
2442,внутригородская территория города федерального значения муниципальный округ Посадский,внутригородская территория города федерального значения,40-391-000-000,2441,78,Санкт-Петербург,2018,9999
2443,внутригородская территория города федерального значения муниципальный округ Аптекарский остров,внутригородская территория города федерального значения,40-392-000-000,2442,78,Санкт-Петербург,2018,9999
2444,внутригородская территория города федерального значения муниципальный округ округ Петровский,внутригородская территория города федерального значения,40-393-000-000,2443,78,Санкт-Петербург,2018,9999
2445,внутригородская территория города федерального значения муниципальный округ Чкаловское,внутригородская территория города федерального значения,40-394-000-000,2444,78,Санкт-Петербург,2018,9999
2446,внутригородская территория города федерального значения город Петергоф,внутригородская территория города федерального значения,40-395-000-000,2445,78,Санкт-Петербург,2018,9999
2447,внутригородская территория города федерального значения поселок Стрельна,внутригородская территория города федерального значения,40-396-000-000,2446,78,Санкт-Петербург,2018,9999
2448,внутригородская территория города федерального значения город Пушкин,внутригородская территория города федерального значения,40-397-000-000,2447,78,Санкт-Петербург,2018,9999
2449,внутригородская территория города федерального значения поселок Александровская,внутригородская территория города федерального значения,40-398-000-000,2448,78,Санкт-Петербург,2018,9999
2450,внутригородская территория города федерального значения поселок Шушары,внутригородская территория города федерального значения,40-901-000-000,2449,78,Санкт-Петербург,2018,9999
2451,внутригородская территория города федерального значения муниципальный округ Волковское,внутригородская территория города федерального значения,40-902-000-000,2450,78,Санкт-Петербург,2018,9999
2452,внутригородская территория города федерального значения муниципальный округ № 72,внутригородская территория города федерального значения,40-903-000-000,2451,78,Санкт-Петербург,2018,9999
2453,внутригородская территория города федерального значения муниципальный округ Купчино,внутригородская территория города федерального значения,40-904-000-000,2452,78,Санкт-Петербург,2018,9999
2454,внутригородская территория города федерального значения муниципальный округ Георгиевский,внутригородская территория города федерального значения,40-905-000-000,2453,78,Санкт-Петербург,2018,9999
2455,внутригородская территория города федерального значения муниципальный округ № 75,внутригородская территория города федерального значения,40-906-000-000,2454,78,Санкт-Петербург,2018,9999
2456,внутригородская территория города федерального значения муниципальный округ Балканский,внутригородская территория города федерального значения,40-907-000-000,2455,78,Санкт-Петербург,2018,9999
2457,внутригородская территория города федерального значения муниципальный округ Дворцовый округ,внутригородская территория города федерального значения,40-908-000-000,2456,78,Санкт-Петербург,2018,9999
2458,внутригородская территория города федерального значения муниципальный округ № 78,внутригородская территория города федерального значения,40-909-000-000,2457,78,Санкт-Петербург,2018,9999
2459,внутригородская территория города федерального значения муниципальный округ Литейный округ,внутригородская территория города федерального значения,40-910-000-000,2458,78,Санкт-Петербург,2018,9999
2460,внутригородская территория города федерального значения муниципальный округ Смольнинское,внутригородская территория города федерального значения,40-911-000-000,2459,78,Санкт-Петербург,2018,9999
2461,внутригородская территория города федерального значения муниципальный округ Лиговка-Ямская,внутригородская территория города федерального значения,40-912-000-000,2460,78,Санкт-Петербург,2018,9999
2462,внутригородская территория города федерального значения муниципальный округ Владимирский округ,внутригородская территория города федерального значения,40-913-000-000,2461,78,Санкт-Петербург,2018,9999
2463,внутригородская территория города федерального значения муниципальный округ Богородское,внутригородская территория города федерального значения,45-301-000-000,2462,77,Москва,2018,9999
2464,внутригородская территория города федерального значения муниципальный округ Вешняки,внутригородская территория города федерального значения,45-302-000-000,2463,77,Москва,2018,9999
2465,внутригородская территория города федерального значения муниципальный округ Восточное Измайлово,внутригородская территория города федерального значения,45-303-000-000,2464,77,Москва,2018,9999
2466,внутригородская территория города федерального значения муниципальный округ Восточный,внутригородская территория города федерального значения,45-304-000-000,2465,77,Москва,2018,9999
2467,внутригородская территория города федерального значения муниципальный округ Гольяново,внутригородская территория города федерального значения,45-305-000-000,2466,77,Москва,2018,9999
2468,внутригородская территория города федерального значения муниципальный округ Ивановское,внутригородская территория города федерального значения,45-306-000-000,2467,77,Москва,2018,9999
2469,внутригородская территория города федерального значения муниципальный округ Измайлово,внутригородская территория города федерального значения,45-307-000-000,2468,77,Москва,2018,9999
2470,внутригородская территория города федерального значения муниципальный округ Косино-Ухтомский,внутригородская территория города федерального значения,45-308-000-000,2469,77,Москва,2018,9999
2471,внутригородская территория города федерального значения муниципальный округ Новогиреево,внутригородская территория города федерального значения,45-309-000-000,2470,77,Москва,2018,9999
2472,внутригородская территория города федерального значения муниципальный округ Новокосино,внутригородская территория города федерального значения,45-310-000-000,2471,77,Москва,2018,9999
2473,внутригородская территория города федерального значения муниципальный округ Метрогородок,внутригородская территория города федерального значения,45-311-000-000,2472,77,Москва,2018,9999
2474,внутригородская территория города федерального значения муниципальный округ Перово,внутригородская территория города федерального значения,45-312-000-000,2473,77,Москва,2018,9999
2475,внутригородская территория города федерального значения муниципальный округ Северное Измайлово,внутригородская территория города федерального значения,45-313-000-000,2474,77,Москва,2018,9999
2476,внутригородская территория города федерального значения муниципальный округ Соколиная гора,внутригородская территория города федерального значения,45-314-000-000,2475,77,Москва,2018,9999
2477,внутригородская территория города федерального значения муниципальный округ Сокольники,внутригородская территория города федерального значения,45-315-000-000,2476,77,Москва,2018,9999
2478,внутригородская территория города федерального значения муниципальный округ Преображенское,внутригородская территория города федерального значения,45-316-000-000,2477,77,Москва,2018,9999
2479,внутригородская территория города федерального значения муниципальный округ Внуково,внутригородская территория города федерального значения,45-317-000-000,2478,77,Москва,2018,9999
2480,внутригородская территория города федерального значения муниципальный округ Дорогомилово,внутригородская территория города федерального значения,45-318-000-000,2479,77,Москва,2018,9999
2481,внутригородская территория города федерального значения муниципальный округ Крылатское,внутригородская территория города федерального значения,45-319-000-000,2480,77,Москва,2018,9999
2482,внутригородская территория города федерального значения муниципальный округ Кунцево,внутригородская территория города федерального значения,45-320-000-000,2481,77,Москва,2018,9999
2483,внутригородская территория города федерального значения муниципальный округ Можайский,внутригородская территория города федерального значения,45-321-000-000,2482,77,Москва,2018,9999
2484,внутригородская территория города федерального значения муниципальный округ Ново-Переделкино,внутригородская территория города федерального значения,45-322-000-000,2483,77,Москва,2018,9999
2485,внутригородская территория города федерального значения муниципальный округ Очаково-Матвеевское,внутригородская территория города федерального значения,45-323-000-000,2484,77,Москва,2018,9999
2486,внутригородская территория города федерального значения муниципальный округ Проспект Вернадского,внутригородская территория города федерального значения,45-324-000-000,2485,77,Москва,2018,9999
2487,внутригородская территория города федерального значения муниципальный округ Раменки,внутригородская территория города федерального значения,45-325-000-000,2486,77,Москва,2018,9999
2488,внутригородская территория города федерального значения муниципальный округ Солнцево,внутригородская территория города федерального значения,45-326-000-000,2487,77,Москва,2018,9999
2489,внутригородская территория города федерального значения муниципальный округ Тропарево-Никулино,внутригородская территория города федерального значения,45-327-000-000,2488,77,Москва,2018,9999
2490,внутригородская территория города федерального значения муниципальный округ Филевский парк,внутригородская территория города федерального значения,45-328-000-000,2489,77,Москва,2018,9999
2491,внутригородская территория города федерального значения муниципальный округ Фили-Давыдково,внутригородская территория города федерального значения,45-329-000-000,2490,77,Москва,2018,9999
2492,внутригородская территория города федерального значения муниципальный округ Крюково,внутригородская территория города федерального значения,45-330-000-000,2491,77,Москва,2018,9999
2493,внутригородская территория города федерального значения муниципальный округ Матушкино,внутригородская территория города федерального значения,45-331-000-000,2492,77,Москва,2018,9999
2494,внутригородская территория города федерального значения муниципальный округ Силино,внутригородская территория города федерального значения,45-332-000-000,2493,77,Москва,2018,9999
2495,внутригородская территория города федерального значения муниципальный округ Аэропорт,внутригородская территория города федерального значения,45-333-000-000,2494,77,Москва,2018,9999
2496,внутригородская территория города федерального значения муниципальный округ Беговой,внутригородская территория города федерального значения,45-334-000-000,2495,77,Москва,2018,9999
2497,внутригородская территория города федерального значения муниципальный округ Бескудниковский,внутригородская территория города федерального значения,45-335-000-000,2496,77,Москва,2018,9999
2498,внутригородская территория города федерального значения муниципальный округ Войковский,внутригородская территория города федерального значения,45-336-000-000,2497,77,Москва,2018,9999
2499,внутригородская территория города федерального значения муниципальный округ Восточное Дегунино,внутригородская территория города федерального значения,45-337-000-000,2498,77,Москва,2018,9999
2500,внутригородская территория города федерального значения муниципальный округ Головинский,внутригородская территория города федерального значения,45-338-000-000,2499,77,Москва,2018,9999
2501,внутригородская территория города федерального значения муниципальный округ Дмитровский,внутригородская территория города федерального значения,45-339-000-000,2500,77,Москва,2018,9999
2502,внутригородская территория города федерального значения муниципальный округ Западное Дегунино,внутригородская территория города федерального значения,45-340-000-000,2501,77,Москва,2018,9999
2503,внутригородская территория города федерального значения муниципальный округ Коптево,внутригородская территория города федерального значения,45-341-000-000,2502,77,Москва,2018,9999
2504,внутригородская территория города федерального значения муниципальный округ Левобережный,внутригородская территория города федерального значения,45-342-000-000,2503,77,Москва,2018,9999
2505,внутригородская территория города федерального значения муниципальный округ Молжаниновский,внутригородская территория города федерального значения,45-343-000-000,2504,77,Москва,2018,9999
2506,внутригородская территория города федерального значения муниципальный округ Савеловский,внутригородская территория города федерального значения,45-344-000-000,2505,77,Москва,2018,9999
2507,внутригородская территория города федерального значения муниципальный округ Сокол,внутригородская территория города федерального значения,45-345-000-000,2506,77,Москва,2018,9999
2508,внутригородская территория города федерального значения муниципальный округ Тимирязевский,внутригородская территория города федерального значения,45-346-000-000,2507,77,Москва,2018,9999
2509,внутригородская территория города федерального значения муниципальный округ Ховрино,внутригородская территория города федерального значения,45-347-000-000,2508,77,Москва,2018,9999
2510,внутригородская территория города федерального значения муниципальный округ Хорошевский,внутригородская территория города федерального значения,45-348-000-000,2509,77,Москва,2018,9999
2511,внутригородская территория города федерального значения муниципальный округ Алексеевский,внутригородская территория города федерального значения,45-349-000-000,2510,77,Москва,2018,9999
2512,внутригородская территория города федерального значения муниципальный округ Алтуфьевский,внутригородская территория города федерального значения,45-350-000-000,2511,77,Москва,2018,9999
2513,внутригородская территория города федерального значения муниципальный округ Бабушкинский,внутригородская территория города федерального значения,45-351-000-000,2512,77,Москва,2018,9999
2514,внутригородская территория города федерального значения муниципальный округ Бибирево,внутригородская территория города федерального значения,45-352-000-000,2513,77,Москва,2018,9999
2515,внутригородская территория города федерального значения муниципальный округ Бутырский,внутригородская территория города федерального значения,45-353-000-000,2514,77,Москва,2018,9999
2516,внутригородская территория города федерального значения муниципальный округ Лианозово,внутригородская территория города федерального значения,45-354-000-000,2515,77,Москва,2018,9999
2517,внутригородская территория города федерального значения муниципальный округ Лосиноостровский,внутригородская территория города федерального значения,45-355-000-000,2516,77,Москва,2018,9999
2518,внутригородская территория города федерального значения муниципальный округ Марфино,внутригородская территория города федерального значения,45-356-000-000,2517,77,Москва,2018,9999
2519,внутригородская территория города федерального значения муниципальный округ Марьина роща,внутригородская территория города федерального значения,45-357-000-000,2518,77,Москва,2018,9999
2520,внутригородская территория города федерального значения муниципальный округ Останкинский,внутригородская территория города федерального значения,45-358-000-000,2519,77,Москва,2018,9999
2521,внутригородская территория города федерального значения муниципальный округ Отрадное,внутригородская территория города федерального значения,45-359-000-000,2520,77,Москва,2018,9999
2522,внутригородская территория города федерального значения муниципальный округ Ростокино,внутригородская территория города федерального значения,45-360-000-000,2521,77,Москва,2018,9999
2523,внутригородская территория города федерального значения муниципальный округ Свиблово,внутригородская территория города федерального значения,45-361-000-000,2522,77,Москва,2018,9999
2524,внутригородская территория города федерального значения муниципальный округ Северное Медведково,внутригородская территория города федерального значения,45-362-000-000,2523,77,Москва,2018,9999
2525,внутригородская территория города федерального значения муниципальный округ Северный,внутригородская территория города федерального значения,45-363-000-000,2524,77,Москва,2018,9999
2526,внутригородская территория города федерального значения муниципальный округ Южное Медведково,внутригородская территория города федерального значения,45-364-000-000,2525,77,Москва,2018,9999
2527,внутригородская территория города федерального значения муниципальный округ Ярославский,внутригородская территория города федерального значения,45-365-000-000,2526,77,Москва,2018,9999
2528,внутригородская территория города федерального значения муниципальный округ Куркино,внутригородская территория города федерального значения,45-366-000-000,2527,77,Москва,2018,9999
2529,внутригородская территория города федерального значения муниципальный округ Митино,внутригородская территория города федерального значения,45-367-000-000,2528,77,Москва,2018,9999
2530,внутригородская территория города федерального значения муниципальный округ Покровское-Стрешнево,внутригородская территория города федерального значения,45-368-000-000,2529,77,Москва,2018,9999
2531,внутригородская территория города федерального значения муниципальный округ Северное Тушино,внутригородская территория города федерального значения,45-369-000-000,2530,77,Москва,2018,9999
2532,внутригородская территория города федерального значения муниципальный округ Строгино,внутригородская территория города федерального значения,45-370-000-000,2531,77,Москва,2018,9999
2533,внутригородская территория города федерального значения муниципальный округ Хорошево-Мневники,внутригородская территория города федерального значения,45-371-000-000,2532,77,Москва,2018,9999
2534,внутригородская территория города федерального значения муниципальный округ Щукино,внутригородская территория города федерального значения,45-372-000-000,2533,77,Москва,2018,9999
2535,внутригородская территория города федерального значения муниципальный округ Южное Тушино,внутригородская территория города федерального значения,45-373-000-000,2534,77,Москва,2018,9999
2536,внутригородская территория города федерального значения муниципальный округ Арбат,внутригородская территория города федерального значения,45-374-000-000,2535,77,Москва,2018,9999
2537,внутригородская территория города федерального значения муниципальный округ Басманный,внутригородская территория города федерального значения,45-375-000-000,2536,77,Москва,2018,9999
2538,внутригородская территория города федерального значения муниципальный округ Замоскворечье,внутригородская территория города федерального значения,45-376-000-000,2537,77,Москва,2018,9999
2539,внутригородская территория города федерального значения муниципальное образование Савелки,внутригородская территория города федерального значения,45-377-000-000,2538,77,Москва,2018,9999
2540,внутригородская территория города федерального значения муниципальный округ Красносельский,внутригородская территория города федерального значения,45-378-000-000,2539,77,Москва,2018,9999
2541,внутригородская территория города федерального значения муниципальный округ Мещанский,внутригородская территория города федерального значения,45-379-000-000,2540,77,Москва,2018,9999
2542,внутригородская территория города федерального значения муниципальный округ Пресненский,внутригородская территория города федерального значения,45-380-000-000,2541,77,Москва,2018,9999
2543,внутригородская территория города федерального значения муниципальный округ Таганский,внутригородская территория города федерального значения,45-381-000-000,2542,77,Москва,2018,9999
2544,внутригородская территория города федерального значения муниципальный округ Тверской,внутригородская территория города федерального значения,45-382-000-000,2543,77,Москва,2018,9999
2545,внутригородская территория города федерального значения муниципальный округ Хамовники,внутригородская территория города федерального значения,45-383-000-000,2544,77,Москва,2018,9999
2546,внутригородская территория города федерального значения муниципальный округ Якиманка,внутригородская территория города федерального значения,45-384-000-000,2545,77,Москва,2018,9999
2547,внутригородская территория города федерального значения муниципальный округ Выхино-Жулебино,внутригородская территория города федерального значения,45-385-000-000,2546,77,Москва,2018,9999
2548,внутригородская территория города федерального значения муниципальный округ Капотня,внутригородская территория города федерального значения,45-386-000-000,2547,77,Москва,2018,9999
2549,внутригородская территория города федерального значения муниципальный округ Кузьминки,внутригородская территория города федерального значения,45-387-000-000,2548,77,Москва,2018,9999
2550,внутригородская территория города федерального значения муниципальный округ Лефортово,внутригородская территория города федерального значения,45-388-000-000,2549,77,Москва,2018,9999
2551,внутригородская территория города федерального значения муниципальный округ Люблино,внутригородская территория города федерального значения,45-389-000-000,2550,77,Москва,2018,9999
2552,внутригородская территория города федерального значения муниципальный округ Марьино,внутригородская территория города федерального значения,45-390-000-000,2551,77,Москва,2018,9999
2553,внутригородская территория города федерального значения муниципальный округ Некрасовка,внутригородская территория города федерального значения,45-391-000-000,2552,77,Москва,2018,9999
2554,внутригородская территория города федерального значения муниципальный округ Нижегородский,внутригородская территория города федерального значения,45-392-000-000,2553,77,Москва,2018,9999
2555,внутригородская территория города федерального значения муниципальный округ Печатники,внутригородская территория города федерального значения,45-393-000-000,2554,77,Москва,2018,9999
2556,внутригородская территория города федерального значения муниципальный округ Рязанский,внутригородская территория города федерального значения,45-394-000-000,2555,77,Москва,2018,9999
2557,внутригородская территория города федерального значения муниципальный округ Текстильщики,внутригородская территория города федерального значения,45-395-000-000,2556,77,Москва,2018,9999
2558,внутригородская территория города федерального значения муниципальный округ Южнопортовый,внутригородская территория города федерального значения,45-396-000-000,2557,77,Москва,2018,9999
2559,внутригородская территория города федерального значения муниципальный округ Академический,внутригородская территория города федерального значения,45-397-000-000,2558,77,Москва,2018,9999
2560,внутригородская территория города федерального значения муниципальный округ Гагаринский,внутригородская территория города федерального значения,45-398-000-000,2559,77,Москва,2018,9999
2561,внутригородская территория города федерального значения муниципальный округ Зюзино,внутригородская территория города федерального значения,45-901-000-000,2560,77,Москва,2018,9999
2562,внутригородская территория города федерального значения муниципальный округ Коньково,внутригородская территория города федерального значения,45-902-000-000,2561,77,Москва,2018,9999
2563,внутригородская территория города федерального значения муниципальный округ Котловка,внутригородская территория города федерального значения,45-903-000-000,2562,77,Москва,2018,9999
2564,внутригородская территория города федерального значения муниципальный округ Ломоносовский,внутригородская территория города федерального значения,45-904-000-000,2563,77,Москва,2018,9999
2565,внутригородская территория города федерального значения муниципальный округ Обручевский,внутригородская территория города федерального значения,45-905-000-000,2564,77,Москва,2018,9999
2566,внутригородская территория города федерального значения муниципальный округ Северное Бутово,внутригородская территория города федерального значения,45-906-000-000,2565,77,Москва,2018,9999
2567,внутригородская территория города федерального значения муниципальный округ Теплый Стан,внутригородская территория города федерального значения,45-907-000-000,2566,77,Москва,2018,9999
2568,внутригородская территория города федерального значения муниципальный округ Черемушки,внутригородская территория города федерального значения,45-908-000-000,2567,77,Москва,2018,9999
2569,внутригородская территория города федерального значения муниципальный округ Южное Бутово,внутригородская территория города федерального значения,45-909-000-000,2568,77,Москва,2018,9999
2570,внутригородская территория города федерального значения муниципальный округ Ясенево,внутригородская территория города федерального значения,45-910-000-000,2569,77,Москва,2018,9999
2571,внутригородская территория города федерального значения муниципальный округ Бирюлево Восточное,внутригородская территория города федерального значения,45-911-000-000,2570,77,Москва,2018,9999
2572,внутригородская территория города федерального значения муниципальный округ Бирюлево Западное,внутригородская территория города федерального значения,45-912-000-000,2571,77,Москва,2018,9999
2573,внутригородская территория города федерального значения муниципальный округ Братеево,внутригородская территория города федерального значения,45-913-000-000,2572,77,Москва,2018,9999
2574,внутригородская территория города федерального значения муниципальный округ Даниловский,внутригородская территория города федерального значения,45-914-000-000,2573,77,Москва,2018,9999
2575,внутригородская территория города федерального значения муниципальный округ Донской,внутригородская территория города федерального значения,45-915-000-000,2574,77,Москва,2018,9999
2576,внутригородская территория города федерального значения муниципальный округ Зябликово,внутригородская территория города федерального значения,45-916-000-000,2575,77,Москва,2018,9999
2577,внутригородская территория города федерального значения муниципальный округ Москворечье-Сабурово,внутригородская территория города федерального значения,45-917-000-000,2576,77,Москва,2018,9999
2578,внутригородская территория города федерального значения муниципальный округ Нагатино-Садовники,внутригородская территория города федерального значения,45-918-000-000,2577,77,Москва,2018,9999
2579,внутригородская территория города федерального значения муниципальный округ Нагатинский затон,внутригородская территория города федерального значения,45-919-000-000,2578,77,Москва,2018,9999
2580,внутригородская территория города федерального значения муниципальный округ Нагорный,внутригородская территория города федерального значения,45-920-000-000,2579,77,Москва,2018,9999
2581,внутригородская территория города федерального значения муниципальный округ Орехово-Борисово Северное,внутригородская территория города федерального значения,45-921-000-000,2580,77,Москва,2018,9999
2582,внутригородская территория города федерального значения муниципальный округ Орехово-Борисово Южное,внутригородская территория города федерального значения,45-922-000-000,2581,77,Москва,2018,9999
2583,внутригородская территория города федерального значения муниципальный округ Царицыно,внутригородская территория города федерального значения,45-923-000-000,2582,77,Москва,2018,9999
2584,внутригородская территория города федерального значения муниципальный округ Чертаново Северное,внутригородская территория города федерального значения,45-924-000-000,2583,77,Москва,2018,9999
2585,внутригородская территория города федерального значения муниципальный округ Чертаново Центральное,внутригородская территория города федерального значения,45-925-000-000,2584,77,Москва,2018,9999
2586,внутригородская территория города федерального значения муниципальный округ Чертаново Южное,внутригородская территория города федерального значения,45-926-000-000,2585,77,Москва,2018,9999
2587,внутригородская территория города федерального значения муниципальный округ Старое Крюково,внутригородская территория города федерального значения,45-927-000-000,2586,77,Москва,2018,9999
2588,внутригородская территория города федерального значения городской округ Троицк,внутригородская территория города федерального значения,45-931-000-000,2587,77,Москва,2018,9999
2589,внутригородская территория города федерального значения городской округ Щербинка,внутригородская территория города федерального значения,45-932-000-000,2588,77,Москва,2018,9999
2590,внутригородская территория города федерального значения поселение Внуковское,внутригородская территория города федерального значения,45-941-000-000,2589,77,Москва,2018,9999
2591,внутригородская территория города федерального значения поселение Воскресенское,внутригородская территория города федерального значения,45-942-000-000,2590,77,Москва,2018,9999
2592,внутригородская территория города федерального значения поселение Вороновское,внутригородская территория города федерального значения,45-943-000-000,2591,77,Москва,2018,9999
2593,внутригородская территория города федерального значения поселение Десеновское,внутригородская территория города федерального значения,45-944-000-000,2592,77,Москва,2018,9999
2594,внутригородская территория города федерального значения поселение Киевский,внутригородская территория города федерального значения,45-945-000-000,2593,77,Москва,2018,9999
2595,внутригородская территория города федерального значения поселение Кленовское,внутригородская территория города федерального значения,45-946-000-000,2594,77,Москва,2018,9999
2596,внутригородская территория города федерального значения поселение Кокошкино,внутригородская территория города федерального значения,45-947-000-000,2595,77,Москва,2018,9999
2597,внутригородская территория города федерального значения поселение Краснопахорское,внутригородская территория города федерального значения,45-948-000-000,2596,77,Москва,2018,9999
2598,внутригородская территория города федерального значения поселение Марушкинское,внутригородская территория города федерального значения,45-949-000-000,2597,77,Москва,2018,9999
2599,внутригородская территория города федерального значения поселение Михайлово-Ярцевское,внутригородская территория города федерального значения,45-951-000-000,2598,77,Москва,2018,9999
2600,внутригородская территория города федерального значения поселение Московский,внутригородская территория города федерального значения,45-952-000-000,2599,77,Москва,2018,9999
2601,"внутригородская территория города федерального значения поселение Мосрентген""""",внутригородская территория города федерального значения,45-953-000-000,2600,77,Москва,2018,9999
2602,внутригородская территория города федерального значения поселение Новофедоровское,внутригородская территория города федерального значения,45-954-000-000,2601,77,Москва,2018,9999
2603,внутригородская территория города федерального значения поселение Первомайское,внутригородская территория города федерального значения,45-955-000-000,2602,77,Москва,2018,9999
2604,внутригородская территория города федерального значения поселение Роговское,внутригородская территория города федерального значения,45-956-000-000,2603,77,Москва,2018,9999
2605,внутригородская территория города федерального значения поселение Рязановское,внутригородская территория города федерального значения,45-957-000-000,2604,77,Москва,2018,9999
2606,внутригородская территория города федерального значения поселение Сосенское,внутригородская территория города федерального значения,45-958-000-000,2605,77,Москва,2018,9999
2607,внутригородская территория города федерального значения поселение Филимонковское,внутригородская территория города федерального значения,45-959-000-000,2606,77,Москва,2018,9999
2608,внутригородская территория города федерального значения поселение Щаповское,внутригородская территория города федерального значения,45-961-000-000,2607,77,Москва,2018,9999
2609,внутригородская территория города федерального значения Балаклавский муниципальный округ,внутригородская территория города федерального значения,67-302-000-000,2608,92,Севастополь,2018,9999
2610,внутригородская территория города федерального значения город Инкерман,внутригородская территория города федерального значения,67-304-000-000,2609,92,Севастополь,2018,9999
2611,внутригородская территория города федерального значения Орлиновский муниципальный округ,внутригородская территория города федерального значения,67-306-000-000,2610,92,Севастополь,2018,9999
2612,внутригородская территория города федерального значения Терновский муниципальный округ,внутригородская территория города федерального значения,67-308-000-000,2611,92,Севастополь,2018,9999
2613,внутригородская территория города федерального значения Гагаринский муниципальный округ,внутригородская территория города федерального значения,67-310-000-000,2612,92,Севастополь,2018,9999
2614,внутригородская территория города федерального значения Ленинский муниципальный округ,внутригородская территория города федерального значения,67-312-000-000,2613,92,Севастополь,2018,9999
2615,внутригородская территория города федерального значения Нахимовский муниципальный округ,внутригородская территория города федерального значения,67-314-000-000,2614,92,Севастополь,2018,9999
2616,внутригородская территория города федерального значения Верхнесадовский муниципальный округ,внутригородская территория города федерального значения,67-316-000-000,2615,92,Севастополь,2018,9999
2617,внутригородская территория города федерального значения Андреевский муниципальный округ,внутригородская территория города федерального значения,67-318-000-000,2616,92,Севастополь,2018,9999
2618,внутригородская территория города федерального значения Качинский муниципальный округ,внутригородская территория города федерального значения,67-320-000-000,2617,92,Севастополь,2018,9999
2620,городской округ город Переславль-Залесский,городской округ,78-705-000-000,2619,76,Ярославская область,2019,9999
2621,городской округ Соликамский,городской округ,57-730-000-000,2620,59,Пермский край,2019,9999
2622,городской округ город Березники,городской округ,57-708-000-000,2621,59,Пермский край,2019,9999
2623,городской округ Алексеевский,городской округ,14-710-000-000,934,31,Белгородская область,2019,9999
2624,городской округ Валуйский,городской округ,14-720-000-000,937,31,Белгородская область,2019,9999
2625,городской округ Грайворонский,городской округ,14-725-000-000,940,31,Белгородская область,2019,9999
2626,городской округ Новооскольский,городской округ,14-735-000-000,946,31,Белгородская область,2019,9999
2627,городской округ Шебекинский,городской округ,14-750-000-000,951,31,Белгородская область,2019,9999
2628,городской округ Яковлевский,городской округ,14-755-000-000,952,31,Белгородская область,2019,9999
2630,городской округ Клин,городской округ,46-737-000-000,1492,50,Московская область,2019,9999
2631,городской округ Дмитровский,городской округ,46-715-000-000,1491,50,Московская область,2019,9999
2632,городской округ Талдомский,городской округ,46-778-000-000,1504,50,Московская область,2019,9999
2633,городской округ Богородский,городской округ,46-751-000-000,1496,50,Московская область,2019,9999
2634,городской округ Кашинский,городской округ,28-758-000-000,2121,69,Тверская область,2019,9999
2635,городской округ Нелидовский,городской округ,28-759-000-000,2131,69,Тверская область,2019,9999
2636,городской округ Балтийский,городской округ,27-705-000-000,1184,39,Калининградская область,2019,9999
2638,городской округ Светлогорский,городской округ,27-734-000-000,1190,39,Калининградская область,2019,9999
2639,городской округ город Кизел,городской округ,57-719-000-000,745,59,Пермский край,2019,9999
2640,городской округ Краснокамский,городской округ,57-720-000-000,748,59,Пермский край,2019,9999
2642,городской округ Оханский,городской округ,57-729-000-000,755,59,Пермский край,2019,9999
2643,городской округ Горнозаводский,городской округ,57-714-000-000,739,59,Пермский край,2019,9999
2644,городской округ Чайковский,городской округ,57-735-000-000,763,59,Пермский край,2019,9999
2645,городской округ Серпухов,городской округ,46-770-000-000,2644,50,Московская область,2019,9999
2646,городской округ Можайский,городской округ,46-745-000-000,1495,50,Московская область,2019,9999
2647,городской округ город Обнинск,городской округ,29-715-000-000,2646,40,Калужская область,2019,9999
2648,Боровский муниципальный район,муниципальный район,29-606-000-000,2647,40,Калужская область,2019,9999
2649,городской округ Лосино-Петровский,городской округ,46-742-000-000,2648,50,Московская область,2019,9999
2651,городской округ Новозыбковский,городской округ,15-720-000-000,2650,32,Брянская область,2020,9999
2652,городской округ Одинцовский,городской округ,46-755-000-000,2651,50,Московская область,2020,9999
2653,городской округ Орехово-Зуевский,городской округ,46-757-000-000,2652,50,Московская область,2020,9999
2655,городской округ Сергиево-Посадский,городской округ,46-728-000-000,1501,50,Московская область,2020,9999
2656,городской округ Воскресенск,городской округ,46-710-000-000,1490,50,Московская область,2020,9999
2657,городской округ Раменский,городской округ,46-768-000-000,1500,50,Московская область,2020,9999
2659,городской округ Волоколамский,городской округ,46-708-000-000,1489,50,Московская область,2020,9999
2660,городской округ Лотошино,городской округ,46-752-000-000,1494,50,Московская область,2020,9999
2661,муниципальный округ Весьегонский,муниципальный округ,28-510-000-000,2114,69,Тверская область,2020,9999
2662,муниципальный округ Андреапольский,муниципальный округ,28-502-000-000,2110,69,Тверская область,2020,9999
2663,городской округ Красновишерский,городской округ,57-760-000-000,747,59,Пермский край,2020,9999
2664,городской округ Верещагинский,городской округ,57-712-000-000,738,59,Пермский край,2020,9999
2665,городской округ Осинский,городской округ,57-728-000-000,754,59,Пермский край,2020,9999
2666,городской округ Чернушинский,городской округ,57-757-000-000,766,59,Пермский край,2020,9999
2667,городской округ Суксунский,городской округ,57-731-000-000,760,59,Пермский край,2020,9999
2668,городской округ Добрянский,городской округ,57-718-000-000,741,59,Пермский край,2020,9999
2669,городской округ Ильинский,городской округ,57-759-000-000,743,59,Пермский край,2020,9999
2670,городской округ Октябрьский,городской округ,57-761-000-000,752,59,Пермский край,2020,9999
2671,городской округ Очерский,городской округ,57-762-000-000,756,59,Пермский край,2020,9999
2672,городской округ Чердынский,городской округ,57-756-000-000,765,59,Пермский край,2020,9999
2673,городской округ Чусовской,городской округ,57-758-000-000,767,59,Пермский край,2020,9999
2674,городской округ Нытвенский,городской округ,57-727-000-000,751,59,Пермский край,2020,9999
2675,муниципальный округ Александровский,муниципальный округ,57-502-000-000,734,59,Пермский край,2020,9999
2676,муниципальный округ Березовский,муниципальный округ,57-506-000-000,736,59,Пермский край,2020,9999
2677,муниципальный округ Ординский,муниципальный округ,57-538-000-000,753,59,Пермский край,2020,9999
2678,муниципальный округ Гайнский,муниципальный округ,57-513-000-000,769,59,Пермский край,2020,9999
2679,муниципальный округ Кочевский,муниципальный округ,57-526-000-000,771,59,Пермский край,2020,9999
2682,муниципальный округ Юрлинский,муниципальный округ,57-559-000-000,773,59,Пермский край,2020,9999
2683,муниципальный округ Юсьвинский,муниципальный округ,57-560-000-000,774,59,Пермский край,2020,9999
2684,муниципальный округ Уинский,муниципальный округ,57-552-000-000,761,59,Пермский край,2020,9999
2685,муниципальный округ Косинский,муниципальный округ,57-525-000-000,770,59,Пермский край,2020,9999
2688,городской округ Воротынский,городской округ,22-719-000-000,1550,52,Нижегородская область,2020,9999
2689,городской округ Голышмановский,городской округ,71-702-000-000,2201,72,Тюменская область,2020,9999
2690,Пировский муниципальный округ,муниципальный округ,04-545-000-000,713,24,Красноярский край,2020,9999
2691,Шарыповский муниципальный округ,муниципальный округ,04-558-000-000,724,24,Красноярский край,2020,9999
2692,Ижморский муниципальный округ,муниципальный округ,32-504-000-000,1242,42,Кемеровская область,2020,9999
2693,Кемеровский муниципальный округ,муниципальный округ,32-507-000-000,1243,42,Кемеровская область,2020,9999
2694,Крапивинский муниципальный округ,муниципальный округ,32-510-000-000,1244,42,Кемеровская область,2020,9999
2695,Ленинск-Кузнецкий муниципальный округ,муниципальный округ,32-513-000-000,1245,42,Кемеровская область,2020,9999
2697,Промышленновский муниципальный округ,муниципальный округ,32-525-000-000,1249,42,Кемеровская область,2020,9999
2698,Топкинский муниципальный округ,муниципальный округ,32-531-000-000,1252,42,Кемеровская область,2020,9999
2699,Тяжинский муниципальный округ,муниципальный округ,32-534-000-000,1253,42,Кемеровская область,2020,9999
2700,Чебулинский муниципальный округ,муниципальный округ,32-537-000-000,1254,42,Кемеровская область,2020,9999
2701,Юргинский муниципальный округ,муниципальный округ,32-540-000-000,1255,42,Кемеровская область,2020,9999
2702,Яйский муниципальный округ,муниципальный округ,32-543-000-000,1256,42,Кемеровская область,2020,9999
2703,Яшкинский муниципальный округ,муниципальный округ,32-546-000-000,1257,42,Кемеровская область,2020,9999
2704,Гурьевский муниципальный округ,муниципальный округ,32-502-000-000,1241,42,Кемеровская область,2020,9999
2705,Анучинский муниципальный округ,муниципальный округ,05-502-000-000,787,25,Приморский край,2020,9999
2706,Пограничный муниципальный округ,муниципальный округ,05-532-000-000,798,25,Приморский край,2020,9999
2707,Чугуевский муниципальный округ,муниципальный округ,05-555-000-000,806,25,Приморский край,2020,9999
2708,Серноводский муниципальный район,муниципальный район,96-631-000-000,473,20,Чеченская Республика,2020,9999
2709,муниципальный округ Оленинский,муниципальный округ,28-544-000-000,2132,69,Тверская область,2020,9999
2710,городской округ Щёлково,городской округ,46-788-000-000,2649,50,Московская область,2020,9999
2711,городской округ Вышневолоцкий,городской округ,28-714-000-000,2710,69,Тверская область,2020,9999
2712,внутригородская территория города федерального значения муниципальный округ Ланское,внутригородская территория города федерального значения,40-323-000-000,2373,78,Санкт-Петербург,2020,9999
2713,городской округ поселок Михайловский,городской округ,63-760-000-000,1913,64,Саратовская область,2020,9999
2714,городской округ город Шиханы,городской округ,63-746-000-000,1912,64,Саратовская область,2020,9999
2715,муниципальный округ Стародубский,муниципальный округ,15-501-000-000,2714,32,Брянская область,2021,9999
2716,муниципальный округ Жуковский,муниципальный округ,15-502-000-000,966,32,Брянская область,2021,9999
2717,городской округ Ленинский,городской округ,46-707-000-000,1493,50,Московская область,2021,9999
2718,муниципальный округ Лесной,муниципальный округ,28-536-000-000,2127,69,Тверская область,2021,9999
2719,муниципальный округ Западнодвинский,муниципальный округ,28-516-000-000,2117,69,Тверская область,2021,9999
2720,муниципальный округ Пеновский,муниципальный округ,28-546-000-000,2133,69,Тверская область,2021,9999
2721,муниципальный округ Сандовский,муниципальный округ,28-549-000-000,2136,69,Тверская область,2021,9999
2722,муниципальный округ Краснохолмский,муниципальный округ,28-532-000-000,2125,69,Тверская область,2021,9999
2723,муниципальный округ Селижаровский,муниципальный округ,28-550-000-000,2137,69,Тверская область,2021,9999
2724,муниципальный округ Вилегодский,муниципальный округ,11-511-000-000,899,29,Архангельская область,2021,9999
2725,муниципальный округ Каргопольский,муниципальный округ,11-518-000-000,901,29,Архангельская область,2021,9999
2726,муниципальный округ Багратионовский,муниципальный округ,27-503-000-000,1183,39,Калининградская область,2021,9999
2727,муниципальный округ Гвардейский,муниципальный округ,27-506-000-000,1185,39,Калининградская область,2021,9999
2728,муниципальный округ Гурьевский,муниципальный округ,27-507-000-000,1186,39,Калининградская область,2021,9999
2729,муниципальный округ Зеленоградский,муниципальный округ,27-510-000-000,1188,39,Калининградская область,2021,9999
2730,муниципальный округ Краснознаменский,муниципальный округ,27-513-000-000,1189,39,Калининградская область,2021,9999
2731,муниципальный округ Неманский,муниципальный округ,27-514-000-000,1191,39,Калининградская область,2021,9999
2732,муниципальный округ Нестеровский,муниципальный округ,27-515-000-000,1192,39,Калининградская область,2021,9999
2733,муниципальный округ Озерский,муниципальный округ,27-516-000-000,1193,39,Калининградская область,2021,9999
2734,муниципальный округ Полесский,муниципальный округ,27-518-000-000,1194,39,Калининградская область,2021,9999
2735,муниципальный округ Правдинский,муниципальный округ,27-519-000-000,1195,39,Калининградская область,2021,9999
2736,муниципальный округ Славский,муниципальный округ,27-527-000-000,1196,39,Калининградская область,2021,9999
2737,муниципальный округ Черняховский,муниципальный округ,27-539-000-000,1197,39,Калининградская область,2021,9999
2738,Печенгский муниципальный округ,муниципальный округ,47-515-000-000,1521,51,Мурманская область,2021,9999
2739,Ковдорский муниципальный округ,муниципальный округ,47-517-000-000,1512,51,Мурманская область,2021,9999
2740,муниципальный округ город Апатиты,муниципальный округ,47-519-000-000,1507,51,Мурманская область,2021,9999
2741,муниципальный округ город Кировск,муниципальный округ,47-522-000-000,1508,51,Мурманская область,2021,9999
2742,муниципальный округ город Мончегорск,муниципальный округ,47-524-000-000,1509,51,Мурманская область,2021,9999
2743,муниципальный округ город Оленегорск,муниципальный округ,47-526-000-000,1510,51,Мурманская область,2021,9999
2744,муниципальный округ город Полярные Зори,муниципальный округ,47-528-000-000,1511,51,Мурманская область,2021,9999
2745,муниципальный округ Хвойнинский,муниципальный округ,49-545-000-000,1593,53,Новгородская область,2021,9999
2746,муниципальный округ Марёвский,муниципальный округ,49-523-000-000,1584,53,Новгородская область,2021,9999
2747,муниципальный округ Волотовский,муниципальный округ,49-510-000-000,1579,53,Новгородская область,2021,9999
2748,муниципальный округ Солецкий,муниципальный округ,49-538-000-000,1591,53,Новгородская область,2021,9999
2749,городской округ Сириус,городской округ,03-731-000-000,2748,23,Краснодарский край,2021,9999
2750,Александровский муниципальный округ,муниципальный округ,07-502-000-000,826,26,Ставропольский край,2021,9999
2751,Андроповский муниципальный округ,муниципальный округ,07-503-000-000,827,26,Ставропольский край,2021,9999
2752,Апанасенковский муниципальный округ,муниципальный округ,07-505-000-000,828,26,Ставропольский край,2021,9999
2753,Арзгирский муниципальный округ,муниципальный округ,07-507-000-000,829,26,Ставропольский край,2021,9999
2754,Будённовский муниципальный округ,муниципальный округ,07-512-000-000,830,26,Ставропольский край,2021,9999
2755,Грачёвский муниципальный округ,муниципальный округ,07-517-000-000,831,26,Ставропольский край,2021,9999
2756,Кочубеевский муниципальный округ,муниципальный округ,07-528-000-000,832,26,Ставропольский край,2021,9999
2757,Курский муниципальный округ,муниципальный округ,07-533-000-000,834,26,Ставропольский край,2021,9999
2758,Левокумский муниципальный округ,муниципальный округ,07-536-000-000,835,26,Ставропольский край,2021,9999
2759,Новоселицкий муниципальный округ,муниципальный округ,07-544-000-000,836,26,Ставропольский край,2021,9999
2761,Степновский муниципальный округ,муниципальный округ,07-552-000-000,838,26,Ставропольский край,2021,9999
2762,Труновский муниципальный округ,муниципальный округ,07-554-000-000,839,26,Ставропольский край,2021,9999
2763,Туркменский муниципальный округ,муниципальный округ,07-556-000-000,840,26,Ставропольский край,2021,9999
2764,Шпаковский муниципальный округ,муниципальный округ,07-558-000-000,841,26,Ставропольский край,2021,9999
2765,муниципальный округ Бардымский,муниципальный округ,57-503-000-000,735,59,Пермский край,2021,9999
2766,муниципальный округ Еловский,муниципальный округ,57-518-000-000,742,59,Пермский край,2021,9999
2767,муниципальный округ Кишертский,муниципальный округ,57-524-000-000,746,59,Пермский край,2021,9999
2768,муниципальный округ Частинский,муниципальный округ,57-555-000-000,764,59,Пермский край,2021,9999
2769,муниципальный округ Куединский,муниципальный округ,57-529-000-000,749,59,Пермский край,2021,9999
2770,муниципальный округ Сивинский,муниципальный округ,57-548-000-000,758,59,Пермский край,2021,9999
2771,муниципальный округ Карагайский,муниципальный округ,57-522-000-000,744,59,Пермский край,2021,9999
2772,муниципальный округ Арбажский,муниципальный округ,33-502-000-000,1264,43,Кировская область,2021,9999
2773,муниципальный округ Кикнурский,муниципальный округ,33-516-000-000,1273,43,Кировская область,2021,9999
2774,муниципальный округ Свечинский,муниципальный округ,33-534-000-000,1292,43,Кировская область,2021,9999
2775,муниципальный округ Фаленский,муниципальный округ,33-543-000-000,1299,43,Кировская область,2021,9999
2776,муниципальный округ Богородский,муниципальный округ,33-506-000-000,1267,43,Кировская область,2021,9999
2777,муниципальный округ Санчурский,муниципальный округ,33-533-000-000,1291,43,Кировская область,2021,9999
2778,Уренский муниципальный округ,муниципальный округ,22-554-000-000,1572,52,Нижегородская область,2021,9999
2779,Балахнинский муниципальный округ,муниципальный округ,22-505-000-000,1539,52,Нижегородская область,2021,9999
2780,Богородский муниципальный округ,муниципальный округ,22-507-000-000,1540,52,Нижегородская область,2021,9999
2781,Бутурлинский муниципальный округ,муниципальный округ,22-512-000-000,1543,52,Нижегородская область,2021,9999
2782,Вадский муниципальный округ,муниципальный округ,22-514-000-000,1544,52,Нижегородская область,2021,9999
2783,Ковернинский муниципальный округ,муниципальный округ,22-534-000-000,1557,52,Нижегородская область,2021,9999
2784,Лысковский муниципальный округ,муниципальный округ,22-540-000-000,1562,52,Нижегородская область,2021,9999
2785,Павловский муниципальный округ,муниципальный округ,22-542-000-000,1563,52,Нижегородская область,2021,9999
2786,Починковский муниципальный округ,муниципальный округ,22-546-000-000,1565,52,Нижегородская область,2021,9999
2787,Тоншаевский муниципальный округ,муниципальный округ,22-553-000-000,1571,52,Нижегородская область,2021,9999
2788,муниципальный округ Шумихинский,муниципальный округ,37-542-000-000,1356,45,Курганская область,2021,9999
2789,муниципальный округ Макушинский,муниципальный округ,37-520-000-000,1345,45,Курганская область,2021,9999
2790,муниципальный округ Надымский район,муниципальный округ,71-936-000-000,2245,89,Ямало-Ненецкий автономный округ,2021,9999
2792,муниципальный округ Тазовский район,муниципальный округ,71-943-000-000,2248,89,Ямало-Ненецкий автономный округ,2021,9999
2793,Тюхтетский муниципальный округ,муниципальный округ,04-555-000-000,721,24,Красноярский край,2021,9999
2794,Тисульский муниципальный округ,муниципальный округ,32-528-000-000,1251,42,Кемеровская область,2021,9999
2795,Приаргунский муниципальный округ,муниципальный округ,76-538-000-000,594,75,Забайкальский край,2021,9999
2796,Каларский муниципальный округ,муниципальный округ,76-515-000-000,582,75,Забайкальский край,2021,9999
2797,Алеутский муниципальный округ,муниципальный округ,30-501-000-000,610,41,Камчатский край,2021,9999
2798,Хорольский муниципальный округ,муниципальный округ,05-550-000-000,804,25,Приморский край,2021,9999
2799,Октябрьский муниципальный округ,муниципальный округ,05-526-000-000,795,25,Приморский край,2021,9999
2800,Лазовский муниципальный округ,муниципальный округ,05-517-000-000,792,25,Приморский край,2021,9999
2801,Ханкайский муниципальный округ,муниципальный округ,05-546-000-000,802,25,Приморский край,2021,9999
2802,Тернейский муниципальный округ,муниципальный округ,05-540-000-000,801,25,Приморский край,2021,9999
2803,Белогорский муниципальный округ,муниципальный округ,10-508-000-000,871,28,Амурская область,2021,9999
2804,Завитинский муниципальный округ,муниципальный округ,10-521-000-000,874,28,Амурская область,2021,9999
2805,Бурейский муниципальный округ,муниципальный округ,10-515-000-000,873,28,Амурская область,2021,9999
2806,Ивановский муниципальный округ,муниципальный округ,10-528-000-000,876,28,Амурская область,2021,9999
2807,Ромненский муниципальный округ,муниципальный округ,10-540-000-000,882,28,Амурская область,2021,9999
2808,Тындинский муниципальный округ,муниципальный округ,10-554-000-000,888,28,Амурская область,2021,9999
2809,городской округ Коломна,городской округ,46-738-000-000,2808,50,Московская область,2021,9999
2810,муниципальный округ Кунгурский,муниципальный округ,57-530-000-000,2809,59,Пермский край,2021,9999
2811,Красногвардейский муниципальный округ,муниципальный округ,07-530-000-000,833,26,Ставропольский край,2021,9999
2812,Дивеевский муниципальный округ,муниципальный округ,22-532-000-000,1555,52,Нижегородская область,2021,9999
2813,городской округ город-курорт Сочи,городской округ,03-726-000-000,2812,23,Краснодарский край,2021,9999
2814,городской округ Шатура,городской округ,46-786-000-000,2813,50,Московская область,2021,9999
2815,городской округ Пушкинский,городской округ,46-758-000-000,2814,50,Московская область,2021,9999
2816,Нейский муниципальный округ,муниципальный округ,34-524-000-000,1320,44,Костромская область,2022,9999
2817,Парфеньевский муниципальный округ,муниципальный округ,34-534-000-000,1325,44,Костромская область,2022,9999
2818,Межевской муниципальный округ,муниципальный округ,34-522-000-000,1319,44,Костромская область,2022,9999
2819,Кологривский муниципальный округ,муниципальный округ,34-512-000-000,1314,44,Костромская область,2022,9999
2820,муниципальный округ Орловский,муниципальный округ,54-501-000-000,1726,57,Орловская область,2022,9999
2821,муниципальный округ Лихославльский,муниципальный округ,28-538-000-000,2128,69,Тверская область,2022,9999
2822,муниципальный округ Рамешковский,муниципальный округ,28-547-000-000,2134,69,Тверская область,2022,9999
2823,муниципальный округ Спировский,муниципальный округ,28-552-000-000,2139,69,Тверская область,2022,9999
2824,муниципальный округ Молоковский,муниципальный округ,28-542-000-000,2130,69,Тверская область,2022,9999
2825,Плесецкий муниципальный округ,муниципальный округ,11-550-000-000,911,29,Архангельская область,2022,9999
2826,Верхнетоемский муниципальный округ,муниципальный округ,11-508-000-000,898,29,Архангельская область,2022,9999
2827,Виноградовский муниципальный округ,муниципальный округ,11-514-000-000,900,29,Архангельская область,2022,9999
2828,муниципальный округ Алнашский район,муниципальный округ,94-502-000-000,423,18,Удмуртская Республика,2022,9999
2829,муниципальный округ Балезинский район,муниципальный округ,94-504-000-000,424,18,Удмуртская Республика,2022,9999
2830,муниципальный округ Вавожский район,муниципальный округ,94-506-000-000,425,18,Удмуртская Республика,2022,9999
2831,муниципальный округ Воткинский район,муниципальный округ,94-508-000-000,426,18,Удмуртская Республика,2022,9999
2832,муниципальный округ Глазовский район,муниципальный округ,94-510-000-000,427,18,Удмуртская Республика,2022,9999
2833,муниципальный округ Граховский район,муниципальный округ,94-512-000-000,428,18,Удмуртская Республика,2022,9999
2834,муниципальный округ Дебёсский район,муниципальный округ,94-514-000-000,429,18,Удмуртская Республика,2022,9999
2835,муниципальный округ Завьяловский район,муниципальный округ,94-516-000-000,430,18,Удмуртская Республика,2022,9999
2836,муниципальный округ Игринский район,муниципальный округ,94-518-000-000,431,18,Удмуртская Республика,2022,9999
2837,муниципальный округ Камбарский район,муниципальный округ,94-520-000-000,432,18,Удмуртская Республика,2022,9999
2838,муниципальный округ Каракулинский район,муниципальный округ,94-522-000-000,433,18,Удмуртская Республика,2022,9999
2839,муниципальный округ Кезский район,муниципальный округ,94-524-000-000,434,18,Удмуртская Республика,2022,9999
2840,муниципальный округ Кизнерский район,муниципальный округ,94-526-000-000,435,18,Удмуртская Республика,2022,9999
2841,муниципальный округ Киясовский район,муниципальный округ,94-528-000-000,436,18,Удмуртская Республика,2022,9999
2842,муниципальный округ Красногорский район,муниципальный округ,94-530-000-000,437,18,Удмуртская Республика,2022,9999
2843,муниципальный округ Малопургинский район,муниципальный округ,94-533-000-000,438,18,Удмуртская Республика,2022,9999
2844,муниципальный округ Можгинский район,муниципальный округ,94-535-000-000,439,18,Удмуртская Республика,2022,9999
2845,муниципальный округ Сарапульский район,муниципальный округ,94-537-000-000,440,18,Удмуртская Республика,2022,9999
2846,муниципальный округ Селтинский район,муниципальный округ,94-539-000-000,441,18,Удмуртская Республика,2022,9999
2847,муниципальный округ Сюмсинский район,муниципальный округ,94-541-000-000,442,18,Удмуртская Республика,2022,9999
2848,муниципальный округ Увинский район,муниципальный округ,94-544-000-000,443,18,Удмуртская Республика,2022,9999
2849,муниципальный округ Шарканский район,муниципальный округ,94-546-000-000,444,18,Удмуртская Республика,2022,9999
2850,муниципальный округ Юкаменский район,муниципальный округ,94-548-000-000,445,18,Удмуртская Республика,2022,9999
2851,муниципальный округ Якшур-Бодьинский район,муниципальный округ,94-550-000-000,446,18,Удмуртская Республика,2022,9999
2852,муниципальный округ Ярский район,муниципальный округ,94-552-000-000,447,18,Удмуртская Республика,2022,9999
2853,Красноармейский муниципальный округ,муниципальный округ,97-524-000-000,491,21,Чувашская Республика,2022,9999
2854,Шумерлинский муниципальный округ,муниципальный округ,97-550-000-000,500,21,Чувашская Республика,2022,9999
2855,муниципальный округ Большесосновский,муниципальный округ,57-508-000-000,737,59,Пермский край,2022,9999
2856,муниципальный округ Верхнекамский,муниципальный округ,33-507-000-000,1268,43,Кировская область,2022,9999
2857,муниципальный округ Лебяжский,муниципальный округ,33-521-000-000,1278,43,Кировская область,2022,9999
2858,муниципальный округ Лузский,муниципальный округ,33-522-000-000,1279,43,Кировская область,2022,9999
2859,муниципальный округ Мурашинский,муниципальный округ,33-524-000-000,1281,43,Кировская область,2022,9999
2860,муниципальный округ Немский,муниципальный округ,33-526-000-000,1283,43,Кировская область,2022,9999
2861,муниципальный округ Опаринский,муниципальный округ,33-529-000-000,1286,43,Кировская область,2022,9999
2862,муниципальный округ Пижанский,муниципальный округ,33-531-000-000,1289,43,Кировская область,2022,9999
2863,муниципальный округ Унинский,муниципальный округ,33-540-000-000,1297,43,Кировская область,2022,9999
2864,Кстовский муниципальный округ,муниципальный округ,22-537-000-000,1560,52,Нижегородская область,2022,9999
2865,Лебяжьевский муниципальный округ,муниципальный округ,37-518-000-000,1344,45,Курганская область,2022,9999
2866,Куртамышский муниципальный округ,муниципальный округ,37-516-000-000,1343,45,Курганская область,2022,9999
2867,Шатровский муниципальный округ,муниципальный округ,37-540-000-000,1355,45,Курганская область,2022,9999
2868,Петуховский муниципальный округ,муниципальный округ,37-526-000-000,1348,45,Курганская область,2022,9999
2869,Альменевский муниципальный округ,муниципальный округ,37-502-000-000,1335,45,Курганская область,2022,9999
2870,Целинный муниципальный округ,муниципальный округ,37-534-000-000,1352,45,Курганская область,2022,9999
2871,муниципальный округ Красноселькупский район,муниципальный округ,71-933-000-000,2244,89,Ямало-Ненецкий автономный округ,2022,9999
2872,муниципальный округ Ямальский район,муниципальный округ,71-948-000-000,2250,89,Ямало-Ненецкий автономный округ,2022,9999
2873,муниципальный округ Приуральский район,муниципальный округ,71-938-000-000,2872,89,Ямало-Ненецкий автономный округ,2022,9999
2874,Залесовский муниципальный округ,муниципальный округ,01-512-000-000,525,22,Алтайский край,2022,9999
2875,Беловский муниципальный округ,муниципальный округ,32-501-000-000,1240,42,Кемеровская область,2022,9999
2876,Мариинский муниципальный округ,муниципальный округ,32-516-000-000,1246,42,Кемеровская область,2022,9999
2877,городской округ город-курорт Кисловодск,городской округ,07-715-000-000,2876,26,Ставропольский край,2022,9999
2880,городской округ город Губкинский,городской округ,71-952-000-000,2879,89,Ямало-Ненецкий автономный округ,2022,9999
2881,городской округ город Лабытнанги,городской округ,71-953-000-000,2880,89,Ямало-Ненецкий автономный округ,2022,9999
2882,Предгорный муниципальный округ,муниципальный округ,07-548-000-000,2881,26,Ставропольский край,2022,9999
2883,муниципальный округ Пуровский район,муниципальный округ,71-940-000-000,2882,89,Ямало-Ненецкий автономный округ,2022,9999
2884,муниципальный округ Кимрский,муниципальный округ,28-528-000-000,2883,69,Тверская область,2023,9999
2885,муниципальный округ Ржевский,муниципальный округ,28-548-000-000,2884,69,Тверская область,2023,9999
2886,муниципальный округ Кудымкарский,муниципальный округ,57-528-000-000,2885,59,Пермский край,2023,9999
2887,муниципальный округ Губахинский,муниципальный округ,57-516-000-000,2886,59,Пермский край,2023,9999
2888,городской округ город Саратов,городской округ,63-701-000-000,2887,64,Саратовская область,2023,9999
2889,Поназыревский муниципальный округ,муниципальный округ,34-536-000-000,1326,44,Костромская область,2023,9999
2890,Пыщугский муниципальный округ,муниципальный округ,34-538-000-000,1327,44,Костромская область,2023,9999
2891,муниципальный округ Бельский,муниципальный округ,28-506-000-000,2112,69,Тверская область,2023,9999
2892,муниципальный округ Зубцовский,муниципальный округ,28-518-000-000,2118,69,Тверская область,2023,9999
2893,муниципальный округ Кесовогорский,муниципальный округ,28-526-000-000,2122,69,Тверская область,2023,9999
2894,муниципальный округ Максатихинский,муниципальный округ,28-540-000-000,2129,69,Тверская область,2023,9999
2895,муниципальный округ Сонковский,муниципальный округ,28-551-000-000,2138,69,Тверская область,2023,9999
2896,муниципальный округ Старицкий,муниципальный округ,28-553-000-000,2140,69,Тверская область,2023,9999
2897,муниципальный округ Жарковский,муниципальный округ,28-514-000-000,2116,69,Тверская область,2023,9999
2898,Суоярвский муниципальный округ,муниципальный округ,86-550-000-000,223,10,Республика Карелия,2023,9999
2899,Мезенский муниципальный округ,муниципальный округ,11-542-000-000,907,29,Архангельская область,2023,9999
2900,Шенкурский муниципальный округ,муниципальный округ,11-558-000-000,915,29,Архангельская область,2023,9999
2901,Лешуконский муниципальный округ,муниципальный округ,11-538-000-000,906,29,Архангельская область,2023,9999
2902,Котласский муниципальный округ,муниципальный округ,11-527-000-000,903,29,Архангельская область,2023,9999
2903,Холмогорский муниципальный округ,муниципальный округ,11-556-000-000,914,29,Архангельская область,2023,9999
2904,Няндомский муниципальный округ,муниципальный округ,11-544-000-000,908,29,Архангельская область,2023,9999
2905,Устьянский муниципальный округ,муниципальный округ,11-554-000-000,913,29,Архангельская область,2023,9999
2906,Бабаевский муниципальный округ,муниципальный округ,19-505-000-000,1047,35,Вологодская область,2023,9999
2907,Бабушкинский муниципальный округ,муниципальный округ,19-508-000-000,1048,35,Вологодская область,2023,9999
2908,Белозерский муниципальный округ,муниципальный округ,19-510-000-000,1049,35,Вологодская область,2023,9999
2909,Великоустюгский муниципальный округ,муниципальный округ,19-514-000-000,1051,35,Вологодская область,2023,9999
2910,Верховажский муниципальный округ,муниципальный округ,19-516-000-000,1052,35,Вологодская область,2023,9999
2911,Вожегодский муниципальный округ,муниципальный округ,19-518-000-000,1053,35,Вологодская область,2023,9999
2912,Вологодский муниципальный округ,муниципальный округ,19-520-000-000,1054,35,Вологодская область,2023,9999
2913,Грязовецкий муниципальный округ,муниципальный округ,19-524-000-000,1056,35,Вологодская область,2023,9999
2914,Кадуйский муниципальный округ,муниципальный округ,19-526-000-000,1057,35,Вологодская область,2023,9999
2915,Кичменгско-Городецкий муниципальный округ,муниципальный округ,19-530-000-000,1059,35,Вологодская область,2023,9999
2916,Междуреченский муниципальный округ,муниципальный округ,19-532-000-000,1060,35,Вологодская область,2023,9999
2917,Нюксенский муниципальный округ,муниципальный округ,19-536-000-000,1062,35,Вологодская область,2023,9999
2918,Сокольский муниципальный округ,муниципальный округ,19-538-000-000,1063,35,Вологодская область,2023,9999
2919,Сямженский муниципальный округ,муниципальный округ,19-540-000-000,1064,35,Вологодская область,2023,9999
2920,Тарногский муниципальный округ,муниципальный округ,19-542-000-000,1065,35,Вологодская область,2023,9999
2921,Тотемский муниципальный округ,муниципальный округ,19-546-000-000,1066,35,Вологодская область,2023,9999
2922,Усть-Кубинский муниципальный округ,муниципальный округ,19-548-000-000,1067,35,Вологодская область,2023,9999
2923,Устюженский муниципальный округ,муниципальный округ,19-550-000-000,1068,35,Вологодская область,2023,9999
2924,Харовский муниципальный округ,муниципальный округ,19-552-000-000,1069,35,Вологодская область,2023,9999
2925,Алатырский муниципальный округ,муниципальный округ,97-503-000-000,483,21,Чувашская Республика,2023,9999
2926,Аликовский муниципальный округ,муниципальный округ,97-505-000-000,484,21,Чувашская Республика,2023,9999
2927,Батыревский муниципальный округ,муниципальный округ,97-507-000-000,485,21,Чувашская Республика,2023,9999
2928,Вурнарский муниципальный округ,муниципальный округ,97-510-000-000,486,21,Чувашская Республика,2023,9999
2929,Ибресинский муниципальный округ,муниципальный округ,97-513-000-000,487,21,Чувашская Республика,2023,9999
2930,Канашский муниципальный округ,муниципальный округ,97-516-000-000,488,21,Чувашская Республика,2023,9999
2931,Козловский муниципальный округ,муниципальный округ,97-519-000-000,489,21,Чувашская Республика,2023,9999
2932,Комсомольский муниципальный округ,муниципальный округ,97-521-000-000,490,21,Чувашская Республика,2023,9999
2933,Красночетайский муниципальный округ,муниципальный округ,97-526-000-000,492,21,Чувашская Республика,2023,9999
2934,Мариинско-Посадский муниципальный округ,муниципальный округ,97-529-000-000,493,21,Чувашская Республика,2023,9999
2935,Моргаушский муниципальный округ,муниципальный округ,97-532-000-000,494,21,Чувашская Республика,2023,9999
2936,Порецкий муниципальный округ,муниципальный округ,97-535-000-000,495,21,Чувашская Республика,2023,9999
2937,Урмарский муниципальный округ,муниципальный округ,97-538-000-000,496,21,Чувашская Республика,2023,9999
2938,Цивильский муниципальный округ,муниципальный округ,97-541-000-000,497,21,Чувашская Республика,2023,9999
2939,Чебоксарский муниципальный округ,муниципальный округ,97-544-000-000,498,21,Чувашская Республика,2023,9999
2940,Шемуршинский муниципальный округ,муниципальный округ,97-547-000-000,499,21,Чувашская Республика,2023,9999
2941,Ядринский муниципальный округ,муниципальный округ,97-553-000-000,501,21,Чувашская Республика,2023,9999
2942,Яльчикский муниципальный округ,муниципальный округ,97-555-000-000,502,21,Чувашская Республика,2023,9999
2943,Янтиковский муниципальный округ,муниципальный округ,97-558-000-000,503,21,Чувашская Республика,2023,9999
2944,муниципальный округ Пермский,муниципальный округ,57-546-000-000,757,59,Пермский край,2023,9999
2945,муниципальный округ Афанасьевский,муниципальный округ,33-503-000-000,1265,43,Кировская область,2023,9999
2946,Большемурашкинский муниципальный округ,муниципальный округ,22-510-000-000,1542,52,Нижегородская область,2023,9999
2947,Княгининский муниципальный округ,муниципальный округ,22-533-000-000,1556,52,Нижегородская область,2023,9999
2948,Шатковский муниципальный округ,муниципальный округ,22-557-000-000,1574,52,Нижегородская область,2023,9999
2949,Гагинский муниципальный округ,муниципальный округ,22-526-000-000,1552,52,Нижегородская область,2023,9999
2950,Сеченовский муниципальный округ,муниципальный округ,22-549-000-000,1567,52,Нижегородская область,2023,9999
2951,Тонкинский муниципальный округ,муниципальный округ,22-552-000-000,1570,52,Нижегородская область,2023,9999
2952,Спасский муниципальный округ,муниципальный округ,22-551-000-000,1569,52,Нижегородская область,2023,9999
2953,Сосновский муниципальный округ,муниципальный округ,22-550-000-000,1568,52,Нижегородская область,2023,9999
2954,Шарангский муниципальный округ,муниципальный округ,22-556-000-000,1573,52,Нижегородская область,2023,9999
2955,Ветлужский муниципальный округ,муниципальный округ,22-518-000-000,1547,52,Нижегородская область,2023,9999
2956,Краснобаковский муниципальный округ,муниципальный округ,22-535-000-000,1558,52,Нижегородская область,2023,9999
2957,Ардатовский муниципальный округ,муниципальный округ,22-502-000-000,1537,52,Нижегородская область,2023,9999
2958,Вознесенский муниципальный округ,муниципальный округ,22-519-000-000,1548,52,Нижегородская область,2023,9999
2959,Воскресенский муниципальный округ,муниципальный округ,22-522-000-000,1551,52,Нижегородская область,2023,9999
2960,Варнавинский муниципальный округ,муниципальный округ,22-515-000-000,1545,52,Нижегородская область,2023,9999
2961,Дальнеконстантиновский муниципальный округ,муниципальный округ,22-530-000-000,1554,52,Нижегородская область,2023,9999
2962,Городецкий муниципальный округ,муниципальный округ,22-528-000-000,1553,52,Нижегородская область,2023,9999
2963,Краснооктябрьский муниципальный округ,муниципальный округ,22-536-000-000,1559,52,Нижегородская область,2023,9999
2964,Пильнинский муниципальный округ,муниципальный округ,22-545-000-000,1564,52,Нижегородская область,2023,9999
2965,Вачский муниципальный округ,муниципальный округ,22-517-000-000,1546,52,Нижегородская область,2023,9999
2966,Лукояновский муниципальный округ,муниципальный округ,22-539-000-000,1561,52,Нижегородская область,2023,9999
2967,Большеболдинский муниципальный округ,муниципальный округ,22-509-000-000,1541,52,Нижегородская область,2023,9999
2968,Володарский муниципальный округ,муниципальный округ,22-520-000-000,1549,52,Нижегородская область,2023,9999
2969,Сергачский муниципальный округ,муниципальный округ,22-548-000-000,1566,52,Нижегородская область,2023,9999
2970,Белозерский муниципальный округ,муниципальный округ,37-504-000-000,1336,45,Курганская область,2023,9999
2971,Звериноголовский муниципальный округ,муниципальный округ,37-509-000-000,1339,45,Курганская область,2023,9999
2972,Каргапольский муниципальный округ,муниципальный округ,37-510-000-000,1340,45,Курганская область,2023,9999
2973,Кетовский муниципальный округ,муниципальный округ,37-514-000-000,1342,45,Курганская область,2023,9999
2974,Мишкинский муниципальный округ,муниципальный округ,37-522-000-000,1346,45,Курганская область,2023,9999
2975,Половинский муниципальный округ,муниципальный округ,37-528-000-000,1349,45,Курганская область,2023,9999
2976,Сафакулевский муниципальный округ,муниципальный округ,37-532-000-000,1351,45,Курганская область,2023,9999
2977,Частоозерский муниципальный округ,муниципальный округ,37-536-000-000,1353,45,Курганская область,2023,9999
2978,Шадринский муниципальный округ,муниципальный округ,37-538-000-000,1354,45,Курганская область,2023,9999
2979,Щучанский муниципальный округ,муниципальный округ,37-544-000-000,1357,45,Курганская область,2023,9999
2980,Юргамышский муниципальный округ,муниципальный округ,37-546-000-000,1358,45,Курганская область,2023,9999
2981,Мокроусовский муниципальный округ,муниципальный округ,37-524-000-000,1347,45,Курганская область,2023,9999
2982,муниципальный округ Шурышкарский район,муниципальный округ,71-946-000-000,2249,89,Ямало-Ненецкий автономный округ,2023,9999
2983,Коркинский муниципальный округ,муниципальный округ,75-533-000-000,2303,74,Челябинская область,2023,9999
2984,муниципальный округ Суетский район,муниципальный округ,01-541-000-000,553,22,Алтайский край,2023,9999
2985,муниципальный округ город Славгород,муниципальный округ,01-539-000-000,511,22,Алтайский край,2023,9999
2986,муниципальный округ Чарышский район,муниципальный округ,01-558-000-000,570,22,Алтайский край,2023,9999
2987,Новокузнецкий муниципальный округ,муниципальный округ,32-519-000-000,1247,42,Кемеровская область,2023,9999
2988,Кавалеровский муниципальный округ,муниципальный округ,05-510-000-000,789,25,Приморский край,2023,9999
2989,Ольгинский муниципальный округ,муниципальный округ,05-528-000-000,796,25,Приморский край,2023,9999
2990,Пожарский муниципальный округ,муниципальный округ,05-534-000-000,799,25,Приморский край,2023,9999
2991,Хасанский муниципальный округ,муниципальный округ,05-548-000-000,803,25,Приморский край,2023,9999
2992,Шимановский муниципальный округ,муниципальный округ,10-555-000-000,889,28,Амурская область,2023,9999
2993,Тамбовский муниципальный округ,муниципальный округ,10-551-000-000,887,28,Амурская область,2023,9999
2994,Сковородинский муниципальный округ,муниципальный округ,10-549-000-000,886,28,Амурская область,2023,9999
2995,Серышевский муниципальный округ,муниципальный округ,10-547-000-000,885,28,Амурская область,2023,9999
2996,Благовещенский муниципальный округ,муниципальный округ,10-511-000-000,872,28,Амурская область,2023,9999
2997,муниципальный округ Ольский,муниципальный округ,44-502-000-000,1431,49,Магаданская область,2023,9999
2998,муниципальный округ Омсукчанский,муниципальный округ,44-504-000-000,1432,49,Магаданская область,2023,9999
2999,муниципальный округ Северо-Эвенский,муниципальный округ,44-507-000-000,1433,49,Магаданская область,2023,9999
3000,муниципальный округ Среднеканский,муниципальный округ,44-510-000-000,1434,49,Магаданская область,2023,9999
3001,муниципальный округ Сусуманский,муниципальный округ,44-513-000-000,1435,49,Магаданская область,2023,9999
3002,муниципальный округ Хасынский,муниципальный округ,44-519-000-000,1437,49,Магаданская область,2023,9999
3003,муниципальный округ Ягоднинский,муниципальный округ,44-522-000-000,1438,49,Магаданская область,2023,9999
3004,муниципальный округ Тенькинский,муниципальный округ,44-516-000-000,1436,49,Магаданская область,2023,9999
3005,Чагодощенский муниципальный округ,муниципальный округ,19-554-000-000,1070,35,Вологодская область,2023,9999
3006,городской округ город Арзамас,городской округ,22-703-000-000,3005,52,Нижегородская область,2023,9999
3007,Архаринский муниципальный округ,муниципальный округ,10-505-000-000,870,28,Амурская область,2023,9999
3008,Прокопьевский муниципальный округ,муниципальный округ,32-522-000-000,3007,42,Кемеровская область,2023,9999
3009,городской округ Химки,городской округ,46-783-000-000,3008,50,Московская область,2023,9999
3010,городской округ город Тамбов,городской округ,68-701-000-000,3009,68,Тамбовская область,2023,9999
3012,городской округ Златоустовский,городской округ,75-712-000-000,3011,74,Челябинская область,2023,9999
3013,Кусинский муниципальный район,муниципальный район,75-638-000-000,3012,74,Челябинская область,2023,9999
3014,городской округ Солнечногорск,городской округ,46-771-000-000,3013,50,Московская область,2023,9999
3015,городской округ Павлово-Посадский,городской округ,46-759-000-000,3014,50,Московская область,2024,9999
3016,Мантуровский муниципальный округ,муниципальный округ,34-520-000-000,2618,44,Костромская область,2024,9999
3017,Островский муниципальный округ,муниципальный округ,34-530-000-000,1323,44,Костромская область,2024,9999
3018,Павинский муниципальный округ,муниципальный округ,34-532-000-000,1324,44,Костромская область,2024,9999
3019,Солигаличский муниципальный округ,муниципальный округ,34-540-000-000,1328,44,Костромская область,2024,9999
3020,Путятинский муниципальный округ,муниципальный округ,61-526-000-000,1860,62,Рязанская область,2024,9999
3021,Ряжский муниципальный округ,муниципальный округ,61-530-000-000,1862,62,Рязанская область,2024,9999
3022,муниципальный округ Калязинский,муниципальный округ,28-522-000-000,2120,69,Тверская область,2024,9999
3023,муниципальный округ Фировский,муниципальный округ,28-557-000-000,2143,69,Тверская область,2024,9999
3024,муниципальный округ Торопецкий,муниципальный округ,28-555-000-000,2142,69,Тверская область,2024,9999
3025,муниципальный округ Бежецкий,муниципальный округ,28-504-000-000,2111,69,Тверская область,2024,9999
3026,муниципальный округ Конаковский,муниципальный округ,28-530-000-000,2124,69,Тверская область,2024,9999
3027,муниципальный округ Кувшиновский,муниципальный округ,28-534-000-000,2126,69,Тверская область,2024,9999
3028,муниципальный округ Бологовский,муниципальный округ,28-508-000-000,2113,69,Тверская область,2024,9999
3029,муниципальный округ Калининский,муниципальный округ,28-520-000-000,2119,69,Тверская область,2024,9999
3030,Питкярантский муниципальный округ,муниципальный округ,86-533-000-000,217,10,Республика Карелия,2024,9999
3031,Беломорский муниципальный округ,муниципальный округ,86-504-000-000,208,10,Республика Карелия,2024,9999
3032,Сегежский муниципальный округ,муниципальный округ,86-545-000-000,221,10,Республика Карелия,2024,9999
3033,Приморский муниципальный округ,муниципальный округ,11-552-000-000,912,29,Архангельская область,2024,9999
3034,Красноборский муниципальный округ,муниципальный округ,11-530-000-000,904,29,Архангельская область,2024,9999
3035,Пинежский муниципальный округ,муниципальный округ,11-548-000-000,910,29,Архангельская область,2024,9999
3036,Вашкинский муниципальный округ,муниципальный округ,19-512-000-000,1050,35,Вологодская область,2024,9999
3037,Кирилловский муниципальный округ,муниципальный округ,19-528-000-000,1058,35,Вологодская область,2024,9999
3038,Никольский муниципальный округ,муниципальный округ,19-534-000-000,1061,35,Вологодская область,2024,9999
3039,муниципальный округ Демянский,муниципальный округ,49-512-000-000,1580,53,Новгородская область,2024,9999
3040,муниципальный округ Пестовский,муниципальный округ,49-532-000-000,1589,53,Новгородская область,2024,9999
3041,муниципальный округ Мошенской,муниципальный округ,49-524-000-000,1585,53,Новгородская область,2024,9999
3042,муниципальный округ Крестецкий,муниципальный округ,49-514-000-000,1581,53,Новгородская область,2024,9999
3043,муниципальный округ Красногородский,муниципальный округ,58-514-000-000,1771,60,Псковская область,2024,9999
3044,муниципальный округ Локнянский,муниципальный округ,58-518-000-000,1773,60,Псковская область,2024,9999
3045,муниципальный округ Невельский,муниципальный округ,58-520-000-000,1774,60,Псковская область,2024,9999
3046,муниципальный округ Новоржевский,муниципальный округ,58-523-000-000,1775,60,Псковская область,2024,9999
3047,муниципальный округ Опочецкий,муниципальный округ,58-529-000-000,1777,60,Псковская область,2024,9999
3048,муниципальный округ Печорский,муниципальный округ,58-540-000-000,1780,60,Псковская область,2024,9999
3049,муниципальный округ Пыталовский,муниципальный округ,58-553-000-000,1786,60,Псковская область,2024,9999
3050,муниципальный округ Струго-Красненский,муниципальный округ,58-556-000-000,1788,60,Псковская область,2024,9999
3051,Благодарненский муниципальный округ,муниципальный округ,07-510-000-000,810,26,Ставропольский край,2024,9999
3052,Георгиевский муниципальный округ,муниципальный округ,07-515-000-000,811,26,Ставропольский край,2024,9999
3053,Изобильненский муниципальный округ,муниципальный округ,07-520-000-000,814,26,Ставропольский край,2024,9999
3054,Ипатовский муниципальный округ,муниципальный округ,07-522-000-000,815,26,Ставропольский край,2024,9999
3055,Кировский муниципальный округ,муниципальный округ,07-525-000-000,817,26,Ставропольский край,2024,9999
3056,Минераловодский муниципальный округ,муниципальный округ,07-539-000-000,819,26,Ставропольский край,2024,9999
3057,Нефтекумский муниципальный округ,муниципальный округ,07-541-000-000,821,26,Ставропольский край,2024,9999
3058,Новоалександровский муниципальный округ,муниципальный округ,07-543-000-000,822,26,Ставропольский край,2024,9999
3059,Петровский муниципальный округ,муниципальный округ,07-546-000-000,823,26,Ставропольский край,2024,9999
3060,Советский муниципальный округ,муниципальный округ,07-550-000-000,825,26,Ставропольский край,2024,9999
3061,Далматовский муниципальный округ,муниципальный округ,37-508-000-000,1338,45,Курганская область,2024,9999
3062,Катайский муниципальный округ,муниципальный округ,37-512-000-000,1341,45,Курганская область,2024,9999
3063,Варгашинский муниципальный округ,муниципальный округ,37-506-000-000,1337,45,Курганская область,2024,9999
3064,Притобольный муниципальный округ,муниципальный округ,37-530-000-000,1350,45,Курганская область,2024,9999
3065,Ононский муниципальный округ,муниципальный округ,76-534-000-000,592,75,Забайкальский край,2024,9999
3066,Газимуро-Заводский муниципальный округ,муниципальный округ,76-510-000-000,580,75,Забайкальский край,2024,9999
3067,Калганский муниципальный округ,муниципальный округ,76-518-000-000,583,75,Забайкальский край,2024,9999
3068,Могочинский муниципальный округ,муниципальный округ,76-526-000-000,588,75,Забайкальский край,2024,9999
3069,Мильковский муниципальный округ,муниципальный округ,30-510-000-000,613,41,Камчатский край,2024,9999
3070,Яковлевский муниципальный округ,муниципальный округ,05-559-000-000,808,25,Приморский край,2024,9999
3071,Партизанский муниципальный округ,муниципальный округ,05-530-000-000,797,25,Приморский край,2024,9999
3072,Черниговский муниципальный округ,муниципальный округ,05-553-000-000,805,25,Приморский край,2024,9999
3073,Шкотовский муниципальный округ,муниципальный округ,05-557-000-000,807,25,Приморский край,2024,9999
3074,Красноармейский муниципальный округ,муниципальный округ,05-514-000-000,791,25,Приморский край,2024,9999
3075,Охотский муниципальный округ,муниципальный округ,08-534-000-000,854,27,Хабаровский край,2024,9999
3076,Зейский муниципальный округ,муниципальный округ,10-525-000-000,875,28,Амурская область,2024,9999
3077,Бондарский муниципальный округ,муниципальный округ,68-502-000-000,2078,68,Тамбовская область,2024,9999
3078,Гавриловский муниципальный округ,муниципальный округ,68-503-000-000,2079,68,Тамбовская область,2024,9999
3079,Жердевский муниципальный округ,муниципальный округ,68-504-000-000,2080,68,Тамбовская область,2024,9999
3080,Знаменский муниципальный округ,муниципальный округ,68-506-000-000,2081,68,Тамбовская область,2024,9999
3081,Инжавинский муниципальный округ,муниципальный округ,68-508-000-000,2082,68,Тамбовская область,2024,9999
3082,Кирсановский муниципальный округ,муниципальный округ,68-510-000-000,2083,68,Тамбовская область,2024,9999
3083,Мичуринский муниципальный округ,муниципальный округ,68-512-000-000,2084,68,Тамбовская область,2024,9999
3084,Мордовский муниципальный округ,муниципальный округ,68-514-000-000,2085,68,Тамбовская область,2024,9999
3085,Моршанский муниципальный округ,муниципальный округ,68-516-000-000,2086,68,Тамбовская область,2024,9999
3086,Мучкапский муниципальный округ,муниципальный округ,68-518-000-000,2087,68,Тамбовская область,2024,9999
3087,Никифоровский муниципальный округ,муниципальный округ,68-520-000-000,2088,68,Тамбовская область,2024,9999
3088,Первомайский муниципальный округ,муниципальный округ,68-522-000-000,2089,68,Тамбовская область,2024,9999
3089,Петровский муниципальный округ,муниципальный округ,68-524-000-000,2090,68,Тамбовская область,2024,9999
3090,Пичаевский муниципальный округ,муниципальный округ,68-526-000-000,2091,68,Тамбовская область,2024,9999
3091,Рассказовский муниципальный округ,муниципальный округ,68-528-000-000,2092,68,Тамбовская область,2024,9999
3092,Ржаксинский муниципальный округ,муниципальный округ,68-530-000-000,2093,68,Тамбовская область,2024,9999
3093,Сампурский муниципальный округ,муниципальный округ,68-532-000-000,2094,68,Тамбовская область,2024,9999
3094,Сосновский муниципальный округ,муниципальный округ,68-534-000-000,2095,68,Тамбовская область,2024,9999
3095,Староюрьевский муниципальный округ,муниципальный округ,68-536-000-000,2096,68,Тамбовская область,2024,9999
3096,Тамбовский муниципальный округ,муниципальный округ,68-540-000-000,3010,68,Тамбовская область,2024,9999
3097,Токарёвский муниципальный округ,муниципальный округ,68-542-000-000,2098,68,Тамбовская область,2024,9999
3098,Уваровский муниципальный округ,муниципальный округ,68-544-000-000,2099,68,Тамбовская область,2024,9999
3099,Умётский муниципальный округ,муниципальный округ,68-546-000-000,2100,68,Тамбовская область,2024,9999
3100,муниципальный округ Усинск,муниципальный округ,87-523-000-000,228,11,Республика Коми,2024,9999
3101,муниципальный округ Вуктыл,муниципальный округ,87-512-000-000,226,11,Республика Коми,2024,9999
3102,Сасовский муниципальный округ,муниципальный округ,61-542-000-000,3101,62,Рязанская область,2024,9999
