method,period,entity_id,cluster
kmeans,2023-12-01,tid_1,1
kmeans,2023-12-01,tid_10,7
kmeans,2023-12-01,tid_1001,6
kmeans,2023-12-01,tid_1002,5
kmeans,2023-12-01,tid_1003,5
kmeans,2023-12-01,tid_1004,5
kmeans,2023-12-01,tid_1005,6
kmeans,2023-12-01,tid_1006,5
kmeans,2023-12-01,tid_1007,1
kmeans,2023-12-01,tid_1008,7
kmeans,2023-12-01,tid_1009,7
kmeans,2023-12-01,tid_1010,7
kmeans,2023-12-01,tid_1011,7
kmeans,2023-12-01,tid_1012,0
kmeans,2023-12-01,tid_1013,0
kmeans,2023-12-01,tid_1014,0
kmeans,2023-12-01,tid_1015,6
kmeans,2023-12-01,tid_1016,0
kmeans,2023-12-01,tid_1017,0
kmeans,2023-12-01,tid_1018,0
kmeans,2023-12-01,tid_1019,0
kmeans,2023-12-01,tid_1020,6
kmeans,2023-12-01,tid_1021,6
kmeans,2023-12-01,tid_1023,0
kmeans,2023-12-01,tid_1024,0
kmeans,2023-12-01,tid_1025,0
kmeans,2023-12-01,tid_1026,0
kmeans,2023-12-01,tid_1027,0
kmeans,2023-12-01,tid_1028,0
kmeans,2023-12-01,tid_1029,0
kmeans,2023-12-01,tid_1030,0
kmeans,2023-12-01,tid_1031,0
kmeans,2023-12-01,tid_1032,0
kmeans,2023-12-01,tid_1033,0
kmeans,2023-12-01,tid_1034,0
kmeans,2023-12-01,tid_1035,0
kmeans,2023-12-01,tid_1036,0
kmeans,2023-12-01,tid_1037,0
kmeans,2023-12-01,tid_1038,0
kmeans,2023-12-01,tid_1039,7
kmeans,2023-12-01,tid_1040,7
kmeans,2023-12-01,tid_1041,0
kmeans,2023-12-01,tid_1044,0
kmeans,2023-12-01,tid_1047,4
kmeans,2023-12-01,tid_1048,4
kmeans,2023-12-01,tid_1049,6
kmeans,2023-12-01,tid_1051,4
kmeans,2023-12-01,tid_1052,4
kmeans,2023-12-01,tid_1053,4
kmeans,2023-12-01,tid_1054,7
kmeans,2023-12-01,tid_1055,4
kmeans,2023-12-01,tid_1056,5
kmeans,2023-12-01,tid_1057,4
kmeans,2023-12-01,tid_1058,4
kmeans,2023-12-01,tid_1059,4
kmeans,2023-12-01,tid_1060,5
kmeans,2023-12-01,tid_1061,4
kmeans,2023-12-01,tid_1062,4
kmeans,2023-12-01,tid_1063,6
kmeans,2023-12-01,tid_1064,4
kmeans,2023-12-01,tid_1065,3
kmeans,2023-12-01,tid_1066,5
kmeans,2023-12-01,tid_1067,4
kmeans,2023-12-01,tid_1068,4
kmeans,2023-12-01,tid_1069,4
kmeans,2023-12-01,tid_1070,4
kmeans,2023-12-01,tid_1071,7
kmeans,2023-12-01,tid_1072,6
kmeans,2023-12-01,tid_11,7
kmeans,2023-12-01,tid_1107,7
kmeans,2023-12-01,tid_1108,5
kmeans,2023-12-01,tid_1109,7
kmeans,2023-12-01,tid_1110,6
kmeans,2023-12-01,tid_1111,6
kmeans,2023-12-01,tid_1112,6
kmeans,2023-12-01,tid_1113,5
kmeans,2023-12-01,tid_1115,5
kmeans,2023-12-01,tid_1116,0
kmeans,2023-12-01,tid_1117,7
kmeans,2023-12-01,tid_1118,5
kmeans,2023-12-01,tid_1119,4
kmeans,2023-12-01,tid_1120,5
kmeans,2023-12-01,tid_1121,5
kmeans,2023-12-01,tid_1122,4
kmeans,2023-12-01,tid_1123,5
kmeans,2023-12-01,tid_1124,4
kmeans,2023-12-01,tid_1125,5
kmeans,2023-12-01,tid_1126,5
kmeans,2023-12-01,tid_1127,5
kmeans,2023-12-01,tid_1128,5
kmeans,2023-12-01,tid_1129,5
kmeans,2023-12-01,tid_1130,5
kmeans,2023-12-01,tid_1131,6
kmeans,2023-12-01,tid_1132,5
kmeans,2023-12-01,tid_1133,5
kmeans,2023-12-01,tid_1134,1
kmeans,2023-12-01,tid_1135,7
kmeans,2023-12-01,tid_1136,7
kmeans,2023-12-01,tid_1137,4
kmeans,2023-12-01,tid_1138,6
kmeans,2023-12-01,tid_1139,4
kmeans,2023-12-01,tid_1140,7
kmeans,2023-12-01,tid_1141,7
kmeans,2023-12-01,tid_1142,7
kmeans,2023-12-01,tid_1143,5
kmeans,2023-12-01,tid_1144,4
kmeans,2023-12-01,tid_1146,5
kmeans,2023-12-01,tid_1147,7
kmeans,2023-12-01,tid_1148,4
kmeans,2023-12-01,tid_1149,4
kmeans,2023-12-01,tid_1150,1
kmeans,2023-12-01,tid_1151,6
kmeans,2023-12-01,tid_1152,2
kmeans,2023-12-01,tid_1153,6
kmeans,2023-12-01,tid_1154,6
kmeans,2023-12-01,tid_1155,4
kmeans,2023-12-01,tid_1157,5
kmeans,2023-12-01,tid_1158,4
kmeans,2023-12-01,tid_1159,7
kmeans,2023-12-01,tid_1160,6
kmeans,2023-12-01,tid_1161,4
kmeans,2023-12-01,tid_1163,6
kmeans,2023-12-01,tid_1164,4
kmeans,2023-12-01,tid_1165,6
kmeans,2023-12-01,tid_1166,4
kmeans,2023-12-01,tid_1167,4
kmeans,2023-12-01,tid_1168,4
kmeans,2023-12-01,tid_1169,7
kmeans,2023-12-01,tid_1170,4
kmeans,2023-12-01,tid_1171,4
kmeans,2023-12-01,tid_1172,4
kmeans,2023-12-01,tid_1173,3
kmeans,2023-12-01,tid_1174,3
kmeans,2023-12-01,tid_1175,7
kmeans,2023-12-01,tid_1176,1
kmeans,2023-12-01,tid_1178,3
kmeans,2023-12-01,tid_1179,6
kmeans,2023-12-01,tid_1180,6
kmeans,2023-12-01,tid_1181,3
kmeans,2023-12-01,tid_1184,6
kmeans,2023-12-01,tid_1185,6
kmeans,2023-12-01,tid_1186,1
kmeans,2023-12-01,tid_1187,7
kmeans,2023-12-01,tid_1188,1
kmeans,2023-12-01,tid_1189,3
kmeans,2023-12-01,tid_1190,1
kmeans,2023-12-01,tid_1191,3
kmeans,2023-12-01,tid_1192,3
kmeans,2023-12-01,tid_1193,3
kmeans,2023-12-01,tid_1194,3
kmeans,2023-12-01,tid_1195,0
kmeans,2023-12-01,tid_1196,3
kmeans,2023-12-01,tid_1197,7
kmeans,2023-12-01,tid_1198,7
kmeans,2023-12-01,tid_12,7
kmeans,2023-12-01,tid_1200,5
kmeans,2023-12-01,tid_1201,0
kmeans,2023-12-01,tid_1203,5
kmeans,2023-12-01,tid_1204,5
kmeans,2023-12-01,tid_1205,5
kmeans,2023-12-01,tid_1206,6
kmeans,2023-12-01,tid_1207,6
kmeans,2023-12-01,tid_1208,0
kmeans,2023-12-01,tid_1209,6
kmeans,2023-12-01,tid_1210,0
kmeans,2023-12-01,tid_1211,6
kmeans,2023-12-01,tid_1212,6
kmeans,2023-12-01,tid_1213,5
kmeans,2023-12-01,tid_1214,5
kmeans,2023-12-01,tid_1215,5
kmeans,2023-12-01,tid_1217,0
kmeans,2023-12-01,tid_1218,5
kmeans,2023-12-01,tid_1219,5
kmeans,2023-12-01,tid_1220,5
kmeans,2023-12-01,tid_1221,4
kmeans,2023-12-01,tid_1222,0
kmeans,2023-12-01,tid_1223,0
kmeans,2023-12-01,tid_1224,7
kmeans,2023-12-01,tid_1225,7
kmeans,2023-12-01,tid_1226,7
kmeans,2023-12-01,tid_1227,3
kmeans,2023-12-01,tid_1228,6
kmeans,2023-12-01,tid_1229,7
kmeans,2023-12-01,tid_1230,7
kmeans,2023-12-01,tid_1231,7
kmeans,2023-12-01,tid_1232,6
kmeans,2023-12-01,tid_1233,7
kmeans,2023-12-01,tid_1234,6
kmeans,2023-12-01,tid_1235,6
kmeans,2023-12-01,tid_1236,7
kmeans,2023-12-01,tid_1237,6
kmeans,2023-12-01,tid_1238,7
kmeans,2023-12-01,tid_1240,4
kmeans,2023-12-01,tid_1241,3
kmeans,2023-12-01,tid_1242,3
kmeans,2023-12-01,tid_1243,7
kmeans,2023-12-01,tid_1244,5
kmeans,2023-12-01,tid_1246,3
kmeans,2023-12-01,tid_1249,3
kmeans,2023-12-01,tid_1250,4
kmeans,2023-12-01,tid_1251,0
kmeans,2023-12-01,tid_1252,3
kmeans,2023-12-01,tid_1253,0
kmeans,2023-12-01,tid_1254,4
kmeans,2023-12-01,tid_1256,3
kmeans,2023-12-01,tid_1257,5
kmeans,2023-12-01,tid_1258,7
kmeans,2023-12-01,tid_1259,6
kmeans,2023-12-01,tid_1260,6
kmeans,2023-12-01,tid_1261,3
kmeans,2023-12-01,tid_1262,3
kmeans,2023-12-01,tid_1264,3
kmeans,2023-12-01,tid_1265,3
kmeans,2023-12-01,tid_1266,5
kmeans,2023-12-01,tid_1267,2
kmeans,2023-12-01,tid_1268,5
kmeans,2023-12-01,tid_1269,3
kmeans,2023-12-01,tid_1270,5
kmeans,2023-12-01,tid_1271,0
kmeans,2023-12-01,tid_1272,5
kmeans,2023-12-01,tid_1273,0
kmeans,2023-12-01,tid_1274,3
kmeans,2023-12-01,tid_1275,4
kmeans,2023-12-01,tid_1276,3
kmeans,2023-12-01,tid_1277,5
kmeans,2023-12-01,tid_1278,3
kmeans,2023-12-01,tid_1279,3
kmeans,2023-12-01,tid_1280,5
kmeans,2023-12-01,tid_1281,5
kmeans,2023-12-01,tid_1282,3
kmeans,2023-12-01,tid_1284,5
kmeans,2023-12-01,tid_1285,5
kmeans,2023-12-01,tid_1286,5
kmeans,2023-12-01,tid_1287,5
kmeans,2023-12-01,tid_1288,5
kmeans,2023-12-01,tid_1289,3
kmeans,2023-12-01,tid_1290,5
kmeans,2023-12-01,tid_1291,0
kmeans,2023-12-01,tid_1292,5
kmeans,2023-12-01,tid_1293,5
kmeans,2023-12-01,tid_1294,3
kmeans,2023-12-01,tid_1295,5
kmeans,2023-12-01,tid_1296,3
kmeans,2023-12-01,tid_1297,5
kmeans,2023-12-01,tid_1298,3
kmeans,2023-12-01,tid_1299,5
kmeans,2023-12-01,tid_13,7
kmeans,2023-12-01,tid_1300,3
kmeans,2023-12-01,tid_1301,5
kmeans,2023-12-01,tid_1302,3
kmeans,2023-12-01,tid_1303,7
kmeans,2023-12-01,tid_1304,5
kmeans,2023-12-01,tid_1305,5
kmeans,2023-12-01,tid_1306,5
kmeans,2023-12-01,tid_1308,4
kmeans,2023-12-01,tid_1309,0
kmeans,2023-12-01,tid_1310,5
kmeans,2023-12-01,tid_1311,0
kmeans,2023-12-01,tid_1312,5
kmeans,2023-12-01,tid_1313,5
kmeans,2023-12-01,tid_1314,4
kmeans,2023-12-01,tid_1315,7
kmeans,2023-12-01,tid_1316,6
kmeans,2023-12-01,tid_1317,0
kmeans,2023-12-01,tid_1319,0
kmeans,2023-12-01,tid_1320,0
kmeans,2023-12-01,tid_1321,5
kmeans,2023-12-01,tid_1322,0
kmeans,2023-12-01,tid_1323,0
kmeans,2023-12-01,tid_1324,0
kmeans,2023-12-01,tid_1325,5
kmeans,2023-12-01,tid_1326,3
kmeans,2023-12-01,tid_1327,0
kmeans,2023-12-01,tid_1328,5
kmeans,2023-12-01,tid_1329,5
kmeans,2023-12-01,tid_1330,5
kmeans,2023-12-01,tid_1331,0
kmeans,2023-12-01,tid_1333,7
kmeans,2023-12-01,tid_1334,6
kmeans,2023-12-01,tid_1335,3
kmeans,2023-12-01,tid_1336,5
kmeans,2023-12-01,tid_1337,5
kmeans,2023-12-01,tid_1338,5
kmeans,2023-12-01,tid_1339,3
kmeans,2023-12-01,tid_1340,5
kmeans,2023-12-01,tid_1341,5
kmeans,2023-12-01,tid_1343,0
kmeans,2023-12-01,tid_1344,5
kmeans,2023-12-01,tid_1345,0
kmeans,2023-12-01,tid_1346,0
kmeans,2023-12-01,tid_1347,5
kmeans,2023-12-01,tid_1348,0
kmeans,2023-12-01,tid_1349,5
kmeans,2023-12-01,tid_1350,0
kmeans,2023-12-01,tid_1351,3
kmeans,2023-12-01,tid_1352,3
kmeans,2023-12-01,tid_1353,0
kmeans,2023-12-01,tid_1355,3
kmeans,2023-12-01,tid_1356,3
kmeans,2023-12-01,tid_1357,4
kmeans,2023-12-01,tid_1358,3
kmeans,2023-12-01,tid_1392,6
kmeans,2023-12-01,tid_1393,6
kmeans,2023-12-01,tid_1394,6
kmeans,2023-12-01,tid_1395,1
kmeans,2023-12-01,tid_1396,7
kmeans,2023-12-01,tid_1397,1
kmeans,2023-12-01,tid_1398,7
kmeans,2023-12-01,tid_1399,6
kmeans,2023-12-01,tid_14,4
kmeans,2023-12-01,tid_1400,7
kmeans,2023-12-01,tid_1401,6
kmeans,2023-12-01,tid_1402,1
kmeans,2023-12-01,tid_1403,7
kmeans,2023-12-01,tid_1404,6
kmeans,2023-12-01,tid_1405,6
kmeans,2023-12-01,tid_1406,6
kmeans,2023-12-01,tid_1407,6
kmeans,2023-12-01,tid_1408,7
kmeans,2023-12-01,tid_1409,1
kmeans,2023-12-01,tid_1410,7
kmeans,2023-12-01,tid_1411,7
kmeans,2023-12-01,tid_1412,0
kmeans,2023-12-01,tid_1413,6
kmeans,2023-12-01,tid_1414,6
kmeans,2023-12-01,tid_1415,0
kmeans,2023-12-01,tid_1416,0
kmeans,2023-12-01,tid_1417,0
kmeans,2023-12-01,tid_1419,0
kmeans,2023-12-01,tid_1420,0
kmeans,2023-12-01,tid_1421,0
kmeans,2023-12-01,tid_1422,6
kmeans,2023-12-01,tid_1423,0
kmeans,2023-12-01,tid_1425,6
kmeans,2023-12-01,tid_1426,0
kmeans,2023-12-01,tid_1427,6
kmeans,2023-12-01,tid_1428,0
kmeans,2023-12-01,tid_1429,0
kmeans,2023-12-01,tid_1430,7
kmeans,2023-12-01,tid_1431,3
kmeans,2023-12-01,tid_1438,4
kmeans,2023-12-01,tid_1439,1
kmeans,2023-12-01,tid_1440,7
kmeans,2023-12-01,tid_1443,1
kmeans,2023-12-01,tid_1444,1
kmeans,2023-12-01,tid_1445,1
kmeans,2023-12-01,tid_1446,7
kmeans,2023-12-01,tid_1447,7
kmeans,2023-12-01,tid_1448,1
kmeans,2023-12-01,tid_1449,6
kmeans,2023-12-01,tid_1453,1
kmeans,2023-12-01,tid_1454,7
kmeans,2023-12-01,tid_1456,1
kmeans,2023-12-01,tid_1457,1
kmeans,2023-12-01,tid_1459,1
kmeans,2023-12-01,tid_1461,1
kmeans,2023-12-01,tid_1463,7
kmeans,2023-12-01,tid_1464,1
kmeans,2023-12-01,tid_1465,1
kmeans,2023-12-01,tid_1467,1
kmeans,2023-12-01,tid_1468,1
kmeans,2023-12-01,tid_1472,1
kmeans,2023-12-01,tid_1473,6
kmeans,2023-12-01,tid_1474,6
kmeans,2023-12-01,tid_1475,1
kmeans,2023-12-01,tid_1477,7
kmeans,2023-12-01,tid_1478,6
kmeans,2023-12-01,tid_1480,7
kmeans,2023-12-01,tid_1481,1
kmeans,2023-12-01,tid_1483,6
kmeans,2023-12-01,tid_1484,1
kmeans,2023-12-01,tid_1486,6
kmeans,2023-12-01,tid_1488,7
kmeans,2023-12-01,tid_1489,7
kmeans,2023-12-01,tid_1490,7
kmeans,2023-12-01,tid_1491,7
kmeans,2023-12-01,tid_1492,7
kmeans,2023-12-01,tid_1493,1
kmeans,2023-12-01,tid_1494,6
kmeans,2023-12-01,tid_1495,7
kmeans,2023-12-01,tid_1496,7
kmeans,2023-12-01,tid_15,7
kmeans,2023-12-01,tid_1500,1
kmeans,2023-12-01,tid_1501,1
kmeans,2023-12-01,tid_1504,6
kmeans,2023-12-01,tid_1506,7
kmeans,2023-12-01,tid_1507,6
kmeans,2023-12-01,tid_1508,6
kmeans,2023-12-01,tid_1509,6
kmeans,2023-12-01,tid_1510,6
kmeans,2023-12-01,tid_1511,6
kmeans,2023-12-01,tid_1512,6
kmeans,2023-12-01,tid_1518,6
kmeans,2023-12-01,tid_1519,6
kmeans,2023-12-01,tid_1520,5
kmeans,2023-12-01,tid_1521,6
kmeans,2023-12-01,tid_1522,5
kmeans,2023-12-01,tid_1523,1
kmeans,2023-12-01,tid_1525,7
kmeans,2023-12-01,tid_1526,6
kmeans,2023-12-01,tid_1527,7
kmeans,2023-12-01,tid_1528,0
kmeans,2023-12-01,tid_1529,5
kmeans,2023-12-01,tid_1530,5
kmeans,2023-12-01,tid_1532,0
kmeans,2023-12-01,tid_1533,3
kmeans,2023-12-01,tid_1534,5
kmeans,2023-12-01,tid_1535,4
kmeans,2023-12-01,tid_1536,0
kmeans,2023-12-01,tid_1537,0
kmeans,2023-12-01,tid_1539,7
kmeans,2023-12-01,tid_1540,7
kmeans,2023-12-01,tid_1541,0
kmeans,2023-12-01,tid_1542,5
kmeans,2023-12-01,tid_1543,0
kmeans,2023-12-01,tid_1544,0
kmeans,2023-12-01,tid_1545,0
kmeans,2023-12-01,tid_1546,5
kmeans,2023-12-01,tid_1547,0
kmeans,2023-12-01,tid_1548,0
kmeans,2023-12-01,tid_1549,6
kmeans,2023-12-01,tid_1550,0
kmeans,2023-12-01,tid_1551,0
kmeans,2023-12-01,tid_1552,0
kmeans,2023-12-01,tid_1553,7
kmeans,2023-12-01,tid_1554,5
kmeans,2023-12-01,tid_1555,0
kmeans,2023-12-01,tid_1556,0
kmeans,2023-12-01,tid_1557,4
kmeans,2023-12-01,tid_1558,4
kmeans,2023-12-01,tid_1559,0
kmeans,2023-12-01,tid_1560,7
kmeans,2023-12-01,tid_1561,0
kmeans,2023-12-01,tid_1562,0
kmeans,2023-12-01,tid_1563,6
kmeans,2023-12-01,tid_1564,0
kmeans,2023-12-01,tid_1565,0
kmeans,2023-12-01,tid_1566,0
kmeans,2023-12-01,tid_1567,0
kmeans,2023-12-01,tid_1568,6
kmeans,2023-12-01,tid_1569,0
kmeans,2023-12-01,tid_1570,0
kmeans,2023-12-01,tid_1571,0
kmeans,2023-12-01,tid_1572,4
kmeans,2023-12-01,tid_1573,0
kmeans,2023-12-01,tid_1574,5
kmeans,2023-12-01,tid_1575,7
kmeans,2023-12-01,tid_1577,6
kmeans,2023-12-01,tid_1578,6
kmeans,2023-12-01,tid_1579,4
kmeans,2023-12-01,tid_1580,0
kmeans,2023-12-01,tid_1581,5
kmeans,2023-12-01,tid_1582,4
kmeans,2023-12-01,tid_1583,5
kmeans,2023-12-01,tid_1584,4
kmeans,2023-12-01,tid_1585,3
kmeans,2023-12-01,tid_1586,7
kmeans,2023-12-01,tid_1587,0
kmeans,2023-12-01,tid_1588,5
kmeans,2023-12-01,tid_1589,6
kmeans,2023-12-01,tid_1590,0
kmeans,2023-12-01,tid_1591,0
kmeans,2023-12-01,tid_1592,6
kmeans,2023-12-01,tid_1593,0
kmeans,2023-12-01,tid_1594,5
kmeans,2023-12-01,tid_1595,5
kmeans,2023-12-01,tid_1596,3
kmeans,2023-12-01,tid_1597,1
kmeans,2023-12-01,tid_1598,7
kmeans,2023-12-01,tid_1599,7
kmeans,2023-12-01,tid_16,4
kmeans,2023-12-01,tid_1600,7
kmeans,2023-12-01,tid_1601,1
kmeans,2023-12-01,tid_1602,4
kmeans,2023-12-01,tid_1603,3
kmeans,2023-12-01,tid_1604,6
kmeans,2023-12-01,tid_1605,5
kmeans,2023-12-01,tid_1606,0
kmeans,2023-12-01,tid_1607,0
kmeans,2023-12-01,tid_1608,6
kmeans,2023-12-01,tid_1609,4
kmeans,2023-12-01,tid_1610,4
kmeans,2023-12-01,tid_1611,4
kmeans,2023-12-01,tid_1612,4
kmeans,2023-12-01,tid_1613,0
kmeans,2023-12-01,tid_1614,0
kmeans,2023-12-01,tid_1615,7
kmeans,2023-12-01,tid_1616,4
kmeans,2023-12-01,tid_1617,0
kmeans,2023-12-01,tid_1618,4
kmeans,2023-12-01,tid_1619,4
kmeans,2023-12-01,tid_1620,1
kmeans,2023-12-01,tid_1621,3
kmeans,2023-12-01,tid_1622,3
kmeans,2023-12-01,tid_1623,4
kmeans,2023-12-01,tid_1624,3
kmeans,2023-12-01,tid_1625,3
kmeans,2023-12-01,tid_1626,0
kmeans,2023-12-01,tid_1627,5
kmeans,2023-12-01,tid_1628,4
kmeans,2023-12-01,tid_1629,4
kmeans,2023-12-01,tid_1630,3
kmeans,2023-12-01,tid_1631,6
kmeans,2023-12-01,tid_1632,7
kmeans,2023-12-01,tid_1633,6
kmeans,2023-12-01,tid_1634,5
kmeans,2023-12-01,tid_1635,4
kmeans,2023-12-01,tid_1636,5
kmeans,2023-12-01,tid_1637,3
kmeans,2023-12-01,tid_1638,4
kmeans,2023-12-01,tid_1639,5
kmeans,2023-12-01,tid_1640,0
kmeans,2023-12-01,tid_1641,5
kmeans,2023-12-01,tid_1642,0
kmeans,2023-12-01,tid_1643,6
kmeans,2023-12-01,tid_1644,5
kmeans,2023-12-01,tid_1645,6
kmeans,2023-12-01,tid_1646,3
kmeans,2023-12-01,tid_1647,4
kmeans,2023-12-01,tid_1648,0
kmeans,2023-12-01,tid_1649,5
kmeans,2023-12-01,tid_1650,4
kmeans,2023-12-01,tid_1651,4
kmeans,2023-12-01,tid_1652,7
kmeans,2023-12-01,tid_1653,5
kmeans,2023-12-01,tid_1654,4
kmeans,2023-12-01,tid_1655,4
kmeans,2023-12-01,tid_1656,3
kmeans,2023-12-01,tid_1657,4
kmeans,2023-12-01,tid_1658,6
kmeans,2023-12-01,tid_1659,4
kmeans,2023-12-01,tid_1660,4
kmeans,2023-12-01,tid_1661,3
kmeans,2023-12-01,tid_1662,3
kmeans,2023-12-01,tid_1663,3
kmeans,2023-12-01,tid_1664,5
kmeans,2023-12-01,tid_1665,7
kmeans,2023-12-01,tid_1666,0
kmeans,2023-12-01,tid_1667,7
kmeans,2023-12-01,tid_1668,7
kmeans,2023-12-01,tid_1669,5
kmeans,2023-12-01,tid_167,1
kmeans,2023-12-01,tid_1670,6
kmeans,2023-12-01,tid_1671,6
kmeans,2023-12-01,tid_1672,6
kmeans,2023-12-01,tid_1673,6
kmeans,2023-12-01,tid_1674,7
kmeans,2023-12-01,tid_1675,7
kmeans,2023-12-01,tid_1676,5
kmeans,2023-12-01,tid_1678,5
kmeans,2023-12-01,tid_1679,6
kmeans,2023-12-01,tid_168,1
kmeans,2023-12-01,tid_1680,0
kmeans,2023-12-01,tid_1681,0
kmeans,2023-12-01,tid_1682,5
kmeans,2023-12-01,tid_1683,7
kmeans,2023-12-01,tid_1685,0
kmeans,2023-12-01,tid_1686,5
kmeans,2023-12-01,tid_1687,4
kmeans,2023-12-01,tid_1688,5
kmeans,2023-12-01,tid_1689,0
kmeans,2023-12-01,tid_169,1
kmeans,2023-12-01,tid_1690,0
kmeans,2023-12-01,tid_1691,0
kmeans,2023-12-01,tid_1692,5
kmeans,2023-12-01,tid_1693,0
kmeans,2023-12-01,tid_1694,0
kmeans,2023-12-01,tid_1696,0
kmeans,2023-12-01,tid_1697,4
kmeans,2023-12-01,tid_1698,0
kmeans,2023-12-01,tid_1699,5
kmeans,2023-12-01,tid_17,7
kmeans,2023-12-01,tid_1700,6
kmeans,2023-12-01,tid_1701,5
kmeans,2023-12-01,tid_1702,0
kmeans,2023-12-01,tid_1703,6
kmeans,2023-12-01,tid_1704,6
kmeans,2023-12-01,tid_1705,6
kmeans,2023-12-01,tid_1706,6
kmeans,2023-12-01,tid_1707,7
kmeans,2023-12-01,tid_1708,6
kmeans,2023-12-01,tid_1709,6
kmeans,2023-12-01,tid_1710,0
kmeans,2023-12-01,tid_1711,5
kmeans,2023-12-01,tid_1712,5
kmeans,2023-12-01,tid_1714,0
kmeans,2023-12-01,tid_1715,5
kmeans,2023-12-01,tid_1717,5
kmeans,2023-12-01,tid_1718,5
kmeans,2023-12-01,tid_1719,0
kmeans,2023-12-01,tid_1722,0
kmeans,2023-12-01,tid_1724,0
kmeans,2023-12-01,tid_1725,0
kmeans,2023-12-01,tid_1726,7
kmeans,2023-12-01,tid_1727,0
kmeans,2023-12-01,tid_1728,5
kmeans,2023-12-01,tid_173,0
kmeans,2023-12-01,tid_1730,5
kmeans,2023-12-01,tid_1731,5
kmeans,2023-12-01,tid_1732,0
kmeans,2023-12-01,tid_1733,5
kmeans,2023-12-01,tid_1737,0
kmeans,2023-12-01,tid_1738,0
kmeans,2023-12-01,tid_1739,0
kmeans,2023-12-01,tid_1740,7
kmeans,2023-12-01,tid_1741,0
kmeans,2023-12-01,tid_1742,6
kmeans,2023-12-01,tid_1743,0
kmeans,2023-12-01,tid_1744,0
kmeans,2023-12-01,tid_1745,0
kmeans,2023-12-01,tid_1746,0
kmeans,2023-12-01,tid_1747,0
kmeans,2023-12-01,tid_1749,0
kmeans,2023-12-01,tid_1750,0
kmeans,2023-12-01,tid_1751,0
kmeans,2023-12-01,tid_1752,0
kmeans,2023-12-01,tid_1753,0
kmeans,2023-12-01,tid_1754,0
kmeans,2023-12-01,tid_1755,0
kmeans,2023-12-01,tid_1756,0
kmeans,2023-12-01,tid_1757,0
kmeans,2023-12-01,tid_1758,7
kmeans,2023-12-01,tid_1759,0
kmeans,2023-12-01,tid_1760,0
kmeans,2023-12-01,tid_1761,0
kmeans,2023-12-01,tid_1762,0
kmeans,2023-12-01,tid_1764,7
kmeans,2023-12-01,tid_1765,7
kmeans,2023-12-01,tid_1766,3
kmeans,2023-12-01,tid_1768,5
kmeans,2023-12-01,tid_1769,5
kmeans,2023-12-01,tid_1770,5
kmeans,2023-12-01,tid_1771,5
kmeans,2023-12-01,tid_1773,5
kmeans,2023-12-01,tid_1774,0
kmeans,2023-12-01,tid_1775,0
kmeans,2023-12-01,tid_1776,5
kmeans,2023-12-01,tid_1777,5
kmeans,2023-12-01,tid_1778,6
kmeans,2023-12-01,tid_1780,5
kmeans,2023-12-01,tid_1781,4
kmeans,2023-12-01,tid_1782,5
kmeans,2023-12-01,tid_1783,7
kmeans,2023-12-01,tid_1784,0
kmeans,2023-12-01,tid_1785,6
kmeans,2023-12-01,tid_1786,6
kmeans,2023-12-01,tid_1787,4
kmeans,2023-12-01,tid_1788,6
kmeans,2023-12-01,tid_18,4
kmeans,2023-12-01,tid_181,0
kmeans,2023-12-01,tid_184,5
kmeans,2023-12-01,tid_1845,7
kmeans,2023-12-01,tid_1846,6
kmeans,2023-12-01,tid_1848,0
kmeans,2023-12-01,tid_1849,3
kmeans,2023-12-01,tid_185,0
kmeans,2023-12-01,tid_1850,5
kmeans,2023-12-01,tid_1851,0
kmeans,2023-12-01,tid_1852,0
kmeans,2023-12-01,tid_1853,5
kmeans,2023-12-01,tid_1854,5
kmeans,2023-12-01,tid_1855,5
kmeans,2023-12-01,tid_1856,0
kmeans,2023-12-01,tid_1857,5
kmeans,2023-12-01,tid_1858,5
kmeans,2023-12-01,tid_1859,5
kmeans,2023-12-01,tid_1860,0
kmeans,2023-12-01,tid_1861,6
kmeans,2023-12-01,tid_1862,5
kmeans,2023-12-01,tid_1863,7
kmeans,2023-12-01,tid_1864,0
kmeans,2023-12-01,tid_1865,0
kmeans,2023-12-01,tid_1868,5
kmeans,2023-12-01,tid_1869,5
kmeans,2023-12-01,tid_1870,0
kmeans,2023-12-01,tid_1871,5
kmeans,2023-12-01,tid_1872,0
kmeans,2023-12-01,tid_1873,5
kmeans,2023-12-01,tid_1874,1
kmeans,2023-12-01,tid_1875,6
kmeans,2023-12-01,tid_1876,7
kmeans,2023-12-01,tid_1877,7
kmeans,2023-12-01,tid_1878,5
kmeans,2023-12-01,tid_1879,6
kmeans,2023-12-01,tid_188,6
kmeans,2023-12-01,tid_1880,0
kmeans,2023-12-01,tid_1881,7
kmeans,2023-12-01,tid_1883,6
kmeans,2023-12-01,tid_1884,0
kmeans,2023-12-01,tid_1885,6
kmeans,2023-12-01,tid_1886,5
kmeans,2023-12-01,tid_1887,0
kmeans,2023-12-01,tid_1888,0
kmeans,2023-12-01,tid_1889,0
kmeans,2023-12-01,tid_1890,7
kmeans,2023-12-01,tid_1891,0
kmeans,2023-12-01,tid_1892,0
kmeans,2023-12-01,tid_1893,0
kmeans,2023-12-01,tid_1894,5
kmeans,2023-12-01,tid_1895,6
kmeans,2023-12-01,tid_1896,0
kmeans,2023-12-01,tid_1897,3
kmeans,2023-12-01,tid_1898,0
kmeans,2023-12-01,tid_1899,6
kmeans,2023-12-01,tid_19,4
kmeans,2023-12-01,tid_1900,6
kmeans,2023-12-01,tid_1901,0
kmeans,2023-12-01,tid_1902,0
kmeans,2023-12-01,tid_1903,5
kmeans,2023-12-01,tid_1904,0
kmeans,2023-12-01,tid_1905,7
kmeans,2023-12-01,tid_1906,7
kmeans,2023-12-01,tid_1907,0
kmeans,2023-12-01,tid_1908,0
kmeans,2023-12-01,tid_1909,0
kmeans,2023-12-01,tid_191,0
kmeans,2023-12-01,tid_1910,0
kmeans,2023-12-01,tid_1912,6
kmeans,2023-12-01,tid_1915,0
kmeans,2023-12-01,tid_1916,0
kmeans,2023-12-01,tid_1917,0
kmeans,2023-12-01,tid_1918,0
kmeans,2023-12-01,tid_1919,7
kmeans,2023-12-01,tid_1920,7
kmeans,2023-12-01,tid_1921,0
kmeans,2023-12-01,tid_1922,6
kmeans,2023-12-01,tid_1923,5
kmeans,2023-12-01,tid_1924,0
kmeans,2023-12-01,tid_1925,5
kmeans,2023-12-01,tid_1926,0
kmeans,2023-12-01,tid_1927,0
kmeans,2023-12-01,tid_1928,0
kmeans,2023-12-01,tid_1929,0
kmeans,2023-12-01,tid_1930,6
kmeans,2023-12-01,tid_1931,0
kmeans,2023-12-01,tid_1932,0
kmeans,2023-12-01,tid_1933,0
kmeans,2023-12-01,tid_1934,6
kmeans,2023-12-01,tid_1935,0
kmeans,2023-12-01,tid_1936,7
kmeans,2023-12-01,tid_1937,6
kmeans,2023-12-01,tid_1938,0
kmeans,2023-12-01,tid_1939,6
kmeans,2023-12-01,tid_194,1
kmeans,2023-12-01,tid_1940,0
kmeans,2023-12-01,tid_1941,0
kmeans,2023-12-01,tid_1942,4
kmeans,2023-12-01,tid_1943,0
kmeans,2023-12-01,tid_1944,0
kmeans,2023-12-01,tid_1945,0
kmeans,2023-12-01,tid_1947,5
kmeans,2023-12-01,tid_1948,6
kmeans,2023-12-01,tid_1949,0
kmeans,2023-12-01,tid_195,1
kmeans,2023-12-01,tid_1950,6
kmeans,2023-12-01,tid_1951,5
kmeans,2023-12-01,tid_1952,7
kmeans,2023-12-01,tid_1954,3
kmeans,2023-12-01,tid_1955,2
kmeans,2023-12-01,tid_1956,2
kmeans,2023-12-01,tid_1957,2
kmeans,2023-12-01,tid_1958,2
kmeans,2023-12-01,tid_1959,2
kmeans,2023-12-01,tid_196,1
kmeans,2023-12-01,tid_1960,3
kmeans,2023-12-01,tid_1961,7
kmeans,2023-12-01,tid_1962,2
kmeans,2023-12-01,tid_1963,2
kmeans,2023-12-01,tid_1965,2
kmeans,2023-12-01,tid_1966,2
kmeans,2023-12-01,tid_1967,2
kmeans,2023-12-01,tid_1968,3
kmeans,2023-12-01,tid_1969,2
kmeans,2023-12-01,tid_1970,2
kmeans,2023-12-01,tid_1971,1
kmeans,2023-12-01,tid_1972,3
kmeans,2023-12-01,tid_1973,6
kmeans,2023-12-01,tid_1974,7
kmeans,2023-12-01,tid_1975,5
kmeans,2023-12-01,tid_1976,5
kmeans,2023-12-01,tid_1977,7
kmeans,2023-12-01,tid_1978,6
kmeans,2023-12-01,tid_1979,1
kmeans,2023-12-01,tid_198,1
kmeans,2023-12-01,tid_1980,7
kmeans,2023-12-01,tid_1981,6
kmeans,2023-12-01,tid_1982,6
kmeans,2023-12-01,tid_1983,6
kmeans,2023-12-01,tid_1984,5
kmeans,2023-12-01,tid_1985,7
kmeans,2023-12-01,tid_1986,7
kmeans,2023-12-01,tid_1987,4
kmeans,2023-12-01,tid_1988,5
kmeans,2023-12-01,tid_1989,5
kmeans,2023-12-01,tid_1990,6
kmeans,2023-12-01,tid_1991,6
kmeans,2023-12-01,tid_1992,6
kmeans,2023-12-01,tid_1993,7
kmeans,2023-12-01,tid_1994,5
kmeans,2023-12-01,tid_1995,7
kmeans,2023-12-01,tid_1996,6
kmeans,2023-12-01,tid_1997,5
kmeans,2023-12-01,tid_1999,6
kmeans,2023-12-01,tid_2,7
kmeans,2023-12-01,tid_20,4
kmeans,2023-12-01,tid_2000,7
kmeans,2023-12-01,tid_2001,6
kmeans,2023-12-01,tid_2002,6
kmeans,2023-12-01,tid_2004,7
kmeans,2023-12-01,tid_2005,6
kmeans,2023-12-01,tid_2006,7
kmeans,2023-12-01,tid_2007,6
kmeans,2023-12-01,tid_2008,6
kmeans,2023-12-01,tid_2009,6
kmeans,2023-12-01,tid_201,1
kmeans,2023-12-01,tid_2010,6
kmeans,2023-12-01,tid_2011,6
kmeans,2023-12-01,tid_2012,6
kmeans,2023-12-01,tid_2015,5
kmeans,2023-12-01,tid_2017,3
kmeans,2023-12-01,tid_2018,4
kmeans,2023-12-01,tid_2019,4
kmeans,2023-12-01,tid_2021,4
kmeans,2023-12-01,tid_2022,4
kmeans,2023-12-01,tid_2023,4
kmeans,2023-12-01,tid_2024,7
kmeans,2023-12-01,tid_2025,4
kmeans,2023-12-01,tid_2027,4
kmeans,2023-12-01,tid_2028,6
kmeans,2023-12-01,tid_203,6
kmeans,2023-12-01,tid_2030,4
kmeans,2023-12-01,tid_2031,5
kmeans,2023-12-01,tid_2032,7
kmeans,2023-12-01,tid_2033,7
kmeans,2023-12-01,tid_2034,4
kmeans,2023-12-01,tid_2035,5
kmeans,2023-12-01,tid_2036,3
kmeans,2023-12-01,tid_2037,5
kmeans,2023-12-01,tid_2039,4
kmeans,2023-12-01,tid_204,1
kmeans,2023-12-01,tid_2040,4
kmeans,2023-12-01,tid_2041,4
kmeans,2023-12-01,tid_2042,5
kmeans,2023-12-01,tid_2043,4
kmeans,2023-12-01,tid_2044,7
kmeans,2023-12-01,tid_2045,5
kmeans,2023-12-01,tid_2046,0
kmeans,2023-12-01,tid_2047,6
kmeans,2023-12-01,tid_2048,6
kmeans,2023-12-01,tid_2049,5
kmeans,2023-12-01,tid_205,1
kmeans,2023-12-01,tid_2050,5
kmeans,2023-12-01,tid_2051,5
kmeans,2023-12-01,tid_2052,5
kmeans,2023-12-01,tid_2053,5
kmeans,2023-12-01,tid_2054,5
kmeans,2023-12-01,tid_2055,5
kmeans,2023-12-01,tid_2056,0
kmeans,2023-12-01,tid_2057,5
kmeans,2023-12-01,tid_2058,0
kmeans,2023-12-01,tid_2059,5
kmeans,2023-12-01,tid_206,7
kmeans,2023-12-01,tid_2060,6
kmeans,2023-12-01,tid_2061,0
kmeans,2023-12-01,tid_2062,6
kmeans,2023-12-01,tid_2063,7
kmeans,2023-12-01,tid_2064,5
kmeans,2023-12-01,tid_2065,5
kmeans,2023-12-01,tid_2066,4
kmeans,2023-12-01,tid_2067,0
kmeans,2023-12-01,tid_2068,5
kmeans,2023-12-01,tid_2069,6
kmeans,2023-12-01,tid_207,6
kmeans,2023-12-01,tid_2070,6
kmeans,2023-12-01,tid_2072,0
kmeans,2023-12-01,tid_2073,5
kmeans,2023-12-01,tid_2074,7
kmeans,2023-12-01,tid_2075,0
kmeans,2023-12-01,tid_2076,0
kmeans,2023-12-01,tid_2077,0
kmeans,2023-12-01,tid_2078,0
kmeans,2023-12-01,tid_2079,0
kmeans,2023-12-01,tid_208,5
kmeans,2023-12-01,tid_2080,0
kmeans,2023-12-01,tid_2081,0
kmeans,2023-12-01,tid_2082,0
kmeans,2023-12-01,tid_2085,0
kmeans,2023-12-01,tid_2087,0
kmeans,2023-12-01,tid_2088,0
kmeans,2023-12-01,tid_2089,0
kmeans,2023-12-01,tid_209,4
kmeans,2023-12-01,tid_2090,5
kmeans,2023-12-01,tid_2091,0
kmeans,2023-12-01,tid_2093,0
kmeans,2023-12-01,tid_2094,0
kmeans,2023-12-01,tid_2095,0
kmeans,2023-12-01,tid_2096,0
kmeans,2023-12-01,tid_2098,0
kmeans,2023-12-01,tid_21,1
kmeans,2023-12-01,tid_210,5
kmeans,2023-12-01,tid_2100,6
kmeans,2023-12-01,tid_2101,7
kmeans,2023-12-01,tid_2105,6
kmeans,2023-12-01,tid_2108,6
kmeans,2023-12-01,tid_2109,6
kmeans,2023-12-01,tid_211,6
kmeans,2023-12-01,tid_2110,5
kmeans,2023-12-01,tid_2111,6
kmeans,2023-12-01,tid_2112,5
kmeans,2023-12-01,tid_2113,0
kmeans,2023-12-01,tid_2114,5
kmeans,2023-12-01,tid_2116,5
kmeans,2023-12-01,tid_2117,0
kmeans,2023-12-01,tid_2118,5
kmeans,2023-12-01,tid_2119,7
kmeans,2023-12-01,tid_212,4
kmeans,2023-12-01,tid_2120,6
kmeans,2023-12-01,tid_2121,5
kmeans,2023-12-01,tid_2122,6
kmeans,2023-12-01,tid_2124,6
kmeans,2023-12-01,tid_2125,0
kmeans,2023-12-01,tid_2126,0
kmeans,2023-12-01,tid_2127,0
kmeans,2023-12-01,tid_2128,5
kmeans,2023-12-01,tid_2129,0
kmeans,2023-12-01,tid_213,5
kmeans,2023-12-01,tid_2130,0
kmeans,2023-12-01,tid_2131,5
kmeans,2023-12-01,tid_2132,0
kmeans,2023-12-01,tid_2133,0
kmeans,2023-12-01,tid_2134,5
kmeans,2023-12-01,tid_2136,4
kmeans,2023-12-01,tid_2137,0
kmeans,2023-12-01,tid_2138,5
kmeans,2023-12-01,tid_2139,0
kmeans,2023-12-01,tid_214,4
kmeans,2023-12-01,tid_2140,0
kmeans,2023-12-01,tid_2142,0
kmeans,2023-12-01,tid_2143,5
kmeans,2023-12-01,tid_2144,7
kmeans,2023-12-01,tid_2145,5
kmeans,2023-12-01,tid_2146,6
kmeans,2023-12-01,tid_2148,3
kmeans,2023-12-01,tid_2149,3
kmeans,2023-12-01,tid_215,4
kmeans,2023-12-01,tid_2150,4
kmeans,2023-12-01,tid_2151,4
kmeans,2023-12-01,tid_2152,0
kmeans,2023-12-01,tid_2153,0
kmeans,2023-12-01,tid_2154,5
kmeans,2023-12-01,tid_2155,3
kmeans,2023-12-01,tid_2156,5
kmeans,2023-12-01,tid_2157,5
kmeans,2023-12-01,tid_2158,4
kmeans,2023-12-01,tid_2159,0
kmeans,2023-12-01,tid_216,5
kmeans,2023-12-01,tid_2160,5
kmeans,2023-12-01,tid_2161,1
kmeans,2023-12-01,tid_2162,5
kmeans,2023-12-01,tid_2163,5
kmeans,2023-12-01,tid_2164,7
kmeans,2023-12-01,tid_2165,6
kmeans,2023-12-01,tid_2167,6
kmeans,2023-12-01,tid_2168,6
kmeans,2023-12-01,tid_2169,7
kmeans,2023-12-01,tid_217,5
kmeans,2023-12-01,tid_2171,6
kmeans,2023-12-01,tid_2172,0
kmeans,2023-12-01,tid_2173,6
kmeans,2023-12-01,tid_2174,5
kmeans,2023-12-01,tid_2175,0
kmeans,2023-12-01,tid_2176,5
kmeans,2023-12-01,tid_2177,6
kmeans,2023-12-01,tid_2178,5
kmeans,2023-12-01,tid_2179,0
kmeans,2023-12-01,tid_218,6
kmeans,2023-12-01,tid_2180,5
kmeans,2023-12-01,tid_2181,0
kmeans,2023-12-01,tid_2182,0
kmeans,2023-12-01,tid_2183,6
kmeans,2023-12-01,tid_2184,0
kmeans,2023-12-01,tid_2185,0
kmeans,2023-12-01,tid_2186,6
kmeans,2023-12-01,tid_2187,4
kmeans,2023-12-01,tid_2188,6
kmeans,2023-12-01,tid_2189,6
kmeans,2023-12-01,tid_219,5
kmeans,2023-12-01,tid_2190,1
kmeans,2023-12-01,tid_2191,7
kmeans,2023-12-01,tid_2192,7
kmeans,2023-12-01,tid_2193,7
kmeans,2023-12-01,tid_2194,7
kmeans,2023-12-01,tid_2195,4
kmeans,2023-12-01,tid_2196,0
kmeans,2023-12-01,tid_2197,0
kmeans,2023-12-01,tid_2198,0
kmeans,2023-12-01,tid_2199,4
kmeans,2023-12-01,tid_22,6
kmeans,2023-12-01,tid_220,4
kmeans,2023-12-01,tid_2200,4
kmeans,2023-12-01,tid_2201,4
kmeans,2023-12-01,tid_2202,4
kmeans,2023-12-01,tid_2203,7
kmeans,2023-12-01,tid_2204,4
kmeans,2023-12-01,tid_2205,4
kmeans,2023-12-01,tid_2206,3
kmeans,2023-12-01,tid_2207,4
kmeans,2023-12-01,tid_2208,4
kmeans,2023-12-01,tid_221,6
kmeans,2023-12-01,tid_2210,7
kmeans,2023-12-01,tid_2211,5
kmeans,2023-12-01,tid_2212,3
kmeans,2023-12-01,tid_2213,0
kmeans,2023-12-01,tid_2215,4
kmeans,2023-12-01,tid_2216,7
kmeans,2023-12-01,tid_2217,7
kmeans,2023-12-01,tid_2218,6
kmeans,2023-12-01,tid_2219,6
kmeans,2023-12-01,tid_222,6
kmeans,2023-12-01,tid_2220,7
kmeans,2023-12-01,tid_2221,7
kmeans,2023-12-01,tid_2222,6
kmeans,2023-12-01,tid_2223,6
kmeans,2023-12-01,tid_2224,4
kmeans,2023-12-01,tid_2225,6
kmeans,2023-12-01,tid_2226,7
kmeans,2023-12-01,tid_2227,7
kmeans,2023-12-01,tid_2228,7
kmeans,2023-12-01,tid_2229,6
kmeans,2023-12-01,tid_223,5
kmeans,2023-12-01,tid_2230,4
kmeans,2023-12-01,tid_2231,4
kmeans,2023-12-01,tid_2232,6
kmeans,2023-12-01,tid_2233,6
kmeans,2023-12-01,tid_2234,4
kmeans,2023-12-01,tid_2235,4
kmeans,2023-12-01,tid_2236,6
kmeans,2023-12-01,tid_2237,4
kmeans,2023-12-01,tid_2238,7
kmeans,2023-12-01,tid_224,7
kmeans,2023-12-01,tid_2241,6
kmeans,2023-12-01,tid_2242,7
kmeans,2023-12-01,tid_2243,7
kmeans,2023-12-01,tid_2244,2
kmeans,2023-12-01,tid_2245,6
kmeans,2023-12-01,tid_2248,6
kmeans,2023-12-01,tid_2249,4
kmeans,2023-12-01,tid_225,6
kmeans,2023-12-01,tid_2250,2
kmeans,2023-12-01,tid_2251,7
kmeans,2023-12-01,tid_2252,7
kmeans,2023-12-01,tid_2253,5
kmeans,2023-12-01,tid_2254,4
kmeans,2023-12-01,tid_2255,0
kmeans,2023-12-01,tid_2256,0
kmeans,2023-12-01,tid_2257,0
kmeans,2023-12-01,tid_2258,0
kmeans,2023-12-01,tid_2259,0
kmeans,2023-12-01,tid_226,6
kmeans,2023-12-01,tid_2260,0
kmeans,2023-12-01,tid_2262,0
kmeans,2023-12-01,tid_2264,0
kmeans,2023-12-01,tid_2265,0
kmeans,2023-12-01,tid_2266,0
kmeans,2023-12-01,tid_2267,5
kmeans,2023-12-01,tid_2268,0
kmeans,2023-12-01,tid_2269,5
kmeans,2023-12-01,tid_227,5
kmeans,2023-12-01,tid_2270,0
kmeans,2023-12-01,tid_2271,0
kmeans,2023-12-01,tid_2272,5
kmeans,2023-12-01,tid_2274,0
kmeans,2023-12-01,tid_2275,7
kmeans,2023-12-01,tid_2276,3
kmeans,2023-12-01,tid_2278,5
kmeans,2023-12-01,tid_2279,7
kmeans,2023-12-01,tid_228,6
kmeans,2023-12-01,tid_2280,7
kmeans,2023-12-01,tid_2281,7
kmeans,2023-12-01,tid_2282,7
kmeans,2023-12-01,tid_2286,7
kmeans,2023-12-01,tid_2287,6
kmeans,2023-12-01,tid_2288,7
kmeans,2023-12-01,tid_2289,7
kmeans,2023-12-01,tid_229,6
kmeans,2023-12-01,tid_2292,3
kmeans,2023-12-01,tid_2293,5
kmeans,2023-12-01,tid_2294,5
kmeans,2023-12-01,tid_2295,3
kmeans,2023-12-01,tid_2296,6
kmeans,2023-12-01,tid_2297,5
kmeans,2023-12-01,tid_2298,5
kmeans,2023-12-01,tid_2299,6
kmeans,2023-12-01,tid_23,7
kmeans,2023-12-01,tid_230,4
kmeans,2023-12-01,tid_2300,3
kmeans,2023-12-01,tid_2301,6
kmeans,2023-12-01,tid_2302,5
kmeans,2023-12-01,tid_2303,6
kmeans,2023-12-01,tid_2304,4
kmeans,2023-12-01,tid_2305,3
kmeans,2023-12-01,tid_2307,3
kmeans,2023-12-01,tid_2308,0
kmeans,2023-12-01,tid_2309,5
kmeans,2023-12-01,tid_231,4
kmeans,2023-12-01,tid_2310,6
kmeans,2023-12-01,tid_2311,6
kmeans,2023-12-01,tid_2312,7
kmeans,2023-12-01,tid_2314,4
kmeans,2023-12-01,tid_2315,5
kmeans,2023-12-01,tid_2316,5
kmeans,2023-12-01,tid_2317,0
kmeans,2023-12-01,tid_2318,7
kmeans,2023-12-01,tid_232,3
kmeans,2023-12-01,tid_2320,7
kmeans,2023-12-01,tid_2321,5
kmeans,2023-12-01,tid_2322,0
kmeans,2023-12-01,tid_2323,4
kmeans,2023-12-01,tid_2324,5
kmeans,2023-12-01,tid_2325,5
kmeans,2023-12-01,tid_2326,5
kmeans,2023-12-01,tid_2327,5
kmeans,2023-12-01,tid_2328,5
kmeans,2023-12-01,tid_2329,5
kmeans,2023-12-01,tid_233,4
kmeans,2023-12-01,tid_2330,5
kmeans,2023-12-01,tid_2332,5
kmeans,2023-12-01,tid_2333,6
kmeans,2023-12-01,tid_2334,4
kmeans,2023-12-01,tid_2335,6
kmeans,2023-12-01,tid_2336,6
kmeans,2023-12-01,tid_2337,7
kmeans,2023-12-01,tid_2338,7
kmeans,2023-12-01,tid_2339,2
kmeans,2023-12-01,tid_234,6
kmeans,2023-12-01,tid_2340,4
kmeans,2023-12-01,tid_2341,3
kmeans,2023-12-01,tid_2342,3
kmeans,2023-12-01,tid_2343,3
kmeans,2023-12-01,tid_2344,7
kmeans,2023-12-01,tid_2345,2
kmeans,2023-12-01,tid_2348,2
kmeans,2023-12-01,tid_2349,2
kmeans,2023-12-01,tid_235,3
kmeans,2023-12-01,tid_2351,1
kmeans,2023-12-01,tid_2352,1
kmeans,2023-12-01,tid_2353,1
kmeans,2023-12-01,tid_2354,1
kmeans,2023-12-01,tid_2355,1
kmeans,2023-12-01,tid_2356,1
kmeans,2023-12-01,tid_2357,1
kmeans,2023-12-01,tid_2358,1
kmeans,2023-12-01,tid_2359,1
kmeans,2023-12-01,tid_236,6
kmeans,2023-12-01,tid_2360,1
kmeans,2023-12-01,tid_2361,1
kmeans,2023-12-01,tid_2362,1
kmeans,2023-12-01,tid_2363,1
kmeans,2023-12-01,tid_2364,1
kmeans,2023-12-01,tid_2365,1
kmeans,2023-12-01,tid_2366,1
kmeans,2023-12-01,tid_2367,1
kmeans,2023-12-01,tid_2368,1
kmeans,2023-12-01,tid_2369,1
kmeans,2023-12-01,tid_237,7
kmeans,2023-12-01,tid_2370,1
kmeans,2023-12-01,tid_2371,1
kmeans,2023-12-01,tid_2372,1
kmeans,2023-12-01,tid_2373,1
kmeans,2023-12-01,tid_2374,1
kmeans,2023-12-01,tid_2375,1
kmeans,2023-12-01,tid_2376,1
kmeans,2023-12-01,tid_2377,1
kmeans,2023-12-01,tid_2378,1
kmeans,2023-12-01,tid_2379,1
kmeans,2023-12-01,tid_238,3
kmeans,2023-12-01,tid_2380,1
kmeans,2023-12-01,tid_2381,1
kmeans,2023-12-01,tid_2382,1
kmeans,2023-12-01,tid_2383,1
kmeans,2023-12-01,tid_2384,1
kmeans,2023-12-01,tid_2385,1
kmeans,2023-12-01,tid_2386,1
kmeans,2023-12-01,tid_2387,1
kmeans,2023-12-01,tid_2388,1
kmeans,2023-12-01,tid_2389,1
kmeans,2023-12-01,tid_239,5
kmeans,2023-12-01,tid_2390,1
kmeans,2023-12-01,tid_2391,1
kmeans,2023-12-01,tid_2392,7
kmeans,2023-12-01,tid_2393,1
kmeans,2023-12-01,tid_2395,7
kmeans,2023-12-01,tid_2398,1
kmeans,2023-12-01,tid_2399,1
kmeans,2023-12-01,tid_240,4
kmeans,2023-12-01,tid_2400,1
kmeans,2023-12-01,tid_2401,1
kmeans,2023-12-01,tid_2402,1
kmeans,2023-12-01,tid_2403,7
kmeans,2023-12-01,tid_2404,1
kmeans,2023-12-01,tid_2405,1
kmeans,2023-12-01,tid_2406,1
kmeans,2023-12-01,tid_2407,1
kmeans,2023-12-01,tid_2408,1
kmeans,2023-12-01,tid_2409,1
kmeans,2023-12-01,tid_241,5
kmeans,2023-12-01,tid_2410,7
kmeans,2023-12-01,tid_2411,1
kmeans,2023-12-01,tid_2412,1
kmeans,2023-12-01,tid_2416,1
kmeans,2023-12-01,tid_242,3
kmeans,2023-12-01,tid_2422,1
kmeans,2023-12-01,tid_2423,1
kmeans,2023-12-01,tid_2424,1
kmeans,2023-12-01,tid_2425,1
kmeans,2023-12-01,tid_2426,1
kmeans,2023-12-01,tid_2427,1
kmeans,2023-12-01,tid_2428,1
kmeans,2023-12-01,tid_2429,1
kmeans,2023-12-01,tid_243,4
kmeans,2023-12-01,tid_2430,1
kmeans,2023-12-01,tid_2431,1
kmeans,2023-12-01,tid_2432,1
kmeans,2023-12-01,tid_2433,1
kmeans,2023-12-01,tid_2434,1
kmeans,2023-12-01,tid_2435,1
kmeans,2023-12-01,tid_2436,1
kmeans,2023-12-01,tid_2437,1
kmeans,2023-12-01,tid_2439,1
kmeans,2023-12-01,tid_2440,1
kmeans,2023-12-01,tid_2441,1
kmeans,2023-12-01,tid_2442,1
kmeans,2023-12-01,tid_2443,1
kmeans,2023-12-01,tid_2444,1
kmeans,2023-12-01,tid_2445,1
kmeans,2023-12-01,tid_2446,1
kmeans,2023-12-01,tid_2447,1
kmeans,2023-12-01,tid_2449,1
kmeans,2023-12-01,tid_2450,1
kmeans,2023-12-01,tid_2451,1
kmeans,2023-12-01,tid_2452,1
kmeans,2023-12-01,tid_2453,1
kmeans,2023-12-01,tid_2454,1
kmeans,2023-12-01,tid_2455,1
kmeans,2023-12-01,tid_2456,1
kmeans,2023-12-01,tid_2457,1
kmeans,2023-12-01,tid_2458,1
kmeans,2023-12-01,tid_2459,1
kmeans,2023-12-01,tid_2460,1
kmeans,2023-12-01,tid_2461,1
kmeans,2023-12-01,tid_2462,1
kmeans,2023-12-01,tid_2463,1
kmeans,2023-12-01,tid_2464,1
kmeans,2023-12-01,tid_2465,1
kmeans,2023-12-01,tid_2466,1
kmeans,2023-12-01,tid_2467,1
kmeans,2023-12-01,tid_2468,1
kmeans,2023-12-01,tid_2469,1
kmeans,2023-12-01,tid_2470,1
kmeans,2023-12-01,tid_2471,1
kmeans,2023-12-01,tid_2472,1
kmeans,2023-12-01,tid_2473,1
kmeans,2023-12-01,tid_2474,1
kmeans,2023-12-01,tid_2475,1
kmeans,2023-12-01,tid_2476,1
kmeans,2023-12-01,tid_2477,1
kmeans,2023-12-01,tid_2478,1
kmeans,2023-12-01,tid_2479,1
kmeans,2023-12-01,tid_2480,1
kmeans,2023-12-01,tid_2481,1
kmeans,2023-12-01,tid_2482,1
kmeans,2023-12-01,tid_2483,1
kmeans,2023-12-01,tid_2484,1
kmeans,2023-12-01,tid_2485,1
kmeans,2023-12-01,tid_2486,1
kmeans,2023-12-01,tid_2487,1
kmeans,2023-12-01,tid_2488,1
kmeans,2023-12-01,tid_2489,1
kmeans,2023-12-01,tid_2490,1
kmeans,2023-12-01,tid_2491,1
kmeans,2023-12-01,tid_2492,1
kmeans,2023-12-01,tid_2493,1
kmeans,2023-12-01,tid_2494,1
kmeans,2023-12-01,tid_2495,1
kmeans,2023-12-01,tid_2496,1
kmeans,2023-12-01,tid_2497,1
kmeans,2023-12-01,tid_2498,1
kmeans,2023-12-01,tid_2499,1
kmeans,2023-12-01,tid_25,7
kmeans,2023-12-01,tid_2500,1
kmeans,2023-12-01,tid_2501,1
kmeans,2023-12-01,tid_2502,1
kmeans,2023-12-01,tid_2503,1
kmeans,2023-12-01,tid_2504,1
kmeans,2023-12-01,tid_2505,1
kmeans,2023-12-01,tid_2506,1
kmeans,2023-12-01,tid_2507,1
kmeans,2023-12-01,tid_2508,1
kmeans,2023-12-01,tid_2509,1
kmeans,2023-12-01,tid_2510,1
kmeans,2023-12-01,tid_2511,1
kmeans,2023-12-01,tid_2512,1
kmeans,2023-12-01,tid_2513,1
kmeans,2023-12-01,tid_2514,1
kmeans,2023-12-01,tid_2515,1
kmeans,2023-12-01,tid_2516,1
kmeans,2023-12-01,tid_2517,1
kmeans,2023-12-01,tid_2518,1
kmeans,2023-12-01,tid_2519,1
kmeans,2023-12-01,tid_2520,1
kmeans,2023-12-01,tid_2521,1
kmeans,2023-12-01,tid_2522,1
kmeans,2023-12-01,tid_2523,1
kmeans,2023-12-01,tid_2524,1
kmeans,2023-12-01,tid_2525,1
kmeans,2023-12-01,tid_2526,1
kmeans,2023-12-01,tid_2527,1
kmeans,2023-12-01,tid_2528,1
kmeans,2023-12-01,tid_2529,1
kmeans,2023-12-01,tid_2530,1
kmeans,2023-12-01,tid_2531,1
kmeans,2023-12-01,tid_2532,1
kmeans,2023-12-01,tid_2533,1
kmeans,2023-12-01,tid_2534,1
kmeans,2023-12-01,tid_2535,1
kmeans,2023-12-01,tid_2536,1
kmeans,2023-12-01,tid_2537,1
kmeans,2023-12-01,tid_2538,1
kmeans,2023-12-01,tid_2539,1
kmeans,2023-12-01,tid_2540,1
kmeans,2023-12-01,tid_2541,1
kmeans,2023-12-01,tid_2542,1
kmeans,2023-12-01,tid_2543,1
kmeans,2023-12-01,tid_2544,1
kmeans,2023-12-01,tid_2545,1
kmeans,2023-12-01,tid_2546,1
kmeans,2023-12-01,tid_2547,7
kmeans,2023-12-01,tid_2548,1
kmeans,2023-12-01,tid_2549,1
kmeans,2023-12-01,tid_2550,1
kmeans,2023-12-01,tid_2551,1
kmeans,2023-12-01,tid_2552,1
kmeans,2023-12-01,tid_2553,1
kmeans,2023-12-01,tid_2554,1
kmeans,2023-12-01,tid_2555,1
kmeans,2023-12-01,tid_2556,1
kmeans,2023-12-01,tid_2557,1
kmeans,2023-12-01,tid_2558,1
kmeans,2023-12-01,tid_2559,1
kmeans,2023-12-01,tid_2560,1
kmeans,2023-12-01,tid_2561,1
kmeans,2023-12-01,tid_2562,1
kmeans,2023-12-01,tid_2563,1
kmeans,2023-12-01,tid_2564,1
kmeans,2023-12-01,tid_2565,1
kmeans,2023-12-01,tid_2566,1
kmeans,2023-12-01,tid_2567,1
kmeans,2023-12-01,tid_2568,1
kmeans,2023-12-01,tid_2569,1
kmeans,2023-12-01,tid_2570,1
kmeans,2023-12-01,tid_2571,7
kmeans,2023-12-01,tid_2572,1
kmeans,2023-12-01,tid_2573,1
kmeans,2023-12-01,tid_2574,1
kmeans,2023-12-01,tid_2575,1
kmeans,2023-12-01,tid_2576,1
kmeans,2023-12-01,tid_2577,1
kmeans,2023-12-01,tid_2578,1
kmeans,2023-12-01,tid_2579,1
kmeans,2023-12-01,tid_2580,1
kmeans,2023-12-01,tid_2581,1
kmeans,2023-12-01,tid_2582,1
kmeans,2023-12-01,tid_2583,1
kmeans,2023-12-01,tid_2584,1
kmeans,2023-12-01,tid_2585,1
kmeans,2023-12-01,tid_2586,1
kmeans,2023-12-01,tid_2587,1
kmeans,2023-12-01,tid_2588,7
kmeans,2023-12-01,tid_2589,1
kmeans,2023-12-01,tid_2590,1
kmeans,2023-12-01,tid_2591,7
kmeans,2023-12-01,tid_2592,1
kmeans,2023-12-01,tid_2593,0
kmeans,2023-12-01,tid_2595,6
kmeans,2023-12-01,tid_2596,7
kmeans,2023-12-01,tid_2597,1
kmeans,2023-12-01,tid_2598,6
kmeans,2023-12-01,tid_2599,1
kmeans,2023-12-01,tid_26,7
kmeans,2023-12-01,tid_2600,1
kmeans,2023-12-01,tid_2601,7
kmeans,2023-12-01,tid_2602,1
kmeans,2023-12-01,tid_2604,1
kmeans,2023-12-01,tid_2605,1
kmeans,2023-12-01,tid_2606,1
kmeans,2023-12-01,tid_2607,7
kmeans,2023-12-01,tid_2618,5
kmeans,2023-12-01,tid_2619,6
kmeans,2023-12-01,tid_2620,7
kmeans,2023-12-01,tid_2621,7
kmeans,2023-12-01,tid_2644,7
kmeans,2023-12-01,tid_2646,1
kmeans,2023-12-01,tid_2647,7
kmeans,2023-12-01,tid_2648,7
kmeans,2023-12-01,tid_2649,1
kmeans,2023-12-01,tid_2651,1
kmeans,2023-12-01,tid_2652,7
kmeans,2023-12-01,tid_269,7
kmeans,2023-12-01,tid_27,7
kmeans,2023-12-01,tid_270,6
kmeans,2023-12-01,tid_271,5
kmeans,2023-12-01,tid_2710,7
kmeans,2023-12-01,tid_272,4
kmeans,2023-12-01,tid_273,3
kmeans,2023-12-01,tid_274,0
kmeans,2023-12-01,tid_275,3
kmeans,2023-12-01,tid_276,3
kmeans,2023-12-01,tid_277,3
kmeans,2023-12-01,tid_278,7
kmeans,2023-12-01,tid_279,5
kmeans,2023-12-01,tid_28,7
kmeans,2023-12-01,tid_280,4
kmeans,2023-12-01,tid_2808,7
kmeans,2023-12-01,tid_2809,7
kmeans,2023-12-01,tid_281,5
kmeans,2023-12-01,tid_2813,6
kmeans,2023-12-01,tid_2814,1
kmeans,2023-12-01,tid_282,3
kmeans,2023-12-01,tid_283,3
kmeans,2023-12-01,tid_284,4
kmeans,2023-12-01,tid_285,0
kmeans,2023-12-01,tid_287,0
kmeans,2023-12-01,tid_2872,4
kmeans,2023-12-01,tid_2876,1
kmeans,2023-12-01,tid_2879,6
kmeans,2023-12-01,tid_288,0
kmeans,2023-12-01,tid_2880,6
kmeans,2023-12-01,tid_2881,1
kmeans,2023-12-01,tid_2882,6
kmeans,2023-12-01,tid_2883,6
kmeans,2023-12-01,tid_2884,7
kmeans,2023-12-01,tid_2885,7
kmeans,2023-12-01,tid_2886,6
kmeans,2023-12-01,tid_2887,1
kmeans,2023-12-01,tid_289,0
kmeans,2023-12-01,tid_29,7
kmeans,2023-12-01,tid_290,0
kmeans,2023-12-01,tid_292,0
kmeans,2023-12-01,tid_293,0
kmeans,2023-12-01,tid_294,0
kmeans,2023-12-01,tid_295,0
kmeans,2023-12-01,tid_296,0
kmeans,2023-12-01,tid_297,0
kmeans,2023-12-01,tid_298,0
kmeans,2023-12-01,tid_3,5
kmeans,2023-12-01,tid_30,4
kmeans,2023-12-01,tid_300,0
kmeans,2023-12-01,tid_3005,7
kmeans,2023-12-01,tid_3007,6
kmeans,2023-12-01,tid_3009,7
kmeans,2023-12-01,tid_301,7
kmeans,2023-12-01,tid_3011,7
kmeans,2023-12-01,tid_3012,5
kmeans,2023-12-01,tid_3013,7
kmeans,2023-12-01,tid_302,0
kmeans,2023-12-01,tid_303,6
kmeans,2023-12-01,tid_304,0
kmeans,2023-12-01,tid_305,0
kmeans,2023-12-01,tid_306,0
kmeans,2023-12-01,tid_307,0
kmeans,2023-12-01,tid_308,0
kmeans,2023-12-01,tid_309,2
kmeans,2023-12-01,tid_31,7
kmeans,2023-12-01,tid_312,7
kmeans,2023-12-01,tid_314,2
kmeans,2023-12-01,tid_316,2
kmeans,2023-12-01,tid_317,2
kmeans,2023-12-01,tid_318,2
kmeans,2023-12-01,tid_319,2
kmeans,2023-12-01,tid_32,3
kmeans,2023-12-01,tid_320,2
kmeans,2023-12-01,tid_321,4
kmeans,2023-12-01,tid_323,2
kmeans,2023-12-01,tid_324,2
kmeans,2023-12-01,tid_325,6
kmeans,2023-12-01,tid_326,2
kmeans,2023-12-01,tid_327,6
kmeans,2023-12-01,tid_329,2
kmeans,2023-12-01,tid_33,3
kmeans,2023-12-01,tid_330,6
kmeans,2023-12-01,tid_331,2
kmeans,2023-12-01,tid_332,2
kmeans,2023-12-01,tid_333,4
kmeans,2023-12-01,tid_334,2
kmeans,2023-12-01,tid_335,2
kmeans,2023-12-01,tid_336,2
kmeans,2023-12-01,tid_337,2
kmeans,2023-12-01,tid_338,2
kmeans,2023-12-01,tid_339,2
kmeans,2023-12-01,tid_34,3
kmeans,2023-12-01,tid_340,2
kmeans,2023-12-01,tid_341,2
kmeans,2023-12-01,tid_342,2
kmeans,2023-12-01,tid_343,2
kmeans,2023-12-01,tid_345,1
kmeans,2023-12-01,tid_346,1
kmeans,2023-12-01,tid_347,1
kmeans,2023-12-01,tid_348,1
kmeans,2023-12-01,tid_349,1
kmeans,2023-12-01,tid_35,7
kmeans,2023-12-01,tid_351,1
kmeans,2023-12-01,tid_352,1
kmeans,2023-12-01,tid_354,1
kmeans,2023-12-01,tid_355,1
kmeans,2023-12-01,tid_356,3
kmeans,2023-12-01,tid_357,7
kmeans,2023-12-01,tid_358,4
kmeans,2023-12-01,tid_359,3
kmeans,2023-12-01,tid_36,3
kmeans,2023-12-01,tid_360,4
kmeans,2023-12-01,tid_361,3
kmeans,2023-12-01,tid_362,7
kmeans,2023-12-01,tid_363,3
kmeans,2023-12-01,tid_364,7
kmeans,2023-12-01,tid_365,3
kmeans,2023-12-01,tid_366,3
kmeans,2023-12-01,tid_367,7
kmeans,2023-12-01,tid_368,7
kmeans,2023-12-01,tid_369,3
kmeans,2023-12-01,tid_37,3
kmeans,2023-12-01,tid_370,6
kmeans,2023-12-01,tid_371,7
kmeans,2023-12-01,tid_372,3
kmeans,2023-12-01,tid_373,7
kmeans,2023-12-01,tid_374,7
kmeans,2023-12-01,tid_375,7
kmeans,2023-12-01,tid_376,3
kmeans,2023-12-01,tid_377,0
kmeans,2023-12-01,tid_378,7
kmeans,2023-12-01,tid_379,1
kmeans,2023-12-01,tid_38,7
kmeans,2023-12-01,tid_380,7
kmeans,2023-12-01,tid_381,3
kmeans,2023-12-01,tid_382,6
kmeans,2023-12-01,tid_383,7
kmeans,2023-12-01,tid_384,3
kmeans,2023-12-01,tid_385,7
kmeans,2023-12-01,tid_386,4
kmeans,2023-12-01,tid_387,7
kmeans,2023-12-01,tid_388,7
kmeans,2023-12-01,tid_39,7
kmeans,2023-12-01,tid_390,7
kmeans,2023-12-01,tid_391,3
kmeans,2023-12-01,tid_392,0
kmeans,2023-12-01,tid_393,0
kmeans,2023-12-01,tid_395,3
kmeans,2023-12-01,tid_396,7
kmeans,2023-12-01,tid_397,7
kmeans,2023-12-01,tid_398,5
kmeans,2023-12-01,tid_4,7
kmeans,2023-12-01,tid_40,7
kmeans,2023-12-01,tid_401,4
kmeans,2023-12-01,tid_402,4
kmeans,2023-12-01,tid_403,4
kmeans,2023-12-01,tid_404,4
kmeans,2023-12-01,tid_405,7
kmeans,2023-12-01,tid_408,4
kmeans,2023-12-01,tid_41,3
kmeans,2023-12-01,tid_410,4
kmeans,2023-12-01,tid_413,4
kmeans,2023-12-01,tid_414,7
kmeans,2023-12-01,tid_416,4
kmeans,2023-12-01,tid_418,1
kmeans,2023-12-01,tid_419,7
kmeans,2023-12-01,tid_42,7
kmeans,2023-12-01,tid_420,7
kmeans,2023-12-01,tid_421,7
kmeans,2023-12-01,tid_422,7
kmeans,2023-12-01,tid_423,7
kmeans,2023-12-01,tid_424,3
kmeans,2023-12-01,tid_425,3
kmeans,2023-12-01,tid_428,0
kmeans,2023-12-01,tid_429,3
kmeans,2023-12-01,tid_43,3
kmeans,2023-12-01,tid_430,7
kmeans,2023-12-01,tid_431,3
kmeans,2023-12-01,tid_432,3
kmeans,2023-12-01,tid_433,3
kmeans,2023-12-01,tid_434,3
kmeans,2023-12-01,tid_435,0
kmeans,2023-12-01,tid_436,3
kmeans,2023-12-01,tid_437,3
kmeans,2023-12-01,tid_438,3
kmeans,2023-12-01,tid_44,7
kmeans,2023-12-01,tid_440,3
kmeans,2023-12-01,tid_441,3
kmeans,2023-12-01,tid_442,3
kmeans,2023-12-01,tid_443,3
kmeans,2023-12-01,tid_444,3
kmeans,2023-12-01,tid_445,5
kmeans,2023-12-01,tid_446,3
kmeans,2023-12-01,tid_447,3
kmeans,2023-12-01,tid_448,7
kmeans,2023-12-01,tid_449,4
kmeans,2023-12-01,tid_45,3
kmeans,2023-12-01,tid_450,6
kmeans,2023-12-01,tid_451,5
kmeans,2023-12-01,tid_452,7
kmeans,2023-12-01,tid_453,4
kmeans,2023-12-01,tid_455,4
kmeans,2023-12-01,tid_456,4
kmeans,2023-12-01,tid_457,5
kmeans,2023-12-01,tid_458,4
kmeans,2023-12-01,tid_459,7
kmeans,2023-12-01,tid_46,3
kmeans,2023-12-01,tid_460,4
kmeans,2023-12-01,tid_47,7
kmeans,2023-12-01,tid_478,1
kmeans,2023-12-01,tid_479,0
kmeans,2023-12-01,tid_48,3
kmeans,2023-12-01,tid_480,7
kmeans,2023-12-01,tid_481,7
kmeans,2023-12-01,tid_482,6
kmeans,2023-12-01,tid_484,3
kmeans,2023-12-01,tid_485,7
kmeans,2023-12-01,tid_486,3
kmeans,2023-12-01,tid_487,3
kmeans,2023-12-01,tid_489,0
kmeans,2023-12-01,tid_49,6
kmeans,2023-12-01,tid_490,7
kmeans,2023-12-01,tid_491,0
kmeans,2023-12-01,tid_492,4
kmeans,2023-12-01,tid_493,5
kmeans,2023-12-01,tid_494,3
kmeans,2023-12-01,tid_495,0
kmeans,2023-12-01,tid_496,3
kmeans,2023-12-01,tid_497,3
kmeans,2023-12-01,tid_498,7
kmeans,2023-12-01,tid_499,7
kmeans,2023-12-01,tid_5,6
kmeans,2023-12-01,tid_50,7
kmeans,2023-12-01,tid_501,3
kmeans,2023-12-01,tid_502,7
kmeans,2023-12-01,tid_503,3
kmeans,2023-12-01,tid_504,7
kmeans,2023-12-01,tid_505,3
kmeans,2023-12-01,tid_506,7
kmeans,2023-12-01,tid_507,7
kmeans,2023-12-01,tid_508,6
kmeans,2023-12-01,tid_509,7
kmeans,2023-12-01,tid_51,7
kmeans,2023-12-01,tid_510,7
kmeans,2023-12-01,tid_511,6
kmeans,2023-12-01,tid_512,6
kmeans,2023-12-01,tid_515,7
kmeans,2023-12-01,tid_516,0
kmeans,2023-12-01,tid_517,7
kmeans,2023-12-01,tid_518,6
kmeans,2023-12-01,tid_519,3
kmeans,2023-12-01,tid_52,3
kmeans,2023-12-01,tid_520,0
kmeans,2023-12-01,tid_521,0
kmeans,2023-12-01,tid_522,5
kmeans,2023-12-01,tid_523,0
kmeans,2023-12-01,tid_524,3
kmeans,2023-12-01,tid_525,5
kmeans,2023-12-01,tid_527,6
kmeans,2023-12-01,tid_528,5
kmeans,2023-12-01,tid_529,3
kmeans,2023-12-01,tid_53,7
kmeans,2023-12-01,tid_530,6
kmeans,2023-12-01,tid_531,3
kmeans,2023-12-01,tid_532,3
kmeans,2023-12-01,tid_533,3
kmeans,2023-12-01,tid_534,4
kmeans,2023-12-01,tid_535,3
kmeans,2023-12-01,tid_536,0
kmeans,2023-12-01,tid_537,3
kmeans,2023-12-01,tid_538,5
kmeans,2023-12-01,tid_539,3
kmeans,2023-12-01,tid_54,7
kmeans,2023-12-01,tid_540,3
kmeans,2023-12-01,tid_541,0
kmeans,2023-12-01,tid_542,5
kmeans,2023-12-01,tid_543,3
kmeans,2023-12-01,tid_544,0
kmeans,2023-12-01,tid_545,3
kmeans,2023-12-01,tid_546,0
kmeans,2023-12-01,tid_547,0
kmeans,2023-12-01,tid_548,3
kmeans,2023-12-01,tid_549,0
kmeans,2023-12-01,tid_55,7
kmeans,2023-12-01,tid_550,0
kmeans,2023-12-01,tid_552,0
kmeans,2023-12-01,tid_553,5
kmeans,2023-12-01,tid_554,3
kmeans,2023-12-01,tid_555,0
kmeans,2023-12-01,tid_556,0
kmeans,2023-12-01,tid_557,3
kmeans,2023-12-01,tid_558,0
kmeans,2023-12-01,tid_559,3
kmeans,2023-12-01,tid_56,3
kmeans,2023-12-01,tid_560,3
kmeans,2023-12-01,tid_561,6
kmeans,2023-12-01,tid_562,0
kmeans,2023-12-01,tid_563,0
kmeans,2023-12-01,tid_564,3
kmeans,2023-12-01,tid_565,5
kmeans,2023-12-01,tid_566,0
kmeans,2023-12-01,tid_567,3
kmeans,2023-12-01,tid_568,4
kmeans,2023-12-01,tid_569,0
kmeans,2023-12-01,tid_57,7
kmeans,2023-12-01,tid_570,5
kmeans,2023-12-01,tid_571,3
kmeans,2023-12-01,tid_572,5
kmeans,2023-12-01,tid_574,3
kmeans,2023-12-01,tid_578,7
kmeans,2023-12-01,tid_579,3
kmeans,2023-12-01,tid_58,3
kmeans,2023-12-01,tid_580,2
kmeans,2023-12-01,tid_581,7
kmeans,2023-12-01,tid_582,7
kmeans,2023-12-01,tid_583,2
kmeans,2023-12-01,tid_584,3
kmeans,2023-12-01,tid_585,6
kmeans,2023-12-01,tid_586,3
kmeans,2023-12-01,tid_587,7
kmeans,2023-12-01,tid_588,3
kmeans,2023-12-01,tid_589,3
kmeans,2023-12-01,tid_59,7
kmeans,2023-12-01,tid_591,3
kmeans,2023-12-01,tid_592,4
kmeans,2023-12-01,tid_593,3
kmeans,2023-12-01,tid_594,3
kmeans,2023-12-01,tid_595,3
kmeans,2023-12-01,tid_598,3
kmeans,2023-12-01,tid_599,4
kmeans,2023-12-01,tid_6,7
kmeans,2023-12-01,tid_60,7
kmeans,2023-12-01,tid_600,4
kmeans,2023-12-01,tid_601,7
kmeans,2023-12-01,tid_602,3
kmeans,2023-12-01,tid_603,3
kmeans,2023-12-01,tid_604,7
kmeans,2023-12-01,tid_605,7
kmeans,2023-12-01,tid_606,3
kmeans,2023-12-01,tid_607,7
kmeans,2023-12-01,tid_608,7
kmeans,2023-12-01,tid_61,3
kmeans,2023-12-01,tid_612,7
kmeans,2023-12-01,tid_613,4
kmeans,2023-12-01,tid_614,2
kmeans,2023-12-01,tid_615,2
kmeans,2023-12-01,tid_616,2
kmeans,2023-12-01,tid_618,2
kmeans,2023-12-01,tid_619,2
kmeans,2023-12-01,tid_62,7
kmeans,2023-12-01,tid_621,2
kmeans,2023-12-01,tid_63,3
kmeans,2023-12-01,tid_65,3
kmeans,2023-12-01,tid_66,7
kmeans,2023-12-01,tid_666,1
kmeans,2023-12-01,tid_667,7
kmeans,2023-12-01,tid_668,0
kmeans,2023-12-01,tid_669,6
kmeans,2023-12-01,tid_67,3
kmeans,2023-12-01,tid_670,6
kmeans,2023-12-01,tid_671,6
kmeans,2023-12-01,tid_674,7
kmeans,2023-12-01,tid_675,6
kmeans,2023-12-01,tid_676,7
kmeans,2023-12-01,tid_677,6
kmeans,2023-12-01,tid_678,7
kmeans,2023-12-01,tid_679,7
kmeans,2023-12-01,tid_68,3
kmeans,2023-12-01,tid_680,6
kmeans,2023-12-01,tid_683,0
kmeans,2023-12-01,tid_685,7
kmeans,2023-12-01,tid_686,7
kmeans,2023-12-01,tid_687,0
kmeans,2023-12-01,tid_689,6
kmeans,2023-12-01,tid_69,3
kmeans,2023-12-01,tid_690,3
kmeans,2023-12-01,tid_691,5
kmeans,2023-12-01,tid_692,0
kmeans,2023-12-01,tid_693,7
kmeans,2023-12-01,tid_694,5
kmeans,2023-12-01,tid_695,0
kmeans,2023-12-01,tid_696,3
kmeans,2023-12-01,tid_697,4
kmeans,2023-12-01,tid_698,0
kmeans,2023-12-01,tid_699,5
kmeans,2023-12-01,tid_7,1
kmeans,2023-12-01,tid_70,4
kmeans,2023-12-01,tid_701,4
kmeans,2023-12-01,tid_702,6
kmeans,2023-12-01,tid_703,5
kmeans,2023-12-01,tid_704,4
kmeans,2023-12-01,tid_705,4
kmeans,2023-12-01,tid_706,0
kmeans,2023-12-01,tid_708,3
kmeans,2023-12-01,tid_71,3
kmeans,2023-12-01,tid_710,5
kmeans,2023-12-01,tid_711,0
kmeans,2023-12-01,tid_712,0
kmeans,2023-12-01,tid_713,0
kmeans,2023-12-01,tid_714,4
kmeans,2023-12-01,tid_715,5
kmeans,2023-12-01,tid_716,6
kmeans,2023-12-01,tid_717,4
kmeans,2023-12-01,tid_718,2
kmeans,2023-12-01,tid_719,0
kmeans,2023-12-01,tid_72,7
kmeans,2023-12-01,tid_720,2
kmeans,2023-12-01,tid_721,0
kmeans,2023-12-01,tid_722,4
kmeans,2023-12-01,tid_723,4
kmeans,2023-12-01,tid_725,3
kmeans,2023-12-01,tid_726,2
kmeans,2023-12-01,tid_727,7
kmeans,2023-12-01,tid_73,7
kmeans,2023-12-01,tid_731,7
kmeans,2023-12-01,tid_734,5
kmeans,2023-12-01,tid_735,7
kmeans,2023-12-01,tid_736,4
kmeans,2023-12-01,tid_737,5
kmeans,2023-12-01,tid_738,3
kmeans,2023-12-01,tid_739,6
kmeans,2023-12-01,tid_74,3
kmeans,2023-12-01,tid_741,6
kmeans,2023-12-01,tid_742,4
kmeans,2023-12-01,tid_743,5
kmeans,2023-12-01,tid_744,3
kmeans,2023-12-01,tid_745,5
kmeans,2023-12-01,tid_746,3
kmeans,2023-12-01,tid_747,5
kmeans,2023-12-01,tid_748,7
kmeans,2023-12-01,tid_749,3
kmeans,2023-12-01,tid_75,7
kmeans,2023-12-01,tid_751,5
kmeans,2023-12-01,tid_752,4
kmeans,2023-12-01,tid_753,4
kmeans,2023-12-01,tid_754,3
kmeans,2023-12-01,tid_755,4
kmeans,2023-12-01,tid_756,3
kmeans,2023-12-01,tid_757,7
kmeans,2023-12-01,tid_758,3
kmeans,2023-12-01,tid_76,7
kmeans,2023-12-01,tid_760,0
kmeans,2023-12-01,tid_761,3
kmeans,2023-12-01,tid_763,7
kmeans,2023-12-01,tid_764,4
kmeans,2023-12-01,tid_765,4
kmeans,2023-12-01,tid_766,7
kmeans,2023-12-01,tid_767,4
kmeans,2023-12-01,tid_769,5
kmeans,2023-12-01,tid_77,7
kmeans,2023-12-01,tid_770,4
kmeans,2023-12-01,tid_771,3
kmeans,2023-12-01,tid_773,4
kmeans,2023-12-01,tid_774,4
kmeans,2023-12-01,tid_775,1
kmeans,2023-12-01,tid_776,7
kmeans,2023-12-01,tid_777,7
kmeans,2023-12-01,tid_778,7
kmeans,2023-12-01,tid_779,3
kmeans,2023-12-01,tid_78,3
kmeans,2023-12-01,tid_780,3
kmeans,2023-12-01,tid_781,3
kmeans,2023-12-01,tid_782,7
kmeans,2023-12-01,tid_783,3
kmeans,2023-12-01,tid_784,3
kmeans,2023-12-01,tid_785,1
kmeans,2023-12-01,tid_787,3
kmeans,2023-12-01,tid_788,7
kmeans,2023-12-01,tid_789,3
kmeans,2023-12-01,tid_79,7
kmeans,2023-12-01,tid_790,3
kmeans,2023-12-01,tid_791,3
kmeans,2023-12-01,tid_792,3
kmeans,2023-12-01,tid_793,3
kmeans,2023-12-01,tid_794,7
kmeans,2023-12-01,tid_795,3
kmeans,2023-12-01,tid_796,3
kmeans,2023-12-01,tid_797,3
kmeans,2023-12-01,tid_798,3
kmeans,2023-12-01,tid_799,3
kmeans,2023-12-01,tid_8,7
kmeans,2023-12-01,tid_80,3
kmeans,2023-12-01,tid_800,3
kmeans,2023-12-01,tid_801,3
kmeans,2023-12-01,tid_802,3
kmeans,2023-12-01,tid_803,3
kmeans,2023-12-01,tid_804,3
kmeans,2023-12-01,tid_805,3
kmeans,2023-12-01,tid_806,3
kmeans,2023-12-01,tid_807,3
kmeans,2023-12-01,tid_808,3
kmeans,2023-12-01,tid_809,1
kmeans,2023-12-01,tid_81,7
kmeans,2023-12-01,tid_810,0
kmeans,2023-12-01,tid_811,1
kmeans,2023-12-01,tid_812,1
kmeans,2023-12-01,tid_813,1
kmeans,2023-12-01,tid_814,0
kmeans,2023-12-01,tid_815,0
kmeans,2023-12-01,tid_817,6
kmeans,2023-12-01,tid_818,7
kmeans,2023-12-01,tid_819,1
kmeans,2023-12-01,tid_82,3
kmeans,2023-12-01,tid_820,7
kmeans,2023-12-01,tid_821,0
kmeans,2023-12-01,tid_822,0
kmeans,2023-12-01,tid_823,7
kmeans,2023-12-01,tid_824,1
kmeans,2023-12-01,tid_825,0
kmeans,2023-12-01,tid_826,0
kmeans,2023-12-01,tid_827,0
kmeans,2023-12-01,tid_828,0
kmeans,2023-12-01,tid_829,0
kmeans,2023-12-01,tid_83,7
kmeans,2023-12-01,tid_830,7
kmeans,2023-12-01,tid_831,0
kmeans,2023-12-01,tid_832,0
kmeans,2023-12-01,tid_833,0
kmeans,2023-12-01,tid_834,1
kmeans,2023-12-01,tid_835,0
kmeans,2023-12-01,tid_836,0
kmeans,2023-12-01,tid_838,0
kmeans,2023-12-01,tid_839,0
kmeans,2023-12-01,tid_840,0
kmeans,2023-12-01,tid_841,7
kmeans,2023-12-01,tid_842,7
kmeans,2023-12-01,tid_843,7
kmeans,2023-12-01,tid_844,6
kmeans,2023-12-01,tid_846,4
kmeans,2023-12-01,tid_847,4
kmeans,2023-12-01,tid_848,2
kmeans,2023-12-01,tid_849,3
kmeans,2023-12-01,tid_851,3
kmeans,2023-12-01,tid_852,3
kmeans,2023-12-01,tid_853,2
kmeans,2023-12-01,tid_854,2
kmeans,2023-12-01,tid_855,2
kmeans,2023-12-01,tid_856,4
kmeans,2023-12-01,tid_857,2
kmeans,2023-12-01,tid_859,2
kmeans,2023-12-01,tid_860,7
kmeans,2023-12-01,tid_870,3
kmeans,2023-12-01,tid_871,7
kmeans,2023-12-01,tid_872,7
kmeans,2023-12-01,tid_873,6
kmeans,2023-12-01,tid_874,3
kmeans,2023-12-01,tid_875,2
kmeans,2023-12-01,tid_876,3
kmeans,2023-12-01,tid_877,3
kmeans,2023-12-01,tid_878,3
kmeans,2023-12-01,tid_879,2
kmeans,2023-12-01,tid_880,3
kmeans,2023-12-01,tid_881,3
kmeans,2023-12-01,tid_882,3
kmeans,2023-12-01,tid_883,6
kmeans,2023-12-01,tid_884,2
kmeans,2023-12-01,tid_885,3
kmeans,2023-12-01,tid_886,3
kmeans,2023-12-01,tid_888,2
kmeans,2023-12-01,tid_889,3
kmeans,2023-12-01,tid_890,7
kmeans,2023-12-01,tid_891,6
kmeans,2023-12-01,tid_892,7
kmeans,2023-12-01,tid_895,5
kmeans,2023-12-01,tid_896,7
kmeans,2023-12-01,tid_897,4
kmeans,2023-12-01,tid_898,5
kmeans,2023-12-01,tid_899,6
kmeans,2023-12-01,tid_9,7
kmeans,2023-12-01,tid_900,4
kmeans,2023-12-01,tid_901,4
kmeans,2023-12-01,tid_902,4
kmeans,2023-12-01,tid_903,6
kmeans,2023-12-01,tid_904,3
kmeans,2023-12-01,tid_905,6
kmeans,2023-12-01,tid_907,3
kmeans,2023-12-01,tid_908,4
kmeans,2023-12-01,tid_909,5
kmeans,2023-12-01,tid_911,4
kmeans,2023-12-01,tid_912,7
kmeans,2023-12-01,tid_913,4
kmeans,2023-12-01,tid_914,5
kmeans,2023-12-01,tid_915,0
kmeans,2023-12-01,tid_916,7
kmeans,2023-12-01,tid_917,2
kmeans,2023-12-01,tid_918,7
kmeans,2023-12-01,tid_920,6
kmeans,2023-12-01,tid_922,0
kmeans,2023-12-01,tid_923,5
kmeans,2023-12-01,tid_924,0
kmeans,2023-12-01,tid_925,0
kmeans,2023-12-01,tid_926,0
kmeans,2023-12-01,tid_927,7
kmeans,2023-12-01,tid_928,7
kmeans,2023-12-01,tid_929,0
kmeans,2023-12-01,tid_930,0
kmeans,2023-12-01,tid_986,7
kmeans,2023-12-01,tid_987,6
kmeans,2023-12-01,tid_988,7
kmeans,2023-12-01,tid_989,7
kmeans,2023-12-01,tid_991,7
kmeans,2023-12-01,tid_992,6
kmeans,2023-12-01,tid_993,5
kmeans,2023-12-01,tid_994,5
kmeans,2023-12-01,tid_995,5
kmeans,2023-12-01,tid_996,6
kmeans,2023-12-01,tid_998,6
kmeans,2023-12-01,tid_999,5
ward,2023-12-01,tid_1,5
ward,2023-12-01,tid_10,5
ward,2023-12-01,tid_1001,4
ward,2023-12-01,tid_1002,6
ward,2023-12-01,tid_1003,6
ward,2023-12-01,tid_1004,1
ward,2023-12-01,tid_1005,4
ward,2023-12-01,tid_1006,6
ward,2023-12-01,tid_1007,5
ward,2023-12-01,tid_1008,5
ward,2023-12-01,tid_1009,4
ward,2023-12-01,tid_1010,0
ward,2023-12-01,tid_1011,0
ward,2023-12-01,tid_1012,0
ward,2023-12-01,tid_1013,1
ward,2023-12-01,tid_1014,0
ward,2023-12-01,tid_1015,1
ward,2023-12-01,tid_1016,0
ward,2023-12-01,tid_1017,1
ward,2023-12-01,tid_1018,0
ward,2023-12-01,tid_1019,1
ward,2023-12-01,tid_1020,4
ward,2023-12-01,tid_1021,4
ward,2023-12-01,tid_1023,0
ward,2023-12-01,tid_1024,1
ward,2023-12-01,tid_1025,1
ward,2023-12-01,tid_1026,3
ward,2023-12-01,tid_1027,0
ward,2023-12-01,tid_1028,0
ward,2023-12-01,tid_1029,1
ward,2023-12-01,tid_1030,0
ward,2023-12-01,tid_1031,4
ward,2023-12-01,tid_1032,0
ward,2023-12-01,tid_1033,1
ward,2023-12-01,tid_1034,1
ward,2023-12-01,tid_1035,0
ward,2023-12-01,tid_1036,1
ward,2023-12-01,tid_1037,4
ward,2023-12-01,tid_1038,1
ward,2023-12-01,tid_1039,4
ward,2023-12-01,tid_1040,4
ward,2023-12-01,tid_1041,1
ward,2023-12-01,tid_1044,0
ward,2023-12-01,tid_1047,1
ward,2023-12-01,tid_1048,1
ward,2023-12-01,tid_1049,3
ward,2023-12-01,tid_1051,4
ward,2023-12-01,tid_1052,1
ward,2023-12-01,tid_1053,6
ward,2023-12-01,tid_1054,4
ward,2023-12-01,tid_1055,1
ward,2023-12-01,tid_1056,6
ward,2023-12-01,tid_1057,6
ward,2023-12-01,tid_1058,1
ward,2023-12-01,tid_1059,1
ward,2023-12-01,tid_1060,6
ward,2023-12-01,tid_1061,1
ward,2023-12-01,tid_1062,1
ward,2023-12-01,tid_1063,3
ward,2023-12-01,tid_1064,1
ward,2023-12-01,tid_1065,1
ward,2023-12-01,tid_1066,6
ward,2023-12-01,tid_1067,1
ward,2023-12-01,tid_1068,1
ward,2023-12-01,tid_1069,6
ward,2023-12-01,tid_1070,4
ward,2023-12-01,tid_1071,4
ward,2023-12-01,tid_1072,3
ward,2023-12-01,tid_11,4
ward,2023-12-01,tid_1107,5
ward,2023-12-01,tid_1108,1
ward,2023-12-01,tid_1109,4
ward,2023-12-01,tid_1110,3
ward,2023-12-01,tid_1111,3
ward,2023-12-01,tid_1112,3
ward,2023-12-01,tid_1113,6
ward,2023-12-01,tid_1115,6
ward,2023-12-01,tid_1116,0
ward,2023-12-01,tid_1117,5
ward,2023-12-01,tid_1118,6
ward,2023-12-01,tid_1119,6
ward,2023-12-01,tid_1120,6
ward,2023-12-01,tid_1121,6
ward,2023-12-01,tid_1122,6
ward,2023-12-01,tid_1123,6
ward,2023-12-01,tid_1124,1
ward,2023-12-01,tid_1125,6
ward,2023-12-01,tid_1126,6
ward,2023-12-01,tid_1127,6
ward,2023-12-01,tid_1128,1
ward,2023-12-01,tid_1129,6
ward,2023-12-01,tid_1130,6
ward,2023-12-01,tid_1131,3
ward,2023-12-01,tid_1132,6
ward,2023-12-01,tid_1133,1
ward,2023-12-01,tid_1134,5
ward,2023-12-01,tid_1135,5
ward,2023-12-01,tid_1136,5
ward,2023-12-01,tid_1137,1
ward,2023-12-01,tid_1138,3
ward,2023-12-01,tid_1139,4
ward,2023-12-01,tid_1140,5
ward,2023-12-01,tid_1141,4
ward,2023-12-01,tid_1142,4
ward,2023-12-01,tid_1143,6
ward,2023-12-01,tid_1144,1
ward,2023-12-01,tid_1146,6
ward,2023-12-01,tid_1147,4
ward,2023-12-01,tid_1148,1
ward,2023-12-01,tid_1149,1
ward,2023-12-01,tid_1150,5
ward,2023-12-01,tid_1151,1
ward,2023-12-01,tid_1152,2
ward,2023-12-01,tid_1153,4
ward,2023-12-01,tid_1154,3
ward,2023-12-01,tid_1155,1
ward,2023-12-01,tid_1157,6
ward,2023-12-01,tid_1158,1
ward,2023-12-01,tid_1159,4
ward,2023-12-01,tid_1160,3
ward,2023-12-01,tid_1161,4
ward,2023-12-01,tid_1163,4
ward,2023-12-01,tid_1164,1
ward,2023-12-01,tid_1165,4
ward,2023-12-01,tid_1166,1
ward,2023-12-01,tid_1167,1
ward,2023-12-01,tid_1168,1
ward,2023-12-01,tid_1169,5
ward,2023-12-01,tid_1170,4
ward,2023-12-01,tid_1171,4
ward,2023-12-01,tid_1172,4
ward,2023-12-01,tid_1173,0
ward,2023-12-01,tid_1174,4
ward,2023-12-01,tid_1175,4
ward,2023-12-01,tid_1176,5
ward,2023-12-01,tid_1178,1
ward,2023-12-01,tid_1179,3
ward,2023-12-01,tid_1180,3
ward,2023-12-01,tid_1181,3
ward,2023-12-01,tid_1184,3
ward,2023-12-01,tid_1185,3
ward,2023-12-01,tid_1186,5
ward,2023-12-01,tid_1187,3
ward,2023-12-01,tid_1188,5
ward,2023-12-01,tid_1189,4
ward,2023-12-01,tid_1190,5
ward,2023-12-01,tid_1191,1
ward,2023-12-01,tid_1192,4
ward,2023-12-01,tid_1193,3
ward,2023-12-01,tid_1194,0
ward,2023-12-01,tid_1195,0
ward,2023-12-01,tid_1196,0
ward,2023-12-01,tid_1197,3
ward,2023-12-01,tid_1198,5
ward,2023-12-01,tid_12,5
ward,2023-12-01,tid_1200,1
ward,2023-12-01,tid_1201,1
ward,2023-12-01,tid_1203,1
ward,2023-12-01,tid_1204,1
ward,2023-12-01,tid_1205,1
ward,2023-12-01,tid_1206,1
ward,2023-12-01,tid_1207,4
ward,2023-12-01,tid_1208,1
ward,2023-12-01,tid_1209,1
ward,2023-12-01,tid_1210,1
ward,2023-12-01,tid_1211,3
ward,2023-12-01,tid_1212,4
ward,2023-12-01,tid_1213,1
ward,2023-12-01,tid_1214,6
ward,2023-12-01,tid_1215,1
ward,2023-12-01,tid_1217,1
ward,2023-12-01,tid_1218,1
ward,2023-12-01,tid_1219,6
ward,2023-12-01,tid_1220,1
ward,2023-12-01,tid_1221,4
ward,2023-12-01,tid_1222,0
ward,2023-12-01,tid_1223,0
ward,2023-12-01,tid_1224,5
ward,2023-12-01,tid_1225,4
ward,2023-12-01,tid_1226,4
ward,2023-12-01,tid_1227,3
ward,2023-12-01,tid_1228,1
ward,2023-12-01,tid_1229,3
ward,2023-12-01,tid_1230,4
ward,2023-12-01,tid_1231,5
ward,2023-12-01,tid_1232,1
ward,2023-12-01,tid_1233,5
ward,2023-12-01,tid_1234,3
ward,2023-12-01,tid_1235,3
ward,2023-12-01,tid_1236,5
ward,2023-12-01,tid_1237,3
ward,2023-12-01,tid_1238,5
ward,2023-12-01,tid_1240,1
ward,2023-12-01,tid_1241,3
ward,2023-12-01,tid_1242,1
ward,2023-12-01,tid_1243,5
ward,2023-12-01,tid_1244,6
ward,2023-12-01,tid_1246,0
ward,2023-12-01,tid_1249,1
ward,2023-12-01,tid_1250,4
ward,2023-12-01,tid_1251,1
ward,2023-12-01,tid_1252,3
ward,2023-12-01,tid_1253,1
ward,2023-12-01,tid_1254,1
ward,2023-12-01,tid_1256,1
ward,2023-12-01,tid_1257,1
ward,2023-12-01,tid_1258,5
ward,2023-12-01,tid_1259,3
ward,2023-12-01,tid_1260,3
ward,2023-12-01,tid_1261,3
ward,2023-12-01,tid_1262,3
ward,2023-12-01,tid_1264,4
ward,2023-12-01,tid_1265,3
ward,2023-12-01,tid_1266,6
ward,2023-12-01,tid_1267,2
ward,2023-12-01,tid_1268,1
ward,2023-12-01,tid_1269,1
ward,2023-12-01,tid_1270,6
ward,2023-12-01,tid_1271,1
ward,2023-12-01,tid_1272,1
ward,2023-12-01,tid_1273,0
ward,2023-12-01,tid_1274,1
ward,2023-12-01,tid_1275,4
ward,2023-12-01,tid_1276,1
ward,2023-12-01,tid_1277,6
ward,2023-12-01,tid_1278,0
ward,2023-12-01,tid_1279,1
ward,2023-12-01,tid_1280,1
ward,2023-12-01,tid_1281,6
ward,2023-12-01,tid_1282,1
ward,2023-12-01,tid_1284,6
ward,2023-12-01,tid_1285,6
ward,2023-12-01,tid_1286,6
ward,2023-12-01,tid_1287,6
ward,2023-12-01,tid_1288,1
ward,2023-12-01,tid_1289,0
ward,2023-12-01,tid_1290,6
ward,2023-12-01,tid_1291,1
ward,2023-12-01,tid_1292,1
ward,2023-12-01,tid_1293,6
ward,2023-12-01,tid_1294,3
ward,2023-12-01,tid_1295,6
ward,2023-12-01,tid_1296,1
ward,2023-12-01,tid_1297,1
ward,2023-12-01,tid_1298,1
ward,2023-12-01,tid_1299,1
ward,2023-12-01,tid_13,4
ward,2023-12-01,tid_1300,0
ward,2023-12-01,tid_1301,6
ward,2023-12-01,tid_1302,3
ward,2023-12-01,tid_1303,5
ward,2023-12-01,tid_1304,6
ward,2023-12-01,tid_1305,6
ward,2023-12-01,tid_1306,1
ward,2023-12-01,tid_1308,1
ward,2023-12-01,tid_1309,0
ward,2023-12-01,tid_1310,1
ward,2023-12-01,tid_1311,1
ward,2023-12-01,tid_1312,6
ward,2023-12-01,tid_1313,0
ward,2023-12-01,tid_1314,1
ward,2023-12-01,tid_1315,4
ward,2023-12-01,tid_1316,1
ward,2023-12-01,tid_1317,0
ward,2023-12-01,tid_1319,0
ward,2023-12-01,tid_1320,1
ward,2023-12-01,tid_1321,6
ward,2023-12-01,tid_1322,0
ward,2023-12-01,tid_1323,1
ward,2023-12-01,tid_1324,1
ward,2023-12-01,tid_1325,6
ward,2023-12-01,tid_1326,1
ward,2023-12-01,tid_1327,0
ward,2023-12-01,tid_1328,1
ward,2023-12-01,tid_1329,6
ward,2023-12-01,tid_1330,1
ward,2023-12-01,tid_1331,1
ward,2023-12-01,tid_1333,5
ward,2023-12-01,tid_1334,3
ward,2023-12-01,tid_1335,1
ward,2023-12-01,tid_1336,0
ward,2023-12-01,tid_1337,1
ward,2023-12-01,tid_1338,1
ward,2023-12-01,tid_1339,1
ward,2023-12-01,tid_1340,1
ward,2023-12-01,tid_1341,3
ward,2023-12-01,tid_1343,1
ward,2023-12-01,tid_1344,0
ward,2023-12-01,tid_1345,1
ward,2023-12-01,tid_1346,1
ward,2023-12-01,tid_1347,1
ward,2023-12-01,tid_1348,0
ward,2023-12-01,tid_1349,1
ward,2023-12-01,tid_1350,0
ward,2023-12-01,tid_1351,0
ward,2023-12-01,tid_1352,1
ward,2023-12-01,tid_1353,0
ward,2023-12-01,tid_1355,1
ward,2023-12-01,tid_1356,0
ward,2023-12-01,tid_1357,1
ward,2023-12-01,tid_1358,1
ward,2023-12-01,tid_1392,6
ward,2023-12-01,tid_1393,4
ward,2023-12-01,tid_1394,3
ward,2023-12-01,tid_1395,7
ward,2023-12-01,tid_1396,5
ward,2023-12-01,tid_1397,5
ward,2023-12-01,tid_1398,3
ward,2023-12-01,tid_1399,3
ward,2023-12-01,tid_14,1
ward,2023-12-01,tid_1400,4
ward,2023-12-01,tid_1401,3
ward,2023-12-01,tid_1402,7
ward,2023-12-01,tid_1403,4
ward,2023-12-01,tid_1404,3
ward,2023-12-01,tid_1405,4
ward,2023-12-01,tid_1406,3
ward,2023-12-01,tid_1407,3
ward,2023-12-01,tid_1408,5
ward,2023-12-01,tid_1409,5
ward,2023-12-01,tid_1410,5
ward,2023-12-01,tid_1411,4
ward,2023-12-01,tid_1412,0
ward,2023-12-01,tid_1413,4
ward,2023-12-01,tid_1414,0
ward,2023-12-01,tid_1415,1
ward,2023-12-01,tid_1416,1
ward,2023-12-01,tid_1417,0
ward,2023-12-01,tid_1419,1
ward,2023-12-01,tid_1420,0
ward,2023-12-01,tid_1421,1
ward,2023-12-01,tid_1422,4
ward,2023-12-01,tid_1423,0
ward,2023-12-01,tid_1425,3
ward,2023-12-01,tid_1426,1
ward,2023-12-01,tid_1427,4
ward,2023-12-01,tid_1428,1
ward,2023-12-01,tid_1429,1
ward,2023-12-01,tid_1430,5
ward,2023-12-01,tid_1431,3
ward,2023-12-01,tid_1438,6
ward,2023-12-01,tid_1439,7
ward,2023-12-01,tid_1440,5
ward,2023-12-01,tid_1443,7
ward,2023-12-01,tid_1444,7
ward,2023-12-01,tid_1445,7
ward,2023-12-01,tid_1446,5
ward,2023-12-01,tid_1447,5
ward,2023-12-01,tid_1448,7
ward,2023-12-01,tid_1449,4
ward,2023-12-01,tid_1453,7
ward,2023-12-01,tid_1454,4
ward,2023-12-01,tid_1456,7
ward,2023-12-01,tid_1457,7
ward,2023-12-01,tid_1459,7
ward,2023-12-01,tid_1461,5
ward,2023-12-01,tid_1463,4
ward,2023-12-01,tid_1464,5
ward,2023-12-01,tid_1465,7
ward,2023-12-01,tid_1467,7
ward,2023-12-01,tid_1468,5
ward,2023-12-01,tid_1472,5
ward,2023-12-01,tid_1473,3
ward,2023-12-01,tid_1474,3
ward,2023-12-01,tid_1475,7
ward,2023-12-01,tid_1477,4
ward,2023-12-01,tid_1478,1
ward,2023-12-01,tid_1480,5
ward,2023-12-01,tid_1481,5
ward,2023-12-01,tid_1483,3
ward,2023-12-01,tid_1484,5
ward,2023-12-01,tid_1486,4
ward,2023-12-01,tid_1488,5
ward,2023-12-01,tid_1489,4
ward,2023-12-01,tid_1490,4
ward,2023-12-01,tid_1491,5
ward,2023-12-01,tid_1492,5
ward,2023-12-01,tid_1493,7
ward,2023-12-01,tid_1494,1
ward,2023-12-01,tid_1495,4
ward,2023-12-01,tid_1496,5
ward,2023-12-01,tid_15,4
ward,2023-12-01,tid_1500,5
ward,2023-12-01,tid_1501,5
ward,2023-12-01,tid_1504,4
ward,2023-12-01,tid_1506,5
ward,2023-12-01,tid_1507,3
ward,2023-12-01,tid_1508,3
ward,2023-12-01,tid_1509,3
ward,2023-12-01,tid_1510,3
ward,2023-12-01,tid_1511,3
ward,2023-12-01,tid_1512,3
ward,2023-12-01,tid_1518,3
ward,2023-12-01,tid_1519,3
ward,2023-12-01,tid_1520,6
ward,2023-12-01,tid_1521,3
ward,2023-12-01,tid_1522,6
ward,2023-12-01,tid_1523,5
ward,2023-12-01,tid_1525,5
ward,2023-12-01,tid_1526,4
ward,2023-12-01,tid_1527,5
ward,2023-12-01,tid_1528,0
ward,2023-12-01,tid_1529,1
ward,2023-12-01,tid_1530,3
ward,2023-12-01,tid_1532,0
ward,2023-12-01,tid_1533,1
ward,2023-12-01,tid_1534,0
ward,2023-12-01,tid_1535,1
ward,2023-12-01,tid_1536,1
ward,2023-12-01,tid_1537,1
ward,2023-12-01,tid_1539,0
ward,2023-12-01,tid_1540,4
ward,2023-12-01,tid_1541,0
ward,2023-12-01,tid_1542,6
ward,2023-12-01,tid_1543,0
ward,2023-12-01,tid_1544,1
ward,2023-12-01,tid_1545,1
ward,2023-12-01,tid_1546,6
ward,2023-12-01,tid_1547,0
ward,2023-12-01,tid_1548,0
ward,2023-12-01,tid_1549,3
ward,2023-12-01,tid_1550,0
ward,2023-12-01,tid_1551,0
ward,2023-12-01,tid_1552,0
ward,2023-12-01,tid_1553,0
ward,2023-12-01,tid_1554,1
ward,2023-12-01,tid_1555,0
ward,2023-12-01,tid_1556,3
ward,2023-12-01,tid_1557,1
ward,2023-12-01,tid_1558,1
ward,2023-12-01,tid_1559,0
ward,2023-12-01,tid_1560,5
ward,2023-12-01,tid_1561,0
ward,2023-12-01,tid_1562,3
ward,2023-12-01,tid_1563,4
ward,2023-12-01,tid_1564,0
ward,2023-12-01,tid_1565,0
ward,2023-12-01,tid_1566,0
ward,2023-12-01,tid_1567,1
ward,2023-12-01,tid_1568,0
ward,2023-12-01,tid_1569,0
ward,2023-12-01,tid_1570,1
ward,2023-12-01,tid_1571,0
ward,2023-12-01,tid_1572,4
ward,2023-12-01,tid_1573,0
ward,2023-12-01,tid_1574,6
ward,2023-12-01,tid_1575,5
ward,2023-12-01,tid_1577,4
ward,2023-12-01,tid_1578,3
ward,2023-12-01,tid_1579,4
ward,2023-12-01,tid_1580,1
ward,2023-12-01,tid_1581,1
ward,2023-12-01,tid_1582,1
ward,2023-12-01,tid_1583,1
ward,2023-12-01,tid_1584,1
ward,2023-12-01,tid_1585,1
ward,2023-12-01,tid_1586,5
ward,2023-12-01,tid_1587,1
ward,2023-12-01,tid_1588,6
ward,2023-12-01,tid_1589,4
ward,2023-12-01,tid_1590,1
ward,2023-12-01,tid_1591,0
ward,2023-12-01,tid_1592,3
ward,2023-12-01,tid_1593,0
ward,2023-12-01,tid_1594,1
ward,2023-12-01,tid_1595,1
ward,2023-12-01,tid_1596,1
ward,2023-12-01,tid_1597,5
ward,2023-12-01,tid_1598,5
ward,2023-12-01,tid_1599,5
ward,2023-12-01,tid_16,4
ward,2023-12-01,tid_1600,5
ward,2023-12-01,tid_1601,7
ward,2023-12-01,tid_1602,1
ward,2023-12-01,tid_1603,4
ward,2023-12-01,tid_1604,4
ward,2023-12-01,tid_1605,1
ward,2023-12-01,tid_1606,0
ward,2023-12-01,tid_1607,1
ward,2023-12-01,tid_1608,3
ward,2023-12-01,tid_1609,4
ward,2023-12-01,tid_1610,1
ward,2023-12-01,tid_1611,1
ward,2023-12-01,tid_1612,1
ward,2023-12-01,tid_1613,1
ward,2023-12-01,tid_1614,1
ward,2023-12-01,tid_1615,4
ward,2023-12-01,tid_1616,1
ward,2023-12-01,tid_1617,1
ward,2023-12-01,tid_1618,1
ward,2023-12-01,tid_1619,4
ward,2023-12-01,tid_1620,5
ward,2023-12-01,tid_1621,0
ward,2023-12-01,tid_1622,1
ward,2023-12-01,tid_1623,1
ward,2023-12-01,tid_1624,1
ward,2023-12-01,tid_1625,1
ward,2023-12-01,tid_1626,0
ward,2023-12-01,tid_1627,6
ward,2023-12-01,tid_1628,1
ward,2023-12-01,tid_1629,1
ward,2023-12-01,tid_1630,0
ward,2023-12-01,tid_1631,1
ward,2023-12-01,tid_1632,5
ward,2023-12-01,tid_1633,3
ward,2023-12-01,tid_1634,6
ward,2023-12-01,tid_1635,1
ward,2023-12-01,tid_1636,1
ward,2023-12-01,tid_1637,1
ward,2023-12-01,tid_1638,4
ward,2023-12-01,tid_1639,3
ward,2023-12-01,tid_1640,1
ward,2023-12-01,tid_1641,3
ward,2023-12-01,tid_1642,1
ward,2023-12-01,tid_1643,3
ward,2023-12-01,tid_1644,6
ward,2023-12-01,tid_1645,3
ward,2023-12-01,tid_1646,1
ward,2023-12-01,tid_1647,1
ward,2023-12-01,tid_1648,1
ward,2023-12-01,tid_1649,6
ward,2023-12-01,tid_1650,1
ward,2023-12-01,tid_1651,4
ward,2023-12-01,tid_1652,5
ward,2023-12-01,tid_1653,6
ward,2023-12-01,tid_1654,3
ward,2023-12-01,tid_1655,1
ward,2023-12-01,tid_1656,3
ward,2023-12-01,tid_1657,1
ward,2023-12-01,tid_1658,3
ward,2023-12-01,tid_1659,4
ward,2023-12-01,tid_1660,6
ward,2023-12-01,tid_1661,1
ward,2023-12-01,tid_1662,1
ward,2023-12-01,tid_1663,1
ward,2023-12-01,tid_1664,1
ward,2023-12-01,tid_1665,5
ward,2023-12-01,tid_1666,0
ward,2023-12-01,tid_1667,4
ward,2023-12-01,tid_1668,5
ward,2023-12-01,tid_1669,6
ward,2023-12-01,tid_167,7
ward,2023-12-01,tid_1670,3
ward,2023-12-01,tid_1671,1
ward,2023-12-01,tid_1672,3
ward,2023-12-01,tid_1673,3
ward,2023-12-01,tid_1674,5
ward,2023-12-01,tid_1675,4
ward,2023-12-01,tid_1676,3
ward,2023-12-01,tid_1678,0
ward,2023-12-01,tid_1679,3
ward,2023-12-01,tid_168,7
ward,2023-12-01,tid_1680,0
ward,2023-12-01,tid_1681,0
ward,2023-12-01,tid_1682,6
ward,2023-12-01,tid_1683,4
ward,2023-12-01,tid_1685,0
ward,2023-12-01,tid_1686,6
ward,2023-12-01,tid_1687,1
ward,2023-12-01,tid_1688,1
ward,2023-12-01,tid_1689,0
ward,2023-12-01,tid_169,7
ward,2023-12-01,tid_1690,0
ward,2023-12-01,tid_1691,0
ward,2023-12-01,tid_1692,6
ward,2023-12-01,tid_1693,0
ward,2023-12-01,tid_1694,0
ward,2023-12-01,tid_1696,0
ward,2023-12-01,tid_1697,1
ward,2023-12-01,tid_1698,1
ward,2023-12-01,tid_1699,6
ward,2023-12-01,tid_17,4
ward,2023-12-01,tid_1700,3
ward,2023-12-01,tid_1701,6
ward,2023-12-01,tid_1702,0
ward,2023-12-01,tid_1703,0
ward,2023-12-01,tid_1704,3
ward,2023-12-01,tid_1705,1
ward,2023-12-01,tid_1706,4
ward,2023-12-01,tid_1707,5
ward,2023-12-01,tid_1708,3
ward,2023-12-01,tid_1709,3
ward,2023-12-01,tid_1710,0
ward,2023-12-01,tid_1711,3
ward,2023-12-01,tid_1712,1
ward,2023-12-01,tid_1714,1
ward,2023-12-01,tid_1715,6
ward,2023-12-01,tid_1717,1
ward,2023-12-01,tid_1718,1
ward,2023-12-01,tid_1719,4
ward,2023-12-01,tid_1722,0
ward,2023-12-01,tid_1724,0
ward,2023-12-01,tid_1725,0
ward,2023-12-01,tid_1726,5
ward,2023-12-01,tid_1727,1
ward,2023-12-01,tid_1728,6
ward,2023-12-01,tid_173,7
ward,2023-12-01,tid_1730,1
ward,2023-12-01,tid_1731,6
ward,2023-12-01,tid_1732,0
ward,2023-12-01,tid_1733,6
ward,2023-12-01,tid_1737,0
ward,2023-12-01,tid_1738,0
ward,2023-12-01,tid_1739,0
ward,2023-12-01,tid_1740,4
ward,2023-12-01,tid_1741,0
ward,2023-12-01,tid_1742,3
ward,2023-12-01,tid_1743,0
ward,2023-12-01,tid_1744,0
ward,2023-12-01,tid_1745,0
ward,2023-12-01,tid_1746,0
ward,2023-12-01,tid_1747,0
ward,2023-12-01,tid_1749,0
ward,2023-12-01,tid_1750,0
ward,2023-12-01,tid_1751,0
ward,2023-12-01,tid_1752,0
ward,2023-12-01,tid_1753,0
ward,2023-12-01,tid_1754,1
ward,2023-12-01,tid_1755,0
ward,2023-12-01,tid_1756,0
ward,2023-12-01,tid_1757,0
ward,2023-12-01,tid_1758,5
ward,2023-12-01,tid_1759,0
ward,2023-12-01,tid_1760,0
ward,2023-12-01,tid_1761,0
ward,2023-12-01,tid_1762,0
ward,2023-12-01,tid_1764,5
ward,2023-12-01,tid_1765,4
ward,2023-12-01,tid_1766,3
ward,2023-12-01,tid_1768,6
ward,2023-12-01,tid_1769,1
ward,2023-12-01,tid_1770,6
ward,2023-12-01,tid_1771,1
ward,2023-12-01,tid_1773,1
ward,2023-12-01,tid_1774,1
ward,2023-12-01,tid_1775,1
ward,2023-12-01,tid_1776,6
ward,2023-12-01,tid_1777,1
ward,2023-12-01,tid_1778,3
ward,2023-12-01,tid_1780,1
ward,2023-12-01,tid_1781,1
ward,2023-12-01,tid_1782,6
ward,2023-12-01,tid_1783,5
ward,2023-12-01,tid_1784,1
ward,2023-12-01,tid_1785,1
ward,2023-12-01,tid_1786,3
ward,2023-12-01,tid_1787,4
ward,2023-12-01,tid_1788,1
ward,2023-12-01,tid_18,4
ward,2023-12-01,tid_181,0
ward,2023-12-01,tid_184,0
ward,2023-12-01,tid_1845,5
ward,2023-12-01,tid_1846,0
ward,2023-12-01,tid_1848,0
ward,2023-12-01,tid_1849,0
ward,2023-12-01,tid_185,7
ward,2023-12-01,tid_1850,1
ward,2023-12-01,tid_1851,0
ward,2023-12-01,tid_1852,0
ward,2023-12-01,tid_1853,1
ward,2023-12-01,tid_1854,6
ward,2023-12-01,tid_1855,1
ward,2023-12-01,tid_1856,0
ward,2023-12-01,tid_1857,6
ward,2023-12-01,tid_1858,6
ward,2023-12-01,tid_1859,6
ward,2023-12-01,tid_1860,1
ward,2023-12-01,tid_1861,6
ward,2023-12-01,tid_1862,1
ward,2023-12-01,tid_1863,4
ward,2023-12-01,tid_1864,0
ward,2023-12-01,tid_1865,1
ward,2023-12-01,tid_1868,1
ward,2023-12-01,tid_1869,6
ward,2023-12-01,tid_1870,0
ward,2023-12-01,tid_1871,6
ward,2023-12-01,tid_1872,1
ward,2023-12-01,tid_1873,1
ward,2023-12-01,tid_1874,7
ward,2023-12-01,tid_1875,4
ward,2023-12-01,tid_1876,4
ward,2023-12-01,tid_1877,5
ward,2023-12-01,tid_1878,6
ward,2023-12-01,tid_1879,3
ward,2023-12-01,tid_188,4
ward,2023-12-01,tid_1880,0
ward,2023-12-01,tid_1881,4
ward,2023-12-01,tid_1883,4
ward,2023-12-01,tid_1884,0
ward,2023-12-01,tid_1885,3
ward,2023-12-01,tid_1886,1
ward,2023-12-01,tid_1887,0
ward,2023-12-01,tid_1888,1
ward,2023-12-01,tid_1889,1
ward,2023-12-01,tid_1890,5
ward,2023-12-01,tid_1891,1
ward,2023-12-01,tid_1892,1
ward,2023-12-01,tid_1893,0
ward,2023-12-01,tid_1894,1
ward,2023-12-01,tid_1895,3
ward,2023-12-01,tid_1896,1
ward,2023-12-01,tid_1897,0
ward,2023-12-01,tid_1898,3
ward,2023-12-01,tid_1899,3
ward,2023-12-01,tid_19,6
ward,2023-12-01,tid_1900,1
ward,2023-12-01,tid_1901,0
ward,2023-12-01,tid_1902,0
ward,2023-12-01,tid_1903,1
ward,2023-12-01,tid_1904,0
ward,2023-12-01,tid_1905,5
ward,2023-12-01,tid_1906,4
ward,2023-12-01,tid_1907,1
ward,2023-12-01,tid_1908,0
ward,2023-12-01,tid_1909,0
ward,2023-12-01,tid_191,1
ward,2023-12-01,tid_1910,0
ward,2023-12-01,tid_1912,4
ward,2023-12-01,tid_1915,0
ward,2023-12-01,tid_1916,0
ward,2023-12-01,tid_1917,0
ward,2023-12-01,tid_1918,0
ward,2023-12-01,tid_1919,5
ward,2023-12-01,tid_1920,0
ward,2023-12-01,tid_1921,0
ward,2023-12-01,tid_1922,4
ward,2023-12-01,tid_1923,6
ward,2023-12-01,tid_1924,0
ward,2023-12-01,tid_1925,1
ward,2023-12-01,tid_1926,0
ward,2023-12-01,tid_1927,0
ward,2023-12-01,tid_1928,1
ward,2023-12-01,tid_1929,0
ward,2023-12-01,tid_1930,1
ward,2023-12-01,tid_1931,1
ward,2023-12-01,tid_1932,0
ward,2023-12-01,tid_1933,0
ward,2023-12-01,tid_1934,3
ward,2023-12-01,tid_1935,0
ward,2023-12-01,tid_1936,4
ward,2023-12-01,tid_1937,4
ward,2023-12-01,tid_1938,0
ward,2023-12-01,tid_1939,3
ward,2023-12-01,tid_194,7
ward,2023-12-01,tid_1940,0
ward,2023-12-01,tid_1941,0
ward,2023-12-01,tid_1942,1
ward,2023-12-01,tid_1943,0
ward,2023-12-01,tid_1944,0
ward,2023-12-01,tid_1945,0
ward,2023-12-01,tid_1947,6
ward,2023-12-01,tid_1948,3
ward,2023-12-01,tid_1949,0
ward,2023-12-01,tid_195,7
ward,2023-12-01,tid_1950,6
ward,2023-12-01,tid_1951,1
ward,2023-12-01,tid_1952,5
ward,2023-12-01,tid_1954,1
ward,2023-12-01,tid_1955,2
ward,2023-12-01,tid_1956,2
ward,2023-12-01,tid_1957,2
ward,2023-12-01,tid_1958,2
ward,2023-12-01,tid_1959,2
ward,2023-12-01,tid_196,7
ward,2023-12-01,tid_1960,1
ward,2023-12-01,tid_1961,4
ward,2023-12-01,tid_1962,2
ward,2023-12-01,tid_1963,2
ward,2023-12-01,tid_1965,2
ward,2023-12-01,tid_1966,2
ward,2023-12-01,tid_1967,2
ward,2023-12-01,tid_1968,2
ward,2023-12-01,tid_1969,2
ward,2023-12-01,tid_1970,2
ward,2023-12-01,tid_1971,5
ward,2023-12-01,tid_1972,3
ward,2023-12-01,tid_1973,3
ward,2023-12-01,tid_1974,3
ward,2023-12-01,tid_1975,6
ward,2023-12-01,tid_1976,6
ward,2023-12-01,tid_1977,5
ward,2023-12-01,tid_1978,3
ward,2023-12-01,tid_1979,5
ward,2023-12-01,tid_198,7
ward,2023-12-01,tid_1980,4
ward,2023-12-01,tid_1981,3
ward,2023-12-01,tid_1982,3
ward,2023-12-01,tid_1983,1
ward,2023-12-01,tid_1984,6
ward,2023-12-01,tid_1985,4
ward,2023-12-01,tid_1986,5
ward,2023-12-01,tid_1987,4
ward,2023-12-01,tid_1988,6
ward,2023-12-01,tid_1989,6
ward,2023-12-01,tid_1990,3
ward,2023-12-01,tid_1991,3
ward,2023-12-01,tid_1992,6
ward,2023-12-01,tid_1993,5
ward,2023-12-01,tid_1994,6
ward,2023-12-01,tid_1995,4
ward,2023-12-01,tid_1996,3
ward,2023-12-01,tid_1997,3
ward,2023-12-01,tid_1999,3
ward,2023-12-01,tid_2,5
ward,2023-12-01,tid_20,4
ward,2023-12-01,tid_2000,5
ward,2023-12-01,tid_2001,3
ward,2023-12-01,tid_2002,3
ward,2023-12-01,tid_2004,5
ward,2023-12-01,tid_2005,3
ward,2023-12-01,tid_2006,5
ward,2023-12-01,tid_2007,1
ward,2023-12-01,tid_2008,3
ward,2023-12-01,tid_2009,6
ward,2023-12-01,tid_201,7
ward,2023-12-01,tid_2010,3
ward,2023-12-01,tid_2011,3
ward,2023-12-01,tid_2012,3
ward,2023-12-01,tid_2015,6
ward,2023-12-01,tid_2017,1
ward,2023-12-01,tid_2018,6
ward,2023-12-01,tid_2019,4
ward,2023-12-01,tid_2021,1
ward,2023-12-01,tid_2022,1
ward,2023-12-01,tid_2023,1
ward,2023-12-01,tid_2024,4
ward,2023-12-01,tid_2025,4
ward,2023-12-01,tid_2027,6
ward,2023-12-01,tid_2028,1
ward,2023-12-01,tid_203,7
ward,2023-12-01,tid_2030,1
ward,2023-12-01,tid_2031,6
ward,2023-12-01,tid_2032,5
ward,2023-12-01,tid_2033,5
ward,2023-12-01,tid_2034,4
ward,2023-12-01,tid_2035,6
ward,2023-12-01,tid_2036,1
ward,2023-12-01,tid_2037,1
ward,2023-12-01,tid_2039,1
ward,2023-12-01,tid_204,7
ward,2023-12-01,tid_2040,4
ward,2023-12-01,tid_2041,1
ward,2023-12-01,tid_2042,1
ward,2023-12-01,tid_2043,1
ward,2023-12-01,tid_2044,5
ward,2023-12-01,tid_2045,6
ward,2023-12-01,tid_2046,1
ward,2023-12-01,tid_2047,4
ward,2023-12-01,tid_2048,4
ward,2023-12-01,tid_2049,6
ward,2023-12-01,tid_205,7
ward,2023-12-01,tid_2050,1
ward,2023-12-01,tid_2051,6
ward,2023-12-01,tid_2052,6
ward,2023-12-01,tid_2053,1
ward,2023-12-01,tid_2054,1
ward,2023-12-01,tid_2055,6
ward,2023-12-01,tid_2056,0
ward,2023-12-01,tid_2057,0
ward,2023-12-01,tid_2058,0
ward,2023-12-01,tid_2059,6
ward,2023-12-01,tid_206,5
ward,2023-12-01,tid_2060,3
ward,2023-12-01,tid_2061,1
ward,2023-12-01,tid_2062,3
ward,2023-12-01,tid_2063,5
ward,2023-12-01,tid_2064,6
ward,2023-12-01,tid_2065,6
ward,2023-12-01,tid_2066,1
ward,2023-12-01,tid_2067,0
ward,2023-12-01,tid_2068,1
ward,2023-12-01,tid_2069,3
ward,2023-12-01,tid_207,3
ward,2023-12-01,tid_2070,6
ward,2023-12-01,tid_2072,0
ward,2023-12-01,tid_2073,6
ward,2023-12-01,tid_2074,0
ward,2023-12-01,tid_2075,0
ward,2023-12-01,tid_2076,0
ward,2023-12-01,tid_2077,0
ward,2023-12-01,tid_2078,0
ward,2023-12-01,tid_2079,0
ward,2023-12-01,tid_208,6
ward,2023-12-01,tid_2080,1
ward,2023-12-01,tid_2081,1
ward,2023-12-01,tid_2082,0
ward,2023-12-01,tid_2085,0
ward,2023-12-01,tid_2087,0
ward,2023-12-01,tid_2088,0
ward,2023-12-01,tid_2089,1
ward,2023-12-01,tid_209,4
ward,2023-12-01,tid_2090,6
ward,2023-12-01,tid_2091,0
ward,2023-12-01,tid_2093,0
ward,2023-12-01,tid_2094,1
ward,2023-12-01,tid_2095,0
ward,2023-12-01,tid_2096,0
ward,2023-12-01,tid_2098,0
ward,2023-12-01,tid_21,5
ward,2023-12-01,tid_210,6
ward,2023-12-01,tid_2100,4
ward,2023-12-01,tid_2101,5
ward,2023-12-01,tid_2105,1
ward,2023-12-01,tid_2108,4
ward,2023-12-01,tid_2109,6
ward,2023-12-01,tid_211,3
ward,2023-12-01,tid_2110,1
ward,2023-12-01,tid_2111,1
ward,2023-12-01,tid_2112,1
ward,2023-12-01,tid_2113,0
ward,2023-12-01,tid_2114,1
ward,2023-12-01,tid_2116,6
ward,2023-12-01,tid_2117,1
ward,2023-12-01,tid_2118,1
ward,2023-12-01,tid_2119,5
ward,2023-12-01,tid_212,4
ward,2023-12-01,tid_2120,1
ward,2023-12-01,tid_2121,1
ward,2023-12-01,tid_2122,4
ward,2023-12-01,tid_2124,3
ward,2023-12-01,tid_2125,0
ward,2023-12-01,tid_2126,1
ward,2023-12-01,tid_2127,1
ward,2023-12-01,tid_2128,1
ward,2023-12-01,tid_2129,1
ward,2023-12-01,tid_213,1
ward,2023-12-01,tid_2130,1
ward,2023-12-01,tid_2131,3
ward,2023-12-01,tid_2132,1
ward,2023-12-01,tid_2133,1
ward,2023-12-01,tid_2134,6
ward,2023-12-01,tid_2136,6
ward,2023-12-01,tid_2137,1
ward,2023-12-01,tid_2138,1
ward,2023-12-01,tid_2139,1
ward,2023-12-01,tid_214,6
ward,2023-12-01,tid_2140,0
ward,2023-12-01,tid_2142,1
ward,2023-12-01,tid_2143,1
ward,2023-12-01,tid_2144,5
ward,2023-12-01,tid_2145,6
ward,2023-12-01,tid_2146,3
ward,2023-12-01,tid_2148,1
ward,2023-12-01,tid_2149,1
ward,2023-12-01,tid_215,1
ward,2023-12-01,tid_2150,1
ward,2023-12-01,tid_2151,6
ward,2023-12-01,tid_2152,1
ward,2023-12-01,tid_2153,0
ward,2023-12-01,tid_2154,1
ward,2023-12-01,tid_2155,1
ward,2023-12-01,tid_2156,1
ward,2023-12-01,tid_2157,6
ward,2023-12-01,tid_2158,6
ward,2023-12-01,tid_2159,1
ward,2023-12-01,tid_216,6
ward,2023-12-01,tid_2160,1
ward,2023-12-01,tid_2161,5
ward,2023-12-01,tid_2162,1
ward,2023-12-01,tid_2163,6
ward,2023-12-01,tid_2164,5
ward,2023-12-01,tid_2165,3
ward,2023-12-01,tid_2167,4
ward,2023-12-01,tid_2168,4
ward,2023-12-01,tid_2169,4
ward,2023-12-01,tid_217,6
ward,2023-12-01,tid_2171,1
ward,2023-12-01,tid_2172,0
ward,2023-12-01,tid_2173,3
ward,2023-12-01,tid_2174,1
ward,2023-12-01,tid_2175,0
ward,2023-12-01,tid_2176,6
ward,2023-12-01,tid_2177,4
ward,2023-12-01,tid_2178,6
ward,2023-12-01,tid_2179,1
ward,2023-12-01,tid_218,3
ward,2023-12-01,tid_2180,6
ward,2023-12-01,tid_2181,0
ward,2023-12-01,tid_2182,1
ward,2023-12-01,tid_2183,1
ward,2023-12-01,tid_2184,0
ward,2023-12-01,tid_2185,0
ward,2023-12-01,tid_2186,3
ward,2023-12-01,tid_2187,4
ward,2023-12-01,tid_2188,3
ward,2023-12-01,tid_2189,1
ward,2023-12-01,tid_219,6
ward,2023-12-01,tid_2190,5
ward,2023-12-01,tid_2191,4
ward,2023-12-01,tid_2192,4
ward,2023-12-01,tid_2193,5
ward,2023-12-01,tid_2194,4
ward,2023-12-01,tid_2195,1
ward,2023-12-01,tid_2196,1
ward,2023-12-01,tid_2197,1
ward,2023-12-01,tid_2198,1
ward,2023-12-01,tid_2199,1
ward,2023-12-01,tid_22,3
ward,2023-12-01,tid_220,1
ward,2023-12-01,tid_2200,1
ward,2023-12-01,tid_2201,1
ward,2023-12-01,tid_2202,4
ward,2023-12-01,tid_2203,4
ward,2023-12-01,tid_2204,1
ward,2023-12-01,tid_2205,1
ward,2023-12-01,tid_2206,1
ward,2023-12-01,tid_2207,1
ward,2023-12-01,tid_2208,1
ward,2023-12-01,tid_221,3
ward,2023-12-01,tid_2210,5
ward,2023-12-01,tid_2211,6
ward,2023-12-01,tid_2212,1
ward,2023-12-01,tid_2213,1
ward,2023-12-01,tid_2215,3
ward,2023-12-01,tid_2216,5
ward,2023-12-01,tid_2217,5
ward,2023-12-01,tid_2218,3
ward,2023-12-01,tid_2219,3
ward,2023-12-01,tid_222,3
ward,2023-12-01,tid_2220,5
ward,2023-12-01,tid_2221,5
ward,2023-12-01,tid_2222,3
ward,2023-12-01,tid_2223,3
ward,2023-12-01,tid_2224,4
ward,2023-12-01,tid_2225,3
ward,2023-12-01,tid_2226,5
ward,2023-12-01,tid_2227,4
ward,2023-12-01,tid_2228,5
ward,2023-12-01,tid_2229,3
ward,2023-12-01,tid_223,6
ward,2023-12-01,tid_2230,4
ward,2023-12-01,tid_2231,4
ward,2023-12-01,tid_2232,4
ward,2023-12-01,tid_2233,3
ward,2023-12-01,tid_2234,6
ward,2023-12-01,tid_2235,4
ward,2023-12-01,tid_2236,3
ward,2023-12-01,tid_2237,4
ward,2023-12-01,tid_2238,5
ward,2023-12-01,tid_224,5
ward,2023-12-01,tid_2241,3
ward,2023-12-01,tid_2242,5
ward,2023-12-01,tid_2243,5
ward,2023-12-01,tid_2244,2
ward,2023-12-01,tid_2245,3
ward,2023-12-01,tid_2248,3
ward,2023-12-01,tid_2249,1
ward,2023-12-01,tid_225,3
ward,2023-12-01,tid_2250,2
ward,2023-12-01,tid_2251,5
ward,2023-12-01,tid_2252,4
ward,2023-12-01,tid_2253,6
ward,2023-12-01,tid_2254,1
ward,2023-12-01,tid_2255,0
ward,2023-12-01,tid_2256,0
ward,2023-12-01,tid_2257,0
ward,2023-12-01,tid_2258,0
ward,2023-12-01,tid_2259,0
ward,2023-12-01,tid_226,3
ward,2023-12-01,tid_2260,1
ward,2023-12-01,tid_2262,0
ward,2023-12-01,tid_2264,0
ward,2023-12-01,tid_2265,0
ward,2023-12-01,tid_2266,0
ward,2023-12-01,tid_2267,0
ward,2023-12-01,tid_2268,0
ward,2023-12-01,tid_2269,0
ward,2023-12-01,tid_227,3
ward,2023-12-01,tid_2270,0
ward,2023-12-01,tid_2271,0
ward,2023-12-01,tid_2272,6
ward,2023-12-01,tid_2274,0
ward,2023-12-01,tid_2275,5
ward,2023-12-01,tid_2276,6
ward,2023-12-01,tid_2278,6
ward,2023-12-01,tid_2279,5
ward,2023-12-01,tid_228,3
ward,2023-12-01,tid_2280,4
ward,2023-12-01,tid_2281,5
ward,2023-12-01,tid_2282,5
ward,2023-12-01,tid_2286,5
ward,2023-12-01,tid_2287,3
ward,2023-12-01,tid_2288,5
ward,2023-12-01,tid_2289,5
ward,2023-12-01,tid_229,3
ward,2023-12-01,tid_2292,1
ward,2023-12-01,tid_2293,6
ward,2023-12-01,tid_2294,0
ward,2023-12-01,tid_2295,1
ward,2023-12-01,tid_2296,3
ward,2023-12-01,tid_2297,6
ward,2023-12-01,tid_2298,3
ward,2023-12-01,tid_2299,3
ward,2023-12-01,tid_23,5
ward,2023-12-01,tid_230,1
ward,2023-12-01,tid_2300,0
ward,2023-12-01,tid_2301,3
ward,2023-12-01,tid_2302,6
ward,2023-12-01,tid_2303,3
ward,2023-12-01,tid_2304,1
ward,2023-12-01,tid_2305,1
ward,2023-12-01,tid_2307,1
ward,2023-12-01,tid_2308,0
ward,2023-12-01,tid_2309,6
ward,2023-12-01,tid_231,3
ward,2023-12-01,tid_2310,1
ward,2023-12-01,tid_2311,3
ward,2023-12-01,tid_2312,5
ward,2023-12-01,tid_2314,3
ward,2023-12-01,tid_2315,1
ward,2023-12-01,tid_2316,6
ward,2023-12-01,tid_2317,1
ward,2023-12-01,tid_2318,5
ward,2023-12-01,tid_232,1
ward,2023-12-01,tid_2320,5
ward,2023-12-01,tid_2321,6
ward,2023-12-01,tid_2322,1
ward,2023-12-01,tid_2323,1
ward,2023-12-01,tid_2324,6
ward,2023-12-01,tid_2325,6
ward,2023-12-01,tid_2326,6
ward,2023-12-01,tid_2327,6
ward,2023-12-01,tid_2328,4
ward,2023-12-01,tid_2329,6
ward,2023-12-01,tid_233,6
ward,2023-12-01,tid_2330,1
ward,2023-12-01,tid_2332,0
ward,2023-12-01,tid_2333,4
ward,2023-12-01,tid_2334,3
ward,2023-12-01,tid_2335,3
ward,2023-12-01,tid_2336,1
ward,2023-12-01,tid_2337,5
ward,2023-12-01,tid_2338,5
ward,2023-12-01,tid_2339,2
ward,2023-12-01,tid_234,3
ward,2023-12-01,tid_2340,3
ward,2023-12-01,tid_2341,2
ward,2023-12-01,tid_2342,1
ward,2023-12-01,tid_2343,5
ward,2023-12-01,tid_2344,5
ward,2023-12-01,tid_2345,2
ward,2023-12-01,tid_2348,2
ward,2023-12-01,tid_2349,2
ward,2023-12-01,tid_235,1
ward,2023-12-01,tid_2351,7
ward,2023-12-01,tid_2352,7
ward,2023-12-01,tid_2353,7
ward,2023-12-01,tid_2354,7
ward,2023-12-01,tid_2355,7
ward,2023-12-01,tid_2356,7
ward,2023-12-01,tid_2357,7
ward,2023-12-01,tid_2358,7
ward,2023-12-01,tid_2359,7
ward,2023-12-01,tid_236,3
ward,2023-12-01,tid_2360,7
ward,2023-12-01,tid_2361,7
ward,2023-12-01,tid_2362,7
ward,2023-12-01,tid_2363,7
ward,2023-12-01,tid_2364,7
ward,2023-12-01,tid_2365,7
ward,2023-12-01,tid_2366,7
ward,2023-12-01,tid_2367,7
ward,2023-12-01,tid_2368,7
ward,2023-12-01,tid_2369,7
ward,2023-12-01,tid_237,4
ward,2023-12-01,tid_2370,7
ward,2023-12-01,tid_2371,7
ward,2023-12-01,tid_2372,7
ward,2023-12-01,tid_2373,7
ward,2023-12-01,tid_2374,7
ward,2023-12-01,tid_2375,7
ward,2023-12-01,tid_2376,7
ward,2023-12-01,tid_2377,7
ward,2023-12-01,tid_2378,7
ward,2023-12-01,tid_2379,7
ward,2023-12-01,tid_238,1
ward,2023-12-01,tid_2380,7
ward,2023-12-01,tid_2381,7
ward,2023-12-01,tid_2382,7
ward,2023-12-01,tid_2383,7
ward,2023-12-01,tid_2384,7
ward,2023-12-01,tid_2385,7
ward,2023-12-01,tid_2386,7
ward,2023-12-01,tid_2387,7
ward,2023-12-01,tid_2388,7
ward,2023-12-01,tid_2389,7
ward,2023-12-01,tid_239,6
ward,2023-12-01,tid_2390,7
ward,2023-12-01,tid_2391,7
ward,2023-12-01,tid_2392,5
ward,2023-12-01,tid_2393,5
ward,2023-12-01,tid_2395,5
ward,2023-12-01,tid_2398,7
ward,2023-12-01,tid_2399,7
ward,2023-12-01,tid_240,6
ward,2023-12-01,tid_2400,7
ward,2023-12-01,tid_2401,7
ward,2023-12-01,tid_2402,7
ward,2023-12-01,tid_2403,5
ward,2023-12-01,tid_2404,7
ward,2023-12-01,tid_2405,7
ward,2023-12-01,tid_2406,7
ward,2023-12-01,tid_2407,7
ward,2023-12-01,tid_2408,7
ward,2023-12-01,tid_2409,7
ward,2023-12-01,tid_241,6
ward,2023-12-01,tid_2410,5
ward,2023-12-01,tid_2411,7
ward,2023-12-01,tid_2412,7
ward,2023-12-01,tid_2416,7
ward,2023-12-01,tid_242,1
ward,2023-12-01,tid_2422,5
ward,2023-12-01,tid_2423,7
ward,2023-12-01,tid_2424,7
ward,2023-12-01,tid_2425,7
ward,2023-12-01,tid_2426,7
ward,2023-12-01,tid_2427,7
ward,2023-12-01,tid_2428,7
ward,2023-12-01,tid_2429,7
ward,2023-12-01,tid_243,4
ward,2023-12-01,tid_2430,7
ward,2023-12-01,tid_2431,7
ward,2023-12-01,tid_2432,5
ward,2023-12-01,tid_2433,7
ward,2023-12-01,tid_2434,7
ward,2023-12-01,tid_2435,7
ward,2023-12-01,tid_2436,7
ward,2023-12-01,tid_2437,7
ward,2023-12-01,tid_2439,7
ward,2023-12-01,tid_2440,7
ward,2023-12-01,tid_2441,7
ward,2023-12-01,tid_2442,7
ward,2023-12-01,tid_2443,7
ward,2023-12-01,tid_2444,7
ward,2023-12-01,tid_2445,7
ward,2023-12-01,tid_2446,7
ward,2023-12-01,tid_2447,7
ward,2023-12-01,tid_2449,7
ward,2023-12-01,tid_2450,7
ward,2023-12-01,tid_2451,7
ward,2023-12-01,tid_2452,7
ward,2023-12-01,tid_2453,7
ward,2023-12-01,tid_2454,7
ward,2023-12-01,tid_2455,7
ward,2023-12-01,tid_2456,7
ward,2023-12-01,tid_2457,7
ward,2023-12-01,tid_2458,7
ward,2023-12-01,tid_2459,7
ward,2023-12-01,tid_2460,7
ward,2023-12-01,tid_2461,7
ward,2023-12-01,tid_2462,7
ward,2023-12-01,tid_2463,7
ward,2023-12-01,tid_2464,7
ward,2023-12-01,tid_2465,5
ward,2023-12-01,tid_2466,7
ward,2023-12-01,tid_2467,7
ward,2023-12-01,tid_2468,7
ward,2023-12-01,tid_2469,7
ward,2023-12-01,tid_2470,7
ward,2023-12-01,tid_2471,7
ward,2023-12-01,tid_2472,5
ward,2023-12-01,tid_2473,7
ward,2023-12-01,tid_2474,7
ward,2023-12-01,tid_2475,7
ward,2023-12-01,tid_2476,7
ward,2023-12-01,tid_2477,7
ward,2023-12-01,tid_2478,5
ward,2023-12-01,tid_2479,7
ward,2023-12-01,tid_2480,7
ward,2023-12-01,tid_2481,7
ward,2023-12-01,tid_2482,7
ward,2023-12-01,tid_2483,7
ward,2023-12-01,tid_2484,7
ward,2023-12-01,tid_2485,7
ward,2023-12-01,tid_2486,7
ward,2023-12-01,tid_2487,7
ward,2023-12-01,tid_2488,7
ward,2023-12-01,tid_2489,7
ward,2023-12-01,tid_2490,7
ward,2023-12-01,tid_2491,7
ward,2023-12-01,tid_2492,5
ward,2023-12-01,tid_2493,5
ward,2023-12-01,tid_2494,7
ward,2023-12-01,tid_2495,7
ward,2023-12-01,tid_2496,7
ward,2023-12-01,tid_2497,7
ward,2023-12-01,tid_2498,7
ward,2023-12-01,tid_2499,7
ward,2023-12-01,tid_25,5
ward,2023-12-01,tid_2500,7
ward,2023-12-01,tid_2501,7
ward,2023-12-01,tid_2502,7
ward,2023-12-01,tid_2503,7
ward,2023-12-01,tid_2504,7
ward,2023-12-01,tid_2505,7
ward,2023-12-01,tid_2506,7
ward,2023-12-01,tid_2507,7
ward,2023-12-01,tid_2508,7
ward,2023-12-01,tid_2509,7
ward,2023-12-01,tid_2510,7
ward,2023-12-01,tid_2511,5
ward,2023-12-01,tid_2512,7
ward,2023-12-01,tid_2513,7
ward,2023-12-01,tid_2514,7
ward,2023-12-01,tid_2515,7
ward,2023-12-01,tid_2516,7
ward,2023-12-01,tid_2517,7
ward,2023-12-01,tid_2518,7
ward,2023-12-01,tid_2519,7
ward,2023-12-01,tid_2520,7
ward,2023-12-01,tid_2521,7
ward,2023-12-01,tid_2522,7
ward,2023-12-01,tid_2523,5
ward,2023-12-01,tid_2524,7
ward,2023-12-01,tid_2525,7
ward,2023-12-01,tid_2526,5
ward,2023-12-01,tid_2527,7
ward,2023-12-01,tid_2528,7
ward,2023-12-01,tid_2529,7
ward,2023-12-01,tid_2530,7
ward,2023-12-01,tid_2531,7
ward,2023-12-01,tid_2532,7
ward,2023-12-01,tid_2533,7
ward,2023-12-01,tid_2534,7
ward,2023-12-01,tid_2535,7
ward,2023-12-01,tid_2536,7
ward,2023-12-01,tid_2537,7
ward,2023-12-01,tid_2538,7
ward,2023-12-01,tid_2539,7
ward,2023-12-01,tid_2540,7
ward,2023-12-01,tid_2541,7
ward,2023-12-01,tid_2542,7
ward,2023-12-01,tid_2543,7
ward,2023-12-01,tid_2544,7
ward,2023-12-01,tid_2545,7
ward,2023-12-01,tid_2546,7
ward,2023-12-01,tid_2547,5
ward,2023-12-01,tid_2548,7
ward,2023-12-01,tid_2549,7
ward,2023-12-01,tid_2550,5
ward,2023-12-01,tid_2551,7
ward,2023-12-01,tid_2552,7
ward,2023-12-01,tid_2553,5
ward,2023-12-01,tid_2554,5
ward,2023-12-01,tid_2555,7
ward,2023-12-01,tid_2556,7
ward,2023-12-01,tid_2557,7
ward,2023-12-01,tid_2558,7
ward,2023-12-01,tid_2559,7
ward,2023-12-01,tid_2560,7
ward,2023-12-01,tid_2561,7
ward,2023-12-01,tid_2562,7
ward,2023-12-01,tid_2563,7
ward,2023-12-01,tid_2564,7
ward,2023-12-01,tid_2565,7
ward,2023-12-01,tid_2566,7
ward,2023-12-01,tid_2567,7
ward,2023-12-01,tid_2568,7
ward,2023-12-01,tid_2569,7
ward,2023-12-01,tid_2570,5
ward,2023-12-01,tid_2571,5
ward,2023-12-01,tid_2572,5
ward,2023-12-01,tid_2573,7
ward,2023-12-01,tid_2574,7
ward,2023-12-01,tid_2575,7
ward,2023-12-01,tid_2576,7
ward,2023-12-01,tid_2577,7
ward,2023-12-01,tid_2578,7
ward,2023-12-01,tid_2579,7
ward,2023-12-01,tid_2580,7
ward,2023-12-01,tid_2581,7
ward,2023-12-01,tid_2582,7
ward,2023-12-01,tid_2583,7
ward,2023-12-01,tid_2584,7
ward,2023-12-01,tid_2585,7
ward,2023-12-01,tid_2586,5
ward,2023-12-01,tid_2587,7
ward,2023-12-01,tid_2588,5
ward,2023-12-01,tid_2589,7
ward,2023-12-01,tid_2590,7
ward,2023-12-01,tid_2591,5
ward,2023-12-01,tid_2592,7
ward,2023-12-01,tid_2593,0
ward,2023-12-01,tid_2595,4
ward,2023-12-01,tid_2596,5
ward,2023-12-01,tid_2597,5
ward,2023-12-01,tid_2598,4
ward,2023-12-01,tid_2599,7
ward,2023-12-01,tid_26,5
ward,2023-12-01,tid_2600,7
ward,2023-12-01,tid_2601,4
ward,2023-12-01,tid_2602,7
ward,2023-12-01,tid_2604,7
ward,2023-12-01,tid_2605,7
ward,2023-12-01,tid_2606,7
ward,2023-12-01,tid_2607,4
ward,2023-12-01,tid_2618,1
ward,2023-12-01,tid_2619,4
ward,2023-12-01,tid_2620,4
ward,2023-12-01,tid_2621,4
ward,2023-12-01,tid_2644,5
ward,2023-12-01,tid_2646,5
ward,2023-12-01,tid_2647,4
ward,2023-12-01,tid_2648,5
ward,2023-12-01,tid_2649,5
ward,2023-12-01,tid_2651,7
ward,2023-12-01,tid_2652,4
ward,2023-12-01,tid_269,5
ward,2023-12-01,tid_27,5
ward,2023-12-01,tid_270,3
ward,2023-12-01,tid_271,3
ward,2023-12-01,tid_2710,4
ward,2023-12-01,tid_272,4
ward,2023-12-01,tid_273,0
ward,2023-12-01,tid_274,0
ward,2023-12-01,tid_275,1
ward,2023-12-01,tid_276,1
ward,2023-12-01,tid_277,1
ward,2023-12-01,tid_278,5
ward,2023-12-01,tid_279,6
ward,2023-12-01,tid_28,5
ward,2023-12-01,tid_280,1
ward,2023-12-01,tid_2808,5
ward,2023-12-01,tid_2809,5
ward,2023-12-01,tid_281,6
ward,2023-12-01,tid_2813,3
ward,2023-12-01,tid_2814,5
ward,2023-12-01,tid_282,1
ward,2023-12-01,tid_283,3
ward,2023-12-01,tid_284,3
ward,2023-12-01,tid_285,1
ward,2023-12-01,tid_287,0
ward,2023-12-01,tid_2872,6
ward,2023-12-01,tid_2876,7
ward,2023-12-01,tid_2879,3
ward,2023-12-01,tid_288,0
ward,2023-12-01,tid_2880,3
ward,2023-12-01,tid_2881,7
ward,2023-12-01,tid_2882,3
ward,2023-12-01,tid_2883,4
ward,2023-12-01,tid_2884,4
ward,2023-12-01,tid_2885,4
ward,2023-12-01,tid_2886,3
ward,2023-12-01,tid_2887,5
ward,2023-12-01,tid_289,0
ward,2023-12-01,tid_29,5
ward,2023-12-01,tid_290,0
ward,2023-12-01,tid_292,0
ward,2023-12-01,tid_293,0
ward,2023-12-01,tid_294,1
ward,2023-12-01,tid_295,0
ward,2023-12-01,tid_296,0
ward,2023-12-01,tid_297,0
ward,2023-12-01,tid_298,0
ward,2023-12-01,tid_3,6
ward,2023-12-01,tid_30,4
ward,2023-12-01,tid_300,0
ward,2023-12-01,tid_3005,4
ward,2023-12-01,tid_3007,4
ward,2023-12-01,tid_3009,5
ward,2023-12-01,tid_301,4
ward,2023-12-01,tid_3011,5
ward,2023-12-01,tid_3012,6
ward,2023-12-01,tid_3013,5
ward,2023-12-01,tid_302,0
ward,2023-12-01,tid_303,3
ward,2023-12-01,tid_304,0
ward,2023-12-01,tid_305,0
ward,2023-12-01,tid_306,1
ward,2023-12-01,tid_307,0
ward,2023-12-01,tid_308,0
ward,2023-12-01,tid_309,2
ward,2023-12-01,tid_31,5
ward,2023-12-01,tid_312,3
ward,2023-12-01,tid_314,2
ward,2023-12-01,tid_316,2
ward,2023-12-01,tid_317,2
ward,2023-12-01,tid_318,2
ward,2023-12-01,tid_319,2
ward,2023-12-01,tid_32,1
ward,2023-12-01,tid_320,2
ward,2023-12-01,tid_321,4
ward,2023-12-01,tid_323,2
ward,2023-12-01,tid_324,2
ward,2023-12-01,tid_325,3
ward,2023-12-01,tid_326,2
ward,2023-12-01,tid_327,3
ward,2023-12-01,tid_329,2
ward,2023-12-01,tid_33,0
ward,2023-12-01,tid_330,3
ward,2023-12-01,tid_331,2
ward,2023-12-01,tid_332,2
ward,2023-12-01,tid_333,3
ward,2023-12-01,tid_334,2
ward,2023-12-01,tid_335,2
ward,2023-12-01,tid_336,2
ward,2023-12-01,tid_337,2
ward,2023-12-01,tid_338,2
ward,2023-12-01,tid_339,2
ward,2023-12-01,tid_34,0
ward,2023-12-01,tid_340,2
ward,2023-12-01,tid_341,2
ward,2023-12-01,tid_342,4
ward,2023-12-01,tid_343,2
ward,2023-12-01,tid_345,7
ward,2023-12-01,tid_346,7
ward,2023-12-01,tid_347,7
ward,2023-12-01,tid_348,7
ward,2023-12-01,tid_349,7
ward,2023-12-01,tid_35,5
ward,2023-12-01,tid_351,5
ward,2023-12-01,tid_352,7
ward,2023-12-01,tid_354,7
ward,2023-12-01,tid_355,5
ward,2023-12-01,tid_356,3
ward,2023-12-01,tid_357,4
ward,2023-12-01,tid_358,1
ward,2023-12-01,tid_359,0
ward,2023-12-01,tid_36,0
ward,2023-12-01,tid_360,1
ward,2023-12-01,tid_361,0
ward,2023-12-01,tid_362,5
ward,2023-12-01,tid_363,0
ward,2023-12-01,tid_364,0
ward,2023-12-01,tid_365,0
ward,2023-12-01,tid_366,1
ward,2023-12-01,tid_367,0
ward,2023-12-01,tid_368,5
ward,2023-12-01,tid_369,0
ward,2023-12-01,tid_37,0
ward,2023-12-01,tid_370,4
ward,2023-12-01,tid_371,5
ward,2023-12-01,tid_372,0
ward,2023-12-01,tid_373,5
ward,2023-12-01,tid_374,4
ward,2023-12-01,tid_375,5
ward,2023-12-01,tid_376,4
ward,2023-12-01,tid_377,1
ward,2023-12-01,tid_378,0
ward,2023-12-01,tid_379,7
ward,2023-12-01,tid_38,5
ward,2023-12-01,tid_380,5
ward,2023-12-01,tid_381,0
ward,2023-12-01,tid_382,3
ward,2023-12-01,tid_383,4
ward,2023-12-01,tid_384,0
ward,2023-12-01,tid_385,5
ward,2023-12-01,tid_386,1
ward,2023-12-01,tid_387,5
ward,2023-12-01,tid_388,5
ward,2023-12-01,tid_39,4
ward,2023-12-01,tid_390,0
ward,2023-12-01,tid_391,3
ward,2023-12-01,tid_392,1
ward,2023-12-01,tid_393,3
ward,2023-12-01,tid_395,1
ward,2023-12-01,tid_396,4
ward,2023-12-01,tid_397,4
ward,2023-12-01,tid_398,6
ward,2023-12-01,tid_4,4
ward,2023-12-01,tid_40,5
ward,2023-12-01,tid_401,4
ward,2023-12-01,tid_402,4
ward,2023-12-01,tid_403,4
ward,2023-12-01,tid_404,4
ward,2023-12-01,tid_405,4
ward,2023-12-01,tid_408,1
ward,2023-12-01,tid_41,0
ward,2023-12-01,tid_410,4
ward,2023-12-01,tid_413,4
ward,2023-12-01,tid_414,5
ward,2023-12-01,tid_416,4
ward,2023-12-01,tid_418,5
ward,2023-12-01,tid_419,5
ward,2023-12-01,tid_42,5
ward,2023-12-01,tid_420,5
ward,2023-12-01,tid_421,5
ward,2023-12-01,tid_422,5
ward,2023-12-01,tid_423,0
ward,2023-12-01,tid_424,3
ward,2023-12-01,tid_425,0
ward,2023-12-01,tid_428,0
ward,2023-12-01,tid_429,0
ward,2023-12-01,tid_43,0
ward,2023-12-01,tid_430,5
ward,2023-12-01,tid_431,0
ward,2023-12-01,tid_432,3
ward,2023-12-01,tid_433,1
ward,2023-12-01,tid_434,0
ward,2023-12-01,tid_435,0
ward,2023-12-01,tid_436,0
ward,2023-12-01,tid_437,1
ward,2023-12-01,tid_438,0
ward,2023-12-01,tid_44,5
ward,2023-12-01,tid_440,4
ward,2023-12-01,tid_441,1
ward,2023-12-01,tid_442,1
ward,2023-12-01,tid_443,3
ward,2023-12-01,tid_444,0
ward,2023-12-01,tid_445,6
ward,2023-12-01,tid_446,0
ward,2023-12-01,tid_447,0
ward,2023-12-01,tid_448,5
ward,2023-12-01,tid_449,6
ward,2023-12-01,tid_45,0
ward,2023-12-01,tid_450,3
ward,2023-12-01,tid_451,6
ward,2023-12-01,tid_452,4
ward,2023-12-01,tid_453,4
ward,2023-12-01,tid_455,4
ward,2023-12-01,tid_456,1
ward,2023-12-01,tid_457,6
ward,2023-12-01,tid_458,4
ward,2023-12-01,tid_459,4
ward,2023-12-01,tid_46,0
ward,2023-12-01,tid_460,4
ward,2023-12-01,tid_47,5
ward,2023-12-01,tid_478,5
ward,2023-12-01,tid_479,0
ward,2023-12-01,tid_48,0
ward,2023-12-01,tid_480,5
ward,2023-12-01,tid_481,5
ward,2023-12-01,tid_482,3
ward,2023-12-01,tid_484,0
ward,2023-12-01,tid_485,5
ward,2023-12-01,tid_486,0
ward,2023-12-01,tid_487,0
ward,2023-12-01,tid_489,1
ward,2023-12-01,tid_49,3
ward,2023-12-01,tid_490,0
ward,2023-12-01,tid_491,0
ward,2023-12-01,tid_492,4
ward,2023-12-01,tid_493,1
ward,2023-12-01,tid_494,3
ward,2023-12-01,tid_495,0
ward,2023-12-01,tid_496,0
ward,2023-12-01,tid_497,3
ward,2023-12-01,tid_498,5
ward,2023-12-01,tid_499,0
ward,2023-12-01,tid_5,4
ward,2023-12-01,tid_50,4
ward,2023-12-01,tid_501,0
ward,2023-12-01,tid_502,0
ward,2023-12-01,tid_503,0
ward,2023-12-01,tid_504,5
ward,2023-12-01,tid_505,3
ward,2023-12-01,tid_506,5
ward,2023-12-01,tid_507,5
ward,2023-12-01,tid_508,3
ward,2023-12-01,tid_509,5
ward,2023-12-01,tid_51,5
ward,2023-12-01,tid_510,5
ward,2023-12-01,tid_511,4
ward,2023-12-01,tid_512,3
ward,2023-12-01,tid_515,4
ward,2023-12-01,tid_516,0
ward,2023-12-01,tid_517,0
ward,2023-12-01,tid_518,1
ward,2023-12-01,tid_519,1
ward,2023-12-01,tid_52,0
ward,2023-12-01,tid_520,0
ward,2023-12-01,tid_521,1
ward,2023-12-01,tid_522,1
ward,2023-12-01,tid_523,1
ward,2023-12-01,tid_524,0
ward,2023-12-01,tid_525,1
ward,2023-12-01,tid_527,3
ward,2023-12-01,tid_528,1
ward,2023-12-01,tid_529,0
ward,2023-12-01,tid_53,5
ward,2023-12-01,tid_530,3
ward,2023-12-01,tid_531,3
ward,2023-12-01,tid_532,1
ward,2023-12-01,tid_533,0
ward,2023-12-01,tid_534,1
ward,2023-12-01,tid_535,0
ward,2023-12-01,tid_536,0
ward,2023-12-01,tid_537,1
ward,2023-12-01,tid_538,6
ward,2023-12-01,tid_539,0
ward,2023-12-01,tid_54,5
ward,2023-12-01,tid_540,1
ward,2023-12-01,tid_541,0
ward,2023-12-01,tid_542,3
ward,2023-12-01,tid_543,3
ward,2023-12-01,tid_544,1
ward,2023-12-01,tid_545,3
ward,2023-12-01,tid_546,0
ward,2023-12-01,tid_547,0
ward,2023-12-01,tid_548,3
ward,2023-12-01,tid_549,1
ward,2023-12-01,tid_55,4
ward,2023-12-01,tid_550,0
ward,2023-12-01,tid_552,0
ward,2023-12-01,tid_553,1
ward,2023-12-01,tid_554,1
ward,2023-12-01,tid_555,1
ward,2023-12-01,tid_556,0
ward,2023-12-01,tid_557,1
ward,2023-12-01,tid_558,1
ward,2023-12-01,tid_559,3
ward,2023-12-01,tid_56,0
ward,2023-12-01,tid_560,0
ward,2023-12-01,tid_561,3
ward,2023-12-01,tid_562,0
ward,2023-12-01,tid_563,0
ward,2023-12-01,tid_564,1
ward,2023-12-01,tid_565,1
ward,2023-12-01,tid_566,0
ward,2023-12-01,tid_567,1
ward,2023-12-01,tid_568,1
ward,2023-12-01,tid_569,1
ward,2023-12-01,tid_57,5
ward,2023-12-01,tid_570,1
ward,2023-12-01,tid_571,0
ward,2023-12-01,tid_572,1
ward,2023-12-01,tid_574,3
ward,2023-12-01,tid_578,5
ward,2023-12-01,tid_579,4
ward,2023-12-01,tid_58,1
ward,2023-12-01,tid_580,2
ward,2023-12-01,tid_581,4
ward,2023-12-01,tid_582,5
ward,2023-12-01,tid_583,2
ward,2023-12-01,tid_584,3
ward,2023-12-01,tid_585,1
ward,2023-12-01,tid_586,0
ward,2023-12-01,tid_587,4
ward,2023-12-01,tid_588,1
ward,2023-12-01,tid_589,4
ward,2023-12-01,tid_59,4
ward,2023-12-01,tid_591,1
ward,2023-12-01,tid_592,4
ward,2023-12-01,tid_593,0
ward,2023-12-01,tid_594,0
ward,2023-12-01,tid_595,0
ward,2023-12-01,tid_598,4
ward,2023-12-01,tid_599,4
ward,2023-12-01,tid_6,4
ward,2023-12-01,tid_60,4
ward,2023-12-01,tid_600,4
ward,2023-12-01,tid_601,4
ward,2023-12-01,tid_602,2
ward,2023-12-01,tid_603,1
ward,2023-12-01,tid_604,4
ward,2023-12-01,tid_605,4
ward,2023-12-01,tid_606,4
ward,2023-12-01,tid_607,4
ward,2023-12-01,tid_608,2
ward,2023-12-01,tid_61,3
ward,2023-12-01,tid_612,2
ward,2023-12-01,tid_613,3
ward,2023-12-01,tid_614,2
ward,2023-12-01,tid_615,2
ward,2023-12-01,tid_616,2
ward,2023-12-01,tid_618,2
ward,2023-12-01,tid_619,2
ward,2023-12-01,tid_62,0
ward,2023-12-01,tid_621,2
ward,2023-12-01,tid_63,0
ward,2023-12-01,tid_65,3
ward,2023-12-01,tid_66,5
ward,2023-12-01,tid_666,5
ward,2023-12-01,tid_667,4
ward,2023-12-01,tid_668,1
ward,2023-12-01,tid_669,3
ward,2023-12-01,tid_67,4
ward,2023-12-01,tid_670,3
ward,2023-12-01,tid_671,3
ward,2023-12-01,tid_674,4
ward,2023-12-01,tid_675,3
ward,2023-12-01,tid_676,5
ward,2023-12-01,tid_677,3
ward,2023-12-01,tid_678,3
ward,2023-12-01,tid_679,5
ward,2023-12-01,tid_68,0
ward,2023-12-01,tid_680,3
ward,2023-12-01,tid_683,1
ward,2023-12-01,tid_685,4
ward,2023-12-01,tid_686,5
ward,2023-12-01,tid_687,0
ward,2023-12-01,tid_689,1
ward,2023-12-01,tid_69,0
ward,2023-12-01,tid_690,1
ward,2023-12-01,tid_691,6
ward,2023-12-01,tid_692,1
ward,2023-12-01,tid_693,5
ward,2023-12-01,tid_694,6
ward,2023-12-01,tid_695,1
ward,2023-12-01,tid_696,1
ward,2023-12-01,tid_697,6
ward,2023-12-01,tid_698,1
ward,2023-12-01,tid_699,1
ward,2023-12-01,tid_7,7
ward,2023-12-01,tid_70,1
ward,2023-12-01,tid_701,1
ward,2023-12-01,tid_702,3
ward,2023-12-01,tid_703,0
ward,2023-12-01,tid_704,1
ward,2023-12-01,tid_705,1
ward,2023-12-01,tid_706,0
ward,2023-12-01,tid_708,1
ward,2023-12-01,tid_71,4
ward,2023-12-01,tid_710,6
ward,2023-12-01,tid_711,1
ward,2023-12-01,tid_712,1
ward,2023-12-01,tid_713,0
ward,2023-12-01,tid_714,1
ward,2023-12-01,tid_715,0
ward,2023-12-01,tid_716,3
ward,2023-12-01,tid_717,1
ward,2023-12-01,tid_718,2
ward,2023-12-01,tid_719,1
ward,2023-12-01,tid_72,0
ward,2023-12-01,tid_720,2
ward,2023-12-01,tid_721,1
ward,2023-12-01,tid_722,1
ward,2023-12-01,tid_723,1
ward,2023-12-01,tid_725,1
ward,2023-12-01,tid_726,2
ward,2023-12-01,tid_727,5
ward,2023-12-01,tid_73,5
ward,2023-12-01,tid_731,3
ward,2023-12-01,tid_734,6
ward,2023-12-01,tid_735,0
ward,2023-12-01,tid_736,6
ward,2023-12-01,tid_737,1
ward,2023-12-01,tid_738,3
ward,2023-12-01,tid_739,6
ward,2023-12-01,tid_74,0
ward,2023-12-01,tid_741,3
ward,2023-12-01,tid_742,1
ward,2023-12-01,tid_743,6
ward,2023-12-01,tid_744,3
ward,2023-12-01,tid_745,6
ward,2023-12-01,tid_746,1
ward,2023-12-01,tid_747,6
ward,2023-12-01,tid_748,5
ward,2023-12-01,tid_749,1
ward,2023-12-01,tid_75,5
ward,2023-12-01,tid_751,6
ward,2023-12-01,tid_752,1
ward,2023-12-01,tid_753,1
ward,2023-12-01,tid_754,3
ward,2023-12-01,tid_755,1
ward,2023-12-01,tid_756,3
ward,2023-12-01,tid_757,5
ward,2023-12-01,tid_758,1
ward,2023-12-01,tid_76,5
ward,2023-12-01,tid_760,1
ward,2023-12-01,tid_761,1
ward,2023-12-01,tid_763,5
ward,2023-12-01,tid_764,6
ward,2023-12-01,tid_765,1
ward,2023-12-01,tid_766,4
ward,2023-12-01,tid_767,4
ward,2023-12-01,tid_769,1
ward,2023-12-01,tid_77,5
ward,2023-12-01,tid_770,1
ward,2023-12-01,tid_771,1
ward,2023-12-01,tid_773,6
ward,2023-12-01,tid_774,6
ward,2023-12-01,tid_775,5
ward,2023-12-01,tid_776,5
ward,2023-12-01,tid_777,5
ward,2023-12-01,tid_778,5
ward,2023-12-01,tid_779,4
ward,2023-12-01,tid_78,1
ward,2023-12-01,tid_780,4
ward,2023-12-01,tid_781,3
ward,2023-12-01,tid_782,5
ward,2023-12-01,tid_783,1
ward,2023-12-01,tid_784,5
ward,2023-12-01,tid_785,5
ward,2023-12-01,tid_787,1
ward,2023-12-01,tid_788,4
ward,2023-12-01,tid_789,0
ward,2023-12-01,tid_79,4
ward,2023-12-01,tid_790,0
ward,2023-12-01,tid_791,1
ward,2023-12-01,tid_792,1
ward,2023-12-01,tid_793,1
ward,2023-12-01,tid_794,5
ward,2023-12-01,tid_795,1
ward,2023-12-01,tid_796,2
ward,2023-12-01,tid_797,1
ward,2023-12-01,tid_798,1
ward,2023-12-01,tid_799,1
ward,2023-12-01,tid_8,5
ward,2023-12-01,tid_80,0
ward,2023-12-01,tid_800,4
ward,2023-12-01,tid_801,0
ward,2023-12-01,tid_802,1
ward,2023-12-01,tid_803,1
ward,2023-12-01,tid_804,1
ward,2023-12-01,tid_805,1
ward,2023-12-01,tid_806,0
ward,2023-12-01,tid_807,3
ward,2023-12-01,tid_808,1
ward,2023-12-01,tid_809,7
ward,2023-12-01,tid_81,5
ward,2023-12-01,tid_810,0
ward,2023-12-01,tid_811,5
ward,2023-12-01,tid_812,7
ward,2023-12-01,tid_813,7
ward,2023-12-01,tid_814,0
ward,2023-12-01,tid_815,0
ward,2023-12-01,tid_817,4
ward,2023-12-01,tid_818,4
ward,2023-12-01,tid_819,5
ward,2023-12-01,tid_82,0
ward,2023-12-01,tid_820,5
ward,2023-12-01,tid_821,0
ward,2023-12-01,tid_822,0
ward,2023-12-01,tid_823,0
ward,2023-12-01,tid_824,7
ward,2023-12-01,tid_825,0
ward,2023-12-01,tid_826,0
ward,2023-12-01,tid_827,0
ward,2023-12-01,tid_828,0
ward,2023-12-01,tid_829,0
ward,2023-12-01,tid_83,5
ward,2023-12-01,tid_830,5
ward,2023-12-01,tid_831,1
ward,2023-12-01,tid_832,4
ward,2023-12-01,tid_833,0
ward,2023-12-01,tid_834,7
ward,2023-12-01,tid_835,1
ward,2023-12-01,tid_836,0
ward,2023-12-01,tid_838,0
ward,2023-12-01,tid_839,0
ward,2023-12-01,tid_840,1
ward,2023-12-01,tid_841,5
ward,2023-12-01,tid_842,5
ward,2023-12-01,tid_843,5
ward,2023-12-01,tid_844,3
ward,2023-12-01,tid_846,3
ward,2023-12-01,tid_847,3
ward,2023-12-01,tid_848,2
ward,2023-12-01,tid_849,1
ward,2023-12-01,tid_851,1
ward,2023-12-01,tid_852,1
ward,2023-12-01,tid_853,1
ward,2023-12-01,tid_854,2
ward,2023-12-01,tid_855,2
ward,2023-12-01,tid_856,3
ward,2023-12-01,tid_857,2
ward,2023-12-01,tid_859,2
ward,2023-12-01,tid_860,5
ward,2023-12-01,tid_870,1
ward,2023-12-01,tid_871,5
ward,2023-12-01,tid_872,5
ward,2023-12-01,tid_873,3
ward,2023-12-01,tid_874,1
ward,2023-12-01,tid_875,2
ward,2023-12-01,tid_876,5
ward,2023-12-01,tid_877,1
ward,2023-12-01,tid_878,1
ward,2023-12-01,tid_879,2
ward,2023-12-01,tid_880,2
ward,2023-12-01,tid_881,0
ward,2023-12-01,tid_882,2
ward,2023-12-01,tid_883,3
ward,2023-12-01,tid_884,2
ward,2023-12-01,tid_885,3
ward,2023-12-01,tid_886,3
ward,2023-12-01,tid_888,2
ward,2023-12-01,tid_889,1
ward,2023-12-01,tid_890,5
ward,2023-12-01,tid_891,3
ward,2023-12-01,tid_892,5
ward,2023-12-01,tid_895,6
ward,2023-12-01,tid_896,5
ward,2023-12-01,tid_897,1
ward,2023-12-01,tid_898,6
ward,2023-12-01,tid_899,4
ward,2023-12-01,tid_9,4
ward,2023-12-01,tid_900,6
ward,2023-12-01,tid_901,1
ward,2023-12-01,tid_902,6
ward,2023-12-01,tid_903,3
ward,2023-12-01,tid_904,1
ward,2023-12-01,tid_905,1
ward,2023-12-01,tid_907,1
ward,2023-12-01,tid_908,3
ward,2023-12-01,tid_909,6
ward,2023-12-01,tid_911,3
ward,2023-12-01,tid_912,5
ward,2023-12-01,tid_913,1
ward,2023-12-01,tid_914,6
ward,2023-12-01,tid_915,1
ward,2023-12-01,tid_916,5
ward,2023-12-01,tid_917,2
ward,2023-12-01,tid_918,5
ward,2023-12-01,tid_920,4
ward,2023-12-01,tid_922,1
ward,2023-12-01,tid_923,6
ward,2023-12-01,tid_924,1
ward,2023-12-01,tid_925,1
ward,2023-12-01,tid_926,0
ward,2023-12-01,tid_927,5
ward,2023-12-01,tid_928,5
ward,2023-12-01,tid_929,0
ward,2023-12-01,tid_930,1
ward,2023-12-01,tid_986,5
ward,2023-12-01,tid_987,3
ward,2023-12-01,tid_988,5
ward,2023-12-01,tid_989,4
ward,2023-12-01,tid_991,4
ward,2023-12-01,tid_992,3
ward,2023-12-01,tid_993,1
ward,2023-12-01,tid_994,6
ward,2023-12-01,tid_995,6
ward,2023-12-01,tid_996,4
ward,2023-12-01,tid_998,3
ward,2023-12-01,tid_999,1
leiden_static,2023-12-01,tid_1,2
leiden_static,2023-12-01,tid_10,2
leiden_static,2023-12-01,tid_1001,4
leiden_static,2023-12-01,tid_1002,7
leiden_static,2023-12-01,tid_1003,7
leiden_static,2023-12-01,tid_1004,0
leiden_static,2023-12-01,tid_1005,4
leiden_static,2023-12-01,tid_1006,7
leiden_static,2023-12-01,tid_1007,2
leiden_static,2023-12-01,tid_1008,2
leiden_static,2023-12-01,tid_1009,4
leiden_static,2023-12-01,tid_1010,2
leiden_static,2023-12-01,tid_1011,3
leiden_static,2023-12-01,tid_1012,3
leiden_static,2023-12-01,tid_1013,0
leiden_static,2023-12-01,tid_1014,3
leiden_static,2023-12-01,tid_1015,7
leiden_static,2023-12-01,tid_1016,3
leiden_static,2023-12-01,tid_1017,0
leiden_static,2023-12-01,tid_1018,3
leiden_static,2023-12-01,tid_1019,3
leiden_static,2023-12-01,tid_1020,4
leiden_static,2023-12-01,tid_1021,4
leiden_static,2023-12-01,tid_1023,3
leiden_static,2023-12-01,tid_1024,0
leiden_static,2023-12-01,tid_1025,3
leiden_static,2023-12-01,tid_1026,3
leiden_static,2023-12-01,tid_1027,3
leiden_static,2023-12-01,tid_1028,3
leiden_static,2023-12-01,tid_1029,0
leiden_static,2023-12-01,tid_1030,0
leiden_static,2023-12-01,tid_1031,3
leiden_static,2023-12-01,tid_1032,3
leiden_static,2023-12-01,tid_1033,3
leiden_static,2023-12-01,tid_1034,0
leiden_static,2023-12-01,tid_1035,3
leiden_static,2023-12-01,tid_1036,3
leiden_static,2023-12-01,tid_1037,3
leiden_static,2023-12-01,tid_1038,3
leiden_static,2023-12-01,tid_1039,4
leiden_static,2023-12-01,tid_1040,3
leiden_static,2023-12-01,tid_1041,3
leiden_static,2023-12-01,tid_1044,3
leiden_static,2023-12-01,tid_1047,5
leiden_static,2023-12-01,tid_1048,8
leiden_static,2023-12-01,tid_1049,4
leiden_static,2023-12-01,tid_1051,8
leiden_static,2023-12-01,tid_1052,0
leiden_static,2023-12-01,tid_1053,5
leiden_static,2023-12-01,tid_1054,8
leiden_static,2023-12-01,tid_1055,5
leiden_static,2023-12-01,tid_1056,7
leiden_static,2023-12-01,tid_1057,5
leiden_static,2023-12-01,tid_1058,5
leiden_static,2023-12-01,tid_1059,8
leiden_static,2023-12-01,tid_1060,7
leiden_static,2023-12-01,tid_1061,1
leiden_static,2023-12-01,tid_1062,8
leiden_static,2023-12-01,tid_1063,5
leiden_static,2023-12-01,tid_1064,0
leiden_static,2023-12-01,tid_1065,0
leiden_static,2023-12-01,tid_1066,5
leiden_static,2023-12-01,tid_1067,8
leiden_static,2023-12-01,tid_1068,5
leiden_static,2023-12-01,tid_1069,5
leiden_static,2023-12-01,tid_1070,5
leiden_static,2023-12-01,tid_1071,8
leiden_static,2023-12-01,tid_1072,5
leiden_static,2023-12-01,tid_11,2
leiden_static,2023-12-01,tid_1107,2
leiden_static,2023-12-01,tid_1108,7
leiden_static,2023-12-01,tid_1109,8
leiden_static,2023-12-01,tid_1110,4
leiden_static,2023-12-01,tid_1111,4
leiden_static,2023-12-01,tid_1112,4
leiden_static,2023-12-01,tid_1113,7
leiden_static,2023-12-01,tid_1115,7
leiden_static,2023-12-01,tid_1116,3
leiden_static,2023-12-01,tid_1117,2
leiden_static,2023-12-01,tid_1118,7
leiden_static,2023-12-01,tid_1119,5
leiden_static,2023-12-01,tid_1120,7
leiden_static,2023-12-01,tid_1121,7
leiden_static,2023-12-01,tid_1122,5
leiden_static,2023-12-01,tid_1123,7
leiden_static,2023-12-01,tid_1124,5
leiden_static,2023-12-01,tid_1125,7
leiden_static,2023-12-01,tid_1126,0
leiden_static,2023-12-01,tid_1127,7
leiden_static,2023-12-01,tid_1128,0
leiden_static,2023-12-01,tid_1129,7
leiden_static,2023-12-01,tid_1130,7
leiden_static,2023-12-01,tid_1131,4
leiden_static,2023-12-01,tid_1132,5
leiden_static,2023-12-01,tid_1133,0
leiden_static,2023-12-01,tid_1134,2
leiden_static,2023-12-01,tid_1135,2
leiden_static,2023-12-01,tid_1136,2
leiden_static,2023-12-01,tid_1137,8
leiden_static,2023-12-01,tid_1138,1
leiden_static,2023-12-01,tid_1139,8
leiden_static,2023-12-01,tid_1140,2
leiden_static,2023-12-01,tid_1141,8
leiden_static,2023-12-01,tid_1142,8
leiden_static,2023-12-01,tid_1143,5
leiden_static,2023-12-01,tid_1144,0
leiden_static,2023-12-01,tid_1146,7
leiden_static,2023-12-01,tid_1147,2
leiden_static,2023-12-01,tid_1148,8
leiden_static,2023-12-01,tid_1149,8
leiden_static,2023-12-01,tid_1150,2
leiden_static,2023-12-01,tid_1151,5
leiden_static,2023-12-01,tid_1152,10
leiden_static,2023-12-01,tid_1153,4
leiden_static,2023-12-01,tid_1154,5
leiden_static,2023-12-01,tid_1155,8
leiden_static,2023-12-01,tid_1157,7
leiden_static,2023-12-01,tid_1158,5
leiden_static,2023-12-01,tid_1159,8
leiden_static,2023-12-01,tid_1160,4
leiden_static,2023-12-01,tid_1161,8
leiden_static,2023-12-01,tid_1163,4
leiden_static,2023-12-01,tid_1164,5
leiden_static,2023-12-01,tid_1165,4
leiden_static,2023-12-01,tid_1166,5
leiden_static,2023-12-01,tid_1167,5
leiden_static,2023-12-01,tid_1168,5
leiden_static,2023-12-01,tid_1169,2
leiden_static,2023-12-01,tid_1170,8
leiden_static,2023-12-01,tid_1171,8
leiden_static,2023-12-01,tid_1172,8
leiden_static,2023-12-01,tid_1173,1
leiden_static,2023-12-01,tid_1174,8
leiden_static,2023-12-01,tid_1175,8
leiden_static,2023-12-01,tid_1176,2
leiden_static,2023-12-01,tid_1178,1
leiden_static,2023-12-01,tid_1179,1
leiden_static,2023-12-01,tid_1180,4
leiden_static,2023-12-01,tid_1181,1
leiden_static,2023-12-01,tid_1184,4
leiden_static,2023-12-01,tid_1185,4
leiden_static,2023-12-01,tid_1186,2
leiden_static,2023-12-01,tid_1187,1
leiden_static,2023-12-01,tid_1188,2
leiden_static,2023-12-01,tid_1189,8
leiden_static,2023-12-01,tid_1190,2
leiden_static,2023-12-01,tid_1191,1
leiden_static,2023-12-01,tid_1192,8
leiden_static,2023-12-01,tid_1193,1
leiden_static,2023-12-01,tid_1194,1
leiden_static,2023-12-01,tid_1195,3
leiden_static,2023-12-01,tid_1196,1
leiden_static,2023-12-01,tid_1197,1
leiden_static,2023-12-01,tid_1198,2
leiden_static,2023-12-01,tid_12,2
leiden_static,2023-12-01,tid_1200,7
leiden_static,2023-12-01,tid_1201,0
leiden_static,2023-12-01,tid_1203,0
leiden_static,2023-12-01,tid_1204,0
leiden_static,2023-12-01,tid_1205,0
leiden_static,2023-12-01,tid_1206,7
leiden_static,2023-12-01,tid_1207,4
leiden_static,2023-12-01,tid_1208,0
leiden_static,2023-12-01,tid_1209,0
leiden_static,2023-12-01,tid_1210,0
leiden_static,2023-12-01,tid_1211,7
leiden_static,2023-12-01,tid_1212,4
leiden_static,2023-12-01,tid_1213,0
leiden_static,2023-12-01,tid_1214,7
leiden_static,2023-12-01,tid_1215,0
leiden_static,2023-12-01,tid_1217,3
leiden_static,2023-12-01,tid_1218,0
leiden_static,2023-12-01,tid_1219,7
leiden_static,2023-12-01,tid_1220,0
leiden_static,2023-12-01,tid_1221,5
leiden_static,2023-12-01,tid_1222,0
leiden_static,2023-12-01,tid_1223,0
leiden_static,2023-12-01,tid_1224,2
leiden_static,2023-12-01,tid_1225,8
leiden_static,2023-12-01,tid_1226,8
leiden_static,2023-12-01,tid_1227,1
leiden_static,2023-12-01,tid_1228,5
leiden_static,2023-12-01,tid_1229,2
leiden_static,2023-12-01,tid_1230,8
leiden_static,2023-12-01,tid_1231,2
leiden_static,2023-12-01,tid_1232,5
leiden_static,2023-12-01,tid_1233,2
leiden_static,2023-12-01,tid_1234,1
leiden_static,2023-12-01,tid_1235,1
leiden_static,2023-12-01,tid_1236,2
leiden_static,2023-12-01,tid_1237,1
leiden_static,2023-12-01,tid_1238,2
leiden_static,2023-12-01,tid_1240,8
leiden_static,2023-12-01,tid_1241,1
leiden_static,2023-12-01,tid_1242,0
leiden_static,2023-12-01,tid_1243,2
leiden_static,2023-12-01,tid_1244,7
leiden_static,2023-12-01,tid_1246,1
leiden_static,2023-12-01,tid_1249,8
leiden_static,2023-12-01,tid_1250,8
leiden_static,2023-12-01,tid_1251,0
leiden_static,2023-12-01,tid_1252,1
leiden_static,2023-12-01,tid_1253,0
leiden_static,2023-12-01,tid_1254,8
leiden_static,2023-12-01,tid_1256,5
leiden_static,2023-12-01,tid_1257,0
leiden_static,2023-12-01,tid_1258,2
leiden_static,2023-12-01,tid_1259,4
leiden_static,2023-12-01,tid_1260,1
leiden_static,2023-12-01,tid_1261,1
leiden_static,2023-12-01,tid_1262,1
leiden_static,2023-12-01,tid_1264,1
leiden_static,2023-12-01,tid_1265,1
leiden_static,2023-12-01,tid_1266,5
leiden_static,2023-12-01,tid_1267,10
leiden_static,2023-12-01,tid_1268,5
leiden_static,2023-12-01,tid_1269,0
leiden_static,2023-12-01,tid_1270,7
leiden_static,2023-12-01,tid_1271,0
leiden_static,2023-12-01,tid_1272,7
leiden_static,2023-12-01,tid_1273,0
leiden_static,2023-12-01,tid_1274,0
leiden_static,2023-12-01,tid_1275,8
leiden_static,2023-12-01,tid_1276,1
leiden_static,2023-12-01,tid_1277,7
leiden_static,2023-12-01,tid_1278,0
leiden_static,2023-12-01,tid_1279,5
leiden_static,2023-12-01,tid_1280,0
leiden_static,2023-12-01,tid_1281,5
leiden_static,2023-12-01,tid_1282,1
leiden_static,2023-12-01,tid_1284,7
leiden_static,2023-12-01,tid_1285,5
leiden_static,2023-12-01,tid_1286,0
leiden_static,2023-12-01,tid_1287,7
leiden_static,2023-12-01,tid_1288,0
leiden_static,2023-12-01,tid_1289,1
leiden_static,2023-12-01,tid_1290,5
leiden_static,2023-12-01,tid_1291,0
leiden_static,2023-12-01,tid_1292,0
leiden_static,2023-12-01,tid_1293,5
leiden_static,2023-12-01,tid_1294,1
leiden_static,2023-12-01,tid_1295,7
leiden_static,2023-12-01,tid_1296,0
leiden_static,2023-12-01,tid_1297,0
leiden_static,2023-12-01,tid_1298,0
leiden_static,2023-12-01,tid_1299,7
leiden_static,2023-12-01,tid_13,8
leiden_static,2023-12-01,tid_1300,1
leiden_static,2023-12-01,tid_1301,7
leiden_static,2023-12-01,tid_1302,1
leiden_static,2023-12-01,tid_1303,2
leiden_static,2023-12-01,tid_1304,7
leiden_static,2023-12-01,tid_1305,7
leiden_static,2023-12-01,tid_1306,7
leiden_static,2023-12-01,tid_1308,0
leiden_static,2023-12-01,tid_1309,0
leiden_static,2023-12-01,tid_1310,0
leiden_static,2023-12-01,tid_1311,0
leiden_static,2023-12-01,tid_1312,0
leiden_static,2023-12-01,tid_1313,0
leiden_static,2023-12-01,tid_1314,0
leiden_static,2023-12-01,tid_1315,2
leiden_static,2023-12-01,tid_1316,7
leiden_static,2023-12-01,tid_1317,0
leiden_static,2023-12-01,tid_1319,0
leiden_static,2023-12-01,tid_1320,0
leiden_static,2023-12-01,tid_1321,7
leiden_static,2023-12-01,tid_1322,0
leiden_static,2023-12-01,tid_1323,0
leiden_static,2023-12-01,tid_1324,0
leiden_static,2023-12-01,tid_1325,0
leiden_static,2023-12-01,tid_1326,1
leiden_static,2023-12-01,tid_1327,0
leiden_static,2023-12-01,tid_1328,0
leiden_static,2023-12-01,tid_1329,7
leiden_static,2023-12-01,tid_1330,7
leiden_static,2023-12-01,tid_1331,0
leiden_static,2023-12-01,tid_1333,2
leiden_static,2023-12-01,tid_1334,1
leiden_static,2023-12-01,tid_1335,0
leiden_static,2023-12-01,tid_1336,0
leiden_static,2023-12-01,tid_1337,0
leiden_static,2023-12-01,tid_1338,0
leiden_static,2023-12-01,tid_1339,0
leiden_static,2023-12-01,tid_1340,0
leiden_static,2023-12-01,tid_1341,7
leiden_static,2023-12-01,tid_1343,0
leiden_static,2023-12-01,tid_1344,0
leiden_static,2023-12-01,tid_1345,0
leiden_static,2023-12-01,tid_1346,0
leiden_static,2023-12-01,tid_1347,0
leiden_static,2023-12-01,tid_1348,0
leiden_static,2023-12-01,tid_1349,0
leiden_static,2023-12-01,tid_1350,0
leiden_static,2023-12-01,tid_1351,1
leiden_static,2023-12-01,tid_1352,0
leiden_static,2023-12-01,tid_1353,3
leiden_static,2023-12-01,tid_1355,0
leiden_static,2023-12-01,tid_1356,1
leiden_static,2023-12-01,tid_1357,5
leiden_static,2023-12-01,tid_1358,1
leiden_static,2023-12-01,tid_1392,7
leiden_static,2023-12-01,tid_1393,5
leiden_static,2023-12-01,tid_1394,4
leiden_static,2023-12-01,tid_1395,6
leiden_static,2023-12-01,tid_1396,2
leiden_static,2023-12-01,tid_1397,2
leiden_static,2023-12-01,tid_1398,4
leiden_static,2023-12-01,tid_1399,4
leiden_static,2023-12-01,tid_14,8
leiden_static,2023-12-01,tid_1400,2
leiden_static,2023-12-01,tid_1401,4
leiden_static,2023-12-01,tid_1402,2
leiden_static,2023-12-01,tid_1403,2
leiden_static,2023-12-01,tid_1404,5
leiden_static,2023-12-01,tid_1405,4
leiden_static,2023-12-01,tid_1406,4
leiden_static,2023-12-01,tid_1407,4
leiden_static,2023-12-01,tid_1408,2
leiden_static,2023-12-01,tid_1409,2
leiden_static,2023-12-01,tid_1410,2
leiden_static,2023-12-01,tid_1411,2
leiden_static,2023-12-01,tid_1412,3
leiden_static,2023-12-01,tid_1413,4
leiden_static,2023-12-01,tid_1414,3
leiden_static,2023-12-01,tid_1415,0
leiden_static,2023-12-01,tid_1416,0
leiden_static,2023-12-01,tid_1417,0
leiden_static,2023-12-01,tid_1419,0
leiden_static,2023-12-01,tid_1420,0
leiden_static,2023-12-01,tid_1421,0
leiden_static,2023-12-01,tid_1422,4
leiden_static,2023-12-01,tid_1423,0
leiden_static,2023-12-01,tid_1425,0
leiden_static,2023-12-01,tid_1426,3
leiden_static,2023-12-01,tid_1427,4
leiden_static,2023-12-01,tid_1428,3
leiden_static,2023-12-01,tid_1429,0
leiden_static,2023-12-01,tid_1430,1
leiden_static,2023-12-01,tid_1431,1
leiden_static,2023-12-01,tid_1438,5
leiden_static,2023-12-01,tid_1439,6
leiden_static,2023-12-01,tid_1440,2
leiden_static,2023-12-01,tid_1443,6
leiden_static,2023-12-01,tid_1444,6
leiden_static,2023-12-01,tid_1445,6
leiden_static,2023-12-01,tid_1446,2
leiden_static,2023-12-01,tid_1447,2
leiden_static,2023-12-01,tid_1448,6
leiden_static,2023-12-01,tid_1449,4
leiden_static,2023-12-01,tid_1453,6
leiden_static,2023-12-01,tid_1454,4
leiden_static,2023-12-01,tid_1456,6
leiden_static,2023-12-01,tid_1457,6
leiden_static,2023-12-01,tid_1459,6
leiden_static,2023-12-01,tid_1461,2
leiden_static,2023-12-01,tid_1463,4
leiden_static,2023-12-01,tid_1464,2
leiden_static,2023-12-01,tid_1465,6
leiden_static,2023-12-01,tid_1467,6
leiden_static,2023-12-01,tid_1468,2
leiden_static,2023-12-01,tid_1472,2
leiden_static,2023-12-01,tid_1473,4
leiden_static,2023-12-01,tid_1474,4
leiden_static,2023-12-01,tid_1475,9
leiden_static,2023-12-01,tid_1477,4
leiden_static,2023-12-01,tid_1478,7
leiden_static,2023-12-01,tid_1480,2
leiden_static,2023-12-01,tid_1481,2
leiden_static,2023-12-01,tid_1483,4
leiden_static,2023-12-01,tid_1484,2
leiden_static,2023-12-01,tid_1486,4
leiden_static,2023-12-01,tid_1488,2
leiden_static,2023-12-01,tid_1489,4
leiden_static,2023-12-01,tid_1490,2
leiden_static,2023-12-01,tid_1491,2
leiden_static,2023-12-01,tid_1492,2
leiden_static,2023-12-01,tid_1493,6
leiden_static,2023-12-01,tid_1494,0
leiden_static,2023-12-01,tid_1495,4
leiden_static,2023-12-01,tid_1496,2
leiden_static,2023-12-01,tid_15,8
leiden_static,2023-12-01,tid_1500,2
leiden_static,2023-12-01,tid_1501,2
leiden_static,2023-12-01,tid_1504,4
leiden_static,2023-12-01,tid_1506,2
leiden_static,2023-12-01,tid_1507,4
leiden_static,2023-12-01,tid_1508,4
leiden_static,2023-12-01,tid_1509,4
leiden_static,2023-12-01,tid_1510,4
leiden_static,2023-12-01,tid_1511,4
leiden_static,2023-12-01,tid_1512,4
leiden_static,2023-12-01,tid_1518,4
leiden_static,2023-12-01,tid_1519,4
leiden_static,2023-12-01,tid_1520,5
leiden_static,2023-12-01,tid_1521,4
leiden_static,2023-12-01,tid_1522,5
leiden_static,2023-12-01,tid_1523,2
leiden_static,2023-12-01,tid_1525,2
leiden_static,2023-12-01,tid_1526,4
leiden_static,2023-12-01,tid_1527,2
leiden_static,2023-12-01,tid_1528,3
leiden_static,2023-12-01,tid_1529,7
leiden_static,2023-12-01,tid_1530,7
leiden_static,2023-12-01,tid_1532,3
leiden_static,2023-12-01,tid_1533,1
leiden_static,2023-12-01,tid_1534,0
leiden_static,2023-12-01,tid_1535,5
leiden_static,2023-12-01,tid_1536,0
leiden_static,2023-12-01,tid_1537,0
leiden_static,2023-12-01,tid_1539,3
leiden_static,2023-12-01,tid_1540,4
leiden_static,2023-12-01,tid_1541,3
leiden_static,2023-12-01,tid_1542,0
leiden_static,2023-12-01,tid_1543,3
leiden_static,2023-12-01,tid_1544,0
leiden_static,2023-12-01,tid_1545,0
leiden_static,2023-12-01,tid_1546,0
leiden_static,2023-12-01,tid_1547,0
leiden_static,2023-12-01,tid_1548,3
leiden_static,2023-12-01,tid_1549,4
leiden_static,2023-12-01,tid_1550,3
leiden_static,2023-12-01,tid_1551,3
leiden_static,2023-12-01,tid_1552,0
leiden_static,2023-12-01,tid_1553,3
leiden_static,2023-12-01,tid_1554,0
leiden_static,2023-12-01,tid_1555,3
leiden_static,2023-12-01,tid_1556,7
leiden_static,2023-12-01,tid_1557,5
leiden_static,2023-12-01,tid_1558,8
leiden_static,2023-12-01,tid_1559,3
leiden_static,2023-12-01,tid_1560,2
leiden_static,2023-12-01,tid_1561,3
leiden_static,2023-12-01,tid_1562,3
leiden_static,2023-12-01,tid_1563,4
leiden_static,2023-12-01,tid_1564,0
leiden_static,2023-12-01,tid_1565,3
leiden_static,2023-12-01,tid_1566,3
leiden_static,2023-12-01,tid_1567,0
leiden_static,2023-12-01,tid_1568,3
leiden_static,2023-12-01,tid_1569,0
leiden_static,2023-12-01,tid_1570,3
leiden_static,2023-12-01,tid_1571,3
leiden_static,2023-12-01,tid_1572,8
leiden_static,2023-12-01,tid_1573,3
leiden_static,2023-12-01,tid_1574,0
leiden_static,2023-12-01,tid_1575,2
leiden_static,2023-12-01,tid_1577,4
leiden_static,2023-12-01,tid_1578,7
leiden_static,2023-12-01,tid_1579,5
leiden_static,2023-12-01,tid_1580,0
leiden_static,2023-12-01,tid_1581,0
leiden_static,2023-12-01,tid_1582,0
leiden_static,2023-12-01,tid_1583,7
leiden_static,2023-12-01,tid_1584,0
leiden_static,2023-12-01,tid_1585,5
leiden_static,2023-12-01,tid_1586,2
leiden_static,2023-12-01,tid_1587,0
leiden_static,2023-12-01,tid_1588,5
leiden_static,2023-12-01,tid_1589,0
leiden_static,2023-12-01,tid_1590,0
leiden_static,2023-12-01,tid_1591,0
leiden_static,2023-12-01,tid_1592,4
leiden_static,2023-12-01,tid_1593,0
leiden_static,2023-12-01,tid_1594,7
leiden_static,2023-12-01,tid_1595,7
leiden_static,2023-12-01,tid_1596,0
leiden_static,2023-12-01,tid_1597,2
leiden_static,2023-12-01,tid_1598,2
leiden_static,2023-12-01,tid_1599,2
leiden_static,2023-12-01,tid_16,8
leiden_static,2023-12-01,tid_1600,2
leiden_static,2023-12-01,tid_1601,9
leiden_static,2023-12-01,tid_1602,8
leiden_static,2023-12-01,tid_1603,8
leiden_static,2023-12-01,tid_1604,8
leiden_static,2023-12-01,tid_1605,0
leiden_static,2023-12-01,tid_1606,3
leiden_static,2023-12-01,tid_1607,0
leiden_static,2023-12-01,tid_1608,7
leiden_static,2023-12-01,tid_1609,8
leiden_static,2023-12-01,tid_1610,5
leiden_static,2023-12-01,tid_1611,5
leiden_static,2023-12-01,tid_1612,5
leiden_static,2023-12-01,tid_1613,0
leiden_static,2023-12-01,tid_1614,0
leiden_static,2023-12-01,tid_1615,8
leiden_static,2023-12-01,tid_1616,5
leiden_static,2023-12-01,tid_1617,0
leiden_static,2023-12-01,tid_1618,5
leiden_static,2023-12-01,tid_1619,8
leiden_static,2023-12-01,tid_1620,6
leiden_static,2023-12-01,tid_1621,1
leiden_static,2023-12-01,tid_1622,0
leiden_static,2023-12-01,tid_1623,8
leiden_static,2023-12-01,tid_1624,1
leiden_static,2023-12-01,tid_1625,5
leiden_static,2023-12-01,tid_1626,3
leiden_static,2023-12-01,tid_1627,5
leiden_static,2023-12-01,tid_1628,5
leiden_static,2023-12-01,tid_1629,5
leiden_static,2023-12-01,tid_1630,3
leiden_static,2023-12-01,tid_1631,5
leiden_static,2023-12-01,tid_1632,2
leiden_static,2023-12-01,tid_1633,4
leiden_static,2023-12-01,tid_1634,5
leiden_static,2023-12-01,tid_1635,0
leiden_static,2023-12-01,tid_1636,7
leiden_static,2023-12-01,tid_1637,0
leiden_static,2023-12-01,tid_1638,8
leiden_static,2023-12-01,tid_1639,7
leiden_static,2023-12-01,tid_1640,0
leiden_static,2023-12-01,tid_1641,7
leiden_static,2023-12-01,tid_1642,0
leiden_static,2023-12-01,tid_1643,4
leiden_static,2023-12-01,tid_1644,5
leiden_static,2023-12-01,tid_1645,1
leiden_static,2023-12-01,tid_1646,5
leiden_static,2023-12-01,tid_1647,0
leiden_static,2023-12-01,tid_1648,0
leiden_static,2023-12-01,tid_1649,7
leiden_static,2023-12-01,tid_1650,5
leiden_static,2023-12-01,tid_1651,8
leiden_static,2023-12-01,tid_1652,2
leiden_static,2023-12-01,tid_1653,5
leiden_static,2023-12-01,tid_1654,5
leiden_static,2023-12-01,tid_1655,0
leiden_static,2023-12-01,tid_1656,1
leiden_static,2023-12-01,tid_1657,0
leiden_static,2023-12-01,tid_1658,4
leiden_static,2023-12-01,tid_1659,8
leiden_static,2023-12-01,tid_1660,5
leiden_static,2023-12-01,tid_1661,1
leiden_static,2023-12-01,tid_1662,0
leiden_static,2023-12-01,tid_1663,1
leiden_static,2023-12-01,tid_1664,7
leiden_static,2023-12-01,tid_1665,2
leiden_static,2023-12-01,tid_1666,3
leiden_static,2023-12-01,tid_1667,2
leiden_static,2023-12-01,tid_1668,2
leiden_static,2023-12-01,tid_1669,7
leiden_static,2023-12-01,tid_167,6
leiden_static,2023-12-01,tid_1670,4
leiden_static,2023-12-01,tid_1671,7
leiden_static,2023-12-01,tid_1672,4
leiden_static,2023-12-01,tid_1673,4
leiden_static,2023-12-01,tid_1674,2
leiden_static,2023-12-01,tid_1675,8
leiden_static,2023-12-01,tid_1676,4
leiden_static,2023-12-01,tid_1678,0
leiden_static,2023-12-01,tid_1679,3
leiden_static,2023-12-01,tid_168,6
leiden_static,2023-12-01,tid_1680,3
leiden_static,2023-12-01,tid_1681,3
leiden_static,2023-12-01,tid_1682,7
leiden_static,2023-12-01,tid_1683,2
leiden_static,2023-12-01,tid_1685,3
leiden_static,2023-12-01,tid_1686,7
leiden_static,2023-12-01,tid_1687,5
leiden_static,2023-12-01,tid_1688,5
leiden_static,2023-12-01,tid_1689,3
leiden_static,2023-12-01,tid_169,3
leiden_static,2023-12-01,tid_1690,3
leiden_static,2023-12-01,tid_1691,3
leiden_static,2023-12-01,tid_1692,7
leiden_static,2023-12-01,tid_1693,3
leiden_static,2023-12-01,tid_1694,3
leiden_static,2023-12-01,tid_1696,3
leiden_static,2023-12-01,tid_1697,5
leiden_static,2023-12-01,tid_1698,0
leiden_static,2023-12-01,tid_1699,7
leiden_static,2023-12-01,tid_17,8
leiden_static,2023-12-01,tid_1700,4
leiden_static,2023-12-01,tid_1701,7
leiden_static,2023-12-01,tid_1702,3
leiden_static,2023-12-01,tid_1703,3
leiden_static,2023-12-01,tid_1704,4
leiden_static,2023-12-01,tid_1705,7
leiden_static,2023-12-01,tid_1706,3
leiden_static,2023-12-01,tid_1707,2
leiden_static,2023-12-01,tid_1708,4
leiden_static,2023-12-01,tid_1709,4
leiden_static,2023-12-01,tid_1710,3
leiden_static,2023-12-01,tid_1711,7
leiden_static,2023-12-01,tid_1712,0
leiden_static,2023-12-01,tid_1714,3
leiden_static,2023-12-01,tid_1715,7
leiden_static,2023-12-01,tid_1717,0
leiden_static,2023-12-01,tid_1718,0
leiden_static,2023-12-01,tid_1719,3
leiden_static,2023-12-01,tid_1722,0
leiden_static,2023-12-01,tid_1724,0
leiden_static,2023-12-01,tid_1725,0
leiden_static,2023-12-01,tid_1726,2
leiden_static,2023-12-01,tid_1727,0
leiden_static,2023-12-01,tid_1728,7
leiden_static,2023-12-01,tid_173,3
leiden_static,2023-12-01,tid_1730,0
leiden_static,2023-12-01,tid_1731,7
leiden_static,2023-12-01,tid_1732,0
leiden_static,2023-12-01,tid_1733,0
leiden_static,2023-12-01,tid_1737,0
leiden_static,2023-12-01,tid_1738,3
leiden_static,2023-12-01,tid_1739,3
leiden_static,2023-12-01,tid_1740,2
leiden_static,2023-12-01,tid_1741,0
leiden_static,2023-12-01,tid_1742,4
leiden_static,2023-12-01,tid_1743,0
leiden_static,2023-12-01,tid_1744,3
leiden_static,2023-12-01,tid_1745,3
leiden_static,2023-12-01,tid_1746,0
leiden_static,2023-12-01,tid_1747,3
leiden_static,2023-12-01,tid_1749,3
leiden_static,2023-12-01,tid_1750,0
leiden_static,2023-12-01,tid_1751,0
leiden_static,2023-12-01,tid_1752,3
leiden_static,2023-12-01,tid_1753,3
leiden_static,2023-12-01,tid_1754,3
leiden_static,2023-12-01,tid_1755,0
leiden_static,2023-12-01,tid_1756,3
leiden_static,2023-12-01,tid_1757,0
leiden_static,2023-12-01,tid_1758,2
leiden_static,2023-12-01,tid_1759,3
leiden_static,2023-12-01,tid_1760,3
leiden_static,2023-12-01,tid_1761,3
leiden_static,2023-12-01,tid_1762,3
leiden_static,2023-12-01,tid_1764,2
leiden_static,2023-12-01,tid_1765,4
leiden_static,2023-12-01,tid_1766,1
leiden_static,2023-12-01,tid_1768,5
leiden_static,2023-12-01,tid_1769,0
leiden_static,2023-12-01,tid_1770,7
leiden_static,2023-12-01,tid_1771,0
leiden_static,2023-12-01,tid_1773,0
leiden_static,2023-12-01,tid_1774,0
leiden_static,2023-12-01,tid_1775,0
leiden_static,2023-12-01,tid_1776,7
leiden_static,2023-12-01,tid_1777,0
leiden_static,2023-12-01,tid_1778,4
leiden_static,2023-12-01,tid_1780,7
leiden_static,2023-12-01,tid_1781,5
leiden_static,2023-12-01,tid_1782,5
leiden_static,2023-12-01,tid_1783,2
leiden_static,2023-12-01,tid_1784,0
leiden_static,2023-12-01,tid_1785,0
leiden_static,2023-12-01,tid_1786,5
leiden_static,2023-12-01,tid_1787,8
leiden_static,2023-12-01,tid_1788,5
leiden_static,2023-12-01,tid_18,8
leiden_static,2023-12-01,tid_181,3
leiden_static,2023-12-01,tid_184,0
leiden_static,2023-12-01,tid_1845,2
leiden_static,2023-12-01,tid_1846,3
leiden_static,2023-12-01,tid_1848,0
leiden_static,2023-12-01,tid_1849,3
leiden_static,2023-12-01,tid_185,3
leiden_static,2023-12-01,tid_1850,0
leiden_static,2023-12-01,tid_1851,0
leiden_static,2023-12-01,tid_1852,3
leiden_static,2023-12-01,tid_1853,0
leiden_static,2023-12-01,tid_1854,0
leiden_static,2023-12-01,tid_1855,0
leiden_static,2023-12-01,tid_1856,0
leiden_static,2023-12-01,tid_1857,0
leiden_static,2023-12-01,tid_1858,0
leiden_static,2023-12-01,tid_1859,7
leiden_static,2023-12-01,tid_1860,0
leiden_static,2023-12-01,tid_1861,7
leiden_static,2023-12-01,tid_1862,0
leiden_static,2023-12-01,tid_1863,2
leiden_static,2023-12-01,tid_1864,0
leiden_static,2023-12-01,tid_1865,0
leiden_static,2023-12-01,tid_1868,0
leiden_static,2023-12-01,tid_1869,7
leiden_static,2023-12-01,tid_1870,3
leiden_static,2023-12-01,tid_1871,0
leiden_static,2023-12-01,tid_1872,3
leiden_static,2023-12-01,tid_1873,7
leiden_static,2023-12-01,tid_1874,6
leiden_static,2023-12-01,tid_1875,4
leiden_static,2023-12-01,tid_1876,4
leiden_static,2023-12-01,tid_1877,2
leiden_static,2023-12-01,tid_1878,7
leiden_static,2023-12-01,tid_1879,4
leiden_static,2023-12-01,tid_188,0
leiden_static,2023-12-01,tid_1880,3
leiden_static,2023-12-01,tid_1881,2
leiden_static,2023-12-01,tid_1883,4
leiden_static,2023-12-01,tid_1884,0
leiden_static,2023-12-01,tid_1885,7
leiden_static,2023-12-01,tid_1886,7
leiden_static,2023-12-01,tid_1887,3
leiden_static,2023-12-01,tid_1888,3
leiden_static,2023-12-01,tid_1889,0
leiden_static,2023-12-01,tid_1890,2
leiden_static,2023-12-01,tid_1891,3
leiden_static,2023-12-01,tid_1892,0
leiden_static,2023-12-01,tid_1893,3
leiden_static,2023-12-01,tid_1894,0
leiden_static,2023-12-01,tid_1895,3
leiden_static,2023-12-01,tid_1896,0
leiden_static,2023-12-01,tid_1897,1
leiden_static,2023-12-01,tid_1898,7
leiden_static,2023-12-01,tid_1899,4
leiden_static,2023-12-01,tid_19,0
leiden_static,2023-12-01,tid_1900,7
leiden_static,2023-12-01,tid_1901,0
leiden_static,2023-12-01,tid_1902,0
leiden_static,2023-12-01,tid_1903,0
leiden_static,2023-12-01,tid_1904,3
leiden_static,2023-12-01,tid_1905,2
leiden_static,2023-12-01,tid_1906,4
leiden_static,2023-12-01,tid_1907,3
leiden_static,2023-12-01,tid_1908,0
leiden_static,2023-12-01,tid_1909,3
leiden_static,2023-12-01,tid_191,0
leiden_static,2023-12-01,tid_1910,0
leiden_static,2023-12-01,tid_1912,4
leiden_static,2023-12-01,tid_1915,0
leiden_static,2023-12-01,tid_1916,3
leiden_static,2023-12-01,tid_1917,3
leiden_static,2023-12-01,tid_1918,0
leiden_static,2023-12-01,tid_1919,2
leiden_static,2023-12-01,tid_1920,3
leiden_static,2023-12-01,tid_1921,0
leiden_static,2023-12-01,tid_1922,4
leiden_static,2023-12-01,tid_1923,7
leiden_static,2023-12-01,tid_1924,3
leiden_static,2023-12-01,tid_1925,0
leiden_static,2023-12-01,tid_1926,3
leiden_static,2023-12-01,tid_1927,3
leiden_static,2023-12-01,tid_1928,0
leiden_static,2023-12-01,tid_1929,3
leiden_static,2023-12-01,tid_1930,5
leiden_static,2023-12-01,tid_1931,7
leiden_static,2023-12-01,tid_1932,3
leiden_static,2023-12-01,tid_1933,0
leiden_static,2023-12-01,tid_1934,3
leiden_static,2023-12-01,tid_1935,7
leiden_static,2023-12-01,tid_1936,4
leiden_static,2023-12-01,tid_1937,0
leiden_static,2023-12-01,tid_1938,0
leiden_static,2023-12-01,tid_1939,3
leiden_static,2023-12-01,tid_194,9
leiden_static,2023-12-01,tid_1940,3
leiden_static,2023-12-01,tid_1941,3
leiden_static,2023-12-01,tid_1942,0
leiden_static,2023-12-01,tid_1943,0
leiden_static,2023-12-01,tid_1944,3
leiden_static,2023-12-01,tid_1945,3
leiden_static,2023-12-01,tid_1947,7
leiden_static,2023-12-01,tid_1948,1
leiden_static,2023-12-01,tid_1949,3
leiden_static,2023-12-01,tid_195,3
leiden_static,2023-12-01,tid_1950,7
leiden_static,2023-12-01,tid_1951,7
leiden_static,2023-12-01,tid_1952,2
leiden_static,2023-12-01,tid_1954,1
leiden_static,2023-12-01,tid_1955,1
leiden_static,2023-12-01,tid_1956,1
leiden_static,2023-12-01,tid_1957,1
leiden_static,2023-12-01,tid_1958,1
leiden_static,2023-12-01,tid_1959,1
leiden_static,2023-12-01,tid_196,6
leiden_static,2023-12-01,tid_1960,1
leiden_static,2023-12-01,tid_1961,8
leiden_static,2023-12-01,tid_1962,1
leiden_static,2023-12-01,tid_1963,1
leiden_static,2023-12-01,tid_1965,1
leiden_static,2023-12-01,tid_1966,1
leiden_static,2023-12-01,tid_1967,1
leiden_static,2023-12-01,tid_1968,1
leiden_static,2023-12-01,tid_1969,1
leiden_static,2023-12-01,tid_1970,1
leiden_static,2023-12-01,tid_1971,2
leiden_static,2023-12-01,tid_1972,1
leiden_static,2023-12-01,tid_1973,1
leiden_static,2023-12-01,tid_1974,2
leiden_static,2023-12-01,tid_1975,7
leiden_static,2023-12-01,tid_1976,7
leiden_static,2023-12-01,tid_1977,2
leiden_static,2023-12-01,tid_1978,1
leiden_static,2023-12-01,tid_1979,2
leiden_static,2023-12-01,tid_198,3
leiden_static,2023-12-01,tid_1980,2
leiden_static,2023-12-01,tid_1981,4
leiden_static,2023-12-01,tid_1982,4
leiden_static,2023-12-01,tid_1983,5
leiden_static,2023-12-01,tid_1984,5
leiden_static,2023-12-01,tid_1985,8
leiden_static,2023-12-01,tid_1986,2
leiden_static,2023-12-01,tid_1987,8
leiden_static,2023-12-01,tid_1988,5
leiden_static,2023-12-01,tid_1989,7
leiden_static,2023-12-01,tid_1990,4
leiden_static,2023-12-01,tid_1991,4
leiden_static,2023-12-01,tid_1992,7
leiden_static,2023-12-01,tid_1993,2
leiden_static,2023-12-01,tid_1994,7
leiden_static,2023-12-01,tid_1995,8
leiden_static,2023-12-01,tid_1996,4
leiden_static,2023-12-01,tid_1997,5
leiden_static,2023-12-01,tid_1999,4
leiden_static,2023-12-01,tid_2,2
leiden_static,2023-12-01,tid_20,8
leiden_static,2023-12-01,tid_2000,2
leiden_static,2023-12-01,tid_2001,4
leiden_static,2023-12-01,tid_2002,4
leiden_static,2023-12-01,tid_2004,2
leiden_static,2023-12-01,tid_2005,2
leiden_static,2023-12-01,tid_2006,2
leiden_static,2023-12-01,tid_2007,7
leiden_static,2023-12-01,tid_2008,1
leiden_static,2023-12-01,tid_2009,7
leiden_static,2023-12-01,tid_201,6
leiden_static,2023-12-01,tid_2010,4
leiden_static,2023-12-01,tid_2011,4
leiden_static,2023-12-01,tid_2012,1
leiden_static,2023-12-01,tid_2015,5
leiden_static,2023-12-01,tid_2017,1
leiden_static,2023-12-01,tid_2018,5
leiden_static,2023-12-01,tid_2019,8
leiden_static,2023-12-01,tid_2021,5
leiden_static,2023-12-01,tid_2022,0
leiden_static,2023-12-01,tid_2023,5
leiden_static,2023-12-01,tid_2024,8
leiden_static,2023-12-01,tid_2025,8
leiden_static,2023-12-01,tid_2027,5
leiden_static,2023-12-01,tid_2028,1
leiden_static,2023-12-01,tid_203,4
leiden_static,2023-12-01,tid_2030,5
leiden_static,2023-12-01,tid_2031,5
leiden_static,2023-12-01,tid_2032,2
leiden_static,2023-12-01,tid_2033,2
leiden_static,2023-12-01,tid_2034,8
leiden_static,2023-12-01,tid_2035,7
leiden_static,2023-12-01,tid_2036,1
leiden_static,2023-12-01,tid_2037,0
leiden_static,2023-12-01,tid_2039,5
leiden_static,2023-12-01,tid_204,9
leiden_static,2023-12-01,tid_2040,8
leiden_static,2023-12-01,tid_2041,5
leiden_static,2023-12-01,tid_2042,5
leiden_static,2023-12-01,tid_2043,0
leiden_static,2023-12-01,tid_2044,2
leiden_static,2023-12-01,tid_2045,7
leiden_static,2023-12-01,tid_2046,0
leiden_static,2023-12-01,tid_2047,4
leiden_static,2023-12-01,tid_2048,4
leiden_static,2023-12-01,tid_2049,0
leiden_static,2023-12-01,tid_205,6
leiden_static,2023-12-01,tid_2050,0
leiden_static,2023-12-01,tid_2051,7
leiden_static,2023-12-01,tid_2052,7
leiden_static,2023-12-01,tid_2053,0
leiden_static,2023-12-01,tid_2054,0
leiden_static,2023-12-01,tid_2055,7
leiden_static,2023-12-01,tid_2056,0
leiden_static,2023-12-01,tid_2057,0
leiden_static,2023-12-01,tid_2058,0
leiden_static,2023-12-01,tid_2059,7
leiden_static,2023-12-01,tid_206,2
leiden_static,2023-12-01,tid_2060,1
leiden_static,2023-12-01,tid_2061,0
leiden_static,2023-12-01,tid_2062,4
leiden_static,2023-12-01,tid_2063,2
leiden_static,2023-12-01,tid_2064,0
leiden_static,2023-12-01,tid_2065,0
leiden_static,2023-12-01,tid_2066,0
leiden_static,2023-12-01,tid_2067,0
leiden_static,2023-12-01,tid_2068,0
leiden_static,2023-12-01,tid_2069,1
leiden_static,2023-12-01,tid_207,4
leiden_static,2023-12-01,tid_2070,7
leiden_static,2023-12-01,tid_2072,3
leiden_static,2023-12-01,tid_2073,7
leiden_static,2023-12-01,tid_2074,3
leiden_static,2023-12-01,tid_2075,3
leiden_static,2023-12-01,tid_2076,3
leiden_static,2023-12-01,tid_2077,3
leiden_static,2023-12-01,tid_2078,0
leiden_static,2023-12-01,tid_2079,3
leiden_static,2023-12-01,tid_208,5
leiden_static,2023-12-01,tid_2080,3
leiden_static,2023-12-01,tid_2081,7
leiden_static,2023-12-01,tid_2082,3
leiden_static,2023-12-01,tid_2085,0
leiden_static,2023-12-01,tid_2087,3
leiden_static,2023-12-01,tid_2088,3
leiden_static,2023-12-01,tid_2089,3
leiden_static,2023-12-01,tid_209,8
leiden_static,2023-12-01,tid_2090,7
leiden_static,2023-12-01,tid_2091,0
leiden_static,2023-12-01,tid_2093,3
leiden_static,2023-12-01,tid_2094,0
leiden_static,2023-12-01,tid_2095,3
leiden_static,2023-12-01,tid_2096,3
leiden_static,2023-12-01,tid_2098,0
leiden_static,2023-12-01,tid_21,2
leiden_static,2023-12-01,tid_210,5
leiden_static,2023-12-01,tid_2100,4
leiden_static,2023-12-01,tid_2101,2
leiden_static,2023-12-01,tid_2105,7
leiden_static,2023-12-01,tid_2108,4
leiden_static,2023-12-01,tid_2109,7
leiden_static,2023-12-01,tid_211,4
leiden_static,2023-12-01,tid_2110,0
leiden_static,2023-12-01,tid_2111,7
leiden_static,2023-12-01,tid_2112,0
leiden_static,2023-12-01,tid_2113,3
leiden_static,2023-12-01,tid_2114,0
leiden_static,2023-12-01,tid_2116,0
leiden_static,2023-12-01,tid_2117,0
leiden_static,2023-12-01,tid_2118,0
leiden_static,2023-12-01,tid_2119,2
leiden_static,2023-12-01,tid_212,5
leiden_static,2023-12-01,tid_2120,0
leiden_static,2023-12-01,tid_2121,7
leiden_static,2023-12-01,tid_2122,0
leiden_static,2023-12-01,tid_2124,4
leiden_static,2023-12-01,tid_2125,0
leiden_static,2023-12-01,tid_2126,0
leiden_static,2023-12-01,tid_2127,0
leiden_static,2023-12-01,tid_2128,0
leiden_static,2023-12-01,tid_2129,0
leiden_static,2023-12-01,tid_213,0
leiden_static,2023-12-01,tid_2130,0
leiden_static,2023-12-01,tid_2131,7
leiden_static,2023-12-01,tid_2132,0
leiden_static,2023-12-01,tid_2133,0
leiden_static,2023-12-01,tid_2134,0
leiden_static,2023-12-01,tid_2136,5
leiden_static,2023-12-01,tid_2137,0
leiden_static,2023-12-01,tid_2138,0
leiden_static,2023-12-01,tid_2139,0
leiden_static,2023-12-01,tid_214,5
leiden_static,2023-12-01,tid_2140,0
leiden_static,2023-12-01,tid_2142,0
leiden_static,2023-12-01,tid_2143,0
leiden_static,2023-12-01,tid_2144,2
leiden_static,2023-12-01,tid_2145,7
leiden_static,2023-12-01,tid_2146,4
leiden_static,2023-12-01,tid_2148,1
leiden_static,2023-12-01,tid_2149,1
leiden_static,2023-12-01,tid_215,5
leiden_static,2023-12-01,tid_2150,0
leiden_static,2023-12-01,tid_2151,5
leiden_static,2023-12-01,tid_2152,0
leiden_static,2023-12-01,tid_2153,3
leiden_static,2023-12-01,tid_2154,7
leiden_static,2023-12-01,tid_2155,5
leiden_static,2023-12-01,tid_2156,0
leiden_static,2023-12-01,tid_2157,0
leiden_static,2023-12-01,tid_2158,5
leiden_static,2023-12-01,tid_2159,0
leiden_static,2023-12-01,tid_216,5
leiden_static,2023-12-01,tid_2160,0
leiden_static,2023-12-01,tid_2161,2
leiden_static,2023-12-01,tid_2162,0
leiden_static,2023-12-01,tid_2163,7
leiden_static,2023-12-01,tid_2164,2
leiden_static,2023-12-01,tid_2165,4
leiden_static,2023-12-01,tid_2167,4
leiden_static,2023-12-01,tid_2168,4
leiden_static,2023-12-01,tid_2169,2
leiden_static,2023-12-01,tid_217,7
leiden_static,2023-12-01,tid_2171,0
leiden_static,2023-12-01,tid_2172,3
leiden_static,2023-12-01,tid_2173,4
leiden_static,2023-12-01,tid_2174,7
leiden_static,2023-12-01,tid_2175,0
leiden_static,2023-12-01,tid_2176,7
leiden_static,2023-12-01,tid_2177,4
leiden_static,2023-12-01,tid_2178,7
leiden_static,2023-12-01,tid_2179,3
leiden_static,2023-12-01,tid_218,4
leiden_static,2023-12-01,tid_2180,7
leiden_static,2023-12-01,tid_2181,0
leiden_static,2023-12-01,tid_2182,0
leiden_static,2023-12-01,tid_2183,0
leiden_static,2023-12-01,tid_2184,0
leiden_static,2023-12-01,tid_2185,3
leiden_static,2023-12-01,tid_2186,4
leiden_static,2023-12-01,tid_2187,5
leiden_static,2023-12-01,tid_2188,4
leiden_static,2023-12-01,tid_2189,7
leiden_static,2023-12-01,tid_219,7
leiden_static,2023-12-01,tid_2190,2
leiden_static,2023-12-01,tid_2191,8
leiden_static,2023-12-01,tid_2192,8
leiden_static,2023-12-01,tid_2193,2
leiden_static,2023-12-01,tid_2194,8
leiden_static,2023-12-01,tid_2195,8
leiden_static,2023-12-01,tid_2196,0
leiden_static,2023-12-01,tid_2197,0
leiden_static,2023-12-01,tid_2198,0
leiden_static,2023-12-01,tid_2199,8
leiden_static,2023-12-01,tid_22,4
leiden_static,2023-12-01,tid_220,5
leiden_static,2023-12-01,tid_2200,5
leiden_static,2023-12-01,tid_2201,0
leiden_static,2023-12-01,tid_2202,8
leiden_static,2023-12-01,tid_2203,8
leiden_static,2023-12-01,tid_2204,8
leiden_static,2023-12-01,tid_2205,8
leiden_static,2023-12-01,tid_2206,0
leiden_static,2023-12-01,tid_2207,0
leiden_static,2023-12-01,tid_2208,8
leiden_static,2023-12-01,tid_221,5
leiden_static,2023-12-01,tid_2210,2
leiden_static,2023-12-01,tid_2211,5
leiden_static,2023-12-01,tid_2212,0
leiden_static,2023-12-01,tid_2213,0
leiden_static,2023-12-01,tid_2215,5
leiden_static,2023-12-01,tid_2216,2
leiden_static,2023-12-01,tid_2217,2
leiden_static,2023-12-01,tid_2218,4
leiden_static,2023-12-01,tid_2219,4
leiden_static,2023-12-01,tid_222,4
leiden_static,2023-12-01,tid_2220,2
leiden_static,2023-12-01,tid_2221,2
leiden_static,2023-12-01,tid_2222,4
leiden_static,2023-12-01,tid_2223,4
leiden_static,2023-12-01,tid_2224,8
leiden_static,2023-12-01,tid_2225,4
leiden_static,2023-12-01,tid_2226,2
leiden_static,2023-12-01,tid_2227,2
leiden_static,2023-12-01,tid_2228,2
leiden_static,2023-12-01,tid_2229,4
leiden_static,2023-12-01,tid_223,7
leiden_static,2023-12-01,tid_2230,8
leiden_static,2023-12-01,tid_2231,8
leiden_static,2023-12-01,tid_2232,4
leiden_static,2023-12-01,tid_2233,4
leiden_static,2023-12-01,tid_2234,5
leiden_static,2023-12-01,tid_2235,8
leiden_static,2023-12-01,tid_2236,4
leiden_static,2023-12-01,tid_2237,8
leiden_static,2023-12-01,tid_2238,2
leiden_static,2023-12-01,tid_224,2
leiden_static,2023-12-01,tid_2241,4
leiden_static,2023-12-01,tid_2242,2
leiden_static,2023-12-01,tid_2243,2
leiden_static,2023-12-01,tid_2244,1
leiden_static,2023-12-01,tid_2245,4
leiden_static,2023-12-01,tid_2248,4
leiden_static,2023-12-01,tid_2249,1
leiden_static,2023-12-01,tid_225,4
leiden_static,2023-12-01,tid_2250,1
leiden_static,2023-12-01,tid_2251,2
leiden_static,2023-12-01,tid_2252,2
leiden_static,2023-12-01,tid_2253,7
leiden_static,2023-12-01,tid_2254,8
leiden_static,2023-12-01,tid_2255,0
leiden_static,2023-12-01,tid_2256,0
leiden_static,2023-12-01,tid_2257,3
leiden_static,2023-12-01,tid_2258,3
leiden_static,2023-12-01,tid_2259,3
leiden_static,2023-12-01,tid_226,5
leiden_static,2023-12-01,tid_2260,0
leiden_static,2023-12-01,tid_2262,3
leiden_static,2023-12-01,tid_2264,0
leiden_static,2023-12-01,tid_2265,3
leiden_static,2023-12-01,tid_2266,0
leiden_static,2023-12-01,tid_2267,0
leiden_static,2023-12-01,tid_2268,0
leiden_static,2023-12-01,tid_2269,0
leiden_static,2023-12-01,tid_227,7
leiden_static,2023-12-01,tid_2270,3
leiden_static,2023-12-01,tid_2271,0
leiden_static,2023-12-01,tid_2272,7
leiden_static,2023-12-01,tid_2274,3
leiden_static,2023-12-01,tid_2275,2
leiden_static,2023-12-01,tid_2276,1
leiden_static,2023-12-01,tid_2278,7
leiden_static,2023-12-01,tid_2279,2
leiden_static,2023-12-01,tid_228,4
leiden_static,2023-12-01,tid_2280,2
leiden_static,2023-12-01,tid_2281,2
leiden_static,2023-12-01,tid_2282,2
leiden_static,2023-12-01,tid_2286,2
leiden_static,2023-12-01,tid_2287,1
leiden_static,2023-12-01,tid_2288,2
leiden_static,2023-12-01,tid_2289,2
leiden_static,2023-12-01,tid_229,1
leiden_static,2023-12-01,tid_2292,1
leiden_static,2023-12-01,tid_2293,7
leiden_static,2023-12-01,tid_2294,0
leiden_static,2023-12-01,tid_2295,5
leiden_static,2023-12-01,tid_2296,4
leiden_static,2023-12-01,tid_2297,7
leiden_static,2023-12-01,tid_2298,7
leiden_static,2023-12-01,tid_2299,7
leiden_static,2023-12-01,tid_23,2
leiden_static,2023-12-01,tid_230,8
leiden_static,2023-12-01,tid_2300,1
leiden_static,2023-12-01,tid_2301,1
leiden_static,2023-12-01,tid_2302,7
leiden_static,2023-12-01,tid_2303,1
leiden_static,2023-12-01,tid_2304,5
leiden_static,2023-12-01,tid_2305,1
leiden_static,2023-12-01,tid_2307,1
leiden_static,2023-12-01,tid_2308,0
leiden_static,2023-12-01,tid_2309,7
leiden_static,2023-12-01,tid_231,5
leiden_static,2023-12-01,tid_2310,1
leiden_static,2023-12-01,tid_2311,1
leiden_static,2023-12-01,tid_2312,2
leiden_static,2023-12-01,tid_2314,5
leiden_static,2023-12-01,tid_2315,5
leiden_static,2023-12-01,tid_2316,7
leiden_static,2023-12-01,tid_2317,0
leiden_static,2023-12-01,tid_2318,2
leiden_static,2023-12-01,tid_232,1
leiden_static,2023-12-01,tid_2320,2
leiden_static,2023-12-01,tid_2321,7
leiden_static,2023-12-01,tid_2322,0
leiden_static,2023-12-01,tid_2323,0
leiden_static,2023-12-01,tid_2324,7
leiden_static,2023-12-01,tid_2325,7
leiden_static,2023-12-01,tid_2326,7
leiden_static,2023-12-01,tid_2327,7
leiden_static,2023-12-01,tid_2328,5
leiden_static,2023-12-01,tid_2329,7
leiden_static,2023-12-01,tid_233,5
leiden_static,2023-12-01,tid_2330,7
leiden_static,2023-12-01,tid_2332,0
leiden_static,2023-12-01,tid_2333,1
leiden_static,2023-12-01,tid_2334,5
leiden_static,2023-12-01,tid_2335,4
leiden_static,2023-12-01,tid_2336,4
leiden_static,2023-12-01,tid_2337,2
leiden_static,2023-12-01,tid_2338,1
leiden_static,2023-12-01,tid_2339,1
leiden_static,2023-12-01,tid_234,4
leiden_static,2023-12-01,tid_2340,8
leiden_static,2023-12-01,tid_2341,1
leiden_static,2023-12-01,tid_2342,1
leiden_static,2023-12-01,tid_2343,1
leiden_static,2023-12-01,tid_2344,2
leiden_static,2023-12-01,tid_2345,10
leiden_static,2023-12-01,tid_2348,1
leiden_static,2023-12-01,tid_2349,1
leiden_static,2023-12-01,tid_235,5
leiden_static,2023-12-01,tid_2351,9
leiden_static,2023-12-01,tid_2352,9
leiden_static,2023-12-01,tid_2353,9
leiden_static,2023-12-01,tid_2354,9
leiden_static,2023-12-01,tid_2355,9
leiden_static,2023-12-01,tid_2356,6
leiden_static,2023-12-01,tid_2357,9
leiden_static,2023-12-01,tid_2358,9
leiden_static,2023-12-01,tid_2359,9
leiden_static,2023-12-01,tid_236,4
leiden_static,2023-12-01,tid_2360,9
leiden_static,2023-12-01,tid_2361,9
leiden_static,2023-12-01,tid_2362,6
leiden_static,2023-12-01,tid_2363,6
leiden_static,2023-12-01,tid_2364,9
leiden_static,2023-12-01,tid_2365,9
leiden_static,2023-12-01,tid_2366,9
leiden_static,2023-12-01,tid_2367,6
leiden_static,2023-12-01,tid_2368,6
leiden_static,2023-12-01,tid_2369,9
leiden_static,2023-12-01,tid_237,8
leiden_static,2023-12-01,tid_2370,9
leiden_static,2023-12-01,tid_2371,6
leiden_static,2023-12-01,tid_2372,9
leiden_static,2023-12-01,tid_2373,9
leiden_static,2023-12-01,tid_2374,9
leiden_static,2023-12-01,tid_2375,9
leiden_static,2023-12-01,tid_2376,9
leiden_static,2023-12-01,tid_2377,9
leiden_static,2023-12-01,tid_2378,9
leiden_static,2023-12-01,tid_2379,9
leiden_static,2023-12-01,tid_238,1
leiden_static,2023-12-01,tid_2380,6
leiden_static,2023-12-01,tid_2381,6
leiden_static,2023-12-01,tid_2382,9
leiden_static,2023-12-01,tid_2383,6
leiden_static,2023-12-01,tid_2384,6
leiden_static,2023-12-01,tid_2385,6
leiden_static,2023-12-01,tid_2386,6
leiden_static,2023-12-01,tid_2387,6
leiden_static,2023-12-01,tid_2388,6
leiden_static,2023-12-01,tid_2389,6
leiden_static,2023-12-01,tid_239,0
leiden_static,2023-12-01,tid_2390,6
leiden_static,2023-12-01,tid_2391,6
leiden_static,2023-12-01,tid_2392,2
leiden_static,2023-12-01,tid_2393,2
leiden_static,2023-12-01,tid_2395,2
leiden_static,2023-12-01,tid_2398,6
leiden_static,2023-12-01,tid_2399,9
leiden_static,2023-12-01,tid_240,5
leiden_static,2023-12-01,tid_2400,9
leiden_static,2023-12-01,tid_2401,6
leiden_static,2023-12-01,tid_2402,6
leiden_static,2023-12-01,tid_2403,2
leiden_static,2023-12-01,tid_2404,6
leiden_static,2023-12-01,tid_2405,9
leiden_static,2023-12-01,tid_2406,6
leiden_static,2023-12-01,tid_2407,6
leiden_static,2023-12-01,tid_2408,6
leiden_static,2023-12-01,tid_2409,6
leiden_static,2023-12-01,tid_241,7
leiden_static,2023-12-01,tid_2410,2
leiden_static,2023-12-01,tid_2411,6
leiden_static,2023-12-01,tid_2412,6
leiden_static,2023-12-01,tid_2416,6
leiden_static,2023-12-01,tid_242,5
leiden_static,2023-12-01,tid_2422,2
leiden_static,2023-12-01,tid_2423,9
leiden_static,2023-12-01,tid_2424,9
leiden_static,2023-12-01,tid_2425,6
leiden_static,2023-12-01,tid_2426,9
leiden_static,2023-12-01,tid_2427,9
leiden_static,2023-12-01,tid_2428,6
leiden_static,2023-12-01,tid_2429,6
leiden_static,2023-12-01,tid_243,8
leiden_static,2023-12-01,tid_2430,6
leiden_static,2023-12-01,tid_2431,6
leiden_static,2023-12-01,tid_2432,6
leiden_static,2023-12-01,tid_2433,6
leiden_static,2023-12-01,tid_2434,6
leiden_static,2023-12-01,tid_2435,6
leiden_static,2023-12-01,tid_2436,9
leiden_static,2023-12-01,tid_2437,6
leiden_static,2023-12-01,tid_2439,9
leiden_static,2023-12-01,tid_2440,9
leiden_static,2023-12-01,tid_2441,9
leiden_static,2023-12-01,tid_2442,9
leiden_static,2023-12-01,tid_2443,9
leiden_static,2023-12-01,tid_2444,9
leiden_static,2023-12-01,tid_2445,6
leiden_static,2023-12-01,tid_2446,6
leiden_static,2023-12-01,tid_2447,6
leiden_static,2023-12-01,tid_2449,6
leiden_static,2023-12-01,tid_2450,6
leiden_static,2023-12-01,tid_2451,6
leiden_static,2023-12-01,tid_2452,6
leiden_static,2023-12-01,tid_2453,6
leiden_static,2023-12-01,tid_2454,9
leiden_static,2023-12-01,tid_2455,6
leiden_static,2023-12-01,tid_2456,9
leiden_static,2023-12-01,tid_2457,9
leiden_static,2023-12-01,tid_2458,9
leiden_static,2023-12-01,tid_2459,9
leiden_static,2023-12-01,tid_2460,9
leiden_static,2023-12-01,tid_2461,9
leiden_static,2023-12-01,tid_2462,6
leiden_static,2023-12-01,tid_2463,6
leiden_static,2023-12-01,tid_2464,6
leiden_static,2023-12-01,tid_2465,2
leiden_static,2023-12-01,tid_2466,6
leiden_static,2023-12-01,tid_2467,6
leiden_static,2023-12-01,tid_2468,9
leiden_static,2023-12-01,tid_2469,6
leiden_static,2023-12-01,tid_2470,6
leiden_static,2023-12-01,tid_2471,6
leiden_static,2023-12-01,tid_2472,6
leiden_static,2023-12-01,tid_2473,6
leiden_static,2023-12-01,tid_2474,6
leiden_static,2023-12-01,tid_2475,6
leiden_static,2023-12-01,tid_2476,9
leiden_static,2023-12-01,tid_2477,9
leiden_static,2023-12-01,tid_2478,2
leiden_static,2023-12-01,tid_2479,9
leiden_static,2023-12-01,tid_2480,9
leiden_static,2023-12-01,tid_2481,9
leiden_static,2023-12-01,tid_2482,9
leiden_static,2023-12-01,tid_2483,6
leiden_static,2023-12-01,tid_2484,9
leiden_static,2023-12-01,tid_2485,9
leiden_static,2023-12-01,tid_2486,9
leiden_static,2023-12-01,tid_2487,6
leiden_static,2023-12-01,tid_2488,9
leiden_static,2023-12-01,tid_2489,9
leiden_static,2023-12-01,tid_2490,9
leiden_static,2023-12-01,tid_2491,6
leiden_static,2023-12-01,tid_2492,6
leiden_static,2023-12-01,tid_2493,6
leiden_static,2023-12-01,tid_2494,9
leiden_static,2023-12-01,tid_2495,9
leiden_static,2023-12-01,tid_2496,6
leiden_static,2023-12-01,tid_2497,9
leiden_static,2023-12-01,tid_2498,6
leiden_static,2023-12-01,tid_2499,6
leiden_static,2023-12-01,tid_25,2
leiden_static,2023-12-01,tid_2500,6
leiden_static,2023-12-01,tid_2501,6
leiden_static,2023-12-01,tid_2502,9
leiden_static,2023-12-01,tid_2503,9
leiden_static,2023-12-01,tid_2504,6
leiden_static,2023-12-01,tid_2505,9
leiden_static,2023-12-01,tid_2506,9
leiden_static,2023-12-01,tid_2507,9
leiden_static,2023-12-01,tid_2508,9
leiden_static,2023-12-01,tid_2509,9
leiden_static,2023-12-01,tid_2510,9
leiden_static,2023-12-01,tid_2511,6
leiden_static,2023-12-01,tid_2512,6
leiden_static,2023-12-01,tid_2513,6
leiden_static,2023-12-01,tid_2514,9
leiden_static,2023-12-01,tid_2515,6
leiden_static,2023-12-01,tid_2516,6
leiden_static,2023-12-01,tid_2517,9
leiden_static,2023-12-01,tid_2518,9
leiden_static,2023-12-01,tid_2519,9
leiden_static,2023-12-01,tid_2520,6
leiden_static,2023-12-01,tid_2521,6
leiden_static,2023-12-01,tid_2522,9
leiden_static,2023-12-01,tid_2523,6
leiden_static,2023-12-01,tid_2524,6
leiden_static,2023-12-01,tid_2525,6
leiden_static,2023-12-01,tid_2526,6
leiden_static,2023-12-01,tid_2527,9
leiden_static,2023-12-01,tid_2528,6
leiden_static,2023-12-01,tid_2529,9
leiden_static,2023-12-01,tid_2530,6
leiden_static,2023-12-01,tid_2531,6
leiden_static,2023-12-01,tid_2532,9
leiden_static,2023-12-01,tid_2533,9
leiden_static,2023-12-01,tid_2534,6
leiden_static,2023-12-01,tid_2535,9
leiden_static,2023-12-01,tid_2536,9
leiden_static,2023-12-01,tid_2537,9
leiden_static,2023-12-01,tid_2538,6
leiden_static,2023-12-01,tid_2539,9
leiden_static,2023-12-01,tid_2540,9
leiden_static,2023-12-01,tid_2541,9
leiden_static,2023-12-01,tid_2542,9
leiden_static,2023-12-01,tid_2543,9
leiden_static,2023-12-01,tid_2544,9
leiden_static,2023-12-01,tid_2545,9
leiden_static,2023-12-01,tid_2546,6
leiden_static,2023-12-01,tid_2547,2
leiden_static,2023-12-01,tid_2548,6
leiden_static,2023-12-01,tid_2549,9
leiden_static,2023-12-01,tid_2550,6
leiden_static,2023-12-01,tid_2551,6
leiden_static,2023-12-01,tid_2552,6
leiden_static,2023-12-01,tid_2553,6
leiden_static,2023-12-01,tid_2554,6
leiden_static,2023-12-01,tid_2555,6
leiden_static,2023-12-01,tid_2556,6
leiden_static,2023-12-01,tid_2557,9
leiden_static,2023-12-01,tid_2558,9
leiden_static,2023-12-01,tid_2559,9
leiden_static,2023-12-01,tid_2560,9
leiden_static,2023-12-01,tid_2561,9
leiden_static,2023-12-01,tid_2562,6
leiden_static,2023-12-01,tid_2563,9
leiden_static,2023-12-01,tid_2564,9
leiden_static,2023-12-01,tid_2565,6
leiden_static,2023-12-01,tid_2566,9
leiden_static,2023-12-01,tid_2567,9
leiden_static,2023-12-01,tid_2568,6
leiden_static,2023-12-01,tid_2569,6
leiden_static,2023-12-01,tid_2570,6
leiden_static,2023-12-01,tid_2571,2
leiden_static,2023-12-01,tid_2572,6
leiden_static,2023-12-01,tid_2573,9
leiden_static,2023-12-01,tid_2574,9
leiden_static,2023-12-01,tid_2575,6
leiden_static,2023-12-01,tid_2576,6
leiden_static,2023-12-01,tid_2577,9
leiden_static,2023-12-01,tid_2578,9
leiden_static,2023-12-01,tid_2579,9
leiden_static,2023-12-01,tid_2580,6
leiden_static,2023-12-01,tid_2581,6
leiden_static,2023-12-01,tid_2582,6
leiden_static,2023-12-01,tid_2583,9
leiden_static,2023-12-01,tid_2584,6
leiden_static,2023-12-01,tid_2585,6
leiden_static,2023-12-01,tid_2586,6
leiden_static,2023-12-01,tid_2587,6
leiden_static,2023-12-01,tid_2588,2
leiden_static,2023-12-01,tid_2589,9
leiden_static,2023-12-01,tid_2590,6
leiden_static,2023-12-01,tid_2591,2
leiden_static,2023-12-01,tid_2592,6
leiden_static,2023-12-01,tid_2593,3
leiden_static,2023-12-01,tid_2595,4
leiden_static,2023-12-01,tid_2596,2
leiden_static,2023-12-01,tid_2597,2
leiden_static,2023-12-01,tid_2598,4
leiden_static,2023-12-01,tid_2599,6
leiden_static,2023-12-01,tid_26,2
leiden_static,2023-12-01,tid_2600,6
leiden_static,2023-12-01,tid_2601,2
leiden_static,2023-12-01,tid_2602,6
leiden_static,2023-12-01,tid_2604,6
leiden_static,2023-12-01,tid_2605,9
leiden_static,2023-12-01,tid_2606,6
leiden_static,2023-12-01,tid_2607,2
leiden_static,2023-12-01,tid_2618,0
leiden_static,2023-12-01,tid_2619,4
leiden_static,2023-12-01,tid_2620,8
leiden_static,2023-12-01,tid_2621,8
leiden_static,2023-12-01,tid_2644,2
leiden_static,2023-12-01,tid_2646,6
leiden_static,2023-12-01,tid_2647,2
leiden_static,2023-12-01,tid_2648,2
leiden_static,2023-12-01,tid_2649,2
leiden_static,2023-12-01,tid_2651,6
leiden_static,2023-12-01,tid_2652,2
leiden_static,2023-12-01,tid_269,2
leiden_static,2023-12-01,tid_27,2
leiden_static,2023-12-01,tid_270,4
leiden_static,2023-12-01,tid_271,7
leiden_static,2023-12-01,tid_2710,4
leiden_static,2023-12-01,tid_272,8
leiden_static,2023-12-01,tid_273,1
leiden_static,2023-12-01,tid_274,3
leiden_static,2023-12-01,tid_275,5
leiden_static,2023-12-01,tid_276,1
leiden_static,2023-12-01,tid_277,1
leiden_static,2023-12-01,tid_278,2
leiden_static,2023-12-01,tid_279,5
leiden_static,2023-12-01,tid_28,2
leiden_static,2023-12-01,tid_280,5
leiden_static,2023-12-01,tid_2808,2
leiden_static,2023-12-01,tid_2809,2
leiden_static,2023-12-01,tid_281,5
leiden_static,2023-12-01,tid_2813,4
leiden_static,2023-12-01,tid_2814,6
leiden_static,2023-12-01,tid_282,0
leiden_static,2023-12-01,tid_283,1
leiden_static,2023-12-01,tid_284,5
leiden_static,2023-12-01,tid_285,0
leiden_static,2023-12-01,tid_287,3
leiden_static,2023-12-01,tid_2872,5
leiden_static,2023-12-01,tid_2876,6
leiden_static,2023-12-01,tid_2879,4
leiden_static,2023-12-01,tid_288,3
leiden_static,2023-12-01,tid_2880,4
leiden_static,2023-12-01,tid_2881,6
leiden_static,2023-12-01,tid_2882,4
leiden_static,2023-12-01,tid_2883,4
leiden_static,2023-12-01,tid_2884,4
leiden_static,2023-12-01,tid_2885,8
leiden_static,2023-12-01,tid_2886,4
leiden_static,2023-12-01,tid_2887,2
leiden_static,2023-12-01,tid_289,3
leiden_static,2023-12-01,tid_29,2
leiden_static,2023-12-01,tid_290,0
leiden_static,2023-12-01,tid_292,3
leiden_static,2023-12-01,tid_293,0
leiden_static,2023-12-01,tid_294,3
leiden_static,2023-12-01,tid_295,0
leiden_static,2023-12-01,tid_296,0
leiden_static,2023-12-01,tid_297,0
leiden_static,2023-12-01,tid_298,3
leiden_static,2023-12-01,tid_3,7
leiden_static,2023-12-01,tid_30,8
leiden_static,2023-12-01,tid_300,3
leiden_static,2023-12-01,tid_3005,2
leiden_static,2023-12-01,tid_3007,5
leiden_static,2023-12-01,tid_3009,2
leiden_static,2023-12-01,tid_301,8
leiden_static,2023-12-01,tid_3011,2
leiden_static,2023-12-01,tid_3012,7
leiden_static,2023-12-01,tid_3013,2
leiden_static,2023-12-01,tid_302,0
leiden_static,2023-12-01,tid_303,3
leiden_static,2023-12-01,tid_304,0
leiden_static,2023-12-01,tid_305,3
leiden_static,2023-12-01,tid_306,0
leiden_static,2023-12-01,tid_307,3
leiden_static,2023-12-01,tid_308,3
leiden_static,2023-12-01,tid_309,1
leiden_static,2023-12-01,tid_31,2
leiden_static,2023-12-01,tid_312,8
leiden_static,2023-12-01,tid_314,10
leiden_static,2023-12-01,tid_316,10
leiden_static,2023-12-01,tid_317,10
leiden_static,2023-12-01,tid_318,1
leiden_static,2023-12-01,tid_319,1
leiden_static,2023-12-01,tid_32,1
leiden_static,2023-12-01,tid_320,10
leiden_static,2023-12-01,tid_321,8
leiden_static,2023-12-01,tid_323,10
leiden_static,2023-12-01,tid_324,1
leiden_static,2023-12-01,tid_325,4
leiden_static,2023-12-01,tid_326,1
leiden_static,2023-12-01,tid_327,4
leiden_static,2023-12-01,tid_329,1
leiden_static,2023-12-01,tid_33,1
leiden_static,2023-12-01,tid_330,4
leiden_static,2023-12-01,tid_331,10
leiden_static,2023-12-01,tid_332,1
leiden_static,2023-12-01,tid_333,8
leiden_static,2023-12-01,tid_334,10
leiden_static,2023-12-01,tid_335,10
leiden_static,2023-12-01,tid_336,1
leiden_static,2023-12-01,tid_337,10
leiden_static,2023-12-01,tid_338,10
leiden_static,2023-12-01,tid_339,10
leiden_static,2023-12-01,tid_34,1
leiden_static,2023-12-01,tid_340,1
leiden_static,2023-12-01,tid_341,10
leiden_static,2023-12-01,tid_342,1
leiden_static,2023-12-01,tid_343,10
leiden_static,2023-12-01,tid_345,6
leiden_static,2023-12-01,tid_346,6
leiden_static,2023-12-01,tid_347,6
leiden_static,2023-12-01,tid_348,6
leiden_static,2023-12-01,tid_349,3
leiden_static,2023-12-01,tid_35,2
leiden_static,2023-12-01,tid_351,2
leiden_static,2023-12-01,tid_352,6
leiden_static,2023-12-01,tid_354,6
leiden_static,2023-12-01,tid_355,2
leiden_static,2023-12-01,tid_356,1
leiden_static,2023-12-01,tid_357,8
leiden_static,2023-12-01,tid_358,8
leiden_static,2023-12-01,tid_359,1
leiden_static,2023-12-01,tid_36,1
leiden_static,2023-12-01,tid_360,5
leiden_static,2023-12-01,tid_361,1
leiden_static,2023-12-01,tid_362,2
leiden_static,2023-12-01,tid_363,1
leiden_static,2023-12-01,tid_364,1
leiden_static,2023-12-01,tid_365,1
leiden_static,2023-12-01,tid_366,8
leiden_static,2023-12-01,tid_367,1
leiden_static,2023-12-01,tid_368,2
leiden_static,2023-12-01,tid_369,1
leiden_static,2023-12-01,tid_37,1
leiden_static,2023-12-01,tid_370,4
leiden_static,2023-12-01,tid_371,2
leiden_static,2023-12-01,tid_372,1
leiden_static,2023-12-01,tid_373,2
leiden_static,2023-12-01,tid_374,2
leiden_static,2023-12-01,tid_375,2
leiden_static,2023-12-01,tid_376,8
leiden_static,2023-12-01,tid_377,0
leiden_static,2023-12-01,tid_378,1
leiden_static,2023-12-01,tid_379,2
leiden_static,2023-12-01,tid_38,2
leiden_static,2023-12-01,tid_380,2
leiden_static,2023-12-01,tid_381,1
leiden_static,2023-12-01,tid_382,4
leiden_static,2023-12-01,tid_383,8
leiden_static,2023-12-01,tid_384,1
leiden_static,2023-12-01,tid_385,2
leiden_static,2023-12-01,tid_386,8
leiden_static,2023-12-01,tid_387,2
leiden_static,2023-12-01,tid_388,2
leiden_static,2023-12-01,tid_39,8
leiden_static,2023-12-01,tid_390,1
leiden_static,2023-12-01,tid_391,3
leiden_static,2023-12-01,tid_392,0
leiden_static,2023-12-01,tid_393,3
leiden_static,2023-12-01,tid_395,1
leiden_static,2023-12-01,tid_396,8
leiden_static,2023-12-01,tid_397,8
leiden_static,2023-12-01,tid_398,0
leiden_static,2023-12-01,tid_4,2
leiden_static,2023-12-01,tid_40,2
leiden_static,2023-12-01,tid_401,8
leiden_static,2023-12-01,tid_402,8
leiden_static,2023-12-01,tid_403,8
leiden_static,2023-12-01,tid_404,8
leiden_static,2023-12-01,tid_405,8
leiden_static,2023-12-01,tid_408,5
leiden_static,2023-12-01,tid_41,1
leiden_static,2023-12-01,tid_410,8
leiden_static,2023-12-01,tid_413,8
leiden_static,2023-12-01,tid_414,2
leiden_static,2023-12-01,tid_416,8
leiden_static,2023-12-01,tid_418,2
leiden_static,2023-12-01,tid_419,2
leiden_static,2023-12-01,tid_42,2
leiden_static,2023-12-01,tid_420,2
leiden_static,2023-12-01,tid_421,2
leiden_static,2023-12-01,tid_422,2
leiden_static,2023-12-01,tid_423,8
leiden_static,2023-12-01,tid_424,1
leiden_static,2023-12-01,tid_425,1
leiden_static,2023-12-01,tid_428,3
leiden_static,2023-12-01,tid_429,1
leiden_static,2023-12-01,tid_43,1
leiden_static,2023-12-01,tid_430,2
leiden_static,2023-12-01,tid_431,1
leiden_static,2023-12-01,tid_432,1
leiden_static,2023-12-01,tid_433,0
leiden_static,2023-12-01,tid_434,1
leiden_static,2023-12-01,tid_435,3
leiden_static,2023-12-01,tid_436,1
leiden_static,2023-12-01,tid_437,0
leiden_static,2023-12-01,tid_438,1
leiden_static,2023-12-01,tid_44,2
leiden_static,2023-12-01,tid_440,8
leiden_static,2023-12-01,tid_441,0
leiden_static,2023-12-01,tid_442,1
leiden_static,2023-12-01,tid_443,1
leiden_static,2023-12-01,tid_444,3
leiden_static,2023-12-01,tid_445,1
leiden_static,2023-12-01,tid_446,3
leiden_static,2023-12-01,tid_447,0
leiden_static,2023-12-01,tid_448,2
leiden_static,2023-12-01,tid_449,5
leiden_static,2023-12-01,tid_45,1
leiden_static,2023-12-01,tid_450,4
leiden_static,2023-12-01,tid_451,5
leiden_static,2023-12-01,tid_452,8
leiden_static,2023-12-01,tid_453,8
leiden_static,2023-12-01,tid_455,8
leiden_static,2023-12-01,tid_456,0
leiden_static,2023-12-01,tid_457,0
leiden_static,2023-12-01,tid_458,8
leiden_static,2023-12-01,tid_459,8
leiden_static,2023-12-01,tid_46,1
leiden_static,2023-12-01,tid_460,8
leiden_static,2023-12-01,tid_47,2
leiden_static,2023-12-01,tid_478,6
leiden_static,2023-12-01,tid_479,3
leiden_static,2023-12-01,tid_48,1
leiden_static,2023-12-01,tid_480,2
leiden_static,2023-12-01,tid_481,2
leiden_static,2023-12-01,tid_482,4
leiden_static,2023-12-01,tid_484,3
leiden_static,2023-12-01,tid_485,1
leiden_static,2023-12-01,tid_486,1
leiden_static,2023-12-01,tid_487,3
leiden_static,2023-12-01,tid_489,0
leiden_static,2023-12-01,tid_49,1
leiden_static,2023-12-01,tid_490,1
leiden_static,2023-12-01,tid_491,3
leiden_static,2023-12-01,tid_492,8
leiden_static,2023-12-01,tid_493,7
leiden_static,2023-12-01,tid_494,1
leiden_static,2023-12-01,tid_495,0
leiden_static,2023-12-01,tid_496,1
leiden_static,2023-12-01,tid_497,1
leiden_static,2023-12-01,tid_498,2
leiden_static,2023-12-01,tid_499,1
leiden_static,2023-12-01,tid_5,4
leiden_static,2023-12-01,tid_50,8
leiden_static,2023-12-01,tid_501,1
leiden_static,2023-12-01,tid_502,1
leiden_static,2023-12-01,tid_503,1
leiden_static,2023-12-01,tid_504,2
leiden_static,2023-12-01,tid_505,1
leiden_static,2023-12-01,tid_506,2
leiden_static,2023-12-01,tid_507,2
leiden_static,2023-12-01,tid_508,1
leiden_static,2023-12-01,tid_509,2
leiden_static,2023-12-01,tid_51,2
leiden_static,2023-12-01,tid_510,2
leiden_static,2023-12-01,tid_511,8
leiden_static,2023-12-01,tid_512,1
leiden_static,2023-12-01,tid_515,8
leiden_static,2023-12-01,tid_516,0
leiden_static,2023-12-01,tid_517,1
leiden_static,2023-12-01,tid_518,1
leiden_static,2023-12-01,tid_519,1
leiden_static,2023-12-01,tid_52,1
leiden_static,2023-12-01,tid_520,0
leiden_static,2023-12-01,tid_521,0
leiden_static,2023-12-01,tid_522,0
leiden_static,2023-12-01,tid_523,3
leiden_static,2023-12-01,tid_524,0
leiden_static,2023-12-01,tid_525,0
leiden_static,2023-12-01,tid_527,1
leiden_static,2023-12-01,tid_528,0
leiden_static,2023-12-01,tid_529,1
leiden_static,2023-12-01,tid_53,1
leiden_static,2023-12-01,tid_530,1
leiden_static,2023-12-01,tid_531,1
leiden_static,2023-12-01,tid_532,1
leiden_static,2023-12-01,tid_533,3
leiden_static,2023-12-01,tid_534,0
leiden_static,2023-12-01,tid_535,1
leiden_static,2023-12-01,tid_536,3
leiden_static,2023-12-01,tid_537,0
leiden_static,2023-12-01,tid_538,7
leiden_static,2023-12-01,tid_539,3
leiden_static,2023-12-01,tid_54,2
leiden_static,2023-12-01,tid_540,1
leiden_static,2023-12-01,tid_541,0
leiden_static,2023-12-01,tid_542,1
leiden_static,2023-12-01,tid_543,1
leiden_static,2023-12-01,tid_544,0
leiden_static,2023-12-01,tid_545,1
leiden_static,2023-12-01,tid_546,0
leiden_static,2023-12-01,tid_547,3
leiden_static,2023-12-01,tid_548,1
leiden_static,2023-12-01,tid_549,0
leiden_static,2023-12-01,tid_55,8
leiden_static,2023-12-01,tid_550,3
leiden_static,2023-12-01,tid_552,3
leiden_static,2023-12-01,tid_553,0
leiden_static,2023-12-01,tid_554,8
leiden_static,2023-12-01,tid_555,3
leiden_static,2023-12-01,tid_556,0
leiden_static,2023-12-01,tid_557,0
leiden_static,2023-12-01,tid_558,0
leiden_static,2023-12-01,tid_559,1
leiden_static,2023-12-01,tid_56,1
leiden_static,2023-12-01,tid_560,3
leiden_static,2023-12-01,tid_561,4
leiden_static,2023-12-01,tid_562,3
leiden_static,2023-12-01,tid_563,0
leiden_static,2023-12-01,tid_564,0
leiden_static,2023-12-01,tid_565,0
leiden_static,2023-12-01,tid_566,0
leiden_static,2023-12-01,tid_567,0
leiden_static,2023-12-01,tid_568,5
leiden_static,2023-12-01,tid_569,0
leiden_static,2023-12-01,tid_57,2
leiden_static,2023-12-01,tid_570,0
leiden_static,2023-12-01,tid_571,1
leiden_static,2023-12-01,tid_572,0
leiden_static,2023-12-01,tid_574,1
leiden_static,2023-12-01,tid_578,2
leiden_static,2023-12-01,tid_579,8
leiden_static,2023-12-01,tid_58,1
leiden_static,2023-12-01,tid_580,1
leiden_static,2023-12-01,tid_581,8
leiden_static,2023-12-01,tid_582,1
leiden_static,2023-12-01,tid_583,1
leiden_static,2023-12-01,tid_584,1
leiden_static,2023-12-01,tid_585,1
leiden_static,2023-12-01,tid_586,1
leiden_static,2023-12-01,tid_587,8
leiden_static,2023-12-01,tid_588,1
leiden_static,2023-12-01,tid_589,8
leiden_static,2023-12-01,tid_59,8
leiden_static,2023-12-01,tid_591,1
leiden_static,2023-12-01,tid_592,8
leiden_static,2023-12-01,tid_593,1
leiden_static,2023-12-01,tid_594,1
leiden_static,2023-12-01,tid_595,1
leiden_static,2023-12-01,tid_598,1
leiden_static,2023-12-01,tid_599,8
leiden_static,2023-12-01,tid_6,2
leiden_static,2023-12-01,tid_60,8
leiden_static,2023-12-01,tid_600,1
leiden_static,2023-12-01,tid_601,8
leiden_static,2023-12-01,tid_602,1
leiden_static,2023-12-01,tid_603,1
leiden_static,2023-12-01,tid_604,8
leiden_static,2023-12-01,tid_605,8
leiden_static,2023-12-01,tid_606,8
leiden_static,2023-12-01,tid_607,8
leiden_static,2023-12-01,tid_608,2
leiden_static,2023-12-01,tid_61,1
leiden_static,2023-12-01,tid_612,2
leiden_static,2023-12-01,tid_613,8
leiden_static,2023-12-01,tid_614,1
leiden_static,2023-12-01,tid_615,1
leiden_static,2023-12-01,tid_616,1
leiden_static,2023-12-01,tid_618,10
leiden_static,2023-12-01,tid_619,10
leiden_static,2023-12-01,tid_62,1
leiden_static,2023-12-01,tid_621,10
leiden_static,2023-12-01,tid_63,1
leiden_static,2023-12-01,tid_65,1
leiden_static,2023-12-01,tid_66,2
leiden_static,2023-12-01,tid_666,2
leiden_static,2023-12-01,tid_667,8
leiden_static,2023-12-01,tid_668,0
leiden_static,2023-12-01,tid_669,1
leiden_static,2023-12-01,tid_67,1
leiden_static,2023-12-01,tid_670,4
leiden_static,2023-12-01,tid_671,1
leiden_static,2023-12-01,tid_674,8
leiden_static,2023-12-01,tid_675,1
leiden_static,2023-12-01,tid_676,2
leiden_static,2023-12-01,tid_677,1
leiden_static,2023-12-01,tid_678,4
leiden_static,2023-12-01,tid_679,2
leiden_static,2023-12-01,tid_68,1
leiden_static,2023-12-01,tid_680,4
leiden_static,2023-12-01,tid_683,0
leiden_static,2023-12-01,tid_685,2
leiden_static,2023-12-01,tid_686,2
leiden_static,2023-12-01,tid_687,0
leiden_static,2023-12-01,tid_689,5
leiden_static,2023-12-01,tid_69,1
leiden_static,2023-12-01,tid_690,0
leiden_static,2023-12-01,tid_691,0
leiden_static,2023-12-01,tid_692,0
leiden_static,2023-12-01,tid_693,2
leiden_static,2023-12-01,tid_694,5
leiden_static,2023-12-01,tid_695,0
leiden_static,2023-12-01,tid_696,0
leiden_static,2023-12-01,tid_697,5
leiden_static,2023-12-01,tid_698,0
leiden_static,2023-12-01,tid_699,0
leiden_static,2023-12-01,tid_7,2
leiden_static,2023-12-01,tid_70,5
leiden_static,2023-12-01,tid_701,0
leiden_static,2023-12-01,tid_702,7
leiden_static,2023-12-01,tid_703,0
leiden_static,2023-12-01,tid_704,5
leiden_static,2023-12-01,tid_705,5
leiden_static,2023-12-01,tid_706,0
leiden_static,2023-12-01,tid_708,1
leiden_static,2023-12-01,tid_71,8
leiden_static,2023-12-01,tid_710,0
leiden_static,2023-12-01,tid_711,0
leiden_static,2023-12-01,tid_712,0
leiden_static,2023-12-01,tid_713,0
leiden_static,2023-12-01,tid_714,5
leiden_static,2023-12-01,tid_715,0
leiden_static,2023-12-01,tid_716,4
leiden_static,2023-12-01,tid_717,5
leiden_static,2023-12-01,tid_718,1
leiden_static,2023-12-01,tid_719,0
leiden_static,2023-12-01,tid_72,1
leiden_static,2023-12-01,tid_720,1
leiden_static,2023-12-01,tid_721,0
leiden_static,2023-12-01,tid_722,5
leiden_static,2023-12-01,tid_723,0
leiden_static,2023-12-01,tid_725,8
leiden_static,2023-12-01,tid_726,1
leiden_static,2023-12-01,tid_727,2
leiden_static,2023-12-01,tid_73,2
leiden_static,2023-12-01,tid_731,1
leiden_static,2023-12-01,tid_734,7
leiden_static,2023-12-01,tid_735,1
leiden_static,2023-12-01,tid_736,5
leiden_static,2023-12-01,tid_737,5
leiden_static,2023-12-01,tid_738,1
leiden_static,2023-12-01,tid_739,5
leiden_static,2023-12-01,tid_74,1
leiden_static,2023-12-01,tid_741,4
leiden_static,2023-12-01,tid_742,8
leiden_static,2023-12-01,tid_743,5
leiden_static,2023-12-01,tid_744,1
leiden_static,2023-12-01,tid_745,7
leiden_static,2023-12-01,tid_746,1
leiden_static,2023-12-01,tid_747,7
leiden_static,2023-12-01,tid_748,2
leiden_static,2023-12-01,tid_749,0
leiden_static,2023-12-01,tid_75,2
leiden_static,2023-12-01,tid_751,7
leiden_static,2023-12-01,tid_752,8
leiden_static,2023-12-01,tid_753,0
leiden_static,2023-12-01,tid_754,1
leiden_static,2023-12-01,tid_755,5
leiden_static,2023-12-01,tid_756,1
leiden_static,2023-12-01,tid_757,2
leiden_static,2023-12-01,tid_758,1
leiden_static,2023-12-01,tid_76,2
leiden_static,2023-12-01,tid_760,0
leiden_static,2023-12-01,tid_761,0
leiden_static,2023-12-01,tid_763,2
leiden_static,2023-12-01,tid_764,5
leiden_static,2023-12-01,tid_765,0
leiden_static,2023-12-01,tid_766,8
leiden_static,2023-12-01,tid_767,8
leiden_static,2023-12-01,tid_769,0
leiden_static,2023-12-01,tid_77,2
leiden_static,2023-12-01,tid_770,5
leiden_static,2023-12-01,tid_771,1
leiden_static,2023-12-01,tid_773,5
leiden_static,2023-12-01,tid_774,5
leiden_static,2023-12-01,tid_775,2
leiden_static,2023-12-01,tid_776,2
leiden_static,2023-12-01,tid_777,2
leiden_static,2023-12-01,tid_778,2
leiden_static,2023-12-01,tid_779,1
leiden_static,2023-12-01,tid_78,0
leiden_static,2023-12-01,tid_780,1
leiden_static,2023-12-01,tid_781,1
leiden_static,2023-12-01,tid_782,2
leiden_static,2023-12-01,tid_783,1
leiden_static,2023-12-01,tid_784,1
leiden_static,2023-12-01,tid_785,2
leiden_static,2023-12-01,tid_787,1
leiden_static,2023-12-01,tid_788,8
leiden_static,2023-12-01,tid_789,1
leiden_static,2023-12-01,tid_79,8
leiden_static,2023-12-01,tid_790,1
leiden_static,2023-12-01,tid_791,1
leiden_static,2023-12-01,tid_792,1
leiden_static,2023-12-01,tid_793,1
leiden_static,2023-12-01,tid_794,2
leiden_static,2023-12-01,tid_795,1
leiden_static,2023-12-01,tid_796,1
leiden_static,2023-12-01,tid_797,1
leiden_static,2023-12-01,tid_798,1
leiden_static,2023-12-01,tid_799,1
leiden_static,2023-12-01,tid_8,2
leiden_static,2023-12-01,tid_80,1
leiden_static,2023-12-01,tid_800,1
leiden_static,2023-12-01,tid_801,1
leiden_static,2023-12-01,tid_802,1
leiden_static,2023-12-01,tid_803,1
leiden_static,2023-12-01,tid_804,1
leiden_static,2023-12-01,tid_805,1
leiden_static,2023-12-01,tid_806,1
leiden_static,2023-12-01,tid_807,1
leiden_static,2023-12-01,tid_808,1
leiden_static,2023-12-01,tid_809,6
leiden_static,2023-12-01,tid_81,2
leiden_static,2023-12-01,tid_810,3
leiden_static,2023-12-01,tid_811,2
leiden_static,2023-12-01,tid_812,6
leiden_static,2023-12-01,tid_813,6
leiden_static,2023-12-01,tid_814,3
leiden_static,2023-12-01,tid_815,3
leiden_static,2023-12-01,tid_817,4
leiden_static,2023-12-01,tid_818,2
leiden_static,2023-12-01,tid_819,2
leiden_static,2023-12-01,tid_82,1
leiden_static,2023-12-01,tid_820,2
leiden_static,2023-12-01,tid_821,3
leiden_static,2023-12-01,tid_822,3
leiden_static,2023-12-01,tid_823,3
leiden_static,2023-12-01,tid_824,6
leiden_static,2023-12-01,tid_825,3
leiden_static,2023-12-01,tid_826,3
leiden_static,2023-12-01,tid_827,3
leiden_static,2023-12-01,tid_828,3
leiden_static,2023-12-01,tid_829,3
leiden_static,2023-12-01,tid_83,2
leiden_static,2023-12-01,tid_830,2
leiden_static,2023-12-01,tid_831,0
leiden_static,2023-12-01,tid_832,3
leiden_static,2023-12-01,tid_833,3
leiden_static,2023-12-01,tid_834,3
leiden_static,2023-12-01,tid_835,3
leiden_static,2023-12-01,tid_836,3
leiden_static,2023-12-01,tid_838,3
leiden_static,2023-12-01,tid_839,3
leiden_static,2023-12-01,tid_840,3
leiden_static,2023-12-01,tid_841,2
leiden_static,2023-12-01,tid_842,2
leiden_static,2023-12-01,tid_843,2
leiden_static,2023-12-01,tid_844,4
leiden_static,2023-12-01,tid_846,8
leiden_static,2023-12-01,tid_847,1
leiden_static,2023-12-01,tid_848,1
leiden_static,2023-12-01,tid_849,1
leiden_static,2023-12-01,tid_851,1
leiden_static,2023-12-01,tid_852,1
leiden_static,2023-12-01,tid_853,1
leiden_static,2023-12-01,tid_854,1
leiden_static,2023-12-01,tid_855,1
leiden_static,2023-12-01,tid_856,1
leiden_static,2023-12-01,tid_857,1
leiden_static,2023-12-01,tid_859,1
leiden_static,2023-12-01,tid_860,2
leiden_static,2023-12-01,tid_870,1
leiden_static,2023-12-01,tid_871,1
leiden_static,2023-12-01,tid_872,2
leiden_static,2023-12-01,tid_873,4
leiden_static,2023-12-01,tid_874,1
leiden_static,2023-12-01,tid_875,1
leiden_static,2023-12-01,tid_876,1
leiden_static,2023-12-01,tid_877,1
leiden_static,2023-12-01,tid_878,1
leiden_static,2023-12-01,tid_879,1
leiden_static,2023-12-01,tid_880,1
leiden_static,2023-12-01,tid_881,1
leiden_static,2023-12-01,tid_882,1
leiden_static,2023-12-01,tid_883,4
leiden_static,2023-12-01,tid_884,1
leiden_static,2023-12-01,tid_885,1
leiden_static,2023-12-01,tid_886,1
leiden_static,2023-12-01,tid_888,1
leiden_static,2023-12-01,tid_889,1
leiden_static,2023-12-01,tid_890,2
leiden_static,2023-12-01,tid_891,4
leiden_static,2023-12-01,tid_892,2
leiden_static,2023-12-01,tid_895,7
leiden_static,2023-12-01,tid_896,2
leiden_static,2023-12-01,tid_897,5
leiden_static,2023-12-01,tid_898,0
leiden_static,2023-12-01,tid_899,4
leiden_static,2023-12-01,tid_9,3
leiden_static,2023-12-01,tid_900,5
leiden_static,2023-12-01,tid_901,5
leiden_static,2023-12-01,tid_902,5
leiden_static,2023-12-01,tid_903,1
leiden_static,2023-12-01,tid_904,1
leiden_static,2023-12-01,tid_905,5
leiden_static,2023-12-01,tid_907,1
leiden_static,2023-12-01,tid_908,5
leiden_static,2023-12-01,tid_909,5
leiden_static,2023-12-01,tid_911,5
leiden_static,2023-12-01,tid_912,2
leiden_static,2023-12-01,tid_913,5
leiden_static,2023-12-01,tid_914,5
leiden_static,2023-12-01,tid_915,0
leiden_static,2023-12-01,tid_916,1
leiden_static,2023-12-01,tid_917,1
leiden_static,2023-12-01,tid_918,2
leiden_static,2023-12-01,tid_920,4
leiden_static,2023-12-01,tid_922,3
leiden_static,2023-12-01,tid_923,7
leiden_static,2023-12-01,tid_924,0
leiden_static,2023-12-01,tid_925,0
leiden_static,2023-12-01,tid_926,0
leiden_static,2023-12-01,tid_927,2
leiden_static,2023-12-01,tid_928,2
leiden_static,2023-12-01,tid_929,3
leiden_static,2023-12-01,tid_930,0
leiden_static,2023-12-01,tid_986,2
leiden_static,2023-12-01,tid_987,4
leiden_static,2023-12-01,tid_988,2
leiden_static,2023-12-01,tid_989,2
leiden_static,2023-12-01,tid_991,4
leiden_static,2023-12-01,tid_992,1
leiden_static,2023-12-01,tid_993,0
leiden_static,2023-12-01,tid_994,7
leiden_static,2023-12-01,tid_995,7
leiden_static,2023-12-01,tid_996,4
leiden_static,2023-12-01,tid_998,4
leiden_static,2023-12-01,tid_999,7
kmeans,2023-01-01,tid_1,3
kmeans,2023-01-01,tid_10,4
kmeans,2023-01-01,tid_1001,1
kmeans,2023-01-01,tid_1002,5
kmeans,2023-01-01,tid_1003,5
kmeans,2023-01-01,tid_1004,1
kmeans,2023-01-01,tid_1005,1
kmeans,2023-01-01,tid_1006,5
kmeans,2023-01-01,tid_1007,3
kmeans,2023-01-01,tid_1008,1
kmeans,2023-01-01,tid_1009,1
kmeans,2023-01-01,tid_1010,1
kmeans,2023-01-01,tid_1011,7
kmeans,2023-01-01,tid_1012,7
kmeans,2023-01-01,tid_1013,7
kmeans,2023-01-01,tid_1014,7
kmeans,2023-01-01,tid_1015,1
kmeans,2023-01-01,tid_1016,7
kmeans,2023-01-01,tid_1017,7
kmeans,2023-01-01,tid_1018,7
kmeans,2023-01-01,tid_1019,7
kmeans,2023-01-01,tid_1020,1
kmeans,2023-01-01,tid_1021,1
kmeans,2023-01-01,tid_1023,7
kmeans,2023-01-01,tid_1024,7
kmeans,2023-01-01,tid_1025,7
kmeans,2023-01-01,tid_1026,7
kmeans,2023-01-01,tid_1027,7
kmeans,2023-01-01,tid_1028,7
kmeans,2023-01-01,tid_1029,7
kmeans,2023-01-01,tid_1030,7
kmeans,2023-01-01,tid_1031,7
kmeans,2023-01-01,tid_1032,7
kmeans,2023-01-01,tid_1033,7
kmeans,2023-01-01,tid_1034,7
kmeans,2023-01-01,tid_1035,7
kmeans,2023-01-01,tid_1036,7
kmeans,2023-01-01,tid_1037,1
kmeans,2023-01-01,tid_1038,7
kmeans,2023-01-01,tid_1039,1
kmeans,2023-01-01,tid_1040,7
kmeans,2023-01-01,tid_1041,7
kmeans,2023-01-01,tid_1044,7
kmeans,2023-01-01,tid_1047,5
kmeans,2023-01-01,tid_1048,0
kmeans,2023-01-01,tid_1049,5
kmeans,2023-01-01,tid_1051,5
kmeans,2023-01-01,tid_1052,5
kmeans,2023-01-01,tid_1053,5
kmeans,2023-01-01,tid_1054,1
kmeans,2023-01-01,tid_1055,5
kmeans,2023-01-01,tid_1056,5
kmeans,2023-01-01,tid_1057,5
kmeans,2023-01-01,tid_1058,1
kmeans,2023-01-01,tid_1059,0
kmeans,2023-01-01,tid_1060,0
kmeans,2023-01-01,tid_1061,0
kmeans,2023-01-01,tid_1062,5
kmeans,2023-01-01,tid_1063,5
kmeans,2023-01-01,tid_1064,0
kmeans,2023-01-01,tid_1065,0
kmeans,2023-01-01,tid_1066,5
kmeans,2023-01-01,tid_1067,7
kmeans,2023-01-01,tid_1068,5
kmeans,2023-01-01,tid_1069,5
kmeans,2023-01-01,tid_1070,1
kmeans,2023-01-01,tid_1071,2
kmeans,2023-01-01,tid_1072,5
kmeans,2023-01-01,tid_11,4
kmeans,2023-01-01,tid_1107,1
kmeans,2023-01-01,tid_1108,5
kmeans,2023-01-01,tid_1109,1
kmeans,2023-01-01,tid_1110,5
kmeans,2023-01-01,tid_1111,5
kmeans,2023-01-01,tid_1112,5
kmeans,2023-01-01,tid_1113,5
kmeans,2023-01-01,tid_1115,5
kmeans,2023-01-01,tid_1116,7
kmeans,2023-01-01,tid_1117,1
kmeans,2023-01-01,tid_1118,5
kmeans,2023-01-01,tid_1119,5
kmeans,2023-01-01,tid_1120,5
kmeans,2023-01-01,tid_1121,5
kmeans,2023-01-01,tid_1122,5
kmeans,2023-01-01,tid_1123,5
kmeans,2023-01-01,tid_1124,5
kmeans,2023-01-01,tid_1125,5
kmeans,2023-01-01,tid_1126,7
kmeans,2023-01-01,tid_1127,5
kmeans,2023-01-01,tid_1128,5
kmeans,2023-01-01,tid_1129,0
kmeans,2023-01-01,tid_1130,5
kmeans,2023-01-01,tid_1131,1
kmeans,2023-01-01,tid_1132,5
kmeans,2023-01-01,tid_1133,5
kmeans,2023-01-01,tid_1134,3
kmeans,2023-01-01,tid_1135,1
kmeans,2023-01-01,tid_1136,1
kmeans,2023-01-01,tid_1137,1
kmeans,2023-01-01,tid_1138,1
kmeans,2023-01-01,tid_1139,7
kmeans,2023-01-01,tid_1140,1
kmeans,2023-01-01,tid_1141,1
kmeans,2023-01-01,tid_1142,1
kmeans,2023-01-01,tid_1143,5
kmeans,2023-01-01,tid_1144,7
kmeans,2023-01-01,tid_1146,5
kmeans,2023-01-01,tid_1147,4
kmeans,2023-01-01,tid_1148,4
kmeans,2023-01-01,tid_1149,4
kmeans,2023-01-01,tid_1150,3
kmeans,2023-01-01,tid_1151,0
kmeans,2023-01-01,tid_1152,6
kmeans,2023-01-01,tid_1153,3
kmeans,2023-01-01,tid_1154,2
kmeans,2023-01-01,tid_1155,4
kmeans,2023-01-01,tid_1157,5
kmeans,2023-01-01,tid_1158,5
kmeans,2023-01-01,tid_1159,4
kmeans,2023-01-01,tid_1160,1
kmeans,2023-01-01,tid_1161,1
kmeans,2023-01-01,tid_1163,1
kmeans,2023-01-01,tid_1164,5
kmeans,2023-01-01,tid_1165,5
kmeans,2023-01-01,tid_1166,7
kmeans,2023-01-01,tid_1167,7
kmeans,2023-01-01,tid_1168,5
kmeans,2023-01-01,tid_1169,1
kmeans,2023-01-01,tid_1170,4
kmeans,2023-01-01,tid_1171,4
kmeans,2023-01-01,tid_1172,4
kmeans,2023-01-01,tid_1173,0
kmeans,2023-01-01,tid_1174,4
kmeans,2023-01-01,tid_1175,4
kmeans,2023-01-01,tid_1176,3
kmeans,2023-01-01,tid_1178,1
kmeans,2023-01-01,tid_1179,1
kmeans,2023-01-01,tid_1180,1
kmeans,2023-01-01,tid_1181,1
kmeans,2023-01-01,tid_1184,5
kmeans,2023-01-01,tid_1185,1
kmeans,2023-01-01,tid_1186,3
kmeans,2023-01-01,tid_1187,1
kmeans,2023-01-01,tid_1188,3
kmeans,2023-01-01,tid_1189,5
kmeans,2023-01-01,tid_1190,3
kmeans,2023-01-01,tid_1191,5
kmeans,2023-01-01,tid_1192,1
kmeans,2023-01-01,tid_1193,1
kmeans,2023-01-01,tid_1194,4
kmeans,2023-01-01,tid_1195,7
kmeans,2023-01-01,tid_1196,1
kmeans,2023-01-01,tid_1197,1
kmeans,2023-01-01,tid_1198,1
kmeans,2023-01-01,tid_12,4
kmeans,2023-01-01,tid_1200,5
kmeans,2023-01-01,tid_1201,7
kmeans,2023-01-01,tid_1203,5
kmeans,2023-01-01,tid_1204,7
kmeans,2023-01-01,tid_1205,7
kmeans,2023-01-01,tid_1206,7
kmeans,2023-01-01,tid_1207,7
kmeans,2023-01-01,tid_1208,0
kmeans,2023-01-01,tid_1209,7
kmeans,2023-01-01,tid_1210,7
kmeans,2023-01-01,tid_1211,1
kmeans,2023-01-01,tid_1212,1
kmeans,2023-01-01,tid_1213,7
kmeans,2023-01-01,tid_1214,5
kmeans,2023-01-01,tid_1215,5
kmeans,2023-01-01,tid_1217,7
kmeans,2023-01-01,tid_1218,7
kmeans,2023-01-01,tid_1219,7
kmeans,2023-01-01,tid_1220,7
kmeans,2023-01-01,tid_1221,7
kmeans,2023-01-01,tid_1222,7
kmeans,2023-01-01,tid_1223,7
kmeans,2023-01-01,tid_1224,4
kmeans,2023-01-01,tid_1225,1
kmeans,2023-01-01,tid_1226,1
kmeans,2023-01-01,tid_1227,5
kmeans,2023-01-01,tid_1228,1
kmeans,2023-01-01,tid_1229,1
kmeans,2023-01-01,tid_1230,1
kmeans,2023-01-01,tid_1231,1
kmeans,2023-01-01,tid_1232,5
kmeans,2023-01-01,tid_1233,1
kmeans,2023-01-01,tid_1234,1
kmeans,2023-01-01,tid_1235,1
kmeans,2023-01-01,tid_1236,1
kmeans,2023-01-01,tid_1237,5
kmeans,2023-01-01,tid_1238,1
kmeans,2023-01-01,tid_1240,1
kmeans,2023-01-01,tid_1241,0
kmeans,2023-01-01,tid_1242,0
kmeans,2023-01-01,tid_1243,4
kmeans,2023-01-01,tid_1244,0
kmeans,2023-01-01,tid_1246,0
kmeans,2023-01-01,tid_1249,0
kmeans,2023-01-01,tid_1250,1
kmeans,2023-01-01,tid_1251,0
kmeans,2023-01-01,tid_1252,0
kmeans,2023-01-01,tid_1253,7
kmeans,2023-01-01,tid_1254,1
kmeans,2023-01-01,tid_1256,0
kmeans,2023-01-01,tid_1257,7
kmeans,2023-01-01,tid_1258,3
kmeans,2023-01-01,tid_1259,1
kmeans,2023-01-01,tid_1260,1
kmeans,2023-01-01,tid_1261,0
kmeans,2023-01-01,tid_1262,1
kmeans,2023-01-01,tid_1264,4
kmeans,2023-01-01,tid_1265,0
kmeans,2023-01-01,tid_1266,0
kmeans,2023-01-01,tid_1267,0
kmeans,2023-01-01,tid_1268,0
kmeans,2023-01-01,tid_1269,0
kmeans,2023-01-01,tid_1270,5
kmeans,2023-01-01,tid_1271,0
kmeans,2023-01-01,tid_1272,0
kmeans,2023-01-01,tid_1273,0
kmeans,2023-01-01,tid_1274,0
kmeans,2023-01-01,tid_1275,4
kmeans,2023-01-01,tid_1276,2
kmeans,2023-01-01,tid_1277,0
kmeans,2023-01-01,tid_1278,0
kmeans,2023-01-01,tid_1279,0
kmeans,2023-01-01,tid_1280,0
kmeans,2023-01-01,tid_1281,5
kmeans,2023-01-01,tid_1282,2
kmeans,2023-01-01,tid_1284,0
kmeans,2023-01-01,tid_1285,5
kmeans,2023-01-01,tid_1286,7
kmeans,2023-01-01,tid_1287,0
kmeans,2023-01-01,tid_1288,0
kmeans,2023-01-01,tid_1289,0
kmeans,2023-01-01,tid_1290,0
kmeans,2023-01-01,tid_1291,0
kmeans,2023-01-01,tid_1292,0
kmeans,2023-01-01,tid_1293,1
kmeans,2023-01-01,tid_1294,0
kmeans,2023-01-01,tid_1295,0
kmeans,2023-01-01,tid_1296,0
kmeans,2023-01-01,tid_1297,2
kmeans,2023-01-01,tid_1298,0
kmeans,2023-01-01,tid_1299,0
kmeans,2023-01-01,tid_13,4
kmeans,2023-01-01,tid_1300,0
kmeans,2023-01-01,tid_1301,0
kmeans,2023-01-01,tid_1302,0
kmeans,2023-01-01,tid_1303,1
kmeans,2023-01-01,tid_1304,5
kmeans,2023-01-01,tid_1305,5
kmeans,2023-01-01,tid_1306,5
kmeans,2023-01-01,tid_1308,5
kmeans,2023-01-01,tid_1309,5
kmeans,2023-01-01,tid_1310,5
kmeans,2023-01-01,tid_1311,0
kmeans,2023-01-01,tid_1312,5
kmeans,2023-01-01,tid_1313,0
kmeans,2023-01-01,tid_1314,0
kmeans,2023-01-01,tid_1315,1
kmeans,2023-01-01,tid_1316,1
kmeans,2023-01-01,tid_1317,0
kmeans,2023-01-01,tid_1319,0
kmeans,2023-01-01,tid_1320,7
kmeans,2023-01-01,tid_1321,5
kmeans,2023-01-01,tid_1322,7
kmeans,2023-01-01,tid_1323,0
kmeans,2023-01-01,tid_1324,0
kmeans,2023-01-01,tid_1325,5
kmeans,2023-01-01,tid_1326,2
kmeans,2023-01-01,tid_1327,0
kmeans,2023-01-01,tid_1328,7
kmeans,2023-01-01,tid_1329,5
kmeans,2023-01-01,tid_1330,5
kmeans,2023-01-01,tid_1331,7
kmeans,2023-01-01,tid_1333,1
kmeans,2023-01-01,tid_1334,1
kmeans,2023-01-01,tid_1335,0
kmeans,2023-01-01,tid_1336,0
kmeans,2023-01-01,tid_1337,0
kmeans,2023-01-01,tid_1338,0
kmeans,2023-01-01,tid_1339,0
kmeans,2023-01-01,tid_1340,0
kmeans,2023-01-01,tid_1341,0
kmeans,2023-01-01,tid_1343,0
kmeans,2023-01-01,tid_1344,7
kmeans,2023-01-01,tid_1345,0
kmeans,2023-01-01,tid_1346,0
kmeans,2023-01-01,tid_1347,0
kmeans,2023-01-01,tid_1348,7
kmeans,2023-01-01,tid_1349,0
kmeans,2023-01-01,tid_1350,0
kmeans,2023-01-01,tid_1351,4
kmeans,2023-01-01,tid_1352,0
kmeans,2023-01-01,tid_1353,7
kmeans,2023-01-01,tid_1355,0
kmeans,2023-01-01,tid_1356,0
kmeans,2023-01-01,tid_1357,0
kmeans,2023-01-01,tid_1358,0
kmeans,2023-01-01,tid_1392,5
kmeans,2023-01-01,tid_1393,1
kmeans,2023-01-01,tid_1394,5
kmeans,2023-01-01,tid_1395,3
kmeans,2023-01-01,tid_1396,1
kmeans,2023-01-01,tid_1397,3
kmeans,2023-01-01,tid_1398,1
kmeans,2023-01-01,tid_1399,5
kmeans,2023-01-01,tid_14,1
kmeans,2023-01-01,tid_1400,1
kmeans,2023-01-01,tid_1401,5
kmeans,2023-01-01,tid_1402,3
kmeans,2023-01-01,tid_1403,1
kmeans,2023-01-01,tid_1404,5
kmeans,2023-01-01,tid_1405,1
kmeans,2023-01-01,tid_1406,5
kmeans,2023-01-01,tid_1407,5
kmeans,2023-01-01,tid_1408,1
kmeans,2023-01-01,tid_1409,1
kmeans,2023-01-01,tid_1410,1
kmeans,2023-01-01,tid_1411,1
kmeans,2023-01-01,tid_1412,7
kmeans,2023-01-01,tid_1413,1
kmeans,2023-01-01,tid_1414,5
kmeans,2023-01-01,tid_1415,7
kmeans,2023-01-01,tid_1416,7
kmeans,2023-01-01,tid_1417,7
kmeans,2023-01-01,tid_1419,7
kmeans,2023-01-01,tid_1420,7
kmeans,2023-01-01,tid_1421,7
kmeans,2023-01-01,tid_1422,1
kmeans,2023-01-01,tid_1423,7
kmeans,2023-01-01,tid_1425,7
kmeans,2023-01-01,tid_1426,7
kmeans,2023-01-01,tid_1427,1
kmeans,2023-01-01,tid_1428,7
kmeans,2023-01-01,tid_1429,7
kmeans,2023-01-01,tid_1430,1
kmeans,2023-01-01,tid_1431,5
kmeans,2023-01-01,tid_1438,6
kmeans,2023-01-01,tid_1439,3
kmeans,2023-01-01,tid_1440,1
kmeans,2023-01-01,tid_1443,3
kmeans,2023-01-01,tid_1444,3
kmeans,2023-01-01,tid_1445,3
kmeans,2023-01-01,tid_1446,1
kmeans,2023-01-01,tid_1447,1
kmeans,2023-01-01,tid_1448,3
kmeans,2023-01-01,tid_1449,1
kmeans,2023-01-01,tid_1453,3
kmeans,2023-01-01,tid_1454,1
kmeans,2023-01-01,tid_1456,3
kmeans,2023-01-01,tid_1457,3
kmeans,2023-01-01,tid_1459,3
kmeans,2023-01-01,tid_1461,3
kmeans,2023-01-01,tid_1463,1
kmeans,2023-01-01,tid_1464,1
kmeans,2023-01-01,tid_1465,3
kmeans,2023-01-01,tid_1467,3
kmeans,2023-01-01,tid_1468,3
kmeans,2023-01-01,tid_1472,3
kmeans,2023-01-01,tid_1473,1
kmeans,2023-01-01,tid_1474,1
kmeans,2023-01-01,tid_1475,3
kmeans,2023-01-01,tid_1477,1
kmeans,2023-01-01,tid_1478,1
kmeans,2023-01-01,tid_1480,1
kmeans,2023-01-01,tid_1481,1
kmeans,2023-01-01,tid_1483,7
kmeans,2023-01-01,tid_1484,1
kmeans,2023-01-01,tid_1486,7
kmeans,2023-01-01,tid_1488,1
kmeans,2023-01-01,tid_1489,1
kmeans,2023-01-01,tid_1490,1
kmeans,2023-01-01,tid_1491,1
kmeans,2023-01-01,tid_1492,1
kmeans,2023-01-01,tid_1493,3
kmeans,2023-01-01,tid_1494,7
kmeans,2023-01-01,tid_1495,1
kmeans,2023-01-01,tid_1496,1
kmeans,2023-01-01,tid_15,1
kmeans,2023-01-01,tid_1500,3
kmeans,2023-01-01,tid_1501,1
kmeans,2023-01-01,tid_1504,1
kmeans,2023-01-01,tid_1506,1
kmeans,2023-01-01,tid_1507,5
kmeans,2023-01-01,tid_1508,5
kmeans,2023-01-01,tid_1509,5
kmeans,2023-01-01,tid_1510,5
kmeans,2023-01-01,tid_1511,5
kmeans,2023-01-01,tid_1512,5
kmeans,2023-01-01,tid_1518,5
kmeans,2023-01-01,tid_1519,5
kmeans,2023-01-01,tid_1520,5
kmeans,2023-01-01,tid_1521,5
kmeans,2023-01-01,tid_1522,5
kmeans,2023-01-01,tid_1523,3
kmeans,2023-01-01,tid_1525,1
kmeans,2023-01-01,tid_1526,1
kmeans,2023-01-01,tid_1527,1
kmeans,2023-01-01,tid_1528,7
kmeans,2023-01-01,tid_1529,7
kmeans,2023-01-01,tid_1530,7
kmeans,2023-01-01,tid_1532,7
kmeans,2023-01-01,tid_1533,0
kmeans,2023-01-01,tid_1534,7
kmeans,2023-01-01,tid_1535,5
kmeans,2023-01-01,tid_1536,7
kmeans,2023-01-01,tid_1537,0
kmeans,2023-01-01,tid_1539,1
kmeans,2023-01-01,tid_1540,1
kmeans,2023-01-01,tid_1541,7
kmeans,2023-01-01,tid_1542,7
kmeans,2023-01-01,tid_1543,7
kmeans,2023-01-01,tid_1544,0
kmeans,2023-01-01,tid_1545,7
kmeans,2023-01-01,tid_1546,7
kmeans,2023-01-01,tid_1547,7
kmeans,2023-01-01,tid_1548,7
kmeans,2023-01-01,tid_1549,1
kmeans,2023-01-01,tid_1550,7
kmeans,2023-01-01,tid_1551,7
kmeans,2023-01-01,tid_1552,7
kmeans,2023-01-01,tid_1553,7
kmeans,2023-01-01,tid_1554,7
kmeans,2023-01-01,tid_1555,7
kmeans,2023-01-01,tid_1556,7
kmeans,2023-01-01,tid_1557,0
kmeans,2023-01-01,tid_1558,1
kmeans,2023-01-01,tid_1559,7
kmeans,2023-01-01,tid_1560,1
kmeans,2023-01-01,tid_1561,7
kmeans,2023-01-01,tid_1562,7
kmeans,2023-01-01,tid_1563,1
kmeans,2023-01-01,tid_1564,7
kmeans,2023-01-01,tid_1565,0
kmeans,2023-01-01,tid_1566,7
kmeans,2023-01-01,tid_1567,7
kmeans,2023-01-01,tid_1568,7
kmeans,2023-01-01,tid_1569,7
kmeans,2023-01-01,tid_1570,7
kmeans,2023-01-01,tid_1571,0
kmeans,2023-01-01,tid_1572,7
kmeans,2023-01-01,tid_1573,7
kmeans,2023-01-01,tid_1574,0
kmeans,2023-01-01,tid_1575,1
kmeans,2023-01-01,tid_1577,1
kmeans,2023-01-01,tid_1578,5
kmeans,2023-01-01,tid_1579,5
kmeans,2023-01-01,tid_1580,7
kmeans,2023-01-01,tid_1581,5
kmeans,2023-01-01,tid_1582,0
kmeans,2023-01-01,tid_1583,5
kmeans,2023-01-01,tid_1584,7
kmeans,2023-01-01,tid_1585,0
kmeans,2023-01-01,tid_1586,1
kmeans,2023-01-01,tid_1587,5
kmeans,2023-01-01,tid_1588,5
kmeans,2023-01-01,tid_1589,1
kmeans,2023-01-01,tid_1590,5
kmeans,2023-01-01,tid_1591,7
kmeans,2023-01-01,tid_1592,1
kmeans,2023-01-01,tid_1593,7
kmeans,2023-01-01,tid_1594,7
kmeans,2023-01-01,tid_1595,5
kmeans,2023-01-01,tid_1596,0
kmeans,2023-01-01,tid_1597,3
kmeans,2023-01-01,tid_1598,4
kmeans,2023-01-01,tid_1599,1
kmeans,2023-01-01,tid_16,4
kmeans,2023-01-01,tid_1600,1
kmeans,2023-01-01,tid_1601,3
kmeans,2023-01-01,tid_1602,0
kmeans,2023-01-01,tid_1603,0
kmeans,2023-01-01,tid_1604,1
kmeans,2023-01-01,tid_1605,0
kmeans,2023-01-01,tid_1606,0
kmeans,2023-01-01,tid_1607,7
kmeans,2023-01-01,tid_1608,0
kmeans,2023-01-01,tid_1609,1
kmeans,2023-01-01,tid_1610,7
kmeans,2023-01-01,tid_1611,0
kmeans,2023-01-01,tid_1612,1
kmeans,2023-01-01,tid_1613,5
kmeans,2023-01-01,tid_1614,7
kmeans,2023-01-01,tid_1615,1
kmeans,2023-01-01,tid_1616,7
kmeans,2023-01-01,tid_1617,7
kmeans,2023-01-01,tid_1618,7
kmeans,2023-01-01,tid_1619,0
kmeans,2023-01-01,tid_1620,3
kmeans,2023-01-01,tid_1621,0
kmeans,2023-01-01,tid_1622,7
kmeans,2023-01-01,tid_1623,1
kmeans,2023-01-01,tid_1624,0
kmeans,2023-01-01,tid_1625,0
kmeans,2023-01-01,tid_1626,7
kmeans,2023-01-01,tid_1627,7
kmeans,2023-01-01,tid_1628,7
kmeans,2023-01-01,tid_1629,0
kmeans,2023-01-01,tid_1630,0
kmeans,2023-01-01,tid_1631,7
kmeans,2023-01-01,tid_1632,3
kmeans,2023-01-01,tid_1633,4
kmeans,2023-01-01,tid_1634,5
kmeans,2023-01-01,tid_1635,0
kmeans,2023-01-01,tid_1636,0
kmeans,2023-01-01,tid_1637,0
kmeans,2023-01-01,tid_1638,1
kmeans,2023-01-01,tid_1639,0
kmeans,2023-01-01,tid_1640,0
kmeans,2023-01-01,tid_1641,1
kmeans,2023-01-01,tid_1642,7
kmeans,2023-01-01,tid_1643,1
kmeans,2023-01-01,tid_1644,0
kmeans,2023-01-01,tid_1645,0
kmeans,2023-01-01,tid_1646,0
kmeans,2023-01-01,tid_1647,7
kmeans,2023-01-01,tid_1648,0
kmeans,2023-01-01,tid_1649,0
kmeans,2023-01-01,tid_1650,7
kmeans,2023-01-01,tid_1651,0
kmeans,2023-01-01,tid_1652,4
kmeans,2023-01-01,tid_1653,0
kmeans,2023-01-01,tid_1654,4
kmeans,2023-01-01,tid_1655,5
kmeans,2023-01-01,tid_1656,0
kmeans,2023-01-01,tid_1657,0
kmeans,2023-01-01,tid_1658,1
kmeans,2023-01-01,tid_1659,1
kmeans,2023-01-01,tid_1660,0
kmeans,2023-01-01,tid_1661,0
kmeans,2023-01-01,tid_1662,4
kmeans,2023-01-01,tid_1663,7
kmeans,2023-01-01,tid_1664,0
kmeans,2023-01-01,tid_1665,3
kmeans,2023-01-01,tid_1666,7
kmeans,2023-01-01,tid_1667,1
kmeans,2023-01-01,tid_1668,1
kmeans,2023-01-01,tid_1669,5
kmeans,2023-01-01,tid_167,3
kmeans,2023-01-01,tid_1670,1
kmeans,2023-01-01,tid_1671,5
kmeans,2023-01-01,tid_1672,5
kmeans,2023-01-01,tid_1673,1
kmeans,2023-01-01,tid_1674,1
kmeans,2023-01-01,tid_1675,1
kmeans,2023-01-01,tid_1676,5
kmeans,2023-01-01,tid_1678,7
kmeans,2023-01-01,tid_1679,5
kmeans,2023-01-01,tid_168,3
kmeans,2023-01-01,tid_1680,7
kmeans,2023-01-01,tid_1681,0
kmeans,2023-01-01,tid_1682,1
kmeans,2023-01-01,tid_1683,1
kmeans,2023-01-01,tid_1685,7
kmeans,2023-01-01,tid_1686,5
kmeans,2023-01-01,tid_1687,0
kmeans,2023-01-01,tid_1688,5
kmeans,2023-01-01,tid_1689,7
kmeans,2023-01-01,tid_169,3
kmeans,2023-01-01,tid_1690,7
kmeans,2023-01-01,tid_1691,4
kmeans,2023-01-01,tid_1692,7
kmeans,2023-01-01,tid_1693,0
kmeans,2023-01-01,tid_1694,0
kmeans,2023-01-01,tid_1696,7
kmeans,2023-01-01,tid_1697,1
kmeans,2023-01-01,tid_1698,7
kmeans,2023-01-01,tid_1699,0
kmeans,2023-01-01,tid_17,4
kmeans,2023-01-01,tid_1700,1
kmeans,2023-01-01,tid_1701,5
kmeans,2023-01-01,tid_1702,7
kmeans,2023-01-01,tid_1703,1
kmeans,2023-01-01,tid_1704,1
kmeans,2023-01-01,tid_1705,1
kmeans,2023-01-01,tid_1706,1
kmeans,2023-01-01,tid_1707,1
kmeans,2023-01-01,tid_1708,1
kmeans,2023-01-01,tid_1709,5
kmeans,2023-01-01,tid_1710,1
kmeans,2023-01-01,tid_1711,7
kmeans,2023-01-01,tid_1712,7
kmeans,2023-01-01,tid_1714,7
kmeans,2023-01-01,tid_1715,7
kmeans,2023-01-01,tid_1717,5
kmeans,2023-01-01,tid_1718,7
kmeans,2023-01-01,tid_1719,1
kmeans,2023-01-01,tid_1722,7
kmeans,2023-01-01,tid_1724,7
kmeans,2023-01-01,tid_1725,7
kmeans,2023-01-01,tid_1726,1
kmeans,2023-01-01,tid_1727,7
kmeans,2023-01-01,tid_1728,7
kmeans,2023-01-01,tid_173,7
kmeans,2023-01-01,tid_1730,0
kmeans,2023-01-01,tid_1731,1
kmeans,2023-01-01,tid_1732,7
kmeans,2023-01-01,tid_1733,7
kmeans,2023-01-01,tid_1737,7
kmeans,2023-01-01,tid_1738,7
kmeans,2023-01-01,tid_1739,7
kmeans,2023-01-01,tid_1740,1
kmeans,2023-01-01,tid_1741,0
kmeans,2023-01-01,tid_1742,1
kmeans,2023-01-01,tid_1743,7
kmeans,2023-01-01,tid_1744,7
kmeans,2023-01-01,tid_1745,7
kmeans,2023-01-01,tid_1746,7
kmeans,2023-01-01,tid_1747,7
kmeans,2023-01-01,tid_1749,7
kmeans,2023-01-01,tid_1750,7
kmeans,2023-01-01,tid_1751,0
kmeans,2023-01-01,tid_1752,1
kmeans,2023-01-01,tid_1753,7
kmeans,2023-01-01,tid_1754,4
kmeans,2023-01-01,tid_1755,7
kmeans,2023-01-01,tid_1756,7
kmeans,2023-01-01,tid_1757,7
kmeans,2023-01-01,tid_1758,1
kmeans,2023-01-01,tid_1759,7
kmeans,2023-01-01,tid_1760,1
kmeans,2023-01-01,tid_1761,7
kmeans,2023-01-01,tid_1762,7
kmeans,2023-01-01,tid_1764,1
kmeans,2023-01-01,tid_1765,1
kmeans,2023-01-01,tid_1766,5
kmeans,2023-01-01,tid_1768,5
kmeans,2023-01-01,tid_1769,5
kmeans,2023-01-01,tid_1770,5
kmeans,2023-01-01,tid_1771,5
kmeans,2023-01-01,tid_1773,7
kmeans,2023-01-01,tid_1774,7
kmeans,2023-01-01,tid_1775,7
kmeans,2023-01-01,tid_1776,5
kmeans,2023-01-01,tid_1777,7
kmeans,2023-01-01,tid_1778,1
kmeans,2023-01-01,tid_1780,5
kmeans,2023-01-01,tid_1781,5
kmeans,2023-01-01,tid_1782,5
kmeans,2023-01-01,tid_1783,1
kmeans,2023-01-01,tid_1784,7
kmeans,2023-01-01,tid_1785,5
kmeans,2023-01-01,tid_1786,5
kmeans,2023-01-01,tid_1787,7
kmeans,2023-01-01,tid_1788,7
kmeans,2023-01-01,tid_18,4
kmeans,2023-01-01,tid_181,7
kmeans,2023-01-01,tid_184,7
kmeans,2023-01-01,tid_1845,3
kmeans,2023-01-01,tid_1846,7
kmeans,2023-01-01,tid_1848,7
kmeans,2023-01-01,tid_1849,7
kmeans,2023-01-01,tid_185,3
kmeans,2023-01-01,tid_1850,7
kmeans,2023-01-01,tid_1851,5
kmeans,2023-01-01,tid_1852,7
kmeans,2023-01-01,tid_1853,7
kmeans,2023-01-01,tid_1854,7
kmeans,2023-01-01,tid_1855,7
kmeans,2023-01-01,tid_1856,7
kmeans,2023-01-01,tid_1857,5
kmeans,2023-01-01,tid_1858,5
kmeans,2023-01-01,tid_1859,7
kmeans,2023-01-01,tid_1860,7
kmeans,2023-01-01,tid_1861,5
kmeans,2023-01-01,tid_1862,7
kmeans,2023-01-01,tid_1863,1
kmeans,2023-01-01,tid_1864,7
kmeans,2023-01-01,tid_1865,7
kmeans,2023-01-01,tid_1868,7
kmeans,2023-01-01,tid_1869,7
kmeans,2023-01-01,tid_1870,7
kmeans,2023-01-01,tid_1871,7
kmeans,2023-01-01,tid_1872,7
kmeans,2023-01-01,tid_1873,7
kmeans,2023-01-01,tid_1874,3
kmeans,2023-01-01,tid_1875,1
kmeans,2023-01-01,tid_1876,1
kmeans,2023-01-01,tid_1877,1
kmeans,2023-01-01,tid_1878,5
kmeans,2023-01-01,tid_1879,1
kmeans,2023-01-01,tid_188,7
kmeans,2023-01-01,tid_1880,7
kmeans,2023-01-01,tid_1881,1
kmeans,2023-01-01,tid_1883,1
kmeans,2023-01-01,tid_1884,7
kmeans,2023-01-01,tid_1885,1
kmeans,2023-01-01,tid_1886,7
kmeans,2023-01-01,tid_1887,7
kmeans,2023-01-01,tid_1888,7
kmeans,2023-01-01,tid_1889,7
kmeans,2023-01-01,tid_1890,1
kmeans,2023-01-01,tid_1891,7
kmeans,2023-01-01,tid_1892,7
kmeans,2023-01-01,tid_1893,1
kmeans,2023-01-01,tid_1894,7
kmeans,2023-01-01,tid_1895,7
kmeans,2023-01-01,tid_1896,7
kmeans,2023-01-01,tid_1897,0
kmeans,2023-01-01,tid_1898,7
kmeans,2023-01-01,tid_1899,1
kmeans,2023-01-01,tid_19,0
kmeans,2023-01-01,tid_1900,7
kmeans,2023-01-01,tid_1901,7
kmeans,2023-01-01,tid_1902,7
kmeans,2023-01-01,tid_1903,7
kmeans,2023-01-01,tid_1904,1
kmeans,2023-01-01,tid_1905,1
kmeans,2023-01-01,tid_1906,1
kmeans,2023-01-01,tid_1907,7
kmeans,2023-01-01,tid_1908,0
kmeans,2023-01-01,tid_1909,7
kmeans,2023-01-01,tid_191,3
kmeans,2023-01-01,tid_1910,7
kmeans,2023-01-01,tid_1912,5
kmeans,2023-01-01,tid_1915,7
kmeans,2023-01-01,tid_1916,7
kmeans,2023-01-01,tid_1917,7
kmeans,2023-01-01,tid_1918,0
kmeans,2023-01-01,tid_1919,1
kmeans,2023-01-01,tid_1920,1
kmeans,2023-01-01,tid_1921,7
kmeans,2023-01-01,tid_1922,1
kmeans,2023-01-01,tid_1923,5
kmeans,2023-01-01,tid_1924,7
kmeans,2023-01-01,tid_1925,0
kmeans,2023-01-01,tid_1926,7
kmeans,2023-01-01,tid_1927,7
kmeans,2023-01-01,tid_1928,7
kmeans,2023-01-01,tid_1929,7
kmeans,2023-01-01,tid_1930,7
kmeans,2023-01-01,tid_1931,7
kmeans,2023-01-01,tid_1932,7
kmeans,2023-01-01,tid_1933,7
kmeans,2023-01-01,tid_1934,1
kmeans,2023-01-01,tid_1935,7
kmeans,2023-01-01,tid_1936,1
kmeans,2023-01-01,tid_1937,5
kmeans,2023-01-01,tid_1938,0
kmeans,2023-01-01,tid_1939,1
kmeans,2023-01-01,tid_194,3
kmeans,2023-01-01,tid_1940,7
kmeans,2023-01-01,tid_1941,7
kmeans,2023-01-01,tid_1942,7
kmeans,2023-01-01,tid_1943,7
kmeans,2023-01-01,tid_1944,7
kmeans,2023-01-01,tid_1945,7
kmeans,2023-01-01,tid_1947,7
kmeans,2023-01-01,tid_1948,1
kmeans,2023-01-01,tid_1949,7
kmeans,2023-01-01,tid_195,3
kmeans,2023-01-01,tid_1950,7
kmeans,2023-01-01,tid_1951,7
kmeans,2023-01-01,tid_1952,3
kmeans,2023-01-01,tid_1954,2
kmeans,2023-01-01,tid_1955,2
kmeans,2023-01-01,tid_1956,2
kmeans,2023-01-01,tid_1957,2
kmeans,2023-01-01,tid_1958,2
kmeans,2023-01-01,tid_1959,2
kmeans,2023-01-01,tid_196,3
kmeans,2023-01-01,tid_1960,2
kmeans,2023-01-01,tid_1961,2
kmeans,2023-01-01,tid_1962,2
kmeans,2023-01-01,tid_1963,2
kmeans,2023-01-01,tid_1965,2
kmeans,2023-01-01,tid_1966,2
kmeans,2023-01-01,tid_1967,2
kmeans,2023-01-01,tid_1968,2
kmeans,2023-01-01,tid_1969,2
kmeans,2023-01-01,tid_1970,6
kmeans,2023-01-01,tid_1971,3
kmeans,2023-01-01,tid_1972,0
kmeans,2023-01-01,tid_1973,1
kmeans,2023-01-01,tid_1974,1
kmeans,2023-01-01,tid_1975,5
kmeans,2023-01-01,tid_1976,5
kmeans,2023-01-01,tid_1977,3
kmeans,2023-01-01,tid_1978,1
kmeans,2023-01-01,tid_1979,3
kmeans,2023-01-01,tid_198,3
kmeans,2023-01-01,tid_1980,1
kmeans,2023-01-01,tid_1981,1
kmeans,2023-01-01,tid_1982,1
kmeans,2023-01-01,tid_1983,1
kmeans,2023-01-01,tid_1984,5
kmeans,2023-01-01,tid_1985,1
kmeans,2023-01-01,tid_1986,1
kmeans,2023-01-01,tid_1987,1
kmeans,2023-01-01,tid_1988,5
kmeans,2023-01-01,tid_1989,5
kmeans,2023-01-01,tid_1990,1
kmeans,2023-01-01,tid_1991,1
kmeans,2023-01-01,tid_1992,5
kmeans,2023-01-01,tid_1993,1
kmeans,2023-01-01,tid_1994,5
kmeans,2023-01-01,tid_1995,1
kmeans,2023-01-01,tid_1996,1
kmeans,2023-01-01,tid_1997,5
kmeans,2023-01-01,tid_1999,1
kmeans,2023-01-01,tid_2,3
kmeans,2023-01-01,tid_20,4
kmeans,2023-01-01,tid_2000,1
kmeans,2023-01-01,tid_2001,1
kmeans,2023-01-01,tid_2002,1
kmeans,2023-01-01,tid_2004,1
kmeans,2023-01-01,tid_2005,1
kmeans,2023-01-01,tid_2006,1
kmeans,2023-01-01,tid_2007,1
kmeans,2023-01-01,tid_2008,1
kmeans,2023-01-01,tid_2009,5
kmeans,2023-01-01,tid_201,3
kmeans,2023-01-01,tid_2010,1
kmeans,2023-01-01,tid_2011,1
kmeans,2023-01-01,tid_2012,1
kmeans,2023-01-01,tid_2015,0
kmeans,2023-01-01,tid_2017,0
kmeans,2023-01-01,tid_2018,0
kmeans,2023-01-01,tid_2019,1
kmeans,2023-01-01,tid_2021,1
kmeans,2023-01-01,tid_2022,0
kmeans,2023-01-01,tid_2023,1
kmeans,2023-01-01,tid_2024,1
kmeans,2023-01-01,tid_2025,0
kmeans,2023-01-01,tid_2027,1
kmeans,2023-01-01,tid_2028,7
kmeans,2023-01-01,tid_203,7
kmeans,2023-01-01,tid_2030,1
kmeans,2023-01-01,tid_2031,5
kmeans,2023-01-01,tid_2032,1
kmeans,2023-01-01,tid_2033,1
kmeans,2023-01-01,tid_2034,1
kmeans,2023-01-01,tid_2035,0
kmeans,2023-01-01,tid_2036,0
kmeans,2023-01-01,tid_2037,0
kmeans,2023-01-01,tid_2039,0
kmeans,2023-01-01,tid_204,7
kmeans,2023-01-01,tid_2040,1
kmeans,2023-01-01,tid_2041,1
kmeans,2023-01-01,tid_2042,0
kmeans,2023-01-01,tid_2043,0
kmeans,2023-01-01,tid_2044,1
kmeans,2023-01-01,tid_2045,5
kmeans,2023-01-01,tid_2046,7
kmeans,2023-01-01,tid_2047,1
kmeans,2023-01-01,tid_2048,1
kmeans,2023-01-01,tid_2049,5
kmeans,2023-01-01,tid_205,3
kmeans,2023-01-01,tid_2050,0
kmeans,2023-01-01,tid_2051,5
kmeans,2023-01-01,tid_2052,5
kmeans,2023-01-01,tid_2053,7
kmeans,2023-01-01,tid_2054,0
kmeans,2023-01-01,tid_2055,5
kmeans,2023-01-01,tid_2056,7
kmeans,2023-01-01,tid_2057,0
kmeans,2023-01-01,tid_2058,7
kmeans,2023-01-01,tid_2059,5
kmeans,2023-01-01,tid_206,1
kmeans,2023-01-01,tid_2060,1
kmeans,2023-01-01,tid_2061,1
kmeans,2023-01-01,tid_2062,5
kmeans,2023-01-01,tid_2063,1
kmeans,2023-01-01,tid_2064,5
kmeans,2023-01-01,tid_2065,7
kmeans,2023-01-01,tid_2066,7
kmeans,2023-01-01,tid_2067,7
kmeans,2023-01-01,tid_2068,7
kmeans,2023-01-01,tid_2069,7
kmeans,2023-01-01,tid_207,5
kmeans,2023-01-01,tid_2070,5
kmeans,2023-01-01,tid_2072,7
kmeans,2023-01-01,tid_2073,7
kmeans,2023-01-01,tid_2074,1
kmeans,2023-01-01,tid_2075,7
kmeans,2023-01-01,tid_2076,7
kmeans,2023-01-01,tid_2077,7
kmeans,2023-01-01,tid_2078,0
kmeans,2023-01-01,tid_2079,7
kmeans,2023-01-01,tid_208,5
kmeans,2023-01-01,tid_2080,7
kmeans,2023-01-01,tid_2081,7
kmeans,2023-01-01,tid_2082,7
kmeans,2023-01-01,tid_2085,7
kmeans,2023-01-01,tid_2087,7
kmeans,2023-01-01,tid_2088,7
kmeans,2023-01-01,tid_2089,7
kmeans,2023-01-01,tid_209,7
kmeans,2023-01-01,tid_2090,7
kmeans,2023-01-01,tid_2091,7
kmeans,2023-01-01,tid_2093,7
kmeans,2023-01-01,tid_2094,7
kmeans,2023-01-01,tid_2095,7
kmeans,2023-01-01,tid_2096,7
kmeans,2023-01-01,tid_2098,7
kmeans,2023-01-01,tid_21,3
kmeans,2023-01-01,tid_210,5
kmeans,2023-01-01,tid_2100,7
kmeans,2023-01-01,tid_2101,1
kmeans,2023-01-01,tid_2105,5
kmeans,2023-01-01,tid_2108,1
kmeans,2023-01-01,tid_2109,5
kmeans,2023-01-01,tid_211,5
kmeans,2023-01-01,tid_2110,7
kmeans,2023-01-01,tid_2111,5
kmeans,2023-01-01,tid_2112,5
kmeans,2023-01-01,tid_2113,7
kmeans,2023-01-01,tid_2114,5
kmeans,2023-01-01,tid_2116,7
kmeans,2023-01-01,tid_2117,7
kmeans,2023-01-01,tid_2118,5
kmeans,2023-01-01,tid_2119,1
kmeans,2023-01-01,tid_212,5
kmeans,2023-01-01,tid_2120,5
kmeans,2023-01-01,tid_2121,7
kmeans,2023-01-01,tid_2122,7
kmeans,2023-01-01,tid_2124,1
kmeans,2023-01-01,tid_2125,7
kmeans,2023-01-01,tid_2126,7
kmeans,2023-01-01,tid_2127,0
kmeans,2023-01-01,tid_2128,5
kmeans,2023-01-01,tid_2129,7
kmeans,2023-01-01,tid_213,5
kmeans,2023-01-01,tid_2130,7
kmeans,2023-01-01,tid_2131,5
kmeans,2023-01-01,tid_2132,7
kmeans,2023-01-01,tid_2133,7
kmeans,2023-01-01,tid_2134,5
kmeans,2023-01-01,tid_2136,5
kmeans,2023-01-01,tid_2137,7
kmeans,2023-01-01,tid_2138,5
kmeans,2023-01-01,tid_2139,7
kmeans,2023-01-01,tid_214,5
kmeans,2023-01-01,tid_2140,7
kmeans,2023-01-01,tid_2142,7
kmeans,2023-01-01,tid_2143,7
kmeans,2023-01-01,tid_2144,3
kmeans,2023-01-01,tid_2145,5
kmeans,2023-01-01,tid_2146,1
kmeans,2023-01-01,tid_2148,2
kmeans,2023-01-01,tid_2149,0
kmeans,2023-01-01,tid_215,5
kmeans,2023-01-01,tid_2150,7
kmeans,2023-01-01,tid_2151,5
kmeans,2023-01-01,tid_2152,0
kmeans,2023-01-01,tid_2153,7
kmeans,2023-01-01,tid_2154,0
kmeans,2023-01-01,tid_2155,0
kmeans,2023-01-01,tid_2156,0
kmeans,2023-01-01,tid_2157,0
kmeans,2023-01-01,tid_2158,7
kmeans,2023-01-01,tid_2159,0
kmeans,2023-01-01,tid_216,5
kmeans,2023-01-01,tid_2160,5
kmeans,2023-01-01,tid_2161,3
kmeans,2023-01-01,tid_2162,7
kmeans,2023-01-01,tid_2163,0
kmeans,2023-01-01,tid_2164,1
kmeans,2023-01-01,tid_2165,5
kmeans,2023-01-01,tid_2167,1
kmeans,2023-01-01,tid_2168,7
kmeans,2023-01-01,tid_2169,1
kmeans,2023-01-01,tid_217,5
kmeans,2023-01-01,tid_2171,7
kmeans,2023-01-01,tid_2172,7
kmeans,2023-01-01,tid_2173,7
kmeans,2023-01-01,tid_2174,7
kmeans,2023-01-01,tid_2175,7
kmeans,2023-01-01,tid_2176,5
kmeans,2023-01-01,tid_2177,5
kmeans,2023-01-01,tid_2178,5
kmeans,2023-01-01,tid_2179,7
kmeans,2023-01-01,tid_218,1
kmeans,2023-01-01,tid_2180,5
kmeans,2023-01-01,tid_2181,7
kmeans,2023-01-01,tid_2182,7
kmeans,2023-01-01,tid_2183,5
kmeans,2023-01-01,tid_2184,7
kmeans,2023-01-01,tid_2185,7
kmeans,2023-01-01,tid_2186,1
kmeans,2023-01-01,tid_2187,5
kmeans,2023-01-01,tid_2188,1
kmeans,2023-01-01,tid_2189,5
kmeans,2023-01-01,tid_219,5
kmeans,2023-01-01,tid_2190,3
kmeans,2023-01-01,tid_2191,1
kmeans,2023-01-01,tid_2192,1
kmeans,2023-01-01,tid_2193,1
kmeans,2023-01-01,tid_2194,1
kmeans,2023-01-01,tid_2195,7
kmeans,2023-01-01,tid_2196,7
kmeans,2023-01-01,tid_2197,0
kmeans,2023-01-01,tid_2198,5
kmeans,2023-01-01,tid_2199,1
kmeans,2023-01-01,tid_22,1
kmeans,2023-01-01,tid_220,5
kmeans,2023-01-01,tid_2200,0
kmeans,2023-01-01,tid_2201,0
kmeans,2023-01-01,tid_2202,1
kmeans,2023-01-01,tid_2203,1
kmeans,2023-01-01,tid_2204,7
kmeans,2023-01-01,tid_2205,0
kmeans,2023-01-01,tid_2206,7
kmeans,2023-01-01,tid_2207,0
kmeans,2023-01-01,tid_2208,0
kmeans,2023-01-01,tid_221,5
kmeans,2023-01-01,tid_2210,1
kmeans,2023-01-01,tid_2211,5
kmeans,2023-01-01,tid_2212,0
kmeans,2023-01-01,tid_2213,7
kmeans,2023-01-01,tid_2215,1
kmeans,2023-01-01,tid_2216,3
kmeans,2023-01-01,tid_2217,1
kmeans,2023-01-01,tid_2218,5
kmeans,2023-01-01,tid_2219,5
kmeans,2023-01-01,tid_222,5
kmeans,2023-01-01,tid_2220,1
kmeans,2023-01-01,tid_2221,1
kmeans,2023-01-01,tid_2222,5
kmeans,2023-01-01,tid_2223,5
kmeans,2023-01-01,tid_2224,5
kmeans,2023-01-01,tid_2225,5
kmeans,2023-01-01,tid_2226,3
kmeans,2023-01-01,tid_2227,1
kmeans,2023-01-01,tid_2228,1
kmeans,2023-01-01,tid_2229,5
kmeans,2023-01-01,tid_223,5
kmeans,2023-01-01,tid_2230,5
kmeans,2023-01-01,tid_2231,1
kmeans,2023-01-01,tid_2232,5
kmeans,2023-01-01,tid_2233,5
kmeans,2023-01-01,tid_2234,5
kmeans,2023-01-01,tid_2235,1
kmeans,2023-01-01,tid_2236,5
kmeans,2023-01-01,tid_2237,1
kmeans,2023-01-01,tid_2238,1
kmeans,2023-01-01,tid_224,1
kmeans,2023-01-01,tid_2241,5
kmeans,2023-01-01,tid_2242,3
kmeans,2023-01-01,tid_2243,1
kmeans,2023-01-01,tid_2244,5
kmeans,2023-01-01,tid_2245,5
kmeans,2023-01-01,tid_2248,5
kmeans,2023-01-01,tid_2249,2
kmeans,2023-01-01,tid_225,5
kmeans,2023-01-01,tid_2250,5
kmeans,2023-01-01,tid_2251,1
kmeans,2023-01-01,tid_2252,1
kmeans,2023-01-01,tid_2253,7
kmeans,2023-01-01,tid_2254,7
kmeans,2023-01-01,tid_2255,7
kmeans,2023-01-01,tid_2256,7
kmeans,2023-01-01,tid_2257,7
kmeans,2023-01-01,tid_2258,7
kmeans,2023-01-01,tid_2259,7
kmeans,2023-01-01,tid_226,5
kmeans,2023-01-01,tid_2260,0
kmeans,2023-01-01,tid_2262,7
kmeans,2023-01-01,tid_2264,5
kmeans,2023-01-01,tid_2265,7
kmeans,2023-01-01,tid_2266,7
kmeans,2023-01-01,tid_2267,7
kmeans,2023-01-01,tid_2268,0
kmeans,2023-01-01,tid_2269,7
kmeans,2023-01-01,tid_227,5
kmeans,2023-01-01,tid_2270,7
kmeans,2023-01-01,tid_2271,7
kmeans,2023-01-01,tid_2272,0
kmeans,2023-01-01,tid_2274,0
kmeans,2023-01-01,tid_2275,3
kmeans,2023-01-01,tid_2276,0
kmeans,2023-01-01,tid_2278,5
kmeans,2023-01-01,tid_2279,1
kmeans,2023-01-01,tid_228,5
kmeans,2023-01-01,tid_2280,1
kmeans,2023-01-01,tid_2281,1
kmeans,2023-01-01,tid_2282,1
kmeans,2023-01-01,tid_2286,1
kmeans,2023-01-01,tid_2287,7
kmeans,2023-01-01,tid_2288,1
kmeans,2023-01-01,tid_2289,1
kmeans,2023-01-01,tid_229,1
kmeans,2023-01-01,tid_2292,0
kmeans,2023-01-01,tid_2293,5
kmeans,2023-01-01,tid_2294,7
kmeans,2023-01-01,tid_2295,1
kmeans,2023-01-01,tid_2296,1
kmeans,2023-01-01,tid_2297,5
kmeans,2023-01-01,tid_2298,0
kmeans,2023-01-01,tid_2299,0
kmeans,2023-01-01,tid_23,1
kmeans,2023-01-01,tid_230,5
kmeans,2023-01-01,tid_2300,0
kmeans,2023-01-01,tid_2301,0
kmeans,2023-01-01,tid_2302,0
kmeans,2023-01-01,tid_2303,0
kmeans,2023-01-01,tid_2304,0
kmeans,2023-01-01,tid_2305,0
kmeans,2023-01-01,tid_2307,0
kmeans,2023-01-01,tid_2308,0
kmeans,2023-01-01,tid_2309,7
kmeans,2023-01-01,tid_231,5
kmeans,2023-01-01,tid_2310,1
kmeans,2023-01-01,tid_2311,5
kmeans,2023-01-01,tid_2312,1
kmeans,2023-01-01,tid_2314,0
kmeans,2023-01-01,tid_2315,7
kmeans,2023-01-01,tid_2316,5
kmeans,2023-01-01,tid_2317,0
kmeans,2023-01-01,tid_2318,1
kmeans,2023-01-01,tid_232,0
kmeans,2023-01-01,tid_2320,1
kmeans,2023-01-01,tid_2321,5
kmeans,2023-01-01,tid_2322,7
kmeans,2023-01-01,tid_2323,7
kmeans,2023-01-01,tid_2324,5
kmeans,2023-01-01,tid_2325,5
kmeans,2023-01-01,tid_2326,5
kmeans,2023-01-01,tid_2327,5
kmeans,2023-01-01,tid_2328,5
kmeans,2023-01-01,tid_2329,5
kmeans,2023-01-01,tid_233,5
kmeans,2023-01-01,tid_2330,5
kmeans,2023-01-01,tid_2332,0
kmeans,2023-01-01,tid_2333,5
kmeans,2023-01-01,tid_2334,5
kmeans,2023-01-01,tid_2335,5
kmeans,2023-01-01,tid_2336,5
kmeans,2023-01-01,tid_2337,1
kmeans,2023-01-01,tid_2338,4
kmeans,2023-01-01,tid_2339,2
kmeans,2023-01-01,tid_234,5
kmeans,2023-01-01,tid_2340,5
kmeans,2023-01-01,tid_2341,2
kmeans,2023-01-01,tid_2342,2
kmeans,2023-01-01,tid_2343,2
kmeans,2023-01-01,tid_2344,3
kmeans,2023-01-01,tid_2345,6
kmeans,2023-01-01,tid_2348,6
kmeans,2023-01-01,tid_2349,6
kmeans,2023-01-01,tid_235,0
kmeans,2023-01-01,tid_2351,3
kmeans,2023-01-01,tid_2352,3
kmeans,2023-01-01,tid_2353,3
kmeans,2023-01-01,tid_2354,3
kmeans,2023-01-01,tid_2355,3
kmeans,2023-01-01,tid_2356,3
kmeans,2023-01-01,tid_2357,3
kmeans,2023-01-01,tid_2358,3
kmeans,2023-01-01,tid_2359,3
kmeans,2023-01-01,tid_236,5
kmeans,2023-01-01,tid_2360,3
kmeans,2023-01-01,tid_2361,3
kmeans,2023-01-01,tid_2362,3
kmeans,2023-01-01,tid_2363,3
kmeans,2023-01-01,tid_2364,3
kmeans,2023-01-01,tid_2365,3
kmeans,2023-01-01,tid_2366,3
kmeans,2023-01-01,tid_2367,3
kmeans,2023-01-01,tid_2368,3
kmeans,2023-01-01,tid_2369,3
kmeans,2023-01-01,tid_237,5
kmeans,2023-01-01,tid_2370,3
kmeans,2023-01-01,tid_2371,3
kmeans,2023-01-01,tid_2372,3
kmeans,2023-01-01,tid_2373,3
kmeans,2023-01-01,tid_2374,3
kmeans,2023-01-01,tid_2375,3
kmeans,2023-01-01,tid_2376,3
kmeans,2023-01-01,tid_2377,3
kmeans,2023-01-01,tid_2378,3
kmeans,2023-01-01,tid_2379,3
kmeans,2023-01-01,tid_238,0
kmeans,2023-01-01,tid_2380,3
kmeans,2023-01-01,tid_2381,3
kmeans,2023-01-01,tid_2382,3
kmeans,2023-01-01,tid_2383,3
kmeans,2023-01-01,tid_2384,3
kmeans,2023-01-01,tid_2385,3
kmeans,2023-01-01,tid_2386,3
kmeans,2023-01-01,tid_2387,3
kmeans,2023-01-01,tid_2388,3
kmeans,2023-01-01,tid_2389,3
kmeans,2023-01-01,tid_239,5
kmeans,2023-01-01,tid_2390,3
kmeans,2023-01-01,tid_2391,3
kmeans,2023-01-01,tid_2392,3
kmeans,2023-01-01,tid_2393,1
kmeans,2023-01-01,tid_2395,1
kmeans,2023-01-01,tid_2398,3
kmeans,2023-01-01,tid_2399,3
kmeans,2023-01-01,tid_240,5
kmeans,2023-01-01,tid_2400,3
kmeans,2023-01-01,tid_2401,3
kmeans,2023-01-01,tid_2402,3
kmeans,2023-01-01,tid_2403,3
kmeans,2023-01-01,tid_2404,3
kmeans,2023-01-01,tid_2405,3
kmeans,2023-01-01,tid_2406,3
kmeans,2023-01-01,tid_2407,3
kmeans,2023-01-01,tid_2408,3
kmeans,2023-01-01,tid_2409,3
kmeans,2023-01-01,tid_241,5
kmeans,2023-01-01,tid_2410,3
kmeans,2023-01-01,tid_2411,3
kmeans,2023-01-01,tid_2412,3
kmeans,2023-01-01,tid_2416,3
kmeans,2023-01-01,tid_242,0
kmeans,2023-01-01,tid_2422,3
kmeans,2023-01-01,tid_2423,3
kmeans,2023-01-01,tid_2424,3
kmeans,2023-01-01,tid_2425,3
kmeans,2023-01-01,tid_2426,3
kmeans,2023-01-01,tid_2427,3
kmeans,2023-01-01,tid_2428,3
kmeans,2023-01-01,tid_2429,3
kmeans,2023-01-01,tid_243,0
kmeans,2023-01-01,tid_2430,3
kmeans,2023-01-01,tid_2431,3
kmeans,2023-01-01,tid_2432,3
kmeans,2023-01-01,tid_2433,3
kmeans,2023-01-01,tid_2434,3
kmeans,2023-01-01,tid_2435,3
kmeans,2023-01-01,tid_2436,3
kmeans,2023-01-01,tid_2437,3
kmeans,2023-01-01,tid_2439,3
kmeans,2023-01-01,tid_2440,3
kmeans,2023-01-01,tid_2441,3
kmeans,2023-01-01,tid_2442,3
kmeans,2023-01-01,tid_2443,3
kmeans,2023-01-01,tid_2444,3
kmeans,2023-01-01,tid_2445,3
kmeans,2023-01-01,tid_2446,3
kmeans,2023-01-01,tid_2447,3
kmeans,2023-01-01,tid_2449,3
kmeans,2023-01-01,tid_2450,3
kmeans,2023-01-01,tid_2451,3
kmeans,2023-01-01,tid_2452,3
kmeans,2023-01-01,tid_2453,3
kmeans,2023-01-01,tid_2454,3
kmeans,2023-01-01,tid_2455,3
kmeans,2023-01-01,tid_2456,3
kmeans,2023-01-01,tid_2457,3
kmeans,2023-01-01,tid_2458,3
kmeans,2023-01-01,tid_2459,3
kmeans,2023-01-01,tid_2460,3
kmeans,2023-01-01,tid_2461,3
kmeans,2023-01-01,tid_2462,3
kmeans,2023-01-01,tid_2463,3
kmeans,2023-01-01,tid_2464,3
kmeans,2023-01-01,tid_2465,1
kmeans,2023-01-01,tid_2466,3
kmeans,2023-01-01,tid_2467,3
kmeans,2023-01-01,tid_2468,3
kmeans,2023-01-01,tid_2469,3
kmeans,2023-01-01,tid_2470,3
kmeans,2023-01-01,tid_2471,3
kmeans,2023-01-01,tid_2472,3
kmeans,2023-01-01,tid_2473,3
kmeans,2023-01-01,tid_2474,3
kmeans,2023-01-01,tid_2475,3
kmeans,2023-01-01,tid_2476,3
kmeans,2023-01-01,tid_2477,3
kmeans,2023-01-01,tid_2478,3
kmeans,2023-01-01,tid_2479,3
kmeans,2023-01-01,tid_2480,3
kmeans,2023-01-01,tid_2481,3
kmeans,2023-01-01,tid_2482,3
kmeans,2023-01-01,tid_2483,3
kmeans,2023-01-01,tid_2484,3
kmeans,2023-01-01,tid_2485,3
kmeans,2023-01-01,tid_2486,3
kmeans,2023-01-01,tid_2487,3
kmeans,2023-01-01,tid_2488,3
kmeans,2023-01-01,tid_2489,3
kmeans,2023-01-01,tid_2490,3
kmeans,2023-01-01,tid_2491,3
kmeans,2023-01-01,tid_2492,3
kmeans,2023-01-01,tid_2493,3
kmeans,2023-01-01,tid_2494,3
kmeans,2023-01-01,tid_2495,3
kmeans,2023-01-01,tid_2496,3
kmeans,2023-01-01,tid_2497,3
kmeans,2023-01-01,tid_2498,3
kmeans,2023-01-01,tid_2499,3
kmeans,2023-01-01,tid_25,3
kmeans,2023-01-01,tid_2500,3
kmeans,2023-01-01,tid_2501,3
kmeans,2023-01-01,tid_2502,3
kmeans,2023-01-01,tid_2503,3
kmeans,2023-01-01,tid_2504,3
kmeans,2023-01-01,tid_2505,3
kmeans,2023-01-01,tid_2506,3
kmeans,2023-01-01,tid_2507,3
kmeans,2023-01-01,tid_2508,3
kmeans,2023-01-01,tid_2509,3
kmeans,2023-01-01,tid_2510,3
kmeans,2023-01-01,tid_2511,3
kmeans,2023-01-01,tid_2512,3
kmeans,2023-01-01,tid_2513,3
kmeans,2023-01-01,tid_2514,3
kmeans,2023-01-01,tid_2515,3
kmeans,2023-01-01,tid_2516,3
kmeans,2023-01-01,tid_2517,3
kmeans,2023-01-01,tid_2518,3
kmeans,2023-01-01,tid_2519,3
kmeans,2023-01-01,tid_2520,3
kmeans,2023-01-01,tid_2521,3
kmeans,2023-01-01,tid_2522,3
kmeans,2023-01-01,tid_2523,3
kmeans,2023-01-01,tid_2524,3
kmeans,2023-01-01,tid_2525,3
kmeans,2023-01-01,tid_2526,3
kmeans,2023-01-01,tid_2527,3
kmeans,2023-01-01,tid_2528,3
kmeans,2023-01-01,tid_2529,3
kmeans,2023-01-01,tid_2530,3
kmeans,2023-01-01,tid_2531,3
kmeans,2023-01-01,tid_2532,3
kmeans,2023-01-01,tid_2533,3
kmeans,2023-01-01,tid_2534,3
kmeans,2023-01-01,tid_2535,3
kmeans,2023-01-01,tid_2536,3
kmeans,2023-01-01,tid_2537,3
kmeans,2023-01-01,tid_2538,3
kmeans,2023-01-01,tid_2539,3
kmeans,2023-01-01,tid_2540,3
kmeans,2023-01-01,tid_2541,3
kmeans,2023-01-01,tid_2542,3
kmeans,2023-01-01,tid_2543,3
kmeans,2023-01-01,tid_2544,3
kmeans,2023-01-01,tid_2545,3
kmeans,2023-01-01,tid_2546,3
kmeans,2023-01-01,tid_2547,1
kmeans,2023-01-01,tid_2548,3
kmeans,2023-01-01,tid_2549,3
kmeans,2023-01-01,tid_2550,3
kmeans,2023-01-01,tid_2551,3
kmeans,2023-01-01,tid_2552,3
kmeans,2023-01-01,tid_2553,3
kmeans,2023-01-01,tid_2554,3
kmeans,2023-01-01,tid_2555,3
kmeans,2023-01-01,tid_2556,3
kmeans,2023-01-01,tid_2557,3
kmeans,2023-01-01,tid_2558,3
kmeans,2023-01-01,tid_2559,3
kmeans,2023-01-01,tid_2560,3
kmeans,2023-01-01,tid_2561,3
kmeans,2023-01-01,tid_2562,3
kmeans,2023-01-01,tid_2563,3
kmeans,2023-01-01,tid_2564,3
kmeans,2023-01-01,tid_2565,3
kmeans,2023-01-01,tid_2566,3
kmeans,2023-01-01,tid_2567,3
kmeans,2023-01-01,tid_2568,3
kmeans,2023-01-01,tid_2569,3
kmeans,2023-01-01,tid_2570,3
kmeans,2023-01-01,tid_2571,1
kmeans,2023-01-01,tid_2572,3
kmeans,2023-01-01,tid_2573,3
kmeans,2023-01-01,tid_2574,3
kmeans,2023-01-01,tid_2575,3
kmeans,2023-01-01,tid_2576,3
kmeans,2023-01-01,tid_2577,3
kmeans,2023-01-01,tid_2578,3
kmeans,2023-01-01,tid_2579,3
kmeans,2023-01-01,tid_2580,3
kmeans,2023-01-01,tid_2581,3
kmeans,2023-01-01,tid_2582,3
kmeans,2023-01-01,tid_2583,3
kmeans,2023-01-01,tid_2584,3
kmeans,2023-01-01,tid_2585,3
kmeans,2023-01-01,tid_2586,3
kmeans,2023-01-01,tid_2587,3
kmeans,2023-01-01,tid_2588,1
kmeans,2023-01-01,tid_2589,3
kmeans,2023-01-01,tid_2590,3
kmeans,2023-01-01,tid_2591,1
kmeans,2023-01-01,tid_2592,3
kmeans,2023-01-01,tid_2593,1
kmeans,2023-01-01,tid_2595,1
kmeans,2023-01-01,tid_2596,1
kmeans,2023-01-01,tid_2597,1
kmeans,2023-01-01,tid_2598,1
kmeans,2023-01-01,tid_2599,3
kmeans,2023-01-01,tid_26,4
kmeans,2023-01-01,tid_2600,3
kmeans,2023-01-01,tid_2601,1
kmeans,2023-01-01,tid_2602,3
kmeans,2023-01-01,tid_2604,3
kmeans,2023-01-01,tid_2605,3
kmeans,2023-01-01,tid_2606,3
kmeans,2023-01-01,tid_2607,1
kmeans,2023-01-01,tid_2618,5
kmeans,2023-01-01,tid_2619,1
kmeans,2023-01-01,tid_2620,1
kmeans,2023-01-01,tid_2621,1
kmeans,2023-01-01,tid_2644,3
kmeans,2023-01-01,tid_2646,3
kmeans,2023-01-01,tid_2647,1
kmeans,2023-01-01,tid_2648,1
kmeans,2023-01-01,tid_2649,1
kmeans,2023-01-01,tid_2651,3
kmeans,2023-01-01,tid_2652,1
kmeans,2023-01-01,tid_269,3
kmeans,2023-01-01,tid_27,3
kmeans,2023-01-01,tid_270,1
kmeans,2023-01-01,tid_271,5
kmeans,2023-01-01,tid_2710,1
kmeans,2023-01-01,tid_272,1
kmeans,2023-01-01,tid_273,4
kmeans,2023-01-01,tid_274,1
kmeans,2023-01-01,tid_275,5
kmeans,2023-01-01,tid_276,0
kmeans,2023-01-01,tid_277,0
kmeans,2023-01-01,tid_278,1
kmeans,2023-01-01,tid_279,0
kmeans,2023-01-01,tid_28,4
kmeans,2023-01-01,tid_280,5
kmeans,2023-01-01,tid_2808,1
kmeans,2023-01-01,tid_2809,4
kmeans,2023-01-01,tid_281,0
kmeans,2023-01-01,tid_2813,5
kmeans,2023-01-01,tid_2814,3
kmeans,2023-01-01,tid_282,0
kmeans,2023-01-01,tid_283,4
kmeans,2023-01-01,tid_284,5
kmeans,2023-01-01,tid_285,0
kmeans,2023-01-01,tid_287,7
kmeans,2023-01-01,tid_2872,5
kmeans,2023-01-01,tid_2876,3
kmeans,2023-01-01,tid_2879,1
kmeans,2023-01-01,tid_288,7
kmeans,2023-01-01,tid_2880,1
kmeans,2023-01-01,tid_2881,3
kmeans,2023-01-01,tid_2882,1
kmeans,2023-01-01,tid_2883,5
kmeans,2023-01-01,tid_2884,1
kmeans,2023-01-01,tid_2885,4
kmeans,2023-01-01,tid_2886,5
kmeans,2023-01-01,tid_2887,3
kmeans,2023-01-01,tid_289,7
kmeans,2023-01-01,tid_29,3
kmeans,2023-01-01,tid_290,0
kmeans,2023-01-01,tid_292,7
kmeans,2023-01-01,tid_293,7
kmeans,2023-01-01,tid_294,7
kmeans,2023-01-01,tid_295,7
kmeans,2023-01-01,tid_296,7
kmeans,2023-01-01,tid_297,7
kmeans,2023-01-01,tid_298,7
kmeans,2023-01-01,tid_3,7
kmeans,2023-01-01,tid_30,4
kmeans,2023-01-01,tid_300,7
kmeans,2023-01-01,tid_3005,1
kmeans,2023-01-01,tid_3007,7
kmeans,2023-01-01,tid_3009,1
kmeans,2023-01-01,tid_301,1
kmeans,2023-01-01,tid_3011,1
kmeans,2023-01-01,tid_3012,0
kmeans,2023-01-01,tid_3013,1
kmeans,2023-01-01,tid_302,7
kmeans,2023-01-01,tid_303,1
kmeans,2023-01-01,tid_304,0
kmeans,2023-01-01,tid_305,7
kmeans,2023-01-01,tid_306,7
kmeans,2023-01-01,tid_307,7
kmeans,2023-01-01,tid_308,7
kmeans,2023-01-01,tid_309,2
kmeans,2023-01-01,tid_31,4
kmeans,2023-01-01,tid_312,2
kmeans,2023-01-01,tid_314,2
kmeans,2023-01-01,tid_316,6
kmeans,2023-01-01,tid_317,2
kmeans,2023-01-01,tid_318,6
kmeans,2023-01-01,tid_319,2
kmeans,2023-01-01,tid_32,4
kmeans,2023-01-01,tid_320,2
kmeans,2023-01-01,tid_321,2
kmeans,2023-01-01,tid_323,2
kmeans,2023-01-01,tid_324,2
kmeans,2023-01-01,tid_325,5
kmeans,2023-01-01,tid_326,2
kmeans,2023-01-01,tid_327,5
kmeans,2023-01-01,tid_329,2
kmeans,2023-01-01,tid_33,4
kmeans,2023-01-01,tid_330,5
kmeans,2023-01-01,tid_331,6
kmeans,2023-01-01,tid_332,6
kmeans,2023-01-01,tid_333,5
kmeans,2023-01-01,tid_334,2
kmeans,2023-01-01,tid_335,6
kmeans,2023-01-01,tid_336,2
kmeans,2023-01-01,tid_337,2
kmeans,2023-01-01,tid_338,2
kmeans,2023-01-01,tid_339,2
kmeans,2023-01-01,tid_34,4
kmeans,2023-01-01,tid_340,2
kmeans,2023-01-01,tid_341,6
kmeans,2023-01-01,tid_342,2
kmeans,2023-01-01,tid_343,2
kmeans,2023-01-01,tid_345,3
kmeans,2023-01-01,tid_346,3
kmeans,2023-01-01,tid_347,3
kmeans,2023-01-01,tid_348,3
kmeans,2023-01-01,tid_349,3
kmeans,2023-01-01,tid_35,4
kmeans,2023-01-01,tid_351,3
kmeans,2023-01-01,tid_352,3
kmeans,2023-01-01,tid_354,3
kmeans,2023-01-01,tid_355,3
kmeans,2023-01-01,tid_356,4
kmeans,2023-01-01,tid_357,1
kmeans,2023-01-01,tid_358,0
kmeans,2023-01-01,tid_359,4
kmeans,2023-01-01,tid_36,4
kmeans,2023-01-01,tid_360,1
kmeans,2023-01-01,tid_361,4
kmeans,2023-01-01,tid_362,4
kmeans,2023-01-01,tid_363,4
kmeans,2023-01-01,tid_364,4
kmeans,2023-01-01,tid_365,4
kmeans,2023-01-01,tid_366,1
kmeans,2023-01-01,tid_367,4
kmeans,2023-01-01,tid_368,1
kmeans,2023-01-01,tid_369,4
kmeans,2023-01-01,tid_37,4
kmeans,2023-01-01,tid_370,1
kmeans,2023-01-01,tid_371,1
kmeans,2023-01-01,tid_372,4
kmeans,2023-01-01,tid_373,3
kmeans,2023-01-01,tid_374,1
kmeans,2023-01-01,tid_375,1
kmeans,2023-01-01,tid_376,4
kmeans,2023-01-01,tid_377,7
kmeans,2023-01-01,tid_378,4
kmeans,2023-01-01,tid_379,3
kmeans,2023-01-01,tid_38,1
kmeans,2023-01-01,tid_380,4
kmeans,2023-01-01,tid_381,4
kmeans,2023-01-01,tid_382,1
kmeans,2023-01-01,tid_383,4
kmeans,2023-01-01,tid_384,4
kmeans,2023-01-01,tid_385,3
kmeans,2023-01-01,tid_386,4
kmeans,2023-01-01,tid_387,4
kmeans,2023-01-01,tid_388,4
kmeans,2023-01-01,tid_39,4
kmeans,2023-01-01,tid_390,4
kmeans,2023-01-01,tid_391,4
kmeans,2023-01-01,tid_392,7
kmeans,2023-01-01,tid_393,7
kmeans,2023-01-01,tid_395,4
kmeans,2023-01-01,tid_396,4
kmeans,2023-01-01,tid_397,1
kmeans,2023-01-01,tid_398,1
kmeans,2023-01-01,tid_4,7
kmeans,2023-01-01,tid_40,4
kmeans,2023-01-01,tid_401,5
kmeans,2023-01-01,tid_402,4
kmeans,2023-01-01,tid_403,1
kmeans,2023-01-01,tid_404,1
kmeans,2023-01-01,tid_405,4
kmeans,2023-01-01,tid_408,4
kmeans,2023-01-01,tid_41,4
kmeans,2023-01-01,tid_410,1
kmeans,2023-01-01,tid_413,1
kmeans,2023-01-01,tid_414,3
kmeans,2023-01-01,tid_416,5
kmeans,2023-01-01,tid_418,3
kmeans,2023-01-01,tid_419,1
kmeans,2023-01-01,tid_42,4
kmeans,2023-01-01,tid_420,1
kmeans,2023-01-01,tid_421,4
kmeans,2023-01-01,tid_422,1
kmeans,2023-01-01,tid_423,4
kmeans,2023-01-01,tid_424,0
kmeans,2023-01-01,tid_425,4
kmeans,2023-01-01,tid_428,0
kmeans,2023-01-01,tid_429,0
kmeans,2023-01-01,tid_43,4
kmeans,2023-01-01,tid_430,4
kmeans,2023-01-01,tid_431,4
kmeans,2023-01-01,tid_432,0
kmeans,2023-01-01,tid_433,0
kmeans,2023-01-01,tid_434,0
kmeans,2023-01-01,tid_435,4
kmeans,2023-01-01,tid_436,4
kmeans,2023-01-01,tid_437,0
kmeans,2023-01-01,tid_438,4
kmeans,2023-01-01,tid_44,1
kmeans,2023-01-01,tid_440,4
kmeans,2023-01-01,tid_441,0
kmeans,2023-01-01,tid_442,4
kmeans,2023-01-01,tid_443,4
kmeans,2023-01-01,tid_444,4
kmeans,2023-01-01,tid_445,0
kmeans,2023-01-01,tid_446,4
kmeans,2023-01-01,tid_447,0
kmeans,2023-01-01,tid_448,1
kmeans,2023-01-01,tid_449,7
kmeans,2023-01-01,tid_45,4
kmeans,2023-01-01,tid_450,1
kmeans,2023-01-01,tid_451,5
kmeans,2023-01-01,tid_452,1
kmeans,2023-01-01,tid_453,1
kmeans,2023-01-01,tid_455,1
kmeans,2023-01-01,tid_456,7
kmeans,2023-01-01,tid_457,0
kmeans,2023-01-01,tid_458,1
kmeans,2023-01-01,tid_459,1
kmeans,2023-01-01,tid_46,4
kmeans,2023-01-01,tid_460,4
kmeans,2023-01-01,tid_47,4
kmeans,2023-01-01,tid_478,3
kmeans,2023-01-01,tid_479,7
kmeans,2023-01-01,tid_48,4
kmeans,2023-01-01,tid_480,1
kmeans,2023-01-01,tid_481,1
kmeans,2023-01-01,tid_482,5
kmeans,2023-01-01,tid_484,4
kmeans,2023-01-01,tid_485,4
kmeans,2023-01-01,tid_486,1
kmeans,2023-01-01,tid_487,4
kmeans,2023-01-01,tid_489,5
kmeans,2023-01-01,tid_49,1
kmeans,2023-01-01,tid_490,4
kmeans,2023-01-01,tid_491,4
kmeans,2023-01-01,tid_492,1
kmeans,2023-01-01,tid_493,0
kmeans,2023-01-01,tid_494,4
kmeans,2023-01-01,tid_495,7
kmeans,2023-01-01,tid_496,0
kmeans,2023-01-01,tid_497,1
kmeans,2023-01-01,tid_498,4
kmeans,2023-01-01,tid_499,4
kmeans,2023-01-01,tid_5,7
kmeans,2023-01-01,tid_50,3
kmeans,2023-01-01,tid_501,4
kmeans,2023-01-01,tid_502,4
kmeans,2023-01-01,tid_503,1
kmeans,2023-01-01,tid_504,3
kmeans,2023-01-01,tid_505,1
kmeans,2023-01-01,tid_506,1
kmeans,2023-01-01,tid_507,4
kmeans,2023-01-01,tid_508,0
kmeans,2023-01-01,tid_509,1
kmeans,2023-01-01,tid_51,4
kmeans,2023-01-01,tid_510,1
kmeans,2023-01-01,tid_511,1
kmeans,2023-01-01,tid_512,0
kmeans,2023-01-01,tid_515,1
kmeans,2023-01-01,tid_516,7
kmeans,2023-01-01,tid_517,4
kmeans,2023-01-01,tid_518,0
kmeans,2023-01-01,tid_519,0
kmeans,2023-01-01,tid_52,4
kmeans,2023-01-01,tid_520,7
kmeans,2023-01-01,tid_521,7
kmeans,2023-01-01,tid_522,7
kmeans,2023-01-01,tid_523,0
kmeans,2023-01-01,tid_524,0
kmeans,2023-01-01,tid_525,0
kmeans,2023-01-01,tid_527,0
kmeans,2023-01-01,tid_528,4
kmeans,2023-01-01,tid_529,0
kmeans,2023-01-01,tid_53,4
kmeans,2023-01-01,tid_530,0
kmeans,2023-01-01,tid_531,0
kmeans,2023-01-01,tid_532,0
kmeans,2023-01-01,tid_533,0
kmeans,2023-01-01,tid_534,7
kmeans,2023-01-01,tid_535,0
kmeans,2023-01-01,tid_536,0
kmeans,2023-01-01,tid_537,4
kmeans,2023-01-01,tid_538,0
kmeans,2023-01-01,tid_539,0
kmeans,2023-01-01,tid_54,4
kmeans,2023-01-01,tid_540,7
kmeans,2023-01-01,tid_541,0
kmeans,2023-01-01,tid_542,0
kmeans,2023-01-01,tid_543,0
kmeans,2023-01-01,tid_544,0
kmeans,2023-01-01,tid_545,0
kmeans,2023-01-01,tid_546,7
kmeans,2023-01-01,tid_547,0
kmeans,2023-01-01,tid_548,0
kmeans,2023-01-01,tid_549,0
kmeans,2023-01-01,tid_55,4
kmeans,2023-01-01,tid_550,0
kmeans,2023-01-01,tid_552,0
kmeans,2023-01-01,tid_553,0
kmeans,2023-01-01,tid_554,0
kmeans,2023-01-01,tid_555,7
kmeans,2023-01-01,tid_556,0
kmeans,2023-01-01,tid_557,0
kmeans,2023-01-01,tid_558,0
kmeans,2023-01-01,tid_559,1
kmeans,2023-01-01,tid_56,4
kmeans,2023-01-01,tid_560,0
kmeans,2023-01-01,tid_561,0
kmeans,2023-01-01,tid_562,7
kmeans,2023-01-01,tid_563,0
kmeans,2023-01-01,tid_564,0
kmeans,2023-01-01,tid_565,7
kmeans,2023-01-01,tid_566,0
kmeans,2023-01-01,tid_567,2
kmeans,2023-01-01,tid_568,0
kmeans,2023-01-01,tid_569,7
kmeans,2023-01-01,tid_57,1
kmeans,2023-01-01,tid_570,7
kmeans,2023-01-01,tid_571,0
kmeans,2023-01-01,tid_572,5
kmeans,2023-01-01,tid_574,7
kmeans,2023-01-01,tid_578,1
kmeans,2023-01-01,tid_579,4
kmeans,2023-01-01,tid_58,4
kmeans,2023-01-01,tid_580,4
kmeans,2023-01-01,tid_581,1
kmeans,2023-01-01,tid_582,1
kmeans,2023-01-01,tid_583,2
kmeans,2023-01-01,tid_584,4
kmeans,2023-01-01,tid_585,5
kmeans,2023-01-01,tid_586,4
kmeans,2023-01-01,tid_587,3
kmeans,2023-01-01,tid_588,0
kmeans,2023-01-01,tid_589,4
kmeans,2023-01-01,tid_59,4
kmeans,2023-01-01,tid_591,0
kmeans,2023-01-01,tid_592,4
kmeans,2023-01-01,tid_593,4
kmeans,2023-01-01,tid_594,0
kmeans,2023-01-01,tid_595,0
kmeans,2023-01-01,tid_598,4
kmeans,2023-01-01,tid_599,0
kmeans,2023-01-01,tid_6,1
kmeans,2023-01-01,tid_60,4
kmeans,2023-01-01,tid_600,4
kmeans,2023-01-01,tid_601,4
kmeans,2023-01-01,tid_602,4
kmeans,2023-01-01,tid_603,0
kmeans,2023-01-01,tid_604,4
kmeans,2023-01-01,tid_605,4
kmeans,2023-01-01,tid_606,4
kmeans,2023-01-01,tid_607,4
kmeans,2023-01-01,tid_608,2
kmeans,2023-01-01,tid_61,4
kmeans,2023-01-01,tid_612,2
kmeans,2023-01-01,tid_613,5
kmeans,2023-01-01,tid_614,2
kmeans,2023-01-01,tid_615,2
kmeans,2023-01-01,tid_616,2
kmeans,2023-01-01,tid_618,6
kmeans,2023-01-01,tid_619,6
kmeans,2023-01-01,tid_62,4
kmeans,2023-01-01,tid_621,6
kmeans,2023-01-01,tid_63,4
kmeans,2023-01-01,tid_65,4
kmeans,2023-01-01,tid_66,4
kmeans,2023-01-01,tid_666,3
kmeans,2023-01-01,tid_667,1
kmeans,2023-01-01,tid_668,7
kmeans,2023-01-01,tid_669,1
kmeans,2023-01-01,tid_67,4
kmeans,2023-01-01,tid_670,1
kmeans,2023-01-01,tid_671,1
kmeans,2023-01-01,tid_674,1
kmeans,2023-01-01,tid_675,5
kmeans,2023-01-01,tid_676,1
kmeans,2023-01-01,tid_677,1
kmeans,2023-01-01,tid_678,5
kmeans,2023-01-01,tid_679,1
kmeans,2023-01-01,tid_68,4
kmeans,2023-01-01,tid_680,1
kmeans,2023-01-01,tid_683,7
kmeans,2023-01-01,tid_685,0
kmeans,2023-01-01,tid_686,4
kmeans,2023-01-01,tid_687,7
kmeans,2023-01-01,tid_689,1
kmeans,2023-01-01,tid_69,4
kmeans,2023-01-01,tid_690,0
kmeans,2023-01-01,tid_691,7
kmeans,2023-01-01,tid_692,7
kmeans,2023-01-01,tid_693,4
kmeans,2023-01-01,tid_694,5
kmeans,2023-01-01,tid_695,7
kmeans,2023-01-01,tid_696,0
kmeans,2023-01-01,tid_697,5
kmeans,2023-01-01,tid_698,7
kmeans,2023-01-01,tid_699,0
kmeans,2023-01-01,tid_7,3
kmeans,2023-01-01,tid_70,1
kmeans,2023-01-01,tid_701,7
kmeans,2023-01-01,tid_702,5
kmeans,2023-01-01,tid_703,0
kmeans,2023-01-01,tid_704,0
kmeans,2023-01-01,tid_705,7
kmeans,2023-01-01,tid_706,7
kmeans,2023-01-01,tid_708,2
kmeans,2023-01-01,tid_71,4
kmeans,2023-01-01,tid_710,7
kmeans,2023-01-01,tid_711,7
kmeans,2023-01-01,tid_712,7
kmeans,2023-01-01,tid_713,0
kmeans,2023-01-01,tid_714,1
kmeans,2023-01-01,tid_715,7
kmeans,2023-01-01,tid_716,3
kmeans,2023-01-01,tid_717,0
kmeans,2023-01-01,tid_718,6
kmeans,2023-01-01,tid_719,7
kmeans,2023-01-01,tid_72,4
kmeans,2023-01-01,tid_720,6
kmeans,2023-01-01,tid_721,7
kmeans,2023-01-01,tid_722,1
kmeans,2023-01-01,tid_723,7
kmeans,2023-01-01,tid_725,0
kmeans,2023-01-01,tid_726,6
kmeans,2023-01-01,tid_727,3
kmeans,2023-01-01,tid_73,3
kmeans,2023-01-01,tid_731,1
kmeans,2023-01-01,tid_734,5
kmeans,2023-01-01,tid_735,4
kmeans,2023-01-01,tid_736,0
kmeans,2023-01-01,tid_737,4
kmeans,2023-01-01,tid_738,0
kmeans,2023-01-01,tid_739,5
kmeans,2023-01-01,tid_74,4
kmeans,2023-01-01,tid_741,1
kmeans,2023-01-01,tid_742,1
kmeans,2023-01-01,tid_743,0
kmeans,2023-01-01,tid_744,4
kmeans,2023-01-01,tid_745,5
kmeans,2023-01-01,tid_746,0
kmeans,2023-01-01,tid_747,0
kmeans,2023-01-01,tid_748,1
kmeans,2023-01-01,tid_749,0
kmeans,2023-01-01,tid_75,4
kmeans,2023-01-01,tid_751,0
kmeans,2023-01-01,tid_752,0
kmeans,2023-01-01,tid_753,0
kmeans,2023-01-01,tid_754,1
kmeans,2023-01-01,tid_755,0
kmeans,2023-01-01,tid_756,0
kmeans,2023-01-01,tid_757,4
kmeans,2023-01-01,tid_758,0
kmeans,2023-01-01,tid_76,3
kmeans,2023-01-01,tid_760,0
kmeans,2023-01-01,tid_761,0
kmeans,2023-01-01,tid_763,1
kmeans,2023-01-01,tid_764,0
kmeans,2023-01-01,tid_765,0
kmeans,2023-01-01,tid_766,1
kmeans,2023-01-01,tid_767,1
kmeans,2023-01-01,tid_769,7
kmeans,2023-01-01,tid_77,4
kmeans,2023-01-01,tid_770,0
kmeans,2023-01-01,tid_771,4
kmeans,2023-01-01,tid_773,0
kmeans,2023-01-01,tid_774,0
kmeans,2023-01-01,tid_775,3
kmeans,2023-01-01,tid_776,4
kmeans,2023-01-01,tid_777,4
kmeans,2023-01-01,tid_778,1
kmeans,2023-01-01,tid_779,0
kmeans,2023-01-01,tid_78,4
kmeans,2023-01-01,tid_780,1
kmeans,2023-01-01,tid_781,1
kmeans,2023-01-01,tid_782,4
kmeans,2023-01-01,tid_783,0
kmeans,2023-01-01,tid_784,4
kmeans,2023-01-01,tid_785,4
kmeans,2023-01-01,tid_787,4
kmeans,2023-01-01,tid_788,4
kmeans,2023-01-01,tid_789,4
kmeans,2023-01-01,tid_79,4
kmeans,2023-01-01,tid_790,4
kmeans,2023-01-01,tid_791,2
kmeans,2023-01-01,tid_792,0
kmeans,2023-01-01,tid_793,4
kmeans,2023-01-01,tid_794,4
kmeans,2023-01-01,tid_795,4
kmeans,2023-01-01,tid_796,0
kmeans,2023-01-01,tid_797,4
kmeans,2023-01-01,tid_798,4
kmeans,2023-01-01,tid_799,0
kmeans,2023-01-01,tid_8,1
kmeans,2023-01-01,tid_80,4
kmeans,2023-01-01,tid_800,4
kmeans,2023-01-01,tid_801,0
kmeans,2023-01-01,tid_802,0
kmeans,2023-01-01,tid_803,4
kmeans,2023-01-01,tid_804,0
kmeans,2023-01-01,tid_805,4
kmeans,2023-01-01,tid_806,4
kmeans,2023-01-01,tid_807,2
kmeans,2023-01-01,tid_808,0
kmeans,2023-01-01,tid_809,3
kmeans,2023-01-01,tid_81,4
kmeans,2023-01-01,tid_810,7
kmeans,2023-01-01,tid_811,3
kmeans,2023-01-01,tid_812,3
kmeans,2023-01-01,tid_813,3
kmeans,2023-01-01,tid_814,7
kmeans,2023-01-01,tid_815,7
kmeans,2023-01-01,tid_817,5
kmeans,2023-01-01,tid_818,1
kmeans,2023-01-01,tid_819,3
kmeans,2023-01-01,tid_82,4
kmeans,2023-01-01,tid_820,1
kmeans,2023-01-01,tid_821,7
kmeans,2023-01-01,tid_822,7
kmeans,2023-01-01,tid_823,1
kmeans,2023-01-01,tid_824,3
kmeans,2023-01-01,tid_825,7
kmeans,2023-01-01,tid_826,7
kmeans,2023-01-01,tid_827,7
kmeans,2023-01-01,tid_828,7
kmeans,2023-01-01,tid_829,7
kmeans,2023-01-01,tid_83,4
kmeans,2023-01-01,tid_830,1
kmeans,2023-01-01,tid_831,7
kmeans,2023-01-01,tid_832,7
kmeans,2023-01-01,tid_833,7
kmeans,2023-01-01,tid_834,7
kmeans,2023-01-01,tid_835,7
kmeans,2023-01-01,tid_836,7
kmeans,2023-01-01,tid_838,7
kmeans,2023-01-01,tid_839,7
kmeans,2023-01-01,tid_840,7
kmeans,2023-01-01,tid_841,3
kmeans,2023-01-01,tid_842,4
kmeans,2023-01-01,tid_843,1
kmeans,2023-01-01,tid_844,5
kmeans,2023-01-01,tid_846,1
kmeans,2023-01-01,tid_847,2
kmeans,2023-01-01,tid_848,6
kmeans,2023-01-01,tid_849,4
kmeans,2023-01-01,tid_851,2
kmeans,2023-01-01,tid_852,2
kmeans,2023-01-01,tid_853,2
kmeans,2023-01-01,tid_854,2
kmeans,2023-01-01,tid_855,2
kmeans,2023-01-01,tid_856,2
kmeans,2023-01-01,tid_857,5
kmeans,2023-01-01,tid_859,2
kmeans,2023-01-01,tid_860,4
kmeans,2023-01-01,tid_870,2
kmeans,2023-01-01,tid_871,2
kmeans,2023-01-01,tid_872,4
kmeans,2023-01-01,tid_873,0
kmeans,2023-01-01,tid_874,0
kmeans,2023-01-01,tid_875,2
kmeans,2023-01-01,tid_876,2
kmeans,2023-01-01,tid_877,2
kmeans,2023-01-01,tid_878,0
kmeans,2023-01-01,tid_879,2
kmeans,2023-01-01,tid_880,2
kmeans,2023-01-01,tid_881,4
kmeans,2023-01-01,tid_882,2
kmeans,2023-01-01,tid_883,1
kmeans,2023-01-01,tid_884,2
kmeans,2023-01-01,tid_885,1
kmeans,2023-01-01,tid_886,2
kmeans,2023-01-01,tid_888,2
kmeans,2023-01-01,tid_889,4
kmeans,2023-01-01,tid_890,1
kmeans,2023-01-01,tid_891,5
kmeans,2023-01-01,tid_892,1
kmeans,2023-01-01,tid_895,5
kmeans,2023-01-01,tid_896,1
kmeans,2023-01-01,tid_897,5
kmeans,2023-01-01,tid_898,0
kmeans,2023-01-01,tid_899,1
kmeans,2023-01-01,tid_9,4
kmeans,2023-01-01,tid_900,0
kmeans,2023-01-01,tid_901,5
kmeans,2023-01-01,tid_902,5
kmeans,2023-01-01,tid_903,5
kmeans,2023-01-01,tid_904,0
kmeans,2023-01-01,tid_905,1
kmeans,2023-01-01,tid_907,0
kmeans,2023-01-01,tid_908,5
kmeans,2023-01-01,tid_909,5
kmeans,2023-01-01,tid_911,5
kmeans,2023-01-01,tid_912,1
kmeans,2023-01-01,tid_913,5
kmeans,2023-01-01,tid_914,5
kmeans,2023-01-01,tid_915,5
kmeans,2023-01-01,tid_916,2
kmeans,2023-01-01,tid_917,5
kmeans,2023-01-01,tid_918,3
kmeans,2023-01-01,tid_920,7
kmeans,2023-01-01,tid_922,7
kmeans,2023-01-01,tid_923,7
kmeans,2023-01-01,tid_924,7
kmeans,2023-01-01,tid_925,5
kmeans,2023-01-01,tid_926,7
kmeans,2023-01-01,tid_927,1
kmeans,2023-01-01,tid_928,1
kmeans,2023-01-01,tid_929,7
kmeans,2023-01-01,tid_930,7
kmeans,2023-01-01,tid_986,1
kmeans,2023-01-01,tid_987,5
kmeans,2023-01-01,tid_988,1
kmeans,2023-01-01,tid_989,1
kmeans,2023-01-01,tid_991,1
kmeans,2023-01-01,tid_992,1
kmeans,2023-01-01,tid_993,5
kmeans,2023-01-01,tid_994,5
kmeans,2023-01-01,tid_995,5
kmeans,2023-01-01,tid_996,5
kmeans,2023-01-01,tid_998,5
kmeans,2023-01-01,tid_999,7
kmeans,2023-06-01,tid_1,1
kmeans,2023-06-01,tid_10,4
kmeans,2023-06-01,tid_1001,6
kmeans,2023-06-01,tid_1002,7
kmeans,2023-06-01,tid_1003,7
kmeans,2023-06-01,tid_1004,7
kmeans,2023-06-01,tid_1005,6
kmeans,2023-06-01,tid_1006,7
kmeans,2023-06-01,tid_1007,1
kmeans,2023-06-01,tid_1008,4
kmeans,2023-06-01,tid_1009,4
kmeans,2023-06-01,tid_1010,4
kmeans,2023-06-01,tid_1011,4
kmeans,2023-06-01,tid_1012,5
kmeans,2023-06-01,tid_1013,5
kmeans,2023-06-01,tid_1014,5
kmeans,2023-06-01,tid_1015,7
kmeans,2023-06-01,tid_1016,5
kmeans,2023-06-01,tid_1017,5
kmeans,2023-06-01,tid_1018,5
kmeans,2023-06-01,tid_1019,6
kmeans,2023-06-01,tid_1020,6
kmeans,2023-06-01,tid_1021,5
kmeans,2023-06-01,tid_1023,5
kmeans,2023-06-01,tid_1024,5
kmeans,2023-06-01,tid_1025,5
kmeans,2023-06-01,tid_1026,5
kmeans,2023-06-01,tid_1027,5
kmeans,2023-06-01,tid_1028,5
kmeans,2023-06-01,tid_1029,5
kmeans,2023-06-01,tid_1030,5
kmeans,2023-06-01,tid_1031,5
kmeans,2023-06-01,tid_1032,5
kmeans,2023-06-01,tid_1033,5
kmeans,2023-06-01,tid_1034,7
kmeans,2023-06-01,tid_1035,5
kmeans,2023-06-01,tid_1036,5
kmeans,2023-06-01,tid_1037,6
kmeans,2023-06-01,tid_1038,5
kmeans,2023-06-01,tid_1039,4
kmeans,2023-06-01,tid_1040,5
kmeans,2023-06-01,tid_1041,5
kmeans,2023-06-01,tid_1044,5
kmeans,2023-06-01,tid_1047,3
kmeans,2023-06-01,tid_1048,0
kmeans,2023-06-01,tid_1049,6
kmeans,2023-06-01,tid_1051,3
kmeans,2023-06-01,tid_1052,3
kmeans,2023-06-01,tid_1053,3
kmeans,2023-06-01,tid_1054,4
kmeans,2023-06-01,tid_1055,3
kmeans,2023-06-01,tid_1056,7
kmeans,2023-06-01,tid_1057,3
kmeans,2023-06-01,tid_1058,3
kmeans,2023-06-01,tid_1059,3
kmeans,2023-06-01,tid_1060,7
kmeans,2023-06-01,tid_1061,3
kmeans,2023-06-01,tid_1062,3
kmeans,2023-06-01,tid_1063,6
kmeans,2023-06-01,tid_1064,3
kmeans,2023-06-01,tid_1065,3
kmeans,2023-06-01,tid_1066,3
kmeans,2023-06-01,tid_1067,3
kmeans,2023-06-01,tid_1068,3
kmeans,2023-06-01,tid_1069,3
kmeans,2023-06-01,tid_1070,3
kmeans,2023-06-01,tid_1071,0
kmeans,2023-06-01,tid_1072,3
kmeans,2023-06-01,tid_11,4
kmeans,2023-06-01,tid_1107,4
kmeans,2023-06-01,tid_1108,7
kmeans,2023-06-01,tid_1109,6
kmeans,2023-06-01,tid_1110,6
kmeans,2023-06-01,tid_1111,6
kmeans,2023-06-01,tid_1112,6
kmeans,2023-06-01,tid_1113,7
kmeans,2023-06-01,tid_1115,7
kmeans,2023-06-01,tid_1116,5
kmeans,2023-06-01,tid_1117,4
kmeans,2023-06-01,tid_1118,7
kmeans,2023-06-01,tid_1119,7
kmeans,2023-06-01,tid_1120,7
kmeans,2023-06-01,tid_1121,7
kmeans,2023-06-01,tid_1122,3
kmeans,2023-06-01,tid_1123,3
kmeans,2023-06-01,tid_1124,3
kmeans,2023-06-01,tid_1125,7
kmeans,2023-06-01,tid_1126,7
kmeans,2023-06-01,tid_1127,7
kmeans,2023-06-01,tid_1128,7
kmeans,2023-06-01,tid_1129,7
kmeans,2023-06-01,tid_1130,7
kmeans,2023-06-01,tid_1131,6
kmeans,2023-06-01,tid_1132,7
kmeans,2023-06-01,tid_1133,3
kmeans,2023-06-01,tid_1134,1
kmeans,2023-06-01,tid_1135,4
kmeans,2023-06-01,tid_1136,4
kmeans,2023-06-01,tid_1137,0
kmeans,2023-06-01,tid_1138,4
kmeans,2023-06-01,tid_1139,3
kmeans,2023-06-01,tid_1140,4
kmeans,2023-06-01,tid_1141,6
kmeans,2023-06-01,tid_1142,4
kmeans,2023-06-01,tid_1143,3
kmeans,2023-06-01,tid_1144,3
kmeans,2023-06-01,tid_1146,3
kmeans,2023-06-01,tid_1147,4
kmeans,2023-06-01,tid_1148,3
kmeans,2023-06-01,tid_1149,3
kmeans,2023-06-01,tid_1150,1
kmeans,2023-06-01,tid_1151,6
kmeans,2023-06-01,tid_1152,2
kmeans,2023-06-01,tid_1153,4
kmeans,2023-06-01,tid_1154,6
kmeans,2023-06-01,tid_1155,3
kmeans,2023-06-01,tid_1157,6
kmeans,2023-06-01,tid_1158,3
kmeans,2023-06-01,tid_1159,5
kmeans,2023-06-01,tid_1160,6
kmeans,2023-06-01,tid_1161,6
kmeans,2023-06-01,tid_1163,6
kmeans,2023-06-01,tid_1164,3
kmeans,2023-06-01,tid_1165,6
kmeans,2023-06-01,tid_1166,3
kmeans,2023-06-01,tid_1167,6
kmeans,2023-06-01,tid_1168,3
kmeans,2023-06-01,tid_1169,4
kmeans,2023-06-01,tid_1170,3
kmeans,2023-06-01,tid_1171,4
kmeans,2023-06-01,tid_1172,3
kmeans,2023-06-01,tid_1173,5
kmeans,2023-06-01,tid_1174,0
kmeans,2023-06-01,tid_1175,0
kmeans,2023-06-01,tid_1176,1
kmeans,2023-06-01,tid_1178,4
kmeans,2023-06-01,tid_1179,6
kmeans,2023-06-01,tid_1180,6
kmeans,2023-06-01,tid_1181,0
kmeans,2023-06-01,tid_1184,6
kmeans,2023-06-01,tid_1185,0
kmeans,2023-06-01,tid_1186,1
kmeans,2023-06-01,tid_1187,0
kmeans,2023-06-01,tid_1188,4
kmeans,2023-06-01,tid_1189,0
kmeans,2023-06-01,tid_1190,4
kmeans,2023-06-01,tid_1191,0
kmeans,2023-06-01,tid_1192,0
kmeans,2023-06-01,tid_1193,0
kmeans,2023-06-01,tid_1194,0
kmeans,2023-06-01,tid_1195,5
kmeans,2023-06-01,tid_1196,0
kmeans,2023-06-01,tid_1197,0
kmeans,2023-06-01,tid_1198,4
kmeans,2023-06-01,tid_12,4
kmeans,2023-06-01,tid_1200,6
kmeans,2023-06-01,tid_1201,3
kmeans,2023-06-01,tid_1203,7
kmeans,2023-06-01,tid_1204,5
kmeans,2023-06-01,tid_1205,7
kmeans,2023-06-01,tid_1206,6
kmeans,2023-06-01,tid_1207,6
kmeans,2023-06-01,tid_1208,7
kmeans,2023-06-01,tid_1209,6
kmeans,2023-06-01,tid_1210,6
kmeans,2023-06-01,tid_1211,6
kmeans,2023-06-01,tid_1212,6
kmeans,2023-06-01,tid_1213,7
kmeans,2023-06-01,tid_1214,3
kmeans,2023-06-01,tid_1215,7
kmeans,2023-06-01,tid_1217,5
kmeans,2023-06-01,tid_1218,5
kmeans,2023-06-01,tid_1219,7
kmeans,2023-06-01,tid_1220,7
kmeans,2023-06-01,tid_1221,6
kmeans,2023-06-01,tid_1222,5
kmeans,2023-06-01,tid_1223,5
kmeans,2023-06-01,tid_1224,4
kmeans,2023-06-01,tid_1225,4
kmeans,2023-06-01,tid_1226,4
kmeans,2023-06-01,tid_1227,0
kmeans,2023-06-01,tid_1228,0
kmeans,2023-06-01,tid_1229,4
kmeans,2023-06-01,tid_1230,4
kmeans,2023-06-01,tid_1231,4
kmeans,2023-06-01,tid_1232,6
kmeans,2023-06-01,tid_1233,4
kmeans,2023-06-01,tid_1234,4
kmeans,2023-06-01,tid_1235,4
kmeans,2023-06-01,tid_1236,4
kmeans,2023-06-01,tid_1237,0
kmeans,2023-06-01,tid_1238,4
kmeans,2023-06-01,tid_1240,3
kmeans,2023-06-01,tid_1241,0
kmeans,2023-06-01,tid_1242,0
kmeans,2023-06-01,tid_1243,4
kmeans,2023-06-01,tid_1244,0
kmeans,2023-06-01,tid_1246,0
kmeans,2023-06-01,tid_1249,0
kmeans,2023-06-01,tid_1250,3
kmeans,2023-06-01,tid_1251,0
kmeans,2023-06-01,tid_1252,0
kmeans,2023-06-01,tid_1253,5
kmeans,2023-06-01,tid_1254,0
kmeans,2023-06-01,tid_1256,0
kmeans,2023-06-01,tid_1257,0
kmeans,2023-06-01,tid_1258,4
kmeans,2023-06-01,tid_1259,6
kmeans,2023-06-01,tid_1260,6
kmeans,2023-06-01,tid_1261,0
kmeans,2023-06-01,tid_1262,0
kmeans,2023-06-01,tid_1264,0
kmeans,2023-06-01,tid_1265,0
kmeans,2023-06-01,tid_1266,7
kmeans,2023-06-01,tid_1267,2
kmeans,2023-06-01,tid_1268,0
kmeans,2023-06-01,tid_1269,7
kmeans,2023-06-01,tid_1270,7
kmeans,2023-06-01,tid_1271,0
kmeans,2023-06-01,tid_1272,7
kmeans,2023-06-01,tid_1273,0
kmeans,2023-06-01,tid_1274,0
kmeans,2023-06-01,tid_1275,3
kmeans,2023-06-01,tid_1276,2
kmeans,2023-06-01,tid_1277,7
kmeans,2023-06-01,tid_1278,0
kmeans,2023-06-01,tid_1279,7
kmeans,2023-06-01,tid_1280,7
kmeans,2023-06-01,tid_1281,3
kmeans,2023-06-01,tid_1282,2
kmeans,2023-06-01,tid_1284,0
kmeans,2023-06-01,tid_1285,7
kmeans,2023-06-01,tid_1286,3
kmeans,2023-06-01,tid_1287,7
kmeans,2023-06-01,tid_1288,7
kmeans,2023-06-01,tid_1289,0
kmeans,2023-06-01,tid_1290,0
kmeans,2023-06-01,tid_1291,0
kmeans,2023-06-01,tid_1292,0
kmeans,2023-06-01,tid_1293,0
kmeans,2023-06-01,tid_1294,0
kmeans,2023-06-01,tid_1295,7
kmeans,2023-06-01,tid_1296,0
kmeans,2023-06-01,tid_1297,2
kmeans,2023-06-01,tid_1298,0
kmeans,2023-06-01,tid_1299,0
kmeans,2023-06-01,tid_13,4
kmeans,2023-06-01,tid_1300,0
kmeans,2023-06-01,tid_1301,7
kmeans,2023-06-01,tid_1302,0
kmeans,2023-06-01,tid_1303,4
kmeans,2023-06-01,tid_1304,7
kmeans,2023-06-01,tid_1305,7
kmeans,2023-06-01,tid_1306,7
kmeans,2023-06-01,tid_1308,3
kmeans,2023-06-01,tid_1309,7
kmeans,2023-06-01,tid_1310,3
kmeans,2023-06-01,tid_1311,5
kmeans,2023-06-01,tid_1312,3
kmeans,2023-06-01,tid_1313,7
kmeans,2023-06-01,tid_1314,7
kmeans,2023-06-01,tid_1315,4
kmeans,2023-06-01,tid_1316,6
kmeans,2023-06-01,tid_1317,7
kmeans,2023-06-01,tid_1319,0
kmeans,2023-06-01,tid_1320,7
kmeans,2023-06-01,tid_1321,7
kmeans,2023-06-01,tid_1322,5
kmeans,2023-06-01,tid_1323,5
kmeans,2023-06-01,tid_1324,5
kmeans,2023-06-01,tid_1325,7
kmeans,2023-06-01,tid_1326,0
kmeans,2023-06-01,tid_1327,0
kmeans,2023-06-01,tid_1328,7
kmeans,2023-06-01,tid_1329,7
kmeans,2023-06-01,tid_1330,7
kmeans,2023-06-01,tid_1331,7
kmeans,2023-06-01,tid_1333,4
kmeans,2023-06-01,tid_1334,6
kmeans,2023-06-01,tid_1335,0
kmeans,2023-06-01,tid_1336,5
kmeans,2023-06-01,tid_1337,7
kmeans,2023-06-01,tid_1338,7
kmeans,2023-06-01,tid_1339,0
kmeans,2023-06-01,tid_1340,7
kmeans,2023-06-01,tid_1341,0
kmeans,2023-06-01,tid_1343,0
kmeans,2023-06-01,tid_1344,5
kmeans,2023-06-01,tid_1345,0
kmeans,2023-06-01,tid_1346,5
kmeans,2023-06-01,tid_1347,7
kmeans,2023-06-01,tid_1348,5
kmeans,2023-06-01,tid_1349,0
kmeans,2023-06-01,tid_1350,5
kmeans,2023-06-01,tid_1351,0
kmeans,2023-06-01,tid_1352,0
kmeans,2023-06-01,tid_1353,5
kmeans,2023-06-01,tid_1355,0
kmeans,2023-06-01,tid_1356,0
kmeans,2023-06-01,tid_1357,7
kmeans,2023-06-01,tid_1358,0
kmeans,2023-06-01,tid_1392,6
kmeans,2023-06-01,tid_1393,3
kmeans,2023-06-01,tid_1394,6
kmeans,2023-06-01,tid_1395,1
kmeans,2023-06-01,tid_1396,4
kmeans,2023-06-01,tid_1397,4
kmeans,2023-06-01,tid_1398,6
kmeans,2023-06-01,tid_1399,6
kmeans,2023-06-01,tid_14,3
kmeans,2023-06-01,tid_1400,4
kmeans,2023-06-01,tid_1401,6
kmeans,2023-06-01,tid_1402,4
kmeans,2023-06-01,tid_1403,4
kmeans,2023-06-01,tid_1404,6
kmeans,2023-06-01,tid_1405,6
kmeans,2023-06-01,tid_1406,3
kmeans,2023-06-01,tid_1407,6
kmeans,2023-06-01,tid_1408,4
kmeans,2023-06-01,tid_1409,4
kmeans,2023-06-01,tid_1410,4
kmeans,2023-06-01,tid_1411,4
kmeans,2023-06-01,tid_1412,5
kmeans,2023-06-01,tid_1413,6
kmeans,2023-06-01,tid_1414,5
kmeans,2023-06-01,tid_1415,5
kmeans,2023-06-01,tid_1416,5
kmeans,2023-06-01,tid_1417,5
kmeans,2023-06-01,tid_1419,5
kmeans,2023-06-01,tid_1420,5
kmeans,2023-06-01,tid_1421,5
kmeans,2023-06-01,tid_1422,6
kmeans,2023-06-01,tid_1423,5
kmeans,2023-06-01,tid_1425,6
kmeans,2023-06-01,tid_1426,5
kmeans,2023-06-01,tid_1427,5
kmeans,2023-06-01,tid_1428,5
kmeans,2023-06-01,tid_1429,5
kmeans,2023-06-01,tid_1430,4
kmeans,2023-06-01,tid_1431,7
kmeans,2023-06-01,tid_1438,7
kmeans,2023-06-01,tid_1439,1
kmeans,2023-06-01,tid_1440,4
kmeans,2023-06-01,tid_1443,1
kmeans,2023-06-01,tid_1444,1
kmeans,2023-06-01,tid_1445,1
kmeans,2023-06-01,tid_1446,4
kmeans,2023-06-01,tid_1447,4
kmeans,2023-06-01,tid_1448,1
kmeans,2023-06-01,tid_1449,6
kmeans,2023-06-01,tid_1453,1
kmeans,2023-06-01,tid_1454,4
kmeans,2023-06-01,tid_1456,1
kmeans,2023-06-01,tid_1457,1
kmeans,2023-06-01,tid_1459,1
kmeans,2023-06-01,tid_1461,1
kmeans,2023-06-01,tid_1463,4
kmeans,2023-06-01,tid_1464,4
kmeans,2023-06-01,tid_1465,1
kmeans,2023-06-01,tid_1467,1
kmeans,2023-06-01,tid_1468,4
kmeans,2023-06-01,tid_1472,4
kmeans,2023-06-01,tid_1473,6
kmeans,2023-06-01,tid_1474,6
kmeans,2023-06-01,tid_1475,1
kmeans,2023-06-01,tid_1477,6
kmeans,2023-06-01,tid_1478,6
kmeans,2023-06-01,tid_1480,4
kmeans,2023-06-01,tid_1481,4
kmeans,2023-06-01,tid_1483,6
kmeans,2023-06-01,tid_1484,4
kmeans,2023-06-01,tid_1486,6
kmeans,2023-06-01,tid_1488,4
kmeans,2023-06-01,tid_1489,6
kmeans,2023-06-01,tid_1490,4
kmeans,2023-06-01,tid_1491,4
kmeans,2023-06-01,tid_1492,4
kmeans,2023-06-01,tid_1493,1
kmeans,2023-06-01,tid_1494,6
kmeans,2023-06-01,tid_1495,4
kmeans,2023-06-01,tid_1496,4
kmeans,2023-06-01,tid_15,3
kmeans,2023-06-01,tid_1500,4
kmeans,2023-06-01,tid_1501,4
kmeans,2023-06-01,tid_1504,6
kmeans,2023-06-01,tid_1506,4
kmeans,2023-06-01,tid_1507,6
kmeans,2023-06-01,tid_1508,6
kmeans,2023-06-01,tid_1509,6
kmeans,2023-06-01,tid_1510,6
kmeans,2023-06-01,tid_1511,6
kmeans,2023-06-01,tid_1512,6
kmeans,2023-06-01,tid_1518,6
kmeans,2023-06-01,tid_1519,6
kmeans,2023-06-01,tid_1520,3
kmeans,2023-06-01,tid_1521,6
kmeans,2023-06-01,tid_1522,3
kmeans,2023-06-01,tid_1523,4
kmeans,2023-06-01,tid_1525,4
kmeans,2023-06-01,tid_1526,6
kmeans,2023-06-01,tid_1527,4
kmeans,2023-06-01,tid_1528,5
kmeans,2023-06-01,tid_1529,7
kmeans,2023-06-01,tid_1530,5
kmeans,2023-06-01,tid_1532,5
kmeans,2023-06-01,tid_1533,0
kmeans,2023-06-01,tid_1534,5
kmeans,2023-06-01,tid_1535,7
kmeans,2023-06-01,tid_1536,7
kmeans,2023-06-01,tid_1537,5
kmeans,2023-06-01,tid_1539,6
kmeans,2023-06-01,tid_1540,6
kmeans,2023-06-01,tid_1541,5
kmeans,2023-06-01,tid_1542,7
kmeans,2023-06-01,tid_1543,5
kmeans,2023-06-01,tid_1544,3
kmeans,2023-06-01,tid_1545,5
kmeans,2023-06-01,tid_1546,7
kmeans,2023-06-01,tid_1547,5
kmeans,2023-06-01,tid_1548,5
kmeans,2023-06-01,tid_1549,6
kmeans,2023-06-01,tid_1550,6
kmeans,2023-06-01,tid_1551,5
kmeans,2023-06-01,tid_1552,5
kmeans,2023-06-01,tid_1553,6
kmeans,2023-06-01,tid_1554,7
kmeans,2023-06-01,tid_1555,5
kmeans,2023-06-01,tid_1556,5
kmeans,2023-06-01,tid_1557,7
kmeans,2023-06-01,tid_1558,3
kmeans,2023-06-01,tid_1559,5
kmeans,2023-06-01,tid_1560,4
kmeans,2023-06-01,tid_1561,5
kmeans,2023-06-01,tid_1562,5
kmeans,2023-06-01,tid_1563,6
kmeans,2023-06-01,tid_1564,5
kmeans,2023-06-01,tid_1565,6
kmeans,2023-06-01,tid_1566,5
kmeans,2023-06-01,tid_1567,5
kmeans,2023-06-01,tid_1568,5
kmeans,2023-06-01,tid_1569,5
kmeans,2023-06-01,tid_1570,5
kmeans,2023-06-01,tid_1571,3
kmeans,2023-06-01,tid_1572,3
kmeans,2023-06-01,tid_1573,5
kmeans,2023-06-01,tid_1574,7
kmeans,2023-06-01,tid_1575,4
kmeans,2023-06-01,tid_1577,6
kmeans,2023-06-01,tid_1578,6
kmeans,2023-06-01,tid_1579,3
kmeans,2023-06-01,tid_1580,7
kmeans,2023-06-01,tid_1581,7
kmeans,2023-06-01,tid_1582,3
kmeans,2023-06-01,tid_1583,6
kmeans,2023-06-01,tid_1584,3
kmeans,2023-06-01,tid_1585,7
kmeans,2023-06-01,tid_1586,4
kmeans,2023-06-01,tid_1587,7
kmeans,2023-06-01,tid_1588,3
kmeans,2023-06-01,tid_1589,6
kmeans,2023-06-01,tid_1590,3
kmeans,2023-06-01,tid_1591,7
kmeans,2023-06-01,tid_1592,6
kmeans,2023-06-01,tid_1593,7
kmeans,2023-06-01,tid_1594,7
kmeans,2023-06-01,tid_1595,7
kmeans,2023-06-01,tid_1596,7
kmeans,2023-06-01,tid_1597,1
kmeans,2023-06-01,tid_1598,4
kmeans,2023-06-01,tid_1599,4
kmeans,2023-06-01,tid_16,4
kmeans,2023-06-01,tid_1600,4
kmeans,2023-06-01,tid_1601,1
kmeans,2023-06-01,tid_1602,3
kmeans,2023-06-01,tid_1603,0
kmeans,2023-06-01,tid_1604,6
kmeans,2023-06-01,tid_1605,7
kmeans,2023-06-01,tid_1606,7
kmeans,2023-06-01,tid_1607,3
kmeans,2023-06-01,tid_1608,6
kmeans,2023-06-01,tid_1609,3
kmeans,2023-06-01,tid_1610,7
kmeans,2023-06-01,tid_1611,0
kmeans,2023-06-01,tid_1612,3
kmeans,2023-06-01,tid_1613,5
kmeans,2023-06-01,tid_1614,0
kmeans,2023-06-01,tid_1615,4
kmeans,2023-06-01,tid_1616,5
kmeans,2023-06-01,tid_1617,3
kmeans,2023-06-01,tid_1618,6
kmeans,2023-06-01,tid_1619,3
kmeans,2023-06-01,tid_1620,4
kmeans,2023-06-01,tid_1621,0
kmeans,2023-06-01,tid_1622,7
kmeans,2023-06-01,tid_1623,3
kmeans,2023-06-01,tid_1624,6
kmeans,2023-06-01,tid_1625,0
kmeans,2023-06-01,tid_1626,5
kmeans,2023-06-01,tid_1627,7
kmeans,2023-06-01,tid_1628,0
kmeans,2023-06-01,tid_1629,0
kmeans,2023-06-01,tid_1630,0
kmeans,2023-06-01,tid_1631,6
kmeans,2023-06-01,tid_1632,4
kmeans,2023-06-01,tid_1633,6
kmeans,2023-06-01,tid_1634,6
kmeans,2023-06-01,tid_1635,0
kmeans,2023-06-01,tid_1636,0
kmeans,2023-06-01,tid_1637,5
kmeans,2023-06-01,tid_1638,6
kmeans,2023-06-01,tid_1639,0
kmeans,2023-06-01,tid_1640,0
kmeans,2023-06-01,tid_1641,7
kmeans,2023-06-01,tid_1642,5
kmeans,2023-06-01,tid_1643,6
kmeans,2023-06-01,tid_1644,7
kmeans,2023-06-01,tid_1645,0
kmeans,2023-06-01,tid_1646,7
kmeans,2023-06-01,tid_1647,0
kmeans,2023-06-01,tid_1648,7
kmeans,2023-06-01,tid_1649,0
kmeans,2023-06-01,tid_1650,3
kmeans,2023-06-01,tid_1651,0
kmeans,2023-06-01,tid_1652,4
kmeans,2023-06-01,tid_1653,7
kmeans,2023-06-01,tid_1654,0
kmeans,2023-06-01,tid_1655,3
kmeans,2023-06-01,tid_1656,7
kmeans,2023-06-01,tid_1657,0
kmeans,2023-06-01,tid_1658,6
kmeans,2023-06-01,tid_1659,6
kmeans,2023-06-01,tid_1660,7
kmeans,2023-06-01,tid_1661,0
kmeans,2023-06-01,tid_1662,2
kmeans,2023-06-01,tid_1663,7
kmeans,2023-06-01,tid_1664,7
kmeans,2023-06-01,tid_1665,4
kmeans,2023-06-01,tid_1666,5
kmeans,2023-06-01,tid_1667,4
kmeans,2023-06-01,tid_1668,4
kmeans,2023-06-01,tid_1669,6
kmeans,2023-06-01,tid_167,1
kmeans,2023-06-01,tid_1670,6
kmeans,2023-06-01,tid_1671,6
kmeans,2023-06-01,tid_1672,6
kmeans,2023-06-01,tid_1673,6
kmeans,2023-06-01,tid_1674,6
kmeans,2023-06-01,tid_1675,4
kmeans,2023-06-01,tid_1676,7
kmeans,2023-06-01,tid_1678,7
kmeans,2023-06-01,tid_1679,6
kmeans,2023-06-01,tid_168,1
kmeans,2023-06-01,tid_1680,3
kmeans,2023-06-01,tid_1681,5
kmeans,2023-06-01,tid_1682,0
kmeans,2023-06-01,tid_1683,4
kmeans,2023-06-01,tid_1685,5
kmeans,2023-06-01,tid_1686,7
kmeans,2023-06-01,tid_1687,3
kmeans,2023-06-01,tid_1688,7
kmeans,2023-06-01,tid_1689,0
kmeans,2023-06-01,tid_169,1
kmeans,2023-06-01,tid_1690,7
kmeans,2023-06-01,tid_1691,5
kmeans,2023-06-01,tid_1692,7
kmeans,2023-06-01,tid_1693,0
kmeans,2023-06-01,tid_1694,6
kmeans,2023-06-01,tid_1696,3
kmeans,2023-06-01,tid_1697,0
kmeans,2023-06-01,tid_1698,3
kmeans,2023-06-01,tid_1699,7
kmeans,2023-06-01,tid_17,3
kmeans,2023-06-01,tid_1700,6
kmeans,2023-06-01,tid_1701,7
kmeans,2023-06-01,tid_1702,5
kmeans,2023-06-01,tid_1703,0
kmeans,2023-06-01,tid_1704,6
kmeans,2023-06-01,tid_1705,6
kmeans,2023-06-01,tid_1706,4
kmeans,2023-06-01,tid_1707,4
kmeans,2023-06-01,tid_1708,6
kmeans,2023-06-01,tid_1709,6
kmeans,2023-06-01,tid_1710,6
kmeans,2023-06-01,tid_1711,7
kmeans,2023-06-01,tid_1712,5
kmeans,2023-06-01,tid_1714,5
kmeans,2023-06-01,tid_1715,7
kmeans,2023-06-01,tid_1717,5
kmeans,2023-06-01,tid_1718,3
kmeans,2023-06-01,tid_1719,5
kmeans,2023-06-01,tid_1722,5
kmeans,2023-06-01,tid_1724,5
kmeans,2023-06-01,tid_1725,5
kmeans,2023-06-01,tid_1726,4
kmeans,2023-06-01,tid_1727,5
kmeans,2023-06-01,tid_1728,7
kmeans,2023-06-01,tid_173,5
kmeans,2023-06-01,tid_1730,7
kmeans,2023-06-01,tid_1731,3
kmeans,2023-06-01,tid_1732,5
kmeans,2023-06-01,tid_1733,7
kmeans,2023-06-01,tid_1737,5
kmeans,2023-06-01,tid_1738,5
kmeans,2023-06-01,tid_1739,5
kmeans,2023-06-01,tid_1740,5
kmeans,2023-06-01,tid_1741,5
kmeans,2023-06-01,tid_1742,6
kmeans,2023-06-01,tid_1743,5
kmeans,2023-06-01,tid_1744,5
kmeans,2023-06-01,tid_1745,5
kmeans,2023-06-01,tid_1746,5
kmeans,2023-06-01,tid_1747,5
kmeans,2023-06-01,tid_1749,5
kmeans,2023-06-01,tid_1750,5
kmeans,2023-06-01,tid_1751,5
kmeans,2023-06-01,tid_1752,5
kmeans,2023-06-01,tid_1753,5
kmeans,2023-06-01,tid_1754,5
kmeans,2023-06-01,tid_1755,5
kmeans,2023-06-01,tid_1756,5
kmeans,2023-06-01,tid_1757,5
kmeans,2023-06-01,tid_1758,4
kmeans,2023-06-01,tid_1759,5
kmeans,2023-06-01,tid_1760,5
kmeans,2023-06-01,tid_1761,5
kmeans,2023-06-01,tid_1762,5
kmeans,2023-06-01,tid_1764,4
kmeans,2023-06-01,tid_1765,4
kmeans,2023-06-01,tid_1766,0
kmeans,2023-06-01,tid_1768,3
kmeans,2023-06-01,tid_1769,7
kmeans,2023-06-01,tid_1770,7
kmeans,2023-06-01,tid_1771,5
kmeans,2023-06-01,tid_1773,7
kmeans,2023-06-01,tid_1774,6
kmeans,2023-06-01,tid_1775,3
kmeans,2023-06-01,tid_1776,7
kmeans,2023-06-01,tid_1777,3
kmeans,2023-06-01,tid_1778,6
kmeans,2023-06-01,tid_1780,7
kmeans,2023-06-01,tid_1781,3
kmeans,2023-06-01,tid_1782,7
kmeans,2023-06-01,tid_1783,4
kmeans,2023-06-01,tid_1784,5
kmeans,2023-06-01,tid_1785,6
kmeans,2023-06-01,tid_1786,3
kmeans,2023-06-01,tid_1787,3
kmeans,2023-06-01,tid_1788,6
kmeans,2023-06-01,tid_18,3
kmeans,2023-06-01,tid_181,5
kmeans,2023-06-01,tid_184,5
kmeans,2023-06-01,tid_1845,4
kmeans,2023-06-01,tid_1846,6
kmeans,2023-06-01,tid_1848,5
kmeans,2023-06-01,tid_1849,5
kmeans,2023-06-01,tid_185,1
kmeans,2023-06-01,tid_1850,7
kmeans,2023-06-01,tid_1851,7
kmeans,2023-06-01,tid_1852,5
kmeans,2023-06-01,tid_1853,5
kmeans,2023-06-01,tid_1854,7
kmeans,2023-06-01,tid_1855,7
kmeans,2023-06-01,tid_1856,5
kmeans,2023-06-01,tid_1857,3
kmeans,2023-06-01,tid_1858,7
kmeans,2023-06-01,tid_1859,7
kmeans,2023-06-01,tid_1860,7
kmeans,2023-06-01,tid_1861,7
kmeans,2023-06-01,tid_1862,5
kmeans,2023-06-01,tid_1863,4
kmeans,2023-06-01,tid_1864,5
kmeans,2023-06-01,tid_1865,5
kmeans,2023-06-01,tid_1868,7
kmeans,2023-06-01,tid_1869,7
kmeans,2023-06-01,tid_1870,5
kmeans,2023-06-01,tid_1871,7
kmeans,2023-06-01,tid_1872,5
kmeans,2023-06-01,tid_1873,7
kmeans,2023-06-01,tid_1874,1
kmeans,2023-06-01,tid_1875,6
kmeans,2023-06-01,tid_1876,6
kmeans,2023-06-01,tid_1877,4
kmeans,2023-06-01,tid_1878,7
kmeans,2023-06-01,tid_1879,6
kmeans,2023-06-01,tid_188,5
kmeans,2023-06-01,tid_1880,5
kmeans,2023-06-01,tid_1881,4
kmeans,2023-06-01,tid_1883,6
kmeans,2023-06-01,tid_1884,7
kmeans,2023-06-01,tid_1885,6
kmeans,2023-06-01,tid_1886,7
kmeans,2023-06-01,tid_1887,5
kmeans,2023-06-01,tid_1888,5
kmeans,2023-06-01,tid_1889,7
kmeans,2023-06-01,tid_1890,4
kmeans,2023-06-01,tid_1891,3
kmeans,2023-06-01,tid_1892,5
kmeans,2023-06-01,tid_1893,5
kmeans,2023-06-01,tid_1894,7
kmeans,2023-06-01,tid_1895,6
kmeans,2023-06-01,tid_1896,5
kmeans,2023-06-01,tid_1897,5
kmeans,2023-06-01,tid_1898,7
kmeans,2023-06-01,tid_1899,6
kmeans,2023-06-01,tid_19,3
kmeans,2023-06-01,tid_1900,7
kmeans,2023-06-01,tid_1901,7
kmeans,2023-06-01,tid_1902,7
kmeans,2023-06-01,tid_1903,7
kmeans,2023-06-01,tid_1904,6
kmeans,2023-06-01,tid_1905,4
kmeans,2023-06-01,tid_1906,6
kmeans,2023-06-01,tid_1907,5
kmeans,2023-06-01,tid_1908,7
kmeans,2023-06-01,tid_1909,5
kmeans,2023-06-01,tid_191,1
kmeans,2023-06-01,tid_1910,7
kmeans,2023-06-01,tid_1912,6
kmeans,2023-06-01,tid_1915,5
kmeans,2023-06-01,tid_1916,5
kmeans,2023-06-01,tid_1917,5
kmeans,2023-06-01,tid_1918,5
kmeans,2023-06-01,tid_1919,4
kmeans,2023-06-01,tid_1920,4
kmeans,2023-06-01,tid_1921,5
kmeans,2023-06-01,tid_1922,6
kmeans,2023-06-01,tid_1923,7
kmeans,2023-06-01,tid_1924,5
kmeans,2023-06-01,tid_1925,5
kmeans,2023-06-01,tid_1926,5
kmeans,2023-06-01,tid_1927,5
kmeans,2023-06-01,tid_1928,5
kmeans,2023-06-01,tid_1929,5
kmeans,2023-06-01,tid_1930,5
kmeans,2023-06-01,tid_1931,5
kmeans,2023-06-01,tid_1932,5
kmeans,2023-06-01,tid_1933,5
kmeans,2023-06-01,tid_1934,5
kmeans,2023-06-01,tid_1935,5
kmeans,2023-06-01,tid_1936,4
kmeans,2023-06-01,tid_1937,5
kmeans,2023-06-01,tid_1938,7
kmeans,2023-06-01,tid_1939,6
kmeans,2023-06-01,tid_194,1
kmeans,2023-06-01,tid_1940,5
kmeans,2023-06-01,tid_1941,5
kmeans,2023-06-01,tid_1942,5
kmeans,2023-06-01,tid_1943,5
kmeans,2023-06-01,tid_1944,5
kmeans,2023-06-01,tid_1945,5
kmeans,2023-06-01,tid_1947,7
kmeans,2023-06-01,tid_1948,0
kmeans,2023-06-01,tid_1949,5
kmeans,2023-06-01,tid_195,1
kmeans,2023-06-01,tid_1950,7
kmeans,2023-06-01,tid_1951,7
kmeans,2023-06-01,tid_1952,4
kmeans,2023-06-01,tid_1954,2
kmeans,2023-06-01,tid_1955,2
kmeans,2023-06-01,tid_1956,0
kmeans,2023-06-01,tid_1957,0
kmeans,2023-06-01,tid_1958,2
kmeans,2023-06-01,tid_1959,2
kmeans,2023-06-01,tid_196,1
kmeans,2023-06-01,tid_1960,0
kmeans,2023-06-01,tid_1961,4
kmeans,2023-06-01,tid_1962,0
kmeans,2023-06-01,tid_1963,0
kmeans,2023-06-01,tid_1965,0
kmeans,2023-06-01,tid_1966,2
kmeans,2023-06-01,tid_1967,0
kmeans,2023-06-01,tid_1968,2
kmeans,2023-06-01,tid_1969,0
kmeans,2023-06-01,tid_1970,2
kmeans,2023-06-01,tid_1971,1
kmeans,2023-06-01,tid_1972,0
kmeans,2023-06-01,tid_1973,6
kmeans,2023-06-01,tid_1974,6
kmeans,2023-06-01,tid_1975,6
kmeans,2023-06-01,tid_1976,7
kmeans,2023-06-01,tid_1977,4
kmeans,2023-06-01,tid_1978,6
kmeans,2023-06-01,tid_1979,1
kmeans,2023-06-01,tid_198,1
kmeans,2023-06-01,tid_1980,6
kmeans,2023-06-01,tid_1981,6
kmeans,2023-06-01,tid_1982,6
kmeans,2023-06-01,tid_1983,6
kmeans,2023-06-01,tid_1984,3
kmeans,2023-06-01,tid_1985,6
kmeans,2023-06-01,tid_1986,4
kmeans,2023-06-01,tid_1987,6
kmeans,2023-06-01,tid_1988,6
kmeans,2023-06-01,tid_1989,7
kmeans,2023-06-01,tid_1990,6
kmeans,2023-06-01,tid_1991,6
kmeans,2023-06-01,tid_1992,6
kmeans,2023-06-01,tid_1993,4
kmeans,2023-06-01,tid_1994,6
kmeans,2023-06-01,tid_1995,4
kmeans,2023-06-01,tid_1996,6
kmeans,2023-06-01,tid_1997,7
kmeans,2023-06-01,tid_1999,6
kmeans,2023-06-01,tid_2,1
kmeans,2023-06-01,tid_20,3
kmeans,2023-06-01,tid_2000,4
kmeans,2023-06-01,tid_2001,6
kmeans,2023-06-01,tid_2002,6
kmeans,2023-06-01,tid_2004,4
kmeans,2023-06-01,tid_2005,6
kmeans,2023-06-01,tid_2006,4
kmeans,2023-06-01,tid_2007,6
kmeans,2023-06-01,tid_2008,6
kmeans,2023-06-01,tid_2009,6
kmeans,2023-06-01,tid_201,4
kmeans,2023-06-01,tid_2010,6
kmeans,2023-06-01,tid_2011,6
kmeans,2023-06-01,tid_2012,6
kmeans,2023-06-01,tid_2015,0
kmeans,2023-06-01,tid_2017,0
kmeans,2023-06-01,tid_2018,3
kmeans,2023-06-01,tid_2019,6
kmeans,2023-06-01,tid_2021,6
kmeans,2023-06-01,tid_2022,7
kmeans,2023-06-01,tid_2023,3
kmeans,2023-06-01,tid_2024,4
kmeans,2023-06-01,tid_2025,0
kmeans,2023-06-01,tid_2027,3
kmeans,2023-06-01,tid_2028,5
kmeans,2023-06-01,tid_203,6
kmeans,2023-06-01,tid_2030,0
kmeans,2023-06-01,tid_2031,7
kmeans,2023-06-01,tid_2032,4
kmeans,2023-06-01,tid_2033,4
kmeans,2023-06-01,tid_2034,6
kmeans,2023-06-01,tid_2035,7
kmeans,2023-06-01,tid_2036,6
kmeans,2023-06-01,tid_2037,7
kmeans,2023-06-01,tid_2039,3
kmeans,2023-06-01,tid_204,1
kmeans,2023-06-01,tid_2040,6
kmeans,2023-06-01,tid_2041,6
kmeans,2023-06-01,tid_2042,6
kmeans,2023-06-01,tid_2043,0
kmeans,2023-06-01,tid_2044,4
kmeans,2023-06-01,tid_2045,6
kmeans,2023-06-01,tid_2046,5
kmeans,2023-06-01,tid_2047,6
kmeans,2023-06-01,tid_2048,6
kmeans,2023-06-01,tid_2049,5
kmeans,2023-06-01,tid_205,1
kmeans,2023-06-01,tid_2050,7
kmeans,2023-06-01,tid_2051,7
kmeans,2023-06-01,tid_2052,7
kmeans,2023-06-01,tid_2053,7
kmeans,2023-06-01,tid_2054,0
kmeans,2023-06-01,tid_2055,7
kmeans,2023-06-01,tid_2056,5
kmeans,2023-06-01,tid_2057,7
kmeans,2023-06-01,tid_2058,7
kmeans,2023-06-01,tid_2059,7
kmeans,2023-06-01,tid_206,4
kmeans,2023-06-01,tid_2060,6
kmeans,2023-06-01,tid_2061,5
kmeans,2023-06-01,tid_2062,6
kmeans,2023-06-01,tid_2063,4
kmeans,2023-06-01,tid_2064,3
kmeans,2023-06-01,tid_2065,5
kmeans,2023-06-01,tid_2066,3
kmeans,2023-06-01,tid_2067,5
kmeans,2023-06-01,tid_2068,7
kmeans,2023-06-01,tid_2069,6
kmeans,2023-06-01,tid_207,6
kmeans,2023-06-01,tid_2070,6
kmeans,2023-06-01,tid_2072,5
kmeans,2023-06-01,tid_2073,7
kmeans,2023-06-01,tid_2074,4
kmeans,2023-06-01,tid_2075,5
kmeans,2023-06-01,tid_2076,5
kmeans,2023-06-01,tid_2077,5
kmeans,2023-06-01,tid_2078,5
kmeans,2023-06-01,tid_2079,5
kmeans,2023-06-01,tid_208,6
kmeans,2023-06-01,tid_2080,5
kmeans,2023-06-01,tid_2081,5
kmeans,2023-06-01,tid_2082,5
kmeans,2023-06-01,tid_2085,5
kmeans,2023-06-01,tid_2087,5
kmeans,2023-06-01,tid_2088,5
kmeans,2023-06-01,tid_2089,5
kmeans,2023-06-01,tid_209,3
kmeans,2023-06-01,tid_2090,5
kmeans,2023-06-01,tid_2091,5
kmeans,2023-06-01,tid_2093,5
kmeans,2023-06-01,tid_2094,5
kmeans,2023-06-01,tid_2095,5
kmeans,2023-06-01,tid_2096,5
kmeans,2023-06-01,tid_2098,5
kmeans,2023-06-01,tid_21,1
kmeans,2023-06-01,tid_210,7
kmeans,2023-06-01,tid_2100,5
kmeans,2023-06-01,tid_2101,4
kmeans,2023-06-01,tid_2105,6
kmeans,2023-06-01,tid_2108,6
kmeans,2023-06-01,tid_2109,6
kmeans,2023-06-01,tid_211,6
kmeans,2023-06-01,tid_2110,3
kmeans,2023-06-01,tid_2111,6
kmeans,2023-06-01,tid_2112,7
kmeans,2023-06-01,tid_2113,6
kmeans,2023-06-01,tid_2114,7
kmeans,2023-06-01,tid_2116,7
kmeans,2023-06-01,tid_2117,3
kmeans,2023-06-01,tid_2118,3
kmeans,2023-06-01,tid_2119,4
kmeans,2023-06-01,tid_212,6
kmeans,2023-06-01,tid_2120,3
kmeans,2023-06-01,tid_2121,7
kmeans,2023-06-01,tid_2122,6
kmeans,2023-06-01,tid_2124,6
kmeans,2023-06-01,tid_2125,5
kmeans,2023-06-01,tid_2126,6
kmeans,2023-06-01,tid_2127,7
kmeans,2023-06-01,tid_2128,7
kmeans,2023-06-01,tid_2129,5
kmeans,2023-06-01,tid_213,3
kmeans,2023-06-01,tid_2130,3
kmeans,2023-06-01,tid_2131,7
kmeans,2023-06-01,tid_2132,7
kmeans,2023-06-01,tid_2133,5
kmeans,2023-06-01,tid_2134,7
kmeans,2023-06-01,tid_2136,3
kmeans,2023-06-01,tid_2137,5
kmeans,2023-06-01,tid_2138,7
kmeans,2023-06-01,tid_2139,3
kmeans,2023-06-01,tid_214,3
kmeans,2023-06-01,tid_2140,5
kmeans,2023-06-01,tid_2142,5
kmeans,2023-06-01,tid_2143,3
kmeans,2023-06-01,tid_2144,4
kmeans,2023-06-01,tid_2145,7
kmeans,2023-06-01,tid_2146,6
kmeans,2023-06-01,tid_2148,0
kmeans,2023-06-01,tid_2149,0
kmeans,2023-06-01,tid_215,3
kmeans,2023-06-01,tid_2150,7
kmeans,2023-06-01,tid_2151,3
kmeans,2023-06-01,tid_2152,7
kmeans,2023-06-01,tid_2153,5
kmeans,2023-06-01,tid_2154,7
kmeans,2023-06-01,tid_2155,0
kmeans,2023-06-01,tid_2156,5
kmeans,2023-06-01,tid_2157,7
kmeans,2023-06-01,tid_2158,7
kmeans,2023-06-01,tid_2159,0
kmeans,2023-06-01,tid_216,3
kmeans,2023-06-01,tid_2160,7
kmeans,2023-06-01,tid_2161,4
kmeans,2023-06-01,tid_2162,7
kmeans,2023-06-01,tid_2163,7
kmeans,2023-06-01,tid_2164,4
kmeans,2023-06-01,tid_2165,6
kmeans,2023-06-01,tid_2167,6
kmeans,2023-06-01,tid_2168,6
kmeans,2023-06-01,tid_2169,4
kmeans,2023-06-01,tid_217,3
kmeans,2023-06-01,tid_2171,6
kmeans,2023-06-01,tid_2172,5
kmeans,2023-06-01,tid_2173,6
kmeans,2023-06-01,tid_2174,6
kmeans,2023-06-01,tid_2175,5
kmeans,2023-06-01,tid_2176,7
kmeans,2023-06-01,tid_2177,6
kmeans,2023-06-01,tid_2178,7
kmeans,2023-06-01,tid_2179,6
kmeans,2023-06-01,tid_218,4
kmeans,2023-06-01,tid_2180,7
kmeans,2023-06-01,tid_2181,5
kmeans,2023-06-01,tid_2182,5
kmeans,2023-06-01,tid_2183,6
kmeans,2023-06-01,tid_2184,5
kmeans,2023-06-01,tid_2185,5
kmeans,2023-06-01,tid_2186,6
kmeans,2023-06-01,tid_2187,3
kmeans,2023-06-01,tid_2188,6
kmeans,2023-06-01,tid_2189,6
kmeans,2023-06-01,tid_219,3
kmeans,2023-06-01,tid_2190,1
kmeans,2023-06-01,tid_2191,6
kmeans,2023-06-01,tid_2192,4
kmeans,2023-06-01,tid_2193,4
kmeans,2023-06-01,tid_2194,4
kmeans,2023-06-01,tid_2195,5
kmeans,2023-06-01,tid_2196,5
kmeans,2023-06-01,tid_2197,5
kmeans,2023-06-01,tid_2198,3
kmeans,2023-06-01,tid_2199,3
kmeans,2023-06-01,tid_22,0
kmeans,2023-06-01,tid_220,3
kmeans,2023-06-01,tid_2200,3
kmeans,2023-06-01,tid_2201,0
kmeans,2023-06-01,tid_2202,0
kmeans,2023-06-01,tid_2203,0
kmeans,2023-06-01,tid_2204,3
kmeans,2023-06-01,tid_2205,3
kmeans,2023-06-01,tid_2206,3
kmeans,2023-06-01,tid_2207,5
kmeans,2023-06-01,tid_2208,3
kmeans,2023-06-01,tid_221,3
kmeans,2023-06-01,tid_2210,4
kmeans,2023-06-01,tid_2211,6
kmeans,2023-06-01,tid_2212,0
kmeans,2023-06-01,tid_2213,5
kmeans,2023-06-01,tid_2215,0
kmeans,2023-06-01,tid_2216,4
kmeans,2023-06-01,tid_2217,4
kmeans,2023-06-01,tid_2218,6
kmeans,2023-06-01,tid_2219,6
kmeans,2023-06-01,tid_222,6
kmeans,2023-06-01,tid_2220,4
kmeans,2023-06-01,tid_2221,4
kmeans,2023-06-01,tid_2222,6
kmeans,2023-06-01,tid_2223,6
kmeans,2023-06-01,tid_2224,6
kmeans,2023-06-01,tid_2225,6
kmeans,2023-06-01,tid_2226,4
kmeans,2023-06-01,tid_2227,6
kmeans,2023-06-01,tid_2228,4
kmeans,2023-06-01,tid_2229,6
kmeans,2023-06-01,tid_223,7
kmeans,2023-06-01,tid_2230,6
kmeans,2023-06-01,tid_2231,6
kmeans,2023-06-01,tid_2232,6
kmeans,2023-06-01,tid_2233,6
kmeans,2023-06-01,tid_2234,6
kmeans,2023-06-01,tid_2235,6
kmeans,2023-06-01,tid_2236,6
kmeans,2023-06-01,tid_2237,4
kmeans,2023-06-01,tid_2238,4
kmeans,2023-06-01,tid_224,4
kmeans,2023-06-01,tid_2241,6
kmeans,2023-06-01,tid_2242,1
kmeans,2023-06-01,tid_2243,4
kmeans,2023-06-01,tid_2244,6
kmeans,2023-06-01,tid_2245,6
kmeans,2023-06-01,tid_2248,6
kmeans,2023-06-01,tid_2249,2
kmeans,2023-06-01,tid_225,6
kmeans,2023-06-01,tid_2250,2
kmeans,2023-06-01,tid_2251,4
kmeans,2023-06-01,tid_2252,4
kmeans,2023-06-01,tid_2253,7
kmeans,2023-06-01,tid_2254,5
kmeans,2023-06-01,tid_2255,5
kmeans,2023-06-01,tid_2256,5
kmeans,2023-06-01,tid_2257,5
kmeans,2023-06-01,tid_2258,5
kmeans,2023-06-01,tid_2259,5
kmeans,2023-06-01,tid_226,3
kmeans,2023-06-01,tid_2260,5
kmeans,2023-06-01,tid_2262,5
kmeans,2023-06-01,tid_2264,3
kmeans,2023-06-01,tid_2265,5
kmeans,2023-06-01,tid_2266,5
kmeans,2023-06-01,tid_2267,5
kmeans,2023-06-01,tid_2268,5
kmeans,2023-06-01,tid_2269,7
kmeans,2023-06-01,tid_227,7
kmeans,2023-06-01,tid_2270,5
kmeans,2023-06-01,tid_2271,5
kmeans,2023-06-01,tid_2272,6
kmeans,2023-06-01,tid_2274,0
kmeans,2023-06-01,tid_2275,4
kmeans,2023-06-01,tid_2276,7
kmeans,2023-06-01,tid_2278,7
kmeans,2023-06-01,tid_2279,4
kmeans,2023-06-01,tid_228,6
kmeans,2023-06-01,tid_2280,6
kmeans,2023-06-01,tid_2281,4
kmeans,2023-06-01,tid_2282,4
kmeans,2023-06-01,tid_2286,4
kmeans,2023-06-01,tid_2287,6
kmeans,2023-06-01,tid_2288,6
kmeans,2023-06-01,tid_2289,4
kmeans,2023-06-01,tid_229,6
kmeans,2023-06-01,tid_2292,0
kmeans,2023-06-01,tid_2293,7
kmeans,2023-06-01,tid_2294,7
kmeans,2023-06-01,tid_2295,0
kmeans,2023-06-01,tid_2296,5
kmeans,2023-06-01,tid_2297,7
kmeans,2023-06-01,tid_2298,7
kmeans,2023-06-01,tid_2299,6
kmeans,2023-06-01,tid_23,4
kmeans,2023-06-01,tid_230,3
kmeans,2023-06-01,tid_2300,0
kmeans,2023-06-01,tid_2301,6
kmeans,2023-06-01,tid_2302,7
kmeans,2023-06-01,tid_2303,7
kmeans,2023-06-01,tid_2304,7
kmeans,2023-06-01,tid_2305,0
kmeans,2023-06-01,tid_2307,5
kmeans,2023-06-01,tid_2308,7
kmeans,2023-06-01,tid_2309,5
kmeans,2023-06-01,tid_231,3
kmeans,2023-06-01,tid_2310,6
kmeans,2023-06-01,tid_2311,6
kmeans,2023-06-01,tid_2312,4
kmeans,2023-06-01,tid_2314,7
kmeans,2023-06-01,tid_2315,7
kmeans,2023-06-01,tid_2316,7
kmeans,2023-06-01,tid_2317,0
kmeans,2023-06-01,tid_2318,4
kmeans,2023-06-01,tid_232,3
kmeans,2023-06-01,tid_2320,4
kmeans,2023-06-01,tid_2321,7
kmeans,2023-06-01,tid_2322,7
kmeans,2023-06-01,tid_2323,5
kmeans,2023-06-01,tid_2324,7
kmeans,2023-06-01,tid_2325,7
kmeans,2023-06-01,tid_2326,7
kmeans,2023-06-01,tid_2327,7
kmeans,2023-06-01,tid_2328,7
kmeans,2023-06-01,tid_2329,7
kmeans,2023-06-01,tid_233,7
kmeans,2023-06-01,tid_2330,7
kmeans,2023-06-01,tid_2332,7
kmeans,2023-06-01,tid_2333,6
kmeans,2023-06-01,tid_2334,6
kmeans,2023-06-01,tid_2335,6
kmeans,2023-06-01,tid_2336,6
kmeans,2023-06-01,tid_2337,4
kmeans,2023-06-01,tid_2338,0
kmeans,2023-06-01,tid_2339,2
kmeans,2023-06-01,tid_234,6
kmeans,2023-06-01,tid_2340,3
kmeans,2023-06-01,tid_2341,0
kmeans,2023-06-01,tid_2342,2
kmeans,2023-06-01,tid_2343,2
kmeans,2023-06-01,tid_2344,1
kmeans,2023-06-01,tid_2345,2
kmeans,2023-06-01,tid_2348,6
kmeans,2023-06-01,tid_2349,2
kmeans,2023-06-01,tid_235,3
kmeans,2023-06-01,tid_2351,1
kmeans,2023-06-01,tid_2352,1
kmeans,2023-06-01,tid_2353,1
kmeans,2023-06-01,tid_2354,1
kmeans,2023-06-01,tid_2355,1
kmeans,2023-06-01,tid_2356,1
kmeans,2023-06-01,tid_2357,1
kmeans,2023-06-01,tid_2358,1
kmeans,2023-06-01,tid_2359,1
kmeans,2023-06-01,tid_236,6
kmeans,2023-06-01,tid_2360,1
kmeans,2023-06-01,tid_2361,1
kmeans,2023-06-01,tid_2362,1
kmeans,2023-06-01,tid_2363,1
kmeans,2023-06-01,tid_2364,1
kmeans,2023-06-01,tid_2365,1
kmeans,2023-06-01,tid_2366,1
kmeans,2023-06-01,tid_2367,1
kmeans,2023-06-01,tid_2368,1
kmeans,2023-06-01,tid_2369,1
kmeans,2023-06-01,tid_237,3
kmeans,2023-06-01,tid_2370,1
kmeans,2023-06-01,tid_2371,1
kmeans,2023-06-01,tid_2372,1
kmeans,2023-06-01,tid_2373,1
kmeans,2023-06-01,tid_2374,1
kmeans,2023-06-01,tid_2375,1
kmeans,2023-06-01,tid_2376,1
kmeans,2023-06-01,tid_2377,1
kmeans,2023-06-01,tid_2378,1
kmeans,2023-06-01,tid_2379,1
kmeans,2023-06-01,tid_238,0
kmeans,2023-06-01,tid_2380,1
kmeans,2023-06-01,tid_2381,1
kmeans,2023-06-01,tid_2382,1
kmeans,2023-06-01,tid_2383,1
kmeans,2023-06-01,tid_2384,1
kmeans,2023-06-01,tid_2385,1
kmeans,2023-06-01,tid_2386,1
kmeans,2023-06-01,tid_2387,1
kmeans,2023-06-01,tid_2388,1
kmeans,2023-06-01,tid_2389,1
kmeans,2023-06-01,tid_239,7
kmeans,2023-06-01,tid_2390,1
kmeans,2023-06-01,tid_2391,1
kmeans,2023-06-01,tid_2392,4
kmeans,2023-06-01,tid_2393,4
kmeans,2023-06-01,tid_2395,4
kmeans,2023-06-01,tid_2398,1
kmeans,2023-06-01,tid_2399,1
kmeans,2023-06-01,tid_240,3
kmeans,2023-06-01,tid_2400,1
kmeans,2023-06-01,tid_2401,1
kmeans,2023-06-01,tid_2402,1
kmeans,2023-06-01,tid_2403,4
kmeans,2023-06-01,tid_2404,1
kmeans,2023-06-01,tid_2405,1
kmeans,2023-06-01,tid_2406,1
kmeans,2023-06-01,tid_2407,1
kmeans,2023-06-01,tid_2408,1
kmeans,2023-06-01,tid_2409,1
kmeans,2023-06-01,tid_241,7
kmeans,2023-06-01,tid_2410,4
kmeans,2023-06-01,tid_2411,1
kmeans,2023-06-01,tid_2412,1
kmeans,2023-06-01,tid_2416,1
kmeans,2023-06-01,tid_242,3
kmeans,2023-06-01,tid_2422,4
kmeans,2023-06-01,tid_2423,1
kmeans,2023-06-01,tid_2424,1
kmeans,2023-06-01,tid_2425,1
kmeans,2023-06-01,tid_2426,1
kmeans,2023-06-01,tid_2427,1
kmeans,2023-06-01,tid_2428,1
kmeans,2023-06-01,tid_2429,1
kmeans,2023-06-01,tid_243,3
kmeans,2023-06-01,tid_2430,1
kmeans,2023-06-01,tid_2431,1
kmeans,2023-06-01,tid_2432,1
kmeans,2023-06-01,tid_2433,1
kmeans,2023-06-01,tid_2434,1
kmeans,2023-06-01,tid_2435,1
kmeans,2023-06-01,tid_2436,1
kmeans,2023-06-01,tid_2437,1
kmeans,2023-06-01,tid_2439,1
kmeans,2023-06-01,tid_2440,1
kmeans,2023-06-01,tid_2441,1
kmeans,2023-06-01,tid_2442,1
kmeans,2023-06-01,tid_2443,1
kmeans,2023-06-01,tid_2444,1
kmeans,2023-06-01,tid_2445,1
kmeans,2023-06-01,tid_2446,1
kmeans,2023-06-01,tid_2447,1
kmeans,2023-06-01,tid_2449,1
kmeans,2023-06-01,tid_2450,1
kmeans,2023-06-01,tid_2451,1
kmeans,2023-06-01,tid_2452,1
kmeans,2023-06-01,tid_2453,1
kmeans,2023-06-01,tid_2454,1
kmeans,2023-06-01,tid_2455,1
kmeans,2023-06-01,tid_2456,1
kmeans,2023-06-01,tid_2457,1
kmeans,2023-06-01,tid_2458,1
kmeans,2023-06-01,tid_2459,1
kmeans,2023-06-01,tid_2460,1
kmeans,2023-06-01,tid_2461,1
kmeans,2023-06-01,tid_2462,1
kmeans,2023-06-01,tid_2463,1
kmeans,2023-06-01,tid_2464,1
kmeans,2023-06-01,tid_2465,4
kmeans,2023-06-01,tid_2466,1
kmeans,2023-06-01,tid_2467,1
kmeans,2023-06-01,tid_2468,1
kmeans,2023-06-01,tid_2469,1
kmeans,2023-06-01,tid_2470,1
kmeans,2023-06-01,tid_2471,1
kmeans,2023-06-01,tid_2472,1
kmeans,2023-06-01,tid_2473,1
kmeans,2023-06-01,tid_2474,1
kmeans,2023-06-01,tid_2475,1
kmeans,2023-06-01,tid_2476,1
kmeans,2023-06-01,tid_2477,1
kmeans,2023-06-01,tid_2478,4
kmeans,2023-06-01,tid_2479,1
kmeans,2023-06-01,tid_2480,1
kmeans,2023-06-01,tid_2481,1
kmeans,2023-06-01,tid_2482,1
kmeans,2023-06-01,tid_2483,1
kmeans,2023-06-01,tid_2484,1
kmeans,2023-06-01,tid_2485,1
kmeans,2023-06-01,tid_2486,1
kmeans,2023-06-01,tid_2487,1
kmeans,2023-06-01,tid_2488,1
kmeans,2023-06-01,tid_2489,1
kmeans,2023-06-01,tid_2490,1
kmeans,2023-06-01,tid_2491,1
kmeans,2023-06-01,tid_2492,1
kmeans,2023-06-01,tid_2493,1
kmeans,2023-06-01,tid_2494,1
kmeans,2023-06-01,tid_2495,1
kmeans,2023-06-01,tid_2496,1
kmeans,2023-06-01,tid_2497,1
kmeans,2023-06-01,tid_2498,1
kmeans,2023-06-01,tid_2499,1
kmeans,2023-06-01,tid_25,4
kmeans,2023-06-01,tid_2500,1
kmeans,2023-06-01,tid_2501,1
kmeans,2023-06-01,tid_2502,1
kmeans,2023-06-01,tid_2503,1
kmeans,2023-06-01,tid_2504,1
kmeans,2023-06-01,tid_2505,1
kmeans,2023-06-01,tid_2506,1
kmeans,2023-06-01,tid_2507,1
kmeans,2023-06-01,tid_2508,1
kmeans,2023-06-01,tid_2509,1
kmeans,2023-06-01,tid_2510,1
kmeans,2023-06-01,tid_2511,1
kmeans,2023-06-01,tid_2512,1
kmeans,2023-06-01,tid_2513,1
kmeans,2023-06-01,tid_2514,1
kmeans,2023-06-01,tid_2515,1
kmeans,2023-06-01,tid_2516,1
kmeans,2023-06-01,tid_2517,1
kmeans,2023-06-01,tid_2518,1
kmeans,2023-06-01,tid_2519,1
kmeans,2023-06-01,tid_2520,1
kmeans,2023-06-01,tid_2521,1
kmeans,2023-06-01,tid_2522,1
kmeans,2023-06-01,tid_2523,1
kmeans,2023-06-01,tid_2524,1
kmeans,2023-06-01,tid_2525,1
kmeans,2023-06-01,tid_2526,1
kmeans,2023-06-01,tid_2527,1
kmeans,2023-06-01,tid_2528,1
kmeans,2023-06-01,tid_2529,1
kmeans,2023-06-01,tid_2530,1
kmeans,2023-06-01,tid_2531,1
kmeans,2023-06-01,tid_2532,1
kmeans,2023-06-01,tid_2533,1
kmeans,2023-06-01,tid_2534,1
kmeans,2023-06-01,tid_2535,1
kmeans,2023-06-01,tid_2536,1
kmeans,2023-06-01,tid_2537,1
kmeans,2023-06-01,tid_2538,1
kmeans,2023-06-01,tid_2539,1
kmeans,2023-06-01,tid_2540,1
kmeans,2023-06-01,tid_2541,1
kmeans,2023-06-01,tid_2542,1
kmeans,2023-06-01,tid_2543,1
kmeans,2023-06-01,tid_2544,1
kmeans,2023-06-01,tid_2545,1
kmeans,2023-06-01,tid_2546,1
kmeans,2023-06-01,tid_2547,4
kmeans,2023-06-01,tid_2548,1
kmeans,2023-06-01,tid_2549,1
kmeans,2023-06-01,tid_2550,1
kmeans,2023-06-01,tid_2551,1
kmeans,2023-06-01,tid_2552,1
kmeans,2023-06-01,tid_2553,1
kmeans,2023-06-01,tid_2554,4
kmeans,2023-06-01,tid_2555,1
kmeans,2023-06-01,tid_2556,1
kmeans,2023-06-01,tid_2557,1
kmeans,2023-06-01,tid_2558,1
kmeans,2023-06-01,tid_2559,1
kmeans,2023-06-01,tid_2560,1
kmeans,2023-06-01,tid_2561,1
kmeans,2023-06-01,tid_2562,1
kmeans,2023-06-01,tid_2563,1
kmeans,2023-06-01,tid_2564,1
kmeans,2023-06-01,tid_2565,1
kmeans,2023-06-01,tid_2566,1
kmeans,2023-06-01,tid_2567,1
kmeans,2023-06-01,tid_2568,1
kmeans,2023-06-01,tid_2569,1
kmeans,2023-06-01,tid_2570,1
kmeans,2023-06-01,tid_2571,4
kmeans,2023-06-01,tid_2572,1
kmeans,2023-06-01,tid_2573,1
kmeans,2023-06-01,tid_2574,1
kmeans,2023-06-01,tid_2575,1
kmeans,2023-06-01,tid_2576,1
kmeans,2023-06-01,tid_2577,1
kmeans,2023-06-01,tid_2578,1
kmeans,2023-06-01,tid_2579,1
kmeans,2023-06-01,tid_2580,1
kmeans,2023-06-01,tid_2581,1
kmeans,2023-06-01,tid_2582,1
kmeans,2023-06-01,tid_2583,1
kmeans,2023-06-01,tid_2584,1
kmeans,2023-06-01,tid_2585,1
kmeans,2023-06-01,tid_2586,1
kmeans,2023-06-01,tid_2587,1
kmeans,2023-06-01,tid_2588,4
kmeans,2023-06-01,tid_2589,1
kmeans,2023-06-01,tid_2590,1
kmeans,2023-06-01,tid_2591,6
kmeans,2023-06-01,tid_2592,1
kmeans,2023-06-01,tid_2593,6
kmeans,2023-06-01,tid_2595,6
kmeans,2023-06-01,tid_2596,4
kmeans,2023-06-01,tid_2597,4
kmeans,2023-06-01,tid_2598,6
kmeans,2023-06-01,tid_2599,1
kmeans,2023-06-01,tid_26,4
kmeans,2023-06-01,tid_2600,1
kmeans,2023-06-01,tid_2601,4
kmeans,2023-06-01,tid_2602,1
kmeans,2023-06-01,tid_2604,1
kmeans,2023-06-01,tid_2605,1
kmeans,2023-06-01,tid_2606,1
kmeans,2023-06-01,tid_2607,4
kmeans,2023-06-01,tid_2618,3
kmeans,2023-06-01,tid_2619,6
kmeans,2023-06-01,tid_2620,4
kmeans,2023-06-01,tid_2621,4
kmeans,2023-06-01,tid_2644,4
kmeans,2023-06-01,tid_2646,1
kmeans,2023-06-01,tid_2647,4
kmeans,2023-06-01,tid_2648,4
kmeans,2023-06-01,tid_2649,4
kmeans,2023-06-01,tid_2651,1
kmeans,2023-06-01,tid_2652,4
kmeans,2023-06-01,tid_269,4
kmeans,2023-06-01,tid_27,4
kmeans,2023-06-01,tid_270,6
kmeans,2023-06-01,tid_271,6
kmeans,2023-06-01,tid_2710,6
kmeans,2023-06-01,tid_272,3
kmeans,2023-06-01,tid_273,0
kmeans,2023-06-01,tid_274,6
kmeans,2023-06-01,tid_275,0
kmeans,2023-06-01,tid_276,0
kmeans,2023-06-01,tid_277,0
kmeans,2023-06-01,tid_278,4
kmeans,2023-06-01,tid_279,3
kmeans,2023-06-01,tid_28,4
kmeans,2023-06-01,tid_280,3
kmeans,2023-06-01,tid_2808,4
kmeans,2023-06-01,tid_2809,4
kmeans,2023-06-01,tid_281,0
kmeans,2023-06-01,tid_2813,6
kmeans,2023-06-01,tid_2814,1
kmeans,2023-06-01,tid_282,0
kmeans,2023-06-01,tid_283,0
kmeans,2023-06-01,tid_284,3
kmeans,2023-06-01,tid_285,3
kmeans,2023-06-01,tid_287,5
kmeans,2023-06-01,tid_2872,3
kmeans,2023-06-01,tid_2876,1
kmeans,2023-06-01,tid_2879,4
kmeans,2023-06-01,tid_288,5
kmeans,2023-06-01,tid_2880,6
kmeans,2023-06-01,tid_2881,1
kmeans,2023-06-01,tid_2882,6
kmeans,2023-06-01,tid_2883,6
kmeans,2023-06-01,tid_2884,4
kmeans,2023-06-01,tid_2885,0
kmeans,2023-06-01,tid_2886,6
kmeans,2023-06-01,tid_2887,1
kmeans,2023-06-01,tid_289,5
kmeans,2023-06-01,tid_29,4
kmeans,2023-06-01,tid_290,5
kmeans,2023-06-01,tid_292,5
kmeans,2023-06-01,tid_293,5
kmeans,2023-06-01,tid_294,5
kmeans,2023-06-01,tid_295,5
kmeans,2023-06-01,tid_296,5
kmeans,2023-06-01,tid_297,5
kmeans,2023-06-01,tid_298,6
kmeans,2023-06-01,tid_3,6
kmeans,2023-06-01,tid_30,0
kmeans,2023-06-01,tid_300,5
kmeans,2023-06-01,tid_3005,4
kmeans,2023-06-01,tid_3007,6
kmeans,2023-06-01,tid_3009,4
kmeans,2023-06-01,tid_301,0
kmeans,2023-06-01,tid_3011,4
kmeans,2023-06-01,tid_3012,5
kmeans,2023-06-01,tid_3013,4
kmeans,2023-06-01,tid_302,5
kmeans,2023-06-01,tid_303,6
kmeans,2023-06-01,tid_304,7
kmeans,2023-06-01,tid_305,5
kmeans,2023-06-01,tid_306,5
kmeans,2023-06-01,tid_307,5
kmeans,2023-06-01,tid_308,5
kmeans,2023-06-01,tid_309,2
kmeans,2023-06-01,tid_31,0
kmeans,2023-06-01,tid_312,0
kmeans,2023-06-01,tid_314,2
kmeans,2023-06-01,tid_316,2
kmeans,2023-06-01,tid_317,2
kmeans,2023-06-01,tid_318,2
kmeans,2023-06-01,tid_319,2
kmeans,2023-06-01,tid_32,0
kmeans,2023-06-01,tid_320,2
kmeans,2023-06-01,tid_321,2
kmeans,2023-06-01,tid_323,2
kmeans,2023-06-01,tid_324,2
kmeans,2023-06-01,tid_325,6
kmeans,2023-06-01,tid_326,2
kmeans,2023-06-01,tid_327,6
kmeans,2023-06-01,tid_329,2
kmeans,2023-06-01,tid_33,0
kmeans,2023-06-01,tid_330,6
kmeans,2023-06-01,tid_331,2
kmeans,2023-06-01,tid_332,2
kmeans,2023-06-01,tid_333,6
kmeans,2023-06-01,tid_334,2
kmeans,2023-06-01,tid_335,2
kmeans,2023-06-01,tid_336,2
kmeans,2023-06-01,tid_337,2
kmeans,2023-06-01,tid_338,2
kmeans,2023-06-01,tid_339,2
kmeans,2023-06-01,tid_34,4
kmeans,2023-06-01,tid_340,2
kmeans,2023-06-01,tid_341,2
kmeans,2023-06-01,tid_342,2
kmeans,2023-06-01,tid_343,2
kmeans,2023-06-01,tid_345,1
kmeans,2023-06-01,tid_346,1
kmeans,2023-06-01,tid_347,1
kmeans,2023-06-01,tid_348,1
kmeans,2023-06-01,tid_349,5
kmeans,2023-06-01,tid_35,4
kmeans,2023-06-01,tid_351,1
kmeans,2023-06-01,tid_352,1
kmeans,2023-06-01,tid_354,1
kmeans,2023-06-01,tid_355,4
kmeans,2023-06-01,tid_356,0
kmeans,2023-06-01,tid_357,4
kmeans,2023-06-01,tid_358,0
kmeans,2023-06-01,tid_359,0
kmeans,2023-06-01,tid_36,0
kmeans,2023-06-01,tid_360,3
kmeans,2023-06-01,tid_361,0
kmeans,2023-06-01,tid_362,4
kmeans,2023-06-01,tid_363,0
kmeans,2023-06-01,tid_364,0
kmeans,2023-06-01,tid_365,0
kmeans,2023-06-01,tid_366,0
kmeans,2023-06-01,tid_367,0
kmeans,2023-06-01,tid_368,4
kmeans,2023-06-01,tid_369,0
kmeans,2023-06-01,tid_37,0
kmeans,2023-06-01,tid_370,6
kmeans,2023-06-01,tid_371,4
kmeans,2023-06-01,tid_372,5
kmeans,2023-06-01,tid_373,4
kmeans,2023-06-01,tid_374,4
kmeans,2023-06-01,tid_375,4
kmeans,2023-06-01,tid_376,0
kmeans,2023-06-01,tid_377,7
kmeans,2023-06-01,tid_378,0
kmeans,2023-06-01,tid_379,4
kmeans,2023-06-01,tid_38,4
kmeans,2023-06-01,tid_380,4
kmeans,2023-06-01,tid_381,0
kmeans,2023-06-01,tid_382,4
kmeans,2023-06-01,tid_383,0
kmeans,2023-06-01,tid_384,0
kmeans,2023-06-01,tid_385,4
kmeans,2023-06-01,tid_386,0
kmeans,2023-06-01,tid_387,0
kmeans,2023-06-01,tid_388,4
kmeans,2023-06-01,tid_39,4
kmeans,2023-06-01,tid_390,0
kmeans,2023-06-01,tid_391,0
kmeans,2023-06-01,tid_392,6
kmeans,2023-06-01,tid_393,5
kmeans,2023-06-01,tid_395,3
kmeans,2023-06-01,tid_396,6
kmeans,2023-06-01,tid_397,4
kmeans,2023-06-01,tid_398,0
kmeans,2023-06-01,tid_4,4
kmeans,2023-06-01,tid_40,4
kmeans,2023-06-01,tid_401,3
kmeans,2023-06-01,tid_402,3
kmeans,2023-06-01,tid_403,3
kmeans,2023-06-01,tid_404,3
kmeans,2023-06-01,tid_405,4
kmeans,2023-06-01,tid_408,3
kmeans,2023-06-01,tid_41,0
kmeans,2023-06-01,tid_410,3
kmeans,2023-06-01,tid_413,3
kmeans,2023-06-01,tid_414,4
kmeans,2023-06-01,tid_416,3
kmeans,2023-06-01,tid_418,4
kmeans,2023-06-01,tid_419,4
kmeans,2023-06-01,tid_42,4
kmeans,2023-06-01,tid_420,4
kmeans,2023-06-01,tid_421,4
kmeans,2023-06-01,tid_422,4
kmeans,2023-06-01,tid_423,0
kmeans,2023-06-01,tid_424,0
kmeans,2023-06-01,tid_425,0
kmeans,2023-06-01,tid_428,5
kmeans,2023-06-01,tid_429,0
kmeans,2023-06-01,tid_43,0
kmeans,2023-06-01,tid_430,4
kmeans,2023-06-01,tid_431,0
kmeans,2023-06-01,tid_432,7
kmeans,2023-06-01,tid_433,0
kmeans,2023-06-01,tid_434,0
kmeans,2023-06-01,tid_435,0
kmeans,2023-06-01,tid_436,0
kmeans,2023-06-01,tid_437,0
kmeans,2023-06-01,tid_438,0
kmeans,2023-06-01,tid_44,4
kmeans,2023-06-01,tid_440,0
kmeans,2023-06-01,tid_441,0
kmeans,2023-06-01,tid_442,0
kmeans,2023-06-01,tid_443,0
kmeans,2023-06-01,tid_444,0
kmeans,2023-06-01,tid_445,7
kmeans,2023-06-01,tid_446,0
kmeans,2023-06-01,tid_447,0
kmeans,2023-06-01,tid_448,4
kmeans,2023-06-01,tid_449,3
kmeans,2023-06-01,tid_45,0
kmeans,2023-06-01,tid_450,6
kmeans,2023-06-01,tid_451,3
kmeans,2023-06-01,tid_452,4
kmeans,2023-06-01,tid_453,3
kmeans,2023-06-01,tid_455,3
kmeans,2023-06-01,tid_456,3
kmeans,2023-06-01,tid_457,3
kmeans,2023-06-01,tid_458,3
kmeans,2023-06-01,tid_459,0
kmeans,2023-06-01,tid_46,0
kmeans,2023-06-01,tid_460,3
kmeans,2023-06-01,tid_47,0
kmeans,2023-06-01,tid_478,4
kmeans,2023-06-01,tid_479,5
kmeans,2023-06-01,tid_48,0
kmeans,2023-06-01,tid_480,4
kmeans,2023-06-01,tid_481,4
kmeans,2023-06-01,tid_482,5
kmeans,2023-06-01,tid_484,0
kmeans,2023-06-01,tid_485,4
kmeans,2023-06-01,tid_486,0
kmeans,2023-06-01,tid_487,4
kmeans,2023-06-01,tid_489,5
kmeans,2023-06-01,tid_49,6
kmeans,2023-06-01,tid_490,0
kmeans,2023-06-01,tid_491,4
kmeans,2023-06-01,tid_492,4
kmeans,2023-06-01,tid_493,7
kmeans,2023-06-01,tid_494,0
kmeans,2023-06-01,tid_495,5
kmeans,2023-06-01,tid_496,0
kmeans,2023-06-01,tid_497,0
kmeans,2023-06-01,tid_498,4
kmeans,2023-06-01,tid_499,0
kmeans,2023-06-01,tid_5,5
kmeans,2023-06-01,tid_50,4
kmeans,2023-06-01,tid_501,0
kmeans,2023-06-01,tid_502,0
kmeans,2023-06-01,tid_503,0
kmeans,2023-06-01,tid_504,4
kmeans,2023-06-01,tid_505,0
kmeans,2023-06-01,tid_506,4
kmeans,2023-06-01,tid_507,4
kmeans,2023-06-01,tid_508,0
kmeans,2023-06-01,tid_509,4
kmeans,2023-06-01,tid_51,4
kmeans,2023-06-01,tid_510,4
kmeans,2023-06-01,tid_511,6
kmeans,2023-06-01,tid_512,6
kmeans,2023-06-01,tid_515,4
kmeans,2023-06-01,tid_516,7
kmeans,2023-06-01,tid_517,0
kmeans,2023-06-01,tid_518,3
kmeans,2023-06-01,tid_519,0
kmeans,2023-06-01,tid_52,0
kmeans,2023-06-01,tid_520,5
kmeans,2023-06-01,tid_521,7
kmeans,2023-06-01,tid_522,3
kmeans,2023-06-01,tid_523,5
kmeans,2023-06-01,tid_524,0
kmeans,2023-06-01,tid_525,0
kmeans,2023-06-01,tid_527,6
kmeans,2023-06-01,tid_528,0
kmeans,2023-06-01,tid_529,0
kmeans,2023-06-01,tid_53,4
kmeans,2023-06-01,tid_530,6
kmeans,2023-06-01,tid_531,7
kmeans,2023-06-01,tid_532,0
kmeans,2023-06-01,tid_533,0
kmeans,2023-06-01,tid_534,3
kmeans,2023-06-01,tid_535,0
kmeans,2023-06-01,tid_536,0
kmeans,2023-06-01,tid_537,0
kmeans,2023-06-01,tid_538,7
kmeans,2023-06-01,tid_539,0
kmeans,2023-06-01,tid_54,0
kmeans,2023-06-01,tid_540,0
kmeans,2023-06-01,tid_541,7
kmeans,2023-06-01,tid_542,0
kmeans,2023-06-01,tid_543,0
kmeans,2023-06-01,tid_544,0
kmeans,2023-06-01,tid_545,0
kmeans,2023-06-01,tid_546,5
kmeans,2023-06-01,tid_547,5
kmeans,2023-06-01,tid_548,0
kmeans,2023-06-01,tid_549,0
kmeans,2023-06-01,tid_55,4
kmeans,2023-06-01,tid_550,0
kmeans,2023-06-01,tid_552,0
kmeans,2023-06-01,tid_553,5
kmeans,2023-06-01,tid_554,0
kmeans,2023-06-01,tid_555,5
kmeans,2023-06-01,tid_556,2
kmeans,2023-06-01,tid_557,7
kmeans,2023-06-01,tid_558,5
kmeans,2023-06-01,tid_559,0
kmeans,2023-06-01,tid_56,0
kmeans,2023-06-01,tid_560,0
kmeans,2023-06-01,tid_561,0
kmeans,2023-06-01,tid_562,7
kmeans,2023-06-01,tid_563,5
kmeans,2023-06-01,tid_564,0
kmeans,2023-06-01,tid_565,5
kmeans,2023-06-01,tid_566,0
kmeans,2023-06-01,tid_567,7
kmeans,2023-06-01,tid_568,0
kmeans,2023-06-01,tid_569,0
kmeans,2023-06-01,tid_57,4
kmeans,2023-06-01,tid_570,7
kmeans,2023-06-01,tid_571,0
kmeans,2023-06-01,tid_572,3
kmeans,2023-06-01,tid_574,6
kmeans,2023-06-01,tid_578,4
kmeans,2023-06-01,tid_579,0
kmeans,2023-06-01,tid_58,0
kmeans,2023-06-01,tid_580,2
kmeans,2023-06-01,tid_581,4
kmeans,2023-06-01,tid_582,2
kmeans,2023-06-01,tid_583,2
kmeans,2023-06-01,tid_584,0
kmeans,2023-06-01,tid_585,6
kmeans,2023-06-01,tid_586,0
kmeans,2023-06-01,tid_587,4
kmeans,2023-06-01,tid_588,0
kmeans,2023-06-01,tid_589,0
kmeans,2023-06-01,tid_59,4
kmeans,2023-06-01,tid_591,0
kmeans,2023-06-01,tid_592,0
kmeans,2023-06-01,tid_593,0
kmeans,2023-06-01,tid_594,0
kmeans,2023-06-01,tid_595,0
kmeans,2023-06-01,tid_598,0
kmeans,2023-06-01,tid_599,0
kmeans,2023-06-01,tid_6,4
kmeans,2023-06-01,tid_60,0
kmeans,2023-06-01,tid_600,0
kmeans,2023-06-01,tid_601,0
kmeans,2023-06-01,tid_602,2
kmeans,2023-06-01,tid_603,0
kmeans,2023-06-01,tid_604,4
kmeans,2023-06-01,tid_605,4
kmeans,2023-06-01,tid_606,0
kmeans,2023-06-01,tid_607,4
kmeans,2023-06-01,tid_608,4
kmeans,2023-06-01,tid_61,0
kmeans,2023-06-01,tid_612,4
kmeans,2023-06-01,tid_613,3
kmeans,2023-06-01,tid_614,2
kmeans,2023-06-01,tid_615,2
kmeans,2023-06-01,tid_616,2
kmeans,2023-06-01,tid_618,2
kmeans,2023-06-01,tid_619,2
kmeans,2023-06-01,tid_62,0
kmeans,2023-06-01,tid_621,2
kmeans,2023-06-01,tid_63,4
kmeans,2023-06-01,tid_65,0
kmeans,2023-06-01,tid_66,4
kmeans,2023-06-01,tid_666,1
kmeans,2023-06-01,tid_667,6
kmeans,2023-06-01,tid_668,7
kmeans,2023-06-01,tid_669,6
kmeans,2023-06-01,tid_67,0
kmeans,2023-06-01,tid_670,6
kmeans,2023-06-01,tid_671,6
kmeans,2023-06-01,tid_674,6
kmeans,2023-06-01,tid_675,6
kmeans,2023-06-01,tid_676,4
kmeans,2023-06-01,tid_677,6
kmeans,2023-06-01,tid_678,6
kmeans,2023-06-01,tid_679,4
kmeans,2023-06-01,tid_68,0
kmeans,2023-06-01,tid_680,6
kmeans,2023-06-01,tid_683,0
kmeans,2023-06-01,tid_685,0
kmeans,2023-06-01,tid_686,4
kmeans,2023-06-01,tid_687,7
kmeans,2023-06-01,tid_689,6
kmeans,2023-06-01,tid_69,4
kmeans,2023-06-01,tid_690,0
kmeans,2023-06-01,tid_691,7
kmeans,2023-06-01,tid_692,5
kmeans,2023-06-01,tid_693,4
kmeans,2023-06-01,tid_694,7
kmeans,2023-06-01,tid_695,6
kmeans,2023-06-01,tid_696,0
kmeans,2023-06-01,tid_697,3
kmeans,2023-06-01,tid_698,5
kmeans,2023-06-01,tid_699,7
kmeans,2023-06-01,tid_7,1
kmeans,2023-06-01,tid_70,6
kmeans,2023-06-01,tid_701,3
kmeans,2023-06-01,tid_702,6
kmeans,2023-06-01,tid_703,7
kmeans,2023-06-01,tid_704,0
kmeans,2023-06-01,tid_705,3
kmeans,2023-06-01,tid_706,5
kmeans,2023-06-01,tid_708,2
kmeans,2023-06-01,tid_71,4
kmeans,2023-06-01,tid_710,3
kmeans,2023-06-01,tid_711,3
kmeans,2023-06-01,tid_712,5
kmeans,2023-06-01,tid_713,7
kmeans,2023-06-01,tid_714,3
kmeans,2023-06-01,tid_715,7
kmeans,2023-06-01,tid_716,6
kmeans,2023-06-01,tid_717,0
kmeans,2023-06-01,tid_718,2
kmeans,2023-06-01,tid_719,5
kmeans,2023-06-01,tid_72,0
kmeans,2023-06-01,tid_720,2
kmeans,2023-06-01,tid_721,3
kmeans,2023-06-01,tid_722,3
kmeans,2023-06-01,tid_723,7
kmeans,2023-06-01,tid_725,0
kmeans,2023-06-01,tid_726,2
kmeans,2023-06-01,tid_727,4
kmeans,2023-06-01,tid_73,4
kmeans,2023-06-01,tid_731,0
kmeans,2023-06-01,tid_734,7
kmeans,2023-06-01,tid_735,0
kmeans,2023-06-01,tid_736,3
kmeans,2023-06-01,tid_737,0
kmeans,2023-06-01,tid_738,0
kmeans,2023-06-01,tid_739,3
kmeans,2023-06-01,tid_74,0
kmeans,2023-06-01,tid_741,6
kmeans,2023-06-01,tid_742,6
kmeans,2023-06-01,tid_743,7
kmeans,2023-06-01,tid_744,0
kmeans,2023-06-01,tid_745,7
kmeans,2023-06-01,tid_746,0
kmeans,2023-06-01,tid_747,0
kmeans,2023-06-01,tid_748,4
kmeans,2023-06-01,tid_749,0
kmeans,2023-06-01,tid_75,4
kmeans,2023-06-01,tid_751,7
kmeans,2023-06-01,tid_752,3
kmeans,2023-06-01,tid_753,0
kmeans,2023-06-01,tid_754,0
kmeans,2023-06-01,tid_755,7
kmeans,2023-06-01,tid_756,0
kmeans,2023-06-01,tid_757,4
kmeans,2023-06-01,tid_758,0
kmeans,2023-06-01,tid_76,4
kmeans,2023-06-01,tid_760,5
kmeans,2023-06-01,tid_761,0
kmeans,2023-06-01,tid_763,4
kmeans,2023-06-01,tid_764,3
kmeans,2023-06-01,tid_765,3
kmeans,2023-06-01,tid_766,6
kmeans,2023-06-01,tid_767,6
kmeans,2023-06-01,tid_769,7
kmeans,2023-06-01,tid_77,4
kmeans,2023-06-01,tid_770,0
kmeans,2023-06-01,tid_771,0
kmeans,2023-06-01,tid_773,0
kmeans,2023-06-01,tid_774,3
kmeans,2023-06-01,tid_775,1
kmeans,2023-06-01,tid_776,4
kmeans,2023-06-01,tid_777,4
kmeans,2023-06-01,tid_778,4
kmeans,2023-06-01,tid_779,0
kmeans,2023-06-01,tid_78,0
kmeans,2023-06-01,tid_780,0
kmeans,2023-06-01,tid_781,0
kmeans,2023-06-01,tid_782,4
kmeans,2023-06-01,tid_783,0
kmeans,2023-06-01,tid_784,0
kmeans,2023-06-01,tid_785,4
kmeans,2023-06-01,tid_787,0
kmeans,2023-06-01,tid_788,2
kmeans,2023-06-01,tid_789,0
kmeans,2023-06-01,tid_79,4
kmeans,2023-06-01,tid_790,0
kmeans,2023-06-01,tid_791,0
kmeans,2023-06-01,tid_792,0
kmeans,2023-06-01,tid_793,0
kmeans,2023-06-01,tid_794,0
kmeans,2023-06-01,tid_795,0
kmeans,2023-06-01,tid_796,0
kmeans,2023-06-01,tid_797,0
kmeans,2023-06-01,tid_798,0
kmeans,2023-06-01,tid_799,0
kmeans,2023-06-01,tid_8,4
kmeans,2023-06-01,tid_80,0
kmeans,2023-06-01,tid_800,0
kmeans,2023-06-01,tid_801,0
kmeans,2023-06-01,tid_802,0
kmeans,2023-06-01,tid_803,0
kmeans,2023-06-01,tid_804,0
kmeans,2023-06-01,tid_805,0
kmeans,2023-06-01,tid_806,0
kmeans,2023-06-01,tid_807,0
kmeans,2023-06-01,tid_808,0
kmeans,2023-06-01,tid_809,1
kmeans,2023-06-01,tid_81,4
kmeans,2023-06-01,tid_810,5
kmeans,2023-06-01,tid_811,1
kmeans,2023-06-01,tid_812,1
kmeans,2023-06-01,tid_813,1
kmeans,2023-06-01,tid_814,5
kmeans,2023-06-01,tid_815,5
kmeans,2023-06-01,tid_817,6
kmeans,2023-06-01,tid_818,6
kmeans,2023-06-01,tid_819,1
kmeans,2023-06-01,tid_82,0
kmeans,2023-06-01,tid_820,4
kmeans,2023-06-01,tid_821,5
kmeans,2023-06-01,tid_822,5
kmeans,2023-06-01,tid_823,5
kmeans,2023-06-01,tid_824,1
kmeans,2023-06-01,tid_825,5
kmeans,2023-06-01,tid_826,5
kmeans,2023-06-01,tid_827,5
kmeans,2023-06-01,tid_828,5
kmeans,2023-06-01,tid_829,5
kmeans,2023-06-01,tid_83,4
kmeans,2023-06-01,tid_830,4
kmeans,2023-06-01,tid_831,5
kmeans,2023-06-01,tid_832,5
kmeans,2023-06-01,tid_833,5
kmeans,2023-06-01,tid_834,4
kmeans,2023-06-01,tid_835,5
kmeans,2023-06-01,tid_836,5
kmeans,2023-06-01,tid_838,5
kmeans,2023-06-01,tid_839,5
kmeans,2023-06-01,tid_840,5
kmeans,2023-06-01,tid_841,4
kmeans,2023-06-01,tid_842,1
kmeans,2023-06-01,tid_843,4
kmeans,2023-06-01,tid_844,6
kmeans,2023-06-01,tid_846,3
kmeans,2023-06-01,tid_847,6
kmeans,2023-06-01,tid_848,2
kmeans,2023-06-01,tid_849,0
kmeans,2023-06-01,tid_851,0
kmeans,2023-06-01,tid_852,2
kmeans,2023-06-01,tid_853,2
kmeans,2023-06-01,tid_854,2
kmeans,2023-06-01,tid_855,2
kmeans,2023-06-01,tid_856,0
kmeans,2023-06-01,tid_857,2
kmeans,2023-06-01,tid_859,2
kmeans,2023-06-01,tid_860,4
kmeans,2023-06-01,tid_870,2
kmeans,2023-06-01,tid_871,0
kmeans,2023-06-01,tid_872,4
kmeans,2023-06-01,tid_873,0
kmeans,2023-06-01,tid_874,0
kmeans,2023-06-01,tid_875,2
kmeans,2023-06-01,tid_876,2
kmeans,2023-06-01,tid_877,2
kmeans,2023-06-01,tid_878,0
kmeans,2023-06-01,tid_879,2
kmeans,2023-06-01,tid_880,2
kmeans,2023-06-01,tid_881,0
kmeans,2023-06-01,tid_882,2
kmeans,2023-06-01,tid_883,6
kmeans,2023-06-01,tid_884,2
kmeans,2023-06-01,tid_885,3
kmeans,2023-06-01,tid_886,0
kmeans,2023-06-01,tid_888,2
kmeans,2023-06-01,tid_889,0
kmeans,2023-06-01,tid_890,4
kmeans,2023-06-01,tid_891,6
kmeans,2023-06-01,tid_892,6
kmeans,2023-06-01,tid_895,7
kmeans,2023-06-01,tid_896,4
kmeans,2023-06-01,tid_897,6
kmeans,2023-06-01,tid_898,0
kmeans,2023-06-01,tid_899,6
kmeans,2023-06-01,tid_9,4
kmeans,2023-06-01,tid_900,3
kmeans,2023-06-01,tid_901,3
kmeans,2023-06-01,tid_902,3
kmeans,2023-06-01,tid_903,6
kmeans,2023-06-01,tid_904,7
kmeans,2023-06-01,tid_905,6
kmeans,2023-06-01,tid_907,2
kmeans,2023-06-01,tid_908,3
kmeans,2023-06-01,tid_909,7
kmeans,2023-06-01,tid_911,3
kmeans,2023-06-01,tid_912,6
kmeans,2023-06-01,tid_913,3
kmeans,2023-06-01,tid_914,7
kmeans,2023-06-01,tid_915,3
kmeans,2023-06-01,tid_916,6
kmeans,2023-06-01,tid_917,2
kmeans,2023-06-01,tid_918,4
kmeans,2023-06-01,tid_920,6
kmeans,2023-06-01,tid_922,5
kmeans,2023-06-01,tid_923,7
kmeans,2023-06-01,tid_924,5
kmeans,2023-06-01,tid_925,5
kmeans,2023-06-01,tid_926,5
kmeans,2023-06-01,tid_927,4
kmeans,2023-06-01,tid_928,4
kmeans,2023-06-01,tid_929,5
kmeans,2023-06-01,tid_930,5
kmeans,2023-06-01,tid_986,4
kmeans,2023-06-01,tid_987,6
kmeans,2023-06-01,tid_988,4
kmeans,2023-06-01,tid_989,4
kmeans,2023-06-01,tid_991,4
kmeans,2023-06-01,tid_992,6
kmeans,2023-06-01,tid_993,7
kmeans,2023-06-01,tid_994,7
kmeans,2023-06-01,tid_995,7
kmeans,2023-06-01,tid_996,6
kmeans,2023-06-01,tid_998,6
kmeans,2023-06-01,tid_999,7
ward,2023-01-01,tid_1,3
ward,2023-01-01,tid_10,0
ward,2023-01-01,tid_1001,0
ward,2023-01-01,tid_1002,2
ward,2023-01-01,tid_1003,0
ward,2023-01-01,tid_1004,2
ward,2023-01-01,tid_1005,0
ward,2023-01-01,tid_1006,2
ward,2023-01-01,tid_1007,3
ward,2023-01-01,tid_1008,0
ward,2023-01-01,tid_1009,1
ward,2023-01-01,tid_1010,0
ward,2023-01-01,tid_1011,5
ward,2023-01-01,tid_1012,2
ward,2023-01-01,tid_1013,5
ward,2023-01-01,tid_1014,5
ward,2023-01-01,tid_1015,0
ward,2023-01-01,tid_1016,5
ward,2023-01-01,tid_1017,0
ward,2023-01-01,tid_1018,5
ward,2023-01-01,tid_1019,2
ward,2023-01-01,tid_1020,0
ward,2023-01-01,tid_1021,0
ward,2023-01-01,tid_1023,5
ward,2023-01-01,tid_1024,5
ward,2023-01-01,tid_1025,5
ward,2023-01-01,tid_1026,2
ward,2023-01-01,tid_1027,5
ward,2023-01-01,tid_1028,5
ward,2023-01-01,tid_1029,5
ward,2023-01-01,tid_1030,5
ward,2023-01-01,tid_1031,5
ward,2023-01-01,tid_1032,5
ward,2023-01-01,tid_1033,5
ward,2023-01-01,tid_1034,5
ward,2023-01-01,tid_1035,2
ward,2023-01-01,tid_1036,5
ward,2023-01-01,tid_1037,0
ward,2023-01-01,tid_1038,5
ward,2023-01-01,tid_1039,1
ward,2023-01-01,tid_1040,5
ward,2023-01-01,tid_1041,2
ward,2023-01-01,tid_1044,5
ward,2023-01-01,tid_1047,0
ward,2023-01-01,tid_1048,2
ward,2023-01-01,tid_1049,2
ward,2023-01-01,tid_1051,0
ward,2023-01-01,tid_1052,2
ward,2023-01-01,tid_1053,2
ward,2023-01-01,tid_1054,1
ward,2023-01-01,tid_1055,2
ward,2023-01-01,tid_1056,2
ward,2023-01-01,tid_1057,0
ward,2023-01-01,tid_1058,0
ward,2023-01-01,tid_1059,2
ward,2023-01-01,tid_1060,2
ward,2023-01-01,tid_1061,2
ward,2023-01-01,tid_1062,2
ward,2023-01-01,tid_1063,0
ward,2023-01-01,tid_1064,2
ward,2023-01-01,tid_1065,2
ward,2023-01-01,tid_1066,0
ward,2023-01-01,tid_1067,2
ward,2023-01-01,tid_1068,0
ward,2023-01-01,tid_1069,4
ward,2023-01-01,tid_1070,0
ward,2023-01-01,tid_1071,1
ward,2023-01-01,tid_1072,0
ward,2023-01-01,tid_11,1
ward,2023-01-01,tid_1107,1
ward,2023-01-01,tid_1108,2
ward,2023-01-01,tid_1109,2
ward,2023-01-01,tid_1110,0
ward,2023-01-01,tid_1111,0
ward,2023-01-01,tid_1112,0
ward,2023-01-01,tid_1113,2
ward,2023-01-01,tid_1115,2
ward,2023-01-01,tid_1116,5
ward,2023-01-01,tid_1117,0
ward,2023-01-01,tid_1118,2
ward,2023-01-01,tid_1119,2
ward,2023-01-01,tid_1120,2
ward,2023-01-01,tid_1121,2
ward,2023-01-01,tid_1122,2
ward,2023-01-01,tid_1123,2
ward,2023-01-01,tid_1124,2
ward,2023-01-01,tid_1125,0
ward,2023-01-01,tid_1126,2
ward,2023-01-01,tid_1127,2
ward,2023-01-01,tid_1128,2
ward,2023-01-01,tid_1129,2
ward,2023-01-01,tid_1130,2
ward,2023-01-01,tid_1131,1
ward,2023-01-01,tid_1132,2
ward,2023-01-01,tid_1133,2
ward,2023-01-01,tid_1134,3
ward,2023-01-01,tid_1135,1
ward,2023-01-01,tid_1136,1
ward,2023-01-01,tid_1137,2
ward,2023-01-01,tid_1138,2
ward,2023-01-01,tid_1139,2
ward,2023-01-01,tid_1140,1
ward,2023-01-01,tid_1141,0
ward,2023-01-01,tid_1142,1
ward,2023-01-01,tid_1143,2
ward,2023-01-01,tid_1144,7
ward,2023-01-01,tid_1146,2
ward,2023-01-01,tid_1147,1
ward,2023-01-01,tid_1148,1
ward,2023-01-01,tid_1149,1
ward,2023-01-01,tid_1150,0
ward,2023-01-01,tid_1151,6
ward,2023-01-01,tid_1152,4
ward,2023-01-01,tid_1153,3
ward,2023-01-01,tid_1154,6
ward,2023-01-01,tid_1155,1
ward,2023-01-01,tid_1157,0
ward,2023-01-01,tid_1158,2
ward,2023-01-01,tid_1159,1
ward,2023-01-01,tid_1160,1
ward,2023-01-01,tid_1161,2
ward,2023-01-01,tid_1163,0
ward,2023-01-01,tid_1164,0
ward,2023-01-01,tid_1165,0
ward,2023-01-01,tid_1166,5
ward,2023-01-01,tid_1167,2
ward,2023-01-01,tid_1168,2
ward,2023-01-01,tid_1169,1
ward,2023-01-01,tid_1170,1
ward,2023-01-01,tid_1171,1
ward,2023-01-01,tid_1172,1
ward,2023-01-01,tid_1173,7
ward,2023-01-01,tid_1174,1
ward,2023-01-01,tid_1175,1
ward,2023-01-01,tid_1176,1
ward,2023-01-01,tid_1178,1
ward,2023-01-01,tid_1179,1
ward,2023-01-01,tid_1180,0
ward,2023-01-01,tid_1181,1
ward,2023-01-01,tid_1184,0
ward,2023-01-01,tid_1185,0
ward,2023-01-01,tid_1186,3
ward,2023-01-01,tid_1187,0
ward,2023-01-01,tid_1188,3
ward,2023-01-01,tid_1189,2
ward,2023-01-01,tid_1190,3
ward,2023-01-01,tid_1191,0
ward,2023-01-01,tid_1192,1
ward,2023-01-01,tid_1193,1
ward,2023-01-01,tid_1194,1
ward,2023-01-01,tid_1195,1
ward,2023-01-01,tid_1196,1
ward,2023-01-01,tid_1197,0
ward,2023-01-01,tid_1198,0
ward,2023-01-01,tid_12,1
ward,2023-01-01,tid_1200,0
ward,2023-01-01,tid_1201,2
ward,2023-01-01,tid_1203,0
ward,2023-01-01,tid_1204,5
ward,2023-01-01,tid_1205,5
ward,2023-01-01,tid_1206,0
ward,2023-01-01,tid_1207,0
ward,2023-01-01,tid_1208,2
ward,2023-01-01,tid_1209,0
ward,2023-01-01,tid_1210,5
ward,2023-01-01,tid_1211,0
ward,2023-01-01,tid_1212,0
ward,2023-01-01,tid_1213,5
ward,2023-01-01,tid_1214,2
ward,2023-01-01,tid_1215,2
ward,2023-01-01,tid_1217,5
ward,2023-01-01,tid_1218,0
ward,2023-01-01,tid_1219,2
ward,2023-01-01,tid_1220,5
ward,2023-01-01,tid_1221,0
ward,2023-01-01,tid_1222,5
ward,2023-01-01,tid_1223,5
ward,2023-01-01,tid_1224,1
ward,2023-01-01,tid_1225,1
ward,2023-01-01,tid_1226,1
ward,2023-01-01,tid_1227,0
ward,2023-01-01,tid_1228,1
ward,2023-01-01,tid_1229,1
ward,2023-01-01,tid_1230,1
ward,2023-01-01,tid_1231,0
ward,2023-01-01,tid_1232,2
ward,2023-01-01,tid_1233,1
ward,2023-01-01,tid_1234,1
ward,2023-01-01,tid_1235,1
ward,2023-01-01,tid_1236,1
ward,2023-01-01,tid_1237,1
ward,2023-01-01,tid_1238,1
ward,2023-01-01,tid_1240,2
ward,2023-01-01,tid_1241,1
ward,2023-01-01,tid_1242,7
ward,2023-01-01,tid_1243,1
ward,2023-01-01,tid_1244,2
ward,2023-01-01,tid_1246,2
ward,2023-01-01,tid_1249,2
ward,2023-01-01,tid_1250,0
ward,2023-01-01,tid_1251,5
ward,2023-01-01,tid_1252,2
ward,2023-01-01,tid_1253,2
ward,2023-01-01,tid_1254,2
ward,2023-01-01,tid_1256,5
ward,2023-01-01,tid_1257,2
ward,2023-01-01,tid_1258,1
ward,2023-01-01,tid_1259,2
ward,2023-01-01,tid_1260,0
ward,2023-01-01,tid_1261,2
ward,2023-01-01,tid_1262,1
ward,2023-01-01,tid_1264,1
ward,2023-01-01,tid_1265,1
ward,2023-01-01,tid_1266,7
ward,2023-01-01,tid_1267,6
ward,2023-01-01,tid_1268,2
ward,2023-01-01,tid_1269,7
ward,2023-01-01,tid_1270,2
ward,2023-01-01,tid_1271,7
ward,2023-01-01,tid_1272,2
ward,2023-01-01,tid_1273,7
ward,2023-01-01,tid_1274,7
ward,2023-01-01,tid_1275,1
ward,2023-01-01,tid_1276,6
ward,2023-01-01,tid_1277,7
ward,2023-01-01,tid_1278,2
ward,2023-01-01,tid_1279,2
ward,2023-01-01,tid_1280,2
ward,2023-01-01,tid_1281,2
ward,2023-01-01,tid_1282,6
ward,2023-01-01,tid_1284,2
ward,2023-01-01,tid_1285,0
ward,2023-01-01,tid_1286,2
ward,2023-01-01,tid_1287,2
ward,2023-01-01,tid_1288,2
ward,2023-01-01,tid_1289,7
ward,2023-01-01,tid_1290,7
ward,2023-01-01,tid_1291,7
ward,2023-01-01,tid_1292,7
ward,2023-01-01,tid_1293,1
ward,2023-01-01,tid_1294,2
ward,2023-01-01,tid_1295,2
ward,2023-01-01,tid_1296,7
ward,2023-01-01,tid_1297,6
ward,2023-01-01,tid_1298,7
ward,2023-01-01,tid_1299,7
ward,2023-01-01,tid_13,1
ward,2023-01-01,tid_1300,7
ward,2023-01-01,tid_1301,2
ward,2023-01-01,tid_1302,2
ward,2023-01-01,tid_1303,1
ward,2023-01-01,tid_1304,2
ward,2023-01-01,tid_1305,0
ward,2023-01-01,tid_1306,2
ward,2023-01-01,tid_1308,0
ward,2023-01-01,tid_1309,2
ward,2023-01-01,tid_1310,2
ward,2023-01-01,tid_1311,7
ward,2023-01-01,tid_1312,2
ward,2023-01-01,tid_1313,7
ward,2023-01-01,tid_1314,2
ward,2023-01-01,tid_1315,0
ward,2023-01-01,tid_1316,2
ward,2023-01-01,tid_1317,2
ward,2023-01-01,tid_1319,7
ward,2023-01-01,tid_1320,2
ward,2023-01-01,tid_1321,2
ward,2023-01-01,tid_1322,5
ward,2023-01-01,tid_1323,7
ward,2023-01-01,tid_1324,7
ward,2023-01-01,tid_1325,2
ward,2023-01-01,tid_1326,6
ward,2023-01-01,tid_1327,7
ward,2023-01-01,tid_1328,5
ward,2023-01-01,tid_1329,2
ward,2023-01-01,tid_1330,2
ward,2023-01-01,tid_1331,2
ward,2023-01-01,tid_1333,1
ward,2023-01-01,tid_1334,1
ward,2023-01-01,tid_1335,7
ward,2023-01-01,tid_1336,7
ward,2023-01-01,tid_1337,2
ward,2023-01-01,tid_1338,2
ward,2023-01-01,tid_1339,7
ward,2023-01-01,tid_1340,2
ward,2023-01-01,tid_1341,2
ward,2023-01-01,tid_1343,7
ward,2023-01-01,tid_1344,2
ward,2023-01-01,tid_1345,2
ward,2023-01-01,tid_1346,2
ward,2023-01-01,tid_1347,2
ward,2023-01-01,tid_1348,2
ward,2023-01-01,tid_1349,7
ward,2023-01-01,tid_1350,7
ward,2023-01-01,tid_1351,1
ward,2023-01-01,tid_1352,7
ward,2023-01-01,tid_1353,5
ward,2023-01-01,tid_1355,7
ward,2023-01-01,tid_1356,2
ward,2023-01-01,tid_1357,7
ward,2023-01-01,tid_1358,2
ward,2023-01-01,tid_1392,0
ward,2023-01-01,tid_1393,0
ward,2023-01-01,tid_1394,0
ward,2023-01-01,tid_1395,3
ward,2023-01-01,tid_1396,0
ward,2023-01-01,tid_1397,0
ward,2023-01-01,tid_1398,0
ward,2023-01-01,tid_1399,0
ward,2023-01-01,tid_14,1
ward,2023-01-01,tid_1400,0
ward,2023-01-01,tid_1401,0
ward,2023-01-01,tid_1402,0
ward,2023-01-01,tid_1403,1
ward,2023-01-01,tid_1404,0
ward,2023-01-01,tid_1405,0
ward,2023-01-01,tid_1406,0
ward,2023-01-01,tid_1407,0
ward,2023-01-01,tid_1408,0
ward,2023-01-01,tid_1409,0
ward,2023-01-01,tid_1410,3
ward,2023-01-01,tid_1411,0
ward,2023-01-01,tid_1412,5
ward,2023-01-01,tid_1413,0
ward,2023-01-01,tid_1414,0
ward,2023-01-01,tid_1415,5
ward,2023-01-01,tid_1416,1
ward,2023-01-01,tid_1417,5
ward,2023-01-01,tid_1419,5
ward,2023-01-01,tid_1420,5
ward,2023-01-01,tid_1421,2
ward,2023-01-01,tid_1422,0
ward,2023-01-01,tid_1423,5
ward,2023-01-01,tid_1425,0
ward,2023-01-01,tid_1426,5
ward,2023-01-01,tid_1427,1
ward,2023-01-01,tid_1428,5
ward,2023-01-01,tid_1429,2
ward,2023-01-01,tid_1430,0
ward,2023-01-01,tid_1431,4
ward,2023-01-01,tid_1438,4
ward,2023-01-01,tid_1439,3
ward,2023-01-01,tid_1440,0
ward,2023-01-01,tid_1443,3
ward,2023-01-01,tid_1444,3
ward,2023-01-01,tid_1445,0
ward,2023-01-01,tid_1446,0
ward,2023-01-01,tid_1447,0
ward,2023-01-01,tid_1448,3
ward,2023-01-01,tid_1449,2
ward,2023-01-01,tid_1453,3
ward,2023-01-01,tid_1454,0
ward,2023-01-01,tid_1456,3
ward,2023-01-01,tid_1457,3
ward,2023-01-01,tid_1459,3
ward,2023-01-01,tid_1461,0
ward,2023-01-01,tid_1463,0
ward,2023-01-01,tid_1464,0
ward,2023-01-01,tid_1465,3
ward,2023-01-01,tid_1467,3
ward,2023-01-01,tid_1468,0
ward,2023-01-01,tid_1472,0
ward,2023-01-01,tid_1473,0
ward,2023-01-01,tid_1474,0
ward,2023-01-01,tid_1475,3
ward,2023-01-01,tid_1477,0
ward,2023-01-01,tid_1478,0
ward,2023-01-01,tid_1480,0
ward,2023-01-01,tid_1481,0
ward,2023-01-01,tid_1483,0
ward,2023-01-01,tid_1484,0
ward,2023-01-01,tid_1486,0
ward,2023-01-01,tid_1488,0
ward,2023-01-01,tid_1489,0
ward,2023-01-01,tid_1490,0
ward,2023-01-01,tid_1491,0
ward,2023-01-01,tid_1492,0
ward,2023-01-01,tid_1493,3
ward,2023-01-01,tid_1494,0
ward,2023-01-01,tid_1495,0
ward,2023-01-01,tid_1496,0
ward,2023-01-01,tid_15,3
ward,2023-01-01,tid_1500,0
ward,2023-01-01,tid_1501,0
ward,2023-01-01,tid_1504,0
ward,2023-01-01,tid_1506,0
ward,2023-01-01,tid_1507,0
ward,2023-01-01,tid_1508,0
ward,2023-01-01,tid_1509,0
ward,2023-01-01,tid_1510,0
ward,2023-01-01,tid_1511,0
ward,2023-01-01,tid_1512,0
ward,2023-01-01,tid_1518,0
ward,2023-01-01,tid_1519,0
ward,2023-01-01,tid_1520,2
ward,2023-01-01,tid_1521,0
ward,2023-01-01,tid_1522,2
ward,2023-01-01,tid_1523,3
ward,2023-01-01,tid_1525,1
ward,2023-01-01,tid_1526,1
ward,2023-01-01,tid_1527,1
ward,2023-01-01,tid_1528,2
ward,2023-01-01,tid_1529,2
ward,2023-01-01,tid_1530,5
ward,2023-01-01,tid_1532,1
ward,2023-01-01,tid_1533,2
ward,2023-01-01,tid_1534,2
ward,2023-01-01,tid_1535,2
ward,2023-01-01,tid_1536,2
ward,2023-01-01,tid_1537,2
ward,2023-01-01,tid_1539,1
ward,2023-01-01,tid_1540,0
ward,2023-01-01,tid_1541,5
ward,2023-01-01,tid_1542,2
ward,2023-01-01,tid_1543,5
ward,2023-01-01,tid_1544,2
ward,2023-01-01,tid_1545,5
ward,2023-01-01,tid_1546,2
ward,2023-01-01,tid_1547,2
ward,2023-01-01,tid_1548,5
ward,2023-01-01,tid_1549,0
ward,2023-01-01,tid_1550,5
ward,2023-01-01,tid_1551,5
ward,2023-01-01,tid_1552,5
ward,2023-01-01,tid_1553,1
ward,2023-01-01,tid_1554,2
ward,2023-01-01,tid_1555,5
ward,2023-01-01,tid_1556,2
ward,2023-01-01,tid_1557,2
ward,2023-01-01,tid_1558,2
ward,2023-01-01,tid_1559,5
ward,2023-01-01,tid_1560,0
ward,2023-01-01,tid_1561,5
ward,2023-01-01,tid_1562,2
ward,2023-01-01,tid_1563,0
ward,2023-01-01,tid_1564,5
ward,2023-01-01,tid_1565,2
ward,2023-01-01,tid_1566,5
ward,2023-01-01,tid_1567,5
ward,2023-01-01,tid_1568,1
ward,2023-01-01,tid_1569,5
ward,2023-01-01,tid_1570,5
ward,2023-01-01,tid_1571,2
ward,2023-01-01,tid_1572,2
ward,2023-01-01,tid_1573,5
ward,2023-01-01,tid_1574,2
ward,2023-01-01,tid_1575,0
ward,2023-01-01,tid_1577,0
ward,2023-01-01,tid_1578,0
ward,2023-01-01,tid_1579,2
ward,2023-01-01,tid_1580,2
ward,2023-01-01,tid_1581,2
ward,2023-01-01,tid_1582,2
ward,2023-01-01,tid_1583,0
ward,2023-01-01,tid_1584,2
ward,2023-01-01,tid_1585,2
ward,2023-01-01,tid_1586,1
ward,2023-01-01,tid_1587,2
ward,2023-01-01,tid_1588,2
ward,2023-01-01,tid_1589,0
ward,2023-01-01,tid_1590,2
ward,2023-01-01,tid_1591,5
ward,2023-01-01,tid_1592,2
ward,2023-01-01,tid_1593,5
ward,2023-01-01,tid_1594,2
ward,2023-01-01,tid_1595,2
ward,2023-01-01,tid_1596,2
ward,2023-01-01,tid_1597,3
ward,2023-01-01,tid_1598,1
ward,2023-01-01,tid_1599,1
ward,2023-01-01,tid_16,1
ward,2023-01-01,tid_1600,0
ward,2023-01-01,tid_1601,0
ward,2023-01-01,tid_1602,2
ward,2023-01-01,tid_1603,1
ward,2023-01-01,tid_1604,2
ward,2023-01-01,tid_1605,2
ward,2023-01-01,tid_1606,7
ward,2023-01-01,tid_1607,2
ward,2023-01-01,tid_1608,2
ward,2023-01-01,tid_1609,2
ward,2023-01-01,tid_1610,2
ward,2023-01-01,tid_1611,2
ward,2023-01-01,tid_1612,2
ward,2023-01-01,tid_1613,2
ward,2023-01-01,tid_1614,2
ward,2023-01-01,tid_1615,2
ward,2023-01-01,tid_1616,5
ward,2023-01-01,tid_1617,5
ward,2023-01-01,tid_1618,1
ward,2023-01-01,tid_1619,2
ward,2023-01-01,tid_1620,3
ward,2023-01-01,tid_1621,5
ward,2023-01-01,tid_1622,5
ward,2023-01-01,tid_1623,2
ward,2023-01-01,tid_1624,2
ward,2023-01-01,tid_1625,2
ward,2023-01-01,tid_1626,2
ward,2023-01-01,tid_1627,5
ward,2023-01-01,tid_1628,5
ward,2023-01-01,tid_1629,2
ward,2023-01-01,tid_1630,2
ward,2023-01-01,tid_1631,0
ward,2023-01-01,tid_1632,1
ward,2023-01-01,tid_1633,1
ward,2023-01-01,tid_1634,2
ward,2023-01-01,tid_1635,7
ward,2023-01-01,tid_1636,6
ward,2023-01-01,tid_1637,5
ward,2023-01-01,tid_1638,2
ward,2023-01-01,tid_1639,1
ward,2023-01-01,tid_1640,7
ward,2023-01-01,tid_1641,1
ward,2023-01-01,tid_1642,1
ward,2023-01-01,tid_1643,1
ward,2023-01-01,tid_1644,6
ward,2023-01-01,tid_1645,1
ward,2023-01-01,tid_1646,2
ward,2023-01-01,tid_1647,7
ward,2023-01-01,tid_1648,2
ward,2023-01-01,tid_1649,7
ward,2023-01-01,tid_1650,5
ward,2023-01-01,tid_1651,2
ward,2023-01-01,tid_1652,1
ward,2023-01-01,tid_1653,2
ward,2023-01-01,tid_1654,1
ward,2023-01-01,tid_1655,2
ward,2023-01-01,tid_1656,1
ward,2023-01-01,tid_1657,7
ward,2023-01-01,tid_1658,1
ward,2023-01-01,tid_1659,1
ward,2023-01-01,tid_1660,7
ward,2023-01-01,tid_1661,1
ward,2023-01-01,tid_1662,1
ward,2023-01-01,tid_1663,2
ward,2023-01-01,tid_1664,7
ward,2023-01-01,tid_1665,1
ward,2023-01-01,tid_1666,5
ward,2023-01-01,tid_1667,1
ward,2023-01-01,tid_1668,1
ward,2023-01-01,tid_1669,0
ward,2023-01-01,tid_167,3
ward,2023-01-01,tid_1670,2
ward,2023-01-01,tid_1671,2
ward,2023-01-01,tid_1672,0
ward,2023-01-01,tid_1673,0
ward,2023-01-01,tid_1674,1
ward,2023-01-01,tid_1675,1
ward,2023-01-01,tid_1676,0
ward,2023-01-01,tid_1678,2
ward,2023-01-01,tid_1679,2
ward,2023-01-01,tid_168,3
ward,2023-01-01,tid_1680,5
ward,2023-01-01,tid_1681,2
ward,2023-01-01,tid_1682,1
ward,2023-01-01,tid_1683,0
ward,2023-01-01,tid_1685,2
ward,2023-01-01,tid_1686,2
ward,2023-01-01,tid_1687,2
ward,2023-01-01,tid_1688,2
ward,2023-01-01,tid_1689,5
ward,2023-01-01,tid_169,5
ward,2023-01-01,tid_1690,5
ward,2023-01-01,tid_1691,1
ward,2023-01-01,tid_1692,2
ward,2023-01-01,tid_1693,1
ward,2023-01-01,tid_1694,1
ward,2023-01-01,tid_1696,1
ward,2023-01-01,tid_1697,1
ward,2023-01-01,tid_1698,5
ward,2023-01-01,tid_1699,1
ward,2023-01-01,tid_17,1
ward,2023-01-01,tid_1700,1
ward,2023-01-01,tid_1701,2
ward,2023-01-01,tid_1702,5
ward,2023-01-01,tid_1703,1
ward,2023-01-01,tid_1704,0
ward,2023-01-01,tid_1705,2
ward,2023-01-01,tid_1706,1
ward,2023-01-01,tid_1707,1
ward,2023-01-01,tid_1708,0
ward,2023-01-01,tid_1709,2
ward,2023-01-01,tid_1710,0
ward,2023-01-01,tid_1711,5
ward,2023-01-01,tid_1712,5
ward,2023-01-01,tid_1714,5
ward,2023-01-01,tid_1715,2
ward,2023-01-01,tid_1717,2
ward,2023-01-01,tid_1718,5
ward,2023-01-01,tid_1719,0
ward,2023-01-01,tid_1722,5
ward,2023-01-01,tid_1724,2
ward,2023-01-01,tid_1725,5
ward,2023-01-01,tid_1726,0
ward,2023-01-01,tid_1727,5
ward,2023-01-01,tid_1728,2
ward,2023-01-01,tid_173,5
ward,2023-01-01,tid_1730,7
ward,2023-01-01,tid_1731,0
ward,2023-01-01,tid_1732,5
ward,2023-01-01,tid_1733,2
ward,2023-01-01,tid_1737,5
ward,2023-01-01,tid_1738,5
ward,2023-01-01,tid_1739,5
ward,2023-01-01,tid_1740,1
ward,2023-01-01,tid_1741,7
ward,2023-01-01,tid_1742,0
ward,2023-01-01,tid_1743,5
ward,2023-01-01,tid_1744,5
ward,2023-01-01,tid_1745,2
ward,2023-01-01,tid_1746,2
ward,2023-01-01,tid_1747,5
ward,2023-01-01,tid_1749,5
ward,2023-01-01,tid_1750,5
ward,2023-01-01,tid_1751,7
ward,2023-01-01,tid_1752,0
ward,2023-01-01,tid_1753,5
ward,2023-01-01,tid_1754,6
ward,2023-01-01,tid_1755,5
ward,2023-01-01,tid_1756,5
ward,2023-01-01,tid_1757,5
ward,2023-01-01,tid_1758,0
ward,2023-01-01,tid_1759,2
ward,2023-01-01,tid_1760,1
ward,2023-01-01,tid_1761,5
ward,2023-01-01,tid_1762,5
ward,2023-01-01,tid_1764,1
ward,2023-01-01,tid_1765,0
ward,2023-01-01,tid_1766,2
ward,2023-01-01,tid_1768,2
ward,2023-01-01,tid_1769,2
ward,2023-01-01,tid_1770,2
ward,2023-01-01,tid_1771,2
ward,2023-01-01,tid_1773,2
ward,2023-01-01,tid_1774,5
ward,2023-01-01,tid_1775,5
ward,2023-01-01,tid_1776,2
ward,2023-01-01,tid_1777,2
ward,2023-01-01,tid_1778,2
ward,2023-01-01,tid_1780,0
ward,2023-01-01,tid_1781,2
ward,2023-01-01,tid_1782,2
ward,2023-01-01,tid_1783,0
ward,2023-01-01,tid_1784,5
ward,2023-01-01,tid_1785,0
ward,2023-01-01,tid_1786,0
ward,2023-01-01,tid_1787,2
ward,2023-01-01,tid_1788,2
ward,2023-01-01,tid_18,1
ward,2023-01-01,tid_181,5
ward,2023-01-01,tid_184,5
ward,2023-01-01,tid_1845,0
ward,2023-01-01,tid_1846,0
ward,2023-01-01,tid_1848,5
ward,2023-01-01,tid_1849,2
ward,2023-01-01,tid_185,3
ward,2023-01-01,tid_1850,5
ward,2023-01-01,tid_1851,2
ward,2023-01-01,tid_1852,5
ward,2023-01-01,tid_1853,5
ward,2023-01-01,tid_1854,2
ward,2023-01-01,tid_1855,5
ward,2023-01-01,tid_1856,5
ward,2023-01-01,tid_1857,2
ward,2023-01-01,tid_1858,2
ward,2023-01-01,tid_1859,2
ward,2023-01-01,tid_1860,5
ward,2023-01-01,tid_1861,2
ward,2023-01-01,tid_1862,5
ward,2023-01-01,tid_1863,0
ward,2023-01-01,tid_1864,5
ward,2023-01-01,tid_1865,2
ward,2023-01-01,tid_1868,2
ward,2023-01-01,tid_1869,5
ward,2023-01-01,tid_1870,5
ward,2023-01-01,tid_1871,2
ward,2023-01-01,tid_1872,5
ward,2023-01-01,tid_1873,2
ward,2023-01-01,tid_1874,3
ward,2023-01-01,tid_1875,1
ward,2023-01-01,tid_1876,0
ward,2023-01-01,tid_1877,1
ward,2023-01-01,tid_1878,2
ward,2023-01-01,tid_1879,2
ward,2023-01-01,tid_188,5
ward,2023-01-01,tid_1880,1
ward,2023-01-01,tid_1881,0
ward,2023-01-01,tid_1883,0
ward,2023-01-01,tid_1884,5
ward,2023-01-01,tid_1885,2
ward,2023-01-01,tid_1886,2
ward,2023-01-01,tid_1887,5
ward,2023-01-01,tid_1888,5
ward,2023-01-01,tid_1889,2
ward,2023-01-01,tid_1890,0
ward,2023-01-01,tid_1891,5
ward,2023-01-01,tid_1892,7
ward,2023-01-01,tid_1893,0
ward,2023-01-01,tid_1894,2
ward,2023-01-01,tid_1895,2
ward,2023-01-01,tid_1896,5
ward,2023-01-01,tid_1897,2
ward,2023-01-01,tid_1898,2
ward,2023-01-01,tid_1899,1
ward,2023-01-01,tid_19,7
ward,2023-01-01,tid_1900,2
ward,2023-01-01,tid_1901,5
ward,2023-01-01,tid_1902,2
ward,2023-01-01,tid_1903,5
ward,2023-01-01,tid_1904,1
ward,2023-01-01,tid_1905,0
ward,2023-01-01,tid_1906,1
ward,2023-01-01,tid_1907,5
ward,2023-01-01,tid_1908,2
ward,2023-01-01,tid_1909,1
ward,2023-01-01,tid_191,3
ward,2023-01-01,tid_1910,5
ward,2023-01-01,tid_1912,2
ward,2023-01-01,tid_1915,5
ward,2023-01-01,tid_1916,5
ward,2023-01-01,tid_1917,2
ward,2023-01-01,tid_1918,2
ward,2023-01-01,tid_1919,1
ward,2023-01-01,tid_1920,0
ward,2023-01-01,tid_1921,5
ward,2023-01-01,tid_1922,0
ward,2023-01-01,tid_1923,2
ward,2023-01-01,tid_1924,5
ward,2023-01-01,tid_1925,7
ward,2023-01-01,tid_1926,5
ward,2023-01-01,tid_1927,5
ward,2023-01-01,tid_1928,5
ward,2023-01-01,tid_1929,5
ward,2023-01-01,tid_1930,2
ward,2023-01-01,tid_1931,2
ward,2023-01-01,tid_1932,0
ward,2023-01-01,tid_1933,5
ward,2023-01-01,tid_1934,1
ward,2023-01-01,tid_1935,5
ward,2023-01-01,tid_1936,0
ward,2023-01-01,tid_1937,2
ward,2023-01-01,tid_1938,6
ward,2023-01-01,tid_1939,0
ward,2023-01-01,tid_194,3
ward,2023-01-01,tid_1940,5
ward,2023-01-01,tid_1941,5
ward,2023-01-01,tid_1942,5
ward,2023-01-01,tid_1943,5
ward,2023-01-01,tid_1944,2
ward,2023-01-01,tid_1945,5
ward,2023-01-01,tid_1947,2
ward,2023-01-01,tid_1948,1
ward,2023-01-01,tid_1949,5
ward,2023-01-01,tid_195,5
ward,2023-01-01,tid_1950,2
ward,2023-01-01,tid_1951,2
ward,2023-01-01,tid_1952,3
ward,2023-01-01,tid_1954,6
ward,2023-01-01,tid_1955,6
ward,2023-01-01,tid_1956,6
ward,2023-01-01,tid_1957,6
ward,2023-01-01,tid_1958,6
ward,2023-01-01,tid_1959,6
ward,2023-01-01,tid_196,3
ward,2023-01-01,tid_1960,6
ward,2023-01-01,tid_1961,6
ward,2023-01-01,tid_1962,6
ward,2023-01-01,tid_1963,6
ward,2023-01-01,tid_1965,6
ward,2023-01-01,tid_1966,6
ward,2023-01-01,tid_1967,6
ward,2023-01-01,tid_1968,6
ward,2023-01-01,tid_1969,6
ward,2023-01-01,tid_1970,4
ward,2023-01-01,tid_1971,3
ward,2023-01-01,tid_1972,1
ward,2023-01-01,tid_1973,2
ward,2023-01-01,tid_1974,1
ward,2023-01-01,tid_1975,2
ward,2023-01-01,tid_1976,2
ward,2023-01-01,tid_1977,1
ward,2023-01-01,tid_1978,1
ward,2023-01-01,tid_1979,3
ward,2023-01-01,tid_198,5
ward,2023-01-01,tid_1980,0
ward,2023-01-01,tid_1981,1
ward,2023-01-01,tid_1982,0
ward,2023-01-01,tid_1983,2
ward,2023-01-01,tid_1984,2
ward,2023-01-01,tid_1985,1
ward,2023-01-01,tid_1986,1
ward,2023-01-01,tid_1987,1
ward,2023-01-01,tid_1988,0
ward,2023-01-01,tid_1989,2
ward,2023-01-01,tid_1990,0
ward,2023-01-01,tid_1991,1
ward,2023-01-01,tid_1992,0
ward,2023-01-01,tid_1993,0
ward,2023-01-01,tid_1994,2
ward,2023-01-01,tid_1995,1
ward,2023-01-01,tid_1996,0
ward,2023-01-01,tid_1997,0
ward,2023-01-01,tid_1999,1
ward,2023-01-01,tid_2,3
ward,2023-01-01,tid_20,1
ward,2023-01-01,tid_2000,1
ward,2023-01-01,tid_2001,1
ward,2023-01-01,tid_2002,1
ward,2023-01-01,tid_2004,1
ward,2023-01-01,tid_2005,1
ward,2023-01-01,tid_2006,1
ward,2023-01-01,tid_2007,1
ward,2023-01-01,tid_2008,1
ward,2023-01-01,tid_2009,2
ward,2023-01-01,tid_201,3
ward,2023-01-01,tid_2010,1
ward,2023-01-01,tid_2011,1
ward,2023-01-01,tid_2012,1
ward,2023-01-01,tid_2015,2
ward,2023-01-01,tid_2017,7
ward,2023-01-01,tid_2018,2
ward,2023-01-01,tid_2019,1
ward,2023-01-01,tid_2021,2
ward,2023-01-01,tid_2022,7
ward,2023-01-01,tid_2023,1
ward,2023-01-01,tid_2024,1
ward,2023-01-01,tid_2025,6
ward,2023-01-01,tid_2027,2
ward,2023-01-01,tid_2028,2
ward,2023-01-01,tid_203,0
ward,2023-01-01,tid_2030,1
ward,2023-01-01,tid_2031,2
ward,2023-01-01,tid_2032,0
ward,2023-01-01,tid_2033,0
ward,2023-01-01,tid_2034,1
ward,2023-01-01,tid_2035,2
ward,2023-01-01,tid_2036,2
ward,2023-01-01,tid_2037,7
ward,2023-01-01,tid_2039,2
ward,2023-01-01,tid_204,5
ward,2023-01-01,tid_2040,0
ward,2023-01-01,tid_2041,2
ward,2023-01-01,tid_2042,2
ward,2023-01-01,tid_2043,7
ward,2023-01-01,tid_2044,1
ward,2023-01-01,tid_2045,2
ward,2023-01-01,tid_2046,0
ward,2023-01-01,tid_2047,0
ward,2023-01-01,tid_2048,0
ward,2023-01-01,tid_2049,2
ward,2023-01-01,tid_205,3
ward,2023-01-01,tid_2050,2
ward,2023-01-01,tid_2051,2
ward,2023-01-01,tid_2052,2
ward,2023-01-01,tid_2053,0
ward,2023-01-01,tid_2054,7
ward,2023-01-01,tid_2055,2
ward,2023-01-01,tid_2056,5
ward,2023-01-01,tid_2057,7
ward,2023-01-01,tid_2058,2
ward,2023-01-01,tid_2059,0
ward,2023-01-01,tid_206,1
ward,2023-01-01,tid_2060,1
ward,2023-01-01,tid_2061,0
ward,2023-01-01,tid_2062,0
ward,2023-01-01,tid_2063,0
ward,2023-01-01,tid_2064,2
ward,2023-01-01,tid_2065,5
ward,2023-01-01,tid_2066,2
ward,2023-01-01,tid_2067,5
ward,2023-01-01,tid_2068,5
ward,2023-01-01,tid_2069,1
ward,2023-01-01,tid_207,0
ward,2023-01-01,tid_2070,2
ward,2023-01-01,tid_2072,5
ward,2023-01-01,tid_2073,2
ward,2023-01-01,tid_2074,0
ward,2023-01-01,tid_2075,5
ward,2023-01-01,tid_2076,5
ward,2023-01-01,tid_2077,5
ward,2023-01-01,tid_2078,5
ward,2023-01-01,tid_2079,5
ward,2023-01-01,tid_208,0
ward,2023-01-01,tid_2080,5
ward,2023-01-01,tid_2081,0
ward,2023-01-01,tid_2082,5
ward,2023-01-01,tid_2085,5
ward,2023-01-01,tid_2087,5
ward,2023-01-01,tid_2088,5
ward,2023-01-01,tid_2089,5
ward,2023-01-01,tid_209,2
ward,2023-01-01,tid_2090,5
ward,2023-01-01,tid_2091,5
ward,2023-01-01,tid_2093,5
ward,2023-01-01,tid_2094,5
ward,2023-01-01,tid_2095,5
ward,2023-01-01,tid_2096,5
ward,2023-01-01,tid_2098,5
ward,2023-01-01,tid_21,3
ward,2023-01-01,tid_210,0
ward,2023-01-01,tid_2100,0
ward,2023-01-01,tid_2101,1
ward,2023-01-01,tid_2105,0
ward,2023-01-01,tid_2108,0
ward,2023-01-01,tid_2109,2
ward,2023-01-01,tid_211,0
ward,2023-01-01,tid_2110,2
ward,2023-01-01,tid_2111,0
ward,2023-01-01,tid_2112,2
ward,2023-01-01,tid_2113,0
ward,2023-01-01,tid_2114,2
ward,2023-01-01,tid_2116,5
ward,2023-01-01,tid_2117,2
ward,2023-01-01,tid_2118,2
ward,2023-01-01,tid_2119,0
ward,2023-01-01,tid_212,0
ward,2023-01-01,tid_2120,2
ward,2023-01-01,tid_2121,2
ward,2023-01-01,tid_2122,0
ward,2023-01-01,tid_2124,0
ward,2023-01-01,tid_2125,2
ward,2023-01-01,tid_2126,2
ward,2023-01-01,tid_2127,7
ward,2023-01-01,tid_2128,2
ward,2023-01-01,tid_2129,5
ward,2023-01-01,tid_213,2
ward,2023-01-01,tid_2130,2
ward,2023-01-01,tid_2131,2
ward,2023-01-01,tid_2132,2
ward,2023-01-01,tid_2133,5
ward,2023-01-01,tid_2134,2
ward,2023-01-01,tid_2136,2
ward,2023-01-01,tid_2137,2
ward,2023-01-01,tid_2138,2
ward,2023-01-01,tid_2139,0
ward,2023-01-01,tid_214,0
ward,2023-01-01,tid_2140,5
ward,2023-01-01,tid_2142,5
ward,2023-01-01,tid_2143,5
ward,2023-01-01,tid_2144,1
ward,2023-01-01,tid_2145,2
ward,2023-01-01,tid_2146,0
ward,2023-01-01,tid_2148,6
ward,2023-01-01,tid_2149,2
ward,2023-01-01,tid_215,2
ward,2023-01-01,tid_2150,2
ward,2023-01-01,tid_2151,2
ward,2023-01-01,tid_2152,2
ward,2023-01-01,tid_2153,2
ward,2023-01-01,tid_2154,7
ward,2023-01-01,tid_2155,2
ward,2023-01-01,tid_2156,2
ward,2023-01-01,tid_2157,2
ward,2023-01-01,tid_2158,2
ward,2023-01-01,tid_2159,7
ward,2023-01-01,tid_216,0
ward,2023-01-01,tid_2160,2
ward,2023-01-01,tid_2161,1
ward,2023-01-01,tid_2162,5
ward,2023-01-01,tid_2163,2
ward,2023-01-01,tid_2164,0
ward,2023-01-01,tid_2165,0
ward,2023-01-01,tid_2167,0
ward,2023-01-01,tid_2168,0
ward,2023-01-01,tid_2169,0
ward,2023-01-01,tid_217,0
ward,2023-01-01,tid_2171,5
ward,2023-01-01,tid_2172,5
ward,2023-01-01,tid_2173,0
ward,2023-01-01,tid_2174,2
ward,2023-01-01,tid_2175,2
ward,2023-01-01,tid_2176,2
ward,2023-01-01,tid_2177,0
ward,2023-01-01,tid_2178,2
ward,2023-01-01,tid_2179,0
ward,2023-01-01,tid_218,1
ward,2023-01-01,tid_2180,2
ward,2023-01-01,tid_2181,2
ward,2023-01-01,tid_2182,5
ward,2023-01-01,tid_2183,2
ward,2023-01-01,tid_2184,5
ward,2023-01-01,tid_2185,5
ward,2023-01-01,tid_2186,0
ward,2023-01-01,tid_2187,2
ward,2023-01-01,tid_2188,0
ward,2023-01-01,tid_2189,0
ward,2023-01-01,tid_219,0
ward,2023-01-01,tid_2190,3
ward,2023-01-01,tid_2191,1
ward,2023-01-01,tid_2192,1
ward,2023-01-01,tid_2193,1
ward,2023-01-01,tid_2194,1
ward,2023-01-01,tid_2195,5
ward,2023-01-01,tid_2196,5
ward,2023-01-01,tid_2197,7
ward,2023-01-01,tid_2198,2
ward,2023-01-01,tid_2199,1
ward,2023-01-01,tid_22,0
ward,2023-01-01,tid_220,2
ward,2023-01-01,tid_2200,2
ward,2023-01-01,tid_2201,7
ward,2023-01-01,tid_2202,1
ward,2023-01-01,tid_2203,1
ward,2023-01-01,tid_2204,5
ward,2023-01-01,tid_2205,2
ward,2023-01-01,tid_2206,7
ward,2023-01-01,tid_2207,2
ward,2023-01-01,tid_2208,2
ward,2023-01-01,tid_221,0
ward,2023-01-01,tid_2210,0
ward,2023-01-01,tid_2211,0
ward,2023-01-01,tid_2212,2
ward,2023-01-01,tid_2213,5
ward,2023-01-01,tid_2215,1
ward,2023-01-01,tid_2216,0
ward,2023-01-01,tid_2217,0
ward,2023-01-01,tid_2218,0
ward,2023-01-01,tid_2219,0
ward,2023-01-01,tid_222,0
ward,2023-01-01,tid_2220,1
ward,2023-01-01,tid_2221,1
ward,2023-01-01,tid_2222,0
ward,2023-01-01,tid_2223,0
ward,2023-01-01,tid_2224,0
ward,2023-01-01,tid_2225,0
ward,2023-01-01,tid_2226,1
ward,2023-01-01,tid_2227,0
ward,2023-01-01,tid_2228,0
ward,2023-01-01,tid_2229,0
ward,2023-01-01,tid_223,2
ward,2023-01-01,tid_2230,0
ward,2023-01-01,tid_2231,0
ward,2023-01-01,tid_2232,0
ward,2023-01-01,tid_2233,0
ward,2023-01-01,tid_2234,0
ward,2023-01-01,tid_2235,1
ward,2023-01-01,tid_2236,0
ward,2023-01-01,tid_2237,0
ward,2023-01-01,tid_2238,0
ward,2023-01-01,tid_224,1
ward,2023-01-01,tid_2241,0
ward,2023-01-01,tid_2242,0
ward,2023-01-01,tid_2243,0
ward,2023-01-01,tid_2244,4
ward,2023-01-01,tid_2245,0
ward,2023-01-01,tid_2248,0
ward,2023-01-01,tid_2249,6
ward,2023-01-01,tid_225,0
ward,2023-01-01,tid_2250,4
ward,2023-01-01,tid_2251,3
ward,2023-01-01,tid_2252,1
ward,2023-01-01,tid_2253,2
ward,2023-01-01,tid_2254,5
ward,2023-01-01,tid_2255,5
ward,2023-01-01,tid_2256,2
ward,2023-01-01,tid_2257,7
ward,2023-01-01,tid_2258,5
ward,2023-01-01,tid_2259,5
ward,2023-01-01,tid_226,0
ward,2023-01-01,tid_2260,7
ward,2023-01-01,tid_2262,5
ward,2023-01-01,tid_2264,0
ward,2023-01-01,tid_2265,5
ward,2023-01-01,tid_2266,5
ward,2023-01-01,tid_2267,5
ward,2023-01-01,tid_2268,2
ward,2023-01-01,tid_2269,2
ward,2023-01-01,tid_227,0
ward,2023-01-01,tid_2270,2
ward,2023-01-01,tid_2271,5
ward,2023-01-01,tid_2272,1
ward,2023-01-01,tid_2274,1
ward,2023-01-01,tid_2275,1
ward,2023-01-01,tid_2276,2
ward,2023-01-01,tid_2278,2
ward,2023-01-01,tid_2279,1
ward,2023-01-01,tid_228,0
ward,2023-01-01,tid_2280,1
ward,2023-01-01,tid_2281,1
ward,2023-01-01,tid_2282,1
ward,2023-01-01,tid_2286,1
ward,2023-01-01,tid_2287,2
ward,2023-01-01,tid_2288,1
ward,2023-01-01,tid_2289,1
ward,2023-01-01,tid_229,0
ward,2023-01-01,tid_2292,1
ward,2023-01-01,tid_2293,2
ward,2023-01-01,tid_2294,2
ward,2023-01-01,tid_2295,2
ward,2023-01-01,tid_2296,1
ward,2023-01-01,tid_2297,2
ward,2023-01-01,tid_2298,1
ward,2023-01-01,tid_2299,2
ward,2023-01-01,tid_23,1
ward,2023-01-01,tid_230,2
ward,2023-01-01,tid_2300,1
ward,2023-01-01,tid_2301,2
ward,2023-01-01,tid_2302,6
ward,2023-01-01,tid_2303,2
ward,2023-01-01,tid_2304,2
ward,2023-01-01,tid_2305,2
ward,2023-01-01,tid_2307,1
ward,2023-01-01,tid_2308,2
ward,2023-01-01,tid_2309,2
ward,2023-01-01,tid_231,0
ward,2023-01-01,tid_2310,1
ward,2023-01-01,tid_2311,0
ward,2023-01-01,tid_2312,0
ward,2023-01-01,tid_2314,1
ward,2023-01-01,tid_2315,2
ward,2023-01-01,tid_2316,0
ward,2023-01-01,tid_2317,2
ward,2023-01-01,tid_2318,1
ward,2023-01-01,tid_232,2
ward,2023-01-01,tid_2320,0
ward,2023-01-01,tid_2321,2
ward,2023-01-01,tid_2322,0
ward,2023-01-01,tid_2323,5
ward,2023-01-01,tid_2324,2
ward,2023-01-01,tid_2325,2
ward,2023-01-01,tid_2326,2
ward,2023-01-01,tid_2327,0
ward,2023-01-01,tid_2328,2
ward,2023-01-01,tid_2329,2
ward,2023-01-01,tid_233,2
ward,2023-01-01,tid_2330,2
ward,2023-01-01,tid_2332,2
ward,2023-01-01,tid_2333,0
ward,2023-01-01,tid_2334,0
ward,2023-01-01,tid_2335,0
ward,2023-01-01,tid_2336,0
ward,2023-01-01,tid_2337,1
ward,2023-01-01,tid_2338,6
ward,2023-01-01,tid_2339,6
ward,2023-01-01,tid_234,0
ward,2023-01-01,tid_2340,2
ward,2023-01-01,tid_2341,6
ward,2023-01-01,tid_2342,6
ward,2023-01-01,tid_2343,6
ward,2023-01-01,tid_2344,0
ward,2023-01-01,tid_2345,4
ward,2023-01-01,tid_2348,4
ward,2023-01-01,tid_2349,4
ward,2023-01-01,tid_235,2
ward,2023-01-01,tid_2351,3
ward,2023-01-01,tid_2352,3
ward,2023-01-01,tid_2353,3
ward,2023-01-01,tid_2354,3
ward,2023-01-01,tid_2355,3
ward,2023-01-01,tid_2356,3
ward,2023-01-01,tid_2357,3
ward,2023-01-01,tid_2358,3
ward,2023-01-01,tid_2359,3
ward,2023-01-01,tid_236,0
ward,2023-01-01,tid_2360,3
ward,2023-01-01,tid_2361,3
ward,2023-01-01,tid_2362,0
ward,2023-01-01,tid_2363,3
ward,2023-01-01,tid_2364,3
ward,2023-01-01,tid_2365,3
ward,2023-01-01,tid_2366,3
ward,2023-01-01,tid_2367,3
ward,2023-01-01,tid_2368,3
ward,2023-01-01,tid_2369,3
ward,2023-01-01,tid_237,6
ward,2023-01-01,tid_2370,3
ward,2023-01-01,tid_2371,3
ward,2023-01-01,tid_2372,3
ward,2023-01-01,tid_2373,3
ward,2023-01-01,tid_2374,3
ward,2023-01-01,tid_2375,3
ward,2023-01-01,tid_2376,3
ward,2023-01-01,tid_2377,3
ward,2023-01-01,tid_2378,3
ward,2023-01-01,tid_2379,3
ward,2023-01-01,tid_238,2
ward,2023-01-01,tid_2380,3
ward,2023-01-01,tid_2381,3
ward,2023-01-01,tid_2382,3
ward,2023-01-01,tid_2383,3
ward,2023-01-01,tid_2384,3
ward,2023-01-01,tid_2385,3
ward,2023-01-01,tid_2386,3
ward,2023-01-01,tid_2387,3
ward,2023-01-01,tid_2388,3
ward,2023-01-01,tid_2389,3
ward,2023-01-01,tid_239,2
ward,2023-01-01,tid_2390,3
ward,2023-01-01,tid_2391,3
ward,2023-01-01,tid_2392,3
ward,2023-01-01,tid_2393,0
ward,2023-01-01,tid_2395,0
ward,2023-01-01,tid_2398,3
ward,2023-01-01,tid_2399,3
ward,2023-01-01,tid_240,2
ward,2023-01-01,tid_2400,3
ward,2023-01-01,tid_2401,3
ward,2023-01-01,tid_2402,3
ward,2023-01-01,tid_2403,3
ward,2023-01-01,tid_2404,3
ward,2023-01-01,tid_2405,3
ward,2023-01-01,tid_2406,3
ward,2023-01-01,tid_2407,3
ward,2023-01-01,tid_2408,3
ward,2023-01-01,tid_2409,3
ward,2023-01-01,tid_241,0
ward,2023-01-01,tid_2410,0
ward,2023-01-01,tid_2411,3
ward,2023-01-01,tid_2412,3
ward,2023-01-01,tid_2416,3
ward,2023-01-01,tid_242,2
ward,2023-01-01,tid_2422,3
ward,2023-01-01,tid_2423,3
ward,2023-01-01,tid_2424,3
ward,2023-01-01,tid_2425,3
ward,2023-01-01,tid_2426,3
ward,2023-01-01,tid_2427,3
ward,2023-01-01,tid_2428,3
ward,2023-01-01,tid_2429,3
ward,2023-01-01,tid_243,2
ward,2023-01-01,tid_2430,3
ward,2023-01-01,tid_2431,3
ward,2023-01-01,tid_2432,3
ward,2023-01-01,tid_2433,3
ward,2023-01-01,tid_2434,3
ward,2023-01-01,tid_2435,3
ward,2023-01-01,tid_2436,3
ward,2023-01-01,tid_2437,3
ward,2023-01-01,tid_2439,3
ward,2023-01-01,tid_2440,3
ward,2023-01-01,tid_2441,3
ward,2023-01-01,tid_2442,3
ward,2023-01-01,tid_2443,3
ward,2023-01-01,tid_2444,3
ward,2023-01-01,tid_2445,3
ward,2023-01-01,tid_2446,3
ward,2023-01-01,tid_2447,3
ward,2023-01-01,tid_2449,3
ward,2023-01-01,tid_2450,3
ward,2023-01-01,tid_2451,3
ward,2023-01-01,tid_2452,3
ward,2023-01-01,tid_2453,3
ward,2023-01-01,tid_2454,3
ward,2023-01-01,tid_2455,3
ward,2023-01-01,tid_2456,3
ward,2023-01-01,tid_2457,3
ward,2023-01-01,tid_2458,3
ward,2023-01-01,tid_2459,3
ward,2023-01-01,tid_2460,3
ward,2023-01-01,tid_2461,3
ward,2023-01-01,tid_2462,3
ward,2023-01-01,tid_2463,3
ward,2023-01-01,tid_2464,3
ward,2023-01-01,tid_2465,0
ward,2023-01-01,tid_2466,3
ward,2023-01-01,tid_2467,3
ward,2023-01-01,tid_2468,3
ward,2023-01-01,tid_2469,3
ward,2023-01-01,tid_2470,3
ward,2023-01-01,tid_2471,3
ward,2023-01-01,tid_2472,3
ward,2023-01-01,tid_2473,3
ward,2023-01-01,tid_2474,3
ward,2023-01-01,tid_2475,3
ward,2023-01-01,tid_2476,3
ward,2023-01-01,tid_2477,3
ward,2023-01-01,tid_2478,3
ward,2023-01-01,tid_2479,3
ward,2023-01-01,tid_2480,3
ward,2023-01-01,tid_2481,3
ward,2023-01-01,tid_2482,3
ward,2023-01-01,tid_2483,3
ward,2023-01-01,tid_2484,3
ward,2023-01-01,tid_2485,3
ward,2023-01-01,tid_2486,3
ward,2023-01-01,tid_2487,3
ward,2023-01-01,tid_2488,3
ward,2023-01-01,tid_2489,3
ward,2023-01-01,tid_2490,3
ward,2023-01-01,tid_2491,3
ward,2023-01-01,tid_2492,3
ward,2023-01-01,tid_2493,3
ward,2023-01-01,tid_2494,3
ward,2023-01-01,tid_2495,3
ward,2023-01-01,tid_2496,3
ward,2023-01-01,tid_2497,3
ward,2023-01-01,tid_2498,3
ward,2023-01-01,tid_2499,3
ward,2023-01-01,tid_25,1
ward,2023-01-01,tid_2500,3
ward,2023-01-01,tid_2501,3
ward,2023-01-01,tid_2502,3
ward,2023-01-01,tid_2503,3
ward,2023-01-01,tid_2504,0
ward,2023-01-01,tid_2505,3
ward,2023-01-01,tid_2506,3
ward,2023-01-01,tid_2507,3
ward,2023-01-01,tid_2508,3
ward,2023-01-01,tid_2509,3
ward,2023-01-01,tid_2510,3
ward,2023-01-01,tid_2511,3
ward,2023-01-01,tid_2512,3
ward,2023-01-01,tid_2513,3
ward,2023-01-01,tid_2514,3
ward,2023-01-01,tid_2515,3
ward,2023-01-01,tid_2516,3
ward,2023-01-01,tid_2517,3
ward,2023-01-01,tid_2518,3
ward,2023-01-01,tid_2519,3
ward,2023-01-01,tid_2520,3
ward,2023-01-01,tid_2521,3
ward,2023-01-01,tid_2522,3
ward,2023-01-01,tid_2523,3
ward,2023-01-01,tid_2524,3
ward,2023-01-01,tid_2525,3
ward,2023-01-01,tid_2526,3
ward,2023-01-01,tid_2527,3
ward,2023-01-01,tid_2528,3
ward,2023-01-01,tid_2529,3
ward,2023-01-01,tid_2530,3
ward,2023-01-01,tid_2531,3
ward,2023-01-01,tid_2532,3
ward,2023-01-01,tid_2533,3
ward,2023-01-01,tid_2534,3
ward,2023-01-01,tid_2535,3
ward,2023-01-01,tid_2536,3
ward,2023-01-01,tid_2537,3
ward,2023-01-01,tid_2538,3
ward,2023-01-01,tid_2539,3
ward,2023-01-01,tid_2540,3
ward,2023-01-01,tid_2541,3
ward,2023-01-01,tid_2542,3
ward,2023-01-01,tid_2543,3
ward,2023-01-01,tid_2544,3
ward,2023-01-01,tid_2545,3
ward,2023-01-01,tid_2546,3
ward,2023-01-01,tid_2547,0
ward,2023-01-01,tid_2548,3
ward,2023-01-01,tid_2549,3
ward,2023-01-01,tid_2550,3
ward,2023-01-01,tid_2551,3
ward,2023-01-01,tid_2552,3
ward,2023-01-01,tid_2553,3
ward,2023-01-01,tid_2554,3
ward,2023-01-01,tid_2555,3
ward,2023-01-01,tid_2556,3
ward,2023-01-01,tid_2557,3
ward,2023-01-01,tid_2558,3
ward,2023-01-01,tid_2559,3
ward,2023-01-01,tid_2560,3
ward,2023-01-01,tid_2561,3
ward,2023-01-01,tid_2562,3
ward,2023-01-01,tid_2563,3
ward,2023-01-01,tid_2564,3
ward,2023-01-01,tid_2565,3
ward,2023-01-01,tid_2566,3
ward,2023-01-01,tid_2567,3
ward,2023-01-01,tid_2568,3
ward,2023-01-01,tid_2569,3
ward,2023-01-01,tid_2570,3
ward,2023-01-01,tid_2571,0
ward,2023-01-01,tid_2572,3
ward,2023-01-01,tid_2573,3
ward,2023-01-01,tid_2574,3
ward,2023-01-01,tid_2575,3
ward,2023-01-01,tid_2576,3
ward,2023-01-01,tid_2577,3
ward,2023-01-01,tid_2578,3
ward,2023-01-01,tid_2579,3
ward,2023-01-01,tid_2580,3
ward,2023-01-01,tid_2581,3
ward,2023-01-01,tid_2582,3
ward,2023-01-01,tid_2583,3
ward,2023-01-01,tid_2584,3
ward,2023-01-01,tid_2585,3
ward,2023-01-01,tid_2586,0
ward,2023-01-01,tid_2587,3
ward,2023-01-01,tid_2588,0
ward,2023-01-01,tid_2589,3
ward,2023-01-01,tid_2590,3
ward,2023-01-01,tid_2591,0
ward,2023-01-01,tid_2592,3
ward,2023-01-01,tid_2593,0
ward,2023-01-01,tid_2595,0
ward,2023-01-01,tid_2596,0
ward,2023-01-01,tid_2597,0
ward,2023-01-01,tid_2598,0
ward,2023-01-01,tid_2599,3
ward,2023-01-01,tid_26,1
ward,2023-01-01,tid_2600,3
ward,2023-01-01,tid_2601,0
ward,2023-01-01,tid_2602,3
ward,2023-01-01,tid_2604,3
ward,2023-01-01,tid_2605,3
ward,2023-01-01,tid_2606,0
ward,2023-01-01,tid_2607,0
ward,2023-01-01,tid_2618,2
ward,2023-01-01,tid_2619,0
ward,2023-01-01,tid_2620,1
ward,2023-01-01,tid_2621,1
ward,2023-01-01,tid_2644,0
ward,2023-01-01,tid_2646,0
ward,2023-01-01,tid_2647,0
ward,2023-01-01,tid_2648,0
ward,2023-01-01,tid_2649,0
ward,2023-01-01,tid_2651,3
ward,2023-01-01,tid_2652,0
ward,2023-01-01,tid_269,3
ward,2023-01-01,tid_27,3
ward,2023-01-01,tid_270,0
ward,2023-01-01,tid_271,2
ward,2023-01-01,tid_2710,1
ward,2023-01-01,tid_272,1
ward,2023-01-01,tid_273,1
ward,2023-01-01,tid_274,1
ward,2023-01-01,tid_275,2
ward,2023-01-01,tid_276,2
ward,2023-01-01,tid_277,6
ward,2023-01-01,tid_278,0
ward,2023-01-01,tid_279,2
ward,2023-01-01,tid_28,1
ward,2023-01-01,tid_280,2
ward,2023-01-01,tid_2808,0
ward,2023-01-01,tid_2809,1
ward,2023-01-01,tid_281,1
ward,2023-01-01,tid_2813,0
ward,2023-01-01,tid_2814,0
ward,2023-01-01,tid_282,6
ward,2023-01-01,tid_283,1
ward,2023-01-01,tid_284,0
ward,2023-01-01,tid_285,7
ward,2023-01-01,tid_287,5
ward,2023-01-01,tid_2872,0
ward,2023-01-01,tid_2876,3
ward,2023-01-01,tid_2879,0
ward,2023-01-01,tid_288,5
ward,2023-01-01,tid_2880,0
ward,2023-01-01,tid_2881,3
ward,2023-01-01,tid_2882,0
ward,2023-01-01,tid_2883,0
ward,2023-01-01,tid_2884,0
ward,2023-01-01,tid_2885,1
ward,2023-01-01,tid_2886,0
ward,2023-01-01,tid_2887,3
ward,2023-01-01,tid_289,5
ward,2023-01-01,tid_29,1
ward,2023-01-01,tid_290,7
ward,2023-01-01,tid_292,5
ward,2023-01-01,tid_293,5
ward,2023-01-01,tid_294,5
ward,2023-01-01,tid_295,2
ward,2023-01-01,tid_296,7
ward,2023-01-01,tid_297,2
ward,2023-01-01,tid_298,1
ward,2023-01-01,tid_3,0
ward,2023-01-01,tid_30,1
ward,2023-01-01,tid_300,2
ward,2023-01-01,tid_3005,1
ward,2023-01-01,tid_3007,2
ward,2023-01-01,tid_3009,0
ward,2023-01-01,tid_301,1
ward,2023-01-01,tid_3011,1
ward,2023-01-01,tid_3012,2
ward,2023-01-01,tid_3013,0
ward,2023-01-01,tid_302,2
ward,2023-01-01,tid_303,2
ward,2023-01-01,tid_304,7
ward,2023-01-01,tid_305,5
ward,2023-01-01,tid_306,5
ward,2023-01-01,tid_307,5
ward,2023-01-01,tid_308,1
ward,2023-01-01,tid_309,6
ward,2023-01-01,tid_31,1
ward,2023-01-01,tid_312,6
ward,2023-01-01,tid_314,6
ward,2023-01-01,tid_316,4
ward,2023-01-01,tid_317,6
ward,2023-01-01,tid_318,6
ward,2023-01-01,tid_319,6
ward,2023-01-01,tid_32,1
ward,2023-01-01,tid_320,6
ward,2023-01-01,tid_321,6
ward,2023-01-01,tid_323,6
ward,2023-01-01,tid_324,1
ward,2023-01-01,tid_325,0
ward,2023-01-01,tid_326,6
ward,2023-01-01,tid_327,0
ward,2023-01-01,tid_329,6
ward,2023-01-01,tid_33,1
ward,2023-01-01,tid_330,0
ward,2023-01-01,tid_331,4
ward,2023-01-01,tid_332,4
ward,2023-01-01,tid_333,0
ward,2023-01-01,tid_334,6
ward,2023-01-01,tid_335,6
ward,2023-01-01,tid_336,6
ward,2023-01-01,tid_337,6
ward,2023-01-01,tid_338,6
ward,2023-01-01,tid_339,6
ward,2023-01-01,tid_34,1
ward,2023-01-01,tid_340,6
ward,2023-01-01,tid_341,4
ward,2023-01-01,tid_342,6
ward,2023-01-01,tid_343,6
ward,2023-01-01,tid_345,3
ward,2023-01-01,tid_346,3
ward,2023-01-01,tid_347,3
ward,2023-01-01,tid_348,3
ward,2023-01-01,tid_349,3
ward,2023-01-01,tid_35,1
ward,2023-01-01,tid_351,5
ward,2023-01-01,tid_352,3
ward,2023-01-01,tid_354,3
ward,2023-01-01,tid_355,1
ward,2023-01-01,tid_356,6
ward,2023-01-01,tid_357,1
ward,2023-01-01,tid_358,2
ward,2023-01-01,tid_359,1
ward,2023-01-01,tid_36,1
ward,2023-01-01,tid_360,2
ward,2023-01-01,tid_361,7
ward,2023-01-01,tid_362,1
ward,2023-01-01,tid_363,1
ward,2023-01-01,tid_364,1
ward,2023-01-01,tid_365,1
ward,2023-01-01,tid_366,1
ward,2023-01-01,tid_367,1
ward,2023-01-01,tid_368,1
ward,2023-01-01,tid_369,1
ward,2023-01-01,tid_37,1
ward,2023-01-01,tid_370,0
ward,2023-01-01,tid_371,0
ward,2023-01-01,tid_372,1
ward,2023-01-01,tid_373,1
ward,2023-01-01,tid_374,1
ward,2023-01-01,tid_375,0
ward,2023-01-01,tid_376,1
ward,2023-01-01,tid_377,2
ward,2023-01-01,tid_378,1
ward,2023-01-01,tid_379,0
ward,2023-01-01,tid_38,1
ward,2023-01-01,tid_380,1
ward,2023-01-01,tid_381,1
ward,2023-01-01,tid_382,1
ward,2023-01-01,tid_383,1
ward,2023-01-01,tid_384,1
ward,2023-01-01,tid_385,1
ward,2023-01-01,tid_386,1
ward,2023-01-01,tid_387,1
ward,2023-01-01,tid_388,0
ward,2023-01-01,tid_39,1
ward,2023-01-01,tid_390,1
ward,2023-01-01,tid_391,1
ward,2023-01-01,tid_392,0
ward,2023-01-01,tid_393,1
ward,2023-01-01,tid_395,1
ward,2023-01-01,tid_396,1
ward,2023-01-01,tid_397,1
ward,2023-01-01,tid_398,1
ward,2023-01-01,tid_4,5
ward,2023-01-01,tid_40,1
ward,2023-01-01,tid_401,1
ward,2023-01-01,tid_402,1
ward,2023-01-01,tid_403,1
ward,2023-01-01,tid_404,0
ward,2023-01-01,tid_405,1
ward,2023-01-01,tid_408,1
ward,2023-01-01,tid_41,1
ward,2023-01-01,tid_410,1
ward,2023-01-01,tid_413,1
ward,2023-01-01,tid_414,0
ward,2023-01-01,tid_416,0
ward,2023-01-01,tid_418,1
ward,2023-01-01,tid_419,1
ward,2023-01-01,tid_42,1
ward,2023-01-01,tid_420,1
ward,2023-01-01,tid_421,1
ward,2023-01-01,tid_422,1
ward,2023-01-01,tid_423,1
ward,2023-01-01,tid_424,1
ward,2023-01-01,tid_425,1
ward,2023-01-01,tid_428,7
ward,2023-01-01,tid_429,7
ward,2023-01-01,tid_43,1
ward,2023-01-01,tid_430,1
ward,2023-01-01,tid_431,1
ward,2023-01-01,tid_432,2
ward,2023-01-01,tid_433,7
ward,2023-01-01,tid_434,7
ward,2023-01-01,tid_435,1
ward,2023-01-01,tid_436,1
ward,2023-01-01,tid_437,7
ward,2023-01-01,tid_438,1
ward,2023-01-01,tid_44,1
ward,2023-01-01,tid_440,1
ward,2023-01-01,tid_441,7
ward,2023-01-01,tid_442,7
ward,2023-01-01,tid_443,1
ward,2023-01-01,tid_444,1
ward,2023-01-01,tid_445,7
ward,2023-01-01,tid_446,1
ward,2023-01-01,tid_447,7
ward,2023-01-01,tid_448,0
ward,2023-01-01,tid_449,2
ward,2023-01-01,tid_45,1
ward,2023-01-01,tid_450,0
ward,2023-01-01,tid_451,2
ward,2023-01-01,tid_452,1
ward,2023-01-01,tid_453,2
ward,2023-01-01,tid_455,2
ward,2023-01-01,tid_456,7
ward,2023-01-01,tid_457,2
ward,2023-01-01,tid_458,1
ward,2023-01-01,tid_459,1
ward,2023-01-01,tid_46,1
ward,2023-01-01,tid_460,7
ward,2023-01-01,tid_47,1
ward,2023-01-01,tid_478,1
ward,2023-01-01,tid_479,5
ward,2023-01-01,tid_48,1
ward,2023-01-01,tid_480,1
ward,2023-01-01,tid_481,1
ward,2023-01-01,tid_482,2
ward,2023-01-01,tid_484,1
ward,2023-01-01,tid_485,1
ward,2023-01-01,tid_486,1
ward,2023-01-01,tid_487,1
ward,2023-01-01,tid_489,2
ward,2023-01-01,tid_49,1
ward,2023-01-01,tid_490,1
ward,2023-01-01,tid_491,1
ward,2023-01-01,tid_492,1
ward,2023-01-01,tid_493,2
ward,2023-01-01,tid_494,1
ward,2023-01-01,tid_495,2
ward,2023-01-01,tid_496,1
ward,2023-01-01,tid_497,1
ward,2023-01-01,tid_498,1
ward,2023-01-01,tid_499,1
ward,2023-01-01,tid_5,5
ward,2023-01-01,tid_50,1
ward,2023-01-01,tid_501,1
ward,2023-01-01,tid_502,1
ward,2023-01-01,tid_503,1
ward,2023-01-01,tid_504,1
ward,2023-01-01,tid_505,1
ward,2023-01-01,tid_506,0
ward,2023-01-01,tid_507,1
ward,2023-01-01,tid_508,1
ward,2023-01-01,tid_509,1
ward,2023-01-01,tid_51,1
ward,2023-01-01,tid_510,1
ward,2023-01-01,tid_511,1
ward,2023-01-01,tid_512,2
ward,2023-01-01,tid_515,1
ward,2023-01-01,tid_516,2
ward,2023-01-01,tid_517,1
ward,2023-01-01,tid_518,2
ward,2023-01-01,tid_519,7
ward,2023-01-01,tid_52,1
ward,2023-01-01,tid_520,5
ward,2023-01-01,tid_521,2
ward,2023-01-01,tid_522,2
ward,2023-01-01,tid_523,7
ward,2023-01-01,tid_524,2
ward,2023-01-01,tid_525,7
ward,2023-01-01,tid_527,2
ward,2023-01-01,tid_528,7
ward,2023-01-01,tid_529,2
ward,2023-01-01,tid_53,1
ward,2023-01-01,tid_530,2
ward,2023-01-01,tid_531,7
ward,2023-01-01,tid_532,7
ward,2023-01-01,tid_533,7
ward,2023-01-01,tid_534,5
ward,2023-01-01,tid_535,2
ward,2023-01-01,tid_536,2
ward,2023-01-01,tid_537,2
ward,2023-01-01,tid_538,2
ward,2023-01-01,tid_539,7
ward,2023-01-01,tid_54,1
ward,2023-01-01,tid_540,2
ward,2023-01-01,tid_541,7
ward,2023-01-01,tid_542,7
ward,2023-01-01,tid_543,1
ward,2023-01-01,tid_544,7
ward,2023-01-01,tid_545,1
ward,2023-01-01,tid_546,5
ward,2023-01-01,tid_547,2
ward,2023-01-01,tid_548,7
ward,2023-01-01,tid_549,7
ward,2023-01-01,tid_55,1
ward,2023-01-01,tid_550,7
ward,2023-01-01,tid_552,7
ward,2023-01-01,tid_553,7
ward,2023-01-01,tid_554,7
ward,2023-01-01,tid_555,5
ward,2023-01-01,tid_556,7
ward,2023-01-01,tid_557,7
ward,2023-01-01,tid_558,7
ward,2023-01-01,tid_559,1
ward,2023-01-01,tid_56,1
ward,2023-01-01,tid_560,7
ward,2023-01-01,tid_561,7
ward,2023-01-01,tid_562,2
ward,2023-01-01,tid_563,2
ward,2023-01-01,tid_564,7
ward,2023-01-01,tid_565,2
ward,2023-01-01,tid_566,7
ward,2023-01-01,tid_567,6
ward,2023-01-01,tid_568,2
ward,2023-01-01,tid_569,7
ward,2023-01-01,tid_57,1
ward,2023-01-01,tid_570,2
ward,2023-01-01,tid_571,2
ward,2023-01-01,tid_572,2
ward,2023-01-01,tid_574,5
ward,2023-01-01,tid_578,0
ward,2023-01-01,tid_579,1
ward,2023-01-01,tid_58,1
ward,2023-01-01,tid_580,1
ward,2023-01-01,tid_581,1
ward,2023-01-01,tid_582,0
ward,2023-01-01,tid_583,6
ward,2023-01-01,tid_584,1
ward,2023-01-01,tid_585,2
ward,2023-01-01,tid_586,1
ward,2023-01-01,tid_587,3
ward,2023-01-01,tid_588,6
ward,2023-01-01,tid_589,1
ward,2023-01-01,tid_59,1
ward,2023-01-01,tid_591,2
ward,2023-01-01,tid_592,1
ward,2023-01-01,tid_593,1
ward,2023-01-01,tid_594,7
ward,2023-01-01,tid_595,7
ward,2023-01-01,tid_598,7
ward,2023-01-01,tid_599,2
ward,2023-01-01,tid_6,0
ward,2023-01-01,tid_60,1
ward,2023-01-01,tid_600,6
ward,2023-01-01,tid_601,1
ward,2023-01-01,tid_602,6
ward,2023-01-01,tid_603,2
ward,2023-01-01,tid_604,1
ward,2023-01-01,tid_605,1
ward,2023-01-01,tid_606,1
ward,2023-01-01,tid_607,1
ward,2023-01-01,tid_608,6
ward,2023-01-01,tid_61,1
ward,2023-01-01,tid_612,6
ward,2023-01-01,tid_613,0
ward,2023-01-01,tid_614,6
ward,2023-01-01,tid_615,6
ward,2023-01-01,tid_616,6
ward,2023-01-01,tid_618,4
ward,2023-01-01,tid_619,4
ward,2023-01-01,tid_62,1
ward,2023-01-01,tid_621,4
ward,2023-01-01,tid_63,1
ward,2023-01-01,tid_65,1
ward,2023-01-01,tid_66,1
ward,2023-01-01,tid_666,3
ward,2023-01-01,tid_667,0
ward,2023-01-01,tid_668,2
ward,2023-01-01,tid_669,0
ward,2023-01-01,tid_67,1
ward,2023-01-01,tid_670,0
ward,2023-01-01,tid_671,1
ward,2023-01-01,tid_674,1
ward,2023-01-01,tid_675,0
ward,2023-01-01,tid_676,1
ward,2023-01-01,tid_677,1
ward,2023-01-01,tid_678,0
ward,2023-01-01,tid_679,1
ward,2023-01-01,tid_68,1
ward,2023-01-01,tid_680,2
ward,2023-01-01,tid_683,5
ward,2023-01-01,tid_685,7
ward,2023-01-01,tid_686,1
ward,2023-01-01,tid_687,2
ward,2023-01-01,tid_689,0
ward,2023-01-01,tid_69,1
ward,2023-01-01,tid_690,7
ward,2023-01-01,tid_691,5
ward,2023-01-01,tid_692,7
ward,2023-01-01,tid_693,1
ward,2023-01-01,tid_694,2
ward,2023-01-01,tid_695,5
ward,2023-01-01,tid_696,7
ward,2023-01-01,tid_697,0
ward,2023-01-01,tid_698,5
ward,2023-01-01,tid_699,7
ward,2023-01-01,tid_7,0
ward,2023-01-01,tid_70,1
ward,2023-01-01,tid_701,7
ward,2023-01-01,tid_702,2
ward,2023-01-01,tid_703,2
ward,2023-01-01,tid_704,7
ward,2023-01-01,tid_705,5
ward,2023-01-01,tid_706,5
ward,2023-01-01,tid_708,6
ward,2023-01-01,tid_71,1
ward,2023-01-01,tid_710,2
ward,2023-01-01,tid_711,7
ward,2023-01-01,tid_712,5
ward,2023-01-01,tid_713,7
ward,2023-01-01,tid_714,2
ward,2023-01-01,tid_715,2
ward,2023-01-01,tid_716,1
ward,2023-01-01,tid_717,7
ward,2023-01-01,tid_718,0
ward,2023-01-01,tid_719,5
ward,2023-01-01,tid_72,1
ward,2023-01-01,tid_720,4
ward,2023-01-01,tid_721,5
ward,2023-01-01,tid_722,2
ward,2023-01-01,tid_723,5
ward,2023-01-01,tid_725,2
ward,2023-01-01,tid_726,4
ward,2023-01-01,tid_727,1
ward,2023-01-01,tid_73,3
ward,2023-01-01,tid_731,1
ward,2023-01-01,tid_734,2
ward,2023-01-01,tid_735,1
ward,2023-01-01,tid_736,1
ward,2023-01-01,tid_737,1
ward,2023-01-01,tid_738,1
ward,2023-01-01,tid_739,2
ward,2023-01-01,tid_74,1
ward,2023-01-01,tid_741,1
ward,2023-01-01,tid_742,1
ward,2023-01-01,tid_743,2
ward,2023-01-01,tid_744,1
ward,2023-01-01,tid_745,2
ward,2023-01-01,tid_746,7
ward,2023-01-01,tid_747,2
ward,2023-01-01,tid_748,1
ward,2023-01-01,tid_749,2
ward,2023-01-01,tid_75,1
ward,2023-01-01,tid_751,2
ward,2023-01-01,tid_752,2
ward,2023-01-01,tid_753,6
ward,2023-01-01,tid_754,1
ward,2023-01-01,tid_755,1
ward,2023-01-01,tid_756,1
ward,2023-01-01,tid_757,1
ward,2023-01-01,tid_758,7
ward,2023-01-01,tid_76,1
ward,2023-01-01,tid_760,7
ward,2023-01-01,tid_761,7
ward,2023-01-01,tid_763,1
ward,2023-01-01,tid_764,7
ward,2023-01-01,tid_765,7
ward,2023-01-01,tid_766,1
ward,2023-01-01,tid_767,1
ward,2023-01-01,tid_769,5
ward,2023-01-01,tid_77,1
ward,2023-01-01,tid_770,7
ward,2023-01-01,tid_771,1
ward,2023-01-01,tid_773,7
ward,2023-01-01,tid_774,1
ward,2023-01-01,tid_775,1
ward,2023-01-01,tid_776,1
ward,2023-01-01,tid_777,1
ward,2023-01-01,tid_778,1
ward,2023-01-01,tid_779,6
ward,2023-01-01,tid_78,1
ward,2023-01-01,tid_780,1
ward,2023-01-01,tid_781,1
ward,2023-01-01,tid_782,1
ward,2023-01-01,tid_783,7
ward,2023-01-01,tid_784,1
ward,2023-01-01,tid_785,1
ward,2023-01-01,tid_787,7
ward,2023-01-01,tid_788,1
ward,2023-01-01,tid_789,1
ward,2023-01-01,tid_79,1
ward,2023-01-01,tid_790,1
ward,2023-01-01,tid_791,6
ward,2023-01-01,tid_792,6
ward,2023-01-01,tid_793,1
ward,2023-01-01,tid_794,1
ward,2023-01-01,tid_795,6
ward,2023-01-01,tid_796,7
ward,2023-01-01,tid_797,6
ward,2023-01-01,tid_798,1
ward,2023-01-01,tid_799,6
ward,2023-01-01,tid_8,0
ward,2023-01-01,tid_80,1
ward,2023-01-01,tid_800,6
ward,2023-01-01,tid_801,7
ward,2023-01-01,tid_802,7
ward,2023-01-01,tid_803,6
ward,2023-01-01,tid_804,7
ward,2023-01-01,tid_805,1
ward,2023-01-01,tid_806,1
ward,2023-01-01,tid_807,6
ward,2023-01-01,tid_808,2
ward,2023-01-01,tid_809,3
ward,2023-01-01,tid_81,1
ward,2023-01-01,tid_810,5
ward,2023-01-01,tid_811,3
ward,2023-01-01,tid_812,3
ward,2023-01-01,tid_813,5
ward,2023-01-01,tid_814,5
ward,2023-01-01,tid_815,5
ward,2023-01-01,tid_817,0
ward,2023-01-01,tid_818,0
ward,2023-01-01,tid_819,3
ward,2023-01-01,tid_82,1
ward,2023-01-01,tid_820,0
ward,2023-01-01,tid_821,5
ward,2023-01-01,tid_822,5
ward,2023-01-01,tid_823,5
ward,2023-01-01,tid_824,3
ward,2023-01-01,tid_825,5
ward,2023-01-01,tid_826,5
ward,2023-01-01,tid_827,5
ward,2023-01-01,tid_828,5
ward,2023-01-01,tid_829,5
ward,2023-01-01,tid_83,1
ward,2023-01-01,tid_830,5
ward,2023-01-01,tid_831,5
ward,2023-01-01,tid_832,5
ward,2023-01-01,tid_833,2
ward,2023-01-01,tid_834,5
ward,2023-01-01,tid_835,5
ward,2023-01-01,tid_836,5
ward,2023-01-01,tid_838,5
ward,2023-01-01,tid_839,5
ward,2023-01-01,tid_840,5
ward,2023-01-01,tid_841,3
ward,2023-01-01,tid_842,1
ward,2023-01-01,tid_843,6
ward,2023-01-01,tid_844,0
ward,2023-01-01,tid_846,0
ward,2023-01-01,tid_847,6
ward,2023-01-01,tid_848,4
ward,2023-01-01,tid_849,6
ward,2023-01-01,tid_851,6
ward,2023-01-01,tid_852,6
ward,2023-01-01,tid_853,6
ward,2023-01-01,tid_854,6
ward,2023-01-01,tid_855,6
ward,2023-01-01,tid_856,6
ward,2023-01-01,tid_857,4
ward,2023-01-01,tid_859,6
ward,2023-01-01,tid_860,1
ward,2023-01-01,tid_870,6
ward,2023-01-01,tid_871,6
ward,2023-01-01,tid_872,1
ward,2023-01-01,tid_873,6
ward,2023-01-01,tid_874,6
ward,2023-01-01,tid_875,6
ward,2023-01-01,tid_876,6
ward,2023-01-01,tid_877,6
ward,2023-01-01,tid_878,6
ward,2023-01-01,tid_879,6
ward,2023-01-01,tid_880,6
ward,2023-01-01,tid_881,1
ward,2023-01-01,tid_882,6
ward,2023-01-01,tid_883,0
ward,2023-01-01,tid_884,4
ward,2023-01-01,tid_885,1
ward,2023-01-01,tid_886,6
ward,2023-01-01,tid_888,6
ward,2023-01-01,tid_889,6
ward,2023-01-01,tid_890,1
ward,2023-01-01,tid_891,0
ward,2023-01-01,tid_892,0
ward,2023-01-01,tid_895,0
ward,2023-01-01,tid_896,0
ward,2023-01-01,tid_897,0
ward,2023-01-01,tid_898,2
ward,2023-01-01,tid_899,1
ward,2023-01-01,tid_9,1
ward,2023-01-01,tid_900,2
ward,2023-01-01,tid_901,2
ward,2023-01-01,tid_902,0
ward,2023-01-01,tid_903,0
ward,2023-01-01,tid_904,7
ward,2023-01-01,tid_905,1
ward,2023-01-01,tid_907,6
ward,2023-01-01,tid_908,2
ward,2023-01-01,tid_909,2
ward,2023-01-01,tid_911,0
ward,2023-01-01,tid_912,0
ward,2023-01-01,tid_913,0
ward,2023-01-01,tid_914,2
ward,2023-01-01,tid_915,2
ward,2023-01-01,tid_916,0
ward,2023-01-01,tid_917,0
ward,2023-01-01,tid_918,3
ward,2023-01-01,tid_920,0
ward,2023-01-01,tid_922,5
ward,2023-01-01,tid_923,0
ward,2023-01-01,tid_924,2
ward,2023-01-01,tid_925,2
ward,2023-01-01,tid_926,5
ward,2023-01-01,tid_927,0
ward,2023-01-01,tid_928,0
ward,2023-01-01,tid_929,5
ward,2023-01-01,tid_930,5
ward,2023-01-01,tid_986,0
ward,2023-01-01,tid_987,0
ward,2023-01-01,tid_988,1
ward,2023-01-01,tid_989,1
ward,2023-01-01,tid_991,0
ward,2023-01-01,tid_992,1
ward,2023-01-01,tid_993,2
ward,2023-01-01,tid_994,2
ward,2023-01-01,tid_995,0
ward,2023-01-01,tid_996,0
ward,2023-01-01,tid_998,2
ward,2023-01-01,tid_999,2
ward,2023-06-01,tid_1,3
ward,2023-06-01,tid_10,6
ward,2023-06-01,tid_1001,5
ward,2023-06-01,tid_1002,1
ward,2023-06-01,tid_1003,1
ward,2023-06-01,tid_1004,1
ward,2023-06-01,tid_1005,5
ward,2023-06-01,tid_1006,1
ward,2023-06-01,tid_1007,6
ward,2023-06-01,tid_1008,6
ward,2023-06-01,tid_1009,6
ward,2023-06-01,tid_1010,4
ward,2023-06-01,tid_1011,4
ward,2023-06-01,tid_1012,4
ward,2023-06-01,tid_1013,4
ward,2023-06-01,tid_1014,7
ward,2023-06-01,tid_1015,1
ward,2023-06-01,tid_1016,4
ward,2023-06-01,tid_1017,1
ward,2023-06-01,tid_1018,4
ward,2023-06-01,tid_1019,5
ward,2023-06-01,tid_1020,5
ward,2023-06-01,tid_1021,5
ward,2023-06-01,tid_1023,4
ward,2023-06-01,tid_1024,4
ward,2023-06-01,tid_1025,4
ward,2023-06-01,tid_1026,5
ward,2023-06-01,tid_1027,4
ward,2023-06-01,tid_1028,4
ward,2023-06-01,tid_1029,4
ward,2023-06-01,tid_1030,4
ward,2023-06-01,tid_1031,4
ward,2023-06-01,tid_1032,4
ward,2023-06-01,tid_1033,4
ward,2023-06-01,tid_1034,1
ward,2023-06-01,tid_1035,4
ward,2023-06-01,tid_1036,4
ward,2023-06-01,tid_1037,5
ward,2023-06-01,tid_1038,4
ward,2023-06-01,tid_1039,5
ward,2023-06-01,tid_1040,4
ward,2023-06-01,tid_1041,4
ward,2023-06-01,tid_1044,4
ward,2023-06-01,tid_1047,1
ward,2023-06-01,tid_1048,7
ward,2023-06-01,tid_1049,5
ward,2023-06-01,tid_1051,0
ward,2023-06-01,tid_1052,1
ward,2023-06-01,tid_1053,1
ward,2023-06-01,tid_1054,0
ward,2023-06-01,tid_1055,1
ward,2023-06-01,tid_1056,1
ward,2023-06-01,tid_1057,1
ward,2023-06-01,tid_1058,0
ward,2023-06-01,tid_1059,0
ward,2023-06-01,tid_1060,1
ward,2023-06-01,tid_1061,0
ward,2023-06-01,tid_1062,0
ward,2023-06-01,tid_1063,5
ward,2023-06-01,tid_1064,7
ward,2023-06-01,tid_1065,7
ward,2023-06-01,tid_1066,1
ward,2023-06-01,tid_1067,1
ward,2023-06-01,tid_1068,1
ward,2023-06-01,tid_1069,1
ward,2023-06-01,tid_1070,5
ward,2023-06-01,tid_1071,0
ward,2023-06-01,tid_1072,1
ward,2023-06-01,tid_11,0
ward,2023-06-01,tid_1107,6
ward,2023-06-01,tid_1108,1
ward,2023-06-01,tid_1109,0
ward,2023-06-01,tid_1110,5
ward,2023-06-01,tid_1111,5
ward,2023-06-01,tid_1112,5
ward,2023-06-01,tid_1113,1
ward,2023-06-01,tid_1115,1
ward,2023-06-01,tid_1116,1
ward,2023-06-01,tid_1117,6
ward,2023-06-01,tid_1118,1
ward,2023-06-01,tid_1119,1
ward,2023-06-01,tid_1120,1
ward,2023-06-01,tid_1121,1
ward,2023-06-01,tid_1122,1
ward,2023-06-01,tid_1123,1
ward,2023-06-01,tid_1124,1
ward,2023-06-01,tid_1125,1
ward,2023-06-01,tid_1126,1
ward,2023-06-01,tid_1127,1
ward,2023-06-01,tid_1128,1
ward,2023-06-01,tid_1129,1
ward,2023-06-01,tid_1130,1
ward,2023-06-01,tid_1131,7
ward,2023-06-01,tid_1132,1
ward,2023-06-01,tid_1133,1
ward,2023-06-01,tid_1134,6
ward,2023-06-01,tid_1135,0
ward,2023-06-01,tid_1136,0
ward,2023-06-01,tid_1137,0
ward,2023-06-01,tid_1138,5
ward,2023-06-01,tid_1139,0
ward,2023-06-01,tid_1140,0
ward,2023-06-01,tid_1141,0
ward,2023-06-01,tid_1142,0
ward,2023-06-01,tid_1143,1
ward,2023-06-01,tid_1144,0
ward,2023-06-01,tid_1146,1
ward,2023-06-01,tid_1147,0
ward,2023-06-01,tid_1148,0
ward,2023-06-01,tid_1149,0
ward,2023-06-01,tid_1150,6
ward,2023-06-01,tid_1151,7
ward,2023-06-01,tid_1152,2
ward,2023-06-01,tid_1153,0
ward,2023-06-01,tid_1154,7
ward,2023-06-01,tid_1155,0
ward,2023-06-01,tid_1157,5
ward,2023-06-01,tid_1158,0
ward,2023-06-01,tid_1159,4
ward,2023-06-01,tid_1160,0
ward,2023-06-01,tid_1161,0
ward,2023-06-01,tid_1163,5
ward,2023-06-01,tid_1164,1
ward,2023-06-01,tid_1165,5
ward,2023-06-01,tid_1166,0
ward,2023-06-01,tid_1167,0
ward,2023-06-01,tid_1168,1
ward,2023-06-01,tid_1169,0
ward,2023-06-01,tid_1170,0
ward,2023-06-01,tid_1171,0
ward,2023-06-01,tid_1172,0
ward,2023-06-01,tid_1173,0
ward,2023-06-01,tid_1174,0
ward,2023-06-01,tid_1175,0
ward,2023-06-01,tid_1176,6
ward,2023-06-01,tid_1178,0
ward,2023-06-01,tid_1179,5
ward,2023-06-01,tid_1180,5
ward,2023-06-01,tid_1181,7
ward,2023-06-01,tid_1184,5
ward,2023-06-01,tid_1185,1
ward,2023-06-01,tid_1186,6
ward,2023-06-01,tid_1187,7
ward,2023-06-01,tid_1188,6
ward,2023-06-01,tid_1189,7
ward,2023-06-01,tid_1190,6
ward,2023-06-01,tid_1191,7
ward,2023-06-01,tid_1192,7
ward,2023-06-01,tid_1193,7
ward,2023-06-01,tid_1194,0
ward,2023-06-01,tid_1195,4
ward,2023-06-01,tid_1196,7
ward,2023-06-01,tid_1197,7
ward,2023-06-01,tid_1198,6
ward,2023-06-01,tid_12,0
ward,2023-06-01,tid_1200,5
ward,2023-06-01,tid_1201,1
ward,2023-06-01,tid_1203,5
ward,2023-06-01,tid_1204,4
ward,2023-06-01,tid_1205,1
ward,2023-06-01,tid_1206,1
ward,2023-06-01,tid_1207,5
ward,2023-06-01,tid_1208,1
ward,2023-06-01,tid_1209,5
ward,2023-06-01,tid_1210,5
ward,2023-06-01,tid_1211,5
ward,2023-06-01,tid_1212,5
ward,2023-06-01,tid_1213,5
ward,2023-06-01,tid_1214,1
ward,2023-06-01,tid_1215,1
ward,2023-06-01,tid_1217,5
ward,2023-06-01,tid_1218,1
ward,2023-06-01,tid_1219,1
ward,2023-06-01,tid_1220,1
ward,2023-06-01,tid_1221,5
ward,2023-06-01,tid_1222,1
ward,2023-06-01,tid_1223,4
ward,2023-06-01,tid_1224,6
ward,2023-06-01,tid_1225,0
ward,2023-06-01,tid_1226,0
ward,2023-06-01,tid_1227,7
ward,2023-06-01,tid_1228,7
ward,2023-06-01,tid_1229,0
ward,2023-06-01,tid_1230,0
ward,2023-06-01,tid_1231,0
ward,2023-06-01,tid_1232,0
ward,2023-06-01,tid_1233,6
ward,2023-06-01,tid_1234,5
ward,2023-06-01,tid_1235,0
ward,2023-06-01,tid_1236,0
ward,2023-06-01,tid_1237,7
ward,2023-06-01,tid_1238,0
ward,2023-06-01,tid_1240,0
ward,2023-06-01,tid_1241,7
ward,2023-06-01,tid_1242,7
ward,2023-06-01,tid_1243,6
ward,2023-06-01,tid_1244,7
ward,2023-06-01,tid_1246,0
ward,2023-06-01,tid_1249,7
ward,2023-06-01,tid_1250,0
ward,2023-06-01,tid_1251,7
ward,2023-06-01,tid_1252,7
ward,2023-06-01,tid_1253,7
ward,2023-06-01,tid_1254,0
ward,2023-06-01,tid_1256,7
ward,2023-06-01,tid_1257,5
ward,2023-06-01,tid_1258,6
ward,2023-06-01,tid_1259,5
ward,2023-06-01,tid_1260,5
ward,2023-06-01,tid_1261,7
ward,2023-06-01,tid_1262,7
ward,2023-06-01,tid_1264,0
ward,2023-06-01,tid_1265,7
ward,2023-06-01,tid_1266,1
ward,2023-06-01,tid_1267,2
ward,2023-06-01,tid_1268,1
ward,2023-06-01,tid_1269,1
ward,2023-06-01,tid_1270,1
ward,2023-06-01,tid_1271,7
ward,2023-06-01,tid_1272,1
ward,2023-06-01,tid_1273,7
ward,2023-06-01,tid_1274,7
ward,2023-06-01,tid_1275,0
ward,2023-06-01,tid_1276,7
ward,2023-06-01,tid_1277,1
ward,2023-06-01,tid_1278,7
ward,2023-06-01,tid_1279,1
ward,2023-06-01,tid_1280,7
ward,2023-06-01,tid_1281,1
ward,2023-06-01,tid_1282,2
ward,2023-06-01,tid_1284,1
ward,2023-06-01,tid_1285,1
ward,2023-06-01,tid_1286,1
ward,2023-06-01,tid_1287,1
ward,2023-06-01,tid_1288,1
ward,2023-06-01,tid_1289,7
ward,2023-06-01,tid_1290,1
ward,2023-06-01,tid_1291,7
ward,2023-06-01,tid_1292,7
ward,2023-06-01,tid_1293,7
ward,2023-06-01,tid_1294,7
ward,2023-06-01,tid_1295,1
ward,2023-06-01,tid_1296,7
ward,2023-06-01,tid_1297,2
ward,2023-06-01,tid_1298,7
ward,2023-06-01,tid_1299,1
ward,2023-06-01,tid_13,0
ward,2023-06-01,tid_1300,7
ward,2023-06-01,tid_1301,1
ward,2023-06-01,tid_1302,7
ward,2023-06-01,tid_1303,6
ward,2023-06-01,tid_1304,1
ward,2023-06-01,tid_1305,1
ward,2023-06-01,tid_1306,1
ward,2023-06-01,tid_1308,1
ward,2023-06-01,tid_1309,1
ward,2023-06-01,tid_1310,1
ward,2023-06-01,tid_1311,7
ward,2023-06-01,tid_1312,1
ward,2023-06-01,tid_1313,1
ward,2023-06-01,tid_1314,1
ward,2023-06-01,tid_1315,0
ward,2023-06-01,tid_1316,5
ward,2023-06-01,tid_1317,1
ward,2023-06-01,tid_1319,7
ward,2023-06-01,tid_1320,1
ward,2023-06-01,tid_1321,1
ward,2023-06-01,tid_1322,4
ward,2023-06-01,tid_1323,4
ward,2023-06-01,tid_1324,4
ward,2023-06-01,tid_1325,1
ward,2023-06-01,tid_1326,1
ward,2023-06-01,tid_1327,7
ward,2023-06-01,tid_1328,1
ward,2023-06-01,tid_1329,1
ward,2023-06-01,tid_1330,1
ward,2023-06-01,tid_1331,1
ward,2023-06-01,tid_1333,0
ward,2023-06-01,tid_1334,5
ward,2023-06-01,tid_1335,7
ward,2023-06-01,tid_1336,4
ward,2023-06-01,tid_1337,7
ward,2023-06-01,tid_1338,1
ward,2023-06-01,tid_1339,7
ward,2023-06-01,tid_1340,1
ward,2023-06-01,tid_1341,1
ward,2023-06-01,tid_1343,7
ward,2023-06-01,tid_1344,1
ward,2023-06-01,tid_1345,7
ward,2023-06-01,tid_1346,7
ward,2023-06-01,tid_1347,1
ward,2023-06-01,tid_1348,4
ward,2023-06-01,tid_1349,7
ward,2023-06-01,tid_1350,4
ward,2023-06-01,tid_1351,0
ward,2023-06-01,tid_1352,7
ward,2023-06-01,tid_1353,4
ward,2023-06-01,tid_1355,7
ward,2023-06-01,tid_1356,7
ward,2023-06-01,tid_1357,7
ward,2023-06-01,tid_1358,7
ward,2023-06-01,tid_1392,5
ward,2023-06-01,tid_1393,1
ward,2023-06-01,tid_1394,5
ward,2023-06-01,tid_1395,3
ward,2023-06-01,tid_1396,6
ward,2023-06-01,tid_1397,6
ward,2023-06-01,tid_1398,0
ward,2023-06-01,tid_1399,5
ward,2023-06-01,tid_14,0
ward,2023-06-01,tid_1400,6
ward,2023-06-01,tid_1401,5
ward,2023-06-01,tid_1402,6
ward,2023-06-01,tid_1403,0
ward,2023-06-01,tid_1404,0
ward,2023-06-01,tid_1405,5
ward,2023-06-01,tid_1406,1
ward,2023-06-01,tid_1407,5
ward,2023-06-01,tid_1408,6
ward,2023-06-01,tid_1409,6
ward,2023-06-01,tid_1410,6
ward,2023-06-01,tid_1411,4
ward,2023-06-01,tid_1412,4
ward,2023-06-01,tid_1413,5
ward,2023-06-01,tid_1414,5
ward,2023-06-01,tid_1415,1
ward,2023-06-01,tid_1416,4
ward,2023-06-01,tid_1417,4
ward,2023-06-01,tid_1419,4
ward,2023-06-01,tid_1420,4
ward,2023-06-01,tid_1421,4
ward,2023-06-01,tid_1422,5
ward,2023-06-01,tid_1423,4
ward,2023-06-01,tid_1425,5
ward,2023-06-01,tid_1426,4
ward,2023-06-01,tid_1427,5
ward,2023-06-01,tid_1428,4
ward,2023-06-01,tid_1429,4
ward,2023-06-01,tid_1430,7
ward,2023-06-01,tid_1431,1
ward,2023-06-01,tid_1438,1
ward,2023-06-01,tid_1439,3
ward,2023-06-01,tid_1440,6
ward,2023-06-01,tid_1443,3
ward,2023-06-01,tid_1444,3
ward,2023-06-01,tid_1445,6
ward,2023-06-01,tid_1446,6
ward,2023-06-01,tid_1447,6
ward,2023-06-01,tid_1448,3
ward,2023-06-01,tid_1449,0
ward,2023-06-01,tid_1453,3
ward,2023-06-01,tid_1454,6
ward,2023-06-01,tid_1456,3
ward,2023-06-01,tid_1457,3
ward,2023-06-01,tid_1459,3
ward,2023-06-01,tid_1461,6
ward,2023-06-01,tid_1463,6
ward,2023-06-01,tid_1464,6
ward,2023-06-01,tid_1465,3
ward,2023-06-01,tid_1467,3
ward,2023-06-01,tid_1468,6
ward,2023-06-01,tid_1472,6
ward,2023-06-01,tid_1473,5
ward,2023-06-01,tid_1474,5
ward,2023-06-01,tid_1475,3
ward,2023-06-01,tid_1477,6
ward,2023-06-01,tid_1478,5
ward,2023-06-01,tid_1480,6
ward,2023-06-01,tid_1481,6
ward,2023-06-01,tid_1483,5
ward,2023-06-01,tid_1484,6
ward,2023-06-01,tid_1486,5
ward,2023-06-01,tid_1488,6
ward,2023-06-01,tid_1489,6
ward,2023-06-01,tid_1490,6
ward,2023-06-01,tid_1491,6
ward,2023-06-01,tid_1492,6
ward,2023-06-01,tid_1493,3
ward,2023-06-01,tid_1494,5
ward,2023-06-01,tid_1495,6
ward,2023-06-01,tid_1496,6
ward,2023-06-01,tid_15,0
ward,2023-06-01,tid_1500,6
ward,2023-06-01,tid_1501,6
ward,2023-06-01,tid_1504,5
ward,2023-06-01,tid_1506,6
ward,2023-06-01,tid_1507,6
ward,2023-06-01,tid_1508,6
ward,2023-06-01,tid_1509,5
ward,2023-06-01,tid_1510,5
ward,2023-06-01,tid_1511,6
ward,2023-06-01,tid_1512,5
ward,2023-06-01,tid_1518,5
ward,2023-06-01,tid_1519,5
ward,2023-06-01,tid_1520,1
ward,2023-06-01,tid_1521,6
ward,2023-06-01,tid_1522,1
ward,2023-06-01,tid_1523,6
ward,2023-06-01,tid_1525,6
ward,2023-06-01,tid_1526,5
ward,2023-06-01,tid_1527,6
ward,2023-06-01,tid_1528,5
ward,2023-06-01,tid_1529,1
ward,2023-06-01,tid_1530,1
ward,2023-06-01,tid_1532,4
ward,2023-06-01,tid_1533,7
ward,2023-06-01,tid_1534,4
ward,2023-06-01,tid_1535,1
ward,2023-06-01,tid_1536,1
ward,2023-06-01,tid_1537,1
ward,2023-06-01,tid_1539,5
ward,2023-06-01,tid_1540,5
ward,2023-06-01,tid_1541,4
ward,2023-06-01,tid_1542,1
ward,2023-06-01,tid_1543,4
ward,2023-06-01,tid_1544,1
ward,2023-06-01,tid_1545,4
ward,2023-06-01,tid_1546,1
ward,2023-06-01,tid_1547,7
ward,2023-06-01,tid_1548,4
ward,2023-06-01,tid_1549,5
ward,2023-06-01,tid_1550,1
ward,2023-06-01,tid_1551,4
ward,2023-06-01,tid_1552,4
ward,2023-06-01,tid_1553,5
ward,2023-06-01,tid_1554,1
ward,2023-06-01,tid_1555,5
ward,2023-06-01,tid_1556,1
ward,2023-06-01,tid_1557,7
ward,2023-06-01,tid_1558,7
ward,2023-06-01,tid_1559,4
ward,2023-06-01,tid_1560,6
ward,2023-06-01,tid_1561,4
ward,2023-06-01,tid_1562,5
ward,2023-06-01,tid_1563,5
ward,2023-06-01,tid_1564,4
ward,2023-06-01,tid_1565,5
ward,2023-06-01,tid_1566,1
ward,2023-06-01,tid_1567,4
ward,2023-06-01,tid_1568,1
ward,2023-06-01,tid_1569,4
ward,2023-06-01,tid_1570,1
ward,2023-06-01,tid_1571,7
ward,2023-06-01,tid_1572,5
ward,2023-06-01,tid_1573,7
ward,2023-06-01,tid_1574,1
ward,2023-06-01,tid_1575,6
ward,2023-06-01,tid_1577,5
ward,2023-06-01,tid_1578,5
ward,2023-06-01,tid_1579,1
ward,2023-06-01,tid_1580,1
ward,2023-06-01,tid_1581,1
ward,2023-06-01,tid_1582,1
ward,2023-06-01,tid_1583,1
ward,2023-06-01,tid_1584,0
ward,2023-06-01,tid_1585,1
ward,2023-06-01,tid_1586,0
ward,2023-06-01,tid_1587,1
ward,2023-06-01,tid_1588,1
ward,2023-06-01,tid_1589,5
ward,2023-06-01,tid_1590,1
ward,2023-06-01,tid_1591,1
ward,2023-06-01,tid_1592,5
ward,2023-06-01,tid_1593,1
ward,2023-06-01,tid_1594,1
ward,2023-06-01,tid_1595,1
ward,2023-06-01,tid_1596,1
ward,2023-06-01,tid_1597,6
ward,2023-06-01,tid_1598,6
ward,2023-06-01,tid_1599,0
ward,2023-06-01,tid_16,0
ward,2023-06-01,tid_1600,0
ward,2023-06-01,tid_1601,3
ward,2023-06-01,tid_1602,1
ward,2023-06-01,tid_1603,0
ward,2023-06-01,tid_1604,0
ward,2023-06-01,tid_1605,1
ward,2023-06-01,tid_1606,1
ward,2023-06-01,tid_1607,1
ward,2023-06-01,tid_1608,7
ward,2023-06-01,tid_1609,0
ward,2023-06-01,tid_1610,1
ward,2023-06-01,tid_1611,7
ward,2023-06-01,tid_1612,1
ward,2023-06-01,tid_1613,4
ward,2023-06-01,tid_1614,7
ward,2023-06-01,tid_1615,0
ward,2023-06-01,tid_1616,5
ward,2023-06-01,tid_1617,1
ward,2023-06-01,tid_1618,5
ward,2023-06-01,tid_1619,1
ward,2023-06-01,tid_1620,6
ward,2023-06-01,tid_1621,7
ward,2023-06-01,tid_1622,1
ward,2023-06-01,tid_1623,1
ward,2023-06-01,tid_1624,7
ward,2023-06-01,tid_1625,7
ward,2023-06-01,tid_1626,4
ward,2023-06-01,tid_1627,1
ward,2023-06-01,tid_1628,7
ward,2023-06-01,tid_1629,7
ward,2023-06-01,tid_1630,7
ward,2023-06-01,tid_1631,5
ward,2023-06-01,tid_1632,6
ward,2023-06-01,tid_1633,7
ward,2023-06-01,tid_1634,7
ward,2023-06-01,tid_1635,7
ward,2023-06-01,tid_1636,1
ward,2023-06-01,tid_1637,7
ward,2023-06-01,tid_1638,0
ward,2023-06-01,tid_1639,7
ward,2023-06-01,tid_1640,7
ward,2023-06-01,tid_1641,7
ward,2023-06-01,tid_1642,4
ward,2023-06-01,tid_1643,1
ward,2023-06-01,tid_1644,1
ward,2023-06-01,tid_1645,7
ward,2023-06-01,tid_1646,1
ward,2023-06-01,tid_1647,0
ward,2023-06-01,tid_1648,7
ward,2023-06-01,tid_1649,7
ward,2023-06-01,tid_1650,0
ward,2023-06-01,tid_1651,7
ward,2023-06-01,tid_1652,0
ward,2023-06-01,tid_1653,1
ward,2023-06-01,tid_1654,7
ward,2023-06-01,tid_1655,1
ward,2023-06-01,tid_1656,7
ward,2023-06-01,tid_1657,7
ward,2023-06-01,tid_1658,7
ward,2023-06-01,tid_1659,0
ward,2023-06-01,tid_1660,1
ward,2023-06-01,tid_1661,7
ward,2023-06-01,tid_1662,2
ward,2023-06-01,tid_1663,1
ward,2023-06-01,tid_1664,1
ward,2023-06-01,tid_1665,6
ward,2023-06-01,tid_1666,4
ward,2023-06-01,tid_1667,5
ward,2023-06-01,tid_1668,0
ward,2023-06-01,tid_1669,1
ward,2023-06-01,tid_167,3
ward,2023-06-01,tid_1670,5
ward,2023-06-01,tid_1671,5
ward,2023-06-01,tid_1672,5
ward,2023-06-01,tid_1673,5
ward,2023-06-01,tid_1674,5
ward,2023-06-01,tid_1675,0
ward,2023-06-01,tid_1676,5
ward,2023-06-01,tid_1678,1
ward,2023-06-01,tid_1679,1
ward,2023-06-01,tid_168,3
ward,2023-06-01,tid_1680,0
ward,2023-06-01,tid_1681,4
ward,2023-06-01,tid_1682,7
ward,2023-06-01,tid_1683,0
ward,2023-06-01,tid_1685,4
ward,2023-06-01,tid_1686,1
ward,2023-06-01,tid_1687,1
ward,2023-06-01,tid_1688,1
ward,2023-06-01,tid_1689,7
ward,2023-06-01,tid_169,3
ward,2023-06-01,tid_1690,1
ward,2023-06-01,tid_1691,0
ward,2023-06-01,tid_1692,1
ward,2023-06-01,tid_1693,7
ward,2023-06-01,tid_1694,7
ward,2023-06-01,tid_1696,7
ward,2023-06-01,tid_1697,7
ward,2023-06-01,tid_1698,0
ward,2023-06-01,tid_1699,1
ward,2023-06-01,tid_17,0
ward,2023-06-01,tid_1700,5
ward,2023-06-01,tid_1701,1
ward,2023-06-01,tid_1702,4
ward,2023-06-01,tid_1703,7
ward,2023-06-01,tid_1704,5
ward,2023-06-01,tid_1705,5
ward,2023-06-01,tid_1706,5
ward,2023-06-01,tid_1707,6
ward,2023-06-01,tid_1708,5
ward,2023-06-01,tid_1709,5
ward,2023-06-01,tid_1710,5
ward,2023-06-01,tid_1711,1
ward,2023-06-01,tid_1712,1
ward,2023-06-01,tid_1714,4
ward,2023-06-01,tid_1715,1
ward,2023-06-01,tid_1717,4
ward,2023-06-01,tid_1718,1
ward,2023-06-01,tid_1719,5
ward,2023-06-01,tid_1722,4
ward,2023-06-01,tid_1724,1
ward,2023-06-01,tid_1725,4
ward,2023-06-01,tid_1726,6
ward,2023-06-01,tid_1727,4
ward,2023-06-01,tid_1728,1
ward,2023-06-01,tid_173,6
ward,2023-06-01,tid_1730,1
ward,2023-06-01,tid_1731,1
ward,2023-06-01,tid_1732,4
ward,2023-06-01,tid_1733,1
ward,2023-06-01,tid_1737,1
ward,2023-06-01,tid_1738,4
ward,2023-06-01,tid_1739,4
ward,2023-06-01,tid_1740,5
ward,2023-06-01,tid_1741,4
ward,2023-06-01,tid_1742,5
ward,2023-06-01,tid_1743,4
ward,2023-06-01,tid_1744,4
ward,2023-06-01,tid_1745,4
ward,2023-06-01,tid_1746,4
ward,2023-06-01,tid_1747,4
ward,2023-06-01,tid_1749,4
ward,2023-06-01,tid_1750,4
ward,2023-06-01,tid_1751,4
ward,2023-06-01,tid_1752,4
ward,2023-06-01,tid_1753,4
ward,2023-06-01,tid_1754,0
ward,2023-06-01,tid_1755,4
ward,2023-06-01,tid_1756,4
ward,2023-06-01,tid_1757,4
ward,2023-06-01,tid_1758,6
ward,2023-06-01,tid_1759,4
ward,2023-06-01,tid_1760,4
ward,2023-06-01,tid_1761,4
ward,2023-06-01,tid_1762,4
ward,2023-06-01,tid_1764,6
ward,2023-06-01,tid_1765,5
ward,2023-06-01,tid_1766,1
ward,2023-06-01,tid_1768,1
ward,2023-06-01,tid_1769,1
ward,2023-06-01,tid_1770,1
ward,2023-06-01,tid_1771,1
ward,2023-06-01,tid_1773,1
ward,2023-06-01,tid_1774,5
ward,2023-06-01,tid_1775,1
ward,2023-06-01,tid_1776,1
ward,2023-06-01,tid_1777,1
ward,2023-06-01,tid_1778,5
ward,2023-06-01,tid_1780,1
ward,2023-06-01,tid_1781,1
ward,2023-06-01,tid_1782,1
ward,2023-06-01,tid_1783,6
ward,2023-06-01,tid_1784,1
ward,2023-06-01,tid_1785,5
ward,2023-06-01,tid_1786,1
ward,2023-06-01,tid_1787,0
ward,2023-06-01,tid_1788,5
ward,2023-06-01,tid_18,0
ward,2023-06-01,tid_181,4
ward,2023-06-01,tid_184,1
ward,2023-06-01,tid_1845,6
ward,2023-06-01,tid_1846,5
ward,2023-06-01,tid_1848,4
ward,2023-06-01,tid_1849,4
ward,2023-06-01,tid_185,3
ward,2023-06-01,tid_1850,1
ward,2023-06-01,tid_1851,1
ward,2023-06-01,tid_1852,5
ward,2023-06-01,tid_1853,1
ward,2023-06-01,tid_1854,1
ward,2023-06-01,tid_1855,1
ward,2023-06-01,tid_1856,4
ward,2023-06-01,tid_1857,1
ward,2023-06-01,tid_1858,1
ward,2023-06-01,tid_1859,1
ward,2023-06-01,tid_1860,1
ward,2023-06-01,tid_1861,1
ward,2023-06-01,tid_1862,4
ward,2023-06-01,tid_1863,4
ward,2023-06-01,tid_1864,4
ward,2023-06-01,tid_1865,1
ward,2023-06-01,tid_1868,1
ward,2023-06-01,tid_1869,1
ward,2023-06-01,tid_1870,4
ward,2023-06-01,tid_1871,1
ward,2023-06-01,tid_1872,4
ward,2023-06-01,tid_1873,1
ward,2023-06-01,tid_1874,6
ward,2023-06-01,tid_1875,5
ward,2023-06-01,tid_1876,5
ward,2023-06-01,tid_1877,6
ward,2023-06-01,tid_1878,1
ward,2023-06-01,tid_1879,5
ward,2023-06-01,tid_188,4
ward,2023-06-01,tid_1880,5
ward,2023-06-01,tid_1881,6
ward,2023-06-01,tid_1883,5
ward,2023-06-01,tid_1884,1
ward,2023-06-01,tid_1885,5
ward,2023-06-01,tid_1886,1
ward,2023-06-01,tid_1887,4
ward,2023-06-01,tid_1888,1
ward,2023-06-01,tid_1889,1
ward,2023-06-01,tid_1890,6
ward,2023-06-01,tid_1891,0
ward,2023-06-01,tid_1892,7
ward,2023-06-01,tid_1893,4
ward,2023-06-01,tid_1894,1
ward,2023-06-01,tid_1895,1
ward,2023-06-01,tid_1896,0
ward,2023-06-01,tid_1897,4
ward,2023-06-01,tid_1898,1
ward,2023-06-01,tid_1899,5
ward,2023-06-01,tid_19,0
ward,2023-06-01,tid_1900,1
ward,2023-06-01,tid_1901,1
ward,2023-06-01,tid_1902,1
ward,2023-06-01,tid_1903,1
ward,2023-06-01,tid_1904,5
ward,2023-06-01,tid_1905,0
ward,2023-06-01,tid_1906,0
ward,2023-06-01,tid_1907,1
ward,2023-06-01,tid_1908,1
ward,2023-06-01,tid_1909,4
ward,2023-06-01,tid_191,3
ward,2023-06-01,tid_1910,1
ward,2023-06-01,tid_1912,5
ward,2023-06-01,tid_1915,1
ward,2023-06-01,tid_1916,4
ward,2023-06-01,tid_1917,5
ward,2023-06-01,tid_1918,4
ward,2023-06-01,tid_1919,0
ward,2023-06-01,tid_1920,4
ward,2023-06-01,tid_1921,4
ward,2023-06-01,tid_1922,5
ward,2023-06-01,tid_1923,1
ward,2023-06-01,tid_1924,4
ward,2023-06-01,tid_1925,7
ward,2023-06-01,tid_1926,4
ward,2023-06-01,tid_1927,4
ward,2023-06-01,tid_1928,4
ward,2023-06-01,tid_1929,4
ward,2023-06-01,tid_1930,5
ward,2023-06-01,tid_1931,5
ward,2023-06-01,tid_1932,5
ward,2023-06-01,tid_1933,4
ward,2023-06-01,tid_1934,5
ward,2023-06-01,tid_1935,4
ward,2023-06-01,tid_1936,4
ward,2023-06-01,tid_1937,5
ward,2023-06-01,tid_1938,1
ward,2023-06-01,tid_1939,5
ward,2023-06-01,tid_194,3
ward,2023-06-01,tid_1940,4
ward,2023-06-01,tid_1941,4
ward,2023-06-01,tid_1942,4
ward,2023-06-01,tid_1943,4
ward,2023-06-01,tid_1944,4
ward,2023-06-01,tid_1945,4
ward,2023-06-01,tid_1947,1
ward,2023-06-01,tid_1948,7
ward,2023-06-01,tid_1949,4
ward,2023-06-01,tid_195,3
ward,2023-06-01,tid_1950,1
ward,2023-06-01,tid_1951,1
ward,2023-06-01,tid_1952,6
ward,2023-06-01,tid_1954,7
ward,2023-06-01,tid_1955,0
ward,2023-06-01,tid_1956,0
ward,2023-06-01,tid_1957,0
ward,2023-06-01,tid_1958,0
ward,2023-06-01,tid_1959,2
ward,2023-06-01,tid_196,3
ward,2023-06-01,tid_1960,7
ward,2023-06-01,tid_1961,0
ward,2023-06-01,tid_1962,0
ward,2023-06-01,tid_1963,0
ward,2023-06-01,tid_1965,7
ward,2023-06-01,tid_1966,2
ward,2023-06-01,tid_1967,0
ward,2023-06-01,tid_1968,0
ward,2023-06-01,tid_1969,0
ward,2023-06-01,tid_1970,0
ward,2023-06-01,tid_1971,6
ward,2023-06-01,tid_1972,7
ward,2023-06-01,tid_1973,7
ward,2023-06-01,tid_1974,5
ward,2023-06-01,tid_1975,7
ward,2023-06-01,tid_1976,1
ward,2023-06-01,tid_1977,6
ward,2023-06-01,tid_1978,5
ward,2023-06-01,tid_1979,6
ward,2023-06-01,tid_198,3
ward,2023-06-01,tid_1980,5
ward,2023-06-01,tid_1981,5
ward,2023-06-01,tid_1982,5
ward,2023-06-01,tid_1983,5
ward,2023-06-01,tid_1984,1
ward,2023-06-01,tid_1985,7
ward,2023-06-01,tid_1986,0
ward,2023-06-01,tid_1987,0
ward,2023-06-01,tid_1988,5
ward,2023-06-01,tid_1989,1
ward,2023-06-01,tid_1990,5
ward,2023-06-01,tid_1991,5
ward,2023-06-01,tid_1992,1
ward,2023-06-01,tid_1993,0
ward,2023-06-01,tid_1994,1
ward,2023-06-01,tid_1995,0
ward,2023-06-01,tid_1996,5
ward,2023-06-01,tid_1997,1
ward,2023-06-01,tid_1999,5
ward,2023-06-01,tid_2,3
ward,2023-06-01,tid_20,0
ward,2023-06-01,tid_2000,0
ward,2023-06-01,tid_2001,1
ward,2023-06-01,tid_2002,0
ward,2023-06-01,tid_2004,0
ward,2023-06-01,tid_2005,5
ward,2023-06-01,tid_2006,0
ward,2023-06-01,tid_2007,1
ward,2023-06-01,tid_2008,5
ward,2023-06-01,tid_2009,5
ward,2023-06-01,tid_201,6
ward,2023-06-01,tid_2010,5
ward,2023-06-01,tid_2011,5
ward,2023-06-01,tid_2012,7
ward,2023-06-01,tid_2015,7
ward,2023-06-01,tid_2017,7
ward,2023-06-01,tid_2018,1
ward,2023-06-01,tid_2019,0
ward,2023-06-01,tid_2021,5
ward,2023-06-01,tid_2022,1
ward,2023-06-01,tid_2023,1
ward,2023-06-01,tid_2024,0
ward,2023-06-01,tid_2025,0
ward,2023-06-01,tid_2027,1
ward,2023-06-01,tid_2028,5
ward,2023-06-01,tid_203,5
ward,2023-06-01,tid_2030,7
ward,2023-06-01,tid_2031,1
ward,2023-06-01,tid_2032,0
ward,2023-06-01,tid_2033,6
ward,2023-06-01,tid_2034,0
ward,2023-06-01,tid_2035,1
ward,2023-06-01,tid_2036,7
ward,2023-06-01,tid_2037,1
ward,2023-06-01,tid_2039,1
ward,2023-06-01,tid_204,3
ward,2023-06-01,tid_2040,0
ward,2023-06-01,tid_2041,7
ward,2023-06-01,tid_2042,7
ward,2023-06-01,tid_2043,7
ward,2023-06-01,tid_2044,6
ward,2023-06-01,tid_2045,5
ward,2023-06-01,tid_2046,1
ward,2023-06-01,tid_2047,5
ward,2023-06-01,tid_2048,5
ward,2023-06-01,tid_2049,7
ward,2023-06-01,tid_205,3
ward,2023-06-01,tid_2050,1
ward,2023-06-01,tid_2051,1
ward,2023-06-01,tid_2052,1
ward,2023-06-01,tid_2053,1
ward,2023-06-01,tid_2054,1
ward,2023-06-01,tid_2055,1
ward,2023-06-01,tid_2056,4
ward,2023-06-01,tid_2057,1
ward,2023-06-01,tid_2058,1
ward,2023-06-01,tid_2059,1
ward,2023-06-01,tid_206,6
ward,2023-06-01,tid_2060,7
ward,2023-06-01,tid_2061,4
ward,2023-06-01,tid_2062,5
ward,2023-06-01,tid_2063,6
ward,2023-06-01,tid_2064,1
ward,2023-06-01,tid_2065,4
ward,2023-06-01,tid_2066,1
ward,2023-06-01,tid_2067,4
ward,2023-06-01,tid_2068,1
ward,2023-06-01,tid_2069,7
ward,2023-06-01,tid_207,0
ward,2023-06-01,tid_2070,5
ward,2023-06-01,tid_2072,4
ward,2023-06-01,tid_2073,1
ward,2023-06-01,tid_2074,4
ward,2023-06-01,tid_2075,4
ward,2023-06-01,tid_2076,4
ward,2023-06-01,tid_2077,4
ward,2023-06-01,tid_2078,4
ward,2023-06-01,tid_2079,4
ward,2023-06-01,tid_208,5
ward,2023-06-01,tid_2080,4
ward,2023-06-01,tid_2081,4
ward,2023-06-01,tid_2082,4
ward,2023-06-01,tid_2085,4
ward,2023-06-01,tid_2087,4
ward,2023-06-01,tid_2088,4
ward,2023-06-01,tid_2089,4
ward,2023-06-01,tid_209,0
ward,2023-06-01,tid_2090,4
ward,2023-06-01,tid_2091,4
ward,2023-06-01,tid_2093,4
ward,2023-06-01,tid_2094,4
ward,2023-06-01,tid_2095,4
ward,2023-06-01,tid_2096,4
ward,2023-06-01,tid_2098,4
ward,2023-06-01,tid_21,6
ward,2023-06-01,tid_210,1
ward,2023-06-01,tid_2100,5
ward,2023-06-01,tid_2101,6
ward,2023-06-01,tid_2105,1
ward,2023-06-01,tid_2108,5
ward,2023-06-01,tid_2109,5
ward,2023-06-01,tid_211,0
ward,2023-06-01,tid_2110,5
ward,2023-06-01,tid_2111,1
ward,2023-06-01,tid_2112,1
ward,2023-06-01,tid_2113,5
ward,2023-06-01,tid_2114,1
ward,2023-06-01,tid_2116,1
ward,2023-06-01,tid_2117,5
ward,2023-06-01,tid_2118,5
ward,2023-06-01,tid_2119,6
ward,2023-06-01,tid_212,5
ward,2023-06-01,tid_2120,5
ward,2023-06-01,tid_2121,1
ward,2023-06-01,tid_2122,5
ward,2023-06-01,tid_2124,5
ward,2023-06-01,tid_2125,4
ward,2023-06-01,tid_2126,5
ward,2023-06-01,tid_2127,1
ward,2023-06-01,tid_2128,1
ward,2023-06-01,tid_2129,1
ward,2023-06-01,tid_213,5
ward,2023-06-01,tid_2130,0
ward,2023-06-01,tid_2131,1
ward,2023-06-01,tid_2132,1
ward,2023-06-01,tid_2133,1
ward,2023-06-01,tid_2134,1
ward,2023-06-01,tid_2136,0
ward,2023-06-01,tid_2137,5
ward,2023-06-01,tid_2138,1
ward,2023-06-01,tid_2139,1
ward,2023-06-01,tid_214,1
ward,2023-06-01,tid_2140,4
ward,2023-06-01,tid_2142,4
ward,2023-06-01,tid_2143,0
ward,2023-06-01,tid_2144,6
ward,2023-06-01,tid_2145,1
ward,2023-06-01,tid_2146,5
ward,2023-06-01,tid_2148,7
ward,2023-06-01,tid_2149,1
ward,2023-06-01,tid_215,1
ward,2023-06-01,tid_2150,1
ward,2023-06-01,tid_2151,1
ward,2023-06-01,tid_2152,1
ward,2023-06-01,tid_2153,4
ward,2023-06-01,tid_2154,1
ward,2023-06-01,tid_2155,7
ward,2023-06-01,tid_2156,4
ward,2023-06-01,tid_2157,1
ward,2023-06-01,tid_2158,1
ward,2023-06-01,tid_2159,7
ward,2023-06-01,tid_216,1
ward,2023-06-01,tid_2160,1
ward,2023-06-01,tid_2161,6
ward,2023-06-01,tid_2162,1
ward,2023-06-01,tid_2163,1
ward,2023-06-01,tid_2164,6
ward,2023-06-01,tid_2165,5
ward,2023-06-01,tid_2167,5
ward,2023-06-01,tid_2168,5
ward,2023-06-01,tid_2169,6
ward,2023-06-01,tid_217,1
ward,2023-06-01,tid_2171,5
ward,2023-06-01,tid_2172,4
ward,2023-06-01,tid_2173,5
ward,2023-06-01,tid_2174,1
ward,2023-06-01,tid_2175,1
ward,2023-06-01,tid_2176,1
ward,2023-06-01,tid_2177,5
ward,2023-06-01,tid_2178,1
ward,2023-06-01,tid_2179,1
ward,2023-06-01,tid_218,0
ward,2023-06-01,tid_2180,1
ward,2023-06-01,tid_2181,4
ward,2023-06-01,tid_2182,4
ward,2023-06-01,tid_2183,5
ward,2023-06-01,tid_2184,4
ward,2023-06-01,tid_2185,4
ward,2023-06-01,tid_2186,5
ward,2023-06-01,tid_2187,0
ward,2023-06-01,tid_2188,5
ward,2023-06-01,tid_2189,1
ward,2023-06-01,tid_219,1
ward,2023-06-01,tid_2190,6
ward,2023-06-01,tid_2191,0
ward,2023-06-01,tid_2192,0
ward,2023-06-01,tid_2193,6
ward,2023-06-01,tid_2194,0
ward,2023-06-01,tid_2195,7
ward,2023-06-01,tid_2196,4
ward,2023-06-01,tid_2197,4
ward,2023-06-01,tid_2198,0
ward,2023-06-01,tid_2199,0
ward,2023-06-01,tid_22,7
ward,2023-06-01,tid_220,7
ward,2023-06-01,tid_2200,1
ward,2023-06-01,tid_2201,0
ward,2023-06-01,tid_2202,0
ward,2023-06-01,tid_2203,0
ward,2023-06-01,tid_2204,0
ward,2023-06-01,tid_2205,0
ward,2023-06-01,tid_2206,0
ward,2023-06-01,tid_2207,1
ward,2023-06-01,tid_2208,0
ward,2023-06-01,tid_221,1
ward,2023-06-01,tid_2210,6
ward,2023-06-01,tid_2211,5
ward,2023-06-01,tid_2212,1
ward,2023-06-01,tid_2213,1
ward,2023-06-01,tid_2215,1
ward,2023-06-01,tid_2216,6
ward,2023-06-01,tid_2217,6
ward,2023-06-01,tid_2218,5
ward,2023-06-01,tid_2219,5
ward,2023-06-01,tid_222,5
ward,2023-06-01,tid_2220,6
ward,2023-06-01,tid_2221,6
ward,2023-06-01,tid_2222,5
ward,2023-06-01,tid_2223,5
ward,2023-06-01,tid_2224,0
ward,2023-06-01,tid_2225,5
ward,2023-06-01,tid_2226,6
ward,2023-06-01,tid_2227,0
ward,2023-06-01,tid_2228,0
ward,2023-06-01,tid_2229,5
ward,2023-06-01,tid_223,1
ward,2023-06-01,tid_2230,5
ward,2023-06-01,tid_2231,5
ward,2023-06-01,tid_2232,5
ward,2023-06-01,tid_2233,5
ward,2023-06-01,tid_2234,1
ward,2023-06-01,tid_2235,0
ward,2023-06-01,tid_2236,5
ward,2023-06-01,tid_2237,0
ward,2023-06-01,tid_2238,6
ward,2023-06-01,tid_224,0
ward,2023-06-01,tid_2241,5
ward,2023-06-01,tid_2242,6
ward,2023-06-01,tid_2243,6
ward,2023-06-01,tid_2244,5
ward,2023-06-01,tid_2245,6
ward,2023-06-01,tid_2248,5
ward,2023-06-01,tid_2249,0
ward,2023-06-01,tid_225,5
ward,2023-06-01,tid_2250,0
ward,2023-06-01,tid_2251,6
ward,2023-06-01,tid_2252,5
ward,2023-06-01,tid_2253,1
ward,2023-06-01,tid_2254,1
ward,2023-06-01,tid_2255,4
ward,2023-06-01,tid_2256,4
ward,2023-06-01,tid_2257,4
ward,2023-06-01,tid_2258,4
ward,2023-06-01,tid_2259,4
ward,2023-06-01,tid_226,5
ward,2023-06-01,tid_2260,4
ward,2023-06-01,tid_2262,4
ward,2023-06-01,tid_2264,1
ward,2023-06-01,tid_2265,4
ward,2023-06-01,tid_2266,4
ward,2023-06-01,tid_2267,4
ward,2023-06-01,tid_2268,4
ward,2023-06-01,tid_2269,1
ward,2023-06-01,tid_227,5
ward,2023-06-01,tid_2270,4
ward,2023-06-01,tid_2271,4
ward,2023-06-01,tid_2272,5
ward,2023-06-01,tid_2274,7
ward,2023-06-01,tid_2275,6
ward,2023-06-01,tid_2276,7
ward,2023-06-01,tid_2278,1
ward,2023-06-01,tid_2279,0
ward,2023-06-01,tid_228,5
ward,2023-06-01,tid_2280,5
ward,2023-06-01,tid_2281,6
ward,2023-06-01,tid_2282,6
ward,2023-06-01,tid_2286,5
ward,2023-06-01,tid_2287,5
ward,2023-06-01,tid_2288,5
ward,2023-06-01,tid_2289,5
ward,2023-06-01,tid_229,5
ward,2023-06-01,tid_2292,7
ward,2023-06-01,tid_2293,1
ward,2023-06-01,tid_2294,1
ward,2023-06-01,tid_2295,7
ward,2023-06-01,tid_2296,5
ward,2023-06-01,tid_2297,1
ward,2023-06-01,tid_2298,1
ward,2023-06-01,tid_2299,5
ward,2023-06-01,tid_23,0
ward,2023-06-01,tid_230,1
ward,2023-06-01,tid_2300,5
ward,2023-06-01,tid_2301,5
ward,2023-06-01,tid_2302,1
ward,2023-06-01,tid_2303,7
ward,2023-06-01,tid_2304,1
ward,2023-06-01,tid_2305,7
ward,2023-06-01,tid_2307,4
ward,2023-06-01,tid_2308,1
ward,2023-06-01,tid_2309,4
ward,2023-06-01,tid_231,1
ward,2023-06-01,tid_2310,7
ward,2023-06-01,tid_2311,7
ward,2023-06-01,tid_2312,6
ward,2023-06-01,tid_2314,1
ward,2023-06-01,tid_2315,1
ward,2023-06-01,tid_2316,1
ward,2023-06-01,tid_2317,7
ward,2023-06-01,tid_2318,6
ward,2023-06-01,tid_232,1
ward,2023-06-01,tid_2320,0
ward,2023-06-01,tid_2321,1
ward,2023-06-01,tid_2322,1
ward,2023-06-01,tid_2323,1
ward,2023-06-01,tid_2324,1
ward,2023-06-01,tid_2325,1
ward,2023-06-01,tid_2326,1
ward,2023-06-01,tid_2327,1
ward,2023-06-01,tid_2328,1
ward,2023-06-01,tid_2329,1
ward,2023-06-01,tid_233,1
ward,2023-06-01,tid_2330,1
ward,2023-06-01,tid_2332,1
ward,2023-06-01,tid_2333,5
ward,2023-06-01,tid_2334,5
ward,2023-06-01,tid_2335,5
ward,2023-06-01,tid_2336,5
ward,2023-06-01,tid_2337,6
ward,2023-06-01,tid_2338,7
ward,2023-06-01,tid_2339,0
ward,2023-06-01,tid_234,5
ward,2023-06-01,tid_2340,1
ward,2023-06-01,tid_2341,0
ward,2023-06-01,tid_2342,2
ward,2023-06-01,tid_2343,1
ward,2023-06-01,tid_2344,6
ward,2023-06-01,tid_2345,0
ward,2023-06-01,tid_2348,0
ward,2023-06-01,tid_2349,0
ward,2023-06-01,tid_235,1
ward,2023-06-01,tid_2351,3
ward,2023-06-01,tid_2352,3
ward,2023-06-01,tid_2353,3
ward,2023-06-01,tid_2354,3
ward,2023-06-01,tid_2355,3
ward,2023-06-01,tid_2356,3
ward,2023-06-01,tid_2357,3
ward,2023-06-01,tid_2358,3
ward,2023-06-01,tid_2359,3
ward,2023-06-01,tid_236,5
ward,2023-06-01,tid_2360,3
ward,2023-06-01,tid_2361,3
ward,2023-06-01,tid_2362,3
ward,2023-06-01,tid_2363,3
ward,2023-06-01,tid_2364,3
ward,2023-06-01,tid_2365,3
ward,2023-06-01,tid_2366,3
ward,2023-06-01,tid_2367,3
ward,2023-06-01,tid_2368,3
ward,2023-06-01,tid_2369,3
ward,2023-06-01,tid_237,0
ward,2023-06-01,tid_2370,3
ward,2023-06-01,tid_2371,3
ward,2023-06-01,tid_2372,3
ward,2023-06-01,tid_2373,3
ward,2023-06-01,tid_2374,3
ward,2023-06-01,tid_2375,3
ward,2023-06-01,tid_2376,3
ward,2023-06-01,tid_2377,3
ward,2023-06-01,tid_2378,3
ward,2023-06-01,tid_2379,3
ward,2023-06-01,tid_238,1
ward,2023-06-01,tid_2380,3
ward,2023-06-01,tid_2381,3
ward,2023-06-01,tid_2382,3
ward,2023-06-01,tid_2383,3
ward,2023-06-01,tid_2384,3
ward,2023-06-01,tid_2385,3
ward,2023-06-01,tid_2386,3
ward,2023-06-01,tid_2387,3
ward,2023-06-01,tid_2388,3
ward,2023-06-01,tid_2389,3
ward,2023-06-01,tid_239,1
ward,2023-06-01,tid_2390,3
ward,2023-06-01,tid_2391,3
ward,2023-06-01,tid_2392,6
ward,2023-06-01,tid_2393,6
ward,2023-06-01,tid_2395,6
ward,2023-06-01,tid_2398,3
ward,2023-06-01,tid_2399,3
ward,2023-06-01,tid_240,1
ward,2023-06-01,tid_2400,3
ward,2023-06-01,tid_2401,3
ward,2023-06-01,tid_2402,3
ward,2023-06-01,tid_2403,6
ward,2023-06-01,tid_2404,3
ward,2023-06-01,tid_2405,3
ward,2023-06-01,tid_2406,3
ward,2023-06-01,tid_2407,3
ward,2023-06-01,tid_2408,3
ward,2023-06-01,tid_2409,3
ward,2023-06-01,tid_241,1
ward,2023-06-01,tid_2410,6
ward,2023-06-01,tid_2411,3
ward,2023-06-01,tid_2412,3
ward,2023-06-01,tid_2416,3
ward,2023-06-01,tid_242,1
ward,2023-06-01,tid_2422,6
ward,2023-06-01,tid_2423,3
ward,2023-06-01,tid_2424,3
ward,2023-06-01,tid_2425,3
ward,2023-06-01,tid_2426,3
ward,2023-06-01,tid_2427,3
ward,2023-06-01,tid_2428,3
ward,2023-06-01,tid_2429,3
ward,2023-06-01,tid_243,1
ward,2023-06-01,tid_2430,3
ward,2023-06-01,tid_2431,3
ward,2023-06-01,tid_2432,3
ward,2023-06-01,tid_2433,3
ward,2023-06-01,tid_2434,3
ward,2023-06-01,tid_2435,3
ward,2023-06-01,tid_2436,3
ward,2023-06-01,tid_2437,3
ward,2023-06-01,tid_2439,3
ward,2023-06-01,tid_2440,3
ward,2023-06-01,tid_2441,3
ward,2023-06-01,tid_2442,3
ward,2023-06-01,tid_2443,3
ward,2023-06-01,tid_2444,3
ward,2023-06-01,tid_2445,3
ward,2023-06-01,tid_2446,3
ward,2023-06-01,tid_2447,3
ward,2023-06-01,tid_2449,3
ward,2023-06-01,tid_2450,3
ward,2023-06-01,tid_2451,3
ward,2023-06-01,tid_2452,3
ward,2023-06-01,tid_2453,3
ward,2023-06-01,tid_2454,3
ward,2023-06-01,tid_2455,3
ward,2023-06-01,tid_2456,3
ward,2023-06-01,tid_2457,3
ward,2023-06-01,tid_2458,3
ward,2023-06-01,tid_2459,3
ward,2023-06-01,tid_2460,3
ward,2023-06-01,tid_2461,3
ward,2023-06-01,tid_2462,3
ward,2023-06-01,tid_2463,3
ward,2023-06-01,tid_2464,3
ward,2023-06-01,tid_2465,6
ward,2023-06-01,tid_2466,3
ward,2023-06-01,tid_2467,3
ward,2023-06-01,tid_2468,3
ward,2023-06-01,tid_2469,3
ward,2023-06-01,tid_2470,3
ward,2023-06-01,tid_2471,3
ward,2023-06-01,tid_2472,3
ward,2023-06-01,tid_2473,3
ward,2023-06-01,tid_2474,3
ward,2023-06-01,tid_2475,3
ward,2023-06-01,tid_2476,3
ward,2023-06-01,tid_2477,3
ward,2023-06-01,tid_2478,6
ward,2023-06-01,tid_2479,3
ward,2023-06-01,tid_2480,3
ward,2023-06-01,tid_2481,3
ward,2023-06-01,tid_2482,3
ward,2023-06-01,tid_2483,3
ward,2023-06-01,tid_2484,3
ward,2023-06-01,tid_2485,3
ward,2023-06-01,tid_2486,3
ward,2023-06-01,tid_2487,3
ward,2023-06-01,tid_2488,3
ward,2023-06-01,tid_2489,3
ward,2023-06-01,tid_2490,3
ward,2023-06-01,tid_2491,3
ward,2023-06-01,tid_2492,3
ward,2023-06-01,tid_2493,3
ward,2023-06-01,tid_2494,3
ward,2023-06-01,tid_2495,3
ward,2023-06-01,tid_2496,3
ward,2023-06-01,tid_2497,3
ward,2023-06-01,tid_2498,3
ward,2023-06-01,tid_2499,3
ward,2023-06-01,tid_25,6
ward,2023-06-01,tid_2500,3
ward,2023-06-01,tid_2501,3
ward,2023-06-01,tid_2502,3
ward,2023-06-01,tid_2503,3
ward,2023-06-01,tid_2504,3
ward,2023-06-01,tid_2505,3
ward,2023-06-01,tid_2506,3
ward,2023-06-01,tid_2507,3
ward,2023-06-01,tid_2508,3
ward,2023-06-01,tid_2509,3
ward,2023-06-01,tid_2510,3
ward,2023-06-01,tid_2511,3
ward,2023-06-01,tid_2512,3
ward,2023-06-01,tid_2513,3
ward,2023-06-01,tid_2514,3
ward,2023-06-01,tid_2515,3
ward,2023-06-01,tid_2516,3
ward,2023-06-01,tid_2517,3
ward,2023-06-01,tid_2518,3
ward,2023-06-01,tid_2519,3
ward,2023-06-01,tid_2520,3
ward,2023-06-01,tid_2521,3
ward,2023-06-01,tid_2522,3
ward,2023-06-01,tid_2523,3
ward,2023-06-01,tid_2524,3
ward,2023-06-01,tid_2525,3
ward,2023-06-01,tid_2526,3
ward,2023-06-01,tid_2527,3
ward,2023-06-01,tid_2528,3
ward,2023-06-01,tid_2529,3
ward,2023-06-01,tid_2530,3
ward,2023-06-01,tid_2531,3
ward,2023-06-01,tid_2532,3
ward,2023-06-01,tid_2533,3
ward,2023-06-01,tid_2534,3
ward,2023-06-01,tid_2535,3
ward,2023-06-01,tid_2536,3
ward,2023-06-01,tid_2537,3
ward,2023-06-01,tid_2538,3
ward,2023-06-01,tid_2539,3
ward,2023-06-01,tid_2540,3
ward,2023-06-01,tid_2541,3
ward,2023-06-01,tid_2542,3
ward,2023-06-01,tid_2543,3
ward,2023-06-01,tid_2544,3
ward,2023-06-01,tid_2545,3
ward,2023-06-01,tid_2546,3
ward,2023-06-01,tid_2547,6
ward,2023-06-01,tid_2548,3
ward,2023-06-01,tid_2549,3
ward,2023-06-01,tid_2550,3
ward,2023-06-01,tid_2551,3
ward,2023-06-01,tid_2552,3
ward,2023-06-01,tid_2553,3
ward,2023-06-01,tid_2554,6
ward,2023-06-01,tid_2555,3
ward,2023-06-01,tid_2556,3
ward,2023-06-01,tid_2557,3
ward,2023-06-01,tid_2558,3
ward,2023-06-01,tid_2559,3
ward,2023-06-01,tid_2560,3
ward,2023-06-01,tid_2561,3
ward,2023-06-01,tid_2562,3
ward,2023-06-01,tid_2563,3
ward,2023-06-01,tid_2564,3
ward,2023-06-01,tid_2565,3
ward,2023-06-01,tid_2566,3
ward,2023-06-01,tid_2567,3
ward,2023-06-01,tid_2568,3
ward,2023-06-01,tid_2569,3
ward,2023-06-01,tid_2570,3
ward,2023-06-01,tid_2571,6
ward,2023-06-01,tid_2572,3
ward,2023-06-01,tid_2573,3
ward,2023-06-01,tid_2574,3
ward,2023-06-01,tid_2575,3
ward,2023-06-01,tid_2576,3
ward,2023-06-01,tid_2577,3
ward,2023-06-01,tid_2578,3
ward,2023-06-01,tid_2579,3
ward,2023-06-01,tid_2580,3
ward,2023-06-01,tid_2581,3
ward,2023-06-01,tid_2582,3
ward,2023-06-01,tid_2583,3
ward,2023-06-01,tid_2584,3
ward,2023-06-01,tid_2585,3
ward,2023-06-01,tid_2586,3
ward,2023-06-01,tid_2587,3
ward,2023-06-01,tid_2588,6
ward,2023-06-01,tid_2589,3
ward,2023-06-01,tid_2590,3
ward,2023-06-01,tid_2591,6
ward,2023-06-01,tid_2592,3
ward,2023-06-01,tid_2593,5
ward,2023-06-01,tid_2595,5
ward,2023-06-01,tid_2596,6
ward,2023-06-01,tid_2597,6
ward,2023-06-01,tid_2598,6
ward,2023-06-01,tid_2599,3
ward,2023-06-01,tid_26,6
ward,2023-06-01,tid_2600,3
ward,2023-06-01,tid_2601,6
ward,2023-06-01,tid_2602,3
ward,2023-06-01,tid_2604,3
ward,2023-06-01,tid_2605,3
ward,2023-06-01,tid_2606,3
ward,2023-06-01,tid_2607,0
ward,2023-06-01,tid_2618,1
ward,2023-06-01,tid_2619,5
ward,2023-06-01,tid_2620,0
ward,2023-06-01,tid_2621,0
ward,2023-06-01,tid_2644,6
ward,2023-06-01,tid_2646,3
ward,2023-06-01,tid_2647,6
ward,2023-06-01,tid_2648,6
ward,2023-06-01,tid_2649,6
ward,2023-06-01,tid_2651,3
ward,2023-06-01,tid_2652,6
ward,2023-06-01,tid_269,6
ward,2023-06-01,tid_27,6
ward,2023-06-01,tid_270,5
ward,2023-06-01,tid_271,1
ward,2023-06-01,tid_2710,5
ward,2023-06-01,tid_272,0
ward,2023-06-01,tid_273,0
ward,2023-06-01,tid_274,5
ward,2023-06-01,tid_275,7
ward,2023-06-01,tid_276,1
ward,2023-06-01,tid_277,7
ward,2023-06-01,tid_278,6
ward,2023-06-01,tid_279,1
ward,2023-06-01,tid_28,6
ward,2023-06-01,tid_280,1
ward,2023-06-01,tid_2808,6
ward,2023-06-01,tid_2809,0
ward,2023-06-01,tid_281,1
ward,2023-06-01,tid_2813,5
ward,2023-06-01,tid_2814,6
ward,2023-06-01,tid_282,7
ward,2023-06-01,tid_283,7
ward,2023-06-01,tid_284,0
ward,2023-06-01,tid_285,1
ward,2023-06-01,tid_287,4
ward,2023-06-01,tid_2872,0
ward,2023-06-01,tid_2876,3
ward,2023-06-01,tid_2879,6
ward,2023-06-01,tid_288,4
ward,2023-06-01,tid_2880,5
ward,2023-06-01,tid_2881,3
ward,2023-06-01,tid_2882,6
ward,2023-06-01,tid_2883,5
ward,2023-06-01,tid_2884,4
ward,2023-06-01,tid_2885,0
ward,2023-06-01,tid_2886,0
ward,2023-06-01,tid_2887,6
ward,2023-06-01,tid_289,4
ward,2023-06-01,tid_29,6
ward,2023-06-01,tid_290,4
ward,2023-06-01,tid_292,4
ward,2023-06-01,tid_293,4
ward,2023-06-01,tid_294,4
ward,2023-06-01,tid_295,4
ward,2023-06-01,tid_296,4
ward,2023-06-01,tid_297,4
ward,2023-06-01,tid_298,5
ward,2023-06-01,tid_3,1
ward,2023-06-01,tid_30,0
ward,2023-06-01,tid_300,4
ward,2023-06-01,tid_3005,5
ward,2023-06-01,tid_3007,5
ward,2023-06-01,tid_3009,6
ward,2023-06-01,tid_301,0
ward,2023-06-01,tid_3011,0
ward,2023-06-01,tid_3012,4
ward,2023-06-01,tid_3013,6
ward,2023-06-01,tid_302,4
ward,2023-06-01,tid_303,5
ward,2023-06-01,tid_304,1
ward,2023-06-01,tid_305,4
ward,2023-06-01,tid_306,4
ward,2023-06-01,tid_307,4
ward,2023-06-01,tid_308,5
ward,2023-06-01,tid_309,0
ward,2023-06-01,tid_31,0
ward,2023-06-01,tid_312,0
ward,2023-06-01,tid_314,2
ward,2023-06-01,tid_316,2
ward,2023-06-01,tid_317,2
ward,2023-06-01,tid_318,2
ward,2023-06-01,tid_319,2
ward,2023-06-01,tid_32,7
ward,2023-06-01,tid_320,2
ward,2023-06-01,tid_321,0
ward,2023-06-01,tid_323,2
ward,2023-06-01,tid_324,2
ward,2023-06-01,tid_325,0
ward,2023-06-01,tid_326,0
ward,2023-06-01,tid_327,5
ward,2023-06-01,tid_329,0
ward,2023-06-01,tid_33,0
ward,2023-06-01,tid_330,0
ward,2023-06-01,tid_331,2
ward,2023-06-01,tid_332,2
ward,2023-06-01,tid_333,0
ward,2023-06-01,tid_334,2
ward,2023-06-01,tid_335,2
ward,2023-06-01,tid_336,2
ward,2023-06-01,tid_337,2
ward,2023-06-01,tid_338,2
ward,2023-06-01,tid_339,2
ward,2023-06-01,tid_34,0
ward,2023-06-01,tid_340,2
ward,2023-06-01,tid_341,2
ward,2023-06-01,tid_342,0
ward,2023-06-01,tid_343,2
ward,2023-06-01,tid_345,3
ward,2023-06-01,tid_346,3
ward,2023-06-01,tid_347,3
ward,2023-06-01,tid_348,3
ward,2023-06-01,tid_349,3
ward,2023-06-01,tid_35,0
ward,2023-06-01,tid_351,3
ward,2023-06-01,tid_352,3
ward,2023-06-01,tid_354,3
ward,2023-06-01,tid_355,6
ward,2023-06-01,tid_356,7
ward,2023-06-01,tid_357,0
ward,2023-06-01,tid_358,7
ward,2023-06-01,tid_359,7
ward,2023-06-01,tid_36,0
ward,2023-06-01,tid_360,0
ward,2023-06-01,tid_361,0
ward,2023-06-01,tid_362,6
ward,2023-06-01,tid_363,0
ward,2023-06-01,tid_364,0
ward,2023-06-01,tid_365,7
ward,2023-06-01,tid_366,0
ward,2023-06-01,tid_367,0
ward,2023-06-01,tid_368,0
ward,2023-06-01,tid_369,0
ward,2023-06-01,tid_37,0
ward,2023-06-01,tid_370,0
ward,2023-06-01,tid_371,6
ward,2023-06-01,tid_372,0
ward,2023-06-01,tid_373,6
ward,2023-06-01,tid_374,5
ward,2023-06-01,tid_375,0
ward,2023-06-01,tid_376,7
ward,2023-06-01,tid_377,1
ward,2023-06-01,tid_378,0
ward,2023-06-01,tid_379,6
ward,2023-06-01,tid_38,0
ward,2023-06-01,tid_380,0
ward,2023-06-01,tid_381,7
ward,2023-06-01,tid_382,5
ward,2023-06-01,tid_383,0
ward,2023-06-01,tid_384,0
ward,2023-06-01,tid_385,6
ward,2023-06-01,tid_386,0
ward,2023-06-01,tid_387,0
ward,2023-06-01,tid_388,6
ward,2023-06-01,tid_39,0
ward,2023-06-01,tid_390,0
ward,2023-06-01,tid_391,7
ward,2023-06-01,tid_392,5
ward,2023-06-01,tid_393,5
ward,2023-06-01,tid_395,0
ward,2023-06-01,tid_396,0
ward,2023-06-01,tid_397,0
ward,2023-06-01,tid_398,1
ward,2023-06-01,tid_4,4
ward,2023-06-01,tid_40,0
ward,2023-06-01,tid_401,0
ward,2023-06-01,tid_402,0
ward,2023-06-01,tid_403,0
ward,2023-06-01,tid_404,0
ward,2023-06-01,tid_405,0
ward,2023-06-01,tid_408,1
ward,2023-06-01,tid_41,0
ward,2023-06-01,tid_410,0
ward,2023-06-01,tid_413,0
ward,2023-06-01,tid_414,6
ward,2023-06-01,tid_416,0
ward,2023-06-01,tid_418,6
ward,2023-06-01,tid_419,0
ward,2023-06-01,tid_42,6
ward,2023-06-01,tid_420,0
ward,2023-06-01,tid_421,0
ward,2023-06-01,tid_422,0
ward,2023-06-01,tid_423,0
ward,2023-06-01,tid_424,7
ward,2023-06-01,tid_425,7
ward,2023-06-01,tid_428,4
ward,2023-06-01,tid_429,7
ward,2023-06-01,tid_43,7
ward,2023-06-01,tid_430,6
ward,2023-06-01,tid_431,7
ward,2023-06-01,tid_432,1
ward,2023-06-01,tid_433,7
ward,2023-06-01,tid_434,7
ward,2023-06-01,tid_435,7
ward,2023-06-01,tid_436,7
ward,2023-06-01,tid_437,1
ward,2023-06-01,tid_438,7
ward,2023-06-01,tid_44,0
ward,2023-06-01,tid_440,7
ward,2023-06-01,tid_441,7
ward,2023-06-01,tid_442,7
ward,2023-06-01,tid_443,7
ward,2023-06-01,tid_444,7
ward,2023-06-01,tid_445,1
ward,2023-06-01,tid_446,7
ward,2023-06-01,tid_447,1
ward,2023-06-01,tid_448,6
ward,2023-06-01,tid_449,0
ward,2023-06-01,tid_45,0
ward,2023-06-01,tid_450,0
ward,2023-06-01,tid_451,1
ward,2023-06-01,tid_452,0
ward,2023-06-01,tid_453,0
ward,2023-06-01,tid_455,0
ward,2023-06-01,tid_456,0
ward,2023-06-01,tid_457,1
ward,2023-06-01,tid_458,0
ward,2023-06-01,tid_459,0
ward,2023-06-01,tid_46,0
ward,2023-06-01,tid_460,0
ward,2023-06-01,tid_47,0
ward,2023-06-01,tid_478,6
ward,2023-06-01,tid_479,4
ward,2023-06-01,tid_48,0
ward,2023-06-01,tid_480,0
ward,2023-06-01,tid_481,6
ward,2023-06-01,tid_482,4
ward,2023-06-01,tid_484,0
ward,2023-06-01,tid_485,0
ward,2023-06-01,tid_486,0
ward,2023-06-01,tid_487,0
ward,2023-06-01,tid_489,4
ward,2023-06-01,tid_49,7
ward,2023-06-01,tid_490,0
ward,2023-06-01,tid_491,0
ward,2023-06-01,tid_492,0
ward,2023-06-01,tid_493,1
ward,2023-06-01,tid_494,7
ward,2023-06-01,tid_495,4
ward,2023-06-01,tid_496,7
ward,2023-06-01,tid_497,7
ward,2023-06-01,tid_498,0
ward,2023-06-01,tid_499,0
ward,2023-06-01,tid_5,6
ward,2023-06-01,tid_50,0
ward,2023-06-01,tid_501,7
ward,2023-06-01,tid_502,0
ward,2023-06-01,tid_503,7
ward,2023-06-01,tid_504,6
ward,2023-06-01,tid_505,7
ward,2023-06-01,tid_506,6
ward,2023-06-01,tid_507,6
ward,2023-06-01,tid_508,7
ward,2023-06-01,tid_509,0
ward,2023-06-01,tid_51,0
ward,2023-06-01,tid_510,0
ward,2023-06-01,tid_511,0
ward,2023-06-01,tid_512,0
ward,2023-06-01,tid_515,0
ward,2023-06-01,tid_516,1
ward,2023-06-01,tid_517,0
ward,2023-06-01,tid_518,7
ward,2023-06-01,tid_519,7
ward,2023-06-01,tid_52,7
ward,2023-06-01,tid_520,4
ward,2023-06-01,tid_521,1
ward,2023-06-01,tid_522,1
ward,2023-06-01,tid_523,1
ward,2023-06-01,tid_524,7
ward,2023-06-01,tid_525,7
ward,2023-06-01,tid_527,7
ward,2023-06-01,tid_528,1
ward,2023-06-01,tid_529,7
ward,2023-06-01,tid_53,0
ward,2023-06-01,tid_530,7
ward,2023-06-01,tid_531,1
ward,2023-06-01,tid_532,7
ward,2023-06-01,tid_533,4
ward,2023-06-01,tid_534,0
ward,2023-06-01,tid_535,7
ward,2023-06-01,tid_536,4
ward,2023-06-01,tid_537,0
ward,2023-06-01,tid_538,7
ward,2023-06-01,tid_539,7
ward,2023-06-01,tid_54,0
ward,2023-06-01,tid_540,7
ward,2023-06-01,tid_541,7
ward,2023-06-01,tid_542,1
ward,2023-06-01,tid_543,7
ward,2023-06-01,tid_544,7
ward,2023-06-01,tid_545,7
ward,2023-06-01,tid_546,4
ward,2023-06-01,tid_547,5
ward,2023-06-01,tid_548,7
ward,2023-06-01,tid_549,7
ward,2023-06-01,tid_55,0
ward,2023-06-01,tid_550,0
ward,2023-06-01,tid_552,7
ward,2023-06-01,tid_553,4
ward,2023-06-01,tid_554,7
ward,2023-06-01,tid_555,4
ward,2023-06-01,tid_556,2
ward,2023-06-01,tid_557,1
ward,2023-06-01,tid_558,7
ward,2023-06-01,tid_559,7
ward,2023-06-01,tid_56,7
ward,2023-06-01,tid_560,7
ward,2023-06-01,tid_561,7
ward,2023-06-01,tid_562,1
ward,2023-06-01,tid_563,1
ward,2023-06-01,tid_564,7
ward,2023-06-01,tid_565,5
ward,2023-06-01,tid_566,7
ward,2023-06-01,tid_567,1
ward,2023-06-01,tid_568,7
ward,2023-06-01,tid_569,7
ward,2023-06-01,tid_57,0
ward,2023-06-01,tid_570,1
ward,2023-06-01,tid_571,7
ward,2023-06-01,tid_572,1
ward,2023-06-01,tid_574,7
ward,2023-06-01,tid_578,0
ward,2023-06-01,tid_579,7
ward,2023-06-01,tid_58,7
ward,2023-06-01,tid_580,0
ward,2023-06-01,tid_581,0
ward,2023-06-01,tid_582,0
ward,2023-06-01,tid_583,2
ward,2023-06-01,tid_584,7
ward,2023-06-01,tid_585,5
ward,2023-06-01,tid_586,0
ward,2023-06-01,tid_587,0
ward,2023-06-01,tid_588,7
ward,2023-06-01,tid_589,0
ward,2023-06-01,tid_59,0
ward,2023-06-01,tid_591,7
ward,2023-06-01,tid_592,0
ward,2023-06-01,tid_593,0
ward,2023-06-01,tid_594,7
ward,2023-06-01,tid_595,7
ward,2023-06-01,tid_598,0
ward,2023-06-01,tid_599,7
ward,2023-06-01,tid_6,6
ward,2023-06-01,tid_60,0
ward,2023-06-01,tid_600,0
ward,2023-06-01,tid_601,0
ward,2023-06-01,tid_602,2
ward,2023-06-01,tid_603,7
ward,2023-06-01,tid_604,0
ward,2023-06-01,tid_605,0
ward,2023-06-01,tid_606,0
ward,2023-06-01,tid_607,0
ward,2023-06-01,tid_608,0
ward,2023-06-01,tid_61,0
ward,2023-06-01,tid_612,0
ward,2023-06-01,tid_613,0
ward,2023-06-01,tid_614,2
ward,2023-06-01,tid_615,2
ward,2023-06-01,tid_616,2
ward,2023-06-01,tid_618,2
ward,2023-06-01,tid_619,2
ward,2023-06-01,tid_62,0
ward,2023-06-01,tid_621,2
ward,2023-06-01,tid_63,0
ward,2023-06-01,tid_65,7
ward,2023-06-01,tid_66,6
ward,2023-06-01,tid_666,6
ward,2023-06-01,tid_667,0
ward,2023-06-01,tid_668,1
ward,2023-06-01,tid_669,5
ward,2023-06-01,tid_67,0
ward,2023-06-01,tid_670,5
ward,2023-06-01,tid_671,5
ward,2023-06-01,tid_674,0
ward,2023-06-01,tid_675,7
ward,2023-06-01,tid_676,0
ward,2023-06-01,tid_677,0
ward,2023-06-01,tid_678,0
ward,2023-06-01,tid_679,5
ward,2023-06-01,tid_68,0
ward,2023-06-01,tid_680,0
ward,2023-06-01,tid_683,7
ward,2023-06-01,tid_685,7
ward,2023-06-01,tid_686,0
ward,2023-06-01,tid_687,1
ward,2023-06-01,tid_689,5
ward,2023-06-01,tid_69,0
ward,2023-06-01,tid_690,7
ward,2023-06-01,tid_691,1
ward,2023-06-01,tid_692,4
ward,2023-06-01,tid_693,6
ward,2023-06-01,tid_694,1
ward,2023-06-01,tid_695,0
ward,2023-06-01,tid_696,7
ward,2023-06-01,tid_697,1
ward,2023-06-01,tid_698,4
ward,2023-06-01,tid_699,1
ward,2023-06-01,tid_7,6
ward,2023-06-01,tid_70,7
ward,2023-06-01,tid_701,1
ward,2023-06-01,tid_702,5
ward,2023-06-01,tid_703,1
ward,2023-06-01,tid_704,7
ward,2023-06-01,tid_705,0
ward,2023-06-01,tid_706,4
ward,2023-06-01,tid_708,2
ward,2023-06-01,tid_71,0
ward,2023-06-01,tid_710,1
ward,2023-06-01,tid_711,0
ward,2023-06-01,tid_712,1
ward,2023-06-01,tid_713,1
ward,2023-06-01,tid_714,0
ward,2023-06-01,tid_715,1
ward,2023-06-01,tid_716,6
ward,2023-06-01,tid_717,1
ward,2023-06-01,tid_718,5
ward,2023-06-01,tid_719,7
ward,2023-06-01,tid_72,0
ward,2023-06-01,tid_720,0
ward,2023-06-01,tid_721,7
ward,2023-06-01,tid_722,1
ward,2023-06-01,tid_723,1
ward,2023-06-01,tid_725,0
ward,2023-06-01,tid_726,2
ward,2023-06-01,tid_727,6
ward,2023-06-01,tid_73,6
ward,2023-06-01,tid_731,5
ward,2023-06-01,tid_734,1
ward,2023-06-01,tid_735,0
ward,2023-06-01,tid_736,1
ward,2023-06-01,tid_737,7
ward,2023-06-01,tid_738,7
ward,2023-06-01,tid_739,7
ward,2023-06-01,tid_74,0
ward,2023-06-01,tid_741,5
ward,2023-06-01,tid_742,0
ward,2023-06-01,tid_743,1
ward,2023-06-01,tid_744,7
ward,2023-06-01,tid_745,1
ward,2023-06-01,tid_746,7
ward,2023-06-01,tid_747,7
ward,2023-06-01,tid_748,0
ward,2023-06-01,tid_749,7
ward,2023-06-01,tid_75,0
ward,2023-06-01,tid_751,7
ward,2023-06-01,tid_752,1
ward,2023-06-01,tid_753,7
ward,2023-06-01,tid_754,7
ward,2023-06-01,tid_755,1
ward,2023-06-01,tid_756,0
ward,2023-06-01,tid_757,6
ward,2023-06-01,tid_758,7
ward,2023-06-01,tid_76,6
ward,2023-06-01,tid_760,7
ward,2023-06-01,tid_761,7
ward,2023-06-01,tid_763,0
ward,2023-06-01,tid_764,1
ward,2023-06-01,tid_765,1
ward,2023-06-01,tid_766,7
ward,2023-06-01,tid_767,0
ward,2023-06-01,tid_769,1
ward,2023-06-01,tid_77,6
ward,2023-06-01,tid_770,0
ward,2023-06-01,tid_771,7
ward,2023-06-01,tid_773,1
ward,2023-06-01,tid_774,1
ward,2023-06-01,tid_775,6
ward,2023-06-01,tid_776,7
ward,2023-06-01,tid_777,6
ward,2023-06-01,tid_778,7
ward,2023-06-01,tid_779,7
ward,2023-06-01,tid_78,7
ward,2023-06-01,tid_780,7
ward,2023-06-01,tid_781,7
ward,2023-06-01,tid_782,6
ward,2023-06-01,tid_783,7
ward,2023-06-01,tid_784,7
ward,2023-06-01,tid_785,6
ward,2023-06-01,tid_787,7
ward,2023-06-01,tid_788,0
ward,2023-06-01,tid_789,7
ward,2023-06-01,tid_79,0
ward,2023-06-01,tid_790,0
ward,2023-06-01,tid_791,7
ward,2023-06-01,tid_792,7
ward,2023-06-01,tid_793,7
ward,2023-06-01,tid_794,7
ward,2023-06-01,tid_795,7
ward,2023-06-01,tid_796,7
ward,2023-06-01,tid_797,7
ward,2023-06-01,tid_798,7
ward,2023-06-01,tid_799,7
ward,2023-06-01,tid_8,6
ward,2023-06-01,tid_80,0
ward,2023-06-01,tid_800,7
ward,2023-06-01,tid_801,7
ward,2023-06-01,tid_802,7
ward,2023-06-01,tid_803,7
ward,2023-06-01,tid_804,7
ward,2023-06-01,tid_805,7
ward,2023-06-01,tid_806,7
ward,2023-06-01,tid_807,7
ward,2023-06-01,tid_808,1
ward,2023-06-01,tid_809,3
ward,2023-06-01,tid_81,0
ward,2023-06-01,tid_810,4
ward,2023-06-01,tid_811,3
ward,2023-06-01,tid_812,3
ward,2023-06-01,tid_813,3
ward,2023-06-01,tid_814,4
ward,2023-06-01,tid_815,4
ward,2023-06-01,tid_817,5
ward,2023-06-01,tid_818,5
ward,2023-06-01,tid_819,3
ward,2023-06-01,tid_82,0
ward,2023-06-01,tid_820,6
ward,2023-06-01,tid_821,4
ward,2023-06-01,tid_822,4
ward,2023-06-01,tid_823,4
ward,2023-06-01,tid_824,3
ward,2023-06-01,tid_825,4
ward,2023-06-01,tid_826,4
ward,2023-06-01,tid_827,4
ward,2023-06-01,tid_828,4
ward,2023-06-01,tid_829,4
ward,2023-06-01,tid_83,0
ward,2023-06-01,tid_830,4
ward,2023-06-01,tid_831,4
ward,2023-06-01,tid_832,4
ward,2023-06-01,tid_833,4
ward,2023-06-01,tid_834,3
ward,2023-06-01,tid_835,4
ward,2023-06-01,tid_836,4
ward,2023-06-01,tid_838,4
ward,2023-06-01,tid_839,4
ward,2023-06-01,tid_840,4
ward,2023-06-01,tid_841,6
ward,2023-06-01,tid_842,6
ward,2023-06-01,tid_843,0
ward,2023-06-01,tid_844,5
ward,2023-06-01,tid_846,0
ward,2023-06-01,tid_847,0
ward,2023-06-01,tid_848,2
ward,2023-06-01,tid_849,1
ward,2023-06-01,tid_851,1
ward,2023-06-01,tid_852,2
ward,2023-06-01,tid_853,1
ward,2023-06-01,tid_854,2
ward,2023-06-01,tid_855,2
ward,2023-06-01,tid_856,0
ward,2023-06-01,tid_857,1
ward,2023-06-01,tid_859,2
ward,2023-06-01,tid_860,0
ward,2023-06-01,tid_870,7
ward,2023-06-01,tid_871,0
ward,2023-06-01,tid_872,0
ward,2023-06-01,tid_873,7
ward,2023-06-01,tid_874,7
ward,2023-06-01,tid_875,0
ward,2023-06-01,tid_876,0
ward,2023-06-01,tid_877,1
ward,2023-06-01,tid_878,7
ward,2023-06-01,tid_879,2
ward,2023-06-01,tid_880,2
ward,2023-06-01,tid_881,7
ward,2023-06-01,tid_882,2
ward,2023-06-01,tid_883,5
ward,2023-06-01,tid_884,0
ward,2023-06-01,tid_885,0
ward,2023-06-01,tid_886,7
ward,2023-06-01,tid_888,0
ward,2023-06-01,tid_889,0
ward,2023-06-01,tid_890,6
ward,2023-06-01,tid_891,5
ward,2023-06-01,tid_892,0
ward,2023-06-01,tid_895,5
ward,2023-06-01,tid_896,6
ward,2023-06-01,tid_897,0
ward,2023-06-01,tid_898,1
ward,2023-06-01,tid_899,5
ward,2023-06-01,tid_9,4
ward,2023-06-01,tid_900,1
ward,2023-06-01,tid_901,1
ward,2023-06-01,tid_902,1
ward,2023-06-01,tid_903,1
ward,2023-06-01,tid_904,7
ward,2023-06-01,tid_905,0
ward,2023-06-01,tid_907,1
ward,2023-06-01,tid_908,1
ward,2023-06-01,tid_909,1
ward,2023-06-01,tid_911,1
ward,2023-06-01,tid_912,0
ward,2023-06-01,tid_913,1
ward,2023-06-01,tid_914,1
ward,2023-06-01,tid_915,1
ward,2023-06-01,tid_916,0
ward,2023-06-01,tid_917,0
ward,2023-06-01,tid_918,6
ward,2023-06-01,tid_920,5
ward,2023-06-01,tid_922,4
ward,2023-06-01,tid_923,1
ward,2023-06-01,tid_924,1
ward,2023-06-01,tid_925,5
ward,2023-06-01,tid_926,4
ward,2023-06-01,tid_927,6
ward,2023-06-01,tid_928,6
ward,2023-06-01,tid_929,4
ward,2023-06-01,tid_930,1
ward,2023-06-01,tid_986,6
ward,2023-06-01,tid_987,5
ward,2023-06-01,tid_988,6
ward,2023-06-01,tid_989,5
ward,2023-06-01,tid_991,6
ward,2023-06-01,tid_992,5
ward,2023-06-01,tid_993,1
ward,2023-06-01,tid_994,1
ward,2023-06-01,tid_995,1
ward,2023-06-01,tid_996,5
ward,2023-06-01,tid_998,5
ward,2023-06-01,tid_999,1
leiden_static,2023-01-01,tid_1,6
leiden_static,2023-01-01,tid_10,10
leiden_static,2023-01-01,tid_1001,7
leiden_static,2023-01-01,tid_1002,2
leiden_static,2023-01-01,tid_1003,1
leiden_static,2023-01-01,tid_1004,1
leiden_static,2023-01-01,tid_1005,7
leiden_static,2023-01-01,tid_1006,2
leiden_static,2023-01-01,tid_1007,6
leiden_static,2023-01-01,tid_1008,5
leiden_static,2023-01-01,tid_1009,5
leiden_static,2023-01-01,tid_1010,0
leiden_static,2023-01-01,tid_1011,0
leiden_static,2023-01-01,tid_1012,3
leiden_static,2023-01-01,tid_1013,0
leiden_static,2023-01-01,tid_1014,0
leiden_static,2023-01-01,tid_1015,7
leiden_static,2023-01-01,tid_1016,0
leiden_static,2023-01-01,tid_1017,7
leiden_static,2023-01-01,tid_1018,0
leiden_static,2023-01-01,tid_1019,7
leiden_static,2023-01-01,tid_1020,7
leiden_static,2023-01-01,tid_1021,7
leiden_static,2023-01-01,tid_1023,0
leiden_static,2023-01-01,tid_1024,0
leiden_static,2023-01-01,tid_1025,7
leiden_static,2023-01-01,tid_1026,2
leiden_static,2023-01-01,tid_1027,0
leiden_static,2023-01-01,tid_1028,0
leiden_static,2023-01-01,tid_1029,0
leiden_static,2023-01-01,tid_1030,0
leiden_static,2023-01-01,tid_1031,0
leiden_static,2023-01-01,tid_1032,0
leiden_static,2023-01-01,tid_1033,0
leiden_static,2023-01-01,tid_1034,0
leiden_static,2023-01-01,tid_1035,3
leiden_static,2023-01-01,tid_1036,0
leiden_static,2023-01-01,tid_1037,7
leiden_static,2023-01-01,tid_1038,0
leiden_static,2023-01-01,tid_1039,0
leiden_static,2023-01-01,tid_1040,0
leiden_static,2023-01-01,tid_1041,3
leiden_static,2023-01-01,tid_1044,0
leiden_static,2023-01-01,tid_1047,1
leiden_static,2023-01-01,tid_1048,3
leiden_static,2023-01-01,tid_1049,1
leiden_static,2023-01-01,tid_1051,1
leiden_static,2023-01-01,tid_1052,2
leiden_static,2023-01-01,tid_1053,1
leiden_static,2023-01-01,tid_1054,3
leiden_static,2023-01-01,tid_1055,1
leiden_static,2023-01-01,tid_1056,1
leiden_static,2023-01-01,tid_1057,1
leiden_static,2023-01-01,tid_1058,1
leiden_static,2023-01-01,tid_1059,3
leiden_static,2023-01-01,tid_1060,2
leiden_static,2023-01-01,tid_1061,3
leiden_static,2023-01-01,tid_1062,2
leiden_static,2023-01-01,tid_1063,1
leiden_static,2023-01-01,tid_1064,3
leiden_static,2023-01-01,tid_1065,3
leiden_static,2023-01-01,tid_1066,1
leiden_static,2023-01-01,tid_1067,3
leiden_static,2023-01-01,tid_1068,1
leiden_static,2023-01-01,tid_1069,1
leiden_static,2023-01-01,tid_1070,7
leiden_static,2023-01-01,tid_1071,1
leiden_static,2023-01-01,tid_1072,1
leiden_static,2023-01-01,tid_11,3
leiden_static,2023-01-01,tid_1107,5
leiden_static,2023-01-01,tid_1108,2
leiden_static,2023-01-01,tid_1109,3
leiden_static,2023-01-01,tid_1110,1
leiden_static,2023-01-01,tid_1111,1
leiden_static,2023-01-01,tid_1112,1
leiden_static,2023-01-01,tid_1113,2
leiden_static,2023-01-01,tid_1115,2
leiden_static,2023-01-01,tid_1116,2
leiden_static,2023-01-01,tid_1117,10
leiden_static,2023-01-01,tid_1118,2
leiden_static,2023-01-01,tid_1119,2
leiden_static,2023-01-01,tid_1120,2
leiden_static,2023-01-01,tid_1121,2
leiden_static,2023-01-01,tid_1122,2
leiden_static,2023-01-01,tid_1123,2
leiden_static,2023-01-01,tid_1124,2
leiden_static,2023-01-01,tid_1125,7
leiden_static,2023-01-01,tid_1126,2
leiden_static,2023-01-01,tid_1127,2
leiden_static,2023-01-01,tid_1128,2
leiden_static,2023-01-01,tid_1129,2
leiden_static,2023-01-01,tid_1130,2
leiden_static,2023-01-01,tid_1131,1
leiden_static,2023-01-01,tid_1132,2
leiden_static,2023-01-01,tid_1133,2
leiden_static,2023-01-01,tid_1134,11
leiden_static,2023-01-01,tid_1135,5
leiden_static,2023-01-01,tid_1136,5
leiden_static,2023-01-01,tid_1137,3
leiden_static,2023-01-01,tid_1138,5
leiden_static,2023-01-01,tid_1139,3
leiden_static,2023-01-01,tid_1140,5
leiden_static,2023-01-01,tid_1141,1
leiden_static,2023-01-01,tid_1142,3
leiden_static,2023-01-01,tid_1143,1
leiden_static,2023-01-01,tid_1144,3
leiden_static,2023-01-01,tid_1146,1
leiden_static,2023-01-01,tid_1147,8
leiden_static,2023-01-01,tid_1148,3
leiden_static,2023-01-01,tid_1149,3
leiden_static,2023-01-01,tid_1150,11
leiden_static,2023-01-01,tid_1151,4
leiden_static,2023-01-01,tid_1152,1
leiden_static,2023-01-01,tid_1153,6
leiden_static,2023-01-01,tid_1154,4
leiden_static,2023-01-01,tid_1155,3
leiden_static,2023-01-01,tid_1157,1
leiden_static,2023-01-01,tid_1158,1
leiden_static,2023-01-01,tid_1159,3
leiden_static,2023-01-01,tid_1160,3
leiden_static,2023-01-01,tid_1161,3
leiden_static,2023-01-01,tid_1163,10
leiden_static,2023-01-01,tid_1164,1
leiden_static,2023-01-01,tid_1165,1
leiden_static,2023-01-01,tid_1166,0
leiden_static,2023-01-01,tid_1167,3
leiden_static,2023-01-01,tid_1168,1
leiden_static,2023-01-01,tid_1169,5
leiden_static,2023-01-01,tid_1170,3
leiden_static,2023-01-01,tid_1171,3
leiden_static,2023-01-01,tid_1172,3
leiden_static,2023-01-01,tid_1173,4
leiden_static,2023-01-01,tid_1174,8
leiden_static,2023-01-01,tid_1175,8
leiden_static,2023-01-01,tid_1176,11
leiden_static,2023-01-01,tid_1178,3
leiden_static,2023-01-01,tid_1179,5
leiden_static,2023-01-01,tid_1180,5
leiden_static,2023-01-01,tid_1181,5
leiden_static,2023-01-01,tid_1184,1
leiden_static,2023-01-01,tid_1185,5
leiden_static,2023-01-01,tid_1186,11
leiden_static,2023-01-01,tid_1187,5
leiden_static,2023-01-01,tid_1188,5
leiden_static,2023-01-01,tid_1189,2
leiden_static,2023-01-01,tid_1190,5
leiden_static,2023-01-01,tid_1191,5
leiden_static,2023-01-01,tid_1192,1
leiden_static,2023-01-01,tid_1193,1
leiden_static,2023-01-01,tid_1194,8
leiden_static,2023-01-01,tid_1195,3
leiden_static,2023-01-01,tid_1196,1
leiden_static,2023-01-01,tid_1197,5
leiden_static,2023-01-01,tid_1198,10
leiden_static,2023-01-01,tid_12,3
leiden_static,2023-01-01,tid_1200,7
leiden_static,2023-01-01,tid_1201,2
leiden_static,2023-01-01,tid_1203,7
leiden_static,2023-01-01,tid_1204,3
leiden_static,2023-01-01,tid_1205,0
leiden_static,2023-01-01,tid_1206,7
leiden_static,2023-01-01,tid_1207,7
leiden_static,2023-01-01,tid_1208,2
leiden_static,2023-01-01,tid_1209,7
leiden_static,2023-01-01,tid_1210,0
leiden_static,2023-01-01,tid_1211,7
leiden_static,2023-01-01,tid_1212,7
leiden_static,2023-01-01,tid_1213,7
leiden_static,2023-01-01,tid_1214,2
leiden_static,2023-01-01,tid_1215,2
leiden_static,2023-01-01,tid_1217,0
leiden_static,2023-01-01,tid_1218,2
leiden_static,2023-01-01,tid_1219,7
leiden_static,2023-01-01,tid_1220,2
leiden_static,2023-01-01,tid_1221,7
leiden_static,2023-01-01,tid_1222,0
leiden_static,2023-01-01,tid_1223,0
leiden_static,2023-01-01,tid_1224,11
leiden_static,2023-01-01,tid_1225,3
leiden_static,2023-01-01,tid_1226,3
leiden_static,2023-01-01,tid_1227,5
leiden_static,2023-01-01,tid_1228,1
leiden_static,2023-01-01,tid_1229,5
leiden_static,2023-01-01,tid_1230,8
leiden_static,2023-01-01,tid_1231,5
leiden_static,2023-01-01,tid_1232,1
leiden_static,2023-01-01,tid_1233,5
leiden_static,2023-01-01,tid_1234,5
leiden_static,2023-01-01,tid_1235,3
leiden_static,2023-01-01,tid_1236,5
leiden_static,2023-01-01,tid_1237,1
leiden_static,2023-01-01,tid_1238,5
leiden_static,2023-01-01,tid_1240,3
leiden_static,2023-01-01,tid_1241,1
leiden_static,2023-01-01,tid_1242,3
leiden_static,2023-01-01,tid_1243,11
leiden_static,2023-01-01,tid_1244,2
leiden_static,2023-01-01,tid_1246,3
leiden_static,2023-01-01,tid_1249,3
leiden_static,2023-01-01,tid_1250,7
leiden_static,2023-01-01,tid_1251,3
leiden_static,2023-01-01,tid_1252,8
leiden_static,2023-01-01,tid_1253,2
leiden_static,2023-01-01,tid_1254,3
leiden_static,2023-01-01,tid_1256,3
leiden_static,2023-01-01,tid_1257,3
leiden_static,2023-01-01,tid_1258,11
leiden_static,2023-01-01,tid_1259,5
leiden_static,2023-01-01,tid_1260,5
leiden_static,2023-01-01,tid_1261,5
leiden_static,2023-01-01,tid_1262,5
leiden_static,2023-01-01,tid_1264,3
leiden_static,2023-01-01,tid_1265,8
leiden_static,2023-01-01,tid_1266,4
leiden_static,2023-01-01,tid_1267,4
leiden_static,2023-01-01,tid_1268,1
leiden_static,2023-01-01,tid_1269,4
leiden_static,2023-01-01,tid_1270,2
leiden_static,2023-01-01,tid_1271,4
leiden_static,2023-01-01,tid_1272,2
leiden_static,2023-01-01,tid_1273,4
leiden_static,2023-01-01,tid_1274,4
leiden_static,2023-01-01,tid_1275,8
leiden_static,2023-01-01,tid_1276,4
leiden_static,2023-01-01,tid_1277,4
leiden_static,2023-01-01,tid_1278,4
leiden_static,2023-01-01,tid_1279,4
leiden_static,2023-01-01,tid_1280,4
leiden_static,2023-01-01,tid_1281,2
leiden_static,2023-01-01,tid_1282,4
leiden_static,2023-01-01,tid_1284,4
leiden_static,2023-01-01,tid_1285,1
leiden_static,2023-01-01,tid_1286,2
leiden_static,2023-01-01,tid_1287,1
leiden_static,2023-01-01,tid_1288,4
leiden_static,2023-01-01,tid_1289,4
leiden_static,2023-01-01,tid_1290,4
leiden_static,2023-01-01,tid_1291,4
leiden_static,2023-01-01,tid_1292,4
leiden_static,2023-01-01,tid_1293,5
leiden_static,2023-01-01,tid_1294,5
leiden_static,2023-01-01,tid_1295,2
leiden_static,2023-01-01,tid_1296,4
leiden_static,2023-01-01,tid_1297,4
leiden_static,2023-01-01,tid_1298,4
leiden_static,2023-01-01,tid_1299,4
leiden_static,2023-01-01,tid_13,3
leiden_static,2023-01-01,tid_1300,4
leiden_static,2023-01-01,tid_1301,2
leiden_static,2023-01-01,tid_1302,5
leiden_static,2023-01-01,tid_1303,5
leiden_static,2023-01-01,tid_1304,2
leiden_static,2023-01-01,tid_1305,2
leiden_static,2023-01-01,tid_1306,2
leiden_static,2023-01-01,tid_1308,1
leiden_static,2023-01-01,tid_1309,2
leiden_static,2023-01-01,tid_1310,2
leiden_static,2023-01-01,tid_1311,4
leiden_static,2023-01-01,tid_1312,2
leiden_static,2023-01-01,tid_1313,4
leiden_static,2023-01-01,tid_1314,2
leiden_static,2023-01-01,tid_1315,10
leiden_static,2023-01-01,tid_1316,1
leiden_static,2023-01-01,tid_1317,4
leiden_static,2023-01-01,tid_1319,4
leiden_static,2023-01-01,tid_1320,2
leiden_static,2023-01-01,tid_1321,2
leiden_static,2023-01-01,tid_1322,2
leiden_static,2023-01-01,tid_1323,4
leiden_static,2023-01-01,tid_1324,4
leiden_static,2023-01-01,tid_1325,2
leiden_static,2023-01-01,tid_1326,1
leiden_static,2023-01-01,tid_1327,4
leiden_static,2023-01-01,tid_1328,2
leiden_static,2023-01-01,tid_1329,2
leiden_static,2023-01-01,tid_1330,2
leiden_static,2023-01-01,tid_1331,2
leiden_static,2023-01-01,tid_1333,5
leiden_static,2023-01-01,tid_1334,5
leiden_static,2023-01-01,tid_1335,4
leiden_static,2023-01-01,tid_1336,4
leiden_static,2023-01-01,tid_1337,4
leiden_static,2023-01-01,tid_1338,4
leiden_static,2023-01-01,tid_1339,4
leiden_static,2023-01-01,tid_1340,0
leiden_static,2023-01-01,tid_1341,4
leiden_static,2023-01-01,tid_1343,4
leiden_static,2023-01-01,tid_1344,0
leiden_static,2023-01-01,tid_1345,3
leiden_static,2023-01-01,tid_1346,2
leiden_static,2023-01-01,tid_1347,2
leiden_static,2023-01-01,tid_1348,0
leiden_static,2023-01-01,tid_1349,4
leiden_static,2023-01-01,tid_1350,4
leiden_static,2023-01-01,tid_1351,8
leiden_static,2023-01-01,tid_1352,4
leiden_static,2023-01-01,tid_1353,0
leiden_static,2023-01-01,tid_1355,4
leiden_static,2023-01-01,tid_1356,3
leiden_static,2023-01-01,tid_1357,4
leiden_static,2023-01-01,tid_1358,3
leiden_static,2023-01-01,tid_1392,1
leiden_static,2023-01-01,tid_1393,7
leiden_static,2023-01-01,tid_1394,7
leiden_static,2023-01-01,tid_1395,6
leiden_static,2023-01-01,tid_1396,10
leiden_static,2023-01-01,tid_1397,10
leiden_static,2023-01-01,tid_1398,1
leiden_static,2023-01-01,tid_1399,2
leiden_static,2023-01-01,tid_14,3
leiden_static,2023-01-01,tid_1400,7
leiden_static,2023-01-01,tid_1401,1
leiden_static,2023-01-01,tid_1402,10
leiden_static,2023-01-01,tid_1403,5
leiden_static,2023-01-01,tid_1404,1
leiden_static,2023-01-01,tid_1405,7
leiden_static,2023-01-01,tid_1406,1
leiden_static,2023-01-01,tid_1407,1
leiden_static,2023-01-01,tid_1408,10
leiden_static,2023-01-01,tid_1409,10
leiden_static,2023-01-01,tid_1410,5
leiden_static,2023-01-01,tid_1411,10
leiden_static,2023-01-01,tid_1412,0
leiden_static,2023-01-01,tid_1413,7
leiden_static,2023-01-01,tid_1414,7
leiden_static,2023-01-01,tid_1415,7
leiden_static,2023-01-01,tid_1416,0
leiden_static,2023-01-01,tid_1417,0
leiden_static,2023-01-01,tid_1419,0
leiden_static,2023-01-01,tid_1420,0
leiden_static,2023-01-01,tid_1421,3
leiden_static,2023-01-01,tid_1422,7
leiden_static,2023-01-01,tid_1423,0
leiden_static,2023-01-01,tid_1425,7
leiden_static,2023-01-01,tid_1426,0
leiden_static,2023-01-01,tid_1427,7
leiden_static,2023-01-01,tid_1428,0
leiden_static,2023-01-01,tid_1429,7
leiden_static,2023-01-01,tid_1430,5
leiden_static,2023-01-01,tid_1431,2
leiden_static,2023-01-01,tid_1438,12
leiden_static,2023-01-01,tid_1439,6
leiden_static,2023-01-01,tid_1440,10
leiden_static,2023-01-01,tid_1443,10
leiden_static,2023-01-01,tid_1444,6
leiden_static,2023-01-01,tid_1445,10
leiden_static,2023-01-01,tid_1446,10
leiden_static,2023-01-01,tid_1447,10
leiden_static,2023-01-01,tid_1448,6
leiden_static,2023-01-01,tid_1449,7
leiden_static,2023-01-01,tid_1453,6
leiden_static,2023-01-01,tid_1454,7
leiden_static,2023-01-01,tid_1456,6
leiden_static,2023-01-01,tid_1457,6
leiden_static,2023-01-01,tid_1459,6
leiden_static,2023-01-01,tid_1461,10
leiden_static,2023-01-01,tid_1463,7
leiden_static,2023-01-01,tid_1464,10
leiden_static,2023-01-01,tid_1465,6
leiden_static,2023-01-01,tid_1467,6
leiden_static,2023-01-01,tid_1468,10
leiden_static,2023-01-01,tid_1472,10
leiden_static,2023-01-01,tid_1473,7
leiden_static,2023-01-01,tid_1474,7
leiden_static,2023-01-01,tid_1475,6
leiden_static,2023-01-01,tid_1477,7
leiden_static,2023-01-01,tid_1478,7
leiden_static,2023-01-01,tid_1480,10
leiden_static,2023-01-01,tid_1481,10
leiden_static,2023-01-01,tid_1483,7
leiden_static,2023-01-01,tid_1484,10
leiden_static,2023-01-01,tid_1486,7
leiden_static,2023-01-01,tid_1488,10
leiden_static,2023-01-01,tid_1489,7
leiden_static,2023-01-01,tid_1490,10
leiden_static,2023-01-01,tid_1491,10
leiden_static,2023-01-01,tid_1492,10
leiden_static,2023-01-01,tid_1493,6
leiden_static,2023-01-01,tid_1494,7
leiden_static,2023-01-01,tid_1495,10
leiden_static,2023-01-01,tid_1496,10
leiden_static,2023-01-01,tid_15,3
leiden_static,2023-01-01,tid_1500,10
leiden_static,2023-01-01,tid_1501,10
leiden_static,2023-01-01,tid_1504,7
leiden_static,2023-01-01,tid_1506,5
leiden_static,2023-01-01,tid_1507,1
leiden_static,2023-01-01,tid_1508,1
leiden_static,2023-01-01,tid_1509,1
leiden_static,2023-01-01,tid_1510,1
leiden_static,2023-01-01,tid_1511,1
leiden_static,2023-01-01,tid_1512,1
leiden_static,2023-01-01,tid_1518,1
leiden_static,2023-01-01,tid_1519,1
leiden_static,2023-01-01,tid_1520,1
leiden_static,2023-01-01,tid_1521,1
leiden_static,2023-01-01,tid_1522,1
leiden_static,2023-01-01,tid_1523,6
leiden_static,2023-01-01,tid_1525,0
leiden_static,2023-01-01,tid_1526,7
leiden_static,2023-01-01,tid_1527,5
leiden_static,2023-01-01,tid_1528,2
leiden_static,2023-01-01,tid_1529,2
leiden_static,2023-01-01,tid_1530,2
leiden_static,2023-01-01,tid_1532,3
leiden_static,2023-01-01,tid_1533,2
leiden_static,2023-01-01,tid_1534,2
leiden_static,2023-01-01,tid_1535,1
leiden_static,2023-01-01,tid_1536,2
leiden_static,2023-01-01,tid_1537,2
leiden_static,2023-01-01,tid_1539,0
leiden_static,2023-01-01,tid_1540,7
leiden_static,2023-01-01,tid_1541,0
leiden_static,2023-01-01,tid_1542,2
leiden_static,2023-01-01,tid_1543,3
leiden_static,2023-01-01,tid_1544,3
leiden_static,2023-01-01,tid_1545,3
leiden_static,2023-01-01,tid_1546,2
leiden_static,2023-01-01,tid_1547,3
leiden_static,2023-01-01,tid_1548,0
leiden_static,2023-01-01,tid_1549,7
leiden_static,2023-01-01,tid_1550,0
leiden_static,2023-01-01,tid_1551,0
leiden_static,2023-01-01,tid_1552,0
leiden_static,2023-01-01,tid_1553,0
leiden_static,2023-01-01,tid_1554,0
leiden_static,2023-01-01,tid_1555,0
leiden_static,2023-01-01,tid_1556,7
leiden_static,2023-01-01,tid_1557,1
leiden_static,2023-01-01,tid_1558,3
leiden_static,2023-01-01,tid_1559,0
leiden_static,2023-01-01,tid_1560,10
leiden_static,2023-01-01,tid_1561,0
leiden_static,2023-01-01,tid_1562,0
leiden_static,2023-01-01,tid_1563,7
leiden_static,2023-01-01,tid_1564,0
leiden_static,2023-01-01,tid_1565,3
leiden_static,2023-01-01,tid_1566,3
leiden_static,2023-01-01,tid_1567,0
leiden_static,2023-01-01,tid_1568,0
leiden_static,2023-01-01,tid_1569,0
leiden_static,2023-01-01,tid_1570,3
leiden_static,2023-01-01,tid_1571,3
leiden_static,2023-01-01,tid_1572,3
leiden_static,2023-01-01,tid_1573,0
leiden_static,2023-01-01,tid_1574,2
leiden_static,2023-01-01,tid_1575,5
leiden_static,2023-01-01,tid_1577,7
leiden_static,2023-01-01,tid_1578,7
leiden_static,2023-01-01,tid_1579,2
leiden_static,2023-01-01,tid_1580,3
leiden_static,2023-01-01,tid_1581,2
leiden_static,2023-01-01,tid_1582,3
leiden_static,2023-01-01,tid_1583,7
leiden_static,2023-01-01,tid_1584,2
leiden_static,2023-01-01,tid_1585,4
leiden_static,2023-01-01,tid_1586,5
leiden_static,2023-01-01,tid_1587,2
leiden_static,2023-01-01,tid_1588,2
leiden_static,2023-01-01,tid_1589,7
leiden_static,2023-01-01,tid_1590,2
leiden_static,2023-01-01,tid_1591,2
leiden_static,2023-01-01,tid_1592,7
leiden_static,2023-01-01,tid_1593,2
leiden_static,2023-01-01,tid_1594,2
leiden_static,2023-01-01,tid_1595,2
leiden_static,2023-01-01,tid_1596,2
leiden_static,2023-01-01,tid_1597,11
leiden_static,2023-01-01,tid_1598,11
leiden_static,2023-01-01,tid_1599,8
leiden_static,2023-01-01,tid_16,3
leiden_static,2023-01-01,tid_1600,5
leiden_static,2023-01-01,tid_1601,6
leiden_static,2023-01-01,tid_1602,3
leiden_static,2023-01-01,tid_1603,1
leiden_static,2023-01-01,tid_1604,3
leiden_static,2023-01-01,tid_1605,2
leiden_static,2023-01-01,tid_1606,4
leiden_static,2023-01-01,tid_1607,2
leiden_static,2023-01-01,tid_1608,5
leiden_static,2023-01-01,tid_1609,3
leiden_static,2023-01-01,tid_1610,2
leiden_static,2023-01-01,tid_1611,3
leiden_static,2023-01-01,tid_1612,1
leiden_static,2023-01-01,tid_1613,2
leiden_static,2023-01-01,tid_1614,0
leiden_static,2023-01-01,tid_1615,3
leiden_static,2023-01-01,tid_1616,3
leiden_static,2023-01-01,tid_1617,0
leiden_static,2023-01-01,tid_1618,0
leiden_static,2023-01-01,tid_1619,1
leiden_static,2023-01-01,tid_1620,6
leiden_static,2023-01-01,tid_1621,3
leiden_static,2023-01-01,tid_1622,2
leiden_static,2023-01-01,tid_1623,1
leiden_static,2023-01-01,tid_1624,2
leiden_static,2023-01-01,tid_1625,3
leiden_static,2023-01-01,tid_1626,2
leiden_static,2023-01-01,tid_1627,0
leiden_static,2023-01-01,tid_1628,3
leiden_static,2023-01-01,tid_1629,3
leiden_static,2023-01-01,tid_1630,3
leiden_static,2023-01-01,tid_1631,7
leiden_static,2023-01-01,tid_1632,11
leiden_static,2023-01-01,tid_1633,8
leiden_static,2023-01-01,tid_1634,7
leiden_static,2023-01-01,tid_1635,4
leiden_static,2023-01-01,tid_1636,4
leiden_static,2023-01-01,tid_1637,3
leiden_static,2023-01-01,tid_1638,3
leiden_static,2023-01-01,tid_1639,5
leiden_static,2023-01-01,tid_1640,4
leiden_static,2023-01-01,tid_1641,5
leiden_static,2023-01-01,tid_1642,0
leiden_static,2023-01-01,tid_1643,5
leiden_static,2023-01-01,tid_1644,5
leiden_static,2023-01-01,tid_1645,5
leiden_static,2023-01-01,tid_1646,4
leiden_static,2023-01-01,tid_1647,0
leiden_static,2023-01-01,tid_1648,3
leiden_static,2023-01-01,tid_1649,4
leiden_static,2023-01-01,tid_1650,3
leiden_static,2023-01-01,tid_1651,3
leiden_static,2023-01-01,tid_1652,11
leiden_static,2023-01-01,tid_1653,4
leiden_static,2023-01-01,tid_1654,8
leiden_static,2023-01-01,tid_1655,2
leiden_static,2023-01-01,tid_1656,0
leiden_static,2023-01-01,tid_1657,4
leiden_static,2023-01-01,tid_1658,5
leiden_static,2023-01-01,tid_1659,3
leiden_static,2023-01-01,tid_1660,4
leiden_static,2023-01-01,tid_1661,8
leiden_static,2023-01-01,tid_1662,11
leiden_static,2023-01-01,tid_1663,2
leiden_static,2023-01-01,tid_1664,4
leiden_static,2023-01-01,tid_1665,11
leiden_static,2023-01-01,tid_1666,0
leiden_static,2023-01-01,tid_1667,0
leiden_static,2023-01-01,tid_1668,5
leiden_static,2023-01-01,tid_1669,2
leiden_static,2023-01-01,tid_167,6
leiden_static,2023-01-01,tid_1670,2
leiden_static,2023-01-01,tid_1671,2
leiden_static,2023-01-01,tid_1672,2
leiden_static,2023-01-01,tid_1673,1
leiden_static,2023-01-01,tid_1674,5
leiden_static,2023-01-01,tid_1675,3
leiden_static,2023-01-01,tid_1676,1
leiden_static,2023-01-01,tid_1678,2
leiden_static,2023-01-01,tid_1679,2
leiden_static,2023-01-01,tid_168,6
leiden_static,2023-01-01,tid_1680,3
leiden_static,2023-01-01,tid_1681,2
leiden_static,2023-01-01,tid_1682,5
leiden_static,2023-01-01,tid_1683,7
leiden_static,2023-01-01,tid_1685,0
leiden_static,2023-01-01,tid_1686,2
leiden_static,2023-01-01,tid_1687,3
leiden_static,2023-01-01,tid_1688,7
leiden_static,2023-01-01,tid_1689,3
leiden_static,2023-01-01,tid_169,6
leiden_static,2023-01-01,tid_1690,0
leiden_static,2023-01-01,tid_1691,8
leiden_static,2023-01-01,tid_1692,2
leiden_static,2023-01-01,tid_1693,4
leiden_static,2023-01-01,tid_1694,5
leiden_static,2023-01-01,tid_1696,0
leiden_static,2023-01-01,tid_1697,3
leiden_static,2023-01-01,tid_1698,0
leiden_static,2023-01-01,tid_1699,8
leiden_static,2023-01-01,tid_17,3
leiden_static,2023-01-01,tid_1700,5
leiden_static,2023-01-01,tid_1701,2
leiden_static,2023-01-01,tid_1702,0
leiden_static,2023-01-01,tid_1703,8
leiden_static,2023-01-01,tid_1704,1
leiden_static,2023-01-01,tid_1705,7
leiden_static,2023-01-01,tid_1706,0
leiden_static,2023-01-01,tid_1707,5
leiden_static,2023-01-01,tid_1708,7
leiden_static,2023-01-01,tid_1709,7
leiden_static,2023-01-01,tid_1710,7
leiden_static,2023-01-01,tid_1711,0
leiden_static,2023-01-01,tid_1712,0
leiden_static,2023-01-01,tid_1714,7
leiden_static,2023-01-01,tid_1715,2
leiden_static,2023-01-01,tid_1717,1
leiden_static,2023-01-01,tid_1718,0
leiden_static,2023-01-01,tid_1719,7
leiden_static,2023-01-01,tid_1722,3
leiden_static,2023-01-01,tid_1724,0
leiden_static,2023-01-01,tid_1725,0
leiden_static,2023-01-01,tid_1726,10
leiden_static,2023-01-01,tid_1727,0
leiden_static,2023-01-01,tid_1728,2
leiden_static,2023-01-01,tid_173,0
leiden_static,2023-01-01,tid_1730,4
leiden_static,2023-01-01,tid_1731,7
leiden_static,2023-01-01,tid_1732,0
leiden_static,2023-01-01,tid_1733,2
leiden_static,2023-01-01,tid_1737,0
leiden_static,2023-01-01,tid_1738,0
leiden_static,2023-01-01,tid_1739,0
leiden_static,2023-01-01,tid_1740,0
leiden_static,2023-01-01,tid_1741,4
leiden_static,2023-01-01,tid_1742,7
leiden_static,2023-01-01,tid_1743,0
leiden_static,2023-01-01,tid_1744,0
leiden_static,2023-01-01,tid_1745,2
leiden_static,2023-01-01,tid_1746,3
leiden_static,2023-01-01,tid_1747,0
leiden_static,2023-01-01,tid_1749,0
leiden_static,2023-01-01,tid_1750,0
leiden_static,2023-01-01,tid_1751,3
leiden_static,2023-01-01,tid_1752,7
leiden_static,2023-01-01,tid_1753,0
leiden_static,2023-01-01,tid_1754,4
leiden_static,2023-01-01,tid_1755,0
leiden_static,2023-01-01,tid_1756,0
leiden_static,2023-01-01,tid_1757,0
leiden_static,2023-01-01,tid_1758,5
leiden_static,2023-01-01,tid_1759,2
leiden_static,2023-01-01,tid_1760,3
leiden_static,2023-01-01,tid_1761,0
leiden_static,2023-01-01,tid_1762,0
leiden_static,2023-01-01,tid_1764,5
leiden_static,2023-01-01,tid_1765,5
leiden_static,2023-01-01,tid_1766,2
leiden_static,2023-01-01,tid_1768,1
leiden_static,2023-01-01,tid_1769,2
leiden_static,2023-01-01,tid_1770,2
leiden_static,2023-01-01,tid_1771,2
leiden_static,2023-01-01,tid_1773,2
leiden_static,2023-01-01,tid_1774,0
leiden_static,2023-01-01,tid_1775,2
leiden_static,2023-01-01,tid_1776,2
leiden_static,2023-01-01,tid_1777,2
leiden_static,2023-01-01,tid_1778,1
leiden_static,2023-01-01,tid_1780,1
leiden_static,2023-01-01,tid_1781,2
leiden_static,2023-01-01,tid_1782,2
leiden_static,2023-01-01,tid_1783,10
leiden_static,2023-01-01,tid_1784,0
leiden_static,2023-01-01,tid_1785,7
leiden_static,2023-01-01,tid_1786,1
leiden_static,2023-01-01,tid_1787,2
leiden_static,2023-01-01,tid_1788,2
leiden_static,2023-01-01,tid_18,3
leiden_static,2023-01-01,tid_181,0
leiden_static,2023-01-01,tid_184,0
leiden_static,2023-01-01,tid_1845,6
leiden_static,2023-01-01,tid_1846,7
leiden_static,2023-01-01,tid_1848,0
leiden_static,2023-01-01,tid_1849,0
leiden_static,2023-01-01,tid_185,6
leiden_static,2023-01-01,tid_1850,2
leiden_static,2023-01-01,tid_1851,2
leiden_static,2023-01-01,tid_1852,0
leiden_static,2023-01-01,tid_1853,0
leiden_static,2023-01-01,tid_1854,2
leiden_static,2023-01-01,tid_1855,0
leiden_static,2023-01-01,tid_1856,0
leiden_static,2023-01-01,tid_1857,2
leiden_static,2023-01-01,tid_1858,2
leiden_static,2023-01-01,tid_1859,7
leiden_static,2023-01-01,tid_1860,7
leiden_static,2023-01-01,tid_1861,7
leiden_static,2023-01-01,tid_1862,0
leiden_static,2023-01-01,tid_1863,10
leiden_static,2023-01-01,tid_1864,0
leiden_static,2023-01-01,tid_1865,2
leiden_static,2023-01-01,tid_1868,0
leiden_static,2023-01-01,tid_1869,2
leiden_static,2023-01-01,tid_1870,0
leiden_static,2023-01-01,tid_1871,2
leiden_static,2023-01-01,tid_1872,0
leiden_static,2023-01-01,tid_1873,2
leiden_static,2023-01-01,tid_1874,6
leiden_static,2023-01-01,tid_1875,5
leiden_static,2023-01-01,tid_1876,7
leiden_static,2023-01-01,tid_1877,5
leiden_static,2023-01-01,tid_1878,2
leiden_static,2023-01-01,tid_1879,7
leiden_static,2023-01-01,tid_188,0
leiden_static,2023-01-01,tid_1880,0
leiden_static,2023-01-01,tid_1881,5
leiden_static,2023-01-01,tid_1883,7
leiden_static,2023-01-01,tid_1884,2
leiden_static,2023-01-01,tid_1885,7
leiden_static,2023-01-01,tid_1886,2
leiden_static,2023-01-01,tid_1887,0
leiden_static,2023-01-01,tid_1888,0
leiden_static,2023-01-01,tid_1889,2
leiden_static,2023-01-01,tid_1890,10
leiden_static,2023-01-01,tid_1891,3
leiden_static,2023-01-01,tid_1892,0
leiden_static,2023-01-01,tid_1893,10
leiden_static,2023-01-01,tid_1894,7
leiden_static,2023-01-01,tid_1895,2
leiden_static,2023-01-01,tid_1896,0
leiden_static,2023-01-01,tid_1897,4
leiden_static,2023-01-01,tid_1898,2
leiden_static,2023-01-01,tid_1899,0
leiden_static,2023-01-01,tid_19,3
leiden_static,2023-01-01,tid_1900,2
leiden_static,2023-01-01,tid_1901,3
leiden_static,2023-01-01,tid_1902,2
leiden_static,2023-01-01,tid_1903,2
leiden_static,2023-01-01,tid_1904,3
leiden_static,2023-01-01,tid_1905,5
leiden_static,2023-01-01,tid_1906,3
leiden_static,2023-01-01,tid_1907,0
leiden_static,2023-01-01,tid_1908,0
leiden_static,2023-01-01,tid_1909,0
leiden_static,2023-01-01,tid_191,6
leiden_static,2023-01-01,tid_1910,2
leiden_static,2023-01-01,tid_1912,2
leiden_static,2023-01-01,tid_1915,3
leiden_static,2023-01-01,tid_1916,0
leiden_static,2023-01-01,tid_1917,7
leiden_static,2023-01-01,tid_1918,0
leiden_static,2023-01-01,tid_1919,5
leiden_static,2023-01-01,tid_1920,0
leiden_static,2023-01-01,tid_1921,0
leiden_static,2023-01-01,tid_1922,7
leiden_static,2023-01-01,tid_1923,2
leiden_static,2023-01-01,tid_1924,0
leiden_static,2023-01-01,tid_1925,4
leiden_static,2023-01-01,tid_1926,0
leiden_static,2023-01-01,tid_1927,0
leiden_static,2023-01-01,tid_1928,0
leiden_static,2023-01-01,tid_1929,0
leiden_static,2023-01-01,tid_1930,3
leiden_static,2023-01-01,tid_1931,7
leiden_static,2023-01-01,tid_1932,7
leiden_static,2023-01-01,tid_1933,0
leiden_static,2023-01-01,tid_1934,0
leiden_static,2023-01-01,tid_1935,0
leiden_static,2023-01-01,tid_1936,10
leiden_static,2023-01-01,tid_1937,2
leiden_static,2023-01-01,tid_1938,4
leiden_static,2023-01-01,tid_1939,7
leiden_static,2023-01-01,tid_194,6
leiden_static,2023-01-01,tid_1940,0
leiden_static,2023-01-01,tid_1941,0
leiden_static,2023-01-01,tid_1942,3
leiden_static,2023-01-01,tid_1943,0
leiden_static,2023-01-01,tid_1944,0
leiden_static,2023-01-01,tid_1945,0
leiden_static,2023-01-01,tid_1947,2
leiden_static,2023-01-01,tid_1948,3
leiden_static,2023-01-01,tid_1949,0
leiden_static,2023-01-01,tid_195,6
leiden_static,2023-01-01,tid_1950,2
leiden_static,2023-01-01,tid_1951,2
leiden_static,2023-01-01,tid_1952,6
leiden_static,2023-01-01,tid_1954,1
leiden_static,2023-01-01,tid_1955,11
leiden_static,2023-01-01,tid_1956,1
leiden_static,2023-01-01,tid_1957,5
leiden_static,2023-01-01,tid_1958,5
leiden_static,2023-01-01,tid_1959,11
leiden_static,2023-01-01,tid_196,6
leiden_static,2023-01-01,tid_1960,4
leiden_static,2023-01-01,tid_1961,5
leiden_static,2023-01-01,tid_1962,1
leiden_static,2023-01-01,tid_1963,1
leiden_static,2023-01-01,tid_1965,1
leiden_static,2023-01-01,tid_1966,4
leiden_static,2023-01-01,tid_1967,1
leiden_static,2023-01-01,tid_1968,1
leiden_static,2023-01-01,tid_1969,1
leiden_static,2023-01-01,tid_1970,1
leiden_static,2023-01-01,tid_1971,11
leiden_static,2023-01-01,tid_1972,5
leiden_static,2023-01-01,tid_1973,5
leiden_static,2023-01-01,tid_1974,5
leiden_static,2023-01-01,tid_1975,2
leiden_static,2023-01-01,tid_1976,2
leiden_static,2023-01-01,tid_1977,11
leiden_static,2023-01-01,tid_1978,5
leiden_static,2023-01-01,tid_1979,6
leiden_static,2023-01-01,tid_198,6
leiden_static,2023-01-01,tid_1980,10
leiden_static,2023-01-01,tid_1981,5
leiden_static,2023-01-01,tid_1982,0
leiden_static,2023-01-01,tid_1983,7
leiden_static,2023-01-01,tid_1984,1
leiden_static,2023-01-01,tid_1985,5
leiden_static,2023-01-01,tid_1986,5
leiden_static,2023-01-01,tid_1987,3
leiden_static,2023-01-01,tid_1988,1
leiden_static,2023-01-01,tid_1989,2
leiden_static,2023-01-01,tid_1990,1
leiden_static,2023-01-01,tid_1991,5
leiden_static,2023-01-01,tid_1992,2
leiden_static,2023-01-01,tid_1993,5
leiden_static,2023-01-01,tid_1994,2
leiden_static,2023-01-01,tid_1995,5
leiden_static,2023-01-01,tid_1996,1
leiden_static,2023-01-01,tid_1997,1
leiden_static,2023-01-01,tid_1999,5
leiden_static,2023-01-01,tid_2,6
leiden_static,2023-01-01,tid_20,3
leiden_static,2023-01-01,tid_2000,5
leiden_static,2023-01-01,tid_2001,5
leiden_static,2023-01-01,tid_2002,5
leiden_static,2023-01-01,tid_2004,5
leiden_static,2023-01-01,tid_2005,5
leiden_static,2023-01-01,tid_2006,5
leiden_static,2023-01-01,tid_2007,3
leiden_static,2023-01-01,tid_2008,5
leiden_static,2023-01-01,tid_2009,2
leiden_static,2023-01-01,tid_201,6
leiden_static,2023-01-01,tid_2010,5
leiden_static,2023-01-01,tid_2011,5
leiden_static,2023-01-01,tid_2012,3
leiden_static,2023-01-01,tid_2015,1
leiden_static,2023-01-01,tid_2017,4
leiden_static,2023-01-01,tid_2018,4
leiden_static,2023-01-01,tid_2019,3
leiden_static,2023-01-01,tid_2021,3
leiden_static,2023-01-01,tid_2022,4
leiden_static,2023-01-01,tid_2023,3
leiden_static,2023-01-01,tid_2024,3
leiden_static,2023-01-01,tid_2025,4
leiden_static,2023-01-01,tid_2027,1
leiden_static,2023-01-01,tid_2028,0
leiden_static,2023-01-01,tid_203,10
leiden_static,2023-01-01,tid_2030,3
leiden_static,2023-01-01,tid_2031,2
leiden_static,2023-01-01,tid_2032,5
leiden_static,2023-01-01,tid_2033,10
leiden_static,2023-01-01,tid_2034,3
leiden_static,2023-01-01,tid_2035,2
leiden_static,2023-01-01,tid_2036,3
leiden_static,2023-01-01,tid_2037,4
leiden_static,2023-01-01,tid_2039,1
leiden_static,2023-01-01,tid_204,0
leiden_static,2023-01-01,tid_2040,1
leiden_static,2023-01-01,tid_2041,3
leiden_static,2023-01-01,tid_2042,3
leiden_static,2023-01-01,tid_2043,4
leiden_static,2023-01-01,tid_2044,10
leiden_static,2023-01-01,tid_2045,2
leiden_static,2023-01-01,tid_2046,7
leiden_static,2023-01-01,tid_2047,7
leiden_static,2023-01-01,tid_2048,7
leiden_static,2023-01-01,tid_2049,2
leiden_static,2023-01-01,tid_205,6
leiden_static,2023-01-01,tid_2050,3
leiden_static,2023-01-01,tid_2051,2
leiden_static,2023-01-01,tid_2052,2
leiden_static,2023-01-01,tid_2053,7
leiden_static,2023-01-01,tid_2054,4
leiden_static,2023-01-01,tid_2055,2
leiden_static,2023-01-01,tid_2056,0
leiden_static,2023-01-01,tid_2057,4
leiden_static,2023-01-01,tid_2058,2
leiden_static,2023-01-01,tid_2059,7
leiden_static,2023-01-01,tid_206,5
leiden_static,2023-01-01,tid_2060,1
leiden_static,2023-01-01,tid_2061,7
leiden_static,2023-01-01,tid_2062,7
leiden_static,2023-01-01,tid_2063,10
leiden_static,2023-01-01,tid_2064,2
leiden_static,2023-01-01,tid_2065,2
leiden_static,2023-01-01,tid_2066,2
leiden_static,2023-01-01,tid_2067,0
leiden_static,2023-01-01,tid_2068,2
leiden_static,2023-01-01,tid_2069,0
leiden_static,2023-01-01,tid_207,1
leiden_static,2023-01-01,tid_2070,2
leiden_static,2023-01-01,tid_2072,0
leiden_static,2023-01-01,tid_2073,2
leiden_static,2023-01-01,tid_2074,7
leiden_static,2023-01-01,tid_2075,0
leiden_static,2023-01-01,tid_2076,0
leiden_static,2023-01-01,tid_2077,0
leiden_static,2023-01-01,tid_2078,4
leiden_static,2023-01-01,tid_2079,0
leiden_static,2023-01-01,tid_208,1
leiden_static,2023-01-01,tid_2080,0
leiden_static,2023-01-01,tid_2081,7
leiden_static,2023-01-01,tid_2082,0
leiden_static,2023-01-01,tid_2085,0
leiden_static,2023-01-01,tid_2087,0
leiden_static,2023-01-01,tid_2088,0
leiden_static,2023-01-01,tid_2089,0
leiden_static,2023-01-01,tid_209,2
leiden_static,2023-01-01,tid_2090,0
leiden_static,2023-01-01,tid_2091,0
leiden_static,2023-01-01,tid_2093,0
leiden_static,2023-01-01,tid_2094,2
leiden_static,2023-01-01,tid_2095,0
leiden_static,2023-01-01,tid_2096,0
leiden_static,2023-01-01,tid_2098,0
leiden_static,2023-01-01,tid_21,11
leiden_static,2023-01-01,tid_210,1
leiden_static,2023-01-01,tid_2100,7
leiden_static,2023-01-01,tid_2101,10
leiden_static,2023-01-01,tid_2105,7
leiden_static,2023-01-01,tid_2108,7
leiden_static,2023-01-01,tid_2109,7
leiden_static,2023-01-01,tid_211,1
leiden_static,2023-01-01,tid_2110,7
leiden_static,2023-01-01,tid_2111,7
leiden_static,2023-01-01,tid_2112,2
leiden_static,2023-01-01,tid_2113,7
leiden_static,2023-01-01,tid_2114,2
leiden_static,2023-01-01,tid_2116,2
leiden_static,2023-01-01,tid_2117,2
leiden_static,2023-01-01,tid_2118,7
leiden_static,2023-01-01,tid_2119,10
leiden_static,2023-01-01,tid_212,7
leiden_static,2023-01-01,tid_2120,7
leiden_static,2023-01-01,tid_2121,2
leiden_static,2023-01-01,tid_2122,7
leiden_static,2023-01-01,tid_2124,7
leiden_static,2023-01-01,tid_2125,2
leiden_static,2023-01-01,tid_2126,7
leiden_static,2023-01-01,tid_2127,4
leiden_static,2023-01-01,tid_2128,2
leiden_static,2023-01-01,tid_2129,2
leiden_static,2023-01-01,tid_213,1
leiden_static,2023-01-01,tid_2130,2
leiden_static,2023-01-01,tid_2131,1
leiden_static,2023-01-01,tid_2132,2
leiden_static,2023-01-01,tid_2133,2
leiden_static,2023-01-01,tid_2134,2
leiden_static,2023-01-01,tid_2136,2
leiden_static,2023-01-01,tid_2137,2
leiden_static,2023-01-01,tid_2138,2
leiden_static,2023-01-01,tid_2139,7
leiden_static,2023-01-01,tid_214,1
leiden_static,2023-01-01,tid_2140,7
leiden_static,2023-01-01,tid_2142,0
leiden_static,2023-01-01,tid_2143,0
leiden_static,2023-01-01,tid_2144,11
leiden_static,2023-01-01,tid_2145,2
leiden_static,2023-01-01,tid_2146,1
leiden_static,2023-01-01,tid_2148,5
leiden_static,2023-01-01,tid_2149,4
leiden_static,2023-01-01,tid_215,2
leiden_static,2023-01-01,tid_2150,3
leiden_static,2023-01-01,tid_2151,1
leiden_static,2023-01-01,tid_2152,2
leiden_static,2023-01-01,tid_2153,2
leiden_static,2023-01-01,tid_2154,4
leiden_static,2023-01-01,tid_2155,5
leiden_static,2023-01-01,tid_2156,3
leiden_static,2023-01-01,tid_2157,3
leiden_static,2023-01-01,tid_2158,2
leiden_static,2023-01-01,tid_2159,4
leiden_static,2023-01-01,tid_216,1
leiden_static,2023-01-01,tid_2160,2
leiden_static,2023-01-01,tid_2161,11
leiden_static,2023-01-01,tid_2162,2
leiden_static,2023-01-01,tid_2163,1
leiden_static,2023-01-01,tid_2164,10
leiden_static,2023-01-01,tid_2165,7
leiden_static,2023-01-01,tid_2167,7
leiden_static,2023-01-01,tid_2168,7
leiden_static,2023-01-01,tid_2169,7
leiden_static,2023-01-01,tid_217,1
leiden_static,2023-01-01,tid_2171,0
leiden_static,2023-01-01,tid_2172,0
leiden_static,2023-01-01,tid_2173,7
leiden_static,2023-01-01,tid_2174,7
leiden_static,2023-01-01,tid_2175,2
leiden_static,2023-01-01,tid_2176,7
leiden_static,2023-01-01,tid_2177,7
leiden_static,2023-01-01,tid_2178,7
leiden_static,2023-01-01,tid_2179,7
leiden_static,2023-01-01,tid_218,10
leiden_static,2023-01-01,tid_2180,7
leiden_static,2023-01-01,tid_2181,2
leiden_static,2023-01-01,tid_2182,7
leiden_static,2023-01-01,tid_2183,7
leiden_static,2023-01-01,tid_2184,0
leiden_static,2023-01-01,tid_2185,0
leiden_static,2023-01-01,tid_2186,7
leiden_static,2023-01-01,tid_2187,7
leiden_static,2023-01-01,tid_2188,7
leiden_static,2023-01-01,tid_2189,7
leiden_static,2023-01-01,tid_219,1
leiden_static,2023-01-01,tid_2190,9
leiden_static,2023-01-01,tid_2191,3
leiden_static,2023-01-01,tid_2192,3
leiden_static,2023-01-01,tid_2193,5
leiden_static,2023-01-01,tid_2194,3
leiden_static,2023-01-01,tid_2195,3
leiden_static,2023-01-01,tid_2196,0
leiden_static,2023-01-01,tid_2197,3
leiden_static,2023-01-01,tid_2198,2
leiden_static,2023-01-01,tid_2199,3
leiden_static,2023-01-01,tid_22,5
leiden_static,2023-01-01,tid_220,1
leiden_static,2023-01-01,tid_2200,3
leiden_static,2023-01-01,tid_2201,3
leiden_static,2023-01-01,tid_2202,3
leiden_static,2023-01-01,tid_2203,3
leiden_static,2023-01-01,tid_2204,3
leiden_static,2023-01-01,tid_2205,3
leiden_static,2023-01-01,tid_2206,3
leiden_static,2023-01-01,tid_2207,3
leiden_static,2023-01-01,tid_2208,3
leiden_static,2023-01-01,tid_221,1
leiden_static,2023-01-01,tid_2210,5
leiden_static,2023-01-01,tid_2211,7
leiden_static,2023-01-01,tid_2212,3
leiden_static,2023-01-01,tid_2213,0
leiden_static,2023-01-01,tid_2215,3
leiden_static,2023-01-01,tid_2216,10
leiden_static,2023-01-01,tid_2217,1
leiden_static,2023-01-01,tid_2218,1
leiden_static,2023-01-01,tid_2219,1
leiden_static,2023-01-01,tid_222,7
leiden_static,2023-01-01,tid_2220,5
leiden_static,2023-01-01,tid_2221,5
leiden_static,2023-01-01,tid_2222,1
leiden_static,2023-01-01,tid_2223,1
leiden_static,2023-01-01,tid_2224,1
leiden_static,2023-01-01,tid_2225,1
leiden_static,2023-01-01,tid_2226,5
leiden_static,2023-01-01,tid_2227,1
leiden_static,2023-01-01,tid_2228,10
leiden_static,2023-01-01,tid_2229,1
leiden_static,2023-01-01,tid_223,2
leiden_static,2023-01-01,tid_2230,1
leiden_static,2023-01-01,tid_2231,7
leiden_static,2023-01-01,tid_2232,1
leiden_static,2023-01-01,tid_2233,1
leiden_static,2023-01-01,tid_2234,1
leiden_static,2023-01-01,tid_2235,3
leiden_static,2023-01-01,tid_2236,1
leiden_static,2023-01-01,tid_2237,1
leiden_static,2023-01-01,tid_2238,10
leiden_static,2023-01-01,tid_224,5
leiden_static,2023-01-01,tid_2241,1
leiden_static,2023-01-01,tid_2242,10
leiden_static,2023-01-01,tid_2243,1
leiden_static,2023-01-01,tid_2244,1
leiden_static,2023-01-01,tid_2245,1
leiden_static,2023-01-01,tid_2248,1
leiden_static,2023-01-01,tid_2249,1
leiden_static,2023-01-01,tid_225,1
leiden_static,2023-01-01,tid_2250,1
leiden_static,2023-01-01,tid_2251,5
leiden_static,2023-01-01,tid_2252,5
leiden_static,2023-01-01,tid_2253,2
leiden_static,2023-01-01,tid_2254,0
leiden_static,2023-01-01,tid_2255,3
leiden_static,2023-01-01,tid_2256,0
leiden_static,2023-01-01,tid_2257,0
leiden_static,2023-01-01,tid_2258,0
leiden_static,2023-01-01,tid_2259,0
leiden_static,2023-01-01,tid_226,1
leiden_static,2023-01-01,tid_2260,4
leiden_static,2023-01-01,tid_2262,0
leiden_static,2023-01-01,tid_2264,1
leiden_static,2023-01-01,tid_2265,0
leiden_static,2023-01-01,tid_2266,0
leiden_static,2023-01-01,tid_2267,0
leiden_static,2023-01-01,tid_2268,4
leiden_static,2023-01-01,tid_2269,0
leiden_static,2023-01-01,tid_227,1
leiden_static,2023-01-01,tid_2270,2
leiden_static,2023-01-01,tid_2271,0
leiden_static,2023-01-01,tid_2272,8
leiden_static,2023-01-01,tid_2274,8
leiden_static,2023-01-01,tid_2275,11
leiden_static,2023-01-01,tid_2276,2
leiden_static,2023-01-01,tid_2278,1
leiden_static,2023-01-01,tid_2279,5
leiden_static,2023-01-01,tid_228,1
leiden_static,2023-01-01,tid_2280,0
leiden_static,2023-01-01,tid_2281,5
leiden_static,2023-01-01,tid_2282,5
leiden_static,2023-01-01,tid_2286,5
leiden_static,2023-01-01,tid_2287,2
leiden_static,2023-01-01,tid_2288,5
leiden_static,2023-01-01,tid_2289,5
leiden_static,2023-01-01,tid_229,5
leiden_static,2023-01-01,tid_2292,8
leiden_static,2023-01-01,tid_2293,2
leiden_static,2023-01-01,tid_2294,2
leiden_static,2023-01-01,tid_2295,3
leiden_static,2023-01-01,tid_2296,5
leiden_static,2023-01-01,tid_2297,2
leiden_static,2023-01-01,tid_2298,5
leiden_static,2023-01-01,tid_2299,5
leiden_static,2023-01-01,tid_23,5
leiden_static,2023-01-01,tid_230,1
leiden_static,2023-01-01,tid_2300,5
leiden_static,2023-01-01,tid_2301,2
leiden_static,2023-01-01,tid_2302,4
leiden_static,2023-01-01,tid_2303,2
leiden_static,2023-01-01,tid_2304,5
leiden_static,2023-01-01,tid_2305,3
leiden_static,2023-01-01,tid_2307,4
leiden_static,2023-01-01,tid_2308,0
leiden_static,2023-01-01,tid_2309,2
leiden_static,2023-01-01,tid_231,1
leiden_static,2023-01-01,tid_2310,3
leiden_static,2023-01-01,tid_2311,1
leiden_static,2023-01-01,tid_2312,5
leiden_static,2023-01-01,tid_2314,1
leiden_static,2023-01-01,tid_2315,2
leiden_static,2023-01-01,tid_2316,1
leiden_static,2023-01-01,tid_2317,4
leiden_static,2023-01-01,tid_2318,5
leiden_static,2023-01-01,tid_232,4
leiden_static,2023-01-01,tid_2320,1
leiden_static,2023-01-01,tid_2321,2
leiden_static,2023-01-01,tid_2322,7
leiden_static,2023-01-01,tid_2323,0
leiden_static,2023-01-01,tid_2324,2
leiden_static,2023-01-01,tid_2325,2
leiden_static,2023-01-01,tid_2326,2
leiden_static,2023-01-01,tid_2327,1
leiden_static,2023-01-01,tid_2328,7
leiden_static,2023-01-01,tid_2329,2
leiden_static,2023-01-01,tid_233,1
leiden_static,2023-01-01,tid_2330,2
leiden_static,2023-01-01,tid_2332,3
leiden_static,2023-01-01,tid_2333,1
leiden_static,2023-01-01,tid_2334,1
leiden_static,2023-01-01,tid_2335,2
leiden_static,2023-01-01,tid_2336,1
leiden_static,2023-01-01,tid_2337,5
leiden_static,2023-01-01,tid_2338,5
leiden_static,2023-01-01,tid_2339,1
leiden_static,2023-01-01,tid_234,1
leiden_static,2023-01-01,tid_2340,1
leiden_static,2023-01-01,tid_2341,1
leiden_static,2023-01-01,tid_2342,1
leiden_static,2023-01-01,tid_2343,4
leiden_static,2023-01-01,tid_2344,10
leiden_static,2023-01-01,tid_2345,1
leiden_static,2023-01-01,tid_2348,1
leiden_static,2023-01-01,tid_2349,1
leiden_static,2023-01-01,tid_235,1
leiden_static,2023-01-01,tid_2351,9
leiden_static,2023-01-01,tid_2352,9
leiden_static,2023-01-01,tid_2353,9
leiden_static,2023-01-01,tid_2354,9
leiden_static,2023-01-01,tid_2355,9
leiden_static,2023-01-01,tid_2356,9
leiden_static,2023-01-01,tid_2357,9
leiden_static,2023-01-01,tid_2358,9
leiden_static,2023-01-01,tid_2359,9
leiden_static,2023-01-01,tid_236,1
leiden_static,2023-01-01,tid_2360,9
leiden_static,2023-01-01,tid_2361,9
leiden_static,2023-01-01,tid_2362,10
leiden_static,2023-01-01,tid_2363,6
leiden_static,2023-01-01,tid_2364,9
leiden_static,2023-01-01,tid_2365,9
leiden_static,2023-01-01,tid_2366,9
leiden_static,2023-01-01,tid_2367,9
leiden_static,2023-01-01,tid_2368,9
leiden_static,2023-01-01,tid_2369,9
leiden_static,2023-01-01,tid_237,1
leiden_static,2023-01-01,tid_2370,6
leiden_static,2023-01-01,tid_2371,6
leiden_static,2023-01-01,tid_2372,9
leiden_static,2023-01-01,tid_2373,9
leiden_static,2023-01-01,tid_2374,9
leiden_static,2023-01-01,tid_2375,9
leiden_static,2023-01-01,tid_2376,9
leiden_static,2023-01-01,tid_2377,9
leiden_static,2023-01-01,tid_2378,9
leiden_static,2023-01-01,tid_2379,9
leiden_static,2023-01-01,tid_238,4
leiden_static,2023-01-01,tid_2380,6
leiden_static,2023-01-01,tid_2381,9
leiden_static,2023-01-01,tid_2382,9
leiden_static,2023-01-01,tid_2383,6
leiden_static,2023-01-01,tid_2384,9
leiden_static,2023-01-01,tid_2385,9
leiden_static,2023-01-01,tid_2386,9
leiden_static,2023-01-01,tid_2387,9
leiden_static,2023-01-01,tid_2388,9
leiden_static,2023-01-01,tid_2389,9
leiden_static,2023-01-01,tid_239,2
leiden_static,2023-01-01,tid_2390,9
leiden_static,2023-01-01,tid_2391,9
leiden_static,2023-01-01,tid_2392,6
leiden_static,2023-01-01,tid_2393,10
leiden_static,2023-01-01,tid_2395,10
leiden_static,2023-01-01,tid_2398,6
leiden_static,2023-01-01,tid_2399,9
leiden_static,2023-01-01,tid_240,1
leiden_static,2023-01-01,tid_2400,9
leiden_static,2023-01-01,tid_2401,9
leiden_static,2023-01-01,tid_2402,6
leiden_static,2023-01-01,tid_2403,6
leiden_static,2023-01-01,tid_2404,9
leiden_static,2023-01-01,tid_2405,9
leiden_static,2023-01-01,tid_2406,6
leiden_static,2023-01-01,tid_2407,9
leiden_static,2023-01-01,tid_2408,6
leiden_static,2023-01-01,tid_2409,6
leiden_static,2023-01-01,tid_241,1
leiden_static,2023-01-01,tid_2410,10
leiden_static,2023-01-01,tid_2411,6
leiden_static,2023-01-01,tid_2412,6
leiden_static,2023-01-01,tid_2416,6
leiden_static,2023-01-01,tid_242,3
leiden_static,2023-01-01,tid_2422,10
leiden_static,2023-01-01,tid_2423,9
leiden_static,2023-01-01,tid_2424,9
leiden_static,2023-01-01,tid_2425,9
leiden_static,2023-01-01,tid_2426,9
leiden_static,2023-01-01,tid_2427,9
leiden_static,2023-01-01,tid_2428,6
leiden_static,2023-01-01,tid_2429,6
leiden_static,2023-01-01,tid_243,3
leiden_static,2023-01-01,tid_2430,6
leiden_static,2023-01-01,tid_2431,6
leiden_static,2023-01-01,tid_2432,6
leiden_static,2023-01-01,tid_2433,6
leiden_static,2023-01-01,tid_2434,9
leiden_static,2023-01-01,tid_2435,9
leiden_static,2023-01-01,tid_2436,9
leiden_static,2023-01-01,tid_2437,6
leiden_static,2023-01-01,tid_2439,9
leiden_static,2023-01-01,tid_2440,9
leiden_static,2023-01-01,tid_2441,9
leiden_static,2023-01-01,tid_2442,9
leiden_static,2023-01-01,tid_2443,9
leiden_static,2023-01-01,tid_2444,9
leiden_static,2023-01-01,tid_2445,6
leiden_static,2023-01-01,tid_2446,6
leiden_static,2023-01-01,tid_2447,6
leiden_static,2023-01-01,tid_2449,6
leiden_static,2023-01-01,tid_2450,9
leiden_static,2023-01-01,tid_2451,9
leiden_static,2023-01-01,tid_2452,9
leiden_static,2023-01-01,tid_2453,9
leiden_static,2023-01-01,tid_2454,9
leiden_static,2023-01-01,tid_2455,9
leiden_static,2023-01-01,tid_2456,9
leiden_static,2023-01-01,tid_2457,9
leiden_static,2023-01-01,tid_2458,9
leiden_static,2023-01-01,tid_2459,9
leiden_static,2023-01-01,tid_2460,9
leiden_static,2023-01-01,tid_2461,9
leiden_static,2023-01-01,tid_2462,6
leiden_static,2023-01-01,tid_2463,6
leiden_static,2023-01-01,tid_2464,6
leiden_static,2023-01-01,tid_2465,10
leiden_static,2023-01-01,tid_2466,6
leiden_static,2023-01-01,tid_2467,6
leiden_static,2023-01-01,tid_2468,6
leiden_static,2023-01-01,tid_2469,6
leiden_static,2023-01-01,tid_2470,6
leiden_static,2023-01-01,tid_2471,6
leiden_static,2023-01-01,tid_2472,6
leiden_static,2023-01-01,tid_2473,6
leiden_static,2023-01-01,tid_2474,6
leiden_static,2023-01-01,tid_2475,6
leiden_static,2023-01-01,tid_2476,9
leiden_static,2023-01-01,tid_2477,6
leiden_static,2023-01-01,tid_2478,6
leiden_static,2023-01-01,tid_2479,9
leiden_static,2023-01-01,tid_2480,9
leiden_static,2023-01-01,tid_2481,6
leiden_static,2023-01-01,tid_2482,6
leiden_static,2023-01-01,tid_2483,6
leiden_static,2023-01-01,tid_2484,6
leiden_static,2023-01-01,tid_2485,9
leiden_static,2023-01-01,tid_2486,9
leiden_static,2023-01-01,tid_2487,6
leiden_static,2023-01-01,tid_2488,9
leiden_static,2023-01-01,tid_2489,9
leiden_static,2023-01-01,tid_2490,6
leiden_static,2023-01-01,tid_2491,6
leiden_static,2023-01-01,tid_2492,6
leiden_static,2023-01-01,tid_2493,6
leiden_static,2023-01-01,tid_2494,9
leiden_static,2023-01-01,tid_2495,9
leiden_static,2023-01-01,tid_2496,6
leiden_static,2023-01-01,tid_2497,9
leiden_static,2023-01-01,tid_2498,6
leiden_static,2023-01-01,tid_2499,6
leiden_static,2023-01-01,tid_25,11
leiden_static,2023-01-01,tid_2500,6
leiden_static,2023-01-01,tid_2501,6
leiden_static,2023-01-01,tid_2502,6
leiden_static,2023-01-01,tid_2503,9
leiden_static,2023-01-01,tid_2504,10
leiden_static,2023-01-01,tid_2505,9
leiden_static,2023-01-01,tid_2506,9
leiden_static,2023-01-01,tid_2507,6
leiden_static,2023-01-01,tid_2508,6
leiden_static,2023-01-01,tid_2509,9
leiden_static,2023-01-01,tid_2510,9
leiden_static,2023-01-01,tid_2511,6
leiden_static,2023-01-01,tid_2512,6
leiden_static,2023-01-01,tid_2513,6
leiden_static,2023-01-01,tid_2514,6
leiden_static,2023-01-01,tid_2515,6
leiden_static,2023-01-01,tid_2516,6
leiden_static,2023-01-01,tid_2517,6
leiden_static,2023-01-01,tid_2518,9
leiden_static,2023-01-01,tid_2519,9
leiden_static,2023-01-01,tid_2520,6
leiden_static,2023-01-01,tid_2521,6
leiden_static,2023-01-01,tid_2522,9
leiden_static,2023-01-01,tid_2523,6
leiden_static,2023-01-01,tid_2524,6
leiden_static,2023-01-01,tid_2525,6
leiden_static,2023-01-01,tid_2526,6
leiden_static,2023-01-01,tid_2527,9
leiden_static,2023-01-01,tid_2528,6
leiden_static,2023-01-01,tid_2529,6
leiden_static,2023-01-01,tid_2530,6
leiden_static,2023-01-01,tid_2531,6
leiden_static,2023-01-01,tid_2532,9
leiden_static,2023-01-01,tid_2533,9
leiden_static,2023-01-01,tid_2534,6
leiden_static,2023-01-01,tid_2535,9
leiden_static,2023-01-01,tid_2536,9
leiden_static,2023-01-01,tid_2537,9
leiden_static,2023-01-01,tid_2538,6
leiden_static,2023-01-01,tid_2539,9
leiden_static,2023-01-01,tid_2540,9
leiden_static,2023-01-01,tid_2541,9
leiden_static,2023-01-01,tid_2542,9
leiden_static,2023-01-01,tid_2543,9
leiden_static,2023-01-01,tid_2544,9
leiden_static,2023-01-01,tid_2545,9
leiden_static,2023-01-01,tid_2546,6
leiden_static,2023-01-01,tid_2547,10
leiden_static,2023-01-01,tid_2548,6
leiden_static,2023-01-01,tid_2549,6
leiden_static,2023-01-01,tid_2550,6
leiden_static,2023-01-01,tid_2551,6
leiden_static,2023-01-01,tid_2552,6
leiden_static,2023-01-01,tid_2553,6
leiden_static,2023-01-01,tid_2554,6
leiden_static,2023-01-01,tid_2555,6
leiden_static,2023-01-01,tid_2556,6
leiden_static,2023-01-01,tid_2557,9
leiden_static,2023-01-01,tid_2558,9
leiden_static,2023-01-01,tid_2559,9
leiden_static,2023-01-01,tid_2560,6
leiden_static,2023-01-01,tid_2561,6
leiden_static,2023-01-01,tid_2562,6
leiden_static,2023-01-01,tid_2563,9
leiden_static,2023-01-01,tid_2564,9
leiden_static,2023-01-01,tid_2565,6
leiden_static,2023-01-01,tid_2566,6
leiden_static,2023-01-01,tid_2567,9
leiden_static,2023-01-01,tid_2568,6
leiden_static,2023-01-01,tid_2569,6
leiden_static,2023-01-01,tid_2570,6
leiden_static,2023-01-01,tid_2571,10
leiden_static,2023-01-01,tid_2572,6
leiden_static,2023-01-01,tid_2573,9
leiden_static,2023-01-01,tid_2574,9
leiden_static,2023-01-01,tid_2575,6
leiden_static,2023-01-01,tid_2576,6
leiden_static,2023-01-01,tid_2577,6
leiden_static,2023-01-01,tid_2578,6
leiden_static,2023-01-01,tid_2579,6
leiden_static,2023-01-01,tid_2580,6
leiden_static,2023-01-01,tid_2581,6
leiden_static,2023-01-01,tid_2582,6
leiden_static,2023-01-01,tid_2583,6
leiden_static,2023-01-01,tid_2584,6
leiden_static,2023-01-01,tid_2585,6
leiden_static,2023-01-01,tid_2586,10
leiden_static,2023-01-01,tid_2587,6
leiden_static,2023-01-01,tid_2588,10
leiden_static,2023-01-01,tid_2589,6
leiden_static,2023-01-01,tid_2590,6
leiden_static,2023-01-01,tid_2591,10
leiden_static,2023-01-01,tid_2592,6
leiden_static,2023-01-01,tid_2593,7
leiden_static,2023-01-01,tid_2595,10
leiden_static,2023-01-01,tid_2596,10
leiden_static,2023-01-01,tid_2597,10
leiden_static,2023-01-01,tid_2598,10
leiden_static,2023-01-01,tid_2599,6
leiden_static,2023-01-01,tid_26,11
leiden_static,2023-01-01,tid_2600,6
leiden_static,2023-01-01,tid_2601,10
leiden_static,2023-01-01,tid_2602,6
leiden_static,2023-01-01,tid_2604,6
leiden_static,2023-01-01,tid_2605,6
leiden_static,2023-01-01,tid_2606,10
leiden_static,2023-01-01,tid_2607,10
leiden_static,2023-01-01,tid_2618,2
leiden_static,2023-01-01,tid_2619,7
leiden_static,2023-01-01,tid_2620,5
leiden_static,2023-01-01,tid_2621,5
leiden_static,2023-01-01,tid_2644,10
leiden_static,2023-01-01,tid_2646,6
leiden_static,2023-01-01,tid_2647,7
leiden_static,2023-01-01,tid_2648,10
leiden_static,2023-01-01,tid_2649,10
leiden_static,2023-01-01,tid_2651,6
leiden_static,2023-01-01,tid_2652,10
leiden_static,2023-01-01,tid_269,5
leiden_static,2023-01-01,tid_27,5
leiden_static,2023-01-01,tid_270,1
leiden_static,2023-01-01,tid_271,1
leiden_static,2023-01-01,tid_2710,7
leiden_static,2023-01-01,tid_272,3
leiden_static,2023-01-01,tid_273,8
leiden_static,2023-01-01,tid_274,3
leiden_static,2023-01-01,tid_275,2
leiden_static,2023-01-01,tid_276,5
leiden_static,2023-01-01,tid_277,4
leiden_static,2023-01-01,tid_278,5
leiden_static,2023-01-01,tid_279,1
leiden_static,2023-01-01,tid_28,11
leiden_static,2023-01-01,tid_280,2
leiden_static,2023-01-01,tid_2808,10
leiden_static,2023-01-01,tid_2809,5
leiden_static,2023-01-01,tid_281,1
leiden_static,2023-01-01,tid_2813,7
leiden_static,2023-01-01,tid_2814,10
leiden_static,2023-01-01,tid_282,4
leiden_static,2023-01-01,tid_283,1
leiden_static,2023-01-01,tid_284,1
leiden_static,2023-01-01,tid_285,4
leiden_static,2023-01-01,tid_287,0
leiden_static,2023-01-01,tid_2872,1
leiden_static,2023-01-01,tid_2876,6
leiden_static,2023-01-01,tid_2879,1
leiden_static,2023-01-01,tid_288,0
leiden_static,2023-01-01,tid_2880,1
leiden_static,2023-01-01,tid_2881,6
leiden_static,2023-01-01,tid_2882,1
leiden_static,2023-01-01,tid_2883,7
leiden_static,2023-01-01,tid_2884,7
leiden_static,2023-01-01,tid_2885,8
leiden_static,2023-01-01,tid_2886,1
leiden_static,2023-01-01,tid_2887,6
leiden_static,2023-01-01,tid_289,0
leiden_static,2023-01-01,tid_29,11
leiden_static,2023-01-01,tid_290,4
leiden_static,2023-01-01,tid_292,0
leiden_static,2023-01-01,tid_293,0
leiden_static,2023-01-01,tid_294,0
leiden_static,2023-01-01,tid_295,0
leiden_static,2023-01-01,tid_296,0
leiden_static,2023-01-01,tid_297,0
leiden_static,2023-01-01,tid_298,0
leiden_static,2023-01-01,tid_3,7
leiden_static,2023-01-01,tid_30,11
leiden_static,2023-01-01,tid_300,0
leiden_static,2023-01-01,tid_3005,0
leiden_static,2023-01-01,tid_3007,3
leiden_static,2023-01-01,tid_3009,10
leiden_static,2023-01-01,tid_301,3
leiden_static,2023-01-01,tid_3011,5
leiden_static,2023-01-01,tid_3012,4
leiden_static,2023-01-01,tid_3013,10
leiden_static,2023-01-01,tid_302,0
leiden_static,2023-01-01,tid_303,1
leiden_static,2023-01-01,tid_304,0
leiden_static,2023-01-01,tid_305,0
leiden_static,2023-01-01,tid_306,0
leiden_static,2023-01-01,tid_307,3
leiden_static,2023-01-01,tid_308,0
leiden_static,2023-01-01,tid_309,11
leiden_static,2023-01-01,tid_31,8
leiden_static,2023-01-01,tid_312,1
leiden_static,2023-01-01,tid_314,11
leiden_static,2023-01-01,tid_316,12
leiden_static,2023-01-01,tid_317,11
leiden_static,2023-01-01,tid_318,1
leiden_static,2023-01-01,tid_319,1
leiden_static,2023-01-01,tid_32,8
leiden_static,2023-01-01,tid_320,11
leiden_static,2023-01-01,tid_321,3
leiden_static,2023-01-01,tid_323,5
leiden_static,2023-01-01,tid_324,11
leiden_static,2023-01-01,tid_325,1
leiden_static,2023-01-01,tid_326,11
leiden_static,2023-01-01,tid_327,1
leiden_static,2023-01-01,tid_329,11
leiden_static,2023-01-01,tid_33,8
leiden_static,2023-01-01,tid_330,1
leiden_static,2023-01-01,tid_331,1
leiden_static,2023-01-01,tid_332,1
leiden_static,2023-01-01,tid_333,1
leiden_static,2023-01-01,tid_334,11
leiden_static,2023-01-01,tid_335,1
leiden_static,2023-01-01,tid_336,11
leiden_static,2023-01-01,tid_337,11
leiden_static,2023-01-01,tid_338,1
leiden_static,2023-01-01,tid_339,11
leiden_static,2023-01-01,tid_34,8
leiden_static,2023-01-01,tid_340,1
leiden_static,2023-01-01,tid_341,12
leiden_static,2023-01-01,tid_342,1
leiden_static,2023-01-01,tid_343,11
leiden_static,2023-01-01,tid_345,6
leiden_static,2023-01-01,tid_346,6
leiden_static,2023-01-01,tid_347,6
leiden_static,2023-01-01,tid_348,6
leiden_static,2023-01-01,tid_349,6
leiden_static,2023-01-01,tid_35,11
leiden_static,2023-01-01,tid_351,6
leiden_static,2023-01-01,tid_352,6
leiden_static,2023-01-01,tid_354,11
leiden_static,2023-01-01,tid_355,11
leiden_static,2023-01-01,tid_356,5
leiden_static,2023-01-01,tid_357,5
leiden_static,2023-01-01,tid_358,3
leiden_static,2023-01-01,tid_359,8
leiden_static,2023-01-01,tid_36,8
leiden_static,2023-01-01,tid_360,3
leiden_static,2023-01-01,tid_361,8
leiden_static,2023-01-01,tid_362,11
leiden_static,2023-01-01,tid_363,8
leiden_static,2023-01-01,tid_364,8
leiden_static,2023-01-01,tid_365,8
leiden_static,2023-01-01,tid_366,3
leiden_static,2023-01-01,tid_367,8
leiden_static,2023-01-01,tid_368,5
leiden_static,2023-01-01,tid_369,8
leiden_static,2023-01-01,tid_37,8
leiden_static,2023-01-01,tid_370,10
leiden_static,2023-01-01,tid_371,10
leiden_static,2023-01-01,tid_372,8
leiden_static,2023-01-01,tid_373,11
leiden_static,2023-01-01,tid_374,3
leiden_static,2023-01-01,tid_375,5
leiden_static,2023-01-01,tid_376,8
leiden_static,2023-01-01,tid_377,0
leiden_static,2023-01-01,tid_378,8
leiden_static,2023-01-01,tid_379,10
leiden_static,2023-01-01,tid_38,5
leiden_static,2023-01-01,tid_380,5
leiden_static,2023-01-01,tid_381,8
leiden_static,2023-01-01,tid_382,5
leiden_static,2023-01-01,tid_383,8
leiden_static,2023-01-01,tid_384,8
leiden_static,2023-01-01,tid_385,11
leiden_static,2023-01-01,tid_386,3
leiden_static,2023-01-01,tid_387,8
leiden_static,2023-01-01,tid_388,10
leiden_static,2023-01-01,tid_39,8
leiden_static,2023-01-01,tid_390,8
leiden_static,2023-01-01,tid_391,8
leiden_static,2023-01-01,tid_392,7
leiden_static,2023-01-01,tid_393,0
leiden_static,2023-01-01,tid_395,3
leiden_static,2023-01-01,tid_396,8
leiden_static,2023-01-01,tid_397,3
leiden_static,2023-01-01,tid_398,1
leiden_static,2023-01-01,tid_4,0
leiden_static,2023-01-01,tid_40,8
leiden_static,2023-01-01,tid_401,3
leiden_static,2023-01-01,tid_402,3
leiden_static,2023-01-01,tid_403,3
leiden_static,2023-01-01,tid_404,7
leiden_static,2023-01-01,tid_405,3
leiden_static,2023-01-01,tid_408,8
leiden_static,2023-01-01,tid_41,8
leiden_static,2023-01-01,tid_410,3
leiden_static,2023-01-01,tid_413,3
leiden_static,2023-01-01,tid_414,10
leiden_static,2023-01-01,tid_416,7
leiden_static,2023-01-01,tid_418,11
leiden_static,2023-01-01,tid_419,5
leiden_static,2023-01-01,tid_42,11
leiden_static,2023-01-01,tid_420,5
leiden_static,2023-01-01,tid_421,8
leiden_static,2023-01-01,tid_422,5
leiden_static,2023-01-01,tid_423,8
leiden_static,2023-01-01,tid_424,8
leiden_static,2023-01-01,tid_425,8
leiden_static,2023-01-01,tid_428,4
leiden_static,2023-01-01,tid_429,4
leiden_static,2023-01-01,tid_43,8
leiden_static,2023-01-01,tid_430,11
leiden_static,2023-01-01,tid_431,8
leiden_static,2023-01-01,tid_432,4
leiden_static,2023-01-01,tid_433,4
leiden_static,2023-01-01,tid_434,4
leiden_static,2023-01-01,tid_435,8
leiden_static,2023-01-01,tid_436,8
leiden_static,2023-01-01,tid_437,4
leiden_static,2023-01-01,tid_438,8
leiden_static,2023-01-01,tid_44,5
leiden_static,2023-01-01,tid_440,8
leiden_static,2023-01-01,tid_441,4
leiden_static,2023-01-01,tid_442,4
leiden_static,2023-01-01,tid_443,8
leiden_static,2023-01-01,tid_444,8
leiden_static,2023-01-01,tid_445,4
leiden_static,2023-01-01,tid_446,8
leiden_static,2023-01-01,tid_447,4
leiden_static,2023-01-01,tid_448,10
leiden_static,2023-01-01,tid_449,7
leiden_static,2023-01-01,tid_45,8
leiden_static,2023-01-01,tid_450,1
leiden_static,2023-01-01,tid_451,1
leiden_static,2023-01-01,tid_452,3
leiden_static,2023-01-01,tid_453,3
leiden_static,2023-01-01,tid_455,3
leiden_static,2023-01-01,tid_456,0
leiden_static,2023-01-01,tid_457,3
leiden_static,2023-01-01,tid_458,3
leiden_static,2023-01-01,tid_459,3
leiden_static,2023-01-01,tid_46,8
leiden_static,2023-01-01,tid_460,3
leiden_static,2023-01-01,tid_47,8
leiden_static,2023-01-01,tid_478,11
leiden_static,2023-01-01,tid_479,0
leiden_static,2023-01-01,tid_48,8
leiden_static,2023-01-01,tid_480,5
leiden_static,2023-01-01,tid_481,5
leiden_static,2023-01-01,tid_482,2
leiden_static,2023-01-01,tid_484,8
leiden_static,2023-01-01,tid_485,8
leiden_static,2023-01-01,tid_486,3
leiden_static,2023-01-01,tid_487,8
leiden_static,2023-01-01,tid_489,1
leiden_static,2023-01-01,tid_49,5
leiden_static,2023-01-01,tid_490,8
leiden_static,2023-01-01,tid_491,8
leiden_static,2023-01-01,tid_492,3
leiden_static,2023-01-01,tid_493,4
leiden_static,2023-01-01,tid_494,8
leiden_static,2023-01-01,tid_495,2
leiden_static,2023-01-01,tid_496,8
leiden_static,2023-01-01,tid_497,8
leiden_static,2023-01-01,tid_498,8
leiden_static,2023-01-01,tid_499,8
leiden_static,2023-01-01,tid_5,0
leiden_static,2023-01-01,tid_50,11
leiden_static,2023-01-01,tid_501,8
leiden_static,2023-01-01,tid_502,8
leiden_static,2023-01-01,tid_503,3
leiden_static,2023-01-01,tid_504,11
leiden_static,2023-01-01,tid_505,1
leiden_static,2023-01-01,tid_506,10
leiden_static,2023-01-01,tid_507,8
leiden_static,2023-01-01,tid_508,5
leiden_static,2023-01-01,tid_509,5
leiden_static,2023-01-01,tid_51,8
leiden_static,2023-01-01,tid_510,5
leiden_static,2023-01-01,tid_511,3
leiden_static,2023-01-01,tid_512,2
leiden_static,2023-01-01,tid_515,3
leiden_static,2023-01-01,tid_516,2
leiden_static,2023-01-01,tid_517,8
leiden_static,2023-01-01,tid_518,1
leiden_static,2023-01-01,tid_519,4
leiden_static,2023-01-01,tid_52,8
leiden_static,2023-01-01,tid_520,0
leiden_static,2023-01-01,tid_521,0
leiden_static,2023-01-01,tid_522,2
leiden_static,2023-01-01,tid_523,4
leiden_static,2023-01-01,tid_524,3
leiden_static,2023-01-01,tid_525,4
leiden_static,2023-01-01,tid_527,2
leiden_static,2023-01-01,tid_528,4
leiden_static,2023-01-01,tid_529,3
leiden_static,2023-01-01,tid_53,8
leiden_static,2023-01-01,tid_530,3
leiden_static,2023-01-01,tid_531,4
leiden_static,2023-01-01,tid_532,4
leiden_static,2023-01-01,tid_533,4
leiden_static,2023-01-01,tid_534,3
leiden_static,2023-01-01,tid_535,3
leiden_static,2023-01-01,tid_536,4
leiden_static,2023-01-01,tid_537,3
leiden_static,2023-01-01,tid_538,2
leiden_static,2023-01-01,tid_539,4
leiden_static,2023-01-01,tid_54,8
leiden_static,2023-01-01,tid_540,0
leiden_static,2023-01-01,tid_541,4
leiden_static,2023-01-01,tid_542,4
leiden_static,2023-01-01,tid_543,8
leiden_static,2023-01-01,tid_544,0
leiden_static,2023-01-01,tid_545,8
leiden_static,2023-01-01,tid_546,0
leiden_static,2023-01-01,tid_547,0
leiden_static,2023-01-01,tid_548,4
leiden_static,2023-01-01,tid_549,4
leiden_static,2023-01-01,tid_55,8
leiden_static,2023-01-01,tid_550,4
leiden_static,2023-01-01,tid_552,4
leiden_static,2023-01-01,tid_553,4
leiden_static,2023-01-01,tid_554,4
leiden_static,2023-01-01,tid_555,0
leiden_static,2023-01-01,tid_556,4
leiden_static,2023-01-01,tid_557,4
leiden_static,2023-01-01,tid_558,4
leiden_static,2023-01-01,tid_559,8
leiden_static,2023-01-01,tid_56,8
leiden_static,2023-01-01,tid_560,4
leiden_static,2023-01-01,tid_561,4
leiden_static,2023-01-01,tid_562,0
leiden_static,2023-01-01,tid_563,0
leiden_static,2023-01-01,tid_564,0
leiden_static,2023-01-01,tid_565,0
leiden_static,2023-01-01,tid_566,4
leiden_static,2023-01-01,tid_567,4
leiden_static,2023-01-01,tid_568,1
leiden_static,2023-01-01,tid_569,0
leiden_static,2023-01-01,tid_57,5
leiden_static,2023-01-01,tid_570,2
leiden_static,2023-01-01,tid_571,0
leiden_static,2023-01-01,tid_572,2
leiden_static,2023-01-01,tid_574,3
leiden_static,2023-01-01,tid_578,10
leiden_static,2023-01-01,tid_579,8
leiden_static,2023-01-01,tid_58,8
leiden_static,2023-01-01,tid_580,11
leiden_static,2023-01-01,tid_581,3
leiden_static,2023-01-01,tid_582,5
leiden_static,2023-01-01,tid_583,4
leiden_static,2023-01-01,tid_584,8
leiden_static,2023-01-01,tid_585,2
leiden_static,2023-01-01,tid_586,8
leiden_static,2023-01-01,tid_587,8
leiden_static,2023-01-01,tid_588,5
leiden_static,2023-01-01,tid_589,3
leiden_static,2023-01-01,tid_59,8
leiden_static,2023-01-01,tid_591,3
leiden_static,2023-01-01,tid_592,3
leiden_static,2023-01-01,tid_593,8
leiden_static,2023-01-01,tid_594,4
leiden_static,2023-01-01,tid_595,4
leiden_static,2023-01-01,tid_598,8
leiden_static,2023-01-01,tid_599,3
leiden_static,2023-01-01,tid_6,10
leiden_static,2023-01-01,tid_60,8
leiden_static,2023-01-01,tid_600,4
leiden_static,2023-01-01,tid_601,8
leiden_static,2023-01-01,tid_602,4
leiden_static,2023-01-01,tid_603,1
leiden_static,2023-01-01,tid_604,3
leiden_static,2023-01-01,tid_605,3
leiden_static,2023-01-01,tid_606,3
leiden_static,2023-01-01,tid_607,3
leiden_static,2023-01-01,tid_608,11
leiden_static,2023-01-01,tid_61,8
leiden_static,2023-01-01,tid_612,11
leiden_static,2023-01-01,tid_613,1
leiden_static,2023-01-01,tid_614,1
leiden_static,2023-01-01,tid_615,1
leiden_static,2023-01-01,tid_616,1
leiden_static,2023-01-01,tid_618,12
leiden_static,2023-01-01,tid_619,12
leiden_static,2023-01-01,tid_62,8
leiden_static,2023-01-01,tid_621,12
leiden_static,2023-01-01,tid_63,8
leiden_static,2023-01-01,tid_65,8
leiden_static,2023-01-01,tid_66,11
leiden_static,2023-01-01,tid_666,11
leiden_static,2023-01-01,tid_667,5
leiden_static,2023-01-01,tid_668,2
leiden_static,2023-01-01,tid_669,1
leiden_static,2023-01-01,tid_67,8
leiden_static,2023-01-01,tid_670,1
leiden_static,2023-01-01,tid_671,0
leiden_static,2023-01-01,tid_674,5
leiden_static,2023-01-01,tid_675,1
leiden_static,2023-01-01,tid_676,5
leiden_static,2023-01-01,tid_677,3
leiden_static,2023-01-01,tid_678,1
leiden_static,2023-01-01,tid_679,5
leiden_static,2023-01-01,tid_68,8
leiden_static,2023-01-01,tid_680,1
leiden_static,2023-01-01,tid_683,0
leiden_static,2023-01-01,tid_685,4
leiden_static,2023-01-01,tid_686,8
leiden_static,2023-01-01,tid_687,2
leiden_static,2023-01-01,tid_689,7
leiden_static,2023-01-01,tid_69,8
leiden_static,2023-01-01,tid_690,4
leiden_static,2023-01-01,tid_691,3
leiden_static,2023-01-01,tid_692,0
leiden_static,2023-01-01,tid_693,8
leiden_static,2023-01-01,tid_694,5
leiden_static,2023-01-01,tid_695,0
leiden_static,2023-01-01,tid_696,4
leiden_static,2023-01-01,tid_697,1
leiden_static,2023-01-01,tid_698,0
leiden_static,2023-01-01,tid_699,0
leiden_static,2023-01-01,tid_7,10
leiden_static,2023-01-01,tid_70,8
leiden_static,2023-01-01,tid_701,0
leiden_static,2023-01-01,tid_702,7
leiden_static,2023-01-01,tid_703,3
leiden_static,2023-01-01,tid_704,4
leiden_static,2023-01-01,tid_705,3
leiden_static,2023-01-01,tid_706,0
leiden_static,2023-01-01,tid_708,4
leiden_static,2023-01-01,tid_71,8
leiden_static,2023-01-01,tid_710,2
leiden_static,2023-01-01,tid_711,3
leiden_static,2023-01-01,tid_712,0
leiden_static,2023-01-01,tid_713,4
leiden_static,2023-01-01,tid_714,3
leiden_static,2023-01-01,tid_715,2
leiden_static,2023-01-01,tid_716,5
leiden_static,2023-01-01,tid_717,3
leiden_static,2023-01-01,tid_718,1
leiden_static,2023-01-01,tid_719,0
leiden_static,2023-01-01,tid_72,8
leiden_static,2023-01-01,tid_720,1
leiden_static,2023-01-01,tid_721,0
leiden_static,2023-01-01,tid_722,3
leiden_static,2023-01-01,tid_723,3
leiden_static,2023-01-01,tid_725,3
leiden_static,2023-01-01,tid_726,1
leiden_static,2023-01-01,tid_727,11
leiden_static,2023-01-01,tid_73,11
leiden_static,2023-01-01,tid_731,5
leiden_static,2023-01-01,tid_734,2
leiden_static,2023-01-01,tid_735,8
leiden_static,2023-01-01,tid_736,1
leiden_static,2023-01-01,tid_737,8
leiden_static,2023-01-01,tid_738,8
leiden_static,2023-01-01,tid_739,1
leiden_static,2023-01-01,tid_74,8
leiden_static,2023-01-01,tid_741,5
leiden_static,2023-01-01,tid_742,5
leiden_static,2023-01-01,tid_743,3
leiden_static,2023-01-01,tid_744,8
leiden_static,2023-01-01,tid_745,1
leiden_static,2023-01-01,tid_746,4
leiden_static,2023-01-01,tid_747,2
leiden_static,2023-01-01,tid_748,5
leiden_static,2023-01-01,tid_749,4
leiden_static,2023-01-01,tid_75,5
leiden_static,2023-01-01,tid_751,5
leiden_static,2023-01-01,tid_752,3
leiden_static,2023-01-01,tid_753,4
leiden_static,2023-01-01,tid_754,5
leiden_static,2023-01-01,tid_755,1
leiden_static,2023-01-01,tid_756,8
leiden_static,2023-01-01,tid_757,8
leiden_static,2023-01-01,tid_758,4
leiden_static,2023-01-01,tid_76,11
leiden_static,2023-01-01,tid_760,4
leiden_static,2023-01-01,tid_761,4
leiden_static,2023-01-01,tid_763,5
leiden_static,2023-01-01,tid_764,4
leiden_static,2023-01-01,tid_765,3
leiden_static,2023-01-01,tid_766,5
leiden_static,2023-01-01,tid_767,1
leiden_static,2023-01-01,tid_769,0
leiden_static,2023-01-01,tid_77,11
leiden_static,2023-01-01,tid_770,4
leiden_static,2023-01-01,tid_771,8
leiden_static,2023-01-01,tid_773,4
leiden_static,2023-01-01,tid_774,8
leiden_static,2023-01-01,tid_775,11
leiden_static,2023-01-01,tid_776,8
leiden_static,2023-01-01,tid_777,11
leiden_static,2023-01-01,tid_778,5
leiden_static,2023-01-01,tid_779,4
leiden_static,2023-01-01,tid_78,8
leiden_static,2023-01-01,tid_780,5
leiden_static,2023-01-01,tid_781,3
leiden_static,2023-01-01,tid_782,11
leiden_static,2023-01-01,tid_783,4
leiden_static,2023-01-01,tid_784,8
leiden_static,2023-01-01,tid_785,11
leiden_static,2023-01-01,tid_787,4
leiden_static,2023-01-01,tid_788,3
leiden_static,2023-01-01,tid_789,8
leiden_static,2023-01-01,tid_79,8
leiden_static,2023-01-01,tid_790,8
leiden_static,2023-01-01,tid_791,4
leiden_static,2023-01-01,tid_792,4
leiden_static,2023-01-01,tid_793,4
leiden_static,2023-01-01,tid_794,8
leiden_static,2023-01-01,tid_795,4
leiden_static,2023-01-01,tid_796,4
leiden_static,2023-01-01,tid_797,4
leiden_static,2023-01-01,tid_798,8
leiden_static,2023-01-01,tid_799,5
leiden_static,2023-01-01,tid_8,10
leiden_static,2023-01-01,tid_80,8
leiden_static,2023-01-01,tid_800,4
leiden_static,2023-01-01,tid_801,4
leiden_static,2023-01-01,tid_802,4
leiden_static,2023-01-01,tid_803,4
leiden_static,2023-01-01,tid_804,4
leiden_static,2023-01-01,tid_805,1
leiden_static,2023-01-01,tid_806,8
leiden_static,2023-01-01,tid_807,4
leiden_static,2023-01-01,tid_808,4
leiden_static,2023-01-01,tid_809,6
leiden_static,2023-01-01,tid_81,8
leiden_static,2023-01-01,tid_810,0
leiden_static,2023-01-01,tid_811,6
leiden_static,2023-01-01,tid_812,6
leiden_static,2023-01-01,tid_813,6
leiden_static,2023-01-01,tid_814,0
leiden_static,2023-01-01,tid_815,0
leiden_static,2023-01-01,tid_817,7
leiden_static,2023-01-01,tid_818,7
leiden_static,2023-01-01,tid_819,6
leiden_static,2023-01-01,tid_82,8
leiden_static,2023-01-01,tid_820,10
leiden_static,2023-01-01,tid_821,0
leiden_static,2023-01-01,tid_822,0
leiden_static,2023-01-01,tid_823,0
leiden_static,2023-01-01,tid_824,6
leiden_static,2023-01-01,tid_825,0
leiden_static,2023-01-01,tid_826,0
leiden_static,2023-01-01,tid_827,0
leiden_static,2023-01-01,tid_828,0
leiden_static,2023-01-01,tid_829,0
leiden_static,2023-01-01,tid_83,8
leiden_static,2023-01-01,tid_830,6
leiden_static,2023-01-01,tid_831,0
leiden_static,2023-01-01,tid_832,0
leiden_static,2023-01-01,tid_833,0
leiden_static,2023-01-01,tid_834,6
leiden_static,2023-01-01,tid_835,0
leiden_static,2023-01-01,tid_836,0
leiden_static,2023-01-01,tid_838,0
leiden_static,2023-01-01,tid_839,0
leiden_static,2023-01-01,tid_840,0
leiden_static,2023-01-01,tid_841,10
leiden_static,2023-01-01,tid_842,11
leiden_static,2023-01-01,tid_843,5
leiden_static,2023-01-01,tid_844,1
leiden_static,2023-01-01,tid_846,1
leiden_static,2023-01-01,tid_847,1
leiden_static,2023-01-01,tid_848,1
leiden_static,2023-01-01,tid_849,4
leiden_static,2023-01-01,tid_851,4
leiden_static,2023-01-01,tid_852,4
leiden_static,2023-01-01,tid_853,4
leiden_static,2023-01-01,tid_854,4
leiden_static,2023-01-01,tid_855,1
leiden_static,2023-01-01,tid_856,1
leiden_static,2023-01-01,tid_857,1
leiden_static,2023-01-01,tid_859,1
leiden_static,2023-01-01,tid_860,11
leiden_static,2023-01-01,tid_870,4
leiden_static,2023-01-01,tid_871,4
leiden_static,2023-01-01,tid_872,11
leiden_static,2023-01-01,tid_873,5
leiden_static,2023-01-01,tid_874,4
leiden_static,2023-01-01,tid_875,5
leiden_static,2023-01-01,tid_876,11
leiden_static,2023-01-01,tid_877,4
leiden_static,2023-01-01,tid_878,5
leiden_static,2023-01-01,tid_879,11
leiden_static,2023-01-01,tid_880,4
leiden_static,2023-01-01,tid_881,8
leiden_static,2023-01-01,tid_882,11
leiden_static,2023-01-01,tid_883,5
leiden_static,2023-01-01,tid_884,1
leiden_static,2023-01-01,tid_885,1
leiden_static,2023-01-01,tid_886,1
leiden_static,2023-01-01,tid_888,5
leiden_static,2023-01-01,tid_889,5
leiden_static,2023-01-01,tid_890,5
leiden_static,2023-01-01,tid_891,1
leiden_static,2023-01-01,tid_892,1
leiden_static,2023-01-01,tid_895,1
leiden_static,2023-01-01,tid_896,1
leiden_static,2023-01-01,tid_897,1
leiden_static,2023-01-01,tid_898,4
leiden_static,2023-01-01,tid_899,3
leiden_static,2023-01-01,tid_9,8
leiden_static,2023-01-01,tid_900,2
leiden_static,2023-01-01,tid_901,2
leiden_static,2023-01-01,tid_902,1
leiden_static,2023-01-01,tid_903,1
leiden_static,2023-01-01,tid_904,4
leiden_static,2023-01-01,tid_905,1
leiden_static,2023-01-01,tid_907,4
leiden_static,2023-01-01,tid_908,1
leiden_static,2023-01-01,tid_909,2
leiden_static,2023-01-01,tid_911,1
leiden_static,2023-01-01,tid_912,1
leiden_static,2023-01-01,tid_913,1
leiden_static,2023-01-01,tid_914,2
leiden_static,2023-01-01,tid_915,2
leiden_static,2023-01-01,tid_916,5
leiden_static,2023-01-01,tid_917,1
leiden_static,2023-01-01,tid_918,6
leiden_static,2023-01-01,tid_920,7
leiden_static,2023-01-01,tid_922,0
leiden_static,2023-01-01,tid_923,7
leiden_static,2023-01-01,tid_924,3
leiden_static,2023-01-01,tid_925,1
leiden_static,2023-01-01,tid_926,0
leiden_static,2023-01-01,tid_927,10
leiden_static,2023-01-01,tid_928,10
leiden_static,2023-01-01,tid_929,0
leiden_static,2023-01-01,tid_930,0
leiden_static,2023-01-01,tid_986,5
leiden_static,2023-01-01,tid_987,2
leiden_static,2023-01-01,tid_988,5
leiden_static,2023-01-01,tid_989,5
leiden_static,2023-01-01,tid_991,7
leiden_static,2023-01-01,tid_992,3
leiden_static,2023-01-01,tid_993,2
leiden_static,2023-01-01,tid_994,2
leiden_static,2023-01-01,tid_995,1
leiden_static,2023-01-01,tid_996,7
leiden_static,2023-01-01,tid_998,2
leiden_static,2023-01-01,tid_999,2
leiden_static,2023-06-01,tid_1,9
leiden_static,2023-06-01,tid_10,9
leiden_static,2023-06-01,tid_1001,5
leiden_static,2023-06-01,tid_1002,4
leiden_static,2023-06-01,tid_1003,4
leiden_static,2023-06-01,tid_1004,8
leiden_static,2023-06-01,tid_1005,5
leiden_static,2023-06-01,tid_1006,4
leiden_static,2023-06-01,tid_1007,9
leiden_static,2023-06-01,tid_1008,9
leiden_static,2023-06-01,tid_1009,5
leiden_static,2023-06-01,tid_1010,5
leiden_static,2023-06-01,tid_1011,1
leiden_static,2023-06-01,tid_1012,5
leiden_static,2023-06-01,tid_1013,1
leiden_static,2023-06-01,tid_1014,2
leiden_static,2023-06-01,tid_1015,4
leiden_static,2023-06-01,tid_1016,1
leiden_static,2023-06-01,tid_1017,4
leiden_static,2023-06-01,tid_1018,1
leiden_static,2023-06-01,tid_1019,5
leiden_static,2023-06-01,tid_1020,5
leiden_static,2023-06-01,tid_1021,5
leiden_static,2023-06-01,tid_1023,1
leiden_static,2023-06-01,tid_1024,1
leiden_static,2023-06-01,tid_1025,1
leiden_static,2023-06-01,tid_1026,5
leiden_static,2023-06-01,tid_1027,1
leiden_static,2023-06-01,tid_1028,1
leiden_static,2023-06-01,tid_1029,1
leiden_static,2023-06-01,tid_1030,1
leiden_static,2023-06-01,tid_1031,1
leiden_static,2023-06-01,tid_1032,1
leiden_static,2023-06-01,tid_1033,1
leiden_static,2023-06-01,tid_1034,4
leiden_static,2023-06-01,tid_1035,5
leiden_static,2023-06-01,tid_1036,1
leiden_static,2023-06-01,tid_1037,5
leiden_static,2023-06-01,tid_1038,1
leiden_static,2023-06-01,tid_1039,5
leiden_static,2023-06-01,tid_1040,1
leiden_static,2023-06-01,tid_1041,1
leiden_static,2023-06-01,tid_1044,1
leiden_static,2023-06-01,tid_1047,11
leiden_static,2023-06-01,tid_1048,2
leiden_static,2023-06-01,tid_1049,0
leiden_static,2023-06-01,tid_1051,0
leiden_static,2023-06-01,tid_1052,2
leiden_static,2023-06-01,tid_1053,2
leiden_static,2023-06-01,tid_1054,6
leiden_static,2023-06-01,tid_1055,2
leiden_static,2023-06-01,tid_1056,2
leiden_static,2023-06-01,tid_1057,11
leiden_static,2023-06-01,tid_1058,0
leiden_static,2023-06-01,tid_1059,0
leiden_static,2023-06-01,tid_1060,4
leiden_static,2023-06-01,tid_1061,0
leiden_static,2023-06-01,tid_1062,0
leiden_static,2023-06-01,tid_1063,0
leiden_static,2023-06-01,tid_1064,8
leiden_static,2023-06-01,tid_1065,8
leiden_static,2023-06-01,tid_1066,11
leiden_static,2023-06-01,tid_1067,8
leiden_static,2023-06-01,tid_1068,11
leiden_static,2023-06-01,tid_1069,2
leiden_static,2023-06-01,tid_1070,0
leiden_static,2023-06-01,tid_1071,0
leiden_static,2023-06-01,tid_1072,11
leiden_static,2023-06-01,tid_11,0
leiden_static,2023-06-01,tid_1107,6
leiden_static,2023-06-01,tid_1108,4
leiden_static,2023-06-01,tid_1109,0
leiden_static,2023-06-01,tid_1110,0
leiden_static,2023-06-01,tid_1111,0
leiden_static,2023-06-01,tid_1112,0
leiden_static,2023-06-01,tid_1113,4
leiden_static,2023-06-01,tid_1115,4
leiden_static,2023-06-01,tid_1116,8
leiden_static,2023-06-01,tid_1117,9
leiden_static,2023-06-01,tid_1118,4
leiden_static,2023-06-01,tid_1119,4
leiden_static,2023-06-01,tid_1120,4
leiden_static,2023-06-01,tid_1121,4
leiden_static,2023-06-01,tid_1122,2
leiden_static,2023-06-01,tid_1123,4
leiden_static,2023-06-01,tid_1124,4
leiden_static,2023-06-01,tid_1125,4
leiden_static,2023-06-01,tid_1126,4
leiden_static,2023-06-01,tid_1127,4
leiden_static,2023-06-01,tid_1128,4
leiden_static,2023-06-01,tid_1129,4
leiden_static,2023-06-01,tid_1130,4
leiden_static,2023-06-01,tid_1131,0
leiden_static,2023-06-01,tid_1132,4
leiden_static,2023-06-01,tid_1133,4
leiden_static,2023-06-01,tid_1134,7
leiden_static,2023-06-01,tid_1135,6
leiden_static,2023-06-01,tid_1136,6
leiden_static,2023-06-01,tid_1137,0
leiden_static,2023-06-01,tid_1138,5
leiden_static,2023-06-01,tid_1139,0
leiden_static,2023-06-01,tid_1140,6
leiden_static,2023-06-01,tid_1141,0
leiden_static,2023-06-01,tid_1142,0
leiden_static,2023-06-01,tid_1143,11
leiden_static,2023-06-01,tid_1144,8
leiden_static,2023-06-01,tid_1146,2
leiden_static,2023-06-01,tid_1147,3
leiden_static,2023-06-01,tid_1148,0
leiden_static,2023-06-01,tid_1149,0
leiden_static,2023-06-01,tid_1150,7
leiden_static,2023-06-01,tid_1151,0
leiden_static,2023-06-01,tid_1152,12
leiden_static,2023-06-01,tid_1153,0
leiden_static,2023-06-01,tid_1154,4
leiden_static,2023-06-01,tid_1155,0
leiden_static,2023-06-01,tid_1157,0
leiden_static,2023-06-01,tid_1158,0
leiden_static,2023-06-01,tid_1159,3
leiden_static,2023-06-01,tid_1160,0
leiden_static,2023-06-01,tid_1161,0
leiden_static,2023-06-01,tid_1163,0
leiden_static,2023-06-01,tid_1164,4
leiden_static,2023-06-01,tid_1165,0
leiden_static,2023-06-01,tid_1166,8
leiden_static,2023-06-01,tid_1167,0
leiden_static,2023-06-01,tid_1168,11
leiden_static,2023-06-01,tid_1169,6
leiden_static,2023-06-01,tid_1170,0
leiden_static,2023-06-01,tid_1171,0
leiden_static,2023-06-01,tid_1172,0
leiden_static,2023-06-01,tid_1173,3
leiden_static,2023-06-01,tid_1174,3
leiden_static,2023-06-01,tid_1175,3
leiden_static,2023-06-01,tid_1176,6
leiden_static,2023-06-01,tid_1178,6
leiden_static,2023-06-01,tid_1179,4
leiden_static,2023-06-01,tid_1180,3
leiden_static,2023-06-01,tid_1181,3
leiden_static,2023-06-01,tid_1184,3
leiden_static,2023-06-01,tid_1185,2
leiden_static,2023-06-01,tid_1186,6
leiden_static,2023-06-01,tid_1187,3
leiden_static,2023-06-01,tid_1188,6
leiden_static,2023-06-01,tid_1189,2
leiden_static,2023-06-01,tid_1190,6
leiden_static,2023-06-01,tid_1191,3
leiden_static,2023-06-01,tid_1192,2
leiden_static,2023-06-01,tid_1193,3
leiden_static,2023-06-01,tid_1194,6
leiden_static,2023-06-01,tid_1195,1
leiden_static,2023-06-01,tid_1196,2
leiden_static,2023-06-01,tid_1197,3
leiden_static,2023-06-01,tid_1198,9
leiden_static,2023-06-01,tid_12,0
leiden_static,2023-06-01,tid_1200,5
leiden_static,2023-06-01,tid_1201,8
leiden_static,2023-06-01,tid_1203,8
leiden_static,2023-06-01,tid_1204,8
leiden_static,2023-06-01,tid_1205,8
leiden_static,2023-06-01,tid_1206,4
leiden_static,2023-06-01,tid_1207,5
leiden_static,2023-06-01,tid_1208,8
leiden_static,2023-06-01,tid_1209,5
leiden_static,2023-06-01,tid_1210,5
leiden_static,2023-06-01,tid_1211,5
leiden_static,2023-06-01,tid_1212,5
leiden_static,2023-06-01,tid_1213,8
leiden_static,2023-06-01,tid_1214,4
leiden_static,2023-06-01,tid_1215,8
leiden_static,2023-06-01,tid_1217,5
leiden_static,2023-06-01,tid_1218,8
leiden_static,2023-06-01,tid_1219,4
leiden_static,2023-06-01,tid_1220,4
leiden_static,2023-06-01,tid_1221,5
leiden_static,2023-06-01,tid_1222,1
leiden_static,2023-06-01,tid_1223,1
leiden_static,2023-06-01,tid_1224,6
leiden_static,2023-06-01,tid_1225,6
leiden_static,2023-06-01,tid_1226,6
leiden_static,2023-06-01,tid_1227,3
leiden_static,2023-06-01,tid_1228,3
leiden_static,2023-06-01,tid_1229,6
leiden_static,2023-06-01,tid_1230,6
leiden_static,2023-06-01,tid_1231,6
leiden_static,2023-06-01,tid_1232,0
leiden_static,2023-06-01,tid_1233,6
leiden_static,2023-06-01,tid_1234,6
leiden_static,2023-06-01,tid_1235,6
leiden_static,2023-06-01,tid_1236,6
leiden_static,2023-06-01,tid_1237,0
leiden_static,2023-06-01,tid_1238,6
leiden_static,2023-06-01,tid_1240,0
leiden_static,2023-06-01,tid_1241,3
leiden_static,2023-06-01,tid_1242,2
leiden_static,2023-06-01,tid_1243,6
leiden_static,2023-06-01,tid_1244,2
leiden_static,2023-06-01,tid_1246,3
leiden_static,2023-06-01,tid_1249,3
leiden_static,2023-06-01,tid_1250,0
leiden_static,2023-06-01,tid_1251,3
leiden_static,2023-06-01,tid_1252,3
leiden_static,2023-06-01,tid_1253,2
leiden_static,2023-06-01,tid_1254,0
leiden_static,2023-06-01,tid_1256,0
leiden_static,2023-06-01,tid_1257,5
leiden_static,2023-06-01,tid_1258,6
leiden_static,2023-06-01,tid_1259,5
leiden_static,2023-06-01,tid_1260,0
leiden_static,2023-06-01,tid_1261,3
leiden_static,2023-06-01,tid_1262,3
leiden_static,2023-06-01,tid_1264,3
leiden_static,2023-06-01,tid_1265,3
leiden_static,2023-06-01,tid_1266,2
leiden_static,2023-06-01,tid_1267,3
leiden_static,2023-06-01,tid_1268,2
leiden_static,2023-06-01,tid_1269,2
leiden_static,2023-06-01,tid_1270,4
leiden_static,2023-06-01,tid_1271,2
leiden_static,2023-06-01,tid_1272,2
leiden_static,2023-06-01,tid_1273,2
leiden_static,2023-06-01,tid_1274,3
leiden_static,2023-06-01,tid_1275,0
leiden_static,2023-06-01,tid_1276,2
leiden_static,2023-06-01,tid_1277,2
leiden_static,2023-06-01,tid_1278,2
leiden_static,2023-06-01,tid_1279,2
leiden_static,2023-06-01,tid_1280,4
leiden_static,2023-06-01,tid_1281,11
leiden_static,2023-06-01,tid_1282,12
leiden_static,2023-06-01,tid_1284,2
leiden_static,2023-06-01,tid_1285,11
leiden_static,2023-06-01,tid_1286,4
leiden_static,2023-06-01,tid_1287,2
leiden_static,2023-06-01,tid_1288,2
leiden_static,2023-06-01,tid_1289,3
leiden_static,2023-06-01,tid_1290,2
leiden_static,2023-06-01,tid_1291,3
leiden_static,2023-06-01,tid_1292,2
leiden_static,2023-06-01,tid_1293,4
leiden_static,2023-06-01,tid_1294,3
leiden_static,2023-06-01,tid_1295,2
leiden_static,2023-06-01,tid_1296,2
leiden_static,2023-06-01,tid_1297,12
leiden_static,2023-06-01,tid_1298,2
leiden_static,2023-06-01,tid_1299,2
leiden_static,2023-06-01,tid_13,0
leiden_static,2023-06-01,tid_1300,2
leiden_static,2023-06-01,tid_1301,2
leiden_static,2023-06-01,tid_1302,3
leiden_static,2023-06-01,tid_1303,6
leiden_static,2023-06-01,tid_1304,4
leiden_static,2023-06-01,tid_1305,4
leiden_static,2023-06-01,tid_1306,4
leiden_static,2023-06-01,tid_1308,8
leiden_static,2023-06-01,tid_1309,8
leiden_static,2023-06-01,tid_1310,8
leiden_static,2023-06-01,tid_1311,2
leiden_static,2023-06-01,tid_1312,4
leiden_static,2023-06-01,tid_1313,8
leiden_static,2023-06-01,tid_1314,8
leiden_static,2023-06-01,tid_1315,5
leiden_static,2023-06-01,tid_1316,5
leiden_static,2023-06-01,tid_1317,1
leiden_static,2023-06-01,tid_1319,3
leiden_static,2023-06-01,tid_1320,8
leiden_static,2023-06-01,tid_1321,4
leiden_static,2023-06-01,tid_1322,1
leiden_static,2023-06-01,tid_1323,1
leiden_static,2023-06-01,tid_1324,1
leiden_static,2023-06-01,tid_1325,8
leiden_static,2023-06-01,tid_1326,2
leiden_static,2023-06-01,tid_1327,2
leiden_static,2023-06-01,tid_1328,8
leiden_static,2023-06-01,tid_1329,4
leiden_static,2023-06-01,tid_1330,4
leiden_static,2023-06-01,tid_1331,8
leiden_static,2023-06-01,tid_1333,6
leiden_static,2023-06-01,tid_1334,3
leiden_static,2023-06-01,tid_1335,3
leiden_static,2023-06-01,tid_1336,1
leiden_static,2023-06-01,tid_1337,2
leiden_static,2023-06-01,tid_1338,4
leiden_static,2023-06-01,tid_1339,2
leiden_static,2023-06-01,tid_1340,1
leiden_static,2023-06-01,tid_1341,4
leiden_static,2023-06-01,tid_1343,2
leiden_static,2023-06-01,tid_1344,1
leiden_static,2023-06-01,tid_1345,1
leiden_static,2023-06-01,tid_1346,2
leiden_static,2023-06-01,tid_1347,4
leiden_static,2023-06-01,tid_1348,1
leiden_static,2023-06-01,tid_1349,2
leiden_static,2023-06-01,tid_1350,1
leiden_static,2023-06-01,tid_1351,3
leiden_static,2023-06-01,tid_1352,2
leiden_static,2023-06-01,tid_1353,1
leiden_static,2023-06-01,tid_1355,2
leiden_static,2023-06-01,tid_1356,2
leiden_static,2023-06-01,tid_1357,2
leiden_static,2023-06-01,tid_1358,2
leiden_static,2023-06-01,tid_1392,0
leiden_static,2023-06-01,tid_1393,11
leiden_static,2023-06-01,tid_1394,0
leiden_static,2023-06-01,tid_1395,7
leiden_static,2023-06-01,tid_1396,9
leiden_static,2023-06-01,tid_1397,9
leiden_static,2023-06-01,tid_1398,0
leiden_static,2023-06-01,tid_1399,0
leiden_static,2023-06-01,tid_14,0
leiden_static,2023-06-01,tid_1400,9
leiden_static,2023-06-01,tid_1401,0
leiden_static,2023-06-01,tid_1402,9
leiden_static,2023-06-01,tid_1403,9
leiden_static,2023-06-01,tid_1404,0
leiden_static,2023-06-01,tid_1405,5
leiden_static,2023-06-01,tid_1406,11
leiden_static,2023-06-01,tid_1407,0
leiden_static,2023-06-01,tid_1408,9
leiden_static,2023-06-01,tid_1409,9
leiden_static,2023-06-01,tid_1410,9
leiden_static,2023-06-01,tid_1411,5
leiden_static,2023-06-01,tid_1412,1
leiden_static,2023-06-01,tid_1413,5
leiden_static,2023-06-01,tid_1414,5
leiden_static,2023-06-01,tid_1415,8
leiden_static,2023-06-01,tid_1416,1
leiden_static,2023-06-01,tid_1417,1
leiden_static,2023-06-01,tid_1419,1
leiden_static,2023-06-01,tid_1420,1
leiden_static,2023-06-01,tid_1421,1
leiden_static,2023-06-01,tid_1422,5
leiden_static,2023-06-01,tid_1423,8
leiden_static,2023-06-01,tid_1425,0
leiden_static,2023-06-01,tid_1426,1
leiden_static,2023-06-01,tid_1427,5
leiden_static,2023-06-01,tid_1428,1
leiden_static,2023-06-01,tid_1429,1
leiden_static,2023-06-01,tid_1430,0
leiden_static,2023-06-01,tid_1431,4
leiden_static,2023-06-01,tid_1438,4
leiden_static,2023-06-01,tid_1439,7
leiden_static,2023-06-01,tid_1440,9
leiden_static,2023-06-01,tid_1443,7
leiden_static,2023-06-01,tid_1444,7
leiden_static,2023-06-01,tid_1445,7
leiden_static,2023-06-01,tid_1446,9
leiden_static,2023-06-01,tid_1447,9
leiden_static,2023-06-01,tid_1448,7
leiden_static,2023-06-01,tid_1449,0
leiden_static,2023-06-01,tid_1453,9
leiden_static,2023-06-01,tid_1454,9
leiden_static,2023-06-01,tid_1456,7
leiden_static,2023-06-01,tid_1457,7
leiden_static,2023-06-01,tid_1459,7
leiden_static,2023-06-01,tid_1461,9
leiden_static,2023-06-01,tid_1463,9
leiden_static,2023-06-01,tid_1464,9
leiden_static,2023-06-01,tid_1465,7
leiden_static,2023-06-01,tid_1467,7
leiden_static,2023-06-01,tid_1468,9
leiden_static,2023-06-01,tid_1472,9
leiden_static,2023-06-01,tid_1473,5
leiden_static,2023-06-01,tid_1474,5
leiden_static,2023-06-01,tid_1475,10
leiden_static,2023-06-01,tid_1477,5
leiden_static,2023-06-01,tid_1478,5
leiden_static,2023-06-01,tid_1480,9
leiden_static,2023-06-01,tid_1481,9
leiden_static,2023-06-01,tid_1483,5
leiden_static,2023-06-01,tid_1484,9
leiden_static,2023-06-01,tid_1486,5
leiden_static,2023-06-01,tid_1488,9
leiden_static,2023-06-01,tid_1489,5
leiden_static,2023-06-01,tid_1490,9
leiden_static,2023-06-01,tid_1491,9
leiden_static,2023-06-01,tid_1492,9
leiden_static,2023-06-01,tid_1493,7
leiden_static,2023-06-01,tid_1494,5
leiden_static,2023-06-01,tid_1495,9
leiden_static,2023-06-01,tid_1496,9
leiden_static,2023-06-01,tid_15,0
leiden_static,2023-06-01,tid_1500,9
leiden_static,2023-06-01,tid_1501,9
leiden_static,2023-06-01,tid_1504,5
leiden_static,2023-06-01,tid_1506,9
leiden_static,2023-06-01,tid_1507,0
leiden_static,2023-06-01,tid_1508,0
leiden_static,2023-06-01,tid_1509,0
leiden_static,2023-06-01,tid_1510,0
leiden_static,2023-06-01,tid_1511,0
leiden_static,2023-06-01,tid_1512,0
leiden_static,2023-06-01,tid_1518,0
leiden_static,2023-06-01,tid_1519,0
leiden_static,2023-06-01,tid_1520,4
leiden_static,2023-06-01,tid_1521,0
leiden_static,2023-06-01,tid_1522,4
leiden_static,2023-06-01,tid_1523,9
leiden_static,2023-06-01,tid_1525,6
leiden_static,2023-06-01,tid_1526,5
leiden_static,2023-06-01,tid_1527,6
leiden_static,2023-06-01,tid_1528,5
leiden_static,2023-06-01,tid_1529,4
leiden_static,2023-06-01,tid_1530,5
leiden_static,2023-06-01,tid_1532,5
leiden_static,2023-06-01,tid_1533,2
leiden_static,2023-06-01,tid_1534,1
leiden_static,2023-06-01,tid_1535,11
leiden_static,2023-06-01,tid_1536,4
leiden_static,2023-06-01,tid_1537,8
leiden_static,2023-06-01,tid_1539,5
leiden_static,2023-06-01,tid_1540,5
leiden_static,2023-06-01,tid_1541,1
leiden_static,2023-06-01,tid_1542,4
leiden_static,2023-06-01,tid_1543,1
leiden_static,2023-06-01,tid_1544,8
leiden_static,2023-06-01,tid_1545,1
leiden_static,2023-06-01,tid_1546,4
leiden_static,2023-06-01,tid_1547,1
leiden_static,2023-06-01,tid_1548,1
leiden_static,2023-06-01,tid_1549,11
leiden_static,2023-06-01,tid_1550,4
leiden_static,2023-06-01,tid_1551,1
leiden_static,2023-06-01,tid_1552,1
leiden_static,2023-06-01,tid_1553,5
leiden_static,2023-06-01,tid_1554,8
leiden_static,2023-06-01,tid_1555,8
leiden_static,2023-06-01,tid_1556,4
leiden_static,2023-06-01,tid_1557,4
leiden_static,2023-06-01,tid_1558,8
leiden_static,2023-06-01,tid_1559,1
leiden_static,2023-06-01,tid_1560,9
leiden_static,2023-06-01,tid_1561,1
leiden_static,2023-06-01,tid_1562,5
leiden_static,2023-06-01,tid_1563,5
leiden_static,2023-06-01,tid_1564,1
leiden_static,2023-06-01,tid_1565,5
leiden_static,2023-06-01,tid_1566,5
leiden_static,2023-06-01,tid_1567,1
leiden_static,2023-06-01,tid_1568,5
leiden_static,2023-06-01,tid_1569,1
leiden_static,2023-06-01,tid_1570,8
leiden_static,2023-06-01,tid_1571,8
leiden_static,2023-06-01,tid_1572,0
leiden_static,2023-06-01,tid_1573,8
leiden_static,2023-06-01,tid_1574,4
leiden_static,2023-06-01,tid_1575,6
leiden_static,2023-06-01,tid_1577,5
leiden_static,2023-06-01,tid_1578,0
leiden_static,2023-06-01,tid_1579,4
leiden_static,2023-06-01,tid_1580,8
leiden_static,2023-06-01,tid_1581,8
leiden_static,2023-06-01,tid_1582,8
leiden_static,2023-06-01,tid_1583,4
leiden_static,2023-06-01,tid_1584,0
leiden_static,2023-06-01,tid_1585,8
leiden_static,2023-06-01,tid_1586,6
leiden_static,2023-06-01,tid_1587,8
leiden_static,2023-06-01,tid_1588,11
leiden_static,2023-06-01,tid_1589,5
leiden_static,2023-06-01,tid_1590,8
leiden_static,2023-06-01,tid_1591,8
leiden_static,2023-06-01,tid_1592,5
leiden_static,2023-06-01,tid_1593,8
leiden_static,2023-06-01,tid_1594,4
leiden_static,2023-06-01,tid_1595,4
leiden_static,2023-06-01,tid_1596,8
leiden_static,2023-06-01,tid_1597,6
leiden_static,2023-06-01,tid_1598,9
leiden_static,2023-06-01,tid_1599,6
leiden_static,2023-06-01,tid_16,0
leiden_static,2023-06-01,tid_1600,6
leiden_static,2023-06-01,tid_1601,7
leiden_static,2023-06-01,tid_1602,2
leiden_static,2023-06-01,tid_1603,0
leiden_static,2023-06-01,tid_1604,0
leiden_static,2023-06-01,tid_1605,8
leiden_static,2023-06-01,tid_1606,4
leiden_static,2023-06-01,tid_1607,8
leiden_static,2023-06-01,tid_1608,4
leiden_static,2023-06-01,tid_1609,0
leiden_static,2023-06-01,tid_1610,4
leiden_static,2023-06-01,tid_1611,2
leiden_static,2023-06-01,tid_1612,11
leiden_static,2023-06-01,tid_1613,1
leiden_static,2023-06-01,tid_1614,2
leiden_static,2023-06-01,tid_1615,6
leiden_static,2023-06-01,tid_1616,8
leiden_static,2023-06-01,tid_1617,8
leiden_static,2023-06-01,tid_1618,5
leiden_static,2023-06-01,tid_1619,0
leiden_static,2023-06-01,tid_1620,7
leiden_static,2023-06-01,tid_1621,2
leiden_static,2023-06-01,tid_1622,4
leiden_static,2023-06-01,tid_1623,0
leiden_static,2023-06-01,tid_1624,4
leiden_static,2023-06-01,tid_1625,2
leiden_static,2023-06-01,tid_1626,1
leiden_static,2023-06-01,tid_1627,4
leiden_static,2023-06-01,tid_1628,2
leiden_static,2023-06-01,tid_1629,2
leiden_static,2023-06-01,tid_1630,2
leiden_static,2023-06-01,tid_1631,0
leiden_static,2023-06-01,tid_1632,6
leiden_static,2023-06-01,tid_1633,0
leiden_static,2023-06-01,tid_1634,4
leiden_static,2023-06-01,tid_1635,3
leiden_static,2023-06-01,tid_1636,2
leiden_static,2023-06-01,tid_1637,2
leiden_static,2023-06-01,tid_1638,0
leiden_static,2023-06-01,tid_1639,2
leiden_static,2023-06-01,tid_1640,2
leiden_static,2023-06-01,tid_1641,4
leiden_static,2023-06-01,tid_1642,1
leiden_static,2023-06-01,tid_1643,0
leiden_static,2023-06-01,tid_1644,2
leiden_static,2023-06-01,tid_1645,3
leiden_static,2023-06-01,tid_1646,2
leiden_static,2023-06-01,tid_1647,2
leiden_static,2023-06-01,tid_1648,8
leiden_static,2023-06-01,tid_1649,2
leiden_static,2023-06-01,tid_1650,2
leiden_static,2023-06-01,tid_1651,2
leiden_static,2023-06-01,tid_1652,6
leiden_static,2023-06-01,tid_1653,2
leiden_static,2023-06-01,tid_1654,2
leiden_static,2023-06-01,tid_1655,2
leiden_static,2023-06-01,tid_1656,2
leiden_static,2023-06-01,tid_1657,2
leiden_static,2023-06-01,tid_1658,4
leiden_static,2023-06-01,tid_1659,0
leiden_static,2023-06-01,tid_1660,8
leiden_static,2023-06-01,tid_1661,3
leiden_static,2023-06-01,tid_1662,12
leiden_static,2023-06-01,tid_1663,4
leiden_static,2023-06-01,tid_1664,2
leiden_static,2023-06-01,tid_1665,6
leiden_static,2023-06-01,tid_1666,1
leiden_static,2023-06-01,tid_1667,5
leiden_static,2023-06-01,tid_1668,6
leiden_static,2023-06-01,tid_1669,4
leiden_static,2023-06-01,tid_167,7
leiden_static,2023-06-01,tid_1670,4
leiden_static,2023-06-01,tid_1671,5
leiden_static,2023-06-01,tid_1672,0
leiden_static,2023-06-01,tid_1673,0
leiden_static,2023-06-01,tid_1674,0
leiden_static,2023-06-01,tid_1675,6
leiden_static,2023-06-01,tid_1676,4
leiden_static,2023-06-01,tid_1678,8
leiden_static,2023-06-01,tid_1679,4
leiden_static,2023-06-01,tid_168,7
leiden_static,2023-06-01,tid_1680,0
leiden_static,2023-06-01,tid_1681,1
leiden_static,2023-06-01,tid_1682,3
leiden_static,2023-06-01,tid_1683,6
leiden_static,2023-06-01,tid_1685,1
leiden_static,2023-06-01,tid_1686,4
leiden_static,2023-06-01,tid_1687,11
leiden_static,2023-06-01,tid_1688,4
leiden_static,2023-06-01,tid_1689,2
leiden_static,2023-06-01,tid_169,9
leiden_static,2023-06-01,tid_1690,8
leiden_static,2023-06-01,tid_1691,3
leiden_static,2023-06-01,tid_1692,4
leiden_static,2023-06-01,tid_1693,3
leiden_static,2023-06-01,tid_1694,4
leiden_static,2023-06-01,tid_1696,0
leiden_static,2023-06-01,tid_1697,2
leiden_static,2023-06-01,tid_1698,8
leiden_static,2023-06-01,tid_1699,2
leiden_static,2023-06-01,tid_17,0
leiden_static,2023-06-01,tid_1700,0
leiden_static,2023-06-01,tid_1701,4
leiden_static,2023-06-01,tid_1702,1
leiden_static,2023-06-01,tid_1703,3
leiden_static,2023-06-01,tid_1704,0
leiden_static,2023-06-01,tid_1705,4
leiden_static,2023-06-01,tid_1706,5
leiden_static,2023-06-01,tid_1707,6
leiden_static,2023-06-01,tid_1708,5
leiden_static,2023-06-01,tid_1709,5
leiden_static,2023-06-01,tid_1710,5
leiden_static,2023-06-01,tid_1711,4
leiden_static,2023-06-01,tid_1712,8
leiden_static,2023-06-01,tid_1714,1
leiden_static,2023-06-01,tid_1715,8
leiden_static,2023-06-01,tid_1717,1
leiden_static,2023-06-01,tid_1718,8
leiden_static,2023-06-01,tid_1719,5
leiden_static,2023-06-01,tid_1722,1
leiden_static,2023-06-01,tid_1724,1
leiden_static,2023-06-01,tid_1725,1
leiden_static,2023-06-01,tid_1726,9
leiden_static,2023-06-01,tid_1727,1
leiden_static,2023-06-01,tid_1728,4
leiden_static,2023-06-01,tid_173,9
leiden_static,2023-06-01,tid_1730,4
leiden_static,2023-06-01,tid_1731,11
leiden_static,2023-06-01,tid_1732,1
leiden_static,2023-06-01,tid_1733,4
leiden_static,2023-06-01,tid_1737,1
leiden_static,2023-06-01,tid_1738,1
leiden_static,2023-06-01,tid_1739,1
leiden_static,2023-06-01,tid_1740,5
leiden_static,2023-06-01,tid_1741,1
leiden_static,2023-06-01,tid_1742,5
leiden_static,2023-06-01,tid_1743,1
leiden_static,2023-06-01,tid_1744,1
leiden_static,2023-06-01,tid_1745,1
leiden_static,2023-06-01,tid_1746,1
leiden_static,2023-06-01,tid_1747,1
leiden_static,2023-06-01,tid_1749,1
leiden_static,2023-06-01,tid_1750,1
leiden_static,2023-06-01,tid_1751,1
leiden_static,2023-06-01,tid_1752,5
leiden_static,2023-06-01,tid_1753,1
leiden_static,2023-06-01,tid_1754,3
leiden_static,2023-06-01,tid_1755,1
leiden_static,2023-06-01,tid_1756,1
leiden_static,2023-06-01,tid_1757,1
leiden_static,2023-06-01,tid_1758,9
leiden_static,2023-06-01,tid_1759,1
leiden_static,2023-06-01,tid_1760,1
leiden_static,2023-06-01,tid_1761,1
leiden_static,2023-06-01,tid_1762,1
leiden_static,2023-06-01,tid_1764,6
leiden_static,2023-06-01,tid_1765,5
leiden_static,2023-06-01,tid_1766,2
leiden_static,2023-06-01,tid_1768,0
leiden_static,2023-06-01,tid_1769,8
leiden_static,2023-06-01,tid_1770,8
leiden_static,2023-06-01,tid_1771,8
leiden_static,2023-06-01,tid_1773,8
leiden_static,2023-06-01,tid_1774,8
leiden_static,2023-06-01,tid_1775,8
leiden_static,2023-06-01,tid_1776,4
leiden_static,2023-06-01,tid_1777,8
leiden_static,2023-06-01,tid_1778,0
leiden_static,2023-06-01,tid_1780,4
leiden_static,2023-06-01,tid_1781,4
leiden_static,2023-06-01,tid_1782,8
leiden_static,2023-06-01,tid_1783,9
leiden_static,2023-06-01,tid_1784,8
leiden_static,2023-06-01,tid_1785,5
leiden_static,2023-06-01,tid_1786,11
leiden_static,2023-06-01,tid_1787,11
leiden_static,2023-06-01,tid_1788,0
leiden_static,2023-06-01,tid_18,0
leiden_static,2023-06-01,tid_181,1
leiden_static,2023-06-01,tid_184,8
leiden_static,2023-06-01,tid_1845,9
leiden_static,2023-06-01,tid_1846,5
leiden_static,2023-06-01,tid_1848,1
leiden_static,2023-06-01,tid_1849,1
leiden_static,2023-06-01,tid_185,7
leiden_static,2023-06-01,tid_1850,4
leiden_static,2023-06-01,tid_1851,8
leiden_static,2023-06-01,tid_1852,8
leiden_static,2023-06-01,tid_1853,4
leiden_static,2023-06-01,tid_1854,8
leiden_static,2023-06-01,tid_1855,4
leiden_static,2023-06-01,tid_1856,1
leiden_static,2023-06-01,tid_1857,8
leiden_static,2023-06-01,tid_1858,4
leiden_static,2023-06-01,tid_1859,4
leiden_static,2023-06-01,tid_1860,8
leiden_static,2023-06-01,tid_1861,4
leiden_static,2023-06-01,tid_1862,1
leiden_static,2023-06-01,tid_1863,5
leiden_static,2023-06-01,tid_1864,1
leiden_static,2023-06-01,tid_1865,8
leiden_static,2023-06-01,tid_1868,4
leiden_static,2023-06-01,tid_1869,4
leiden_static,2023-06-01,tid_1870,1
leiden_static,2023-06-01,tid_1871,4
leiden_static,2023-06-01,tid_1872,1
leiden_static,2023-06-01,tid_1873,4
leiden_static,2023-06-01,tid_1874,7
leiden_static,2023-06-01,tid_1875,0
leiden_static,2023-06-01,tid_1876,5
leiden_static,2023-06-01,tid_1877,9
leiden_static,2023-06-01,tid_1878,4
leiden_static,2023-06-01,tid_1879,5
leiden_static,2023-06-01,tid_188,1
leiden_static,2023-06-01,tid_1880,5
leiden_static,2023-06-01,tid_1881,9
leiden_static,2023-06-01,tid_1883,5
leiden_static,2023-06-01,tid_1884,8
leiden_static,2023-06-01,tid_1885,5
leiden_static,2023-06-01,tid_1886,4
leiden_static,2023-06-01,tid_1887,1
leiden_static,2023-06-01,tid_1888,8
leiden_static,2023-06-01,tid_1889,4
leiden_static,2023-06-01,tid_1890,9
leiden_static,2023-06-01,tid_1891,8
leiden_static,2023-06-01,tid_1892,2
leiden_static,2023-06-01,tid_1893,5
leiden_static,2023-06-01,tid_1894,4
leiden_static,2023-06-01,tid_1895,5
leiden_static,2023-06-01,tid_1896,8
leiden_static,2023-06-01,tid_1897,1
leiden_static,2023-06-01,tid_1898,4
leiden_static,2023-06-01,tid_1899,5
leiden_static,2023-06-01,tid_19,8
leiden_static,2023-06-01,tid_1900,4
leiden_static,2023-06-01,tid_1901,8
leiden_static,2023-06-01,tid_1902,8
leiden_static,2023-06-01,tid_1903,4
leiden_static,2023-06-01,tid_1904,5
leiden_static,2023-06-01,tid_1905,0
leiden_static,2023-06-01,tid_1906,5
leiden_static,2023-06-01,tid_1907,8
leiden_static,2023-06-01,tid_1908,1
leiden_static,2023-06-01,tid_1909,1
leiden_static,2023-06-01,tid_191,9
leiden_static,2023-06-01,tid_1910,8
leiden_static,2023-06-01,tid_1912,5
leiden_static,2023-06-01,tid_1915,1
leiden_static,2023-06-01,tid_1916,1
leiden_static,2023-06-01,tid_1917,5
leiden_static,2023-06-01,tid_1918,1
leiden_static,2023-06-01,tid_1919,6
leiden_static,2023-06-01,tid_1920,1
leiden_static,2023-06-01,tid_1921,1
leiden_static,2023-06-01,tid_1922,5
leiden_static,2023-06-01,tid_1923,4
leiden_static,2023-06-01,tid_1924,1
leiden_static,2023-06-01,tid_1925,1
leiden_static,2023-06-01,tid_1926,1
leiden_static,2023-06-01,tid_1927,1
leiden_static,2023-06-01,tid_1928,1
leiden_static,2023-06-01,tid_1929,1
leiden_static,2023-06-01,tid_1930,5
leiden_static,2023-06-01,tid_1931,5
leiden_static,2023-06-01,tid_1932,5
leiden_static,2023-06-01,tid_1933,1
leiden_static,2023-06-01,tid_1934,5
leiden_static,2023-06-01,tid_1935,1
leiden_static,2023-06-01,tid_1936,5
leiden_static,2023-06-01,tid_1937,8
leiden_static,2023-06-01,tid_1938,8
leiden_static,2023-06-01,tid_1939,5
leiden_static,2023-06-01,tid_194,7
leiden_static,2023-06-01,tid_1940,1
leiden_static,2023-06-01,tid_1941,1
leiden_static,2023-06-01,tid_1942,1
leiden_static,2023-06-01,tid_1943,1
leiden_static,2023-06-01,tid_1944,5
leiden_static,2023-06-01,tid_1945,1
leiden_static,2023-06-01,tid_1947,4
leiden_static,2023-06-01,tid_1948,2
leiden_static,2023-06-01,tid_1949,1
leiden_static,2023-06-01,tid_195,9
leiden_static,2023-06-01,tid_1950,4
leiden_static,2023-06-01,tid_1951,4
leiden_static,2023-06-01,tid_1952,9
leiden_static,2023-06-01,tid_1954,2
leiden_static,2023-06-01,tid_1955,3
leiden_static,2023-06-01,tid_1956,3
leiden_static,2023-06-01,tid_1957,3
leiden_static,2023-06-01,tid_1958,0
leiden_static,2023-06-01,tid_1959,12
leiden_static,2023-06-01,tid_196,7
leiden_static,2023-06-01,tid_1960,3
leiden_static,2023-06-01,tid_1961,3
leiden_static,2023-06-01,tid_1962,3
leiden_static,2023-06-01,tid_1963,3
leiden_static,2023-06-01,tid_1965,2
leiden_static,2023-06-01,tid_1966,12
leiden_static,2023-06-01,tid_1967,3
leiden_static,2023-06-01,tid_1968,3
leiden_static,2023-06-01,tid_1969,3
leiden_static,2023-06-01,tid_1970,0
leiden_static,2023-06-01,tid_1971,7
leiden_static,2023-06-01,tid_1972,3
leiden_static,2023-06-01,tid_1973,4
leiden_static,2023-06-01,tid_1974,0
leiden_static,2023-06-01,tid_1975,4
leiden_static,2023-06-01,tid_1976,4
leiden_static,2023-06-01,tid_1977,9
leiden_static,2023-06-01,tid_1978,0
leiden_static,2023-06-01,tid_1979,9
leiden_static,2023-06-01,tid_198,9
leiden_static,2023-06-01,tid_1980,5
leiden_static,2023-06-01,tid_1981,0
leiden_static,2023-06-01,tid_1982,5
leiden_static,2023-06-01,tid_1983,0
leiden_static,2023-06-01,tid_1984,4
leiden_static,2023-06-01,tid_1985,0
leiden_static,2023-06-01,tid_1986,6
leiden_static,2023-06-01,tid_1987,0
leiden_static,2023-06-01,tid_1988,4
leiden_static,2023-06-01,tid_1989,4
leiden_static,2023-06-01,tid_1990,0
leiden_static,2023-06-01,tid_1991,0
leiden_static,2023-06-01,tid_1992,4
leiden_static,2023-06-01,tid_1993,6
leiden_static,2023-06-01,tid_1994,4
leiden_static,2023-06-01,tid_1995,6
leiden_static,2023-06-01,tid_1996,4
leiden_static,2023-06-01,tid_1997,4
leiden_static,2023-06-01,tid_1999,0
leiden_static,2023-06-01,tid_2,9
leiden_static,2023-06-01,tid_20,0
leiden_static,2023-06-01,tid_2000,6
leiden_static,2023-06-01,tid_2001,4
leiden_static,2023-06-01,tid_2002,0
leiden_static,2023-06-01,tid_2004,6
leiden_static,2023-06-01,tid_2005,0
leiden_static,2023-06-01,tid_2006,6
leiden_static,2023-06-01,tid_2007,4
leiden_static,2023-06-01,tid_2008,0
leiden_static,2023-06-01,tid_2009,4
leiden_static,2023-06-01,tid_201,9
leiden_static,2023-06-01,tid_2010,0
leiden_static,2023-06-01,tid_2011,0
leiden_static,2023-06-01,tid_2012,5
leiden_static,2023-06-01,tid_2015,2
leiden_static,2023-06-01,tid_2017,3
leiden_static,2023-06-01,tid_2018,2
leiden_static,2023-06-01,tid_2019,0
leiden_static,2023-06-01,tid_2021,5
leiden_static,2023-06-01,tid_2022,2
leiden_static,2023-06-01,tid_2023,11
leiden_static,2023-06-01,tid_2024,6
leiden_static,2023-06-01,tid_2025,3
leiden_static,2023-06-01,tid_2027,11
leiden_static,2023-06-01,tid_2028,5
leiden_static,2023-06-01,tid_203,5
leiden_static,2023-06-01,tid_2030,2
leiden_static,2023-06-01,tid_2031,4
leiden_static,2023-06-01,tid_2032,6
leiden_static,2023-06-01,tid_2033,6
leiden_static,2023-06-01,tid_2034,0
leiden_static,2023-06-01,tid_2035,4
leiden_static,2023-06-01,tid_2036,2
leiden_static,2023-06-01,tid_2037,2
leiden_static,2023-06-01,tid_2039,11
leiden_static,2023-06-01,tid_204,9
leiden_static,2023-06-01,tid_2040,0
leiden_static,2023-06-01,tid_2041,0
leiden_static,2023-06-01,tid_2042,2
leiden_static,2023-06-01,tid_2043,2
leiden_static,2023-06-01,tid_2044,9
leiden_static,2023-06-01,tid_2045,0
leiden_static,2023-06-01,tid_2046,8
leiden_static,2023-06-01,tid_2047,5
leiden_static,2023-06-01,tid_2048,5
leiden_static,2023-06-01,tid_2049,2
leiden_static,2023-06-01,tid_205,9
leiden_static,2023-06-01,tid_2050,8
leiden_static,2023-06-01,tid_2051,4
leiden_static,2023-06-01,tid_2052,4
leiden_static,2023-06-01,tid_2053,8
leiden_static,2023-06-01,tid_2054,2
leiden_static,2023-06-01,tid_2055,4
leiden_static,2023-06-01,tid_2056,1
leiden_static,2023-06-01,tid_2057,2
leiden_static,2023-06-01,tid_2058,8
leiden_static,2023-06-01,tid_2059,8
leiden_static,2023-06-01,tid_206,6
leiden_static,2023-06-01,tid_2060,5
leiden_static,2023-06-01,tid_2061,1
leiden_static,2023-06-01,tid_2062,5
leiden_static,2023-06-01,tid_2063,9
leiden_static,2023-06-01,tid_2064,4
leiden_static,2023-06-01,tid_2065,1
leiden_static,2023-06-01,tid_2066,8
leiden_static,2023-06-01,tid_2067,1
leiden_static,2023-06-01,tid_2068,8
leiden_static,2023-06-01,tid_2069,4
leiden_static,2023-06-01,tid_207,0
leiden_static,2023-06-01,tid_2070,4
leiden_static,2023-06-01,tid_2072,1
leiden_static,2023-06-01,tid_2073,4
leiden_static,2023-06-01,tid_2074,5
leiden_static,2023-06-01,tid_2075,1
leiden_static,2023-06-01,tid_2076,1
leiden_static,2023-06-01,tid_2077,1
leiden_static,2023-06-01,tid_2078,1
leiden_static,2023-06-01,tid_2079,1
leiden_static,2023-06-01,tid_208,0
leiden_static,2023-06-01,tid_2080,1
leiden_static,2023-06-01,tid_2081,1
leiden_static,2023-06-01,tid_2082,1
leiden_static,2023-06-01,tid_2085,1
leiden_static,2023-06-01,tid_2087,1
leiden_static,2023-06-01,tid_2088,1
leiden_static,2023-06-01,tid_2089,1
leiden_static,2023-06-01,tid_209,0
leiden_static,2023-06-01,tid_2090,1
leiden_static,2023-06-01,tid_2091,1
leiden_static,2023-06-01,tid_2093,1
leiden_static,2023-06-01,tid_2094,1
leiden_static,2023-06-01,tid_2095,1
leiden_static,2023-06-01,tid_2096,1
leiden_static,2023-06-01,tid_2098,1
leiden_static,2023-06-01,tid_21,6
leiden_static,2023-06-01,tid_210,4
leiden_static,2023-06-01,tid_2100,5
leiden_static,2023-06-01,tid_2101,9
leiden_static,2023-06-01,tid_2105,4
leiden_static,2023-06-01,tid_2108,5
leiden_static,2023-06-01,tid_2109,5
leiden_static,2023-06-01,tid_211,0
leiden_static,2023-06-01,tid_2110,5
leiden_static,2023-06-01,tid_2111,4
leiden_static,2023-06-01,tid_2112,4
leiden_static,2023-06-01,tid_2113,5
leiden_static,2023-06-01,tid_2114,4
leiden_static,2023-06-01,tid_2116,8
leiden_static,2023-06-01,tid_2117,11
leiden_static,2023-06-01,tid_2118,8
leiden_static,2023-06-01,tid_2119,9
leiden_static,2023-06-01,tid_212,5
leiden_static,2023-06-01,tid_2120,5
leiden_static,2023-06-01,tid_2121,4
leiden_static,2023-06-01,tid_2122,4
leiden_static,2023-06-01,tid_2124,5
leiden_static,2023-06-01,tid_2125,1
leiden_static,2023-06-01,tid_2126,5
leiden_static,2023-06-01,tid_2127,8
leiden_static,2023-06-01,tid_2128,8
leiden_static,2023-06-01,tid_2129,8
leiden_static,2023-06-01,tid_213,11
leiden_static,2023-06-01,tid_2130,0
leiden_static,2023-06-01,tid_2131,4
leiden_static,2023-06-01,tid_2132,8
leiden_static,2023-06-01,tid_2133,8
leiden_static,2023-06-01,tid_2134,4
leiden_static,2023-06-01,tid_2136,0
leiden_static,2023-06-01,tid_2137,8
leiden_static,2023-06-01,tid_2138,8
leiden_static,2023-06-01,tid_2139,4
leiden_static,2023-06-01,tid_214,11
leiden_static,2023-06-01,tid_2140,1
leiden_static,2023-06-01,tid_2142,1
leiden_static,2023-06-01,tid_2143,8
leiden_static,2023-06-01,tid_2144,6
leiden_static,2023-06-01,tid_2145,4
leiden_static,2023-06-01,tid_2146,0
leiden_static,2023-06-01,tid_2148,3
leiden_static,2023-06-01,tid_2149,2
leiden_static,2023-06-01,tid_215,11
leiden_static,2023-06-01,tid_2150,8
leiden_static,2023-06-01,tid_2151,11
leiden_static,2023-06-01,tid_2152,8
leiden_static,2023-06-01,tid_2153,1
leiden_static,2023-06-01,tid_2154,2
leiden_static,2023-06-01,tid_2155,2
leiden_static,2023-06-01,tid_2156,1
leiden_static,2023-06-01,tid_2157,2
leiden_static,2023-06-01,tid_2158,4
leiden_static,2023-06-01,tid_2159,2
leiden_static,2023-06-01,tid_216,11
leiden_static,2023-06-01,tid_2160,8
leiden_static,2023-06-01,tid_2161,6
leiden_static,2023-06-01,tid_2162,8
leiden_static,2023-06-01,tid_2163,2
leiden_static,2023-06-01,tid_2164,9
leiden_static,2023-06-01,tid_2165,5
leiden_static,2023-06-01,tid_2167,5
leiden_static,2023-06-01,tid_2168,5
leiden_static,2023-06-01,tid_2169,9
leiden_static,2023-06-01,tid_217,11
leiden_static,2023-06-01,tid_2171,5
leiden_static,2023-06-01,tid_2172,1
leiden_static,2023-06-01,tid_2173,5
leiden_static,2023-06-01,tid_2174,4
leiden_static,2023-06-01,tid_2175,1
leiden_static,2023-06-01,tid_2176,4
leiden_static,2023-06-01,tid_2177,5
leiden_static,2023-06-01,tid_2178,4
leiden_static,2023-06-01,tid_2179,5
leiden_static,2023-06-01,tid_218,6
leiden_static,2023-06-01,tid_2180,4
leiden_static,2023-06-01,tid_2181,1
leiden_static,2023-06-01,tid_2182,1
leiden_static,2023-06-01,tid_2183,5
leiden_static,2023-06-01,tid_2184,1
leiden_static,2023-06-01,tid_2185,1
leiden_static,2023-06-01,tid_2186,5
leiden_static,2023-06-01,tid_2187,11
leiden_static,2023-06-01,tid_2188,5
leiden_static,2023-06-01,tid_2189,4
leiden_static,2023-06-01,tid_219,11
leiden_static,2023-06-01,tid_2190,7
leiden_static,2023-06-01,tid_2191,0
leiden_static,2023-06-01,tid_2192,0
leiden_static,2023-06-01,tid_2193,6
leiden_static,2023-06-01,tid_2194,0
leiden_static,2023-06-01,tid_2195,2
leiden_static,2023-06-01,tid_2196,1
leiden_static,2023-06-01,tid_2197,1
leiden_static,2023-06-01,tid_2198,8
leiden_static,2023-06-01,tid_2199,0
leiden_static,2023-06-01,tid_22,3
leiden_static,2023-06-01,tid_220,2
leiden_static,2023-06-01,tid_2200,8
leiden_static,2023-06-01,tid_2201,2
leiden_static,2023-06-01,tid_2202,0
leiden_static,2023-06-01,tid_2203,0
leiden_static,2023-06-01,tid_2204,11
leiden_static,2023-06-01,tid_2205,2
leiden_static,2023-06-01,tid_2206,0
leiden_static,2023-06-01,tid_2207,1
leiden_static,2023-06-01,tid_2208,0
leiden_static,2023-06-01,tid_221,11
leiden_static,2023-06-01,tid_2210,9
leiden_static,2023-06-01,tid_2211,0
leiden_static,2023-06-01,tid_2212,2
leiden_static,2023-06-01,tid_2213,8
leiden_static,2023-06-01,tid_2215,2
leiden_static,2023-06-01,tid_2216,0
leiden_static,2023-06-01,tid_2217,0
leiden_static,2023-06-01,tid_2218,0
leiden_static,2023-06-01,tid_2219,0
leiden_static,2023-06-01,tid_222,0
leiden_static,2023-06-01,tid_2220,0
leiden_static,2023-06-01,tid_2221,0
leiden_static,2023-06-01,tid_2222,0
leiden_static,2023-06-01,tid_2223,0
leiden_static,2023-06-01,tid_2224,0
leiden_static,2023-06-01,tid_2225,0
leiden_static,2023-06-01,tid_2226,0
leiden_static,2023-06-01,tid_2227,0
leiden_static,2023-06-01,tid_2228,0
leiden_static,2023-06-01,tid_2229,0
leiden_static,2023-06-01,tid_223,4
leiden_static,2023-06-01,tid_2230,0
leiden_static,2023-06-01,tid_2231,0
leiden_static,2023-06-01,tid_2232,0
leiden_static,2023-06-01,tid_2233,0
leiden_static,2023-06-01,tid_2234,4
leiden_static,2023-06-01,tid_2235,0
leiden_static,2023-06-01,tid_2236,0
leiden_static,2023-06-01,tid_2237,0
leiden_static,2023-06-01,tid_2238,0
leiden_static,2023-06-01,tid_224,6
leiden_static,2023-06-01,tid_2241,0
leiden_static,2023-06-01,tid_2242,0
leiden_static,2023-06-01,tid_2243,0
leiden_static,2023-06-01,tid_2244,0
leiden_static,2023-06-01,tid_2245,0
leiden_static,2023-06-01,tid_2248,0
leiden_static,2023-06-01,tid_2249,3
leiden_static,2023-06-01,tid_225,0
leiden_static,2023-06-01,tid_2250,0
leiden_static,2023-06-01,tid_2251,9
leiden_static,2023-06-01,tid_2252,6
leiden_static,2023-06-01,tid_2253,4
leiden_static,2023-06-01,tid_2254,1
leiden_static,2023-06-01,tid_2255,1
leiden_static,2023-06-01,tid_2256,1
leiden_static,2023-06-01,tid_2257,1
leiden_static,2023-06-01,tid_2258,1
leiden_static,2023-06-01,tid_2259,1
leiden_static,2023-06-01,tid_226,11
leiden_static,2023-06-01,tid_2260,1
leiden_static,2023-06-01,tid_2262,1
leiden_static,2023-06-01,tid_2264,11
leiden_static,2023-06-01,tid_2265,1
leiden_static,2023-06-01,tid_2266,1
leiden_static,2023-06-01,tid_2267,1
leiden_static,2023-06-01,tid_2268,1
leiden_static,2023-06-01,tid_2269,8
leiden_static,2023-06-01,tid_227,4
leiden_static,2023-06-01,tid_2270,1
leiden_static,2023-06-01,tid_2271,8
leiden_static,2023-06-01,tid_2272,5
leiden_static,2023-06-01,tid_2274,3
leiden_static,2023-06-01,tid_2275,6
leiden_static,2023-06-01,tid_2276,4
leiden_static,2023-06-01,tid_2278,4
leiden_static,2023-06-01,tid_2279,6
leiden_static,2023-06-01,tid_228,0
leiden_static,2023-06-01,tid_2280,5
leiden_static,2023-06-01,tid_2281,6
leiden_static,2023-06-01,tid_2282,6
leiden_static,2023-06-01,tid_2286,6
leiden_static,2023-06-01,tid_2287,5
leiden_static,2023-06-01,tid_2288,5
leiden_static,2023-06-01,tid_2289,6
leiden_static,2023-06-01,tid_229,0
leiden_static,2023-06-01,tid_2292,2
leiden_static,2023-06-01,tid_2293,4
leiden_static,2023-06-01,tid_2294,8
leiden_static,2023-06-01,tid_2295,3
leiden_static,2023-06-01,tid_2296,5
leiden_static,2023-06-01,tid_2297,4
leiden_static,2023-06-01,tid_2298,4
leiden_static,2023-06-01,tid_2299,5
leiden_static,2023-06-01,tid_23,6
leiden_static,2023-06-01,tid_230,11
leiden_static,2023-06-01,tid_2300,5
leiden_static,2023-06-01,tid_2301,5
leiden_static,2023-06-01,tid_2302,2
leiden_static,2023-06-01,tid_2303,4
leiden_static,2023-06-01,tid_2304,2
leiden_static,2023-06-01,tid_2305,2
leiden_static,2023-06-01,tid_2307,1
leiden_static,2023-06-01,tid_2308,4
leiden_static,2023-06-01,tid_2309,1
leiden_static,2023-06-01,tid_231,11
leiden_static,2023-06-01,tid_2310,4
leiden_static,2023-06-01,tid_2311,5
leiden_static,2023-06-01,tid_2312,9
leiden_static,2023-06-01,tid_2314,2
leiden_static,2023-06-01,tid_2315,8
leiden_static,2023-06-01,tid_2316,4
leiden_static,2023-06-01,tid_2317,2
leiden_static,2023-06-01,tid_2318,6
leiden_static,2023-06-01,tid_232,2
leiden_static,2023-06-01,tid_2320,6
leiden_static,2023-06-01,tid_2321,4
leiden_static,2023-06-01,tid_2322,8
leiden_static,2023-06-01,tid_2323,8
leiden_static,2023-06-01,tid_2324,4
leiden_static,2023-06-01,tid_2325,4
leiden_static,2023-06-01,tid_2326,4
leiden_static,2023-06-01,tid_2327,4
leiden_static,2023-06-01,tid_2328,4
leiden_static,2023-06-01,tid_2329,4
leiden_static,2023-06-01,tid_233,4
leiden_static,2023-06-01,tid_2330,4
leiden_static,2023-06-01,tid_2332,8
leiden_static,2023-06-01,tid_2333,5
leiden_static,2023-06-01,tid_2334,5
leiden_static,2023-06-01,tid_2335,4
leiden_static,2023-06-01,tid_2336,0
leiden_static,2023-06-01,tid_2337,9
leiden_static,2023-06-01,tid_2338,3
leiden_static,2023-06-01,tid_2339,3
leiden_static,2023-06-01,tid_234,0
leiden_static,2023-06-01,tid_2340,11
leiden_static,2023-06-01,tid_2341,3
leiden_static,2023-06-01,tid_2342,12
leiden_static,2023-06-01,tid_2343,2
leiden_static,2023-06-01,tid_2344,0
leiden_static,2023-06-01,tid_2345,0
leiden_static,2023-06-01,tid_2348,0
leiden_static,2023-06-01,tid_2349,0
leiden_static,2023-06-01,tid_235,2
leiden_static,2023-06-01,tid_2351,10
leiden_static,2023-06-01,tid_2352,10
leiden_static,2023-06-01,tid_2353,10
leiden_static,2023-06-01,tid_2354,7
leiden_static,2023-06-01,tid_2355,10
leiden_static,2023-06-01,tid_2356,7
leiden_static,2023-06-01,tid_2357,10
leiden_static,2023-06-01,tid_2358,10
leiden_static,2023-06-01,tid_2359,10
leiden_static,2023-06-01,tid_236,4
leiden_static,2023-06-01,tid_2360,10
leiden_static,2023-06-01,tid_2361,10
leiden_static,2023-06-01,tid_2362,7
leiden_static,2023-06-01,tid_2363,7
leiden_static,2023-06-01,tid_2364,10
leiden_static,2023-06-01,tid_2365,10
leiden_static,2023-06-01,tid_2366,10
leiden_static,2023-06-01,tid_2367,7
leiden_static,2023-06-01,tid_2368,7
leiden_static,2023-06-01,tid_2369,10
leiden_static,2023-06-01,tid_237,0
leiden_static,2023-06-01,tid_2370,7
leiden_static,2023-06-01,tid_2371,7
leiden_static,2023-06-01,tid_2372,10
leiden_static,2023-06-01,tid_2373,10
leiden_static,2023-06-01,tid_2374,10
leiden_static,2023-06-01,tid_2375,10
leiden_static,2023-06-01,tid_2376,10
leiden_static,2023-06-01,tid_2377,10
leiden_static,2023-06-01,tid_2378,10
leiden_static,2023-06-01,tid_2379,10
leiden_static,2023-06-01,tid_238,2
leiden_static,2023-06-01,tid_2380,7
leiden_static,2023-06-01,tid_2381,7
leiden_static,2023-06-01,tid_2382,10
leiden_static,2023-06-01,tid_2383,7
leiden_static,2023-06-01,tid_2384,7
leiden_static,2023-06-01,tid_2385,7
leiden_static,2023-06-01,tid_2386,7
leiden_static,2023-06-01,tid_2387,7
leiden_static,2023-06-01,tid_2388,7
leiden_static,2023-06-01,tid_2389,7
leiden_static,2023-06-01,tid_239,4
leiden_static,2023-06-01,tid_2390,7
leiden_static,2023-06-01,tid_2391,7
leiden_static,2023-06-01,tid_2392,9
leiden_static,2023-06-01,tid_2393,9
leiden_static,2023-06-01,tid_2395,9
leiden_static,2023-06-01,tid_2398,7
leiden_static,2023-06-01,tid_2399,10
leiden_static,2023-06-01,tid_240,11
leiden_static,2023-06-01,tid_2400,10
leiden_static,2023-06-01,tid_2401,7
leiden_static,2023-06-01,tid_2402,7
leiden_static,2023-06-01,tid_2403,9
leiden_static,2023-06-01,tid_2404,7
leiden_static,2023-06-01,tid_2405,10
leiden_static,2023-06-01,tid_2406,7
leiden_static,2023-06-01,tid_2407,7
leiden_static,2023-06-01,tid_2408,7
leiden_static,2023-06-01,tid_2409,7
leiden_static,2023-06-01,tid_241,11
leiden_static,2023-06-01,tid_2410,9
leiden_static,2023-06-01,tid_2411,7
leiden_static,2023-06-01,tid_2412,7
leiden_static,2023-06-01,tid_2416,7
leiden_static,2023-06-01,tid_242,2
leiden_static,2023-06-01,tid_2422,9
leiden_static,2023-06-01,tid_2423,10
leiden_static,2023-06-01,tid_2424,10
leiden_static,2023-06-01,tid_2425,10
leiden_static,2023-06-01,tid_2426,10
leiden_static,2023-06-01,tid_2427,10
leiden_static,2023-06-01,tid_2428,7
leiden_static,2023-06-01,tid_2429,7
leiden_static,2023-06-01,tid_243,2
leiden_static,2023-06-01,tid_2430,7
leiden_static,2023-06-01,tid_2431,7
leiden_static,2023-06-01,tid_2432,7
leiden_static,2023-06-01,tid_2433,7
leiden_static,2023-06-01,tid_2434,7
leiden_static,2023-06-01,tid_2435,7
leiden_static,2023-06-01,tid_2436,10
leiden_static,2023-06-01,tid_2437,7
leiden_static,2023-06-01,tid_2439,10
leiden_static,2023-06-01,tid_2440,10
leiden_static,2023-06-01,tid_2441,10
leiden_static,2023-06-01,tid_2442,10
leiden_static,2023-06-01,tid_2443,10
leiden_static,2023-06-01,tid_2444,10
leiden_static,2023-06-01,tid_2445,7
leiden_static,2023-06-01,tid_2446,7
leiden_static,2023-06-01,tid_2447,7
leiden_static,2023-06-01,tid_2449,7
leiden_static,2023-06-01,tid_2450,7
leiden_static,2023-06-01,tid_2451,7
leiden_static,2023-06-01,tid_2452,7
leiden_static,2023-06-01,tid_2453,7
leiden_static,2023-06-01,tid_2454,7
leiden_static,2023-06-01,tid_2455,7
leiden_static,2023-06-01,tid_2456,10
leiden_static,2023-06-01,tid_2457,10
leiden_static,2023-06-01,tid_2458,10
leiden_static,2023-06-01,tid_2459,10
leiden_static,2023-06-01,tid_2460,10
leiden_static,2023-06-01,tid_2461,10
leiden_static,2023-06-01,tid_2462,7
leiden_static,2023-06-01,tid_2463,7
leiden_static,2023-06-01,tid_2464,7
leiden_static,2023-06-01,tid_2465,9
leiden_static,2023-06-01,tid_2466,7
leiden_static,2023-06-01,tid_2467,7
leiden_static,2023-06-01,tid_2468,10
leiden_static,2023-06-01,tid_2469,7
leiden_static,2023-06-01,tid_2470,7
leiden_static,2023-06-01,tid_2471,7
leiden_static,2023-06-01,tid_2472,7
leiden_static,2023-06-01,tid_2473,7
leiden_static,2023-06-01,tid_2474,7
leiden_static,2023-06-01,tid_2475,10
leiden_static,2023-06-01,tid_2476,10
leiden_static,2023-06-01,tid_2477,10
leiden_static,2023-06-01,tid_2478,9
leiden_static,2023-06-01,tid_2479,10
leiden_static,2023-06-01,tid_2480,10
leiden_static,2023-06-01,tid_2481,10
leiden_static,2023-06-01,tid_2482,7
leiden_static,2023-06-01,tid_2483,7
leiden_static,2023-06-01,tid_2484,10
leiden_static,2023-06-01,tid_2485,10
leiden_static,2023-06-01,tid_2486,10
leiden_static,2023-06-01,tid_2487,7
leiden_static,2023-06-01,tid_2488,10
leiden_static,2023-06-01,tid_2489,10
leiden_static,2023-06-01,tid_2490,10
leiden_static,2023-06-01,tid_2491,7
leiden_static,2023-06-01,tid_2492,7
leiden_static,2023-06-01,tid_2493,7
leiden_static,2023-06-01,tid_2494,10
leiden_static,2023-06-01,tid_2495,10
leiden_static,2023-06-01,tid_2496,7
leiden_static,2023-06-01,tid_2497,10
leiden_static,2023-06-01,tid_2498,7
leiden_static,2023-06-01,tid_2499,7
leiden_static,2023-06-01,tid_25,6
leiden_static,2023-06-01,tid_2500,7
leiden_static,2023-06-01,tid_2501,7
leiden_static,2023-06-01,tid_2502,10
leiden_static,2023-06-01,tid_2503,10
leiden_static,2023-06-01,tid_2504,7
leiden_static,2023-06-01,tid_2505,10
leiden_static,2023-06-01,tid_2506,10
leiden_static,2023-06-01,tid_2507,10
leiden_static,2023-06-01,tid_2508,10
leiden_static,2023-06-01,tid_2509,10
leiden_static,2023-06-01,tid_2510,10
leiden_static,2023-06-01,tid_2511,7
leiden_static,2023-06-01,tid_2512,7
leiden_static,2023-06-01,tid_2513,7
leiden_static,2023-06-01,tid_2514,10
leiden_static,2023-06-01,tid_2515,7
leiden_static,2023-06-01,tid_2516,7
leiden_static,2023-06-01,tid_2517,10
leiden_static,2023-06-01,tid_2518,10
leiden_static,2023-06-01,tid_2519,10
leiden_static,2023-06-01,tid_2520,7
leiden_static,2023-06-01,tid_2521,10
leiden_static,2023-06-01,tid_2522,10
leiden_static,2023-06-01,tid_2523,7
leiden_static,2023-06-01,tid_2524,7
leiden_static,2023-06-01,tid_2525,7
leiden_static,2023-06-01,tid_2526,7
leiden_static,2023-06-01,tid_2527,10
leiden_static,2023-06-01,tid_2528,7
leiden_static,2023-06-01,tid_2529,10
leiden_static,2023-06-01,tid_2530,7
leiden_static,2023-06-01,tid_2531,7
leiden_static,2023-06-01,tid_2532,10
leiden_static,2023-06-01,tid_2533,10
leiden_static,2023-06-01,tid_2534,7
leiden_static,2023-06-01,tid_2535,10
leiden_static,2023-06-01,tid_2536,10
leiden_static,2023-06-01,tid_2537,10
leiden_static,2023-06-01,tid_2538,7
leiden_static,2023-06-01,tid_2539,10
leiden_static,2023-06-01,tid_2540,10
leiden_static,2023-06-01,tid_2541,10
leiden_static,2023-06-01,tid_2542,10
leiden_static,2023-06-01,tid_2543,10
leiden_static,2023-06-01,tid_2544,10
leiden_static,2023-06-01,tid_2545,10
leiden_static,2023-06-01,tid_2546,7
leiden_static,2023-06-01,tid_2547,9
leiden_static,2023-06-01,tid_2548,7
leiden_static,2023-06-01,tid_2549,10
leiden_static,2023-06-01,tid_2550,7
leiden_static,2023-06-01,tid_2551,7
leiden_static,2023-06-01,tid_2552,7
leiden_static,2023-06-01,tid_2553,7
leiden_static,2023-06-01,tid_2554,7
leiden_static,2023-06-01,tid_2555,7
leiden_static,2023-06-01,tid_2556,7
leiden_static,2023-06-01,tid_2557,10
leiden_static,2023-06-01,tid_2558,10
leiden_static,2023-06-01,tid_2559,10
leiden_static,2023-06-01,tid_2560,10
leiden_static,2023-06-01,tid_2561,10
leiden_static,2023-06-01,tid_2562,7
leiden_static,2023-06-01,tid_2563,10
leiden_static,2023-06-01,tid_2564,10
leiden_static,2023-06-01,tid_2565,7
leiden_static,2023-06-01,tid_2566,10
leiden_static,2023-06-01,tid_2567,10
leiden_static,2023-06-01,tid_2568,7
leiden_static,2023-06-01,tid_2569,7
leiden_static,2023-06-01,tid_2570,7
leiden_static,2023-06-01,tid_2571,9
leiden_static,2023-06-01,tid_2572,7
leiden_static,2023-06-01,tid_2573,10
leiden_static,2023-06-01,tid_2574,10
leiden_static,2023-06-01,tid_2575,7
leiden_static,2023-06-01,tid_2576,7
leiden_static,2023-06-01,tid_2577,10
leiden_static,2023-06-01,tid_2578,10
leiden_static,2023-06-01,tid_2579,10
leiden_static,2023-06-01,tid_2580,7
leiden_static,2023-06-01,tid_2581,7
leiden_static,2023-06-01,tid_2582,7
leiden_static,2023-06-01,tid_2583,10
leiden_static,2023-06-01,tid_2584,7
leiden_static,2023-06-01,tid_2585,7
leiden_static,2023-06-01,tid_2586,7
leiden_static,2023-06-01,tid_2587,7
leiden_static,2023-06-01,tid_2588,9
leiden_static,2023-06-01,tid_2589,10
leiden_static,2023-06-01,tid_2590,7
leiden_static,2023-06-01,tid_2591,9
leiden_static,2023-06-01,tid_2592,7
leiden_static,2023-06-01,tid_2593,5
leiden_static,2023-06-01,tid_2595,5
leiden_static,2023-06-01,tid_2596,9
leiden_static,2023-06-01,tid_2597,9
leiden_static,2023-06-01,tid_2598,5
leiden_static,2023-06-01,tid_2599,10
leiden_static,2023-06-01,tid_26,6
leiden_static,2023-06-01,tid_2600,7
leiden_static,2023-06-01,tid_2601,9
leiden_static,2023-06-01,tid_2602,7
leiden_static,2023-06-01,tid_2604,7
leiden_static,2023-06-01,tid_2605,10
leiden_static,2023-06-01,tid_2606,7
leiden_static,2023-06-01,tid_2607,9
leiden_static,2023-06-01,tid_2618,8
leiden_static,2023-06-01,tid_2619,5
leiden_static,2023-06-01,tid_2620,6
leiden_static,2023-06-01,tid_2621,6
leiden_static,2023-06-01,tid_2644,9
leiden_static,2023-06-01,tid_2646,7
leiden_static,2023-06-01,tid_2647,5
leiden_static,2023-06-01,tid_2648,9
leiden_static,2023-06-01,tid_2649,9
leiden_static,2023-06-01,tid_2651,7
leiden_static,2023-06-01,tid_2652,9
leiden_static,2023-06-01,tid_269,6
leiden_static,2023-06-01,tid_27,6
leiden_static,2023-06-01,tid_270,0
leiden_static,2023-06-01,tid_271,8
leiden_static,2023-06-01,tid_2710,5
leiden_static,2023-06-01,tid_272,0
leiden_static,2023-06-01,tid_273,3
leiden_static,2023-06-01,tid_274,5
leiden_static,2023-06-01,tid_275,2
leiden_static,2023-06-01,tid_276,2
leiden_static,2023-06-01,tid_277,2
leiden_static,2023-06-01,tid_278,6
leiden_static,2023-06-01,tid_279,2
leiden_static,2023-06-01,tid_28,6
leiden_static,2023-06-01,tid_280,11
leiden_static,2023-06-01,tid_2808,9
leiden_static,2023-06-01,tid_2809,6
leiden_static,2023-06-01,tid_281,2
leiden_static,2023-06-01,tid_2813,0
leiden_static,2023-06-01,tid_2814,9
leiden_static,2023-06-01,tid_282,2
leiden_static,2023-06-01,tid_283,0
leiden_static,2023-06-01,tid_284,0
leiden_static,2023-06-01,tid_285,8
leiden_static,2023-06-01,tid_287,1
leiden_static,2023-06-01,tid_2872,0
leiden_static,2023-06-01,tid_2876,7
leiden_static,2023-06-01,tid_2879,0
leiden_static,2023-06-01,tid_288,1
leiden_static,2023-06-01,tid_2880,0
leiden_static,2023-06-01,tid_2881,7
leiden_static,2023-06-01,tid_2882,0
leiden_static,2023-06-01,tid_2883,5
leiden_static,2023-06-01,tid_2884,5
leiden_static,2023-06-01,tid_2885,6
leiden_static,2023-06-01,tid_2886,0
leiden_static,2023-06-01,tid_2887,9
leiden_static,2023-06-01,tid_289,1
leiden_static,2023-06-01,tid_29,6
leiden_static,2023-06-01,tid_290,1
leiden_static,2023-06-01,tid_292,1
leiden_static,2023-06-01,tid_293,1
leiden_static,2023-06-01,tid_294,1
leiden_static,2023-06-01,tid_295,1
leiden_static,2023-06-01,tid_296,1
leiden_static,2023-06-01,tid_297,1
leiden_static,2023-06-01,tid_298,5
leiden_static,2023-06-01,tid_3,4
leiden_static,2023-06-01,tid_30,3
leiden_static,2023-06-01,tid_300,1
leiden_static,2023-06-01,tid_3005,5
leiden_static,2023-06-01,tid_3007,5
leiden_static,2023-06-01,tid_3009,9
leiden_static,2023-06-01,tid_301,3
leiden_static,2023-06-01,tid_3011,6
leiden_static,2023-06-01,tid_3012,1
leiden_static,2023-06-01,tid_3013,9
leiden_static,2023-06-01,tid_302,1
leiden_static,2023-06-01,tid_303,5
leiden_static,2023-06-01,tid_304,8
leiden_static,2023-06-01,tid_305,1
leiden_static,2023-06-01,tid_306,1
leiden_static,2023-06-01,tid_307,1
leiden_static,2023-06-01,tid_308,5
leiden_static,2023-06-01,tid_309,12
leiden_static,2023-06-01,tid_31,3
leiden_static,2023-06-01,tid_312,3
leiden_static,2023-06-01,tid_314,12
leiden_static,2023-06-01,tid_316,12
leiden_static,2023-06-01,tid_317,12
leiden_static,2023-06-01,tid_318,12
leiden_static,2023-06-01,tid_319,12
leiden_static,2023-06-01,tid_32,3
leiden_static,2023-06-01,tid_320,12
leiden_static,2023-06-01,tid_321,3
leiden_static,2023-06-01,tid_323,12
leiden_static,2023-06-01,tid_324,12
leiden_static,2023-06-01,tid_325,0
leiden_static,2023-06-01,tid_326,12
leiden_static,2023-06-01,tid_327,0
leiden_static,2023-06-01,tid_329,12
leiden_static,2023-06-01,tid_33,3
leiden_static,2023-06-01,tid_330,0
leiden_static,2023-06-01,tid_331,12
leiden_static,2023-06-01,tid_332,2
leiden_static,2023-06-01,tid_333,0
leiden_static,2023-06-01,tid_334,12
leiden_static,2023-06-01,tid_335,12
leiden_static,2023-06-01,tid_336,3
leiden_static,2023-06-01,tid_337,12
leiden_static,2023-06-01,tid_338,12
leiden_static,2023-06-01,tid_339,12
leiden_static,2023-06-01,tid_34,6
leiden_static,2023-06-01,tid_340,12
leiden_static,2023-06-01,tid_341,12
leiden_static,2023-06-01,tid_342,3
leiden_static,2023-06-01,tid_343,12
leiden_static,2023-06-01,tid_345,7
leiden_static,2023-06-01,tid_346,7
leiden_static,2023-06-01,tid_347,7
leiden_static,2023-06-01,tid_348,7
leiden_static,2023-06-01,tid_349,1
leiden_static,2023-06-01,tid_35,6
leiden_static,2023-06-01,tid_351,9
leiden_static,2023-06-01,tid_352,7
leiden_static,2023-06-01,tid_354,7
leiden_static,2023-06-01,tid_355,6
leiden_static,2023-06-01,tid_356,3
leiden_static,2023-06-01,tid_357,6
leiden_static,2023-06-01,tid_358,3
leiden_static,2023-06-01,tid_359,3
leiden_static,2023-06-01,tid_36,3
leiden_static,2023-06-01,tid_360,0
leiden_static,2023-06-01,tid_361,3
leiden_static,2023-06-01,tid_362,6
leiden_static,2023-06-01,tid_363,3
leiden_static,2023-06-01,tid_364,3
leiden_static,2023-06-01,tid_365,3
leiden_static,2023-06-01,tid_366,3
leiden_static,2023-06-01,tid_367,3
leiden_static,2023-06-01,tid_368,6
leiden_static,2023-06-01,tid_369,3
leiden_static,2023-06-01,tid_37,3
leiden_static,2023-06-01,tid_370,0
leiden_static,2023-06-01,tid_371,6
leiden_static,2023-06-01,tid_372,3
leiden_static,2023-06-01,tid_373,6
leiden_static,2023-06-01,tid_374,6
leiden_static,2023-06-01,tid_375,6
leiden_static,2023-06-01,tid_376,3
leiden_static,2023-06-01,tid_377,8
leiden_static,2023-06-01,tid_378,3
leiden_static,2023-06-01,tid_379,9
leiden_static,2023-06-01,tid_38,6
leiden_static,2023-06-01,tid_380,6
leiden_static,2023-06-01,tid_381,3
leiden_static,2023-06-01,tid_382,6
leiden_static,2023-06-01,tid_383,6
leiden_static,2023-06-01,tid_384,3
leiden_static,2023-06-01,tid_385,6
leiden_static,2023-06-01,tid_386,3
leiden_static,2023-06-01,tid_387,3
leiden_static,2023-06-01,tid_388,9
leiden_static,2023-06-01,tid_39,6
leiden_static,2023-06-01,tid_390,3
leiden_static,2023-06-01,tid_391,3
leiden_static,2023-06-01,tid_392,5
leiden_static,2023-06-01,tid_393,5
leiden_static,2023-06-01,tid_395,0
leiden_static,2023-06-01,tid_396,6
leiden_static,2023-06-01,tid_397,6
leiden_static,2023-06-01,tid_398,2
leiden_static,2023-06-01,tid_4,9
leiden_static,2023-06-01,tid_40,3
leiden_static,2023-06-01,tid_401,0
leiden_static,2023-06-01,tid_402,0
leiden_static,2023-06-01,tid_403,0
leiden_static,2023-06-01,tid_404,11
leiden_static,2023-06-01,tid_405,0
leiden_static,2023-06-01,tid_408,11
leiden_static,2023-06-01,tid_41,3
leiden_static,2023-06-01,tid_410,0
leiden_static,2023-06-01,tid_413,0
leiden_static,2023-06-01,tid_414,9
leiden_static,2023-06-01,tid_416,0
leiden_static,2023-06-01,tid_418,6
leiden_static,2023-06-01,tid_419,6
leiden_static,2023-06-01,tid_42,6
leiden_static,2023-06-01,tid_420,6
leiden_static,2023-06-01,tid_421,6
leiden_static,2023-06-01,tid_422,6
leiden_static,2023-06-01,tid_423,3
leiden_static,2023-06-01,tid_424,3
leiden_static,2023-06-01,tid_425,3
leiden_static,2023-06-01,tid_428,1
leiden_static,2023-06-01,tid_429,3
leiden_static,2023-06-01,tid_43,3
leiden_static,2023-06-01,tid_430,6
leiden_static,2023-06-01,tid_431,3
leiden_static,2023-06-01,tid_432,4
leiden_static,2023-06-01,tid_433,2
leiden_static,2023-06-01,tid_434,3
leiden_static,2023-06-01,tid_435,3
leiden_static,2023-06-01,tid_436,3
leiden_static,2023-06-01,tid_437,2
leiden_static,2023-06-01,tid_438,3
leiden_static,2023-06-01,tid_44,6
leiden_static,2023-06-01,tid_440,3
leiden_static,2023-06-01,tid_441,3
leiden_static,2023-06-01,tid_442,3
leiden_static,2023-06-01,tid_443,3
leiden_static,2023-06-01,tid_444,2
leiden_static,2023-06-01,tid_445,2
leiden_static,2023-06-01,tid_446,3
leiden_static,2023-06-01,tid_447,1
leiden_static,2023-06-01,tid_448,6
leiden_static,2023-06-01,tid_449,11
leiden_static,2023-06-01,tid_45,3
leiden_static,2023-06-01,tid_450,0
leiden_static,2023-06-01,tid_451,11
leiden_static,2023-06-01,tid_452,6
leiden_static,2023-06-01,tid_453,0
leiden_static,2023-06-01,tid_455,0
leiden_static,2023-06-01,tid_456,0
leiden_static,2023-06-01,tid_457,2
leiden_static,2023-06-01,tid_458,0
leiden_static,2023-06-01,tid_459,0
leiden_static,2023-06-01,tid_46,3
leiden_static,2023-06-01,tid_460,0
leiden_static,2023-06-01,tid_47,3
leiden_static,2023-06-01,tid_478,6
leiden_static,2023-06-01,tid_479,1
leiden_static,2023-06-01,tid_48,3
leiden_static,2023-06-01,tid_480,6
leiden_static,2023-06-01,tid_481,6
leiden_static,2023-06-01,tid_482,5
leiden_static,2023-06-01,tid_484,3
leiden_static,2023-06-01,tid_485,3
leiden_static,2023-06-01,tid_486,3
leiden_static,2023-06-01,tid_487,5
leiden_static,2023-06-01,tid_489,1
leiden_static,2023-06-01,tid_49,6
leiden_static,2023-06-01,tid_490,3
leiden_static,2023-06-01,tid_491,3
leiden_static,2023-06-01,tid_492,6
leiden_static,2023-06-01,tid_493,2
leiden_static,2023-06-01,tid_494,3
leiden_static,2023-06-01,tid_495,1
leiden_static,2023-06-01,tid_496,3
leiden_static,2023-06-01,tid_497,3
leiden_static,2023-06-01,tid_498,6
leiden_static,2023-06-01,tid_499,3
leiden_static,2023-06-01,tid_5,5
leiden_static,2023-06-01,tid_50,3
leiden_static,2023-06-01,tid_501,3
leiden_static,2023-06-01,tid_502,3
leiden_static,2023-06-01,tid_503,2
leiden_static,2023-06-01,tid_504,6
leiden_static,2023-06-01,tid_505,3
leiden_static,2023-06-01,tid_506,9
leiden_static,2023-06-01,tid_507,6
leiden_static,2023-06-01,tid_508,3
leiden_static,2023-06-01,tid_509,6
leiden_static,2023-06-01,tid_51,6
leiden_static,2023-06-01,tid_510,6
leiden_static,2023-06-01,tid_511,0
leiden_static,2023-06-01,tid_512,0
leiden_static,2023-06-01,tid_515,0
leiden_static,2023-06-01,tid_516,8
leiden_static,2023-06-01,tid_517,3
leiden_static,2023-06-01,tid_518,2
leiden_static,2023-06-01,tid_519,2
leiden_static,2023-06-01,tid_52,3
leiden_static,2023-06-01,tid_520,1
leiden_static,2023-06-01,tid_521,2
leiden_static,2023-06-01,tid_522,2
leiden_static,2023-06-01,tid_523,8
leiden_static,2023-06-01,tid_524,2
leiden_static,2023-06-01,tid_525,2
leiden_static,2023-06-01,tid_527,4
leiden_static,2023-06-01,tid_528,2
leiden_static,2023-06-01,tid_529,3
leiden_static,2023-06-01,tid_53,3
leiden_static,2023-06-01,tid_530,0
leiden_static,2023-06-01,tid_531,2
leiden_static,2023-06-01,tid_532,2
leiden_static,2023-06-01,tid_533,1
leiden_static,2023-06-01,tid_534,2
leiden_static,2023-06-01,tid_535,2
leiden_static,2023-06-01,tid_536,1
leiden_static,2023-06-01,tid_537,2
leiden_static,2023-06-01,tid_538,4
leiden_static,2023-06-01,tid_539,3
leiden_static,2023-06-01,tid_54,3
leiden_static,2023-06-01,tid_540,2
leiden_static,2023-06-01,tid_541,8
leiden_static,2023-06-01,tid_542,2
leiden_static,2023-06-01,tid_543,3
leiden_static,2023-06-01,tid_544,2
leiden_static,2023-06-01,tid_545,2
leiden_static,2023-06-01,tid_546,1
leiden_static,2023-06-01,tid_547,5
leiden_static,2023-06-01,tid_548,2
leiden_static,2023-06-01,tid_549,2
leiden_static,2023-06-01,tid_55,6
leiden_static,2023-06-01,tid_550,3
leiden_static,2023-06-01,tid_552,2
leiden_static,2023-06-01,tid_553,1
leiden_static,2023-06-01,tid_554,2
leiden_static,2023-06-01,tid_555,1
leiden_static,2023-06-01,tid_556,12
leiden_static,2023-06-01,tid_557,2
leiden_static,2023-06-01,tid_558,2
leiden_static,2023-06-01,tid_559,3
leiden_static,2023-06-01,tid_56,3
leiden_static,2023-06-01,tid_560,2
leiden_static,2023-06-01,tid_561,3
leiden_static,2023-06-01,tid_562,8
leiden_static,2023-06-01,tid_563,1
leiden_static,2023-06-01,tid_564,2
leiden_static,2023-06-01,tid_565,5
leiden_static,2023-06-01,tid_566,2
leiden_static,2023-06-01,tid_567,2
leiden_static,2023-06-01,tid_568,2
leiden_static,2023-06-01,tid_569,2
leiden_static,2023-06-01,tid_57,6
leiden_static,2023-06-01,tid_570,8
leiden_static,2023-06-01,tid_571,2
leiden_static,2023-06-01,tid_572,11
leiden_static,2023-06-01,tid_574,5
leiden_static,2023-06-01,tid_578,6
leiden_static,2023-06-01,tid_579,3
leiden_static,2023-06-01,tid_58,2
leiden_static,2023-06-01,tid_580,3
leiden_static,2023-06-01,tid_581,6
leiden_static,2023-06-01,tid_582,0
leiden_static,2023-06-01,tid_583,12
leiden_static,2023-06-01,tid_584,3
leiden_static,2023-06-01,tid_585,3
leiden_static,2023-06-01,tid_586,3
leiden_static,2023-06-01,tid_587,3
leiden_static,2023-06-01,tid_588,3
leiden_static,2023-06-01,tid_589,3
leiden_static,2023-06-01,tid_59,0
leiden_static,2023-06-01,tid_591,2
leiden_static,2023-06-01,tid_592,3
leiden_static,2023-06-01,tid_593,3
leiden_static,2023-06-01,tid_594,3
leiden_static,2023-06-01,tid_595,2
leiden_static,2023-06-01,tid_598,3
leiden_static,2023-06-01,tid_599,0
leiden_static,2023-06-01,tid_6,9
leiden_static,2023-06-01,tid_60,3
leiden_static,2023-06-01,tid_600,2
leiden_static,2023-06-01,tid_601,3
leiden_static,2023-06-01,tid_602,12
leiden_static,2023-06-01,tid_603,2
leiden_static,2023-06-01,tid_604,3
leiden_static,2023-06-01,tid_605,3
leiden_static,2023-06-01,tid_606,3
leiden_static,2023-06-01,tid_607,3
leiden_static,2023-06-01,tid_608,6
leiden_static,2023-06-01,tid_61,3
leiden_static,2023-06-01,tid_612,6
leiden_static,2023-06-01,tid_613,0
leiden_static,2023-06-01,tid_614,2
leiden_static,2023-06-01,tid_615,2
leiden_static,2023-06-01,tid_616,2
leiden_static,2023-06-01,tid_618,12
leiden_static,2023-06-01,tid_619,12
leiden_static,2023-06-01,tid_62,3
leiden_static,2023-06-01,tid_621,12
leiden_static,2023-06-01,tid_63,3
leiden_static,2023-06-01,tid_65,3
leiden_static,2023-06-01,tid_66,6
leiden_static,2023-06-01,tid_666,6
leiden_static,2023-06-01,tid_667,0
leiden_static,2023-06-01,tid_668,8
leiden_static,2023-06-01,tid_669,0
leiden_static,2023-06-01,tid_67,3
leiden_static,2023-06-01,tid_670,0
leiden_static,2023-06-01,tid_671,5
leiden_static,2023-06-01,tid_674,0
leiden_static,2023-06-01,tid_675,0
leiden_static,2023-06-01,tid_676,6
leiden_static,2023-06-01,tid_677,0
leiden_static,2023-06-01,tid_678,0
leiden_static,2023-06-01,tid_679,6
leiden_static,2023-06-01,tid_68,3
leiden_static,2023-06-01,tid_680,0
leiden_static,2023-06-01,tid_683,2
leiden_static,2023-06-01,tid_685,2
leiden_static,2023-06-01,tid_686,6
leiden_static,2023-06-01,tid_687,8
leiden_static,2023-06-01,tid_689,0
leiden_static,2023-06-01,tid_69,6
leiden_static,2023-06-01,tid_690,2
leiden_static,2023-06-01,tid_691,4
leiden_static,2023-06-01,tid_692,2
leiden_static,2023-06-01,tid_693,6
leiden_static,2023-06-01,tid_694,4
leiden_static,2023-06-01,tid_695,8
leiden_static,2023-06-01,tid_696,2
leiden_static,2023-06-01,tid_697,11
leiden_static,2023-06-01,tid_698,1
leiden_static,2023-06-01,tid_699,8
leiden_static,2023-06-01,tid_7,7
leiden_static,2023-06-01,tid_70,0
leiden_static,2023-06-01,tid_701,8
leiden_static,2023-06-01,tid_702,0
leiden_static,2023-06-01,tid_703,2
leiden_static,2023-06-01,tid_704,2
leiden_static,2023-06-01,tid_705,8
leiden_static,2023-06-01,tid_706,1
leiden_static,2023-06-01,tid_708,3
leiden_static,2023-06-01,tid_71,6
leiden_static,2023-06-01,tid_710,8
leiden_static,2023-06-01,tid_711,0
leiden_static,2023-06-01,tid_712,8
leiden_static,2023-06-01,tid_713,8
leiden_static,2023-06-01,tid_714,0
leiden_static,2023-06-01,tid_715,4
leiden_static,2023-06-01,tid_716,0
leiden_static,2023-06-01,tid_717,2
leiden_static,2023-06-01,tid_718,0
leiden_static,2023-06-01,tid_719,2
leiden_static,2023-06-01,tid_72,3
leiden_static,2023-06-01,tid_720,0
leiden_static,2023-06-01,tid_721,8
leiden_static,2023-06-01,tid_722,0
leiden_static,2023-06-01,tid_723,4
leiden_static,2023-06-01,tid_725,0
leiden_static,2023-06-01,tid_726,12
leiden_static,2023-06-01,tid_727,6
leiden_static,2023-06-01,tid_73,6
leiden_static,2023-06-01,tid_731,6
leiden_static,2023-06-01,tid_734,4
leiden_static,2023-06-01,tid_735,3
leiden_static,2023-06-01,tid_736,2
leiden_static,2023-06-01,tid_737,3
leiden_static,2023-06-01,tid_738,3
leiden_static,2023-06-01,tid_739,0
leiden_static,2023-06-01,tid_74,3
leiden_static,2023-06-01,tid_741,0
leiden_static,2023-06-01,tid_742,0
leiden_static,2023-06-01,tid_743,4
leiden_static,2023-06-01,tid_744,3
leiden_static,2023-06-01,tid_745,11
leiden_static,2023-06-01,tid_746,2
leiden_static,2023-06-01,tid_747,2
leiden_static,2023-06-01,tid_748,6
leiden_static,2023-06-01,tid_749,2
leiden_static,2023-06-01,tid_75,6
leiden_static,2023-06-01,tid_751,4
leiden_static,2023-06-01,tid_752,2
leiden_static,2023-06-01,tid_753,2
leiden_static,2023-06-01,tid_754,6
leiden_static,2023-06-01,tid_755,2
leiden_static,2023-06-01,tid_756,3
leiden_static,2023-06-01,tid_757,6
leiden_static,2023-06-01,tid_758,2
leiden_static,2023-06-01,tid_76,6
leiden_static,2023-06-01,tid_760,2
leiden_static,2023-06-01,tid_761,2
leiden_static,2023-06-01,tid_763,6
leiden_static,2023-06-01,tid_764,2
leiden_static,2023-06-01,tid_765,8
leiden_static,2023-06-01,tid_766,6
leiden_static,2023-06-01,tid_767,0
leiden_static,2023-06-01,tid_769,8
leiden_static,2023-06-01,tid_77,6
leiden_static,2023-06-01,tid_770,2
leiden_static,2023-06-01,tid_771,2
leiden_static,2023-06-01,tid_773,2
leiden_static,2023-06-01,tid_774,2
leiden_static,2023-06-01,tid_775,6
leiden_static,2023-06-01,tid_776,6
leiden_static,2023-06-01,tid_777,6
leiden_static,2023-06-01,tid_778,6
leiden_static,2023-06-01,tid_779,3
leiden_static,2023-06-01,tid_78,2
leiden_static,2023-06-01,tid_780,6
leiden_static,2023-06-01,tid_781,3
leiden_static,2023-06-01,tid_782,6
leiden_static,2023-06-01,tid_783,3
leiden_static,2023-06-01,tid_784,3
leiden_static,2023-06-01,tid_785,6
leiden_static,2023-06-01,tid_787,3
leiden_static,2023-06-01,tid_788,3
leiden_static,2023-06-01,tid_789,3
leiden_static,2023-06-01,tid_79,3
leiden_static,2023-06-01,tid_790,3
leiden_static,2023-06-01,tid_791,3
leiden_static,2023-06-01,tid_792,3
leiden_static,2023-06-01,tid_793,3
leiden_static,2023-06-01,tid_794,3
leiden_static,2023-06-01,tid_795,3
leiden_static,2023-06-01,tid_796,3
leiden_static,2023-06-01,tid_797,2
leiden_static,2023-06-01,tid_798,3
leiden_static,2023-06-01,tid_799,3
leiden_static,2023-06-01,tid_8,9
leiden_static,2023-06-01,tid_80,3
leiden_static,2023-06-01,tid_800,3
leiden_static,2023-06-01,tid_801,3
leiden_static,2023-06-01,tid_802,3
leiden_static,2023-06-01,tid_803,2
leiden_static,2023-06-01,tid_804,3
leiden_static,2023-06-01,tid_805,2
leiden_static,2023-06-01,tid_806,3
leiden_static,2023-06-01,tid_807,3
leiden_static,2023-06-01,tid_808,2
leiden_static,2023-06-01,tid_809,7
leiden_static,2023-06-01,tid_81,6
leiden_static,2023-06-01,tid_810,1
leiden_static,2023-06-01,tid_811,9
leiden_static,2023-06-01,tid_812,7
leiden_static,2023-06-01,tid_813,9
leiden_static,2023-06-01,tid_814,1
leiden_static,2023-06-01,tid_815,1
leiden_static,2023-06-01,tid_817,0
leiden_static,2023-06-01,tid_818,5
leiden_static,2023-06-01,tid_819,9
leiden_static,2023-06-01,tid_82,3
leiden_static,2023-06-01,tid_820,9
leiden_static,2023-06-01,tid_821,1
leiden_static,2023-06-01,tid_822,1
leiden_static,2023-06-01,tid_823,1
leiden_static,2023-06-01,tid_824,7
leiden_static,2023-06-01,tid_825,1
leiden_static,2023-06-01,tid_826,1
leiden_static,2023-06-01,tid_827,1
leiden_static,2023-06-01,tid_828,1
leiden_static,2023-06-01,tid_829,1
leiden_static,2023-06-01,tid_83,6
leiden_static,2023-06-01,tid_830,9
leiden_static,2023-06-01,tid_831,1
leiden_static,2023-06-01,tid_832,5
leiden_static,2023-06-01,tid_833,1
leiden_static,2023-06-01,tid_834,9
leiden_static,2023-06-01,tid_835,1
leiden_static,2023-06-01,tid_836,1
leiden_static,2023-06-01,tid_838,1
leiden_static,2023-06-01,tid_839,1
leiden_static,2023-06-01,tid_840,1
leiden_static,2023-06-01,tid_841,9
leiden_static,2023-06-01,tid_842,6
leiden_static,2023-06-01,tid_843,3
leiden_static,2023-06-01,tid_844,0
leiden_static,2023-06-01,tid_846,0
leiden_static,2023-06-01,tid_847,0
leiden_static,2023-06-01,tid_848,12
leiden_static,2023-06-01,tid_849,2
leiden_static,2023-06-01,tid_851,2
leiden_static,2023-06-01,tid_852,2
leiden_static,2023-06-01,tid_853,2
leiden_static,2023-06-01,tid_854,12
leiden_static,2023-06-01,tid_855,12
leiden_static,2023-06-01,tid_856,0
leiden_static,2023-06-01,tid_857,4
leiden_static,2023-06-01,tid_859,12
leiden_static,2023-06-01,tid_860,6
leiden_static,2023-06-01,tid_870,2
leiden_static,2023-06-01,tid_871,3
leiden_static,2023-06-01,tid_872,6
leiden_static,2023-06-01,tid_873,3
leiden_static,2023-06-01,tid_874,3
leiden_static,2023-06-01,tid_875,0
leiden_static,2023-06-01,tid_876,3
leiden_static,2023-06-01,tid_877,2
leiden_static,2023-06-01,tid_878,3
leiden_static,2023-06-01,tid_879,12
leiden_static,2023-06-01,tid_880,3
leiden_static,2023-06-01,tid_881,3
leiden_static,2023-06-01,tid_882,3
leiden_static,2023-06-01,tid_883,0
leiden_static,2023-06-01,tid_884,0
leiden_static,2023-06-01,tid_885,0
leiden_static,2023-06-01,tid_886,3
leiden_static,2023-06-01,tid_888,0
leiden_static,2023-06-01,tid_889,3
leiden_static,2023-06-01,tid_890,6
leiden_static,2023-06-01,tid_891,0
leiden_static,2023-06-01,tid_892,0
leiden_static,2023-06-01,tid_895,4
leiden_static,2023-06-01,tid_896,0
leiden_static,2023-06-01,tid_897,0
leiden_static,2023-06-01,tid_898,2
leiden_static,2023-06-01,tid_899,5
leiden_static,2023-06-01,tid_9,3
leiden_static,2023-06-01,tid_900,2
leiden_static,2023-06-01,tid_901,8
leiden_static,2023-06-01,tid_902,11
leiden_static,2023-06-01,tid_903,0
leiden_static,2023-06-01,tid_904,2
leiden_static,2023-06-01,tid_905,0
leiden_static,2023-06-01,tid_907,2
leiden_static,2023-06-01,tid_908,11
leiden_static,2023-06-01,tid_909,11
leiden_static,2023-06-01,tid_911,11
leiden_static,2023-06-01,tid_912,0
leiden_static,2023-06-01,tid_913,11
leiden_static,2023-06-01,tid_914,4
leiden_static,2023-06-01,tid_915,11
leiden_static,2023-06-01,tid_916,0
leiden_static,2023-06-01,tid_917,0
leiden_static,2023-06-01,tid_918,9
leiden_static,2023-06-01,tid_920,5
leiden_static,2023-06-01,tid_922,1
leiden_static,2023-06-01,tid_923,4
leiden_static,2023-06-01,tid_924,8
leiden_static,2023-06-01,tid_925,8
leiden_static,2023-06-01,tid_926,1
leiden_static,2023-06-01,tid_927,9
leiden_static,2023-06-01,tid_928,9
leiden_static,2023-06-01,tid_929,1
leiden_static,2023-06-01,tid_930,1
leiden_static,2023-06-01,tid_986,9
leiden_static,2023-06-01,tid_987,5
leiden_static,2023-06-01,tid_988,6
leiden_static,2023-06-01,tid_989,5
leiden_static,2023-06-01,tid_991,5
leiden_static,2023-06-01,tid_992,5
leiden_static,2023-06-01,tid_993,4
leiden_static,2023-06-01,tid_994,4
leiden_static,2023-06-01,tid_995,4
leiden_static,2023-06-01,tid_996,5
leiden_static,2023-06-01,tid_998,4
leiden_static,2023-06-01,tid_999,4
