entity_id,name,region,type_2023,type_2024,type_2024_absolute,kmeans_type,monthly_types,persistent_change,lat,lon
tid_1,городской округ город Майкоп,Республика Адыгея,1,1,1,1,111100011111111110011111,False,44.6395,40.0498
tid_10,городской округ город Горно-Алтайск,Республика Алтай,1,1,1,1,111111111111111111111111,False,51.7905,85.9839
tid_1001,Петушинский муниципальный район,Владимирская область,1,1,1,1,111111111111111111111111,False,55.9983,39.3079
tid_1002,Селивановский муниципальный район,Владимирская область,2,2,2,2,222222222222222222222222,False,55.8524,41.5594
tid_1003,Собинский муниципальный район,Владимирская область,2,2,2,2,222222222222222222222222,False,56.0496,39.8933
tid_1004,Судогодский муниципальный район,Владимирская область,2,2,2,2,222222222222222222222222,False,55.9769,40.8237
tid_1005,Суздальский муниципальный район,Владимирская область,1,1,1,1,111222121211111111111111,False,56.4021,40.3423
tid_1006,Юрьев-Польский муниципальный район,Владимирская область,2,2,2,2,222222222222222222222222,False,56.5692,39.5899
tid_1007,городской округ город-герой Волгоград,Волгоградская область,0,0,0,0,111000000000000000000000,False,48.609,44.4556
tid_1008,городской округ город Волжский,Волгоградская область,1,1,1,1,111111111111111111111111,False,48.8046,44.7726
tid_1009,городской округ город Камышин,Волгоградская область,1,1,1,1,111111111111111111111111,False,50.0558,45.4006
tid_1010,городской округ город Михайловка,Волгоградская область,1,1,1,1,111111111111111111111111,False,50.1504,43.2657
tid_1011,городской округ город Урюпинск,Волгоградская область,1,1,1,1,111111111111111111111111,False,50.7916,41.9996
tid_1012,городской округ город Фролово,Волгоградская область,2,2,2,2,222222222222222222222222,False,49.7574,43.6674
tid_1013,Алексеевский муниципальный район,Волгоградская область,2,2,2,2,222222222222222222222222,False,50.2007,42.1863
tid_1014,Быковский муниципальный район,Волгоградская область,2,2,2,2,222222222222222222222222,False,49.4771,45.4213
tid_1015,Городищенский муниципальный район,Волгоградская область,2,2,2,2,122222222222222222222111,False,48.8607,44.2262
tid_1016,Даниловский муниципальный район,Волгоградская область,2,2,2,2,222222222222222222222222,False,50.3722,44.0994
tid_1017,Дубовский муниципальный район,Волгоградская область,2,2,2,2,222222222222222222222222,False,49.3267,44.7774
tid_1018,Еланский муниципальный район,Волгоградская область,2,1,2,1,111112211222111111222211,False,50.8552,43.7426
tid_1019,Жирновский муниципальный район,Волгоградская область,2,2,2,2,222222222222222222222222,False,50.8867,44.8603
tid_1020,Иловлинский муниципальный район,Волгоградская область,2,2,2,2,222222222211222122222222,False,49.2928,43.9527
tid_1021,Калачевский муниципальный район,Волгоградская область,1,1,2,1,111112222111122111111111,False,48.6011,43.6454
tid_1023,Киквидзенский муниципальный район,Волгоградская область,2,2,2,2,222222222222222222222222,False,50.7531,43.1546
tid_1024,Клетский муниципальный район,Волгоградская область,2,2,2,2,222222222222222222222222,False,49.153,42.9555
tid_1025,Котельниковский муниципальный район,Волгоградская область,2,2,2,2,222222222222222222222222,False,47.7068,43.277
tid_1026,Котовский муниципальный район,Волгоградская область,2,2,2,2,222222222222222222222222,False,50.3339,44.7962
tid_1027,Кумылженский муниципальный район,Волгоградская область,2,2,2,2,222222222222222222222222,False,49.8517,42.4203
tid_1028,Ленинский муниципальный район,Волгоградская область,2,2,2,2,222222222222222222222222,False,48.7813,45.3755
tid_1029,Нехаевский муниципальный район,Волгоградская область,2,2,2,2,222222222222222222222222,False,50.3324,41.6721
tid_1030,Николаевский муниципальный район,Волгоградская область,2,2,2,2,222222222222222222222222,False,50.0067,45.9515
tid_1031,Новоаннинский муниципальный район,Волгоградская область,2,1,2,1,222111211111111111111111,True,50.512,42.7045
tid_1032,Новониколаевский муниципальный район,Волгоградская область,2,2,2,2,222222222222222222222222,False,51.0053,42.6271
tid_1033,Октябрьский муниципальный район,Волгоградская область,2,2,2,2,222222222222222222222222,False,48.0234,43.7086
tid_1034,Ольховский муниципальный район,Волгоградская область,2,2,2,2,222222222222222222222222,False,49.8071,44.5701
tid_1035,Палласовский муниципальный район,Волгоградская область,2,2,2,2,222222222222222222222222,False,49.406,46.4177
tid_1036,Руднянский муниципальный район,Волгоградская область,2,2,2,2,222222222222222221222222,False,50.7918,44.3482
tid_1037,Светлоярский муниципальный район,Волгоградская область,2,2,2,2,222222222212212221222111,False,48.2898,44.4984
tid_1038,Серафимовичский муниципальный район,Волгоградская область,2,2,2,2,222222222222222222222222,False,49.4885,42.7078
tid_1039,Среднеахтубинский муниципальный район,Волгоградская область,1,1,1,1,111111111111111111111111,False,48.8246,44.9742
tid_1040,Старополтавский муниципальный район,Волгоградская область,2,2,2,2,221122222211222122222122,False,50.4179,46.5028
tid_1041,Суровикинский муниципальный район,Волгоградская область,2,2,2,2,222222222222222222222222,False,48.5642,42.9796
tid_1044,Чернышковский муниципальный район,Волгоградская область,2,2,2,2,222222222222222222222222,False,48.1636,42.523
tid_1047,Бабаевский муниципальный округ,Вологодская область,2,2,2,2,222222222222222222222222,False,59.8881,35.7369
tid_1048,Бабушкинский муниципальный округ,Вологодская область,2,2,2,2,212222222222222211122222,False,59.7182,43.6615
tid_1049,Белозерский муниципальный округ,Вологодская область,1,1,1,1,221111111111111111111111,False,60.0813,37.0148
tid_1051,Великоустюгский муниципальный округ,Вологодская область,1,1,1,1,111111111111111111111111,False,60.7168,45.9158
tid_1052,Верховажский муниципальный округ,Вологодская область,2,2,2,2,222222222222222222222222,False,60.662,41.9361
tid_1053,Вожегодский муниципальный округ,Вологодская область,2,2,2,2,222222222222222222222222,False,60.5426,40.0082
tid_1054,Вологодский муниципальный округ,Вологодская область,1,1,1,1,111111111111111111111111,False,59.3675,39.3005
tid_1055,Вытегорский муниципальный район,Вологодская область,2,2,2,2,222222222222222211111222,False,61.0247,36.5755
tid_1056,Грязовецкий муниципальный округ,Вологодская область,2,2,2,2,222222222222222222222222,False,58.9254,40.4968
tid_1057,Кадуйский муниципальный округ,Вологодская область,2,2,2,2,222222222222322222222222,False,59.4578,36.7168
tid_1058,Кирилловский муниципальный округ,Вологодская область,2,2,2,2,111222222222222222222222,False,60.1846,38.4248
tid_1059,Кичменгско-Городецкий муниципальный округ,Вологодская область,2,1,1,2,222222222222221111111111,True,60.0254,45.8431
tid_1060,Междуреченский муниципальный округ,Вологодская область,2,2,2,2,222222222222222222222222,False,59.3567,41.1164
tid_1061,Никольский муниципальный округ,Вологодская область,2,2,2,2,222221211122222221121222,False,59.5332,45.1303
tid_1062,Нюксенский муниципальный округ,Вологодская область,2,2,2,2,222222222222222212222222,False,60.5322,44.4181
tid_1063,Сокольский муниципальный округ,Вологодская область,2,2,2,2,111222222222222222221221,False,59.628,40.566
tid_1064,Сямженский муниципальный округ,Вологодская область,2,2,2,2,222222222222222222222222,False,60.0919,41.1414
tid_1065,Тарногский муниципальный округ,Вологодская область,2,2,2,2,222222222222222221222222,False,60.6292,43.4118
tid_1066,Тотемский муниципальный округ,Вологодская область,2,2,2,2,222222222222222221122222,False,59.911,42.438
tid_1067,Усть-Кубинский муниципальный округ,Вологодская область,2,2,2,2,222222222222222222222222,False,59.9548,39.2658
tid_1068,Устюженский муниципальный округ,Вологодская область,2,2,2,2,222222222222222222222222,False,58.9349,36.2094
tid_1069,Харовский муниципальный округ,Вологодская область,2,2,2,2,322222222222322222222222,False,60.1147,39.9879
tid_1070,Чагодощенский муниципальный округ,Вологодская область,1,2,2,1,111111111112222111111122,False,59.119,35.1687
tid_1071,Череповецкий муниципальный район,Вологодская область,1,1,1,1,111111111111111111111111,False,59.1262,37.6933
tid_1072,Шекснинский муниципальный район,Вологодская область,2,2,2,2,111222222222222222222222,False,59.302,38.4603
tid_11,Кош-Агачский муниципальный район,Республика Алтай,1,1,1,1,111111111111111111111111,False,49.6155,88.0139
tid_1107,городской округ Иваново,Ивановская область,1,1,1,1,111111111111111111111111,False,57.0367,40.8642
tid_1108,городской округ Вичуга,Ивановская область,2,2,2,2,222222222222222222222222,False,57.2371,41.8078
tid_1109,городской округ Кинешма,Ивановская область,1,1,1,1,111111111111111111111111,False,57.4746,42.0375
tid_1110,городской округ Кохма,Ивановская область,1,1,1,1,222111111122211111111111,False,56.9672,40.9782
tid_1111,городской округ Тейково,Ивановская область,2,2,2,2,222222222222222222222222,False,56.8852,40.4305
tid_1112,городской округ Шуя,Ивановская область,1,1,2,1,222111111111211111111111,False,56.881,41.27
tid_1113,Вичугский муниципальный район,Ивановская область,2,2,2,2,222222222222222222222222,False,57.2826,41.8224
tid_1115,Гаврилово-Посадский муниципальный район,Ивановская область,2,2,2,2,222222222222222222222222,False,56.6625,39.987
tid_1116,Заволжский муниципальный район,Ивановская область,2,2,2,2,222222222222222222222222,False,57.5892,41.876
tid_1117,Ивановский муниципальный район,Ивановская область,1,1,1,1,111111110101111011010001,False,57.0562,40.8928
tid_1118,Ильинский муниципальный район,Ивановская область,2,2,2,2,222222222222222222222222,False,56.9852,39.6931
tid_1119,Кинешемский муниципальный район,Ивановская область,2,2,2,2,222222222222222222222222,False,57.4077,42.3489
tid_1120,Комсомольский муниципальный район,Ивановская область,2,2,2,2,222222222222222222222222,False,57.1481,40.2598
tid_1121,Лежневский муниципальный район,Ивановская область,2,2,2,2,222222222222222222222222,False,56.7714,40.7869
tid_1122,Лухский муниципальный район,Ивановская область,2,2,2,2,222222222222222222222222,False,57.0454,42.3197
tid_1123,Палехский муниципальный район,Ивановская область,2,2,2,2,222222222222222222222222,False,56.8464,41.8536
tid_1124,Пестяковский муниципальный район,Ивановская область,2,2,2,2,222222222222222222222222,False,56.6337,42.5163
tid_1125,Приволжский муниципальный район,Ивановская область,2,2,2,2,222222222222222222222222,False,57.3771,41.2826
tid_1126,Пучежский муниципальный район,Ивановская область,2,2,2,2,222222222222222222222222,False,57.0006,42.8897
tid_1127,Родниковский муниципальный район,Ивановская область,2,2,2,2,222222222222222222222222,False,57.1177,41.6151
tid_1128,Савинский муниципальный район,Ивановская область,2,2,2,2,222222222222222222222222,False,56.6096,41.1934
tid_1129,Тейковский муниципальный район,Ивановская область,2,2,2,2,222222222222222222222222,False,56.8214,40.3591
tid_1130,Фурмановский муниципальный район,Ивановская область,2,2,2,2,222222222222222222222222,False,57.2645,40.9112
tid_1131,Шуйский муниципальный район,Ивановская область,1,1,1,1,211111111111111111111112,False,56.8677,41.3248
tid_1132,Южский муниципальный район,Ивановская область,2,2,2,2,222222222222222222222222,False,56.5992,41.9388
tid_1133,Юрьевецкий муниципальный район,Ивановская область,2,2,2,2,222222222222222222222222,False,57.3146,42.8262
tid_1134,городской округ город Иркутск,Иркутская область,0,0,0,0,000000000000000000000000,False,52.1617,104.239
tid_1135,городской округ Ангарский,Иркутская область,1,1,1,1,111111111111111111111111,False,52.2281,103.688
tid_1136,городской округ город Братск,Иркутская область,1,1,1,1,111111111111111111111111,False,56.0945,101.628
tid_1137,городской округ Зима,Иркутская область,1,1,2,1,221111111112211111111121,False,53.7809,102.009
tid_1138,городской округ город Саянск,Иркутская область,1,1,1,1,111111111111111111111111,False,53.9608,102.108
tid_1139,городской округ город Тулун,Иркутская область,1,1,1,1,211111111111111111111111,False,54.4234,100.562
tid_1140,городской округ город Усолье-Сибирское,Иркутская область,1,1,1,1,111111111111111111111111,False,52.6214,103.58
tid_1141,городской округ город Усть-Илимск,Иркутская область,1,1,1,1,111111111111111111111111,False,57.912,102.664
tid_1142,городской округ город Черемхово,Иркутская область,1,1,1,1,111111111111111111111111,False,52.9846,103.075
tid_1143,городской округ город Свирск,Иркутская область,2,2,2,2,222222222222222222222222,False,52.9101,103.317
tid_1144,Балаганский муниципальный район,Иркутская область,2,2,2,2,222222222222222222222222,False,54.5449,102.838
tid_1146,Братский муниципальный район,Иркутская область,2,2,2,2,222222222222222222222222,False,55.7986,101.658
tid_1147,Жигаловский муниципальный район,Иркутская область,1,1,1,1,111111111111111111111111,False,54.8269,105.297
tid_1148,Заларинский муниципальный район,Иркутская область,1,1,2,1,111211111111111111211111,False,53.1403,101.529
tid_1149,Зиминский муниципальный район,Иркутская область,1,2,2,1,111111111111121122222222,True,53.6893,101.611
tid_1150,Иркутский муниципальный район,Иркутская область,0,0,0,0,000000000000000000000000,False,52.1324,104.868
tid_1151,Казачинско-Ленский муниципальный район,Иркутская область,1,1,2,1,111111111112111211111111,False,55.9512,107.972
tid_1152,Катангский муниципальный район,Иркутская область,3,3,3,3,333333333333333333333333,False,60.7192,107.344
tid_1153,Качугский муниципальный район,Иркутская область,1,1,1,1,111111111111111111111111,False,53.983,106.565
tid_1154,Киренский муниципальный район,Иркутская область,2,2,2,2,331222112221222222222222,False,57.8789,109.134
tid_1155,Куйтунский муниципальный район,Иркутская область,1,1,2,1,111111111112111211111112,False,54.4073,101.559
tid_1157,Нижнеилимский муниципальный район,Иркутская область,2,2,2,2,222222212222222222122222,False,56.7662,103.717
tid_1158,Нижнеудинский муниципальный район,Иркутская область,2,2,2,2,222222222112222221112112,False,54.2251,98.3114
tid_1159,Ольхонский муниципальный район,Иркутская область,1,1,1,1,111111111111111111111111,False,53.1397,107.123
tid_1160,Слюдянский муниципальный район,Иркутская область,1,1,1,1,111111111111111111111111,False,51.4498,103.965
tid_1161,Тайшетский муниципальный район,Иркутская область,1,1,2,1,111111111111111111111111,False,56.0878,97.8967
tid_1163,Усольский муниципальный район,Иркутская область,1,1,1,1,111121221111111111111111,False,52.2678,103.176
tid_1164,Усть-Илимский муниципальный район,Иркутская область,2,2,2,2,222223232222222222222221,False,57.8755,102.619
tid_1165,Усть-Кутский муниципальный район,Иркутская область,1,1,1,1,111111111111111111111111,False,56.8675,105.855
tid_1166,Усть-Удинский муниципальный район,Иркутская область,2,2,2,2,222222222222222222221222,False,55.0089,103.831
tid_1167,Черемховский муниципальный район,Иркутская область,2,2,2,2,222222222222222222222222,False,52.6277,102.249
tid_1168,Чунский муниципальный район,Иркутская область,2,2,2,2,222222222222222222222222,False,56.6583,99.6761
tid_1169,Шелеховский муниципальный район,Иркутская область,1,1,1,1,111111111111111111111111,False,51.8752,103.79
tid_1170,Аларский муниципальный район,Иркутская область,1,1,2,1,111111111111121111121111,False,53.17,102.738
tid_1171,Баяндаевский муниципальный район,Иркутская область,1,1,1,1,111111111111111111111111,False,52.9988,105.523
tid_1172,Боханский муниципальный район,Иркутская область,1,1,1,1,111111111111111111111111,False,53.0094,103.878
tid_1173,Нукутский муниципальный район,Иркутская область,1,2,2,1,211111111111222222221122,False,53.616,102.834
tid_1174,Осинский муниципальный район,Иркутская область,1,1,2,1,111111111111111111111111,False,53.467,103.993
tid_1175,Эхирит-Булагатский муниципальный район,Иркутская область,1,1,1,1,111111111111111111111111,False,52.7722,104.87
tid_1176,городской округ город Калининград,Калининградская область,0,0,0,0,000000000000000000000000,False,54.7646,20.1567
tid_1178,городской округ Мамоновский,Калининградская область,1,2,2,1,111111122222222212222222,True,54.515,19.6629
tid_1179,городской округ Пионерский,Калининградская область,1,1,1,1,111122211111112222211111,False,55.0019,19.9246
tid_1180,городской округ Светловский,Калининградская область,2,2,2,2,111212222222222222222222,False,54.7636,19.9098
tid_1181,городской округ Советский,Калининградская область,1,1,1,1,111111111111111111111111,False,55.1311,21.5825
tid_1184,городской округ Балтийский,Калининградская область,1,1,1,1,113111111111111111111111,False,54.7406,19.6669
tid_1185,муниципальный округ Гвардейский,Калининградская область,1,2,2,1,113312222223222222222222,True,54.71,20.7893
tid_1186,муниципальный округ Гурьевский,Калининградская область,0,0,0,0,000000000000000000000000,False,54.8084,20.358
tid_1187,городской округ Гусевский,Калининградская область,1,1,1,1,111111111111111111111111,False,54.6834,21.914
tid_1188,муниципальный округ Зеленоградский,Калининградская область,0,0,0,0,111000000000000000000000,False,54.9298,20.0018
tid_1189,муниципальный округ Краснознаменский,Калининградская область,2,2,2,2,222222222211111112222222,False,54.9341,22.2337
tid_1190,городской округ Светлогорский,Калининградская область,0,0,0,0,111100000000000000000000,False,54.9938,19.7841
tid_1191,муниципальный округ Неманский,Калининградская область,1,1,1,1,111111111111111111111111,False,54.9983,21.7359
tid_1192,муниципальный округ Нестеровский,Калининградская область,1,1,2,1,211112221111111111222211,False,54.5851,22.2629
tid_1193,муниципальный округ Озерский,Калининградская область,1,2,2,1,211112221112222111222222,True,54.4787,21.6793
tid_1194,муниципальный округ Полесский,Калининградская область,1,1,1,1,111111111111111111112111,False,54.8884,20.9673
tid_1195,муниципальный округ Правдинский,Калининградская область,2,2,2,2,222222222222222222222222,False,54.5019,20.9023
tid_1196,муниципальный округ Славский,Калининградская область,1,1,2,1,121111122111111111112212,False,55.0876,21.2354
tid_1197,муниципальный округ Черняховский,Калининградская область,1,1,1,1,111111111111111111111111,False,54.7185,21.4588
tid_1198,городской округ город Калуга,Калужская область,0,0,0,0,111000000001000000000001,False,54.5907,36.1113
tid_12,Майминский муниципальный район,Республика Алтай,1,1,1,1,111111111111111111111111,False,51.7071,86.0323
tid_1200,Бабынинский муниципальный район,Калужская область,2,2,2,2,222222222222222222222222,False,54.46,35.6378
tid_1201,Барятинский муниципальный район,Калужская область,2,2,2,2,222222222222222222222222,False,54.3768,34.4138
tid_1203,Дзержинский муниципальный район,Калужская область,2,2,2,2,222222222222222222222222,False,54.7548,35.7466
tid_1204,Думиничский муниципальный район,Калужская область,2,2,2,2,222222222222222222222222,False,53.9661,34.9111
tid_1205,Жиздринский муниципальный район,Калужская область,2,2,2,2,222222222222222222222222,False,53.6941,34.6133
tid_1206,Жуковский муниципальный район,Калужская область,2,2,2,2,222222222222222222222111,False,55.0347,36.7715
tid_1207,Кировский муниципальный район,Калужская область,2,1,2,2,222121122222222111111211,False,54.1539,34.2413
tid_1208,Износковский муниципальный район,Калужская область,2,2,2,2,222222222222222222222222,False,55.0504,35.2723
tid_1209,Козельский муниципальный район,Калужская область,2,2,2,2,222222222222222222222222,False,54.0683,35.7069
tid_1210,Куйбышевский муниципальный район,Калужская область,2,2,2,2,222222222222222221222222,False,54.1196,33.7058
tid_1211,Людиновский муниципальный район,Калужская область,2,2,2,2,222222222222222222222222,False,53.9485,34.3561
tid_1212,Малоярославецкий муниципальный район,Калужская область,1,1,1,1,111111111111111111111111,False,54.9233,36.2707
tid_1213,Медынский муниципальный район,Калужская область,2,2,2,2,222222222222222222222222,False,55.1133,35.6948
tid_1214,Мещовский муниципальный район,Калужская область,2,2,2,2,222222222222222222222222,False,54.3783,35.1805
tid_1215,Мосальский муниципальный район,Калужская область,2,2,2,2,222222222222222222222222,False,54.589,34.7285
tid_1217,Спас-Деменский муниципальный район,Калужская область,2,2,2,2,222222222222222222222222,False,54.4388,33.8356
tid_1218,Сухиничский муниципальный район,Калужская область,2,2,2,2,222222222222222222222222,False,54.1504,35.1182
tid_1219,Тарусский муниципальный район,Калужская область,2,2,2,2,222222222222222222222222,False,54.7501,36.9016
tid_1220,Ульяновский муниципальный район,Калужская область,2,2,2,2,222222222222222222222222,False,53.7354,35.4779
tid_1221,Ферзиковский муниципальный район,Калужская область,2,1,1,2,222222212111121111111111,True,54.5521,36.5678
tid_1222,Хвастовичский муниципальный район,Калужская область,2,2,2,2,222222222222222222222222,False,53.5128,35.0212
tid_1223,Юхновский муниципальный район,Калужская область,2,2,2,2,222222222222222222222222,False,54.7525,35.1268
tid_1224,городской округ Кемеровский,Кемеровская область,0,0,0,0,111000000000000000000000,False,55.2774,86.0903
tid_1225,городской округ Анжеро-Судженский,Кемеровская область,1,1,1,1,111111111111111111111111,False,55.9528,86.1009
tid_1226,городской округ Беловский,Кемеровская область,1,1,1,1,111111111111111111111111,False,54.2398,86.2947
tid_1227,городской округ Березовский,Кемеровская область,1,1,2,1,222111111122222211111111,False,55.537,86.2734
tid_1228,городской округ Калтанский,Кемеровская область,1,1,2,1,221111111112221111111111,False,53.3617,87.3048
tid_1229,городской округ Киселевский,Кемеровская область,1,1,1,1,111111111111111111111111,False,53.8901,86.5994
tid_1230,городской округ Ленинск-Кузнецкий,Кемеровская область,1,1,1,1,111111111111111111111111,False,54.5461,86.1948
tid_1231,городской округ Междуреченский,Кемеровская область,1,1,1,1,111111111111111111111111,False,53.6603,88.6097
tid_1232,городской округ Мысковский,Кемеровская область,1,1,1,1,221111111111111111111111,False,53.486,87.7205
tid_1233,городской округ Новокузнецкий,Кемеровская область,1,1,1,1,111111111111111111111111,False,53.6693,87.2068
tid_1234,городской округ Осинниковский,Кемеровская область,1,1,1,1,111111111111111111111111,False,53.511,87.4039
tid_1235,городской округ Полысаевский,Кемеровская область,1,1,1,1,111111111111111111111111,False,54.4541,86.2831
tid_1236,городской округ Прокопьевский,Кемеровская область,1,1,1,1,111111111111111111111111,False,53.7514,86.7487
tid_1237,городской округ Тайгинский,Кемеровская область,1,2,2,1,222111121222222222221222,False,56.021,85.6961
tid_1238,городской округ Юргинский,Кемеровская область,1,1,1,1,111111111111111111111111,False,55.6173,84.923
tid_1240,Беловский муниципальный округ,Кемеровская область,1,1,2,1,122111111111222111211111,False,54.2971,86.6893
tid_1241,Гурьевский муниципальный округ,Кемеровская область,1,1,2,1,222111111122222111111111,False,54.2589,85.6142
tid_1242,Ижморский муниципальный округ,Кемеровская область,2,2,2,2,222222222222222222222222,False,56.0391,86.8086
tid_1243,Кемеровский муниципальный округ,Кемеровская область,1,1,1,1,111111111111111001111001,False,55.3961,86.258
tid_1244,Крапивинский муниципальный округ,Кемеровская область,2,2,2,2,222222222222222222222222,False,54.8444,87.1092
tid_1246,Мариинский муниципальный округ,Кемеровская область,1,1,1,1,211111111111111111111111,False,56.2985,87.8008
tid_1249,Промышленновский муниципальный округ,Кемеровская область,1,1,2,1,221111111111221111111111,False,54.8028,85.4609
tid_1250,Таштагольский муниципальный район,Кемеровская область,1,1,1,1,111111111111111111111111,False,52.6817,88.14
tid_1251,Тисульский муниципальный округ,Кемеровская область,2,2,2,2,222221121122222222222122,False,55.2636,88.1383
tid_1252,Топкинский муниципальный округ,Кемеровская область,1,1,1,1,222111111111111111111111,False,55.2026,85.4361
tid_1253,Тяжинский муниципальный округ,Кемеровская область,2,2,2,2,222222222222222222222222,False,55.9829,88.7614
tid_1254,Чебулинский муниципальный округ,Кемеровская область,1,1,2,1,222111111122221211111111,False,55.6832,87.5261
tid_1256,Яйский муниципальный округ,Кемеровская область,2,1,2,2,222211222222222211111111,True,56.1504,86.2055
tid_1257,Яшкинский муниципальный округ,Кемеровская область,2,2,2,2,222222222222222222122112,False,55.8104,85.4233
tid_1258,городской округ город Киров,Кировская область,1,0,0,0,111000000000000000000000,True,58.6152,49.4185
tid_1259,городской округ город Вятские Поляны,Кировская область,2,1,2,1,222121111112222111111111,True,56.2392,51.0211
tid_1260,городской округ город Кирово-Чепецк,Кировская область,1,1,1,1,111111111111111111111111,False,58.5598,49.954
tid_1261,городской округ город Котельнич,Кировская область,2,2,2,2,222222222222222222222222,False,58.3279,48.2468
tid_1262,городской округ город Слободской,Кировская область,1,1,2,1,111112221221211121211221,False,58.7393,50.1226
tid_1264,муниципальный округ Арбажский,Кировская область,1,1,2,1,111111111121111111212221,False,57.7859,48.2597
tid_1265,муниципальный округ Афанасьевский,Кировская область,2,2,2,2,212222222222222222222222,False,58.8969,53.2086
tid_1266,Белохолуницкий муниципальный район,Кировская область,2,2,2,2,222222222222222222222222,False,59.0531,51.1738
tid_1267,муниципальный округ Богородский,Кировская область,3,2,2,3,333333333333322222222222,True,57.866,50.7505
tid_1268,муниципальный округ Верхнекамский,Кировская область,2,2,2,2,222222222222222222222222,False,59.774,52.4978
tid_1269,Верхошижемский муниципальный район,Кировская область,2,2,2,2,222222222222222222222222,False,58.0087,49.0761
tid_1270,Вятскополянский муниципальный район,Кировская область,2,2,2,2,222222222222222222222222,False,56.2505,51.1378
tid_1271,Даровской муниципальный район,Кировская область,2,2,2,2,222222222222222222222222,False,59.0488,47.7269
tid_1272,Зуевский муниципальный район,Кировская область,2,2,2,2,222222222222222222222222,False,58.3729,51.0199
tid_1273,муниципальный округ Кикнурский,Кировская область,2,2,2,2,222222222222222222222222,False,57.3629,47.052
tid_1274,Кильмезский муниципальный район,Кировская область,2,2,2,2,222222222222222222222222,False,57.0267,50.9309
tid_1275,Кирово-Чепецкий муниципальный район,Кировская область,1,1,1,1,111111111111111111111111,False,58.3988,50.0857
tid_1276,Котельничский муниципальный район,Кировская область,2,2,2,2,322233222222222222222222,False,58.2941,48.0282
tid_1277,Куменский муниципальный район,Кировская область,2,2,2,2,222222222222222222222222,False,58.148,50.0145
tid_1278,муниципальный округ Лебяжский,Кировская область,2,2,2,2,222222222222222222222222,False,57.317,49.413
tid_1279,муниципальный округ Лузский,Кировская область,2,2,2,2,222222222222222222222222,False,60.6907,47.7322
tid_1280,Малмыжский муниципальный район,Кировская область,2,2,2,2,222222222222222222222222,False,56.597,50.6674
tid_1281,муниципальный округ Мурашинский,Кировская область,2,2,2,2,222222222222222222222222,False,59.3751,48.628
tid_1282,Нагорский муниципальный район,Кировская область,3,2,2,3,333333333222222222222222,True,59.5776,50.701
tid_1284,Нолинский муниципальный район,Кировская область,2,2,2,2,222222222222222222222222,False,57.6029,49.7688
tid_1285,Омутнинский муниципальный район,Кировская область,2,2,2,2,222222222222222222222222,False,58.8236,52.246
tid_1286,муниципальный округ Опаринский,Кировская область,2,2,2,2,222222222222222222222222,False,59.7529,47.7052
tid_1287,Оричевский муниципальный район,Кировская область,2,2,2,2,222222222222222222222222,False,58.313,48.8926
tid_1288,Орловский муниципальный район,Кировская область,2,2,2,2,222222222222222222222222,False,58.725,48.7038
tid_1289,муниципальный округ Пижанский,Кировская область,2,2,2,2,222232222222222222222222,False,57.4152,48.4498
tid_1290,Подосиновский муниципальный район,Кировская область,2,2,2,2,222222222222222222222222,False,60.2706,47.2222
tid_1291,муниципальный округ Санчурский,Кировская область,2,2,2,2,233322222222222222222222,False,57.0364,47.1413
tid_1292,муниципальный округ Свечинский,Кировская область,2,2,2,2,222222222222222222222222,False,58.3582,47.5037
tid_1293,Слободской муниципальный район,Кировская область,2,2,2,2,212222222222222222222222,False,58.8691,50.083
tid_1294,Советский муниципальный район,Кировская область,2,2,2,2,222222222222222222222222,False,57.5434,48.9117
tid_1295,Сунский муниципальный район,Кировская область,2,2,2,2,222222222222222222222222,False,57.8908,49.986
tid_1296,Тужинский муниципальный район,Кировская область,2,2,2,2,222222222222222222222222,False,57.6219,47.7557
tid_1297,муниципальный округ Унинский,Кировская область,3,2,2,3,333333333322222222222222,True,57.6793,51.3727
tid_1298,Уржумский муниципальный район,Кировская область,2,2,2,2,222222222222222222222222,False,57.075,50.0392
tid_1299,муниципальный округ Фаленский,Кировская область,2,2,2,2,222222222222222222222222,False,58.2166,51.5198
tid_13,Онгудайский муниципальный район,Республика Алтай,1,1,1,1,111111111111111111111111,False,50.5661,86.4923
tid_1300,Шабалинский муниципальный район,Кировская область,2,2,2,2,222222222222222222222222,False,58.3829,46.8723
tid_1301,Юрьянский муниципальный район,Кировская область,2,2,2,2,222222222222222222222222,False,59.0411,49.1541
tid_1302,Яранский муниципальный район,Кировская область,2,2,2,1,222111111221112111122222,False,57.2476,47.8693
tid_1303,городской округ город Кострома,Костромская область,1,1,1,1,111111111111111111111111,False,57.8174,40.8128
tid_1304,городской округ город Буй,Костромская область,2,2,2,2,222222222222222222222222,False,58.5224,41.4048
tid_1305,городской округ город Волгореченск,Костромская область,2,2,2,2,222222222222222222222222,False,57.4772,41.0508
tid_1306,городской округ город Галич,Костромская область,2,2,2,2,222222222222222222222222,False,58.4123,42.2228
tid_1308,городской округ город Шарья,Костромская область,2,2,2,2,222222222222222222222222,False,58.4049,45.386
tid_1309,Антроповский муниципальный район,Костромская область,2,2,2,2,222222222222222222222222,False,58.2481,42.8859
tid_1310,Буйский муниципальный район,Костромская область,2,2,2,2,222222222222222222222222,False,58.6434,41.3709
tid_1311,Вохомский муниципальный район,Костромская область,2,2,2,2,222222222222222222222222,False,59.1932,46.5246
tid_1312,Галичский муниципальный район,Костромская область,2,2,2,2,222222222222222222222222,False,58.4275,42.1397
tid_1313,Кадыйский муниципальный район,Костромская область,2,2,2,2,222222222222222222222222,False,57.77,42.9964
tid_1314,Кологривский муниципальный округ,Костромская область,2,2,2,2,222222222222222222222222,False,58.9832,44.0854
tid_1315,Костромской муниципальный район,Костромская область,1,1,1,1,111111111111111111111111,False,57.9262,40.8544
tid_1316,Красносельский муниципальный район,Костромская область,2,2,2,2,222222222222222222222222,False,57.6214,41.2122
tid_1317,Макарьевский муниципальный район,Костромская область,2,2,2,2,222222222222222222222222,False,57.8135,43.9399
tid_1319,Межевской муниципальный округ,Костромская область,2,2,2,2,222222232222222222222222,False,58.8986,44.9216
tid_1320,Нейский муниципальный округ,Костромская область,2,2,2,2,222222222222222222222222,False,58.4169,43.8632
tid_1321,муниципальный район город Нерехта и Нерехтский район,Костромская область,2,2,2,2,222222222222222222222222,False,57.4803,40.629
tid_1322,Октябрьский муниципальный район,Костромская область,2,2,2,2,222222222222222222222222,False,59.0359,47.0324
tid_1323,Островский муниципальный округ,Костромская область,2,2,2,2,222222222222222222222222,False,57.8584,42.2141
tid_1324,Павинский муниципальный округ,Костромская область,2,2,2,2,222222221222222222222222,False,59.1476,46.0347
tid_1325,Парфеньевский муниципальный округ,Костромская область,2,2,2,2,222222222222222222222222,False,58.6189,43.3841
tid_1326,Поназыревский муниципальный округ,Костромская область,2,2,2,2,322322223222222222222222,False,58.4831,46.2658
tid_1327,Пыщугский муниципальный округ,Костромская область,2,2,2,2,222222222222222222222222,False,58.9399,45.5146
tid_1328,Солигаличский муниципальный округ,Костромская область,2,2,2,2,222222222222222222222222,False,59.0922,42.0602
tid_1329,Судиславский муниципальный район,Костромская область,2,2,2,2,222222222222222222222222,False,57.9444,41.5673
tid_1330,Сусанинский муниципальный район,Костромская область,2,2,2,2,222222222222222222222222,False,58.1908,41.4364
tid_1331,Чухломский муниципальный район,Костромская область,2,2,2,2,222222222222222222222222,False,58.9365,42.8645
tid_1333,городской округ город Курган,Курганская область,1,1,1,1,111111111111111111111111,False,55.375,65.363
tid_1334,городской округ город Шадринск,Курганская область,1,1,2,1,222111111111111111111111,False,56.0833,63.7189
tid_1335,Альменевский муниципальный округ,Курганская область,2,2,2,2,222222222222222222222222,False,54.8294,63.3818
tid_1336,Белозерский муниципальный округ,Курганская область,2,2,2,2,222222222222222222222222,False,55.8767,65.5299
tid_1337,Варгашинский муниципальный округ,Курганская область,2,2,2,2,222222222222222222222222,False,55.5,66.0649
tid_1338,Далматовский муниципальный округ,Курганская область,2,2,2,2,222222222222222222222222,False,56.1793,63.118
tid_1339,Звериноголовский муниципальный округ,Курганская область,2,2,2,2,222222222222222222222222,False,54.4259,64.8621
tid_1340,Каргапольский муниципальный округ,Курганская область,2,2,2,2,222222222222222222222222,False,55.8475,64.5606
tid_1341,Катайский муниципальный округ,Курганская область,2,2,2,2,222222222222222222222222,False,56.1396,62.4973
tid_1343,Куртамышский муниципальный округ,Курганская область,2,2,2,2,222222222222222222222222,False,54.762,64.4986
tid_1344,Лебяжьевский муниципальный округ,Курганская область,2,2,2,2,222222222222222222222222,False,55.2194,66.5673
tid_1345,муниципальный округ Макушинский,Курганская область,2,2,2,2,222222222222222222222222,False,55.0951,67.2103
tid_1346,Мишкинский муниципальный округ,Курганская область,2,2,2,2,222222222222222222222222,False,55.3545,63.8391
tid_1347,Мокроусовский муниципальный округ,Курганская область,2,2,2,2,222222222222222222222222,False,55.6945,66.9026
tid_1348,Петуховский муниципальный округ,Курганская область,2,2,2,2,222222222222222222222222,False,55.0894,68.0093
tid_1349,Половинский муниципальный округ,Курганская область,2,2,2,2,222222222222222222222222,False,54.7881,66.0855
tid_1350,Притобольный муниципальный округ,Курганская область,2,2,2,2,222222222222222222222222,False,54.7989,65.3173
tid_1351,Сафакулевский муниципальный округ,Курганская область,1,2,2,2,111222222222222222222222,True,54.8349,62.4772
tid_1352,Целинный муниципальный округ,Курганская область,2,2,2,2,222222222222222222222222,False,54.4228,63.7226
tid_1353,Частоозерский муниципальный округ,Курганская область,2,2,2,2,112222222222222222222222,False,55.4638,67.9521
tid_1355,Шатровский муниципальный округ,Курганская область,2,2,2,2,222222222222222222222222,False,56.3987,64.7048
tid_1356,муниципальный округ Шумихинский,Курганская область,2,2,2,2,222222222222222222222222,False,55.3404,63.2445
tid_1357,Щучанский муниципальный округ,Курганская область,2,2,2,2,222222222222222222222222,False,55.3129,62.6624
tid_1358,Юргамышский муниципальный округ,Курганская область,2,2,2,2,222222222222222222222222,False,55.3491,64.4584
tid_1392,Бокситогорский муниципальный район,Ленинградская область,2,2,2,2,222221112222222211111222,False,59.5959,34.3989
tid_1393,Волосовский муниципальный район,Ленинградская область,1,1,1,1,111111111112221111111111,False,59.4113,29.0837
tid_1394,Волховский муниципальный район,Ленинградская область,1,1,1,1,121111111111111111111111,False,60.3062,32.1669
tid_1395,Всеволожский муниципальный район,Ленинградская область,0,0,0,0,000000000000000000000000,False,60.3449,30.5088
tid_1396,Выборгский муниципальный район,Ленинградская область,1,0,0,1,111100000000111000000000,True,60.6125,28.5672
tid_1397,Гатчинский муниципальный район,Ленинградская область,0,0,0,0,111000000000000000000000,False,59.4362,29.9155
tid_1398,Кингисеппский муниципальный район,Ленинградская область,1,1,1,1,111111111111111111111111,False,59.8391,27.6438
tid_1399,Киришский муниципальный район,Ленинградская область,1,1,1,1,111111111111111111111111,False,59.5169,32.0339
tid_14,Турочакский муниципальный район,Республика Алтай,1,2,2,1,111211111112222111111222,False,51.8711,87.5011
tid_1400,Кировский муниципальный район,Ленинградская область,1,1,1,1,111111111001111110111111,False,60.0606,31.2012
tid_1401,Лодейнопольский муниципальный район,Ленинградская область,1,1,1,1,221111111111111111111111,False,60.615,33.3166
tid_1402,Ломоносовский муниципальный район,Ленинградская область,0,0,0,0,110000000000000000000000,False,59.8813,29.1457
tid_1403,Лужский муниципальный район,Ленинградская область,1,1,1,1,111111111111111111111111,False,58.9129,29.5558
tid_1404,Подпорожский муниципальный район,Ленинградская область,2,1,2,1,222111111222221111111111,True,60.9108,34.4599
tid_1405,Приозерский муниципальный район,Ленинградская область,1,1,1,1,111111111111111111111111,False,60.8729,30.0022
tid_1406,Сланцевский муниципальный район,Ленинградская область,1,1,2,1,121111111111111111111112,False,59.1468,28.0855
tid_1407,Тихвинский муниципальный район,Ленинградская область,1,1,1,1,111111111111111111111111,False,59.9239,33.5906
tid_1408,Тосненский муниципальный район,Ленинградская область,1,0,0,1,111010111000110000000001,False,59.433,30.7707
tid_1409,городской округ Сосновоборский,Ленинградская область,0,0,0,0,111000000000000000000000,False,59.9427,28.8105
tid_1410,городской округ город Липецк,Липецкая область,1,1,0,1,111111111111000011111111,False,52.6146,39.5433
tid_1411,городской округ город Елец,Липецкая область,1,1,1,1,111111111111111111111111,False,52.6366,38.439
tid_1412,Воловский муниципальный район,Липецкая область,2,2,2,2,222222222222222222222222,False,52.0677,37.8923
tid_1413,Грязинский муниципальный район,Липецкая область,1,1,2,1,111111111111111111111111,False,52.4871,39.8054
tid_1414,Данковский муниципальный район,Липецкая область,2,2,2,2,222222222222222222222222,False,53.3372,38.8804
tid_1415,Добринский муниципальный район,Липецкая область,2,2,2,2,222222222222222222222222,False,52.1903,40.3043
tid_1416,Добровский муниципальный район,Липецкая область,2,2,2,2,222222222222222222222222,False,52.9182,39.7161
tid_1417,Долгоруковский муниципальный район,Липецкая область,2,2,2,2,222222222222222222222222,False,52.3593,38.2822
tid_1419,Задонский муниципальный район,Липецкая область,2,2,2,2,222222222222222222222222,False,52.4597,38.8511
tid_1420,Измалковский муниципальный район,Липецкая область,2,2,2,2,222222222222222222222222,False,52.6648,37.92
tid_1421,Краснинский муниципальный район,Липецкая область,2,2,2,2,222222222222222122222222,False,52.9133,38.679
tid_1422,Лебедянский муниципальный район,Липецкая область,2,2,2,1,111222222212222122222222,False,52.9977,39.0976
tid_1423,Лев-Толстовский муниципальный район,Липецкая область,2,2,2,2,222222222222222222222222,False,53.2686,39.4606
tid_1425,Становлянский муниципальный район,Липецкая область,2,2,2,2,222222222222222222222222,False,52.8927,38.1728
tid_1426,Тербунский муниципальный район,Липецкая область,2,2,2,2,222222222222222222222222,False,52.1444,38.3031
tid_1427,Усманский муниципальный район,Липецкая область,2,2,2,2,222222222222222222222222,False,52.1542,39.6946
tid_1428,Хлевенский муниципальный район,Липецкая область,2,2,2,2,122222222222222222222222,False,52.1941,39.063
tid_1429,Чаплыгинский муниципальный район,Липецкая область,2,2,2,2,222222222222222222222222,False,53.3012,39.8183
tid_1430,городской округ город Магадан,Магаданская область,3,3,0,3,333300003303003000003333,False,59.7679,150.882
tid_1431,муниципальный округ Ольский,Магаданская область,3,3,2,3,333333333333333333333333,False,59.975,151.358
tid_1438,муниципальный округ Ягоднинский,Магаданская область,3,3,2,3,333333333333333333333333,False,62.653,150.359
tid_1439,городской округ Балашиха,Московская область,0,0,0,0,000000000000000000000000,False,55.8236,37.844
tid_1440,городской округ Бронницы,Московская область,1,1,0,1,111111110000100010101111,False,55.4496,38.1438
tid_1443,городской округ Дзержинский,Московская область,0,0,0,0,000000000000000000000000,False,55.658,37.7236
tid_1444,городской округ Долгопрудный,Московская область,0,0,0,0,000000000000000000000000,False,55.9829,37.3758
tid_1445,городской округ Домодедово,Московская область,0,0,0,0,000000000000000000000000,False,55.3548,37.7218
tid_1446,городской округ Дубна,Московская область,0,0,0,0,111000000000000000000000,False,56.7834,37.03
tid_1447,городской округ Егорьевск,Московская область,1,1,1,1,111111111111111111111111,False,55.3309,39.1945
tid_1448,городской округ Жуковский,Московская область,0,0,0,0,000000000000000000000000,False,55.6137,37.9852
tid_1449,городской округ Зарайск,Московская область,1,1,2,1,111111111111111111111111,False,54.7605,38.799
tid_1453,городской округ Истра,Московская область,0,0,0,0,000000000000000000000000,False,55.9718,36.61
tid_1454,городской округ Кашира,Московская область,1,1,1,1,111111111111111111111111,False,54.7866,38.1886
tid_1456,городской округ Королёв,Московская область,0,0,0,0,000000000000000000000000,False,55.9494,37.7415
tid_1457,городской округ Котельники,Московская область,0,0,0,0,000000000000000000000000,False,55.6908,37.7324
tid_1459,городской округ Красногорск,Московская область,0,0,0,0,000000000000000000000000,False,55.8579,37.1149
tid_1461,городской округ Лобня,Московская область,0,0,0,0,000000000000000000000000,False,56.0686,37.3403
tid_1463,городской округ Луховицы,Московская область,1,1,1,1,111111111111111111111111,False,54.9804,39.1099
tid_1464,городской округ Лыткарино,Московская область,0,0,0,0,110000000000000000000000,False,55.6117,37.8052
tid_1465,городской округ Люберцы,Московская область,0,0,0,0,000000000000000000000000,False,55.687,37.8391
tid_1467,городской округ Мытищи,Московская область,0,0,0,0,000000000000000000000000,False,56.0451,37.519
tid_1468,городской округ Наро-Фоминский,Московская область,0,0,0,0,110000000000000000000000,False,55.402,36.4005
tid_1472,городской округ Подольск,Московская область,0,0,0,0,100000000000000000000000,False,55.4157,37.4307
tid_1473,городской округ Протвино,Московская область,1,1,1,1,111111111111111111111111,False,54.9138,37.0961
tid_1474,городской округ Пущино,Московская область,1,1,2,1,111111111221221111111111,False,54.8585,37.5077
tid_1475,городской округ Реутов,Московская область,0,0,0,0,000000000000000000000000,False,55.7938,37.7376
tid_1477,городской округ Рузский,Московская область,1,1,1,1,111111111111111111111111,False,55.7449,36.1443
tid_1478,городской округ Серебряные Пруды,Московская область,1,1,2,1,121111112212211111111111,False,54.4991,38.5437
tid_1480,городской округ Ступино,Московская область,0,0,0,0,111000000000000000000000,False,55.0876,37.9868
tid_1481,городской округ Фрязино,Московская область,0,0,0,0,110000000000000000000000,False,55.9913,37.9299
tid_1483,городской округ Черноголовка,Московская область,1,1,1,1,111111111111111111001111,False,56.0522,38.2609
tid_1484,городской округ Чехов,Московская область,0,0,0,0,111000000000000000000000,False,55.1825,37.3156
tid_1486,городской округ Шаховская,Московская область,1,1,1,1,111111111111111111111111,False,56.0251,35.3157
tid_1488,городской округ Электросталь,Московская область,0,0,0,0,111000000000000000000000,False,55.7837,38.3188
tid_1489,городской округ Волоколамский,Московская область,1,1,1,1,111111111111111111111111,False,56.0483,35.8284
tid_1490,городской округ Воскресенск,Московская область,1,1,1,1,111111111111111111111111,False,55.4118,38.5298
tid_1491,городской округ Дмитровский,Московская область,0,0,0,0,111000000000000000000000,False,56.4022,37.2878
tid_1492,городской округ Клин,Московская область,1,0,0,1,111111110000100000001000,False,56.3697,36.451
tid_1493,городской округ Ленинский,Московская область,0,0,0,0,000000000000000000000000,False,55.583,37.6536
tid_1494,городской округ Лотошино,Московская область,2,2,2,2,222222222222222222222222,False,56.3409,35.5806
tid_1495,городской округ Можайский,Московская область,1,1,1,1,111111111111111111111111,False,55.5447,35.5616
tid_1496,городской округ Богородский,Московская область,0,0,0,0,111000000000000000000000,False,55.9038,38.2626
tid_15,Улаганский муниципальный район,Республика Алтай,1,1,1,1,111111111111111111111111,False,50.6155,88.4157
tid_1500,городской округ Раменский,Московская область,0,0,0,0,000000000000000000000000,False,55.5221,38.1283
tid_1501,городской округ Сергиево-Посадский,Московская область,0,0,0,0,111000000000000000000000,False,56.4941,37.9614
tid_1504,городской округ Талдомский,Московская область,1,1,1,1,111111111111111111111111,False,56.7679,37.4957
tid_1506,городской округ город Мурманск,Мурманская область,0,0,0,0,110000000000000000000000,False,69.0591,32.6311
tid_1507,муниципальный округ город Апатиты,Мурманская область,1,1,1,1,111100011111111100011111,False,67.5425,32.7221
tid_1508,муниципальный округ город Кировск,Мурманская область,1,1,1,1,111100011111111100011111,False,67.5786,33.7147
tid_1509,муниципальный округ город Мончегорск,Мурманская область,1,1,1,1,111111111111111111111111,False,68.0191,32.0453
tid_1510,муниципальный округ город Оленегорск,Мурманская область,1,1,2,1,111111111222211111111222,False,68.1617,33.0318
tid_1511,муниципальный округ город Полярные Зори,Мурманская область,1,1,1,1,111111111111111110111111,False,67.5403,32.0897
tid_1512,Ковдорский муниципальный округ,Мурманская область,1,1,1,1,111111111111111111111111,False,67.661,30.6343
tid_1518,Кандалакшский муниципальный район,Мурманская область,1,1,1,1,111111111111111111111111,False,67.0504,30.7761
tid_1519,Кольский муниципальный район,Мурманская область,1,1,1,1,111111111111111111111111,False,68.7489,31.503
tid_1520,Ловозерский муниципальный район,Мурманская область,2,2,2,2,222222212222222221222222,False,67.7697,37.2547
tid_1521,Печенгский муниципальный округ,Мурманская область,1,1,1,1,111110111111111111111111,False,69.5347,30.5988
tid_1522,Терский муниципальный район,Мурманская область,2,2,2,2,222222222222222222222222,False,66.6685,36.1913
tid_1523,городской округ город Нижний Новгород,Нижегородская область,0,0,0,0,110000000000000000000000,False,56.2978,43.7955
tid_1525,городской округ город Бор,Нижегородская область,1,1,1,1,111111111111111111111111,False,56.4447,44.3549
tid_1526,городской округ город Выкса,Нижегородская область,1,1,1,1,111111111111111111111111,False,55.1976,42.1678
tid_1527,городской округ город Дзержинск,Нижегородская область,1,1,1,1,111111111111111111111111,False,56.2989,43.4164
tid_1528,городской округ город Кулебаки,Нижегородская область,2,2,2,2,222222222222222222222222,False,55.3857,42.528
tid_1529,городской округ Навашинский,Нижегородская область,2,2,2,2,222222222222222222222222,False,55.6071,42.42
tid_1530,городской округ Перевозский,Нижегородская область,2,2,2,2,222222222222222222222222,False,55.5987,44.4429
tid_1532,городской округ Семеновский,Нижегородская область,2,2,2,1,222222222222222222221111,False,56.9123,44.4734
tid_1533,городской округ город Шахунья,Нижегородская область,2,2,2,2,222222222222222222222222,False,57.7937,46.4206
tid_1534,городской округ город Первомайск,Нижегородская область,2,2,2,2,222222222222222222222222,False,54.9631,43.7752
tid_1535,городской округ Сокольский,Нижегородская область,2,2,2,2,222222222222222222222222,False,57.2473,43.3315
tid_1536,городской округ город Чкаловск,Нижегородская область,2,2,2,2,222222222222222222222222,False,56.7065,42.9813
tid_1537,Ардатовский муниципальный округ,Нижегородская область,2,2,2,2,222222222222222222222222,False,55.3363,43.0471
tid_1539,Балахнинский муниципальный округ,Нижегородская область,1,1,1,1,111111111111111111111111,False,56.4906,43.3183
tid_1540,Богородский муниципальный округ,Нижегородская область,1,1,1,1,111111111111111111111111,False,56.0407,43.5359
tid_1541,Большеболдинский муниципальный округ,Нижегородская область,2,2,2,2,222222222222222222222222,False,55.006,45.1689
tid_1542,Большемурашкинский муниципальный округ,Нижегородская область,2,2,2,2,222222222222222222222222,False,55.8184,44.6562
tid_1543,Бутурлинский муниципальный округ,Нижегородская область,2,2,2,2,222222222222222222222222,False,55.5284,44.8251
tid_1544,Вадский муниципальный округ,Нижегородская область,2,2,2,2,222222222222222222222222,False,55.5122,44.1471
tid_1545,Варнавинский муниципальный округ,Нижегородская область,2,2,2,2,222222222222222222222222,False,57.5254,44.8016
tid_1546,Вачский муниципальный округ,Нижегородская область,2,2,2,2,222222222222222222222222,False,55.8224,42.6048
tid_1547,Ветлужский муниципальный округ,Нижегородская область,2,2,2,2,222222222222222222222222,False,57.8866,45.4024
tid_1548,Вознесенский муниципальный округ,Нижегородская область,2,2,2,2,222222222222222222222222,False,54.9396,42.7419
tid_1549,Володарский муниципальный округ,Нижегородская область,2,2,2,2,111222222222222222211221,False,56.3477,42.9033
tid_1550,городской округ Воротынский,Нижегородская область,2,2,2,2,222222222222222222222222,False,56.2042,45.6867
tid_1551,Воскресенский муниципальный округ,Нижегородская область,2,2,2,2,222222222222222222222222,False,56.8449,45.4723
tid_1552,Гагинский муниципальный округ,Нижегородская область,2,2,2,2,222222222222222222222222,False,55.244,44.9259
tid_1553,Городецкий муниципальный округ,Нижегородская область,1,1,1,1,111111111111111111111111,False,56.7358,43.5368
tid_1554,Дальнеконстантиновский муниципальный округ,Нижегородская область,2,2,2,2,222222222222222222222222,False,55.8384,43.9953
tid_1555,Дивеевский муниципальный округ,Нижегородская область,2,2,2,2,222222222222222222222222,False,55.101,43.3151
tid_1556,Княгининский муниципальный округ,Нижегородская область,2,2,2,2,222222222222222222222222,False,55.8055,45.0932
tid_1557,Ковернинский муниципальный округ,Нижегородская область,2,2,2,2,222222222222222222222222,False,57.2318,43.895
tid_1558,Краснобаковский муниципальный округ,Нижегородская область,2,2,2,2,222222222222222222222222,False,57.1793,45.1693
tid_1559,Краснооктябрьский муниципальный округ,Нижегородская область,2,2,2,2,222222222222222222222222,False,55.3165,45.4789
tid_1560,Кстовский муниципальный округ,Нижегородская область,1,0,0,1,111110100000000000000000,True,56.0733,44.2475
tid_1561,Лукояновский муниципальный округ,Нижегородская область,2,2,2,2,222222222222222222222222,False,54.9576,44.4306
tid_1562,Лысковский муниципальный округ,Нижегородская область,2,1,2,2,222222222212222121111111,True,56.1703,45.089
tid_1563,Павловский муниципальный округ,Нижегородская область,1,1,1,1,111111111111111111111111,False,56.0361,42.9738
tid_1564,Пильнинский муниципальный округ,Нижегородская область,2,2,2,2,222222222222222222222222,False,55.5936,45.9172
tid_1565,Починковский муниципальный округ,Нижегородская область,2,2,2,2,222222222112222222222222,False,54.6961,44.6867
tid_1566,Сергачский муниципальный округ,Нижегородская область,2,2,2,2,222222222222222222222222,False,55.5724,45.3842
tid_1567,Сеченовский муниципальный округ,Нижегородская область,2,2,2,2,222222222222222222222222,False,55.21,45.8585
tid_1568,Сосновский муниципальный округ,Нижегородская область,2,2,2,2,222222222222222222222222,False,55.7598,43.1463
tid_1569,Спасский муниципальный округ,Нижегородская область,2,2,2,2,222222222222222222222222,False,55.8942,45.5344
tid_1570,Тонкинский муниципальный округ,Нижегородская область,2,2,2,2,222222222222222222222222,False,57.3518,46.2463
tid_1571,Тоншаевский муниципальный округ,Нижегородская область,2,2,2,2,222222222222222222222222,False,57.7877,47.1374
tid_1572,Уренский муниципальный округ,Нижегородская область,1,1,2,1,222111121211111111111111,False,57.5071,45.7235
tid_1573,Шарангский муниципальный округ,Нижегородская область,2,2,2,2,222222222222222222222222,False,57.1243,46.3879
tid_1574,Шатковский муниципальный округ,Нижегородская область,2,2,2,2,222222222222222222222222,False,55.2208,44.171
tid_1575,городской округ Великий Новгород,Новгородская область,1,0,1,1,111111111011111000000001,False,58.6185,31.0523
tid_1577,Боровичский муниципальный район,Новгородская область,1,1,1,1,111111111111111111111111,False,58.4721,33.8321
tid_1578,Валдайский муниципальный район,Новгородская область,2,2,2,2,222112222222222222222222,False,57.9782,32.9249
tid_1579,муниципальный округ Волотовский,Новгородская область,2,2,2,2,222222222222222222222222,False,57.9186,30.486
tid_1580,муниципальный округ Демянский,Новгородская область,2,2,2,2,222222222222222222222222,False,57.7462,32.3616
tid_1581,муниципальный округ Крестецкий,Новгородская область,2,2,2,2,222222222222222222222222,False,58.3416,32.201
tid_1582,Любытинский муниципальный район,Новгородская область,2,2,2,2,222222222222222222222222,False,59.0921,33.1279
tid_1583,Маловишерский муниципальный район,Новгородская область,2,2,2,2,222222222222222222222222,False,58.8757,32.1932
tid_1584,муниципальный округ Марёвский,Новгородская область,2,2,2,2,222222222222222222222222,False,57.397,31.9134
tid_1585,муниципальный округ Мошенской,Новгородская область,2,2,2,2,222222222222222222222222,False,58.534,34.6037
tid_1586,Новгородский муниципальный район,Новгородская область,1,1,1,1,111111111111111111111111,False,58.6506,31.1281
tid_1587,Окуловский муниципальный район,Новгородская область,2,2,2,2,222222222222222222222222,False,58.4829,32.9733
tid_1588,Парфинский муниципальный район,Новгородская область,2,2,2,2,222222222222222222222222,False,58.0465,31.6451
tid_1589,муниципальный округ Пестовский,Новгородская область,2,2,2,2,122221222222212111222222,False,58.6619,35.4556
tid_1590,Поддорский муниципальный район,Новгородская область,2,2,2,2,222222222222222222222222,False,57.5182,30.8484
tid_1591,муниципальный округ Солецкий,Новгородская область,2,2,2,2,222222222222222222222222,False,58.1283,29.942
tid_1592,Старорусский муниципальный район,Новгородская область,1,1,2,1,111111221222211111111112,False,57.9141,31.1917
tid_1593,муниципальный округ Хвойнинский,Новгородская область,2,2,2,2,222222222222222222222222,False,58.9615,34.2754
tid_1594,Холмский муниципальный район,Новгородская область,2,2,2,2,222222222222222222222222,False,57.1655,30.9796
tid_1595,Чудовский муниципальный район,Новгородская область,2,2,2,2,222222222222222222222222,False,59.1788,31.5692
tid_1596,Шимский муниципальный район,Новгородская область,2,2,2,2,222222222222222222222222,False,58.3285,30.2125
tid_1597,городской округ город Новосибирск,Новосибирская область,0,0,0,0,000000000000000000000000,False,54.8879,82.9883
tid_1598,городской округ город Бердск,Новосибирская область,0,0,0,0,111000000000000000000000,False,54.6332,83.0849
tid_1599,городской округ город Искитим,Новосибирская область,1,1,1,1,111111111111111111111111,False,54.5096,83.3192
tid_16,Усть-Канский муниципальный район,Республика Алтай,1,1,1,1,111111111111111111111111,False,50.7473,84.7135
tid_1600,городской округ город Обь,Новосибирская область,1,1,1,1,111111111111111111111111,False,54.8924,82.7019
tid_1601,городской округ рабочий поселок Кольцово,Новосибирская область,0,0,0,0,000000000000000000000000,False,54.8219,83.217
tid_1602,Баганский муниципальный район,Новосибирская область,2,2,2,2,222222222222222222222212,False,53.899,77.7167
tid_1603,Барабинский муниципальный район,Новосибирская область,1,1,1,1,222111111111111111111111,False,54.9955,78.177
tid_1604,Болотнинский муниципальный район,Новосибирская область,2,1,1,1,222112111111111111111111,True,55.6173,84.2018
tid_1605,Венгеровский муниципальный район,Новосибирская область,2,2,2,2,222222222222222222222222,False,55.8363,76.9456
tid_1606,Доволенский муниципальный район,Новосибирская область,2,2,2,2,222222222222222222222222,False,54.4103,79.6953
tid_1607,Здвинский муниципальный район,Новосибирская область,2,2,2,2,222222222222222222222222,False,54.5543,78.6897
tid_1608,Искитимский муниципальный район,Новосибирская область,2,2,2,2,222112222222222211222212,False,54.4875,83.3245
tid_1609,Карасукский муниципальный район,Новосибирская область,1,1,1,1,222111111111111111111111,False,53.6337,78.1301
tid_1610,Каргатский муниципальный район,Новосибирская область,2,2,2,2,222222222222222222222222,False,55.0287,80.3779
tid_1611,Колыванский муниципальный район,Новосибирская область,2,2,2,2,222222222222222222222222,False,55.7874,82.6247
tid_1612,Коченевский муниципальный район,Новосибирская область,2,2,2,2,222222222222222222222222,False,54.9706,81.9961
tid_1613,Кочковский муниципальный район,Новосибирская область,2,2,2,2,222222222222222222222222,False,54.1693,80.4298
tid_1614,Краснозерский муниципальный район,Новосибирская область,2,2,2,2,222222222222222222222222,False,53.8837,79.2004
tid_1615,Куйбышевский муниципальный район,Новосибирская область,1,1,1,1,111111111111111111111111,False,55.6388,78.5131
tid_1616,Купинский муниципальный район,Новосибирская область,2,2,2,2,222222222222222222221112,False,54.2352,77.3682
tid_1617,Кыштовский муниципальный район,Новосибирская область,2,2,2,2,222222222222222222222222,False,56.702,77.0542
tid_1618,Маслянинский муниципальный район,Новосибирская область,2,2,2,2,222222222222222222222222,False,54.3107,84.3869
tid_1619,Мошковский муниципальный район,Новосибирская область,2,1,2,2,222222222111122111111111,True,55.2395,83.5868
tid_1620,Новосибирский муниципальный район,Новосибирская область,0,0,0,0,111000000000000000000000,False,54.8377,82.9049
tid_1621,Ордынский муниципальный район,Новосибирская область,2,2,2,2,222222222122222222222122,False,54.2594,81.7594
tid_1622,Северный муниципальный район,Новосибирская область,2,2,2,2,222222222222222222222222,False,56.3725,78.8802
tid_1623,Сузунский муниципальный район,Новосибирская область,2,1,2,2,222222222122222221111111,True,53.8339,82.3654
tid_1624,Татарский муниципальный район,Новосибирская область,2,2,2,2,222222222222222222222222,False,55.0835,75.8404
tid_1625,Тогучинский муниципальный район,Новосибирская область,2,2,2,2,222222222222222222221222,False,54.9168,84.393
tid_1626,Убинский муниципальный район,Новосибирская область,2,2,2,2,222222222222222222222222,False,55.6774,80.301
tid_1627,Усть-Таркский муниципальный район,Новосибирская область,2,2,2,2,222222222222222222222222,False,55.7164,75.8303
tid_1628,Чановский муниципальный район,Новосибирская область,2,2,2,2,222222222222222222222222,False,55.1363,77.0452
tid_1629,Черепановский муниципальный район,Новосибирская область,2,2,2,2,222222222222222222222222,False,54.0908,83.3296
tid_1630,Чистоозерный муниципальный район,Новосибирская область,2,2,2,2,222222222222222222222112,False,54.5135,76.4084
tid_1631,Чулымский муниципальный район,Новосибирская область,2,2,2,2,222222222222222222222222,False,55.0529,81.2583
tid_1632,городской округ город Омск,Омская область,0,0,0,0,111000000000000000000000,False,54.8947,73.4037
tid_1633,Азовский немецкий национальный муниципальный район,Омская область,2,2,2,2,111211222222222222222222,False,54.5526,73.061
tid_1634,Большереченский муниципальный район,Омская область,2,2,2,2,222222222222222222222222,False,56.0989,74.3476
tid_1635,Большеуковский муниципальный район,Омская область,2,2,2,2,222322322222222222222222,False,56.8771,72.3307
tid_1636,Горьковский муниципальный район,Омская область,2,2,2,2,222222222222222222222222,False,55.3871,74.1308
tid_1637,Знаменский муниципальный район,Омская область,2,2,2,2,222222222222222222222222,False,57.1364,73.6284
tid_1638,Исилькульский муниципальный район,Омская область,2,2,2,2,122222222121222222222222,False,54.8645,71.353
tid_1639,Калачинский муниципальный район,Омская область,2,2,2,2,212222222222222222222222,False,54.8963,74.7778
tid_1640,Колосовский муниципальный район,Омская область,2,2,2,2,222222222222222222222222,False,56.3134,73.4953
tid_1641,Кормиловский муниципальный район,Омская область,2,2,2,2,222222222222222222222222,False,54.8649,74.1501
tid_1642,Крутинский муниципальный район,Омская область,2,2,2,2,212222222222222222222222,False,56.1832,71.4943
tid_1643,Любинский муниципальный район,Омская область,2,2,2,2,122222222222222222222222,False,55.214,72.5754
tid_1644,Марьяновский муниципальный район,Омская область,2,2,2,2,222222222222222222222222,False,54.8148,72.5676
tid_1645,Москаленский муниципальный район,Омская область,2,2,2,2,112222222222222222222222,False,54.828,71.9306
tid_1646,Муромцевский муниципальный район,Омская область,2,2,2,2,222222222222222222222222,False,56.2567,75.4056
tid_1647,Называевский муниципальный район,Омская область,2,2,2,2,222222222222222222222222,False,55.4817,71.2326
tid_1648,Нижнеомский муниципальный район,Омская область,2,2,2,2,222222222222222222222222,False,55.5194,74.8986
tid_1649,Нововаршавский муниципальный район,Омская область,2,2,2,2,222222222222222222222222,False,53.9348,74.6135
tid_1650,Одесский муниципальный район,Омская область,2,2,2,2,222222222222222222222222,False,54.0851,72.9013
tid_1651,Оконешниковский муниципальный район,Омская область,2,2,2,2,222222222221222222222222,False,54.6321,75.2476
tid_1652,Омский муниципальный район,Омская область,1,1,1,1,111111111111111111111111,False,54.9595,73.583
tid_1653,Павлоградский муниципальный район,Омская область,2,2,2,2,222222222222222222222222,False,54.0828,73.7504
tid_1654,Полтавский муниципальный район,Омская область,2,2,2,2,121222222221222222222222,False,54.2751,71.6248
tid_1655,Русско-Полянский муниципальный район,Омская область,2,2,2,2,222222222222222222222222,False,53.6534,73.9725
tid_1656,Саргатский муниципальный район,Омская область,2,2,2,2,222222222222222222222222,False,55.6802,73.3785
tid_1657,Седельниковский муниципальный район,Омская область,2,2,2,2,222222222222222222222222,False,56.9463,75.59
tid_1658,Таврический муниципальный район,Омская область,2,2,2,2,111222222222222222222222,False,54.4116,73.7296
tid_1659,Тарский муниципальный район,Омская область,1,1,2,1,111111111111112111111111,False,57.4453,74.643
tid_1660,Тевризский муниципальный район,Омская область,2,2,2,2,222222222222222222222222,False,57.6616,72.7847
tid_1661,Тюкалинский муниципальный район,Омская область,2,2,2,2,212222222222222222222222,False,55.8913,72.43
tid_1662,Усть-Ишимский муниципальный район,Омская область,3,2,2,3,103333333222222222222222,True,57.7786,71.0942
tid_1663,Черлакский муниципальный район,Омская область,2,2,2,2,222222222222222222222222,False,54.1767,75.1041
tid_1664,Шербакульский муниципальный район,Омская область,2,2,2,2,222222222222222222222222,False,54.4267,72.488
tid_1665,городской округ город Оренбург,Оренбургская область,1,0,0,0,111100000001010100000001,False,51.6289,54.9236
tid_1666,городской округ Абдулинский,Оренбургская область,2,1,2,1,122111211221211112121212,False,53.7055,53.5496
tid_1667,городской округ город Бугуруслан,Оренбургская область,1,1,1,1,111111111111111111111111,False,53.6139,52.4035
tid_1668,городской округ город Бузулук,Оренбургская область,1,1,1,1,111111111111111111111111,False,52.7455,52.2837
tid_1669,городской округ Гайский,Оренбургская область,2,2,2,2,222222222222222222222222,False,51.4077,58.3799
tid_167,городской округ Нальчик,Кабардино-Балкарская Республика,0,0,0,0,000000000000000000000000,False,43.4274,43.6487
tid_1670,городской округ Кувандыкский,Оренбургская область,2,2,2,2,222222221222222222222222,False,51.3376,57.5046
tid_1671,городской округ город Медногорск,Оренбургская область,2,2,2,2,222222221222222222222222,False,51.3348,57.6489
tid_1672,городской округ город Новотроицк,Оренбургская область,1,1,1,1,222111111111111111111111,False,51.1202,58.3373
tid_1673,городской округ город Орск,Оренбургская область,1,1,1,1,111111111111111111111111,False,51.2434,58.7538
tid_1674,городской округ Соль-Илецкий,Оренбургская область,1,1,1,1,221221111111111111111111,False,51.0678,54.8492
tid_1675,городской округ Сорочинский,Оренбургская область,1,1,1,1,111111111111111111111111,False,52.35,53.2292
tid_1676,городской округ Ясненский,Оренбургская область,2,2,2,2,222222222222222222222222,False,51.0135,59.9955
tid_1678,Адамовский муниципальный район,Оренбургская область,2,2,2,2,222222222222222222222222,False,51.5157,60.06
tid_1679,Акбулакский муниципальный район,Оренбургская область,2,2,2,2,222222222222222122222222,False,50.9142,55.8304
tid_168,городской округ Баксан,Кабардино-Балкарская Республика,0,0,0,0,001100000000001000000000,False,43.6417,43.5843
tid_1680,Александровский муниципальный район,Оренбургская область,2,2,2,2,222222222222222222222222,False,52.6042,54.4178
tid_1681,Асекеевский муниципальный район,Оренбургская область,2,2,2,2,222222222222222222222222,False,53.4077,52.978
tid_1682,Беляевский муниципальный район,Оренбургская область,2,2,2,2,122222222222222222222222,False,51.3009,56.3919
tid_1683,Бугурусланский муниципальный район,Оренбургская область,1,1,1,1,111111111111111111111111,False,53.637,52.5947
tid_1685,Грачёвский муниципальный район,Оренбургская область,2,2,2,2,222222222222222222222222,False,52.9587,53.0035
tid_1686,Домбаровский муниципальный район,Оренбургская область,2,2,2,2,222222222222222222222222,False,50.7518,59.3764
tid_1687,Илекский муниципальный район,Оренбургская область,2,2,2,2,222222222222222222222222,False,51.4571,53.8175
tid_1688,Кваркенский муниципальный район,Оренбургская область,2,2,2,2,222222222222222222222222,False,52.0871,59.4606
tid_1689,Красногвардейский муниципальный район,Оренбургская область,2,2,2,2,222222222222222222222222,False,52.7935,53.5692
tid_169,городской округ Прохладный,Кабардино-Балкарская Республика,1,1,1,1,111111111111111111111111,False,43.7046,44.0899
tid_1690,Курманаевский муниципальный район,Оренбургская область,2,2,2,2,222222222222222222222222,False,52.3659,51.8766
tid_1691,Матвеевский муниципальный район,Оренбургская область,2,2,2,2,222222222222222222222222,False,53.3297,53.5379
tid_1692,Новоорский муниципальный район,Оренбургская область,2,2,2,2,222222222222222222222222,False,51.3941,59.1386
tid_1693,Новосергиевский муниципальный район,Оренбургская область,2,2,2,2,222212222222222222222222,False,52.1077,53.7786
tid_1694,Октябрьский муниципальный район,Оренбургская область,2,2,2,2,222222222222222222222222,False,52.3322,55.2599
tid_1696,Первомайский муниципальный район,Оренбургская область,2,2,2,2,222222222222222222222222,False,51.8129,51.659
tid_1697,Переволоцкий муниципальный район,Оренбургская область,2,2,2,2,222222222222222222222222,False,51.9323,54.3584
tid_1698,Пономарёвский муниципальный район,Оренбургская область,2,2,2,2,222222222222222222222222,False,53.1833,54.1752
tid_1699,Сакмарский муниципальный район,Оренбургская область,2,2,2,2,222222222222222222222222,False,52.0272,55.3359
tid_17,Усть-Коксинский муниципальный район,Республика Алтай,1,1,1,1,111111111111111111111111,False,49.9217,85.6845
tid_1700,Саракташский муниципальный район,Оренбургская область,2,2,2,1,112221212222222222222222,False,51.7884,56.3408
tid_1701,Светлинский муниципальный район,Оренбургская область,2,2,2,2,222222222222222222222222,False,50.9518,61.0301
tid_1702,Северный муниципальный район,Оренбургская область,2,2,2,2,222222222222222222222222,False,54.1061,52.749
tid_1703,Ташлинский муниципальный район,Оренбургская область,2,2,2,2,222222222222222222222222,False,51.7553,52.8378
tid_1704,Тоцкий муниципальный район,Оренбургская область,1,1,1,1,111111111111111111111111,False,52.2924,52.5734
tid_1705,Тюльганский муниципальный район,Оренбургская область,2,2,2,2,222222222222222222222222,False,52.3143,56.1181
tid_1706,Шарлыкский муниципальный район,Оренбургская область,2,2,2,2,222221221222222222222222,False,52.8653,54.84
tid_1707,городской округ город Орёл,Орловская область,1,1,1,1,111111111111111111111111,False,52.988,35.9865
tid_1708,городской округ город Ливны,Орловская область,2,2,2,1,122111122222122111122222,False,52.4443,37.5209
tid_1709,городской округ город Мценск,Орловская область,1,1,2,1,222111111111111111111111,False,53.3097,36.4709
tid_1710,Болховский муниципальный район,Орловская область,2,2,2,2,222222222222222222222222,False,53.4644,35.8954
tid_1711,Верховский муниципальный район,Орловская область,2,2,2,2,222222222222222222222222,False,52.7329,37.1659
tid_1712,Глазуновский муниципальный район,Орловская область,2,2,2,2,222222222222222222222222,False,52.4853,36.1271
tid_1714,Должанский муниципальный район,Орловская область,2,2,2,2,222222222222222222222222,False,52.1184,37.422
tid_1715,Залегощенский муниципальный район,Орловская область,2,2,2,2,222222222222222222222222,False,52.9296,36.5921
tid_1717,Колпнянский муниципальный район,Орловская область,2,2,2,2,222222222222222222222222,False,52.2631,36.9427
tid_1718,Краснозоренский муниципальный район,Орловская область,2,2,2,2,222222222222222222222222,False,52.769,37.5788
tid_1719,Кромской муниципальный район,Орловская область,1,2,2,1,121111111111112222222222,True,52.6822,35.6732
tid_1722,Малоархангельский муниципальный район,Орловская область,2,2,2,2,222222222222222222222222,False,52.3987,36.5102
tid_1724,Новодеревеньковский муниципальный район,Орловская область,2,2,2,2,222222222222222222222222,False,52.9888,37.477
tid_1725,Новосильский муниципальный район,Орловская область,2,2,2,2,222222222222222222222222,False,53.0633,36.9746
tid_1726,муниципальный округ Орловский,Орловская область,1,1,1,1,111111111011111111111111,False,53.02,35.9869
tid_1727,Покровский муниципальный район,Орловская область,2,2,2,2,222222222222222222222222,False,52.592,36.822
tid_1728,Свердловский муниципальный район,Орловская область,2,2,2,2,222222222222222222222222,False,52.6921,36.2342
tid_173,Майский муниципальный район,Кабардино-Балкарская Республика,2,2,2,2,222222222222222221112112,False,43.5532,44.106
tid_1730,Троснянский муниципальный район,Орловская область,2,2,2,2,222222222222222222222222,False,52.43,35.7172
tid_1731,Урицкий муниципальный район,Орловская область,2,2,2,2,222222222222222222222222,False,53.0186,35.5684
tid_1732,Хотынецкий муниципальный район,Орловская область,2,2,2,2,222222222222222222222222,False,53.1866,35.2488
tid_1733,Шаблыкинский муниципальный район,Орловская область,2,2,2,2,222222222222222222222222,False,52.8907,35.0313
tid_1737,Башмаковский муниципальный район,Пензенская область,2,2,2,2,222222222222222222222222,False,53.2444,42.7849
tid_1738,Бековский муниципальный район,Пензенская область,2,2,2,2,222222222222222222222222,False,52.5693,43.6515
tid_1739,Белинский муниципальный район,Пензенская область,2,2,2,2,222222222222222222222222,False,52.9822,43.3534
tid_1740,Бессоновский муниципальный район,Пензенская область,1,1,1,1,112111111111111111111111,False,53.3404,45.1066
tid_1741,Вадинский муниципальный район,Пензенская область,2,2,2,2,222222222222222222222222,False,53.6629,42.9888
tid_1742,Городищенский муниципальный район,Пензенская область,2,2,2,1,111222222111112222212221,False,53.2295,45.7191
tid_1743,Земетчинский муниципальный район,Пензенская область,2,2,2,2,222222222222222222222222,False,53.597,42.4282
tid_1744,Иссинский муниципальный район,Пензенская область,2,2,2,2,222222222222222222222222,False,53.8439,44.8756
tid_1745,Каменский муниципальный район,Пензенская область,2,2,2,2,222222222222222222222222,False,53.1052,43.977
tid_1746,Камешкирский муниципальный район,Пензенская область,2,2,2,2,222222222222222222222222,False,52.7961,46.0865
tid_1747,Колышлейский муниципальный район,Пензенская область,2,2,2,2,222222222222222222222222,False,52.7355,44.4944
tid_1749,Лопатинский муниципальный район,Пензенская область,2,2,2,2,222222222222222222222222,False,52.5696,45.7074
tid_1750,Лунинский муниципальный район,Пензенская область,2,2,2,2,222222222222222222222222,False,53.6621,45.2326
tid_1751,Малосердобинский муниципальный район,Пензенская область,2,2,2,2,222222222222222222222222,False,52.5103,45.0371
tid_1752,Мокшанский муниципальный район,Пензенская область,2,2,2,2,122222222222222222222222,False,53.4793,44.4481
tid_1753,Наровчатский муниципальный район,Пензенская область,2,2,2,2,222222222222222222222222,False,53.8379,43.6147
tid_1754,Неверкинский муниципальный район,Пензенская область,2,2,2,2,222222222222222222222222,False,52.7914,46.6536
tid_1755,Нижнеломовский муниципальный район,Пензенская область,2,2,2,2,222222222222222222222222,False,53.5537,43.716
tid_1756,Никольский муниципальный район,Пензенская область,2,2,2,2,222222222222222222222222,False,53.7106,45.9088
tid_1757,Пачелмский муниципальный район,Пензенская область,2,2,2,2,222222222222222222222222,False,53.3423,43.3264
tid_1758,Пензенский муниципальный район,Пензенская область,1,1,1,1,111111111110111111111111,False,52.9894,44.8212
tid_1759,Сердобский муниципальный район,Пензенская область,2,2,2,2,222222222222222222222222,False,52.5366,44.1171
tid_1760,Сосновоборский муниципальный район,Пензенская область,2,1,2,1,121111111121111221111111,True,53.3577,46.2338
tid_1761,Спасский муниципальный район,Пензенская область,2,2,2,2,222222222222222222222222,False,53.8481,43.2384
tid_1762,Тамалинский муниципальный район,Пензенская область,2,2,2,2,222222222222222222222222,False,52.6363,43.3095
tid_1764,городской округ город Псков,Псковская область,1,1,1,1,111111111111111111111111,False,57.8642,28.1208
tid_1765,городской округ город Великие Луки,Псковская область,1,1,1,1,111111111111111111111111,False,56.3901,30.3392
tid_1766,Бежаницкий муниципальный район,Псковская область,2,2,2,2,222222222222222222222222,False,57.1198,29.7489
tid_1768,Гдовский муниципальный район,Псковская область,2,2,2,2,222222222222222222222222,False,58.6601,27.6936
tid_1769,Дедовичский муниципальный район,Псковская область,2,2,2,2,222222222222222222222222,False,57.5483,29.7566
tid_1770,Дновский муниципальный район,Псковская область,2,2,2,2,222222222222222222222222,False,57.8635,29.8772
tid_1771,муниципальный округ Красногородский,Псковская область,2,2,2,2,222222222222222222222222,False,56.8541,28.0103
tid_1773,муниципальный округ Локнянский,Псковская область,2,2,2,2,222222222222222222222222,False,56.8698,30.1129
tid_1774,муниципальный округ Невельский,Псковская область,2,2,2,2,222222222222222222222222,False,56.0589,29.5963
tid_1775,муниципальный округ Новоржевский,Псковская область,2,2,2,2,222222222222222222222222,False,57.1438,29.0793
tid_1776,Новосокольнический муниципальный район,Псковская область,2,2,2,2,222222222222222222222222,False,56.4857,29.766
tid_1777,муниципальный округ Опочецкий,Псковская область,2,2,2,2,222222222222222222222222,False,56.7387,28.5816
tid_1778,Островский муниципальный район,Псковская область,2,1,2,1,211222221222222211211111,False,57.3526,28.3076
tid_1780,муниципальный округ Печорский,Псковская область,2,2,2,2,222222222222222222222222,False,57.8195,27.4616
tid_1781,Плюсский муниципальный район,Псковская область,2,2,2,2,222222222222222222222222,False,58.6154,28.8569
tid_1782,Порховский муниципальный район,Псковская область,2,2,2,2,222222222222222222222222,False,57.7788,29.1295
tid_1783,Псковский муниципальный район,Псковская область,1,0,0,0,111111100000000000000000,True,57.9595,28.1671
tid_1784,Пустошкинский муниципальный район,Псковская область,2,2,2,2,222222222222222222222222,False,56.4367,29.1748
tid_1785,Пушкиногорский муниципальный район,Псковская область,2,2,2,2,222222222222222222222222,False,57.0574,28.5634
tid_1786,муниципальный округ Пыталовский,Псковская область,2,2,2,2,222222222222222222222222,False,57.114,27.71
tid_1787,Себежский муниципальный район,Псковская область,2,2,2,2,222222222222222222222222,False,56.3214,28.4704
tid_1788,муниципальный округ Струго-Красненский,Псковская область,2,2,2,2,222222222222222222212222,False,58.2767,28.7411
tid_18,Чемальский муниципальный район,Республика Алтай,1,1,2,1,111111111111111111111111,False,51.1839,86.2387
tid_181,Городовиковский муниципальный район,Республика Калмыкия,2,2,2,2,222222222222222222222222,False,46.0826,41.9721
tid_184,Лаганский муниципальный район,Республика Калмыкия,2,2,2,2,222222222222222222222222,False,45.1341,47.2238
tid_1845,городской округ город Рязань,Рязанская область,0,0,0,0,111000000000000000000000,False,54.6621,39.6389
tid_1846,городской округ город Касимов,Рязанская область,2,1,2,2,222222222212111111111111,True,54.967,41.3148
tid_1848,городской округ город Скопин,Рязанская область,2,2,2,2,222222222222222222222222,False,53.8205,39.4664
tid_1849,Ермишинский муниципальный район,Рязанская область,2,2,2,2,222222222222222222222222,False,54.829,42.0908
tid_185,Малодербетовский муниципальный район,Республика Калмыкия,1,1,2,1,110110111121212221111121,False,47.9085,44.9682
tid_1850,Захаровский муниципальный район,Рязанская область,2,2,2,2,222222222222222222222222,False,54.4466,39.1493
tid_1851,Кадомский муниципальный район,Рязанская область,2,2,2,2,222222222222222222222222,False,54.55,42.3252
tid_1852,Касимовский муниципальный район,Рязанская область,2,2,2,2,222222222222222222222222,False,54.9644,41.3223
tid_1853,Клепиковский муниципальный район,Рязанская область,2,2,2,2,222222222222222222222222,False,55.1051,40.3468
tid_1854,Кораблинский муниципальный район,Рязанская область,2,2,2,2,222222222222222222222222,False,53.9915,39.9834
tid_1855,Милославский муниципальный район,Рязанская область,2,2,2,2,222222222222222222222222,False,53.609,39.2388
tid_1856,Михайловский муниципальный район,Рязанская область,2,2,2,2,222222222222222222222222,False,54.1838,38.9393
tid_1857,Александро-Невский муниципальный район,Рязанская область,2,2,2,2,222222222222222222222222,False,53.4949,40.1924
tid_1858,Пителинский муниципальный район,Рязанская область,2,2,2,2,222222222222222222222222,False,54.6201,41.6551
tid_1859,Пронский муниципальный район,Рязанская область,2,2,2,2,222222222222222222222222,False,54.1545,39.5008
tid_1860,Путятинский муниципальный округ,Рязанская область,2,2,2,2,222222222222222222222222,False,54.1248,41.0271
tid_1861,Рыбновский муниципальный район,Рязанская область,2,2,2,2,222222222222222222221211,False,54.7963,39.3759
tid_1862,Ряжский муниципальный округ,Рязанская область,2,2,2,2,222222222222222222222222,False,53.7003,40.0144
tid_1863,Рязанский муниципальный район,Рязанская область,1,1,1,1,111111111111111111111111,False,54.6533,39.8091
tid_1864,Сапожковский муниципальный район,Рязанская область,2,2,2,2,222222222222222222222222,False,54.0022,40.6176
tid_1865,Сараевский муниципальный район,Рязанская область,2,2,2,2,222222222222222222222222,False,53.7245,41.01
tid_1868,Спасский муниципальный район,Рязанская область,2,2,2,2,222222222222222222222222,False,54.5763,40.4582
tid_1869,Старожиловский муниципальный район,Рязанская область,2,2,2,2,222222222222222222222222,False,54.2658,39.8909
tid_1870,Ухоловский муниципальный район,Рязанская область,2,2,2,2,222222222222222222222222,False,53.7687,40.4494
tid_1871,Чучковский муниципальный район,Рязанская область,2,2,2,2,222222222222222222222222,False,54.3141,41.3719
tid_1872,Шацкий муниципальный район,Рязанская область,2,2,2,2,222222222222222222222222,False,53.9987,41.7966
tid_1873,Шиловский муниципальный район,Рязанская область,2,2,2,2,222222222222222222222222,False,54.4417,40.8925
tid_1874,городской округ Самара,Самарская область,0,0,0,0,110000000000000000000000,False,53.2506,50.1532
tid_1875,городской округ Жигулевск,Самарская область,1,1,1,1,111111111111111111111111,False,53.3971,49.5423
tid_1876,городской округ Кинель,Самарская область,1,1,1,1,111111111111111111111111,False,53.211,50.5766
tid_1877,городской округ Новокуйбышевск,Самарская область,1,1,1,1,111111111111111111111111,False,53.0462,49.8122
tid_1878,городской округ Октябрьск,Самарская область,2,2,2,2,222222222222222222222222,False,53.1626,48.6802
tid_1879,городской округ Отрадный,Самарская область,1,1,1,1,221111111111111111111111,False,53.3574,51.3378
tid_188,Сарпинский муниципальный район,Республика Калмыкия,2,2,2,2,121221222222222222222222,False,47.5866,44.2624
tid_1880,городской округ Похвистнево,Самарская область,2,1,2,2,222222222222221121111111,True,53.4294,52.049
tid_1881,городской округ Сызрань,Самарская область,1,1,1,1,111111111111111111111111,False,53.1111,48.4108
tid_1883,городской округ Чапаевск,Самарская область,1,1,1,1,122111111111111111111111,False,52.9266,49.7961
tid_1884,Алексеевский муниципальный район,Самарская область,2,2,2,2,222222222222222222222222,False,52.5585,51.2511
tid_1885,Безенчукский муниципальный район,Самарская область,2,2,2,2,222222222222222222222221,False,52.9762,49.2968
tid_1886,Богатовский муниципальный район,Самарская область,2,2,2,2,222222222222222222222222,False,53.0331,51.3148
tid_1887,Большеглушицкий муниципальный район,Самарская область,2,2,2,2,222222222222222222222222,False,52.407,50.6354
tid_1888,Большечерниговский муниципальный район,Самарская область,2,2,2,2,222222222222222222222222,False,52.0651,50.8346
tid_1889,Борский муниципальный район,Самарская область,2,2,2,2,222222222222222222222222,False,53.0254,51.7599
tid_1890,Волжский муниципальный район,Самарская область,1,0,0,1,111111110000100000000111,False,53.0677,50.2354
tid_1891,Елховский муниципальный район,Самарская область,2,2,2,2,222222222222222222222222,False,53.9021,50.3189
tid_1892,Исаклинский муниципальный район,Самарская область,2,2,2,2,222222222222222222222222,False,54.0046,51.5972
tid_1893,Камышлинский муниципальный район,Самарская область,2,2,2,1,111111222222222122122221,False,54.036,52.1811
tid_1894,Кинельский муниципальный район,Самарская область,2,2,2,2,222222222222222222222222,False,53.1731,50.8327
tid_1895,Кинель-Черкасский муниципальный район,Самарская область,2,2,2,2,222222222222222222222222,False,53.4252,51.4334
tid_1896,Клявлинский муниципальный район,Самарская область,2,2,2,2,222222222222222222222222,False,54.2745,52.0914
tid_1897,Кошкинский муниципальный район,Самарская область,2,2,2,2,222222222222222222222222,False,54.2245,50.4741
tid_1898,Красноармейский муниципальный район,Самарская область,2,2,2,2,222222222222222222222222,False,52.6831,49.9254
tid_1899,Красноярский муниципальный район,Самарская область,1,2,2,1,111222222222222222222211,False,53.5787,50.3979
tid_19,Чойский муниципальный район,Республика Алтай,2,2,2,2,222222222222222222222222,False,51.5356,86.7246
tid_1900,Нефтегорский муниципальный район,Самарская область,2,2,2,2,222222222222222222222222,False,52.7757,50.9215
tid_1901,Пестравский муниципальный район,Самарская область,2,2,2,2,222222222222222222222222,False,52.3524,49.807
tid_1902,Похвистневский муниципальный район,Самарская область,2,2,2,2,222222222222222222222222,False,53.6791,51.9665
tid_1903,Приволжский муниципальный район,Самарская область,2,2,2,2,222222222222222222222222,False,52.9353,48.6891
tid_1904,Сергиевский муниципальный район,Самарская область,1,2,2,1,121111222222222222222222,True,53.882,51.0618
tid_1905,Ставропольский муниципальный район,Самарская область,1,1,1,1,111111111111111111111111,False,53.5369,49.4824
tid_1906,Сызранский муниципальный район,Самарская область,1,1,1,1,111111111111111111111111,False,53.2348,48.4213
tid_1907,Хворостянский муниципальный район,Самарская область,2,2,2,2,222222222222222222222222,False,52.6524,49.0383
tid_1908,Челно-Вершинский муниципальный район,Самарская область,2,2,2,2,222222222222222222222222,False,54.3804,51.0802
tid_1909,Шенталинский муниципальный район,Самарская область,2,2,2,2,222222222222222222222222,False,54.3997,51.5581
tid_191,Юстинский муниципальный район,Республика Калмыкия,1,1,2,1,111111111122111111111222,False,47.0147,46.3621
tid_1910,Шигонский муниципальный район,Самарская область,2,2,2,2,222222222222222222222222,False,53.4821,48.7673
tid_1912,городской округ город Шиханы,Саратовская область,2,2,2,2,222222212221222221122222,False,52.1124,47.2027
tid_1915,Александрово-Гайский муниципальный район,Саратовская область,2,2,2,2,222222222222222222222222,False,50.118,48.5105
tid_1916,Аркадакский муниципальный район,Саратовская область,2,2,2,2,222222222222222222222222,False,51.8967,43.6184
tid_1917,Аткарский муниципальный район,Саратовская область,2,2,2,2,222222222222222222222222,False,51.8645,44.9522
tid_1918,Базарно-Карабулакский муниципальный район,Саратовская область,2,2,2,2,222222222222222222222222,False,52.2774,46.3678
tid_1919,Балаковский муниципальный район,Саратовская область,1,1,1,1,111111111111111111111111,False,51.9038,47.9021
tid_1920,Балашовский муниципальный район,Саратовская область,1,1,1,1,111111111111111111111111,False,51.528,43.1914
tid_1921,Балтайский муниципальный район,Саратовская область,2,2,2,2,222222222222222222222222,False,52.4779,46.6504
tid_1922,Вольский муниципальный район,Саратовская область,1,1,1,1,222111111111111111111111,False,52.2482,47.2831
tid_1923,Воскресенский муниципальный район,Саратовская область,2,2,2,2,222222222222222222222222,False,51.8762,46.6585
tid_1924,Дергачевский муниципальный район,Саратовская область,2,2,2,2,222221222222222222222222,False,51.0749,48.9081
tid_1925,Духовницкий муниципальный район,Саратовская область,2,2,2,2,222222222222222222222222,False,52.4054,48.4429
tid_1926,Екатериновский муниципальный район,Саратовская область,2,2,2,2,222222222222222222222222,False,52.1006,44.4275
tid_1927,Ершовский муниципальный район,Саратовская область,2,2,2,1,222222222222222222222222,False,51.2912,48.212
tid_1928,Ивантеевский муниципальный район,Саратовская область,2,2,2,2,222222222222222222222222,False,52.254,49.2786
tid_1929,Калининский муниципальный район,Саратовская область,2,2,2,2,222222222222222222222222,False,51.4597,44.2887
tid_1930,Красноармейский муниципальный район,Саратовская область,2,2,2,2,222222222222222222222222,False,50.9102,45.5696
tid_1931,Краснокутский муниципальный район,Саратовская область,2,2,2,2,222222222222222222222222,False,50.8804,46.9726
tid_1932,Краснопартизанский муниципальный район,Саратовская область,2,2,2,2,222222222222222222222222,False,51.6805,48.7481
tid_1933,Лысогорский муниципальный район,Саратовская область,2,2,2,2,222222222222222222222222,False,51.3959,44.9958
tid_1934,Марксовский муниципальный район,Саратовская область,2,2,2,2,222222222121112222222121,False,51.6387,47.1304
tid_1935,Новобурасский муниципальный район,Саратовская область,2,2,2,2,222222222222222222222222,False,52.109,45.9915
tid_1936,Новоузенский муниципальный район,Саратовская область,1,1,1,1,111111111111111111111111,False,50.5389,48.2422
tid_1937,Озинский муниципальный район,Саратовская область,2,2,2,2,222222222222222222222222,False,51.3792,49.8208
tid_1938,Перелюбский муниципальный район,Саратовская область,2,2,2,2,222222222222222222222222,False,51.831,50.1733
tid_1939,Петровский муниципальный район,Саратовская область,2,2,2,2,222222222222222222222222,False,52.2217,45.3449
tid_194,городской округ Черкесский,Карачаево-Черкесская Республика,0,0,0,0,000000000000000000000000,False,44.1848,42.0978
tid_1940,Питерский муниципальный район,Саратовская область,2,2,2,2,222222222222222222222222,False,50.6512,47.4771
tid_1941,Пугачевский муниципальный район,Саратовская область,2,2,2,2,222222222222222222222222,False,51.9361,49.066
tid_1942,Ровенский муниципальный район,Саратовская область,2,2,2,2,222222222222222222222222,False,50.7953,46.2662
tid_1943,Романовский муниципальный район,Саратовская область,2,2,2,2,222222222222222222222222,False,51.7789,42.7913
tid_1944,Ртищевский муниципальный район,Саратовская область,2,2,2,2,222222222222222222222222,False,52.2469,43.67
tid_1945,Самойловский муниципальный район,Саратовская область,2,2,2,2,222222222222222222222222,False,51.2375,43.6143
tid_1947,Советский муниципальный район,Саратовская область,2,2,2,2,222222222222222222222222,False,51.2922,46.9028
tid_1948,Татищевский муниципальный район,Саратовская область,2,2,2,2,222222222222222222222222,False,51.7637,45.6026
tid_1949,Турковский муниципальный район,Саратовская область,2,2,2,2,222222222222222222222222,False,52.1043,43.0509
tid_195,городской округ Карачаевский,Карачаево-Черкесская Республика,1,1,1,1,111111111111111111111110,False,43.5813,41.9001
tid_1950,Федоровский муниципальный район,Саратовская область,2,2,2,2,222222222222222222222222,False,51.2207,47.5827
tid_1951,Хвалынский муниципальный район,Саратовская область,2,2,2,2,222222222222222222222222,False,52.5018,47.9396
tid_1952,Энгельсский муниципальный район,Саратовская область,1,1,1,1,111111111111111111111111,False,51.3114,46.31
tid_1954,городской округ Александровск-Сахалинский район,Сахалинская область,3,3,2,3,333333333333333232333333,False,51.0923,141.948
tid_1955,городской округ Анивский,Сахалинская область,3,3,1,3,333333333333333331333333,False,46.2779,142.233
tid_1956,городской округ Долинский,Сахалинская область,3,3,2,3,333333333333333333333333,False,47.4314,142.619
tid_1957,городской округ Корсаковский,Сахалинская область,3,3,1,3,333333333333333333333333,False,46.4418,143.215
tid_1958,городской округ Курильский,Сахалинская область,3,3,3,3,333333333333333333333333,False,45.6824,149.175
tid_1959,городской округ Макаровский,Сахалинская область,3,3,3,3,333333333333333333333333,False,48.4435,142.646
tid_196,Абазинский муниципальный район,Карачаево-Черкесская Республика,0,0,0,0,011000000000000000000000,False,44.0528,41.9253
tid_1960,городской округ Невельский,Сахалинская область,3,3,2,3,333333333333333331333323,False,46.2235,141.531
tid_1961,городской округ Ногликский,Сахалинская область,3,3,1,3,333333333333333331333333,False,51.78,143.036
tid_1962,городской округ Охинский,Сахалинская область,3,3,3,3,333333333333333333333333,False,53.2718,142.416
tid_1963,городской округ Поронайский,Сахалинская область,3,3,1,3,333333333333333333333333,False,49.1701,143.785
tid_1965,городской округ Смирныховский,Сахалинская область,3,3,2,3,333333333333333333333333,False,50.0659,143.039
tid_1966,городской округ Томаринский,Сахалинская область,3,3,3,3,333333333333333333333333,False,48.08,141.999
tid_1967,городской округ Тымовский,Сахалинская область,3,3,1,3,333333333333333333333333,False,50.7869,142.664
tid_1968,городской округ Углегорский,Сахалинская область,3,3,1,3,333333333333333333333333,False,49.1229,141.973
tid_1969,городской округ Холмский,Сахалинская область,3,3,1,3,333333333333333333333333,False,47.1433,141.917
tid_1970,городской округ Южно-Курильский,Сахалинская область,3,3,3,3,333333333333333333033333,False,43.8557,146.07
tid_1971,городской округ город Екатеринбург,Свердловская область,0,0,0,0,000000000000000000000000,False,56.7653,60.5401
tid_1972,городской округ город Алапаевск,Свердловская область,1,1,2,1,111111111111111111111111,False,57.7757,61.4109
tid_1973,городской округ Артемовский,Свердловская область,2,2,2,2,111112222222222222222222,False,57.3626,62.0216
tid_1974,городской округ Асбестовский,Свердловская область,1,1,1,1,111111111111111111111111,False,57.0388,61.5076
tid_1975,городской округ Малышевский,Свердловская область,2,2,2,2,222112222222222222222222,False,57.0771,61.4038
tid_1976,городской округ Рефтинский,Свердловская область,2,2,2,2,222222222222222222222222,False,57.0456,61.6767
tid_1977,городской округ Березовский,Свердловская область,0,0,0,0,111000000000000000000000,False,56.9962,61.0044
tid_1978,городской округ Богданович,Свердловская область,1,1,1,1,111111111111111111111111,False,56.6707,62.1014
tid_1979,городской округ Верхняя Пышма,Свердловская область,0,0,0,0,000000000000000000000000,False,57.1215,60.5987
tid_198,Зеленчукский муниципальный район,Карачаево-Черкесская Республика,1,1,1,1,111111111111111111111111,False,43.6573,41.5099
tid_1980,городской округ Среднеуральск,Свердловская область,1,1,1,1,111111111111111111111111,False,56.9645,60.4562
tid_1981,городской округ Верхнесалдинский,Свердловская область,1,1,1,1,111111111111111111111111,False,58.148,60.7399
tid_1982,городской округ Заречный,Свердловская область,1,1,1,1,111111111111111111111111,False,56.7954,61.2735
tid_1983,городской округ Ивдельский,Свердловская область,1,1,2,1,111112111121111111111111,False,60.9904,60.6396
tid_1984,городской округ Пелым,Свердловская область,2,2,2,2,222222222222222222222222,False,60.9931,62.1859
tid_1985,городской округ город Ирбит,Свердловская область,1,1,1,1,111111111111111111111111,False,57.6122,63.0177
tid_1986,городской округ город Каменск-Уральский,Свердловская область,1,1,1,1,111111111111111111111111,False,56.3576,61.9488
tid_1987,городской округ Камышловский,Свердловская область,1,1,1,1,111111111111111111111111,False,56.8007,62.7268
tid_1988,городской округ Карпинск,Свердловская область,2,2,2,2,211122222222222222222222,False,59.7022,59.1676
tid_1989,городской округ Волчанский,Свердловская область,2,2,2,2,222222222222222222222222,False,59.9733,60.0216
tid_1990,городской округ Качканарский,Свердловская область,1,1,1,1,111111111111111111111111,False,58.7033,59.4439
tid_1991,городской округ Кировградский,Свердловская область,1,1,2,1,111111112111111111112222,False,57.4627,59.9276
tid_1992,городской округ Верхний Тагил,Свердловская область,2,2,2,2,222222222222222222222222,False,57.3042,59.9043
tid_1993,городской округ Краснотурьинск,Свердловская область,1,1,1,1,111111111111111111111111,False,59.7361,60.2002
tid_1994,городской округ Красноуральск,Свердловская область,2,2,2,2,222222222222222222222222,False,58.3392,60.2345
tid_1995,городской округ Красноуфимск,Свердловская область,1,1,1,1,111111111111111111111111,False,56.5501,57.6637
tid_1996,городской округ Кушвинский,Свердловская область,1,2,2,1,111111222222222222222222,True,58.2291,59.4586
tid_1997,городской округ Верхняя Тура,Свердловская область,2,2,2,2,222222222222222222222222,False,58.3963,59.6793
tid_1999,городской округ Невьянский,Свердловская область,1,1,1,1,111111111111111111111111,False,57.375,60.3721
tid_2,городской округ город Адыгейск,Республика Адыгея,1,1,1,1,111111111111111111111111,False,44.8487,39.214
tid_20,Шебалинский муниципальный район,Республика Алтай,1,1,1,1,111111111111111111111111,False,51.1706,85.5294
tid_2000,городской округ город Нижний Тагил,Свердловская область,1,1,1,1,111111111111111111111111,False,57.7532,59.2944
tid_2001,городской округ Нижняя Салда,Свердловская область,2,2,2,2,111112222222222222222222,False,58.0964,60.9371
tid_2002,городской округ Нижнетуринский,Свердловская область,1,1,1,1,111111111111111111111111,False,58.7586,59.7612
tid_2004,городской округ Первоуральск,Свердловская область,1,1,1,1,111111111111111111111111,False,56.9562,59.7383
tid_2005,городской округ Полевской,Свердловская область,1,1,1,1,111111111111111111111111,False,56.3845,60.1779
tid_2006,городской округ Ревда,Свердловская область,1,1,1,1,111111111111111111111111,False,56.5931,59.8957
tid_2007,городской округ Дегтярск,Свердловская область,2,2,2,2,111222222222222222222222,False,56.677,60.1064
tid_2008,городской округ Режевской,Свердловская область,1,1,1,1,111111111111111111111111,False,57.3794,61.2385
tid_2009,городской округ Североуральский,Свердловская область,2,2,2,2,222221122222222222222222,False,60.3522,59.6971
tid_201,Ногайский муниципальный район,Карачаево-Черкесская Республика,0,1,0,0,111101000000000111111110,False,44.3304,41.9216
tid_2010,городской округ Серовский,Свердловская область,1,1,1,1,111111111111111111111111,False,59.7101,60.9425
tid_2011,городской округ Сухой Лог,Свердловская область,1,1,1,1,111111111111111111111111,False,56.9853,62.059
tid_2012,городской округ Тавдинский,Свердловская область,1,2,2,1,111111121221112122222222,True,58.132,65.3573
tid_2015,городской округ Алапаевское,Свердловская область,2,2,2,2,222222222222222222222222,False,57.9365,61.8961
tid_2017,городской округ Артинский,Свердловская область,2,2,2,2,122112222222222222222222,False,56.3255,58.5113
tid_2018,городской округ Ачитский,Свердловская область,2,2,2,2,222222222222222222222222,False,56.8264,58.147
tid_2019,городской округ Белоярский,Свердловская область,1,1,1,1,111111111111111111111111,False,56.6606,61.338
tid_2021,городской округ Верхотурский,Свердловская область,1,2,2,1,111111111122222222222222,True,58.6965,61.1203
tid_2022,городской округ Гаринский,Свердловская область,2,2,2,2,222222223222222222222222,False,59.7187,62.7179
tid_2023,городской округ Ирбитское,Свердловская область,2,2,2,2,112222222222222222222222,False,57.5841,62.883
tid_2024,городской округ Каменский,Свердловская область,1,1,1,1,111111111111111111111111,False,56.3926,61.8018
tid_2025,городской округ Красноуфимский округ,Свердловская область,1,1,1,1,112233131111111111111111,False,56.4809,57.6961
tid_2027,городской округ Бисертский,Свердловская область,2,2,2,2,222222222222222222222222,False,56.8534,59.0191
tid_2028,городской округ Новолялинский,Свердловская область,2,2,2,2,222222222222222222222222,False,59.1961,59.9497
tid_203,Урупский муниципальный район,Карачаево-Черкесская Республика,2,2,2,2,222222221222222222222222,False,43.7409,41.0568
tid_2030,городской округ Пышминский,Свердловская область,1,2,2,1,112112222222222222222222,True,56.8366,63.2009
tid_2031,городской округ Сосьвинский,Свердловская область,2,2,2,2,222222222222222222222222,False,59.0361,61.8372
tid_2032,городской округ Сысертский,Свердловская область,1,1,1,1,111111111111111111111111,False,56.4125,60.8209
tid_2033,городской округ Арамильский,Свердловская область,1,1,1,1,111111111111111111111111,False,56.6642,60.8766
tid_2034,городской округ Талицкий,Свердловская область,1,1,2,1,111111111111111111221222,False,56.8866,63.7906
tid_2035,городской округ Тугулымский,Свердловская область,2,2,2,2,222222222222222222222222,False,57.0169,64.6006
tid_2036,городской округ Туринский,Свердловская область,2,2,2,2,222222222222222222222222,False,58.1743,63.5727
tid_2037,городской округ Шалинский,Свердловская область,2,2,2,2,222222222222222222222222,False,57.3177,58.5809
tid_2039,Байкаловский муниципальный район,Свердловская область,2,2,2,2,222222222222222222222222,False,57.4475,63.6847
tid_204,Усть-Джегутинский муниципальный район,Карачаево-Черкесская Республика,1,1,1,1,221111100101011111111111,False,43.9275,42.1248
tid_2040,Камышловский муниципальный район,Свердловская область,1,1,1,1,111111111111111111111111,False,56.8346,62.7025
tid_2041,Слободо-Туринский муниципальный район,Свердловская область,2,2,2,2,111222222222222222222222,False,57.5747,64.4581
tid_2042,Нижнесергинский муниципальный район,Свердловская область,2,2,2,2,222222222222222222222222,False,56.5756,59.1489
tid_2043,Таборинский муниципальный район,Свердловская область,2,2,2,2,222222222222222222222222,False,58.8035,64.4361
tid_2044,городской округ город Смоленск,Смоленская область,1,1,1,1,111111111111111010011111,False,54.8352,31.8681
tid_2045,городской округ город Десногорск,Смоленская область,2,1,2,2,222221112222222111111122,False,54.2168,33.1611
tid_2046,Велижский муниципальный район,Смоленская область,2,2,2,2,222222222222222222222222,False,55.6333,31.0954
tid_2047,Вяземский муниципальный район,Смоленская область,1,1,1,1,111111111111111111111111,False,55.2379,34.1221
tid_2048,Гагаринский муниципальный район,Смоленская область,1,1,1,1,221111111111111111111111,False,55.6907,34.8332
tid_2049,Глинковский муниципальный район,Смоленская область,2,2,2,2,222222222222222222222222,False,54.6988,32.6614
tid_205,Хабезский муниципальный район,Карачаево-Черкесская Республика,1,1,1,1,111111111000001111111111,False,44.0892,41.8224
tid_2050,Демидовский муниципальный район,Смоленская область,2,2,2,2,222222222222222222222222,False,55.4477,31.5265
tid_2051,Дорогобужский муниципальный район,Смоленская область,2,2,2,2,222222222222222222222222,False,54.9138,33.1986
tid_2052,Духовщинский муниципальный район,Смоленская область,2,2,2,2,222222222222222222222222,False,55.4232,32.1516
tid_2053,Ельнинский муниципальный район,Смоленская область,2,2,2,2,222222222222222222222222,False,54.5662,33.1594
tid_2054,Ершичский муниципальный район,Смоленская область,2,2,2,2,222222222222222222222222,False,53.6647,32.5936
tid_2055,Кардымовский муниципальный район,Смоленская область,2,2,2,2,222222222222222222222222,False,54.9209,32.2814
tid_2056,Краснинский муниципальный район,Смоленская область,2,2,2,2,222222222222222222222222,False,54.6114,31.2637
tid_2057,Монастырщинский муниципальный район,Смоленская область,2,2,2,2,222222222222222222222222,False,54.3665,31.5982
tid_2058,Новодугинский муниципальный район,Смоленская область,2,2,2,2,222222222222222222222222,False,55.6599,33.9235
tid_2059,Починковский муниципальный район,Смоленская область,2,2,2,2,222222222222222222222222,False,54.3992,32.3937
tid_206,городской округ Петрозаводский,Республика Карелия,1,0,0,0,111000000000000000000000,True,61.8538,34.1559
tid_2060,Рославльский муниципальный район,Смоленская область,1,1,2,1,221111111111111111111111,False,54.086,32.9754
tid_2061,Руднянский муниципальный район,Смоленская область,2,2,2,2,121112222222222222222222,False,55.0773,30.9503
tid_2062,Сафоновский муниципальный район,Смоленская область,1,1,2,1,221111111112211111111222,False,55.2499,33.275
tid_2063,Смоленский муниципальный район,Смоленская область,1,1,1,1,111111111111111110111111,False,54.8992,31.6935
tid_2064,Сычевский муниципальный район,Смоленская область,2,2,2,2,222222222222222222222222,False,55.9087,33.9897
tid_2065,Темкинский муниципальный район,Смоленская область,2,2,2,2,222222222222222222222222,False,55.1722,34.8425
tid_2066,Угранский муниципальный район,Смоленская область,2,2,2,2,222222222222222222222222,False,54.8077,34.1649
tid_2067,Хиславичский муниципальный район,Смоленская область,2,2,2,2,222222222222222222222222,False,54.1727,31.9782
tid_2068,Холм-Жирковский муниципальный район,Смоленская область,2,2,2,2,222222222222222222222222,False,55.5836,33.1238
tid_2069,Шумячский муниципальный район,Смоленская область,2,2,2,2,222222222222222222222222,False,53.9294,32.1338
tid_207,городской округ Костомукшский,Республика Карелия,1,1,1,1,111111111111111111111111,False,64.8205,30.0248
tid_2070,Ярцевский муниципальный район,Смоленская область,2,2,2,2,222222222222222111112222,False,55.2518,32.6131
tid_2072,городской округ город Кирсанов,Тамбовская область,2,2,2,2,222222222222222222222222,False,52.6563,42.7118
tid_2073,городской округ город Котовск,Тамбовская область,2,2,2,2,222222222222222222222222,False,52.6024,41.4528
tid_2074,городской округ город Мичуринск,Тамбовская область,1,1,1,1,111111111111111111111111,False,52.9317,40.4122
tid_2075,городской округ город Моршанск,Тамбовская область,2,2,2,2,222222222222222222222222,False,53.4546,41.7477
tid_2076,городской округ город Рассказово,Тамбовская область,2,1,1,1,222222221211111111111111,True,52.6689,41.8439
tid_2077,городской округ город Уварово,Тамбовская область,2,2,2,2,222222222222222222222222,False,51.9811,42.2154
tid_2078,Бондарский муниципальный округ,Тамбовская область,2,2,2,2,222222222222222222222222,False,52.9746,41.9939
tid_2079,Гавриловский муниципальный округ,Тамбовская область,2,2,2,2,222222222222222222222222,False,52.9448,42.6014
tid_208,Беломорский муниципальный округ,Республика Карелия,2,2,2,2,222221222222222222222222,False,64.407,34.5928
tid_2080,Жердевский муниципальный округ,Тамбовская область,2,2,2,2,222222222222222222222222,False,51.8552,41.5529
tid_2081,Знаменский муниципальный округ,Тамбовская область,2,2,2,2,222222222222222222222222,False,52.4065,41.2535
tid_2082,Инжавинский муниципальный округ,Тамбовская область,2,2,2,2,222222222222222222222222,False,52.3246,42.488
tid_2085,Мордовский муниципальный округ,Тамбовская область,2,2,2,2,222222222222222222222222,False,52.1853,40.7666
tid_2087,Мучкапский муниципальный округ,Тамбовская область,2,2,2,2,222222222222222222222222,False,51.8413,42.4377
tid_2088,Никифоровский муниципальный округ,Тамбовская область,2,2,2,2,222222222222222222222222,False,52.8714,40.787
tid_2089,Первомайский муниципальный округ,Тамбовская область,2,2,2,2,222222222222222222222222,False,53.2218,40.2758
tid_209,Калевальский муниципальный район,Республика Карелия,1,1,1,1,222111111111111111111112,False,65.1376,31.0869
tid_2090,Петровский муниципальный округ,Тамбовская область,2,2,2,2,222222222222222222222222,False,52.5814,40.3375
tid_2091,Пичаевский муниципальный округ,Тамбовская область,2,2,2,2,222222222222222222222222,False,53.2246,42.1405
tid_2093,Ржаксинский муниципальный округ,Тамбовская область,2,2,2,2,222222222222222222222222,False,52.1603,41.9446
tid_2094,Сампурский муниципальный округ,Тамбовская область,2,2,2,2,222222222222222222222222,False,52.2715,41.6163
tid_2095,Сосновский муниципальный округ,Тамбовская область,2,2,2,2,222222222222222222222222,False,53.2123,41.2376
tid_2096,Староюрьевский муниципальный округ,Тамбовская область,2,2,2,2,222222222222222222222222,False,53.3849,40.656
tid_2098,Токарёвский муниципальный округ,Тамбовская область,2,2,2,2,222222222222222222222222,False,52.0205,41.1254
tid_21,городской округ город Уфа,Республика Башкортостан,0,0,0,0,000000000000000000000000,False,54.7287,56.0611
tid_210,Кемский муниципальный район,Республика Карелия,2,2,2,2,222222222222222222222222,False,65.3824,33.8635
tid_2100,Умётский муниципальный округ,Тамбовская область,2,2,2,2,222222222222222222222222,False,52.6189,42.9355
tid_2101,городской округ город Тверь,Тверская область,1,0,0,0,111000000000000000000000,True,56.8991,35.7449
tid_2105,городской округ Осташковский,Тверская область,2,2,2,2,222222222222222222222222,False,57.2546,32.9031
tid_2108,городской округ город Торжок,Тверская область,1,1,1,1,111111111111111111111111,False,57.0932,34.7982
tid_2109,городской округ Удомельский,Тверская область,2,1,2,1,222111111222222111112222,False,58.0112,34.8158
tid_211,Кондопожский муниципальный район,Республика Карелия,1,2,2,1,111111111122221211112222,False,62.4819,33.6634
tid_2110,муниципальный округ Андреапольский,Тверская область,2,2,2,2,222222222222222222222222,False,56.7846,31.926
tid_2111,муниципальный округ Бежецкий,Тверская область,2,2,2,2,222222222222222222222222,False,57.7759,36.3918
tid_2112,муниципальный округ Бельский,Тверская область,2,2,2,2,222222222222222222222222,False,55.8787,32.8251
tid_2113,муниципальный округ Бологовский,Тверская область,2,2,2,2,222222222222222222222221,False,58.0077,33.846
tid_2114,муниципальный округ Весьегонский,Тверская область,2,2,2,2,222222222222222222222222,False,58.6144,36.917
tid_2116,муниципальный округ Жарковский,Тверская область,2,2,2,2,222222222222222222222222,False,55.9372,32.0158
tid_2117,муниципальный округ Западнодвинский,Тверская область,2,2,2,2,222222222222222222222222,False,56.1683,31.6438
tid_2118,муниципальный округ Зубцовский,Тверская область,2,2,2,2,222222222222222222222222,False,56.1796,34.7155
tid_2119,муниципальный округ Калининский,Тверская область,1,1,1,1,111111111101111110110100,False,56.8264,35.7394
tid_212,Лахденпохский муниципальный район,Республика Карелия,1,2,2,1,111122221122222211111212,False,61.4218,29.8821
tid_2120,муниципальный округ Калязинский,Тверская область,2,2,2,2,222222222222222222222222,False,57.1272,37.8481
tid_2121,городской округ Кашинский,Тверская область,2,2,2,2,222222222222222222222222,False,57.394,37.2874
tid_2122,муниципальный округ Кесовогорский,Тверская область,2,2,2,2,222222222222222222221221,False,57.6115,37.1333
tid_2124,муниципальный округ Конаковский,Тверская область,1,1,1,1,111111111111111111111111,False,56.6896,36.451
tid_2125,муниципальный округ Краснохолмский,Тверская область,2,2,2,2,222222222222222222222222,False,58.152,37.0477
tid_2126,муниципальный округ Кувшиновский,Тверская область,2,2,2,2,222222222222222222222222,False,57.0998,33.958
tid_2127,муниципальный округ Лесной,Тверская область,2,2,2,2,222222222222222222222222,False,58.2937,35.4247
tid_2128,муниципальный округ Лихославльский,Тверская область,2,2,2,2,222222222222222222222222,False,57.3268,35.3989
tid_2129,муниципальный округ Максатихинский,Тверская область,2,2,2,2,222222222222222222222222,False,57.8903,35.6906
tid_213,Лоухский муниципальный район,Республика Карелия,2,2,2,2,222222222222222222222222,False,66.1407,31.6767
tid_2130,муниципальный округ Молоковский,Тверская область,2,2,2,2,222222222222222222223232,False,58.216,36.4793
tid_2131,городской округ Нелидовский,Тверская область,2,2,2,2,222222222222222222222222,False,56.3094,32.5705
tid_2132,муниципальный округ Оленинский,Тверская область,2,2,2,2,222222222222222222222222,False,56.256,33.3079
tid_2133,муниципальный округ Пеновский,Тверская область,2,2,2,2,222222222222222222222222,False,57.0018,32.2991
tid_2134,муниципальный округ Рамешковский,Тверская область,2,2,2,2,222222222222222222222222,False,57.2978,36.115
tid_2136,муниципальный округ Сандовский,Тверская область,2,2,2,2,222222222222222222222222,False,58.4389,36.1938
tid_2137,муниципальный округ Селижаровский,Тверская область,2,2,2,2,222222222222222222222222,False,56.8104,33.2694
tid_2138,муниципальный округ Сонковский,Тверская область,2,2,2,2,222222222222222222222222,False,57.8253,37.0522
tid_2139,муниципальный округ Спировский,Тверская область,2,2,2,2,222222222222222222222222,False,57.5117,35.0104
tid_214,Медвежьегорский муниципальный район,Республика Карелия,2,2,2,2,222222222222222222222222,False,62.9541,34.3561
tid_2140,муниципальный округ Старицкий,Тверская область,2,2,2,2,222222222222222222222222,False,56.61,34.6169
tid_2142,муниципальный округ Торопецкий,Тверская область,2,2,2,2,222222222222222222221222,False,56.667,31.2165
tid_2143,муниципальный округ Фировский,Тверская область,2,2,2,2,222222222222222222222222,False,57.5378,33.4875
tid_2144,городской округ город Томск,Томская область,0,0,0,0,111000000000000000000000,False,56.4427,85.0156
tid_2145,городской округ город Кедровый,Томская область,2,2,2,2,222222222222222222222222,False,57.4974,79.8434
tid_2146,городской округ город Стрежевой,Томская область,1,1,1,1,111111111111111111111111,False,60.7217,77.5346
tid_2148,Александровский муниципальный район,Томская область,3,2,2,3,313333333131111322222221,False,60.1169,78.7592
tid_2149,Асиновский муниципальный район,Томская область,2,2,2,2,222222222222222222222222,False,57.2666,85.5171
tid_215,Муезерский муниципальный район,Республика Карелия,2,2,2,2,222222222222222221122222,False,63.8368,31.3707
tid_2150,Бакчарский муниципальный район,Томская область,2,2,2,2,222222222222222222222222,False,56.9361,81.4934
tid_2151,Верхнекетский муниципальный район,Томская область,2,2,2,2,222222222222222222222222,False,58.9331,85.978
tid_2152,Зырянский муниципальный район,Томская область,2,2,2,2,222222222222222222222222,False,56.6728,87.0373
tid_2153,Каргасокский муниципальный район,Томская область,2,2,2,2,222222222222222222222222,False,59.0834,79.3239
tid_2154,Кожевниковский муниципальный район,Томская область,2,2,2,2,222222222222222222222222,False,56.0517,83.6363
tid_2155,Колпашевский муниципальный район,Томская область,2,2,2,2,212222222222212222222222,False,58.4279,82.8308
tid_2156,Кривошеинский муниципальный район,Томская область,2,2,2,2,222222222222222222222222,False,57.1757,84.0391
tid_2157,Молчановский муниципальный район,Томская область,2,2,2,2,222222222222222222222222,False,57.673,84.201
tid_2158,Парабельский муниципальный район,Томская область,2,2,2,2,222222222222222222222222,False,58.2323,80.3621
tid_2159,Первомайский муниципальный район,Томская область,2,2,2,2,222222222222222222222222,False,57.6413,86.7147
tid_216,Олонецкий муниципальный район,Республика Карелия,2,2,2,2,222222222222222222222222,False,61.1398,32.5566
tid_2160,Тегульдетский муниципальный район,Томская область,2,2,2,2,222222222222222222222222,False,57.3661,88.2186
tid_2161,Томский муниципальный район,Томская область,0,0,0,0,111000000000000000000000,False,56.5234,85.0291
tid_2162,Чаинский муниципальный район,Томская область,2,2,2,2,222222222222222222222222,False,57.6562,82.3987
tid_2163,Шегарский муниципальный район,Томская область,2,2,2,2,222222222222222222222222,False,56.6807,83.757
tid_2164,городской округ город Тула,Тульская область,0,0,0,0,111000000000000000000000,False,54.2599,37.4425
tid_2165,городской округ город Алексин,Тульская область,1,1,1,1,222111111111111111111111,False,54.4886,37.0356
tid_2167,городской округ город Донской,Тульская область,1,1,1,1,221111111111111111111111,False,54.0204,38.2718
tid_2168,городской округ город Ефремов,Тульская область,1,1,1,1,221111111111111111111111,False,53.1925,38.1849
tid_2169,городской округ город Новомосковск,Тульская область,1,1,1,1,111111111111111111111111,False,54.1633,38.3491
tid_217,Питкярантский муниципальный округ,Республика Карелия,2,2,2,2,222211111222222221222222,False,61.4247,31.2588
tid_2171,Арсеньевский муниципальный район,Тульская область,2,2,2,2,222222222222222222222222,False,53.6828,36.5069
tid_2172,Белевский муниципальный район,Тульская область,2,2,2,2,222222222222222222222222,False,53.8052,36.0903
tid_2173,Богородицкий муниципальный район,Тульская область,1,1,2,1,222221111111122221111111,False,53.7358,38.1086
tid_2174,Веневский муниципальный район,Тульская область,2,2,2,2,222222222222222222222222,False,54.4339,38.123
tid_2175,Воловский муниципальный район,Тульская область,2,2,2,2,222222222222222222222222,False,53.5081,37.9632
tid_2176,Дубенский муниципальный район,Тульская область,2,2,2,2,222222222222222222222222,False,54.1843,36.8775
tid_2177,Заокский муниципальный район,Тульская область,1,1,1,1,211111111111111111111111,False,54.6961,37.3527
tid_2178,Каменский муниципальный район,Тульская область,2,2,2,2,222222222222222222222222,False,53.2759,37.6437
tid_2179,Кимовский муниципальный район,Тульская область,2,2,2,2,222222222222222222222222,False,53.8601,38.5787
tid_218,Прионежский муниципальный район,Республика Карелия,1,1,1,1,111111111111111101111111,False,61.6567,34.4371
tid_2180,Киреевский муниципальный район,Тульская область,2,2,2,2,222222222222222222222222,False,54.0161,37.7778
tid_2181,Куркинский муниципальный район,Тульская область,2,2,2,2,222222222222222222222222,False,53.5109,38.4922
tid_2182,Одоевский муниципальный район,Тульская область,2,2,2,2,222222222222222222222222,False,53.9449,36.6443
tid_2183,Плавский муниципальный район,Тульская область,2,2,2,2,222222222222222222222222,False,53.6592,37.1567
tid_2184,Суворовский муниципальный район,Тульская область,2,2,2,2,222222222222222222222222,False,54.1573,36.3208
tid_2185,Тепло-Огаревский муниципальный район,Тульская область,2,2,2,2,222222222222222222222222,False,53.5919,37.5506
tid_2186,Узловский муниципальный район,Тульская область,1,1,1,1,222111111111111111111111,False,53.9356,38.1642
tid_2187,Чернский муниципальный район,Тульская область,2,2,2,2,222222222222222222222222,False,53.4595,36.8544
tid_2188,Щекинский муниципальный район,Тульская область,1,1,1,1,221111111111111111111111,False,53.9403,37.2864
tid_2189,Ясногорский муниципальный район,Тульская область,2,2,2,2,222222222222222222222222,False,54.5991,37.7332
tid_219,Пряжинский муниципальный район,Республика Карелия,2,2,2,2,222222222222222222222222,False,61.7683,32.8945
tid_2190,городской округ город Тюмень,Тюменская область,0,0,0,0,000000000000000000000000,False,57.1434,65.5717
tid_2191,городской округ Заводоуковский,Тюменская область,1,1,1,1,111111111111111111111111,False,56.463,66.8182
tid_2192,городской округ город Ишим,Тюменская область,1,1,1,1,111111111111111111111111,False,56.0444,69.5066
tid_2193,городской округ город Тобольск,Тюменская область,1,1,1,1,111101111011011001111111,False,58.1939,68.3478
tid_2194,городской округ город Ялуторовск,Тюменская область,1,1,1,1,111111111111111111111111,False,56.606,66.3179
tid_2195,Абатский муниципальный район,Тюменская область,1,2,2,1,222112222222221122222222,True,56.19,70.4889
tid_2196,Армизонский муниципальный район,Тюменская область,2,2,2,2,222222222222222222222222,False,55.9203,67.652
tid_2197,Аромашевский муниципальный район,Тюменская область,2,2,2,2,222222222222222222222222,False,56.8723,68.9855
tid_2198,Бердюжский муниципальный район,Тюменская область,2,2,2,2,222222222222222222222222,False,55.7079,68.5357
tid_2199,Вагайский муниципальный район,Тюменская область,1,2,2,1,111111122112222222222222,True,57.7181,69.5837
tid_22,городской округ город Агидель,Республика Башкортостан,1,2,2,1,111111122222222222222222,True,55.861,53.9693
tid_220,Пудожский муниципальный район,Республика Карелия,2,2,2,2,222222222222222222222222,False,62.1101,36.4035
tid_2200,Викуловский муниципальный район,Тюменская область,2,2,2,2,222222222222212222222211,False,56.8602,70.7982
tid_2201,городской округ Голышмановский,Тюменская область,2,2,2,2,221222222222222222222222,False,56.3929,68.4455
tid_2202,Исетский муниципальный район,Тюменская область,1,1,2,1,111111111111111111222212,False,56.5181,65.4511
tid_2203,Ишимский муниципальный район,Тюменская область,1,1,1,1,111111111111111111111111,False,56.1316,69.3802
tid_2204,Казанский муниципальный район,Тюменская область,2,2,2,2,222222222222222222222222,False,55.5377,69.2941
tid_2205,Нижнетавдинский муниципальный район,Тюменская область,2,2,2,2,222222222222222222222222,False,57.5895,66.0094
tid_2206,Омутинский муниципальный район,Тюменская область,2,2,2,2,221122222222222222222222,False,56.3886,67.6461
tid_2207,Сладковский муниципальный район,Тюменская область,2,2,2,2,222222222222222222222222,False,55.5001,70.1851
tid_2208,Сорокинский муниципальный район,Тюменская область,2,2,2,2,222222222121222122222222,False,56.6766,69.827
tid_221,Сегежский муниципальный округ,Республика Карелия,2,2,2,2,222211112222222211122222,False,63.7326,34.206
tid_2210,Тюменский муниципальный район,Тюменская область,1,0,0,0,111010000000000000000000,True,57.0398,65.6363
tid_2211,Уватский муниципальный район,Тюменская область,2,2,2,1,111111222222222222222222,False,58.9027,71.1719
tid_2212,Упоровский муниципальный район,Тюменская область,2,2,2,2,222222222222222222222222,False,56.1563,66.3071
tid_2213,Юргинский муниципальный район,Тюменская область,2,2,2,2,222222222222222222222222,False,56.9268,67.7244
tid_2215,Ярковский муниципальный район,Тюменская область,1,2,2,1,111112222122212122222222,True,57.5321,67.186
tid_2216,городской округ город Ханты-Мансийск,Ханты-Мансийский автономный округ — Югра,0,0,0,0,000000000000000000000000,False,61.0093,69.1206
tid_2217,городской округ город Когалым,Ханты-Мансийский автономный округ — Югра,1,1,0,0,111100001111011000001111,False,62.2797,74.5039
tid_2218,городской округ город Лангепас,Ханты-Мансийский автономный округ — Югра,1,1,1,1,111111111111111111111111,False,61.236,75.1713
tid_2219,городской округ город Мегион,Ханты-Мансийский автономный округ — Югра,1,1,1,1,111111111111111100011111,False,61.0422,76.0491
tid_222,Сортавальский муниципальный район,Республика Карелия,1,1,1,1,111111111111111111111111,False,61.8163,30.3765
tid_2220,городской округ город Нефтеюганск,Ханты-Мансийский автономный округ — Югра,1,0,0,0,111100000001000000000001,False,61.0613,72.5463
tid_2221,городской округ город Нижневартовск,Ханты-Мансийский автономный округ — Югра,0,0,0,0,111000000000000000000000,False,60.9079,76.545
tid_2222,городской округ город Нягань,Ханты-Мансийский автономный округ — Югра,1,1,1,1,111111111111111111111111,False,62.1211,65.5236
tid_2223,городской округ город Покачи,Ханты-Мансийский автономный округ — Югра,1,1,1,1,111111111111111111111111,False,61.7147,75.4812
tid_2224,городской округ город Пыть-Ях,Ханты-Мансийский автономный округ — Югра,1,1,1,1,111111111111111111111111,False,60.705,72.8047
tid_2225,городской округ город Радужный,Ханты-Мансийский автономный округ — Югра,1,1,1,1,111111111111111111111111,False,62.1456,77.3966
tid_2226,городской округ город Сургут,Ханты-Мансийский автономный округ — Югра,0,0,0,0,010000000000000000000000,False,61.2787,73.4648
tid_2227,городской округ город Урай,Ханты-Мансийский автономный округ — Югра,1,1,1,1,111111111111111111111111,False,60.1045,64.8026
tid_2228,городской округ город Югорск,Ханты-Мансийский автономный округ — Югра,1,1,1,1,111111011111111111111111,False,61.3146,63.2714
tid_2229,Белоярский муниципальный район,Ханты-Мансийский автономный округ — Югра,1,1,1,1,111111111111111111111111,False,63.6336,68.1781
tid_223,Суоярвский муниципальный округ,Республика Карелия,2,2,2,2,222222222222222222222222,False,62.4417,31.808
tid_2230,Березовский муниципальный район,Ханты-Мансийский автономный округ — Югра,1,1,1,1,111311111111111111111211,False,63.5444,62.0074
tid_2231,Кондинский муниципальный район,Ханты-Мансийский автономный округ — Югра,1,1,1,1,111111111111111111111111,False,59.9205,66.1711
tid_2232,Нефтеюганский муниципальный район,Ханты-Мансийский автономный округ — Югра,1,1,1,1,111111111111111111111111,False,60.3715,71.8824
tid_2233,Нижневартовский муниципальный район,Ханты-Мансийский автономный округ — Югра,1,1,1,1,121211111111111111111111,False,61.5802,79.6476
tid_2234,Октябрьский муниципальный район,Ханты-Мансийский автономный округ — Югра,2,2,2,2,222222112222121222112222,False,62.2946,66.0403
tid_2235,Советский муниципальный район,Ханты-Мансийский автономный округ — Югра,1,1,1,1,111111111111111111111111,False,61.5032,63.5446
tid_2236,Сургутский муниципальный район,Ханты-Мансийский автономный округ — Югра,1,1,1,1,111111111111111111111111,False,61.4069,73.3205
tid_2237,Ханты-Мансийский муниципальный район,Ханты-Мансийский автономный округ — Югра,1,1,1,1,111111111111111111111111,False,61.2948,68.7054
tid_2238,городской округ город Салехард,Ямало-Ненецкий автономный округ,0,0,0,0,000000000000000000000000,False,66.3698,66.3868
tid_224,городской округ Сыктывкар,Республика Коми,1,1,1,1,111111111111111111111111,False,61.7581,50.737
tid_2241,городской округ город Муравленко,Ямало-Ненецкий автономный округ,1,1,1,1,111111111111111111111111,False,63.8077,74.4888
tid_2242,городской округ город Новый Уренгой,Ямало-Ненецкий автономный округ,0,0,0,0,000000000000000000000000,False,66.1085,76.7482
tid_2243,городской округ город Ноябрьск,Ямало-Ненецкий автономный округ,1,1,0,1,111100001111111000001111,False,63.1643,75.6884
tid_2244,муниципальный округ Красноселькупский район,Ямало-Ненецкий автономный округ,3,3,3,3,333333033333333333333333,False,64.4814,82.4978
tid_2245,муниципальный округ Надымский район,Ямало-Ненецкий автономный округ,1,1,1,1,111110001111111110001111,False,65.9176,73.1865
tid_2248,муниципальный округ Тазовский район,Ямало-Ненецкий автономный округ,1,1,1,1,111111011111111111011131,False,69.9974,77.5688
tid_2249,муниципальный округ Шурышкарский район,Ямало-Ненецкий автономный округ,3,3,3,3,333333333333333333333333,False,65.3593,65.2131
tid_225,городской округ Воркута,Республика Коми,3,1,1,3,333331113333313331113113,False,67.3643,63.8661
tid_2250,муниципальный округ Ямальский район,Ямало-Ненецкий автономный округ,3,3,3,3,333333033333333333013333,False,70.0756,70.2396
tid_2251,городской округ город Ульяновск,Ульяновская область,1,1,1,1,111111111111111110011101,False,54.3006,48.3181
tid_2252,городской округ город Димитровград,Ульяновская область,1,1,1,1,111111111111111111111111,False,54.2095,49.5414
tid_2253,городской округ город Новоульяновск,Ульяновская область,2,2,2,2,222222222222222222222222,False,54.1403,48.4353
tid_2254,Базарносызганский муниципальный район,Ульяновская область,2,2,2,2,222222222222222222222222,False,53.6838,46.6906
tid_2255,Барышский муниципальный район,Ульяновская область,2,2,2,2,222222222222222222222222,False,53.6042,47.1079
tid_2256,Вешкаймский муниципальный район,Ульяновская область,2,2,2,2,222222222222222222222222,False,53.9955,47.0722
tid_2257,Инзенский муниципальный район,Ульяновская область,2,2,2,2,222222222222222222222222,False,53.944,46.3326
tid_2258,Карсунский муниципальный район,Ульяновская область,2,2,2,2,222222222222222222222222,False,54.2509,46.9031
tid_2259,Кузоватовский муниципальный район,Ульяновская область,2,2,2,2,222222222222222222222222,False,53.5819,47.7104
tid_226,муниципальный округ Вуктыл,Республика Коми,2,2,2,2,222322132232222222211231,False,63.962,57.7836
tid_2260,Майнский муниципальный район,Ульяновская область,2,2,2,2,222222222222222222222222,False,54.1384,47.6123
tid_2262,Николаевский муниципальный район,Ульяновская область,2,2,2,2,222122221222122222222222,False,53.127,47.202
tid_2264,Новоспасский муниципальный район,Ульяновская область,2,2,2,2,222222222222222222222222,False,53.1713,47.8087
tid_2265,Павловский муниципальный район,Ульяновская область,2,2,2,2,222222222222222222222222,False,52.7046,47.115
tid_2266,Радищевский муниципальный район,Ульяновская область,2,2,2,2,222222222222222222222222,False,52.9029,48.0245
tid_2267,Сенгилеевский муниципальный район,Ульяновская область,2,2,2,2,222222222222222222222222,False,53.8919,48.6577
tid_2268,Старокулаткинский муниципальный район,Ульяновская область,2,2,2,2,222222222222222222222222,False,52.7467,47.5786
tid_2269,Старомайнский муниципальный район,Ульяновская область,2,2,2,2,222222222222222222222222,False,54.6092,49.1512
tid_227,городской округ Инта,Республика Коми,2,2,2,2,222222222223322232222222,False,66.1689,60.4806
tid_2270,Сурский муниципальный район,Ульяновская область,2,2,2,2,222222222222222222222222,False,54.555,46.8696
tid_2271,Тереньгульский муниципальный район,Ульяновская область,2,2,2,2,222222222222222222222222,False,53.7461,48.1918
tid_2272,Ульяновский муниципальный район,Ульяновская область,2,2,2,2,222222222222222222222222,False,54.3538,48.1546
tid_2274,Чердаклинский муниципальный район,Ульяновская область,2,2,2,2,222222222222222222222222,False,54.2668,48.8482
tid_2275,городской округ Челябинский,Челябинская область,0,0,0,0,111000000000000000000000,False,55.1261,61.4284
tid_2276,городской округ Верхнеуфалейский,Челябинская область,2,2,2,2,222222222222222222222222,False,55.9758,60.1906
tid_2278,городской округ Карабашский,Челябинская область,2,2,2,2,222222222222222222222222,False,55.4979,60.213
tid_2279,городской округ Копейский,Челябинская область,1,1,1,1,111111111111111111111111,False,55.0089,61.586
tid_228,муниципальный округ Усинск,Республика Коми,1,1,1,1,111111111111111111111111,False,66.4315,56.2873
tid_2280,городской округ Кыштымский,Челябинская область,1,1,1,1,111111111111111111111111,False,55.6822,60.4217
tid_2281,городской округ Магнитогорский,Челябинская область,1,1,1,1,111111111011111111111111,False,53.3605,59.0711
tid_2282,городской округ Миасский,Челябинская область,1,1,1,1,111111111111111111111111,False,55.0334,60.0435
tid_2286,городской округ Троицкий,Челябинская область,1,1,1,1,111111111111111111111111,False,54.0317,61.6029
tid_2287,городской округ Усть-Катавский,Челябинская область,2,2,2,2,222222221222122122222222,False,54.9546,58.3142
tid_2288,городской округ Чебаркульский,Челябинская область,1,1,1,1,111111111111111111111111,False,54.9383,60.38
tid_2289,городской округ Южноуральский,Челябинская область,1,1,1,1,111111111111111111111111,False,54.3732,61.2102
tid_229,городской округ Ухта,Республика Коми,1,1,1,1,111111111111111111111111,False,63.5461,53.2561
tid_2292,Аргаяшский муниципальный район,Челябинская область,2,2,2,2,222222222222222222222222,False,55.3735,60.7739
tid_2293,Ашинский муниципальный район,Челябинская область,2,2,2,2,222222222222222222222222,False,55.0199,57.5831
tid_2294,Брединский муниципальный район,Челябинская область,2,2,2,2,222222222222222222222222,False,52.3683,60.3524
tid_2295,Варненский муниципальный район,Челябинская область,2,2,2,1,222222221122122222222212,False,53.2227,61.2799
tid_2296,Верхнеуральский муниципальный район,Челябинская область,2,2,2,2,222222222222222222222222,False,53.861,59.5492
tid_2297,Еманжелинский муниципальный район,Челябинская область,2,2,2,2,222222222222222222222222,False,54.6788,61.3247
tid_2298,Еткульский муниципальный район,Челябинская область,2,2,2,2,222222222222222222222222,False,54.7153,61.6118
tid_2299,Карталинский муниципальный район,Челябинская область,2,2,2,2,222222222222222222222222,False,52.9844,60.4365
tid_23,городской округ город Кумертау,Республика Башкортостан,1,1,1,1,111111111111111111111111,False,52.7581,55.8602
tid_230,Ижемский муниципальный район,Республика Коми,2,2,2,2,211222332223211222222222,False,65.2698,53.7122
tid_2300,Каслинский муниципальный район,Челябинская область,2,2,2,2,222222222222222222222222,False,56.0467,61.1277
tid_2301,Катав-Ивановский муниципальный район,Челябинская область,2,2,2,2,222222222222222222222222,False,54.6551,58.214
tid_2302,Кизильский муниципальный район,Челябинская область,2,2,2,2,222222222222222222222222,False,52.6921,59.3383
tid_2303,Коркинский муниципальный округ,Челябинская область,2,2,2,2,222222222111122222211111,False,54.846,61.3396
tid_2304,Красноармейский муниципальный район,Челябинская область,2,2,2,2,222222222222222222222222,False,55.3976,62.0655
tid_2305,Кунашакский муниципальный район,Челябинская область,2,2,2,2,222222222222222222222222,False,55.8015,61.6521
tid_2307,Нагайбакский муниципальный район,Челябинская область,2,2,2,2,222222222222222222222222,False,53.5071,59.8579
tid_2308,Нязепетровский муниципальный район,Челябинская область,2,2,2,2,222222222222222222222222,False,55.9336,59.5893
tid_2309,Октябрьский муниципальный район,Челябинская область,2,2,2,2,222222222222222222222222,False,54.3299,62.7395
tid_231,Княжпогостский муниципальный район,Республика Коми,2,2,2,2,222222222222222222222222,False,63.3699,51.1927
tid_2310,Пластовский муниципальный район,Челябинская область,2,2,2,2,222222222222222222222222,False,54.2312,60.6313
tid_2311,Саткинский муниципальный район,Челябинская область,1,1,1,1,222111111111111111111111,False,54.9397,59.0129
tid_2312,Сосновский муниципальный район,Челябинская область,1,0,0,1,111011100000000000000000,True,55.1894,61.2152
tid_2314,Увельский муниципальный район,Челябинская область,2,2,2,2,221222222222222222222222,False,54.4314,61.5303
tid_2315,Уйский муниципальный район,Челябинская область,2,2,2,2,222222222222222222222222,False,54.3373,60.1129
tid_2316,Чебаркульский муниципальный район,Челябинская область,2,2,2,2,222222222222222222222222,False,54.7822,60.5398
tid_2317,Чесменский муниципальный район,Челябинская область,2,2,2,2,222222222222222222222222,False,53.6747,60.6039
tid_2318,городской округ город Ярославль,Ярославская область,1,1,1,1,111000111101111000111111,False,57.6698,39.7276
tid_232,Койгородский муниципальный район,Республика Коми,2,2,2,2,222222222222222222222222,False,60.4154,50.9568
tid_2320,городской округ город Рыбинск,Ярославская область,1,1,1,1,111111111111111111111111,False,58.0981,38.682
tid_2321,Большесельский муниципальный район,Ярославская область,2,2,2,2,222222222222222222222222,False,57.7646,38.8449
tid_2322,Борисоглебский муниципальный район,Ярославская область,2,2,2,2,222222222222222222222222,False,57.3671,38.8463
tid_2323,Брейтовский муниципальный район,Ярославская область,2,2,2,2,222222222222222222222222,False,58.404,37.6839
tid_2324,Гаврилов-Ямский муниципальный район,Ярославская область,2,2,2,2,222222222222222222222222,False,57.3703,39.7612
tid_2325,Даниловский муниципальный район,Ярославская область,2,2,2,2,222222222222222222222222,False,58.1606,39.9791
tid_2326,Любимский муниципальный район,Ярославская область,2,2,2,2,222222222222222222222222,False,58.3656,40.6124
tid_2327,Мышкинский муниципальный район,Ярославская область,2,2,2,2,222222222222222222222222,False,57.8062,38.0503
tid_2328,Некоузский муниципальный район,Ярославская область,2,2,2,2,222222222222222222222222,False,57.9961,37.7318
tid_2329,Некрасовский муниципальный район,Ярославская область,2,2,2,2,222222222222222222222222,False,57.6931,40.2582
tid_233,Корткеросский муниципальный район,Республика Коми,2,2,2,2,222222222222222222222222,False,61.9521,52.1186
tid_2330,Первомайский муниципальный район,Ярославская область,2,2,2,2,222222222222222222222222,False,58.5868,39.7603
tid_2332,Пошехонский муниципальный район,Ярославская область,2,2,2,2,222222222222222222222222,False,58.6179,38.8125
tid_2333,Ростовский муниципальный район,Ярославская область,1,1,2,1,222211111111111111111112,False,57.1304,39.2179
tid_2334,Рыбинский муниципальный район,Ярославская область,2,2,2,2,222222222212222222211111,False,58.1744,38.6495
tid_2335,Тутаевский муниципальный район,Ярославская область,2,1,2,2,222222221111111111111111,True,57.9845,39.4241
tid_2336,Угличский муниципальный район,Ярославская область,2,1,1,1,222211111111111111111111,True,57.4846,38.2066
tid_2337,Ярославский муниципальный район,Ярославская область,1,1,1,1,111111111111111011111111,False,57.6704,39.6892
tid_2338,городской округ город Биробиджан,Еврейская автономная область,3,1,1,3,333331133111111111111111,True,48.6686,132.793
tid_2339,Биробиджанский муниципальный район,Еврейская автономная область,3,3,1,3,333333333333333333333311,False,48.3889,132.751
tid_234,муниципальный район Печора,Республика Коми,1,1,1,1,111111111111111111111111,False,65.0817,57.0308
tid_2340,Ленинский муниципальный район,Еврейская автономная область,2,1,1,1,212121113111111111111111,True,47.9638,132.078
tid_2341,Облученский муниципальный район,Еврейская автономная область,3,3,1,3,333333333333333333333133,False,48.8051,131.719
tid_2342,Октябрьский муниципальный район,Еврейская автономная область,3,2,2,3,333333333332222222222222,True,48.0054,131.164
tid_2343,Смидовичский муниципальный район,Еврейская автономная область,3,1,1,3,333333333333331111111111,True,48.4048,133.749
tid_2344,городской округ Анадырь,Чукотский автономный округ,0,0,0,0,000000000000000000000000,False,64.8296,177.911
tid_2345,городской округ Эгвекинот,Чукотский автономный округ,3,3,3,3,333333303333333333033333,False,68.0346,180.402
tid_2348,Анадырский муниципальный район,Чукотский автономный округ,3,3,1,3,333330003333333330000333,False,64.8881,173.909
tid_2349,Билибинский муниципальный район,Чукотский автономный округ,3,3,3,3,333333000333333330000333,False,67.32,164.068
tid_235,Прилузский муниципальный район,Республика Коми,2,2,2,2,222222222222222222222222,False,60.2352,49.1904
tid_2351,внутригородская территория города федерального значения муниципальный округ Коломна,Санкт-Петербург,0,0,0,0,000000000000000000000000,False,59.9849,30.0137
tid_2352,внутригородская территория города федерального значения муниципальный округ Сенной округ,Санкт-Петербург,0,0,0,0,000000000000000000000000,False,59.9879,30.0453
tid_2353,внутригородская территория города федерального значения муниципальный округ Адмиралтейский округ,Санкт-Петербург,0,0,0,0,000000000000000000000000,False,59.9944,30.0319
tid_2354,внутригородская территория города федерального значения муниципальный округ Семеновский,Санкт-Петербург,0,0,0,0,000000000000000000000000,False,59.9803,30.0592
tid_2355,внутригородская территория города федерального значения муниципальный округ Измайловское,Санкт-Петербург,0,0,0,0,000000000000000000000000,False,59.9722,30.037
tid_2356,внутригородская территория города федерального значения муниципальный округ Екатерингофский,Санкт-Петербург,0,0,0,0,000000000000000000000000,False,59.972,30.0068
tid_2357,внутригородская территория города федерального значения муниципальный округ № 7,Санкт-Петербург,0,0,0,0,000000000000000000000000,False,59.9973,30.008
tid_2358,внутригородская территория города федерального значения муниципальный округ Васильевский,Санкт-Петербург,0,0,0,0,000000000000000000000000,False,60.008,29.9927
tid_2359,внутригородская территория города федерального значения муниципальный округ Гавань,Санкт-Петербург,0,0,0,0,000000000000000000000000,False,59.9965,29.9605
tid_236,муниципальный район Сосногорск,Республика Коми,2,2,2,2,333221132222222222212222,False,63.7573,54.8171
tid_2360,внутригородская территория города федерального значения муниципальный округ Морской,Санкт-Петербург,0,0,0,0,000000000000000000000000,False,60.007,29.9351
tid_2361,внутригородская территория города федерального значения муниципальный округ Остров Декабристов,Санкт-Петербург,0,0,0,0,000000000000000000000000,False,60.0187,29.9558
tid_2362,внутригородская территория города федерального значения поселок Левашово,Санкт-Петербург,0,0,0,0,000000000000000000000000,False,60.152,29.8824
tid_2363,внутригородская территория города федерального значения поселок Парголово,Санкт-Петербург,0,0,0,0,000000000000000000000000,False,60.1483,29.9823
tid_2364,внутригородская территория города федерального значения муниципальный округ Сампсониевское,Санкт-Петербург,0,0,0,0,000000000000000000000000,False,60.0392,30.0722
tid_2365,внутригородская территория города федерального значения муниципальный округ Светлановское,Санкт-Петербург,0,0,0,0,000000000000000000000000,False,60.0735,30.0704
tid_2366,внутригородская территория города федерального значения муниципальный округ Сосновское,Санкт-Петербург,0,0,0,0,000000000000000000000000,False,60.095,30.0755
tid_2367,внутригородская территория города федерального значения муниципальный округ № 15,Санкт-Петербург,0,0,0,0,000000000000000000000000,False,60.1158,30.0998
tid_2368,внутригородская территория города федерального значения муниципальный округ Сергиевское,Санкт-Петербург,0,0,0,0,000000000000000000000000,False,60.1262,30.0851
tid_2369,внутригородская территория города федерального значения муниципальный округ Шувалово-Озерки,Санкт-Петербург,0,0,0,0,000000000000000000000000,False,60.1139,30.038
tid_237,Сыктывдинский муниципальный район,Республика Коми,1,1,1,1,322111111111111111111111,False,61.613,50.449
tid_2370,внутригородская территория города федерального значения поселок Лисий Нос,Санкт-Петербург,0,0,0,0,000000000000000000000000,False,60.0787,29.7329
tid_2371,внутригородская территория города федерального значения муниципальный округ Лахта-Ольгино,Санкт-Петербург,0,0,0,0,000000000000000000000000,False,60.074,29.8618
tid_2372,внутригородская территория города федерального значения муниципальный округ № 65,Санкт-Петербург,0,0,0,0,000000000000000000000000,False,60.0558,29.9479
tid_2373,внутригородская территория города федерального значения муниципальный округ Ланское,Санкт-Петербург,0,0,0,0,000000000000000000000000,False,60.0507,30.0297
tid_2374,внутригородская территория города федерального значения муниципальный округ Комендантский аэродром,Санкт-Петербург,0,0,0,0,000000000000000000000000,False,60.0678,30.0294
tid_2375,внутригородская территория города федерального значения муниципальный округ Озеро Долгое,Санкт-Петербург,0,0,0,0,000000000000000000000000,False,60.0649,29.9954
tid_2376,внутригородская территория города федерального значения муниципальный округ Юнтолово,Санкт-Петербург,0,0,0,0,000000000000000000000000,False,60.0849,29.9604
tid_2377,внутригородская территория города федерального значения муниципальный округ Коломяги,Санкт-Петербург,0,0,0,0,000000000000000000000000,False,60.1072,29.9612
tid_2378,внутригородская территория города федерального значения муниципальный округ Гражданка,Санкт-Петербург,0,0,0,0,000000000000000000000000,False,60.0731,30.1285
tid_2379,внутригородская территория города федерального значения муниципальный округ Академическое,Санкт-Петербург,0,0,0,0,000000000000000000000000,False,60.0812,30.1154
tid_238,Сысольский муниципальный район,Республика Коми,2,2,2,2,222222222222222222222222,False,61.0808,49.8624
tid_2380,внутригородская территория города федерального значения муниципальный округ Финляндский округ,Санкт-Петербург,0,0,0,0,000000000000000000000000,False,60.0319,30.1132
tid_2381,внутригородская территория города федерального значения муниципальный округ № 21,Санкт-Петербург,0,0,0,0,000000000000000000000000,False,60.095,30.1538
tid_2382,внутригородская территория города федерального значения муниципальный округ Пискаревка,Санкт-Петербург,0,0,0,0,000000000000000000000000,False,60.0603,30.1326
tid_2383,внутригородская территория города федерального значения муниципальный округ Северный,Санкт-Петербург,0,0,0,0,000000000000000000000000,False,60.1076,30.1109
tid_2384,внутригородская территория города федерального значения муниципальный округ Прометей,Санкт-Петербург,0,0,0,0,000000000000000000000000,False,60.1029,30.1289
tid_2385,внутригородская территория города федерального значения муниципальный округ Княжево,Санкт-Петербург,0,0,0,0,000000000000000000000000,False,59.9145,30.005
tid_2386,внутригородская территория города федерального значения муниципальный округ Ульянка,Санкт-Петербург,0,0,0,0,000000000000000000000000,False,59.8948,29.9481
tid_2387,внутригородская территория города федерального значения муниципальный округ Дачное,Санкт-Петербург,0,0,0,0,000000000000000000000000,False,59.9064,29.9753
tid_2388,внутригородская территория города федерального значения муниципальный округ Автово,Санкт-Петербург,0,0,0,0,000000000000000000000000,False,59.9365,29.9631
tid_2389,внутригородская территория города федерального значения муниципальный округ Нарвский округ,Санкт-Петербург,0,0,0,0,000000000000000000000000,False,59.9528,29.9971
tid_239,Троицко-Печорский муниципальный район,Республика Коми,2,2,2,2,222222222222222222222222,False,62.4655,57.375
tid_2390,внутригородская территория города федерального значения муниципальный округ Красненькая речка,Санкт-Петербург,0,0,0,0,000000000000000000000000,False,59.92,29.9702
tid_2391,внутригородская территория города федерального значения муниципальный округ Морские ворота,Санкт-Петербург,0,0,0,0,000000000000000000000000,False,59.9627,29.9557
tid_2392,внутригородская территория города федерального значения город Колпино,Санкт-Петербург,0,0,0,0,111000000000000000000000,False,59.8187,30.3631
tid_2393,внутригородская территория города федерального значения поселок Металлострой,Санкт-Петербург,0,0,0,0,111000000000000000000000,False,59.8611,30.2967
tid_2395,внутригородская территория города федерального значения поселок Понтонный,Санкт-Петербург,1,1,1,1,111100111011111001111101,False,59.8492,30.3793
tid_2398,внутригородская территория города федерального значения муниципальный округ Полюстрово,Санкт-Петербург,0,0,0,0,000000000000000000000000,False,60.0559,30.1855
tid_2399,внутригородская территория города федерального значения муниципальный округ Большая Охта,Санкт-Петербург,0,0,0,0,000000000000000000000000,False,60.0149,30.1598
tid_240,Удорский муниципальный район,Республика Коми,2,2,2,2,222222222222222222222222,False,63.6665,48.3628
tid_2400,внутригородская территория города федерального значения муниципальный округ Малая Охта,Санкт-Петербург,0,0,0,0,000000000000000000000000,False,59.9958,30.1521
tid_2401,внутригородская территория города федерального значения муниципальный округ Пороховые,Санкт-Петербург,0,0,0,0,000000000000000000000000,False,60.008,30.2061
tid_2402,внутригородская территория города федерального значения муниципальный округ Ржевка,Санкт-Петербург,0,0,0,0,000000000000000000000000,False,60.0334,30.2216
tid_2403,внутригородская территория города федерального значения город Красное Село,Санкт-Петербург,0,0,0,0,000000000000000000000000,False,59.7917,29.8248
tid_2404,внутригородская территория города федерального значения муниципальный округ Юго-Запад,Санкт-Петербург,0,0,0,0,000000000000000000000000,False,59.919,29.9476
tid_2405,внутригородская территория города федерального значения муниципальный округ Южно-Приморский,Санкт-Петербург,0,0,0,0,000000000000000000000000,False,59.9213,29.9038
tid_2406,внутригородская территория города федерального значения муниципальный округ Сосновая поляна,Санкт-Петербург,0,0,0,0,000000000000000000000000,False,59.9094,29.8566
tid_2407,внутригородская территория города федерального значения муниципальный округ Урицк,Санкт-Петербург,0,0,0,0,000000000000000000000000,False,59.8988,29.9141
tid_2408,внутригородская территория города федерального значения муниципальный округ Константиновское,Санкт-Петербург,0,0,0,0,000000000000000000000000,False,59.8862,29.8534
tid_2409,внутригородская территория города федерального значения муниципальный округ Горелово,Санкт-Петербург,0,0,0,0,000000000000000000000000,False,59.8555,29.8772
tid_241,Усть-Вымский муниципальный район,Республика Коми,2,2,2,2,222222222222222222222222,False,62.2238,49.6606
tid_2410,внутригородская территория города федерального значения город Кронштадт,Санкт-Петербург,0,0,0,0,110000000000000000000000,False,60.0678,29.4694
tid_2411,внутригородская территория города федерального значения город Зеленогорск,Санкт-Петербург,0,0,0,0,000000000000000000000000,False,60.276,29.4321
tid_2412,внутригородская территория города федерального значения город Сестрорецк,Санкт-Петербург,0,0,0,0,000000000000000000000000,False,60.1308,29.7505
tid_2416,внутригородская территория города федерального значения поселок Песочный,Санкт-Петербург,0,0,0,0,000000000000000000000000,False,60.1816,29.8417
tid_242,Усть-Куломский муниципальный район,Республика Коми,2,2,2,2,222222222222222222222222,False,61.7379,54.3372
tid_2422,внутригородская территория города федерального значения город Ломоносов,Санкт-Петербург,0,0,0,0,010000000000000000000000,False,59.9667,29.4768
tid_2423,внутригородская территория города федерального значения муниципальный округ Московская застава,Санкт-Петербург,0,0,0,0,000000000000000000000000,False,59.9471,30.0558
tid_2424,внутригородская территория города федерального значения муниципальный округ Гагаринское,Санкт-Петербург,0,0,0,0,000000000000000000000000,False,59.9093,30.0924
tid_2425,внутригородская территория города федерального значения муниципальный округ Новоизмайловское,Санкт-Петербург,0,0,0,0,000000000000000000000000,False,59.927,30.0307
tid_2426,внутригородская территория города федерального значения муниципальный округ Пулковский меридиан,Санкт-Петербург,0,0,0,0,000000000000000000000000,False,59.8678,30.0219
tid_2427,внутригородская территория города федерального значения муниципальный округ Звездное,Санкт-Петербург,0,0,0,0,000000000000000000000000,False,59.8928,30.0739
tid_2428,внутригородская территория города федерального значения муниципальный округ Невская застава,Санкт-Петербург,0,0,0,0,000000000000000000000000,False,59.9656,30.1368
tid_2429,внутригородская территория города федерального значения муниципальный округ Ивановский,Санкт-Петербург,0,0,0,0,000000000000000000000000,False,59.9397,30.1657
tid_243,Усть-Цилемский муниципальный район,Республика Коми,2,2,2,2,221322212231111132122233,False,65.8568,51.328
tid_2430,внутригородская территория города федерального значения муниципальный округ Обуховский,Санкт-Петербург,0,0,0,0,000000000000000000000000,False,59.9244,30.1933
tid_2431,внутригородская территория города федерального значения муниципальный округ Рыбацкое,Санкт-Петербург,0,0,0,0,000000000000000000000000,False,59.8989,30.2427
tid_2432,внутригородская территория города федерального значения муниципальный округ Народный,Санкт-Петербург,0,0,0,0,000000000000000000000000,False,59.9429,30.2093
tid_2433,внутригородская территория города федерального значения муниципальный округ № 54,Санкт-Петербург,0,0,0,0,000000000000000000000000,False,59.9614,30.2096
tid_2434,внутригородская территория города федерального значения муниципальный округ Невский округ,Санкт-Петербург,0,0,0,0,000000000000000000000000,False,59.973,30.1813
tid_2435,внутригородская территория города федерального значения муниципальный округ Оккервиль,Санкт-Петербург,0,0,0,0,000000000000000000000000,False,59.9789,30.2227
tid_2436,внутригородская территория города федерального значения муниципальный округ Правобережный,Санкт-Петербург,0,0,0,0,000000000000000000000000,False,59.9906,30.2007
tid_2437,внутригородская территория города федерального значения город Павловск,Санкт-Петербург,0,0,0,0,000000000000000000000000,False,59.728,30.1785
tid_2439,внутригородская территория города федерального значения муниципальный округ Введенский,Санкт-Петербург,0,0,0,0,000000000000000000000000,False,60.0133,30.029
tid_2440,внутригородская территория города федерального значения муниципальный округ Кронверкское,Санкт-Петербург,0,0,0,0,000000000000000000000000,False,60.017,30.0441
tid_2441,внутригородская территория города федерального значения муниципальный округ Посадский,Санкт-Петербург,0,0,0,0,000000000000000000000000,False,60.0209,30.0621
tid_2442,внутригородская территория города федерального значения муниципальный округ Аптекарский остров,Санкт-Петербург,0,0,0,0,000000000000000000000000,False,60.0327,30.047
tid_2443,внутригородская территория города федерального значения муниципальный округ округ Петровский,Санкт-Петербург,0,0,0,0,000000000000000000000000,False,60.0228,30.0026
tid_2444,внутригородская территория города федерального значения муниципальный округ Чкаловское,Санкт-Петербург,0,0,0,0,000000000000000000000000,False,60.0366,29.9939
tid_2445,внутригородская территория города федерального значения город Петергоф,Санкт-Петербург,0,0,0,0,000000000000000000000000,False,59.9325,29.6379
tid_2446,внутригородская территория города федерального значения поселок Стрельна,Санкт-Петербург,0,0,0,0,000000000000000000000000,False,59.9056,29.7793
tid_2447,внутригородская территория города федерального значения город Пушкин,Санкт-Петербург,0,0,0,0,000000000000000000000000,False,59.7632,30.0784
tid_2449,внутригородская территория города федерального значения поселок Шушары,Санкт-Петербург,0,0,0,0,000000000000000000000000,False,59.8245,30.1773
tid_2450,внутригородская территория города федерального значения муниципальный округ Волковское,Санкт-Петербург,0,0,0,0,000000000000000000000000,False,59.9551,30.0983
tid_2451,внутригородская территория города федерального значения муниципальный округ № 72,Санкт-Петербург,0,0,0,0,000000000000000000000000,False,59.9307,30.1356
tid_2452,внутригородская территория города федерального значения муниципальный округ Купчино,Санкт-Петербург,0,0,0,0,000000000000000000000000,False,59.9264,30.1058
tid_2453,внутригородская территория города федерального значения муниципальный округ Георгиевский,Санкт-Петербург,0,0,0,0,000000000000000000000000,False,59.9093,30.1194
tid_2454,внутригородская территория города федерального значения муниципальный округ № 75,Санкт-Петербург,0,0,0,0,000000000000000000000000,False,59.9088,30.1677
tid_2455,внутригородская территория города федерального значения муниципальный округ Балканский,Санкт-Петербург,0,0,0,0,000000000000000000000000,False,59.8929,30.1365
tid_2456,внутригородская территория города федерального значения муниципальный округ Дворцовый округ,Санкт-Петербург,0,0,0,0,000000000000000000000000,False,60.0043,30.0593
tid_2457,внутригородская территория города федерального значения муниципальный округ № 78,Санкт-Петербург,0,0,0,0,000000000000000000000000,False,59.9949,30.0586
tid_2458,внутригородская территория города федерального значения муниципальный округ Литейный округ,Санкт-Петербург,0,0,0,0,000000000000000000000000,False,60.0053,30.0813
tid_2459,внутригородская территория города федерального значения муниципальный округ Смольнинское,Санкт-Петербург,0,0,0,0,000000000000000000000000,False,60.0039,30.1135
tid_2460,внутригородская территория города федерального значения муниципальный округ Лиговка-Ямская,Санкт-Петербург,0,0,0,0,000000000000000000000000,False,59.9847,30.1067
tid_2461,внутригородская территория города федерального значения муниципальный округ Владимирский округ,Санкт-Петербург,0,0,0,0,000000000000000000000000,False,59.9874,30.0781
tid_2462,внутригородская территория города федерального значения муниципальный округ Богородское,Москва,0,0,0,0,000000000000000000000000,False,55.8535,37.5772
tid_2463,внутригородская территория города федерального значения муниципальный округ Вешняки,Москва,0,0,0,0,000000000000000000000000,False,55.7662,37.6943
tid_2464,внутригородская территория города федерального значения муниципальный округ Восточное Измайлово,Москва,0,0,0,0,000000000000000000000000,False,55.8314,37.7002
tid_2465,внутригородская территория города федерального значения муниципальный округ Восточный,Москва,0,0,0,0,110000000000000000000000,False,55.8573,37.7365
tid_2466,внутригородская территория города федерального значения муниципальный округ Гольяново,Москва,0,0,0,0,000000000000000000000000,False,55.8582,37.6712
tid_2467,внутригородская территория города федерального значения муниципальный округ Ивановское,Москва,0,0,0,0,000000000000000000000000,False,55.8058,37.7046
tid_2468,внутригородская территория города федерального значения муниципальный округ Измайлово,Москва,0,0,0,0,000000000000000000000000,False,55.8193,37.6518
tid_2469,внутригородская территория города федерального значения муниципальный округ Косино-Ухтомский,Москва,0,0,0,0,000000000000000000000000,False,55.7527,37.7599
tid_2470,внутригородская территория города федерального значения муниципальный округ Новогиреево,Москва,0,0,0,0,000000000000000000000000,False,55.7826,37.6818
tid_2471,внутригородская территория города федерального значения муниципальный округ Новокосино,Москва,0,0,0,0,000000000000000000000000,False,55.7756,37.738
tid_2472,внутригородская территория города федерального значения муниципальный округ Метрогородок,Москва,0,0,0,0,000000000000000000000000,False,55.878,37.6119
tid_2473,внутригородская территория города федерального значения муниципальный округ Перово,Москва,0,0,0,0,000000000000000000000000,False,55.7874,37.647
tid_2474,внутригородская территория города федерального значения муниципальный округ Северное Измайлово,Москва,0,0,0,0,000000000000000000000000,False,55.8426,37.6891
tid_2475,внутригородская территория города федерального значения муниципальный округ Соколиная гора,Москва,0,0,0,0,000000000000000000000000,False,55.8088,37.6083
tid_2476,внутригородская территория города федерального значения муниципальный округ Сокольники,Москва,0,0,0,0,000000000000000000000000,False,55.8349,37.5545
tid_2477,внутригородская территория города федерального значения муниципальный округ Преображенское,Москва,0,0,0,0,000000000000000000000000,False,55.8327,37.5989
tid_2478,внутригородская территория города федерального значения муниципальный округ Внуково,Москва,0,0,0,0,000000000000000000000000,False,55.6389,37.1489
tid_2479,внутригородская территория города федерального значения муниципальный округ Дорогомилово,Москва,0,0,0,0,000000000000000000000000,False,55.7734,37.4087
tid_2480,внутригородская территория города федерального значения муниципальный округ Крылатское,Москва,0,0,0,0,000000000000000000000000,False,55.8002,37.2795
tid_2481,внутригородская территория города федерального значения муниципальный округ Кунцево,Москва,0,0,0,0,000000000000000000000000,False,55.776,37.0349
tid_2482,внутригородская территория города федерального значения муниципальный округ Можайский,Москва,0,0,0,0,000000000000000000000000,False,55.7464,37.2711
tid_2483,внутригородская территория города федерального значения муниципальный округ Ново-Переделкино,Москва,0,0,0,0,000000000000000000000000,False,55.6812,37.2396
tid_2484,внутригородская территория города федерального значения муниципальный округ Очаково-Матвеевское,Москва,0,0,0,0,000000000000000000000000,False,55.7284,37.3253
tid_2485,внутригородская территория города федерального значения муниципальный округ Проспект Вернадского,Москва,0,0,0,0,000000000000000000000000,False,55.7105,37.3755
tid_2486,внутригородская территория города федерального значения муниципальный округ Раменки,Москва,0,0,0,0,000000000000000000000000,False,55.7409,37.3943
tid_2487,внутригородская территория города федерального значения муниципальный округ Солнцево,Москва,0,0,0,0,000000000000000000000000,False,55.6934,37.2784
tid_2488,внутригородская территория города федерального значения муниципальный округ Тропарево-Никулино,Москва,0,0,0,0,000000000000000000000000,False,55.696,37.3439
tid_2489,внутригородская территория города федерального значения муниципальный округ Филевский парк,Москва,0,0,0,0,000000000000000000000000,False,55.7814,37.3534
tid_2490,внутригородская территория города федерального значения муниципальный округ Фили-Давыдково,Москва,0,0,0,0,000000000000000000000000,False,55.761,37.3443
tid_2491,внутригородская территория города федерального значения муниципальный округ Крюково,Москва,0,0,0,0,000000000000000000000000,False,56.007,37.0474
tid_2492,внутригородская территория города федерального значения муниципальный округ Матушкино,Москва,0,0,0,0,000000000000000000000000,False,56.0406,37.0808
tid_2493,внутригородская территория города федерального значения муниципальный округ Силино,Москва,0,0,0,0,000000000000000000000000,False,56.0361,37.0507
tid_2494,внутригородская территория города федерального значения муниципальный округ Аэропорт,Москва,0,0,0,0,000000000000000000000000,False,55.8373,37.4209
tid_2495,внутригородская территория города федерального значения муниципальный округ Беговой,Москва,0,0,0,0,000000000000000000000000,False,55.819,37.4425
tid_2496,внутригородская территория города федерального значения муниципальный округ Бескудниковский,Москва,0,0,0,0,000000000000000000000000,False,55.9012,37.4274
tid_2497,внутригородская территория города федерального значения муниципальный округ Войковский,Москва,0,0,0,0,000000000000000000000000,False,55.8635,37.371
tid_2498,внутригородская территория города федерального значения муниципальный округ Восточное Дегунино,Москва,0,0,0,0,000000000000000000000000,False,55.9147,37.4347
tid_2499,внутригородская территория города федерального значения муниципальный округ Головинский,Москва,0,0,0,0,000000000000000000000000,False,55.886,37.3856
tid_25,городской округ город Нефтекамск,Республика Башкортостан,1,1,1,1,111111111101000011111111,False,56.1755,54.3739
tid_2500,внутригородская территория города федерального значения муниципальный округ Дмитровский,Москва,0,0,0,0,000000000000000000000000,False,55.9269,37.4026
tid_2501,внутригородская территория города федерального значения муниципальный округ Западное Дегунино,Москва,0,0,0,0,000000000000000000000000,False,55.9086,37.3922
tid_2502,внутригородская территория города федерального значения муниципальный округ Коптево,Москва,0,0,0,0,000000000000000000000000,False,55.8669,37.4064
tid_2503,внутригородская территория города федерального значения муниципальный округ Левобережный,Москва,0,0,0,0,000000000000000000000000,False,55.9024,37.34
tid_2504,внутригородская территория города федерального значения муниципальный округ Молжаниновский,Москва,0,0,0,0,000000000000000000000000,False,55.9739,37.2489
tid_2505,внутригородская территория города федерального значения муниципальный округ Савеловский,Москва,0,0,0,0,000000000000000000000000,False,55.8376,37.4471
tid_2506,внутригородская территория города федерального значения муниципальный округ Сокол,Москва,0,0,0,0,000000000000000000000000,False,55.8433,37.3815
tid_2507,внутригородская территория города федерального значения муниципальный округ Тимирязевский,Москва,0,0,0,0,000000000000000000000000,False,55.8625,37.4372
tid_2508,внутригородская территория города федерального значения муниципальный округ Ховрино,Москва,0,0,0,0,000000000000000000000000,False,55.9068,37.3644
tid_2509,внутригородская территория города федерального значения муниципальный округ Хорошевский,Москва,0,0,0,0,000000000000000000000000,False,55.8196,37.4046
tid_2510,внутригородская территория города федерального значения муниципальный округ Алексеевский,Москва,0,0,0,0,000000000000000000000000,False,55.8463,37.5286
tid_2511,внутригородская территория города федерального значения муниципальный округ Алтуфьевский,Москва,0,0,0,0,000000000000000000000000,False,55.9164,37.4575
tid_2512,внутригородская территория города федерального значения муниципальный округ Бабушкинский,Москва,0,0,0,0,000000000000000000000000,False,55.903,37.5408
tid_2513,внутригородская территория города федерального значения муниципальный округ Бибирево,Москва,0,0,0,0,000000000000000000000000,False,55.9321,37.484
tid_2514,внутригородская территория города федерального значения муниципальный округ Бутырский,Москва,0,0,0,0,000000000000000000000000,False,55.8485,37.4676
tid_2515,внутригородская территория города федерального значения муниципальный округ Лианозово,Москва,0,0,0,0,000000000000000000000000,False,55.9375,37.4445
tid_2516,внутригородская территория города федерального значения муниципальный округ Лосиноостровский,Москва,0,0,0,0,000000000000000000000000,False,55.9171,37.5679
tid_2517,внутригородская территория города федерального значения муниципальный округ Марфино,Москва,0,0,0,0,000000000000000000000000,False,55.8726,37.4636
tid_2518,внутригородская территория города федерального значения муниципальный округ Марьина роща,Москва,0,0,0,0,000000000000000000000000,False,55.8319,37.4889
tid_2519,внутригородская территория города федерального значения муниципальный округ Останкинский,Москва,0,0,0,0,000000000000000000000000,False,55.8661,37.4982
tid_2520,внутригородская территория города федерального значения муниципальный округ Отрадное,Москва,0,0,0,0,000000000000000000000000,False,55.8999,37.4747
tid_2521,внутригородская территория города федерального значения муниципальный округ Ростокино,Москва,0,0,0,0,000000000000000000000000,False,55.8715,37.5324
tid_2522,внутригородская территория города федерального значения муниципальный округ Свиблово,Москва,0,0,0,0,000000000000000000000000,False,55.8886,37.5241
tid_2523,внутригородская территория города федерального значения муниципальный округ Северное Медведково,Москва,0,0,0,0,000000000000000000000000,False,55.9244,37.5294
tid_2524,внутригородская территория города федерального значения муниципальный округ Северный,Москва,0,0,0,0,000000000000000000000000,False,55.957,37.4155
tid_2525,внутригородская территория города федерального значения муниципальный округ Южное Медведково,Москва,0,0,0,0,000000000000000000000000,False,55.911,37.5108
tid_2526,внутригородская территория города федерального значения муниципальный округ Ярославский,Москва,0,0,0,0,000000000000000000000000,False,55.9005,37.5755
tid_2527,внутригородская территория города федерального значения муниципальный округ Куркино,Москва,0,0,0,0,000000000000000000000000,False,55.9281,37.2633
tid_2528,внутригородская территория города федерального значения муниципальный округ Митино,Москва,0,0,0,0,000000000000000000000000,False,55.8799,37.2481
tid_2529,внутригородская территория города федерального значения муниципальный округ Покровское-Стрешнево,Москва,0,0,0,0,000000000000000000000000,False,55.862,37.3204
tid_2530,внутригородская территория города федерального значения муниципальный округ Северное Тушино,Москва,0,0,0,0,000000000000000000000000,False,55.8993,37.3012
tid_2531,внутригородская территория города федерального значения муниципальный округ Строгино,Москва,0,0,0,0,000000000000000000000000,False,55.8345,37.2811
tid_2532,внутригородская территория города федерального значения муниципальный округ Хорошево-Мневники,Москва,0,0,0,0,000000000000000000000000,False,55.8089,37.3416
tid_2533,внутригородская территория города федерального значения муниципальный округ Щукино,Москва,0,0,0,0,000000000000000000000000,False,55.8383,37.3494
tid_2534,внутригородская территория города федерального значения муниципальный округ Южное Тушино,Москва,0,0,0,0,000000000000000000000000,False,55.8815,37.3011
tid_2535,внутригородская территория города федерального значения муниципальный округ Арбат,Москва,0,0,0,0,000000000000000000000000,False,55.787,37.4673
tid_2536,внутригородская территория города федерального значения муниципальный округ Басманный,Москва,0,0,0,0,000000000000000000000000,False,55.8016,37.5493
tid_2537,внутригородская территория города федерального значения муниципальный округ Замоскворечье,Москва,0,0,0,0,000000000000000000000000,False,55.7696,37.51
tid_2538,внутригородская территория города федерального значения муниципальное образование Савелки,Москва,0,0,0,0,000000000000000000000000,False,56.0245,37.1129
tid_2539,внутригородская территория города федерального значения муниципальный округ Красносельский,Москва,0,0,0,0,000000000000000000000000,False,55.8137,37.5298
tid_2540,внутригородская территория города федерального значения муниципальный округ Мещанский,Москва,0,0,0,0,000000000000000000000000,False,55.8167,37.5053
tid_2541,внутригородская территория города федерального значения муниципальный округ Пресненский,Москва,0,0,0,0,000000000000000000000000,False,55.7967,37.4344
tid_2542,внутригородская территория города федерального значения муниципальный округ Таганский,Москва,0,0,0,0,000000000000000000000000,False,55.7762,37.5414
tid_2543,внутригородская территория города федерального значения муниципальный округ Тверской,Москва,0,0,0,0,000000000000000000000000,False,55.8055,37.4816
tid_2544,внутригородская территория города федерального значения муниципальный округ Хамовники,Москва,0,0,0,0,000000000000000000000000,False,55.7671,37.4542
tid_2545,внутригородская территория города федерального значения муниципальный округ Якиманка,Москва,0,0,0,0,000000000000000000000000,False,55.7659,37.4828
tid_2546,внутригородская территория города федерального значения муниципальный округ Выхино-Жулебино,Москва,0,0,0,0,000000000000000000000000,False,55.7314,37.7051
tid_2547,внутригородская территория города федерального значения муниципальный округ Капотня,Москва,0,0,0,0,111000000000000000000000,False,55.6808,37.6862
tid_2548,внутригородская территория города федерального значения муниципальный округ Кузьминки,Москва,0,0,0,0,000000000000000000000000,False,55.7323,37.6563
tid_2549,внутригородская территория города федерального значения муниципальный округ Лефортово,Москва,0,0,0,0,000000000000000000000000,False,55.7894,37.5802
tid_2550,внутригородская территория города федерального значения муниципальный округ Люблино,Москва,0,0,0,0,000000000000000000000000,False,55.7069,37.6545
tid_2551,внутригородская территория города федерального значения муниципальный округ Марьино,Москва,0,0,0,0,000000000000000000000000,False,55.6862,37.6202
tid_2552,внутригородская территория города федерального значения муниципальный округ Некрасовка,Москва,0,0,0,0,000000000000000000000000,False,55.73,37.8168
tid_2553,внутригородская территория города федерального значения муниципальный округ Нижегородский,Москва,0,0,0,0,000000000000000000000000,False,55.7684,37.5997
tid_2554,внутригородская территория города федерального значения муниципальный округ Печатники,Москва,0,0,0,0,000000000000000000000000,False,55.7207,37.5852
tid_2555,внутригородская территория города федерального значения муниципальный округ Рязанский,Москва,0,0,0,0,000000000000000000000000,False,55.7551,37.6477
tid_2556,внутригородская территория города федерального значения муниципальный округ Текстильщики,Москва,0,0,0,0,000000000000000000000000,False,55.7429,37.616
tid_2557,внутригородская территория города федерального значения муниципальный округ Южнопортовый,Москва,0,0,0,0,000000000000000000000000,False,55.7497,37.5577
tid_2558,внутригородская территория города федерального значения муниципальный округ Академический,Москва,0,0,0,0,000000000000000000000000,False,55.7245,37.4563
tid_2559,внутригородская территория города федерального значения муниципальный округ Гагаринский,Москва,0,0,0,0,000000000000000000000000,False,55.7347,37.4367
tid_2560,внутригородская территория города федерального значения муниципальный округ Зюзино,Москва,0,0,0,0,000000000000000000000000,False,55.6896,37.4675
tid_2561,внутригородская территория города федерального значения муниципальный округ Коньково,Москва,0,0,0,0,000000000000000000000000,False,55.6783,37.4056
tid_2562,внутригородская территория города федерального значения муниципальный округ Котловка,Москва,0,0,0,0,000000000000000000000000,False,55.7108,37.4727
tid_2563,внутригородская территория города федерального значения муниципальный округ Ломоносовский,Москва,0,0,0,0,000000000000000000000000,False,55.7162,37.4114
tid_2564,внутригородская территория города федерального значения муниципальный округ Обручевский,Москва,0,0,0,0,000000000000000000000000,False,55.6942,37.3951
tid_2565,внутригородская территория города федерального значения муниципальный округ Северное Бутово,Москва,0,0,0,0,000000000000000000000000,False,55.6058,37.451
tid_2566,внутригородская территория города федерального значения муниципальный округ Теплый Стан,Москва,0,0,0,0,000000000000000000000000,False,55.6662,37.363
tid_2567,внутригородская территория города федерального значения муниципальный округ Черемушки,Москва,0,0,0,0,000000000000000000000000,False,55.701,37.4375
tid_2568,внутригородская территория города федерального значения муниципальный округ Южное Бутово,Москва,0,0,0,0,000000000000000000000000,False,55.5674,37.432
tid_2569,внутригородская территория города федерального значения муниципальный округ Ясенево,Москва,0,0,0,0,000000000000000000000000,False,55.6506,37.4255
tid_2570,внутригородская территория города федерального значения муниципальный округ Бирюлево Восточное,Москва,0,0,0,0,000000000000000000000000,False,55.631,37.5564
tid_2571,внутригородская территория города федерального значения муниципальный округ Бирюлево Западное,Москва,0,0,0,0,111000000000000000000000,False,55.6217,37.5181
tid_2572,внутригородская территория города федерального значения муниципальный округ Братеево,Москва,0,0,0,0,000000000000000000000000,False,55.6685,37.6435
tid_2573,внутригородская территория города федерального значения муниципальный округ Даниловский,Москва,0,0,0,0,000000000000000000000000,False,55.7435,37.5232
tid_2574,внутригородская территория города федерального значения муниципальный округ Донской,Москва,0,0,0,0,000000000000000000000000,False,55.741,37.4843
tid_2575,внутригородская территория города федерального значения муниципальный округ Зябликово,Москва,0,0,0,0,000000000000000000000000,False,55.6559,37.6241
tid_2576,внутригородская территория города федерального значения муниципальный округ Москворечье-Сабурово,Москва,0,0,0,0,000000000000000000000000,False,55.6791,37.5497
tid_2577,внутригородская территория города федерального значения муниципальный округ Нагатино-Садовники,Москва,0,0,0,0,000000000000000000000000,False,55.7075,37.5211
tid_2578,внутригородская территория города федерального значения муниципальный округ Нагатинский затон,Москва,0,0,0,0,000000000000000000000000,False,55.7136,37.5594
tid_2579,внутригородская территория города федерального значения муниципальный округ Нагорный,Москва,0,0,0,0,000000000000000000000000,False,55.7016,37.4923
tid_2580,внутригородская территория города федерального значения муниципальный округ Орехово-Борисово Северное,Москва,0,0,0,0,000000000000000000000000,False,55.6568,37.5819
tid_2581,внутригородская территория города федерального значения муниципальный округ Орехово-Борисово Южное,Москва,0,0,0,0,000000000000000000000000,False,55.6406,37.615
tid_2582,внутригородская территория города федерального значения муниципальный округ Царицыно,Москва,0,0,0,0,000000000000000000000000,False,55.6631,37.5318
tid_2583,внутригородская территория города федерального значения муниципальный округ Чертаново Северное,Москва,0,0,0,0,000000000000000000000000,False,55.6685,37.4832
tid_2584,внутригородская территория города федерального значения муниципальный округ Чертаново Центральное,Москва,0,0,0,0,000000000000000000000000,False,55.6492,37.4878
tid_2585,внутригородская территория города федерального значения муниципальный округ Чертаново Южное,Москва,0,0,0,0,000000000000000000000000,False,55.6246,37.4802
tid_2586,внутригородская территория города федерального значения муниципальный округ Старое Крюково,Москва,0,0,0,0,000000000000000000000000,False,56.0181,37.0722
tid_2587,внутригородская территория города федерального значения городской округ Троицк,Москва,0,0,0,0,000000000000000000000000,False,55.513,37.1704
tid_2588,внутригородская территория города федерального значения городской округ Щербинка,Москва,0,0,0,0,110000000000000000000000,False,55.5385,37.4255
tid_2589,внутригородская территория города федерального значения поселение Внуковское,Москва,0,0,0,0,000000000000000000000000,False,55.6681,37.16
tid_2590,внутригородская территория города федерального значения поселение Воскресенское,Москва,0,0,0,0,000000000000000000000000,False,55.546,37.38
tid_2591,внутригородская территория города федерального значения поселение Вороновское,Москва,1,0,0,1,111111111000000000000000,True,55.3585,37.0128
tid_2592,внутригородская территория города федерального значения поселение Десеновское,Москва,0,0,0,0,000000000000000000000000,False,55.534,37.2572
tid_2593,внутригородская территория города федерального значения поселение Киевский,Москва,1,1,1,1,111112222222122211111111,False,55.4255,36.7805
tid_2595,внутригородская территория города федерального значения поселение Кокошкино,Москва,1,1,1,1,111111111111111111111100,False,55.6435,37.0537
tid_2596,внутригородская территория города федерального значения поселение Краснопахорское,Москва,0,0,0,0,111100000000000000000000,False,55.4608,37.1459
tid_2597,внутригородская территория города федерального значения поселение Марушкинское,Москва,0,0,0,0,111000000000000000000000,False,55.6157,37.0637
tid_2598,внутригородская территория города федерального значения поселение Михайлово-Ярцевское,Москва,1,1,1,1,111111111111111111111111,False,55.4369,37.0215
tid_2599,внутригородская территория города федерального значения поселение Московский,Москва,0,0,0,0,000000000000000000000000,False,55.6515,37.2598
tid_26,городской округ город Октябрьский,Республика Башкортостан,1,1,1,1,111111111111111111111111,False,54.4712,53.4843
tid_2600,"внутригородская территория города федерального значения поселение Мосрентген""""",Москва,0,0,0,0,000000000000000000000000,False,55.6577,37.3406
tid_2601,внутригородская территория города федерального значения поселение Новофедоровское,Москва,0,1,1,0,111100000000110011101110,False,55.4783,36.8255
tid_2602,внутригородская территория города федерального значения поселение Первомайское,Москва,0,0,0,0,000000000000000000000000,False,55.5435,37.0889
tid_2604,внутригородская территория города федерального значения поселение Рязановское,Москва,0,0,0,0,000000000000000000000000,False,55.5138,37.3867
tid_2605,внутригородская территория города федерального значения поселение Сосенское,Москва,0,0,0,0,000000000000000000000000,False,55.6067,37.3431
tid_2606,внутригородская территория города федерального значения поселение Филимонковское,Москва,0,0,0,0,010000000000000000000000,False,55.6034,37.201
tid_2607,внутригородская территория города федерального значения поселение Щаповское,Москва,1,1,1,1,111111111111111110000000,True,55.4284,37.2587
tid_2618,Мантуровский муниципальный округ,Костромская область,2,2,2,2,222222222222222222222222,False,58.3218,44.5853
tid_2619,городской округ город Переславль-Залесский,Ярославская область,1,1,1,1,111111111111111111111111,False,56.8546,38.5959
tid_2620,городской округ Соликамский,Пермский край,1,1,1,1,111111111111111111111111,False,59.8207,56.6608
tid_2621,городской округ город Березники,Пермский край,1,1,1,1,111111111111111111111111,False,59.3936,56.2784
tid_2644,городской округ Серпухов,Московская область,0,0,0,0,111000000000000000000000,False,54.9459,37.3937
tid_2646,городской округ город Обнинск,Калужская область,0,0,0,0,000000000000000000000000,False,55.1406,36.4783
tid_2647,Боровский муниципальный район,Калужская область,1,1,1,1,111111111111111111111111,False,55.2223,36.2998
tid_2648,городской округ Лосино-Петровский,Московская область,1,0,0,1,111110010000100000000000,True,55.9482,38.0587
tid_2649,городской округ Щёлково,Московская область,0,0,0,0,110000000000000000000000,False,56.0587,38.0896
tid_2651,городской округ Одинцовский,Московская область,0,0,0,0,000000000000000000000000,False,55.7055,36.7316
tid_2652,городской округ Орехово-Зуевский,Московская область,1,1,1,1,111111111111111111111111,False,55.6993,38.9384
tid_269,городской округ город Йошкар-Ола,Республика Марий Эл,1,1,1,1,111111111111111111111101,False,56.6568,47.8853
tid_27,городской округ город Салават,Республика Башкортостан,1,1,1,1,111111111111111111111111,False,53.339,55.9362
tid_270,городской округ город Волжск,Республика Марий Эл,1,2,2,1,111112222222111112222222,True,55.8803,48.3128
tid_271,городской округ город Козьмодемьянск,Республика Марий Эл,2,2,2,2,222222222222222222222222,False,56.343,46.4923
tid_2710,городской округ Вышневолоцкий,Тверская область,1,1,1,1,222111111111111111111111,False,57.5952,34.3221
tid_272,Волжский муниципальный район,Республика Марий Эл,2,2,2,2,111221222212111222222121,False,56.0645,48.5171
tid_273,Горномарийский муниципальный район,Республика Марий Эл,1,2,2,2,112222222222222222222222,True,56.3464,46.3951
tid_274,Звениговский муниципальный район,Республика Марий Эл,2,2,2,2,122222222222222222222222,False,56.2572,47.9005
tid_275,Килемарский муниципальный район,Республика Марий Эл,2,2,2,2,222222222222222222222222,False,56.6533,46.7815
tid_276,Куженерский муниципальный район,Республика Марий Эл,2,2,2,2,222222222222222222222222,False,56.7797,48.9347
tid_277,Мари-Турекский муниципальный район,Республика Марий Эл,2,2,2,2,222222222222222222222222,False,56.719,49.7766
tid_278,Медведевский муниципальный район,Республика Марий Эл,1,1,1,1,111111111111111111111111,False,56.6299,47.713
tid_279,Моркинский муниципальный район,Республика Марий Эл,2,2,2,2,222222222222222222222222,False,56.4521,48.8947
tid_28,городской округ город Сибай,Республика Башкортостан,1,1,1,1,111111111111111111111111,False,52.7388,58.7304
tid_280,Новоторъяльский муниципальный район,Республика Марий Эл,2,2,2,2,222222222222222222222222,False,57.0466,48.5731
tid_2808,городской округ Коломна,Московская область,0,0,0,0,111000000000000000000000,False,55.069,38.5938
tid_2809,муниципальный округ Кунгурский,Пермский край,1,1,1,1,111111111111111111111111,False,57.467,56.5877
tid_281,Оршанский муниципальный район,Республика Марий Эл,2,2,2,2,222222222222222222222222,False,56.9368,47.949
tid_2813,городской округ Шатура,Московская область,1,1,1,1,111111111111111111111111,False,55.4981,39.6866
tid_2814,городской округ Пушкинский,Московская область,0,0,0,0,000000000000000000000000,False,56.1506,37.8497
tid_282,Параньгинский муниципальный район,Республика Марий Эл,2,2,2,2,222222222222222222222222,False,56.7305,49.3973
tid_283,Сернурский муниципальный район,Республика Марий Эл,2,2,2,2,111212222221221122222222,False,57.0484,49.1224
tid_284,Советский муниципальный район,Республика Марий Эл,2,2,2,2,222222222222222222222222,False,56.7323,48.3997
tid_285,Юринский муниципальный район,Республика Марий Эл,2,2,2,2,222222222222222222222222,False,56.5678,46.0035
tid_287,Ардатовский муниципальный район,Республика Мордовия,2,2,2,2,222222222222222222222222,False,54.8618,46.0861
tid_2872,муниципальный округ Приуральский район,Ямало-Ненецкий автономный округ,3,3,2,3,333333333333323333333333,False,67.0025,67.5765
tid_2876,городской округ город-курорт Кисловодск,Ставропольский край,0,0,0,0,000000000000000000000000,False,43.8449,42.7921
tid_2879,городской округ город Губкинский,Ямало-Ненецкий автономный округ,1,0,0,0,111000000111111000000111,False,64.4408,76.3549
tid_288,Атюрьевский муниципальный район,Республика Мордовия,2,2,2,2,222222222222222222222222,False,54.3613,43.2334
tid_2880,городской округ город Лабытнанги,Ямало-Ненецкий автономный округ,1,1,1,1,111110011311113110011131,False,66.7411,66.2369
tid_2881,Предгорный муниципальный округ,Ставропольский край,0,0,0,0,111000000000000000000000,False,43.9881,42.8234
tid_2882,муниципальный округ Пуровский район,Ямало-Ненецкий автономный округ,1,1,1,1,111110001111111110001111,False,64.7156,77.2895
tid_2883,муниципальный округ Кимрский,Тверская область,1,1,1,1,211111111111111111111111,False,57.0695,36.9963
tid_2884,муниципальный округ Ржевский,Тверская область,1,1,1,1,111111111111111111111111,False,56.3978,33.9923
tid_2885,муниципальный округ Кудымкарский,Пермский край,1,1,1,1,111111111111111111111111,False,59.0493,54.4862
tid_2886,муниципальный округ Губахинский,Пермский край,1,2,2,1,212211122222222221222222,True,58.8211,57.7824
tid_2887,городской округ город Саратов,Саратовская область,0,0,0,0,111000000000000000000000,False,51.4922,45.814
tid_289,Атяшевский муниципальный район,Республика Мордовия,2,2,2,2,222222222222222222222222,False,54.6256,46.0196
tid_29,городской округ город Стерлитамак,Республика Башкортостан,1,1,0,0,111111110001000011111111,False,53.6114,55.9891
tid_290,Большеберезниковский муниципальный район,Республика Мордовия,2,2,2,2,222222222222222222222222,False,54.2004,45.8978
tid_292,Дубенский муниципальный район,Республика Мордовия,2,2,2,2,222222222222222222222222,False,54.392,46.3402
tid_293,Ельниковский муниципальный район,Республика Мордовия,2,2,2,2,222222222222222222222222,False,54.6658,43.8048
tid_294,Зубово-Полянский муниципальный район,Республика Мордовия,2,2,2,2,222222222222222222222222,False,54.1008,42.6399
tid_295,Инсарский муниципальный район,Республика Мордовия,2,2,2,2,222222222222222222222222,False,53.8124,44.3506
tid_296,Ичалковский муниципальный район,Республика Мордовия,2,2,2,2,222222222222222222222222,False,54.7095,45.327
tid_297,Кадошкинский муниципальный район,Республика Мордовия,2,2,2,2,222222222222222222222222,False,54.0833,44.3011
tid_298,Ковылкинский муниципальный район,Республика Мордовия,2,2,2,2,222222222222222222222222,False,54.0857,43.8501
tid_3,Гиагинский муниципальный район,Республика Адыгея,2,2,2,2,222222222222222222222222,False,44.8141,40.2122
tid_30,Абзелиловский муниципальный район,Республика Башкортостан,1,1,1,1,131131111111111111111111,False,53.3476,58.5785
tid_300,Краснослободский муниципальный район,Республика Мордовия,2,2,2,2,222222222222222222222222,False,54.4173,43.8355
tid_3005,городской округ город Арзамас,Нижегородская область,1,1,1,1,111111111111111111111111,False,55.4823,43.6575
tid_3007,Прокопьевский муниципальный округ,Кемеровская область,1,1,1,1,211111111111111111111111,False,53.8869,86.6842
tid_3009,городской округ город Тамбов,Тамбовская область,1,1,1,1,111111111111111111111111,False,52.6932,41.3838
tid_301,Лямбирский муниципальный район,Республика Мордовия,1,1,1,1,121111111111111111111111,False,54.2879,45.1608
tid_3011,городской округ Златоустовский,Челябинская область,1,1,1,1,111111111111111111111111,False,55.0019,59.5475
tid_3012,Кусинский муниципальный район,Челябинская область,2,2,2,2,222222222222222222222222,False,55.3765,59.5942
tid_3013,городской округ Солнечногорск,Московская область,0,0,0,0,111000000000000000000000,False,56.1805,36.8931
tid_302,Ромодановский муниципальный район,Республика Мордовия,2,2,2,2,222222222222222222222222,False,54.453,45.3012
tid_303,Рузаевский муниципальный район,Республика Мордовия,2,1,2,1,222212212211111212222211,False,54.0829,44.761
tid_304,Старошайговский муниципальный район,Республика Мордовия,2,2,2,2,222222222222222222222222,False,54.3779,44.5054
tid_305,Темниковский муниципальный район,Республика Мордовия,2,2,2,2,222222222222222222222222,False,54.6581,43.2074
tid_306,Теньгушевский муниципальный район,Республика Мордовия,2,2,2,2,222222222222222222222222,False,54.6908,42.6775
tid_307,Торбеевский муниципальный район,Республика Мордовия,2,2,2,2,222222222222222222222222,False,54.1611,43.1266
tid_308,Чамзинский муниципальный район,Республика Мордовия,2,2,2,2,222222222222222222222222,False,54.4184,45.7292
tid_309,городской округ город Якутск,Республика Саха (Якутия),3,3,0,3,333333333333000033003333,False,62.1206,129.262
tid_31,Альшеевский муниципальный район,Республика Башкортостан,1,1,1,1,111111111111111111111111,False,53.9317,54.9381
tid_312,Алданский муниципальный район,Республика Саха (Якутия),3,1,1,3,333333333111111111111111,True,58.7025,127.83
tid_314,Амгинский муниципальный район,Республика Саха (Якутия),3,3,3,3,333333333333333333333333,False,60.6108,130.97
tid_316,Булунский муниципальный район,Республика Саха (Якутия),3,3,3,3,333333333333333333333333,False,71.8018,128.403
tid_317,Верхневилюйский муниципальный район,Республика Саха (Якутия),3,3,3,3,333333333333333333333333,False,63.6027,120.434
tid_318,Верхнеколымский муниципальный район,Республика Саха (Якутия),3,3,3,3,333333333333333333333333,False,65.9091,150.484
tid_319,Верхоянский муниципальный район,Республика Саха (Якутия),3,3,3,3,333333333333333333333333,False,67.3818,134.985
tid_32,Архангельский муниципальный район,Республика Башкортостан,2,2,2,2,111122222222222222222222,False,54.4574,56.9321
tid_320,Вилюйский муниципальный район,Республика Саха (Якутия),3,3,1,3,333333333333333333333333,False,64.3421,122.211
tid_321,Горный муниципальный район,Республика Саха (Якутия),3,3,1,3,113133333313111133333333,False,62.26,125.597
tid_323,Кобяйский муниципальный район,Республика Саха (Якутия),3,3,3,3,333333333333333333333333,False,64.7023,128.309
tid_324,Нюрбинский муниципальный район,Республика Саха (Якутия),3,3,1,3,333333333333111333333333,False,64.2042,117.298
tid_325,Ленский муниципальный район,Республика Саха (Якутия),3,1,1,3,333333333313111111113313,False,60.4109,113.106
tid_326,Мегино-Кангаласский муниципальный район,Республика Саха (Якутия),3,3,1,3,333333333333113333333333,False,61.7011,130.53
tid_327,Мирнинский муниципальный район,Республика Саха (Якутия),1,1,1,1,113333111311111111011331,False,64.0219,110.815
tid_329,Намский муниципальный район,Республика Саха (Якутия),3,3,1,3,333333333333313133333333,False,62.9039,129.149
tid_33,Аскинский муниципальный район,Республика Башкортостан,1,2,2,1,111331111222221111122212,False,56.1015,56.7636
tid_330,Нерюнгринский муниципальный район,Республика Саха (Якутия),3,3,1,3,333333333333333333333333,False,56.6819,126.242
tid_331,Нижнеколымский муниципальный район,Республика Саха (Якутия),3,3,3,3,333333333333333333333333,False,69.7819,157.774
tid_332,Оймяконский муниципальный район,Республика Саха (Якутия),3,3,3,3,333333333333333333333333,False,63.7286,142.779
tid_333,Олекминский муниципальный район,Республика Саха (Якутия),1,1,1,1,111111111111111111111313,False,59.7779,121.284
tid_334,Оленекский эвенкийский национальный муниципальный район,Республика Саха (Якутия),3,3,3,3,333333333333333333333333,False,68.7051,114.066
tid_335,Среднеколымский муниципальный район,Республика Саха (Якутия),3,3,3,3,333333333333333333333333,False,67.9003,153.828
tid_336,Сунтарский муниципальный район,Республика Саха (Якутия),3,3,1,3,333333333333113333313333,False,62.4582,116.762
tid_337,Таттинский муниципальный район,Республика Саха (Якутия),3,3,1,3,333333333333333333333333,False,62.4146,133.913
tid_338,Томпонский муниципальный район,Республика Саха (Якутия),3,3,3,3,333333333333333333333333,False,64.0844,136.727
tid_339,Усть-Алданский муниципальный район,Республика Саха (Якутия),3,3,3,3,333333333333333333333333,False,63.0643,131.31
tid_34,Аургазинский муниципальный район,Республика Башкортостан,1,2,2,1,111111111112111222222222,True,54.0056,55.8727
tid_340,Усть-Майский муниципальный район,Республика Саха (Якутия),3,3,3,3,333333333333333333333333,False,60.6318,135.715
tid_341,Усть-Янский муниципальный район,Республика Саха (Якутия),3,3,3,3,333333333333333333333333,False,70.5453,138.653
tid_342,Хангаласский муниципальный район,Республика Саха (Якутия),3,3,1,3,333333333333113113333333,False,61.278,127.604
tid_343,Чурапчинский муниципальный район,Республика Саха (Якутия),3,3,1,3,333333333333333333333333,False,61.838,132.724
tid_345,городской округ город Владикавказ,Республика Северная Осетия — Алания,0,0,0,0,000000000000000000000000,False,42.8631,44.6997
tid_346,Алагирский муниципальный район,Республика Северная Осетия — Алания,0,0,0,0,000000000000000000000000,False,42.7708,44.1669
tid_347,Ардонский муниципальный район,Республика Северная Осетия — Алания,0,0,0,0,000000000000000000000000,False,43.1064,44.3977
tid_348,Дигорский муниципальный район,Республика Северная Осетия — Алания,0,0,0,0,000000000000000000000000,False,43.0675,44.1082
tid_349,Ирафский муниципальный район,Республика Северная Осетия — Алания,1,1,1,1,111111110111111111111111,False,42.9581,43.8193
tid_35,Баймакский муниципальный район,Республика Башкортостан,1,1,1,1,111111111111111111111111,False,52.6286,58.2954
tid_351,Моздокский муниципальный район,Республика Северная Осетия — Алания,1,1,1,1,111111001111111111111111,False,43.6363,44.629
tid_352,Правобережный муниципальный район,Республика Северная Осетия — Алания,0,0,0,0,000000000000000000000000,False,43.2146,44.575
tid_354,городской округ город Казань,Республика Татарстан,0,0,0,0,000000000000000000000000,False,55.7949,49.0927
tid_355,городской округ город Набережные Челны,Республика Татарстан,0,0,0,0,111000000000000000000000,False,55.7019,52.3629
tid_356,Агрызский муниципальный район,Республика Татарстан,1,2,2,1,111211111111222222221112,False,56.1255,53.0281
tid_357,Азнакаевский муниципальный район,Республика Татарстан,1,1,1,1,111111111111111111111111,False,54.8922,53.0746
tid_358,Аксубаевский муниципальный район,Республика Татарстан,2,2,2,2,222222222222222222222222,False,54.8427,50.7938
tid_359,Актанышский муниципальный район,Республика Татарстан,1,1,2,1,111211211211121111121212,False,55.6491,53.7497
tid_36,Бакалинский муниципальный район,Республика Башкортостан,1,2,2,1,111122122222212222222222,True,55.1164,53.749
tid_360,Алексеевский муниципальный район,Республика Татарстан,2,2,2,2,122222222222222222222222,False,55.1505,50.0765
tid_361,Алькеевский муниципальный район,Республика Татарстан,1,2,2,1,111212212212122222222222,True,54.7941,49.8976
tid_362,Альметьевский муниципальный район,Республика Татарстан,1,0,0,1,111111110011010000000001,False,54.9218,52.1071
tid_363,Апастовский муниципальный район,Республика Татарстан,1,2,2,1,111112212112122222222222,True,55.2446,48.4285
tid_364,Арский муниципальный район,Республика Татарстан,1,1,1,1,111111111111111111111111,False,56.2241,49.8187
tid_365,Атнинский муниципальный район,Республика Татарстан,2,2,2,2,111222222222212222222222,False,56.2791,49.3737
tid_366,Бавлинский муниципальный район,Республика Татарстан,1,2,2,1,111111111212121122222222,True,54.2533,53.2558
tid_367,Балтасинский муниципальный район,Республика Татарстан,1,1,2,1,111111111111111111121211,False,56.4368,50.2408
tid_368,Бугульминский муниципальный район,Республика Татарстан,1,1,1,1,111111111111111111111111,False,54.5096,52.8306
tid_369,Буинский муниципальный район,Республика Татарстан,1,1,1,1,111111111111111111111111,False,54.9403,48.1578
tid_37,Балтачевский муниципальный район,Республика Башкортостан,1,1,2,1,111111112212111111111111,False,55.9267,55.9956
tid_370,Верхнеуслонский муниципальный район,Республика Татарстан,1,1,1,1,111111111111111111111111,False,55.5862,48.7089
tid_371,Высокогорский муниципальный район,Республика Татарстан,1,1,1,1,111111111111111111111111,False,56.0564,49.2413
tid_372,Дрожжановский муниципальный район,Республика Татарстан,1,2,2,2,111222222212122212222122,False,54.7195,47.5906
tid_373,Елабужский муниципальный район,Республика Татарстан,1,1,1,1,111111111111111111101001,False,55.7858,51.7808
tid_374,Заинский муниципальный район,Республика Татарстан,1,1,1,1,111111111111111111111111,False,55.2599,52.0609
tid_375,Зеленодольский муниципальный район,Республика Татарстан,1,1,1,1,111111111111111111111111,False,55.7884,48.4992
tid_376,Кайбицкий муниципальный район,Республика Татарстан,2,2,2,2,222222223231211222222222,False,55.3966,48.0845
tid_377,Камско-Устьинский муниципальный район,Республика Татарстан,2,2,2,2,222222222222222222222222,False,55.2497,49.0071
tid_378,Кукморский муниципальный район,Республика Татарстан,1,1,1,1,111111111111111111111111,False,56.1484,50.8183
tid_379,Лаишевский муниципальный район,Республика Татарстан,1,0,0,1,111111100000000000000000,True,55.464,49.3937
tid_38,Белебеевский муниципальный район,Республика Башкортостан,1,1,1,1,111111111111111111111111,False,54.1068,54.2043
tid_380,Лениногорский муниципальный район,Республика Татарстан,1,1,1,1,111111111111111111111111,False,54.573,52.1819
tid_381,Мамадышский муниципальный район,Республика Татарстан,1,2,2,1,111112122222222222222222,True,55.7268,51.1172
tid_382,Менделеевский муниципальный район,Республика Татарстан,1,2,2,1,111111112222222222222222,True,55.9408,52.3217
tid_383,Мензелинский муниципальный район,Республика Татарстан,1,1,2,1,111111111121111111111222,False,55.6386,53.1049
tid_384,Муслюмовский муниципальный район,Республика Татарстан,1,2,2,2,111112222222222222222222,True,55.3025,53.2729
tid_385,Нижнекамский муниципальный район,Республика Татарстан,1,1,1,1,111111111111111111111111,False,55.41,51.5713
tid_386,Новошешминский муниципальный район,Республика Татарстан,2,2,2,2,112222122222222222222222,False,55.0757,51.1934
tid_387,Нурлатский муниципальный район,Республика Татарстан,1,1,1,1,111111111111111111111111,False,54.5842,50.5448
tid_388,Пестречинский муниципальный район,Республика Татарстан,1,1,1,1,111111111111111111111111,False,55.7669,49.7135
tid_39,Белокатайский муниципальный район,Республика Башкортостан,1,1,1,1,111111111111111111111112,False,55.7601,58.9915
tid_390,Сабинский муниципальный район,Республика Татарстан,1,1,2,1,111111111111111111111111,False,56.017,50.4216
tid_391,Сармановский муниципальный район,Республика Татарстан,1,2,2,1,111112222222222222222222,True,55.2501,52.6422
tid_392,Спасский муниципальный район,Республика Татарстан,2,2,2,2,222222222222222222222222,False,54.9487,49.3564
tid_393,Тетюшский муниципальный район,Республика Татарстан,2,2,2,2,222222222222222222222222,False,54.8643,48.6355
tid_395,Тюлячинский муниципальный район,Республика Татарстан,1,2,2,1,111212122222222222222222,True,55.8422,50.2459
tid_396,Черемшанский муниципальный район,Республика Татарстан,1,1,2,1,111111121111111112111112,False,54.7402,51.46
tid_397,Чистопольский муниципальный район,Республика Татарстан,1,1,1,1,111111111111111111111111,False,55.2688,50.697
tid_398,Ютазинский муниципальный район,Республика Татарстан,2,2,2,2,211122222222222222222222,False,54.6295,53.35
tid_4,Кошехабльский муниципальный район,Республика Адыгея,1,1,1,1,111111111111111111111111,False,44.7558,40.5561
tid_40,Белорецкий муниципальный район,Республика Башкортостан,1,1,1,1,111111111111111111111111,False,54.0194,57.9127
tid_401,Бай-Тайгинский муниципальный район,Республика Тыва,1,1,1,1,222111111111111122311111,False,50.8905,89.7003
tid_402,Барун-Хемчикский муниципальный район,Республика Тыва,1,1,1,1,111111111111111111111111,False,51.0418,90.4312
tid_403,Дзун-Хемчикский муниципальный район,Республика Тыва,1,1,1,1,121211111111111111111111,False,50.9504,91.5273
tid_404,Каа-Хемский муниципальный район,Республика Тыва,1,1,1,1,222222111111111221111111,False,51.2333,96.5466
tid_405,Кызылский муниципальный район,Республика Тыва,1,1,1,1,111111111001011111110111,False,51.6906,94.6691
tid_408,Пий-Хемский муниципальный район,Республика Тыва,2,2,2,2,122222222222222222211111,False,52.1368,94.117
tid_41,Бижбулякский муниципальный район,Республика Башкортостан,1,1,1,1,111111111111111111111111,False,53.6335,54.2253
tid_410,Тандинский муниципальный район,Республика Тыва,1,1,1,1,111111111111111111111111,False,50.9795,94.5926
tid_413,Тоджинский муниципальный район,Республика Тыва,1,1,1,1,111111111111111111111111,False,52.552,96.788
tid_414,Улуг-Хемский муниципальный район,Республика Тыва,1,1,1,1,111111111111111111101111,False,51.2844,92.9231
tid_416,Чеди-Хольский муниципальный район,Республика Тыва,1,1,1,1,211111111111111111111111,False,50.9606,93.6805
tid_418,городской округ город Ижевск,Удмуртская Республика,0,0,0,0,111000000000000000000000,False,56.8585,53.1536
tid_419,городской округ город Воткинск,Удмуртская Республика,1,1,1,1,111111111111111111111111,False,57.0455,53.9427
tid_42,Бирский муниципальный район,Республика Башкортостан,1,1,1,1,111111111111111111111111,False,55.3341,55.5302
tid_420,городской округ город Глазов,Удмуртская Республика,1,1,1,1,111111111111111111111111,False,58.1586,52.593
tid_421,городской округ город Можга,Удмуртская Республика,1,1,1,1,111111111111111111111111,False,56.45,52.2102
tid_422,городской округ город Сарапул,Удмуртская Республика,1,1,1,1,111111111111111111111111,False,56.4594,53.7513
tid_423,муниципальный округ Алнашский район,Удмуртская Республика,1,1,2,1,111222222221121121211111,False,56.1516,52.5067
tid_424,муниципальный округ Балезинский район,Удмуртская Республика,2,2,2,2,222222222222222222222222,False,58.0848,53.1408
tid_425,муниципальный округ Вавожский район,Удмуртская Республика,2,2,2,2,111222222222222222222222,False,56.7665,51.7692
tid_428,муниципальный округ Граховский район,Удмуртская Республика,2,2,2,2,222222222222222222222222,False,56.0564,51.9421
tid_429,муниципальный округ Дебёсский район,Удмуртская Республика,2,2,2,2,222222222222222222222222,False,57.6339,53.7707
tid_43,Благоварский муниципальный район,Республика Башкортостан,2,2,2,2,111222222222111122222222,False,54.7016,54.9369
tid_430,муниципальный округ Завьяловский район,Удмуртская Республика,1,0,0,1,111111111000000011000000,True,56.8163,53.1778
tid_431,муниципальный округ Игринский район,Удмуртская Республика,1,1,2,1,111111111111121111121111,False,57.5144,53.0332
tid_432,муниципальный округ Камбарский район,Удмуртская Республика,2,2,2,2,222222222222222222222222,False,56.359,54.146
tid_433,муниципальный округ Каракулинский район,Удмуртская Республика,2,2,2,2,222222222222222222222222,False,56.0437,53.6743
tid_434,муниципальный округ Кезский район,Удмуртская Республика,2,2,2,2,222222222222222222222222,False,58.0179,53.6679
tid_435,муниципальный округ Кизнерский район,Удмуртская Республика,2,2,2,1,111122222222222221222222,False,56.3776,51.5273
tid_436,муниципальный округ Киясовский район,Удмуртская Республика,2,2,2,2,111222222222222122221122,False,56.2789,53.1624
tid_437,муниципальный округ Красногорский район,Удмуртская Республика,2,2,2,2,222222222222222222222222,False,57.6661,52.3184
tid_438,муниципальный округ Малопургинский район,Удмуртская Республика,2,2,2,1,111222222222222222221212,False,56.5429,52.9259
tid_44,Благовещенский муниципальный район,Республика Башкортостан,1,1,1,1,111111111111111111111111,False,55.1816,56.2205
tid_440,муниципальный округ Сарапульский район,Удмуртская Республика,1,1,1,1,111111111111111111111111,False,56.4235,53.7326
tid_441,муниципальный округ Селтинский район,Удмуртская Республика,2,2,2,2,222222222222222222222222,False,57.3557,51.9416
tid_442,муниципальный округ Сюмсинский район,Удмуртская Республика,2,2,2,2,122222222222222222222222,False,57.172,51.4401
tid_443,муниципальный округ Увинский район,Удмуртская Республика,1,1,2,1,111221222111111111111111,False,56.9722,52.3293
tid_444,муниципальный округ Шарканский район,Удмуртская Республика,2,2,2,2,122222222222222222222222,False,57.3366,53.8107
tid_445,муниципальный округ Юкаменский район,Удмуртская Республика,2,2,2,2,222222222222222222222222,False,57.923,52.1338
tid_446,муниципальный округ Якшур-Бодьинский район,Удмуртская Республика,2,2,2,2,111222222222222222222222,False,57.197,53.0031
tid_447,муниципальный округ Ярский район,Удмуртская Республика,2,2,2,2,222222222222222222222222,False,58.2668,52.0225
tid_448,городской округ город Абакан,Республика Хакасия,1,1,1,1,111111111111111111111111,False,53.5645,91.4363
tid_449,городской округ город Абаза,Республика Хакасия,2,2,2,2,222222222222222222222222,False,52.4778,90.1388
tid_45,Буздякский муниципальный район,Республика Башкортостан,1,1,1,1,111111111111111111111111,False,54.6258,54.5023
tid_450,городской округ город Саяногорск,Республика Хакасия,1,1,1,1,111111111111111111111111,False,52.9488,91.4182
tid_451,городской округ город Сорск,Республика Хакасия,2,2,2,2,222222222222222222222222,False,53.9424,89.9748
tid_452,городской округ город Черногорск,Республика Хакасия,1,1,1,1,111111111111111111111111,False,53.7157,91.2777
tid_453,Алтайский муниципальный район,Республика Хакасия,1,1,1,1,221111111111111111111111,False,53.2743,91.5099
tid_455,Бейский муниципальный район,Республика Хакасия,1,1,1,1,111111111111111111111111,False,52.8418,90.9631
tid_456,Боградский муниципальный район,Республика Хакасия,2,2,2,2,222222222222222222222222,False,54.2223,90.8795
tid_457,Орджоникидзевский муниципальный район,Республика Хакасия,2,2,2,2,222222222222222222222222,False,54.7795,89.2114
tid_458,Таштыпский муниципальный район,Республика Хакасия,1,1,1,1,111111111111111111111111,False,52.0381,89.355
tid_459,Усть-Абаканский муниципальный район,Республика Хакасия,1,1,1,1,111111111111111111111111,False,53.6413,90.4046
tid_46,Бураевский муниципальный район,Республика Башкортостан,1,1,2,1,111111111122111111111211,False,55.7899,55.3763
tid_460,Ширинский муниципальный район,Республика Хакасия,1,1,2,1,211211211111111111111122,False,54.3485,89.811
tid_47,Бурзянский муниципальный район,Республика Башкортостан,1,1,1,1,111111111111111111111111,False,53.1616,57.4916
tid_478,городской округ город Чебоксары,Чувашская Республика,0,0,0,0,111000000000000000000000,False,56.1528,47.2056
tid_479,городской округ город Алатырь,Чувашская Республика,2,2,2,2,222222222222222222222222,False,54.8478,46.5393
tid_48,Гафурийский муниципальный район,Республика Башкортостан,1,1,2,1,111111111111111111111112,False,53.9521,56.6639
tid_480,городской округ город Канаш,Чувашская Республика,1,1,1,1,111111111111111111111111,False,55.5177,47.4576
tid_481,городской округ город Новочебоксарск,Чувашская Республика,1,1,1,1,111111111111111111111111,False,56.112,47.4464
tid_482,городской округ город Шумерля,Чувашская Республика,2,2,2,2,222222222222222222222222,False,55.5076,46.3648
tid_484,Аликовский муниципальный округ,Чувашская Республика,1,2,2,1,111231221122222222222222,True,55.7595,46.6836
tid_485,Батыревский муниципальный округ,Чувашская Республика,1,1,1,1,111111111111111111111111,False,55.0391,47.395
tid_486,Вурнарский муниципальный округ,Чувашская Республика,1,2,2,1,111111222111222122222212,False,55.5415,46.8856
tid_487,Ибресинский муниципальный округ,Чувашская Республика,1,2,2,1,111111221122112222222222,True,55.2616,46.9911
tid_489,Козловский муниципальный округ,Чувашская Республика,2,2,2,2,222222222222222222222222,False,55.8258,48.0799
tid_49,Давлекановский муниципальный район,Республика Башкортостан,1,1,1,1,111111111111111111111111,False,54.2255,55.0542
tid_490,Комсомольский муниципальный округ,Чувашская Республика,1,1,2,1,111111111211111122122111,False,55.2308,47.4477
tid_491,Красноармейский муниципальный округ,Чувашская Республика,1,2,2,1,111111111222112222222222,True,55.7799,47.1021
tid_492,Красночетайский муниципальный округ,Чувашская Республика,1,1,2,1,111211211112111111221111,False,55.7038,46.1491
tid_493,Мариинско-Посадский муниципальный округ,Чувашская Республика,2,2,2,2,222222222222222222222222,False,56.001,47.7438
tid_494,Моргаушский муниципальный округ,Чувашская Республика,1,2,2,1,111131221211222222222222,True,56.0134,46.7021
tid_495,Порецкий муниципальный округ,Чувашская Республика,2,2,2,2,222222222222222222222222,False,55.1768,46.3368
tid_496,Урмарский муниципальный округ,Чувашская Республика,2,2,2,2,211222222222222222222222,False,55.6876,47.8553
tid_497,Цивильский муниципальный округ,Чувашская Республика,2,2,2,2,112222222222222222222222,False,55.8411,47.439
tid_498,Чебоксарский муниципальный округ,Чувашская Республика,1,1,1,1,111111111111111111111111,False,56.0919,47.1462
tid_499,Шемуршинский муниципальный округ,Чувашская Республика,1,2,2,1,211112221221111222222222,True,54.8524,47.3426
tid_5,Красногвардейский муниципальный район,Республика Адыгея,2,2,2,2,222222121122222111121122,False,45.0566,39.6809
tid_50,Дуванский муниципальный район,Республика Башкортостан,1,1,1,1,111111111111111111111111,False,55.6727,57.8317
tid_501,Ядринский муниципальный округ,Чувашская Республика,2,2,2,1,111221222221222222222222,False,55.9481,46.3036
tid_502,Яльчикский муниципальный округ,Чувашская Республика,1,2,2,1,212111111211212222222222,True,55.1548,47.8682
tid_503,Янтиковский муниципальный округ,Чувашская Республика,2,2,2,2,222222222222222222222222,False,55.5066,47.7392
tid_504,городской округ город Барнаул,Алтайский край,0,0,0,0,111000000000000000000000,False,53.1784,83.6718
tid_505,городской округ город Алейск,Алтайский край,1,1,1,1,111111111111111111111111,False,52.3573,82.8056
tid_506,городской округ город Белокуриха,Алтайский край,1,1,1,1,111111111111111111111111,False,51.8381,84.996
tid_507,городской округ город Бийск,Алтайский край,1,1,1,1,111111111111111111111111,False,52.3654,85.1038
tid_508,городской округ город Заринск,Алтайский край,1,1,1,1,111111111111111111111111,False,53.5941,84.9752
tid_509,городской округ город Новоалтайск,Алтайский край,1,1,1,1,111111111111111111111111,False,53.2815,83.9469
tid_51,Дюртюлинский муниципальный район,Республика Башкортостан,1,1,1,1,111111111111111111111111,False,55.4868,54.8889
tid_510,городской округ город Рубцовск,Алтайский край,1,1,1,1,111111111111111111111111,False,51.3689,81.2621
tid_511,муниципальный округ город Славгород,Алтайский край,1,1,1,1,222221111111111111111111,False,52.9469,78.9237
tid_512,городской округ город Яровое,Алтайский край,2,2,2,2,222222221122222222221221,False,52.8032,78.6204
tid_515,Алтайский муниципальный район,Алтайский край,1,1,1,1,111111111111111111111111,False,51.67,85.3029
tid_516,Баевский муниципальный район,Алтайский край,2,2,2,2,222222222222222222222222,False,53.182,80.685
tid_517,Бийский муниципальный район,Алтайский край,1,1,1,1,111111111111111111111111,False,52.4643,85.6641
tid_518,Благовещенский муниципальный район,Алтайский край,2,2,2,2,222222222222222222222222,False,52.782,79.9696
tid_519,Бурлинский муниципальный район,Алтайский край,2,2,2,2,222222222222222222222222,False,53.2297,78.4018
tid_52,Ермекеевский муниципальный район,Республика Башкортостан,2,2,2,1,111111222222122212222222,False,54.0002,53.7092
tid_520,Быстроистокский муниципальный район,Алтайский край,2,2,2,2,222222222222222222222222,False,52.2068,84.5027
tid_521,Волчихинский муниципальный район,Алтайский край,2,2,2,2,222222222222222222222222,False,51.9334,80.5145
tid_522,Егорьевский муниципальный район,Алтайский край,2,2,2,2,222222222222222222222222,False,51.6239,80.9713
tid_523,Ельцовский муниципальный район,Алтайский край,2,2,2,2,222222222222222222222222,False,53.1167,86.4457
tid_524,Завьяловский муниципальный район,Алтайский край,2,2,2,2,222222212222222222222222,False,52.774,80.9448
tid_525,Залесовский муниципальный округ,Алтайский край,2,2,2,2,222222222222222222222222,False,53.9799,84.7151
tid_527,Змеиногорский муниципальный район,Алтайский край,2,2,2,2,222222222222222222222222,False,51.0407,82.3544
tid_528,Калманский муниципальный район,Алтайский край,2,2,2,2,122222222222222222222222,False,52.8708,83.4785
tid_529,Каменский муниципальный район,Алтайский край,1,1,2,1,222222111111112111111111,False,53.5604,81.339
tid_53,Зианчуринский муниципальный район,Республика Башкортостан,1,1,1,1,111111111111111111111111,False,51.9481,56.9324
tid_530,Ключевский муниципальный район,Алтайский край,2,2,2,2,222222222222222222222222,False,52.144,79.4239
tid_531,Косихинский муниципальный район,Алтайский край,2,2,2,2,222222222222222222222222,False,53.1868,84.6567
tid_532,Красногорский муниципальный район,Алтайский край,2,2,2,2,222222222222222222222222,False,52.1718,86.3019
tid_533,Краснощёковский муниципальный район,Алтайский край,2,2,2,2,222222222222222222222222,False,51.4238,82.9871
tid_534,Крутихинский муниципальный район,Алтайский край,2,2,2,2,222222222222222222222222,False,53.9176,80.9725
tid_535,Кулундинский муниципальный район,Алтайский край,1,1,2,1,222212111112222111211112,False,52.4606,79.1141
tid_536,Курьинский муниципальный район,Алтайский край,2,2,2,2,222222222222222222222222,False,51.3436,82.4107
tid_537,Кытмановский муниципальный район,Алтайский край,2,2,2,2,222222222222222222222222,False,53.3452,85.418
tid_538,Локтевский муниципальный район,Алтайский край,2,2,2,2,222222222222222222222222,False,50.9007,81.5602
tid_539,Мамонтовский муниципальный район,Алтайский край,2,2,2,2,222222222222222222222222,False,52.6085,81.7193
tid_54,Зилаирский муниципальный район,Республика Башкортостан,1,1,1,1,112111111111111111111111,False,52.3955,57.5061
tid_540,Михайловский муниципальный район,Алтайский край,2,2,2,2,222222222222222222222222,False,51.6979,79.7104
tid_541,Новичихинский муниципальный район,Алтайский край,2,2,2,2,222222222222222222222222,False,52.0419,81.4262
tid_542,Зональный муниципальный район,Алтайский край,2,2,2,2,222322222222222222222222,False,52.5618,84.9436
tid_543,Павловский муниципальный район,Алтайский край,2,2,2,2,222222222222222222222222,False,53.1539,83.0262
tid_544,Панкрушихинский муниципальный район,Алтайский край,2,2,2,2,222222222222222222222222,False,53.6939,80.3563
tid_545,Первомайский муниципальный район,Алтайский край,2,2,2,2,222222222112212222222221,False,53.3354,84.0925
tid_546,Петропавловский муниципальный район,Алтайский край,2,2,2,2,222222222222222222222222,False,51.9537,84.1855
tid_547,Поспелихинский муниципальный район,Алтайский край,2,2,2,2,222222222222222222222222,False,51.7344,81.8723
tid_548,Ребрихинский муниципальный район,Алтайский край,2,2,2,2,222222222222222222222222,False,52.9098,82.304
tid_549,Родинский муниципальный район,Алтайский край,2,2,2,2,222222222222222222222222,False,52.3596,80.2972
tid_55,Иглинский муниципальный район,Республика Башкортостан,1,1,1,1,111111111111111111111111,False,54.7775,56.7175
tid_550,Романовский муниципальный район,Алтайский край,2,2,2,2,222222222222222222222222,False,52.4705,81.136
tid_552,Смоленский муниципальный район,Алтайский край,2,2,2,2,222222222222222222222222,False,52.0029,84.9298
tid_553,муниципальный округ Суетский район,Алтайский край,2,2,2,2,222222222222222222222222,False,53.1383,79.9906
tid_554,Советский муниципальный район,Алтайский край,2,1,1,2,222222222211111111111111,True,52.0982,85.5781
tid_555,Солонешенский муниципальный район,Алтайский край,2,2,2,2,222222222222222222222222,False,51.4894,84.4122
tid_556,Солтонский муниципальный район,Алтайский край,3,2,2,3,222333333322222222222222,True,52.6477,86.6007
tid_557,Шелаболихинский муниципальный район,Алтайский край,2,2,2,2,222222222222222222222222,False,53.3601,82.3546
tid_558,Табунский муниципальный район,Алтайский край,2,2,2,2,222222212122222222222222,False,52.7247,79.0027
tid_559,Тальменский муниципальный район,Алтайский край,2,2,2,2,122222222222222222222222,False,53.6674,83.4435
tid_56,Илишевский муниципальный район,Республика Башкортостан,1,1,2,1,111111111111111111111211,False,55.4604,54.3011
tid_560,Тогульский муниципальный район,Алтайский край,2,2,2,2,222222222222222222222222,False,53.3647,86.0933
tid_561,Топчихинский муниципальный район,Алтайский край,2,2,2,2,222222222222222222222222,False,52.6171,83.2515
tid_562,Третьяковский муниципальный район,Алтайский край,2,2,2,2,222222222222222222222222,False,50.7625,82.2897
tid_563,Троицкий муниципальный район,Алтайский край,2,2,2,2,222222222222222222222222,False,52.7735,84.6134
tid_564,Тюменцевский муниципальный район,Алтайский край,2,2,2,2,222222222222222222222222,False,53.1227,81.5504
tid_565,Угловский муниципальный район,Алтайский край,2,2,2,2,222222222222222222222222,False,51.1809,80.1963
tid_566,Усть-Калманский муниципальный район,Алтайский край,2,2,2,2,222222222222222222222222,False,51.8356,83.4297
tid_567,Усть-Пристанский муниципальный район,Алтайский край,2,2,2,2,322222222222222222222222,False,52.2223,83.6886
tid_568,Хабарский муниципальный район,Алтайский край,2,2,2,2,222222222222222222222222,False,53.4464,79.5675
tid_569,Целинный муниципальный район,Алтайский край,2,2,2,2,222222222222222222222222,False,52.8518,85.7753
tid_57,Ишимбайский муниципальный район,Республика Башкортостан,1,1,1,1,111111111111111111111111,False,53.456,56.5822
tid_570,муниципальный округ Чарышский район,Алтайский край,2,2,2,2,222222222222222222222222,False,51.0752,83.8045
tid_571,Шипуновский муниципальный район,Алтайский край,2,2,2,2,222222222222222222222222,False,52.0415,82.3338
tid_572,Немецкий национальный муниципальный район,Алтайский край,2,2,2,2,222222222222222222222222,False,53.1801,79.0996
tid_574,городской округ город Петровск-Забайкальский,Забайкальский край,2,1,2,1,222211112211211111111122,False,51.1371,108.776
tid_578,Балейский муниципальный район,Забайкальский край,1,1,1,1,111111111111111111111111,False,51.3379,116.77
tid_579,Борзинский муниципальный район,Забайкальский край,1,1,1,1,111111111111111111111111,False,50.2986,116.622
tid_58,Калтасинский муниципальный район,Республика Башкортостан,2,2,2,2,111222222222222222222222,False,55.9347,54.8124
tid_580,Газимуро-Заводский муниципальный округ,Забайкальский край,3,3,1,3,333333333333330033333331,False,52.0938,119.237
tid_581,Забайкальский муниципальный район,Забайкальский край,1,1,1,1,111111111111111111111111,False,49.7498,117.142
tid_582,Каларский муниципальный округ,Забайкальский край,3,1,1,3,333333333311111111111111,True,56.582,118.011
tid_583,Калганский муниципальный округ,Забайкальский край,3,1,1,3,333333333333331111111111,True,50.8114,118.848
tid_584,Карымский муниципальный район,Забайкальский край,1,1,2,1,111111131111111111111111,False,51.6959,114.408
tid_585,муниципальный район Город Краснокаменск и Краснокаменский район,Забайкальский край,1,1,1,1,222211111111111111111111,False,49.9376,117.988
tid_586,Красночикойский муниципальный район,Забайкальский край,1,1,1,1,111111111111111111111111,False,49.9014,109.442
tid_587,Кыринский муниципальный район,Забайкальский край,1,1,1,1,111111111111111111111111,False,49.4944,111.392
tid_588,Могочинский муниципальный округ,Забайкальский край,3,1,1,3,333333333313111111111111,True,53.6083,120.023
tid_589,Нерчинский муниципальный район,Забайкальский край,1,1,1,1,111111111111111111111111,False,52.1012,116.247
tid_59,Караидельский муниципальный район,Республика Башкортостан,1,1,1,1,111111111111111111111111,False,55.7372,56.9455
tid_591,Оловяннинский муниципальный район,Забайкальский край,1,2,2,1,222211111121122222222222,True,50.8146,116.118
tid_592,Ононский муниципальный округ,Забайкальский край,1,1,1,1,111111111111111111111111,False,50.1735,115.034
tid_593,Петровск-Забайкальский муниципальный район,Забайкальский край,1,1,1,1,111111111111111111111111,False,50.8355,108.981
tid_594,Приаргунский муниципальный округ,Забайкальский край,1,1,2,1,222111112111111111111112,False,50.263,118.675
tid_595,Сретенский муниципальный район,Забайкальский край,2,2,2,2,222221112111121222112222,False,52.4546,118.339
tid_598,Улётовский муниципальный район,Забайкальский край,1,2,2,1,111221112111111111121222,False,50.7009,111.856
tid_599,Хилокский муниципальный район,Забайкальский край,1,1,1,1,211111111111111111111111,False,51.2743,110.909
tid_6,Майкопский муниципальный район,Республика Адыгея,1,1,1,1,111111111111111111111111,False,44.2165,40.1901
tid_60,Кармаскалинский муниципальный район,Республика Башкортостан,1,1,1,1,111111111111111111211111,False,54.3245,56.1183
tid_600,Чернышевский муниципальный район,Забайкальский край,1,1,2,1,111111331311111111111111,False,52.7756,117.184
tid_601,Читинский муниципальный район,Забайкальский край,1,1,1,1,111111111111111111111111,False,51.8909,113.407
tid_602,Шелопугинский муниципальный район,Забайкальский край,3,1,2,3,333333333333313233222222,True,51.5356,117.61
tid_603,Шилкинский муниципальный район,Забайкальский край,1,2,2,1,211211111111112212221222,False,51.6869,115.608
tid_604,городской округ поселок Агинское,Забайкальский край,1,1,1,1,111111111111111111111111,False,50.9565,114.458
tid_605,Агинский муниципальный район,Забайкальский край,1,1,1,1,111113311111111111111111,False,50.7486,114.479
tid_606,Дульдургинский муниципальный район,Забайкальский край,1,1,1,1,111111111111111111111111,False,50.6386,113.305
tid_607,Могойтуйский муниципальный район,Забайкальский край,1,1,1,1,111111111111111111111111,False,51.0698,115.13
tid_608,городской округ Петропавловск-Камчатский,Камчатский край,0,0,0,0,333000000000000000000000,False,53.0725,158.784
tid_61,Кигинский муниципальный район,Республика Башкортостан,1,1,1,1,111111111111111111111111,False,55.3962,58.7313
tid_612,Елизовский муниципальный район,Камчатский край,0,0,0,0,333000000000003000000003,False,53.4997,159.388
tid_613,Мильковский муниципальный округ,Камчатский край,3,3,1,3,333333313333333313111333,False,55.0093,159.104
tid_614,Соболевский муниципальный район,Камчатский край,3,3,3,3,333333333333333333333333,False,54.5713,156.322
tid_615,Усть-Большерецкий муниципальный район,Камчатский край,3,3,3,3,333333333333333333333333,False,52.4654,156.764
tid_616,Усть-Камчатский муниципальный район,Камчатский край,3,3,1,3,333333333333333333333333,False,56.3994,161.729
tid_618,Карагинский муниципальный район,Камчатский край,3,3,3,3,333333333333333333333333,False,59.2199,163.058
tid_619,Олюторский муниципальный район,Камчатский край,3,3,3,3,333333333333333333333333,False,61.1254,169.675
tid_62,Краснокамский муниципальный район,Республика Башкортостан,1,1,1,1,111131111111111111111112,False,55.9371,54.2347
tid_621,Тигильский муниципальный район,Камчатский край,3,3,3,3,333333333333333333333333,False,57.7313,158.645
tid_63,Кугарчинский муниципальный район,Республика Башкортостан,1,1,2,1,111111111111111111111111,False,52.6281,56.6375
tid_65,Кушнаренковский муниципальный район,Республика Башкортостан,2,2,2,1,111111222222222222222222,False,55.024,55.3503
tid_66,Мелеузовский муниципальный район,Республика Башкортостан,1,1,1,1,111111111111111111111111,False,53.0498,56.1972
tid_666,городской округ город Красноярск,Красноярский край,0,0,0,0,000000000000000000000000,False,55.9149,92.8773
tid_667,городской округ город Ачинск,Красноярский край,1,1,1,1,111111111111111111111111,False,56.152,90.451
tid_668,городской округ город Боготол,Красноярский край,2,2,2,2,222222222222222222222222,False,56.1111,89.5052
tid_669,городской округ город Бородино,Красноярский край,2,2,2,2,222211222112212222222222,False,55.7958,94.8831
tid_67,Мечетлинский муниципальный район,Республика Башкортостан,1,1,1,1,111111111111111111111111,False,55.9086,58.3265
tid_670,городской округ город Дивногорск,Красноярский край,1,1,1,1,111111111111111111111111,False,55.7704,92.3117
tid_671,городской округ город Енисейск,Красноярский край,1,1,1,1,111111111111111111111111,False,58.3646,92.1587
tid_674,городской округ город Канск,Красноярский край,1,1,1,1,111111111111111111111111,False,56.1062,95.685
tid_675,городской округ город Лесосибирск,Красноярский край,1,1,1,1,221111111111111111111111,False,58.111,92.4589
tid_676,городской округ город Минусинск,Красноярский край,1,1,1,1,111111111111111111111111,False,53.5742,91.6865
tid_677,городской округ город Назарово,Красноярский край,1,1,2,1,222211111111111111111111,False,55.9217,90.3897
tid_678,городской округ город Норильск,Красноярский край,3,3,1,3,333333003313333100003333,False,69.3441,87.877
tid_679,городской округ город Сосновоборск,Красноярский край,1,1,1,1,111111111111111111111111,False,56.0215,93.3441
tid_68,Мишкинский муниципальный район,Республика Башкортостан,1,2,2,1,111111111222112122222122,False,55.5576,55.9403
tid_680,городской округ город Шарыпово,Красноярский край,1,1,1,1,111111111111111111111111,False,55.4229,89.1028
tid_683,Абанский муниципальный район,Красноярский край,2,2,2,2,222222222222222222222222,False,56.8564,96.5009
tid_685,Балахтинский муниципальный район,Красноярский край,2,1,1,1,222222211111111111111111,True,55.2053,92.0175
tid_686,Березовский муниципальный район,Красноярский край,1,1,1,1,111111111111111111111111,False,55.7125,93.1509
tid_687,Бирилюсский муниципальный район,Красноярский край,2,2,2,2,222222222222222222222222,False,57.1639,90.6078
tid_689,Богучанский муниципальный район,Красноярский край,1,1,2,1,111111111111111111111111,False,58.5946,97.4262
tid_69,Миякинский муниципальный район,Республика Башкортостан,1,1,1,1,111111111111111111111111,False,53.5769,54.8355
tid_690,Большемуртинский муниципальный район,Красноярский край,2,2,2,2,222222222222222222222222,False,56.9198,92.966
tid_691,Большеулуйский муниципальный район,Красноярский край,2,2,2,2,222222222222222222222222,False,56.5404,90.6433
tid_692,Дзержинский муниципальный район,Красноярский край,2,2,2,2,222212222222222222222222,False,56.7395,95.0847
tid_693,Емельяновский муниципальный район,Красноярский край,1,1,1,1,111111111011111111111111,False,56.2113,92.342
tid_694,Енисейский муниципальный район,Красноярский край,2,2,2,2,222222222222222222222222,False,59.5628,89.1067
tid_695,Ермаковский муниципальный район,Красноярский край,2,2,2,2,222222222222222222221122,False,52.3569,92.7261
tid_696,Идринский муниципальный район,Красноярский край,2,2,2,2,222222222222222222222222,False,54.4368,92.502
tid_697,Иланский муниципальный район,Красноярский край,2,2,2,2,222222222222222222222222,False,55.8901,96.1577
tid_698,Ирбейский муниципальный район,Красноярский край,2,2,2,2,122222222222222222111222,False,55.0995,95.966
tid_699,Казачинский муниципальный район,Красноярский край,2,2,2,2,222222222222222222222222,False,57.5136,93.3144
tid_7,Тахтамукайский муниципальный район,Республика Адыгея,0,0,0,0,111000000000000000000000,False,44.9277,38.932
tid_70,Нуримановский муниципальный район,Республика Башкортостан,2,2,2,2,122222222222222222222222,False,55.2359,56.8962
tid_701,Каратузский муниципальный район,Красноярский край,2,2,2,2,222222222222222222222222,False,53.1969,93.6087
tid_702,Кежемский муниципальный район,Красноярский край,1,2,2,1,211111111112222211111222,False,58.7367,100.645
tid_703,Козульский муниципальный район,Красноярский край,2,2,2,2,222222222222222222222222,False,56.0998,91.4226
tid_704,Краснотуранский муниципальный район,Красноярский край,2,2,2,2,222222222222222222222222,False,54.2626,91.647
tid_705,Курагинский муниципальный район,Красноярский край,2,2,2,2,222222222222222222222222,False,53.8703,94.3795
tid_706,Манский муниципальный район,Красноярский край,2,2,2,2,222222222222222222222222,False,55.2624,93.6017
tid_708,Мотыгинский муниципальный район,Красноярский край,3,1,2,3,333333333333222221111222,False,58.4774,94.5163
tid_71,Салаватский муниципальный район,Республика Башкортостан,1,1,1,1,111111111111111111111111,False,55.2173,58.1709
tid_710,Нижнеингашский муниципальный район,Красноярский край,2,2,2,2,222222222222222222222222,False,56.2032,96.9845
tid_711,Новоселовский муниципальный район,Красноярский край,2,2,2,2,222222222222222222222222,False,54.8527,91.2197
tid_712,Партизанский муниципальный район,Красноярский край,2,2,2,2,222222222222222222222222,False,54.8658,94.2474
tid_713,Пировский муниципальный округ,Красноярский край,2,2,2,2,222222222222222222222222,False,57.4767,91.9538
tid_714,Рыбинский муниципальный район,Красноярский край,2,2,2,2,222222222222222222222222,False,55.8818,94.7574
tid_715,Саянский муниципальный район,Красноярский край,2,2,2,2,222222222222222222222222,False,54.7612,95.0616
tid_716,Северо-Енисейский муниципальный район,Красноярский край,1,0,0,1,131110011111111000000011,False,59.9531,93.2949
tid_717,Сухобузимский муниципальный район,Красноярский край,2,2,2,2,222222222222222222222222,False,56.4735,93.769
tid_718,Таймырский Долгано-Ненецкий муниципальный район,Красноярский край,3,3,3,3,333333333333333333333333,False,73.4781,95.205
tid_719,Тасеевский муниципальный район,Красноярский край,2,2,2,2,222222222222222222222222,False,57.2819,94.8365
tid_72,Стерлибашевский муниципальный район,Республика Башкортостан,1,2,2,1,111111112111111222121222,False,53.348,55.2022
tid_720,Туруханский муниципальный район,Красноярский край,3,3,3,3,333333333333333333003333,False,64.4078,87.5498
tid_721,Тюхтетский муниципальный округ,Красноярский край,2,2,2,2,222222222222222222222222,False,56.8817,89.2662
tid_722,Ужурский муниципальный район,Красноярский край,2,1,2,1,212221211112111222221111,False,55.2413,90.1027
tid_723,Уярский муниципальный район,Красноярский край,2,2,2,2,222222222222222222222222,False,55.724,94.2097
tid_725,Шушенский муниципальный район,Красноярский край,1,1,2,1,211111111111111111111111,False,52.4726,91.5722
tid_726,Эвенкийский муниципальный район,Красноярский край,3,3,3,3,333333333333333333333333,False,64.4758,98.8987
tid_727,городской округ Пермский,Пермский край,0,0,0,0,000000000000000000000000,False,58.0341,56.2338
tid_73,Стерлитамакский муниципальный район,Республика Башкортостан,1,0,0,0,011000110001000000110001,False,53.6247,55.7372
tid_731,городской округ Лысьвенский,Пермский край,1,1,1,1,111111111111111111111111,False,57.8968,57.9828
tid_734,муниципальный округ Александровский,Пермский край,2,2,2,2,222222222222222222222222,False,59.4204,57.7901
tid_735,муниципальный округ Бардымский,Пермский край,1,1,2,1,111111111111111111111111,False,56.8781,55.6411
tid_736,муниципальный округ Березовский,Пермский край,2,2,2,2,222322222222222222222222,False,57.6232,57.5271
tid_737,муниципальный округ Большесосновский,Пермский край,2,2,2,2,111222222222222222222222,False,57.5402,54.4216
tid_738,городской округ Верещагинский,Пермский край,1,1,2,1,111111211111111222222222,True,58.1291,54.3557
tid_739,городской округ Горнозаводский,Пермский край,2,2,2,2,222222222222222222222222,False,58.5737,58.6479
tid_74,Татышлинский муниципальный район,Республика Башкортостан,1,1,1,1,112111111111111111111111,False,56.2417,55.7506
tid_741,городской округ Добрянский,Пермский край,1,1,2,1,111111111111111111111111,False,58.6243,56.6352
tid_742,муниципальный округ Еловский,Пермский край,2,2,2,2,111211222222222222212222,False,56.9219,54.8559
tid_743,городской округ Ильинский,Пермский край,2,2,2,2,222222222222222222222222,False,58.6474,55.7256
tid_744,муниципальный округ Карагайский,Пермский край,1,2,2,1,111111122222222222222222,True,58.4803,54.9798
tid_745,городской округ город Кизел,Пермский край,2,2,2,2,222222222222222222222222,False,59.0906,58.0814
tid_746,муниципальный округ Кишертский,Пермский край,2,2,2,2,222222222222222222222222,False,57.3274,57.5875
tid_747,городской округ Красновишерский,Пермский край,2,2,2,2,222222222222222222222222,False,60.5248,58.2175
tid_748,городской округ Краснокамский,Пермский край,1,1,1,1,111111111111111111111111,False,58.1683,55.866
tid_749,муниципальный округ Куединский,Пермский край,2,2,2,2,222222222222222222222222,False,56.5273,55.1902
tid_75,Туймазинский муниципальный район,Республика Башкортостан,1,1,1,1,111111111111111111111111,False,54.4786,53.8756
tid_751,городской округ Нытвенский,Пермский край,2,2,2,2,222222222222222222222222,False,58.1139,55.3294
tid_752,городской округ Октябрьский,Пермский край,2,2,2,2,222222222222222222222222,False,56.4793,56.9492
tid_753,муниципальный округ Ординский,Пермский край,2,2,2,2,222222222222222222222222,False,57.0701,56.7629
tid_754,городской округ Осинский,Пермский край,1,1,1,1,111111111111111111111111,False,57.265,55.4722
tid_755,городской округ Оханский,Пермский край,2,2,2,2,222222222222222222222222,False,57.657,55.1828
tid_756,городской округ Очерский,Пермский край,1,1,2,1,111111111111111111211121,False,57.8939,54.5868
tid_757,муниципальный округ Пермский,Пермский край,1,1,1,1,111111111111111111111111,False,57.7815,56.0744
tid_758,муниципальный округ Сивинский,Пермский край,2,2,2,2,222222222222222222222222,False,58.4844,54.1621
tid_76,Уфимский муниципальный район,Республика Башкортостан,1,0,0,1,111111110000000011100000,False,54.7664,55.6931
tid_760,городской округ Суксунский,Пермский край,2,2,2,2,222222222222222222222222,False,57.0652,57.4851
tid_761,муниципальный округ Уинский,Пермский край,2,2,2,2,222222222222222222222222,False,56.8575,56.4738
tid_763,городской округ Чайковский,Пермский край,1,1,1,1,111111111111111111111111,False,56.6962,54.3199
tid_764,муниципальный округ Частинский,Пермский край,2,2,2,2,222222222222222222222222,False,57.2616,54.7502
tid_765,городской округ Чердынский,Пермский край,2,2,2,2,222222222222222222222222,False,60.8647,56.663
tid_766,городской округ Чернушинский,Пермский край,1,1,1,1,111111111111111111111111,False,56.5203,56.1507
tid_767,городской округ Чусовской,Пермский край,1,1,1,1,111111111111111111111111,False,58.3144,57.4022
tid_769,муниципальный округ Гайнский,Пермский край,2,2,2,2,222222222222222222222222,False,60.563,53.5178
tid_77,Учалинский муниципальный район,Республика Башкортостан,1,1,1,1,111111111111111111111111,False,54.3318,59.321
tid_770,муниципальный округ Косинский,Пермский край,2,2,2,2,211122222222222222222222,False,59.9183,54.9652
tid_771,муниципальный округ Кочевский,Пермский край,2,2,2,2,111212222222222222222222,False,59.7582,54.1376
tid_773,муниципальный округ Юрлинский,Пермский край,2,2,2,2,222222222233222222222222,False,59.4243,54.019
tid_774,муниципальный округ Юсьвинский,Пермский край,2,2,2,2,211222222222222222222222,False,59.0606,55.4848
tid_775,городской округ Владивостокский,Приморский край,0,0,0,0,000000000000000000000000,False,42.9692,131.783
tid_776,городской округ Арсеньевский,Приморский край,1,1,1,1,111111111111111111111111,False,43.9866,133.123
tid_777,городской округ Артемовский,Приморский край,0,0,0,0,111000010000000000111110,False,43.2277,132.071
tid_778,городской округ Большой Камень,Приморский край,1,1,1,1,111111111111111111111111,False,42.9222,132.214
tid_779,городской округ Дальнегорский,Приморский край,1,1,1,1,111111111111111111111111,False,44.6042,135.448
tid_78,Федоровский муниципальный район,Республика Башкортостан,2,2,2,1,111112222222222222121222,False,53.0621,55.2936
tid_780,городской округ Дальнереченский,Приморский край,1,1,1,1,111111111111111111111111,False,45.7348,133.503
tid_781,городской округ Лесозаводский,Приморский край,1,1,1,1,111111111111111111111111,False,45.3238,133.465
tid_782,городской округ Находкинский,Приморский край,0,0,0,0,110000000000000000010000,False,42.651,132.716
tid_783,городской округ Партизанский,Приморский край,1,1,2,1,111111221111111111111111,False,43.0908,132.922
tid_784,городской округ Спасск-Дальний,Приморский край,1,1,1,1,111111133111111111111111,False,44.4394,132.675
tid_785,городской округ Уссурийский,Приморский край,0,0,0,0,000000000000000000000000,False,43.563,131.629
tid_787,Анучинский муниципальный округ,Приморский край,3,2,2,3,333233223232222222222222,True,43.7912,132.903
tid_788,Дальнереченский муниципальный район,Приморский край,1,1,1,1,113313333311131311131111,False,45.3304,134.203
tid_789,Кавалеровский муниципальный округ,Приморский край,1,1,1,1,111111111111111111111111,False,44.1694,134.91
tid_79,Хайбуллинский муниципальный район,Республика Башкортостан,1,1,1,1,111111111111111111111111,False,51.9424,58.1525
tid_790,Кировский муниципальный район,Приморский край,1,1,1,1,111111111111111111111111,False,44.8624,133.513
tid_791,Красноармейский муниципальный округ,Приморский край,3,2,2,3,333333333221222222222222,True,45.7039,135.394
tid_792,Лазовский муниципальный округ,Приморский край,3,2,2,3,222331233312222222222222,True,43.0219,133.707
tid_793,Михайловский муниципальный район,Приморский край,2,2,2,3,333332233222222222222222,False,43.7888,132.2
tid_794,Надеждинский муниципальный район,Приморский край,1,1,1,1,113111111111111111111111,False,43.3123,131.664
tid_795,Октябрьский муниципальный округ,Приморский край,3,2,2,3,333222233333323322222322,False,43.9126,131.401
tid_796,Ольгинский муниципальный округ,Приморский край,3,2,2,3,333333333313232121122222,False,43.576,134.704
tid_797,Партизанский муниципальный округ,Приморский край,3,1,2,3,133333333333313121231211,False,43.0942,133.098
tid_798,Пограничный муниципальный округ,Приморский край,1,3,2,1,111111123333133132223222,False,44.4335,131.295
tid_799,Пожарский муниципальный округ,Приморский край,3,2,2,3,333333133333333322222222,True,46.5411,135.759
tid_8,Теучежский муниципальный район,Республика Адыгея,1,1,1,1,111111111111111111111111,False,44.893,39.3679
tid_80,Чекмагушевский муниципальный район,Республика Башкортостан,1,1,2,1,111111111121111111121121,False,55.0987,54.6175
tid_800,Спасский муниципальный район,Приморский край,3,1,1,3,333333333331313312131111,False,44.5604,132.882
tid_801,Тернейский муниципальный округ,Приморский край,3,1,2,3,333333333313111111112222,False,46.4792,137.416
tid_802,Ханкайский муниципальный округ,Приморский край,2,2,2,2,122222222232222222222222,False,44.7588,131.716
tid_803,Хасанский муниципальный округ,Приморский край,3,1,2,3,133331333333333111121111,False,42.7467,130.993
tid_804,Хорольский муниципальный округ,Приморский край,2,2,2,2,322222222221222222222222,False,44.2025,131.966
tid_805,Черниговский муниципальный округ,Приморский край,3,1,1,3,133111333333111111111111,True,44.1131,132.437
tid_806,Чугуевский муниципальный округ,Приморский край,1,1,2,1,111111113111111111111111,False,44.1544,134.055
tid_807,Шкотовский муниципальный округ,Приморский край,3,1,2,3,333331333313111111233111,False,43.1861,132.439
tid_808,Яковлевский муниципальный округ,Приморский край,2,2,2,2,222222222222222222222222,False,44.2838,133.4
tid_809,городской округ город Ставрополь,Ставропольский край,0,0,0,0,000000000000000000000000,False,45.0084,41.9371
tid_81,Чишминский муниципальный район,Республика Башкортостан,1,1,1,1,111111111111111111111111,False,54.4869,55.4022
tid_810,Благодарненский муниципальный округ,Ставропольский край,2,1,1,1,222211111111111111111111,True,45.0646,43.5977
tid_811,Георгиевский муниципальный округ,Ставропольский край,1,1,1,1,111111111111011111111111,False,44.2307,43.4971
tid_812,городской округ город-курорт Ессентуки,Ставропольский край,0,0,0,0,000000000000000000000000,False,44.0062,42.9118
tid_813,городской округ город-курорт Железноводск,Ставропольский край,1,0,0,1,111110000000000000000000,True,44.066,43.1264
tid_814,Изобильненский муниципальный округ,Ставропольский край,2,1,1,1,222222111111111111111111,True,45.3049,41.6909
tid_815,Ипатовский муниципальный округ,Ставропольский край,2,1,2,1,222111221111111121111111,True,45.7506,42.684
tid_817,Кировский муниципальный округ,Ставропольский край,2,1,1,2,222222222221111111111111,True,43.9429,43.7615
tid_818,городской округ город Лермонтов,Ставропольский край,1,1,1,1,111111111111111111111111,False,44.0599,43.0268
tid_819,Минераловодский муниципальный округ,Ставропольский край,1,0,0,0,111100000000000010001000,False,44.297,43.0121
tid_82,Шаранский муниципальный район,Республика Башкортостан,1,2,2,1,111111122212222212222222,True,54.8436,53.9939
tid_820,городской округ город Невинномысск,Ставропольский край,1,1,1,1,111111111111111111111111,False,44.6109,41.9705
tid_821,Нефтекумский муниципальный округ,Ставропольский край,2,1,1,1,122222111111111111111111,True,44.5498,45.1741
tid_822,Новоалександровский муниципальный округ,Ставропольский край,2,1,2,2,222222222211112121111112,False,45.4468,41.1929
tid_823,Петровский муниципальный округ,Ставропольский край,1,1,1,1,111111111111111111111111,False,45.2549,42.8569
tid_824,городской округ город-курорт Пятигорск,Ставропольский край,0,0,0,0,000000000000000000000000,False,43.9981,43.0954
tid_825,Советский муниципальный округ,Ставропольский край,2,1,1,1,222211111111111111111111,True,44.2984,43.9794
tid_826,Александровский муниципальный округ,Ставропольский край,2,2,2,2,122222222222122222222211,False,44.6819,43.0457
tid_827,Андроповский муниципальный округ,Ставропольский край,2,2,2,2,222222222222222222222222,False,44.5548,42.5292
tid_828,Апанасенковский муниципальный округ,Ставропольский край,2,2,2,2,222222222222222222222222,False,45.8473,43.4271
tid_829,Арзгирский муниципальный округ,Ставропольский край,2,2,2,2,222222222222222222222222,False,45.2528,44.3354
tid_83,Янаульский муниципальный район,Республика Башкортостан,1,1,1,1,111111111111111111111111,False,56.2217,54.913
tid_830,Будённовский муниципальный округ,Ставропольский край,1,1,1,1,111111111111111111111111,False,44.7021,44.1838
tid_831,Грачёвский муниципальный округ,Ставропольский край,2,2,2,2,222222222222222222222222,False,45.1087,42.4919
tid_832,Кочубеевский муниципальный округ,Ставропольский край,2,1,2,1,122222222221121111111111,True,44.602,41.9221
tid_833,Красногвардейский муниципальный округ,Ставропольский край,2,2,2,2,222222222222222222222222,False,45.7805,41.6112
tid_834,Курский муниципальный округ,Ставропольский край,1,1,1,1,111111111111111111111111,False,43.9363,44.9137
tid_835,Левокумский муниципальный округ,Ставропольский край,2,2,2,2,222222222222222222222222,False,44.967,44.9897
tid_836,Новоселицкий муниципальный округ,Ставропольский край,2,2,2,2,222222222222222222222222,False,44.7057,43.512
tid_838,Степновский муниципальный округ,Ставропольский край,2,2,2,2,222222222222222222222222,False,44.2189,44.5975
tid_839,Труновский муниципальный округ,Ставропольский край,2,2,2,2,222222222222222222222222,False,45.5295,42.0824
tid_840,Туркменский муниципальный округ,Ставропольский край,2,2,2,1,121112211222222222212222,False,45.4353,43.596
tid_841,Шпаковский муниципальный округ,Ставропольский край,1,0,1,1,111111111111001110001001,False,44.9917,42.0278
tid_842,городской округ город Хабаровск,Хабаровский край,0,0,0,0,000000000000000000000000,False,48.3723,134.938
tid_843,городской округ город Комсомольск-на-Амуре,Хабаровский край,3,1,1,3,113111131111111111111111,True,50.5041,136.892
tid_844,Амурский муниципальный район,Хабаровский край,3,3,2,3,333333333333333331233333,False,49.592,135.484
tid_846,Бикинский муниципальный район,Хабаровский край,3,3,1,3,113331133331133331133333,False,46.8746,134.231
tid_847,Ванинский муниципальный район,Хабаровский край,3,3,1,3,333333333333333131113111,False,49.9068,139.667
tid_848,Верхнебуреинский муниципальный район,Хабаровский край,3,3,3,3,333333333333333333333333,False,50.8926,132.762
tid_849,Вяземский муниципальный район,Хабаровский край,2,2,2,2,113332223322222222222222,False,47.3596,134.811
tid_851,муниципальный район имени Лазо,Хабаровский край,3,2,2,3,333333333333222222222222,True,47.6733,136.337
tid_852,Нанайский муниципальный район,Хабаровский край,3,2,2,3,333333333333222222222222,True,49.0495,136.961
tid_853,Николаевский муниципальный район,Хабаровский край,3,3,2,3,333333333333333333333333,False,53.2349,140.438
tid_854,Охотский муниципальный округ,Хабаровский край,3,3,3,3,333333333333333333333333,False,60.2704,142.109
tid_855,муниципальный район имени Полины Осипенко,Хабаровский край,3,3,3,3,333333333333333333333333,False,52.5093,136.707
tid_856,Советско-Гаванский муниципальный район,Хабаровский край,3,3,2,3,333333333333333331133121,False,48.2809,139.29
tid_857,Солнечный муниципальный район,Хабаровский край,3,3,2,3,333333333333333333333333,False,51.1966,136.021
tid_859,Ульчский муниципальный район,Хабаровский край,3,2,2,3,333333333333333322222222,True,51.9572,139.495
tid_860,Хабаровский муниципальный район,Хабаровский край,3,1,1,3,333333333310011111111111,True,49.3423,134.259
tid_870,Архаринский муниципальный округ,Амурская область,3,1,2,3,333333333333123322111111,True,49.4205,130.504
tid_871,Белогорский муниципальный округ,Амурская область,3,1,1,3,313333333333111111111111,True,50.6817,128.338
tid_872,Благовещенский муниципальный округ,Амурская область,0,0,0,0,011000000000000000000000,False,50.5445,127.441
tid_873,Бурейский муниципальный округ,Амурская область,3,2,2,1,111111113133222222323323,False,49.9917,130.07
tid_874,Завитинский муниципальный округ,Амурская область,3,2,2,2,312322332222222222223222,False,50.1188,129.443
tid_875,Зейский муниципальный округ,Амурская область,3,3,1,3,333333333333333333333333,False,54.331,128.86
tid_876,Ивановский муниципальный округ,Амурская область,3,1,1,3,333333333311111111111111,True,50.3711,127.979
tid_877,Константиновский муниципальный район,Амурская область,3,2,2,3,333333333332222222222322,False,49.6166,127.984
tid_878,Магдагачинский муниципальный район,Амурская область,3,1,2,3,333333333333111111131311,False,53.0779,126.019
tid_879,Мазановский муниципальный район,Амурская область,3,3,1,3,333333333333333333333333,False,51.9918,129.509
tid_880,Михайловский муниципальный район,Амурская область,3,2,2,3,333333333333333332222222,True,49.5843,128.731
tid_881,Октябрьский муниципальный район,Амурская область,1,1,1,1,111111113111111111112111,False,50.1696,128.807
tid_882,Ромненский муниципальный округ,Амурская область,3,2,2,3,333333333333311222222222,True,50.8011,129.889
tid_883,Свободненский муниципальный район,Амурская область,1,1,1,1,111111133333311111133113,False,51.3252,127.621
tid_884,Селемджинский муниципальный район,Амурская область,3,3,1,3,333333333333333331112223,False,52.6799,132.05
tid_885,Серышевский муниципальный округ,Амурская область,1,2,2,1,112211333321112222222223,False,51.0128,128.531
tid_886,Сковородинский муниципальный округ,Амурская область,3,2,2,3,333333333333322222212222,False,53.7687,123.269
tid_888,Тындинский муниципальный округ,Амурская область,3,3,1,3,333333333333333313333333,False,55.3612,123.663
tid_889,Шимановский муниципальный округ,Амурская область,3,3,1,3,333333333333333133133313,False,52.0593,127.412
tid_890,городской округ город Архангельск,Архангельская область,1,1,1,1,111010111111111000111111,False,64.6628,40.287
tid_891,городской округ город Коряжма,Архангельская область,1,1,2,1,111111111111111111111221,False,61.3403,47.0177
tid_892,городской округ Котлас,Архангельская область,1,1,1,1,111111111111111111111111,False,61.2896,46.5672
tid_895,городской округ город Новодвинск,Архангельская область,2,2,2,2,222222222222222222222222,False,64.4823,40.5525
tid_896,городской округ Северодвинск,Архангельская область,1,1,1,1,111000111111111000111111,False,64.5023,39.4107
tid_897,Вельский муниципальный район,Архангельская область,2,1,1,1,222111112111111111111111,True,61.364,41.9159
tid_898,Верхнетоемский муниципальный округ,Архангельская область,2,2,2,2,222222222222222222222222,False,62.5329,45.4586
tid_899,муниципальный округ Вилегодский,Архангельская область,1,2,2,1,111111111111221221212122,False,61.267,48.2042
tid_9,Шовгеновский муниципальный район,Республика Адыгея,1,1,1,1,111111111111111111111111,False,44.9962,40.1528
tid_900,Виноградовский муниципальный округ,Архангельская область,2,2,2,2,222222222222222222222222,False,62.9836,43.23
tid_901,муниципальный округ Каргопольский,Архангельская область,2,2,2,2,222222222222222222222222,False,61.5012,38.5676
tid_902,Коношский муниципальный район,Архангельская область,2,2,2,2,222222222222222221222222,False,61.065,40.0167
tid_903,Котласский муниципальный округ,Архангельская область,2,2,2,2,111122222222222222222222,False,61.3365,46.6264
tid_904,Красноборский муниципальный округ,Архангельская область,2,2,2,2,222222222222222222222222,False,61.8539,46.3124
tid_905,Ленский муниципальный район,Архангельская область,2,2,2,2,222221111222112212211222,False,62.1222,48.5476
tid_907,Мезенский муниципальный округ,Архангельская область,3,2,2,3,333333333333322222222222,True,66.0415,43.8592
tid_908,Няндомский муниципальный округ,Архангельская область,2,2,2,2,222222222222222221222222,False,61.9864,40.3752
tid_909,Онежский муниципальный район,Архангельская область,2,2,2,2,222222222222222222222222,False,63.726,37.582
tid_911,Плесецкий муниципальный округ,Архангельская область,2,2,2,2,222221222222212211112222,False,62.7951,39.3778
tid_912,Приморский муниципальный округ,Архангельская область,1,1,1,1,111111111111111111111111,False,74.2072,44.7805
tid_913,Устьянский муниципальный округ,Архангельская область,2,2,2,2,222222222222222211222222,False,61.3441,43.9464
tid_914,Холмогорский муниципальный округ,Архангельская область,2,2,2,2,222222222222222222222222,False,63.8994,41.7587
tid_915,Шенкурский муниципальный округ,Архангельская область,2,2,2,2,222222222222222222222222,False,62.1786,42.4099
tid_916,городской округ город Нарьян-Мар,Ненецкий автономный округ,3,3,1,3,333333333333333333011311,False,67.7164,52.7998
tid_917,муниципальный район Заполярный район,Ненецкий автономный округ,3,3,1,3,333333333333333333333333,False,68.2646,53.2547
tid_918,городской округ город Астрахань,Астраханская область,1,0,1,1,111110000011011010000111,False,46.3133,48.0931
tid_920,Ахтубинский муниципальный район,Астраханская область,2,2,2,2,222222222222222122222222,False,48.1251,46.5122
tid_922,Енотаевский муниципальный район,Астраханская область,2,2,2,2,222222222222222221222222,False,47.2126,46.8824
tid_923,Икрянинский муниципальный район,Астраханская область,2,2,2,2,222222222222222222222222,False,45.8353,47.7466
tid_924,Камызякский муниципальный район,Астраханская область,2,2,2,2,222222222222222222222222,False,45.8445,48.2419
tid_925,Красноярский муниципальный район,Астраханская область,2,2,2,2,222222222222222222222222,False,46.8321,48.4485
tid_926,Лиманский муниципальный район,Астраханская область,2,2,2,2,222222222222222222222222,False,45.7812,47.0698
tid_927,Наримановский муниципальный район,Астраханская область,1,1,1,1,111111111111111111111111,False,46.376,47.3794
tid_928,Приволжский муниципальный район,Астраханская область,1,1,1,1,111111111111111111111111,False,46.2358,48.2271
tid_929,Харабалинский муниципальный район,Астраханская область,2,2,2,2,222222222222222222222222,False,47.3635,47.6891
tid_930,Черноярский муниципальный район,Астраханская область,2,2,2,2,222222222222222222222222,False,48.1141,45.713
tid_986,городской округ город Владимир,Владимирская область,1,0,0,1,111111110011111000001111,False,56.1474,40.3328
tid_987,городской округ город Гусь-Хрустальный,Владимирская область,1,1,2,1,222211111111111111111111,False,55.6539,40.5513
tid_988,городской округ город Ковров,Владимирская область,1,1,1,1,111111111111111111111111,False,56.3871,41.2169
tid_989,городской округ округ Муром,Владимирская область,1,1,1,1,111111111111111111111111,False,55.5914,41.9357
tid_991,Александровский муниципальный район,Владимирская область,1,1,1,1,111111111111111111111111,False,56.4703,38.598
tid_992,Вязниковский муниципальный район,Владимирская область,1,1,2,1,111111111111111111111111,False,56.2456,41.9456
tid_993,Гороховецкий муниципальный район,Владимирская область,2,2,2,2,222222222222222222222222,False,56.1168,42.4248
tid_994,Гусь-Хрустальный муниципальный район,Владимирская область,2,2,2,2,222222222222222222222222,False,55.5826,40.5934
tid_995,Камешковский муниципальный район,Владимирская область,2,2,2,2,222222222222222222222222,False,56.3494,40.7896
tid_996,Киржачский муниципальный район,Владимирская область,1,1,1,1,222111111111111111111111,False,56.1726,38.7447
tid_998,Кольчугинский муниципальный район,Владимирская область,2,1,1,2,222222211111111111111111,True,56.3247,39.286
tid_999,Меленковский муниципальный район,Владимирская область,2,2,2,2,222222222222222222222222,False,55.3917,41.5163
