entity_id,same_X23_prediction,saved_network_analogues_prediction,absolute_difference,neighbors
tid_1,20.226119071498204,20.226119071498204,0,tid_819|tid_813|tid_811|tid_841|tid_3009|tid_2881|tid_812|tid_351|tid_2876|tid_1758|tid_830|tid_1726|tid_928|tid_918|tid_927
tid_10,19.580332582281624,19.580332582281624,0,tid_2312|tid_388|tid_379|tid_928|tid_448|tid_1726|tid_12|tid_76|tid_2063|tid_278|tid_507|tid_693|tid_2210|tid_1117|tid_2119
tid_1001,19.002852605989084,19.002852605989084,0,tid_2595|tid_2619|tid_2124|tid_2108|tid_2593|tid_996|tid_2883|tid_2188|tid_2165|tid_1478|tid_1504|tid_2047|tid_991|tid_1876|tid_1212
tid_1002,13.392750376671113,13.392750376671112,1.7763568394002505e-15,tid_2055|tid_2321|tid_2330|tid_1113|tid_1776|tid_1329|tid_2329|tid_1127|tid_1686|tid_2325|tid_734|tid_2326|tid_1304|tid_1120|tid_1123
tid_1003,13.592982880323468,13.592982880323468,0,tid_1997|tid_1989|tid_697|tid_1304|tid_223|tid_995|tid_1770|tid_895|tid_2131|tid_2325|tid_745|tid_1119|tid_1588|tid_734|tid_1285
tid_1004,13.496937172178747,13.496937172178749,1.7763568394002505e-15,tid_2322|tid_1782|tid_1535|tid_2059|tid_1769|tid_1610|tid_1529|tid_1557|tid_2618|tid_915|tid_723|tid_1596|tid_2278|tid_1310|tid_1766
tid_1005,15.80961071433704,15.80961071433704,0,tid_2048|tid_1209|tid_2177|tid_2108|tid_2883|tid_2047|tid_1478|tid_1504|tid_996|tid_1494|tid_1207|tid_1449|tid_2183|tid_1422|tid_1578
tid_1006,14.001341703798165,14.001341703798165,0,tid_995|tid_734|tid_1529|tid_1583|tid_2035|tid_1304|tid_2180|tid_1989|tid_1306|tid_2051|tid_1595|tid_1536|tid_999|tid_2325|tid_1900
tid_1007,17.51414178630808,17.51414178630808,0,tid_2887|tid_1952|tid_918|tid_1410|tid_1874|tid_1598|tid_2251|tid_1523|tid_1758|tid_1977|tid_1845|tid_504|tid_1008|tid_1979|tid_478
tid_1008,18.296767429882777,18.296767429882777,0,tid_1707|tid_1758|tid_1952|tid_918|tid_1410|tid_375|tid_676|tid_481|tid_2251|tid_1668|tid_373|tid_578|tid_278|tid_1140|tid_1107
tid_1009,18.063627626155455,18.063627626155451,3.5527136788005009e-15,tid_1765|tid_2280|tid_989|tid_1577|tid_1980|tid_1540|tid_1212|tid_991|tid_3005|tid_1138|tid_2252|tid_1039|tid_2169|tid_1563|tid_1919
tid_1010,17.983581168556185,17.983581168556185,0,tid_2074|tid_1683|tid_3005|tid_1039|tid_1740|tid_1011|tid_1719|tid_989|tid_1920|tid_1667|tid_820|tid_830|tid_506|tid_1009|tid_1760
tid_1011,18.546627795214988,18.546627795214988,0,tid_823|tid_1760|tid_810|tid_1018|tid_2074|tid_1010|tid_1920|tid_1666|tid_832|tid_830|tid_1927|tid_827|tid_2076|tid_1740|tid_821
tid_1012,15.367105372071865,15.367105372071864,1.7763568394002505e-15,tid_1566|tid_1944|tid_1941|tid_1745|tid_2028|tid_1035|tid_1930|tid_1528|tid_1565|tid_833|tid_1568|tid_574|tid_1562|tid_2301|tid_1880
tid_1013,12.797846396431357,12.797846396431355,1.7763568394002505e-15,tid_1029|tid_1038|tid_555|tid_2089|tid_1698|tid_1548|tid_1743|tid_181|tid_1023|tid_1926|tid_1714|tid_930|tid_698|tid_1942|tid_1031
tid_1014,12.560968053182741,12.560968053182741,0,tid_1689|tid_1642|tid_1033|tid_1035|tid_683|tid_2067|tid_523|tid_1891|tid_1573|tid_922|tid_926|tid_1896|tid_1929|tid_562|tid_692
tid_1015,11.914948034132401,11.914948034132401,0,tid_392|tid_271|tid_1200|tid_1425|tid_1710|tid_1316|tid_2139|tid_1731|tid_2111|tid_1785|tid_1912|tid_1530|tid_1705|tid_1020|tid_1125
tid_1016,13.207243460764584,13.207243460764584,0,tid_1564|tid_2077|tid_1745|tid_1941|tid_1747|tid_293|tid_1420|tid_2090|tid_2255|tid_1750|tid_1756|tid_1223|tid_1722|tid_1921|tid_828
tid_1017,12.941776144187767,12.941776144187768,1.7763568394002505e-15,tid_1034|tid_1853|tid_2081|tid_1116|tid_1889|tid_1852|tid_1917|tid_307|tid_2270|tid_2129|tid_1951|tid_1898|tid_1556|tid_1429|tid_1895
tid_1018,13.37131225770487,13.37131225770487,0,tid_1011|tid_1666|tid_1887|tid_1760|tid_1353|tid_823|tid_1927|tid_810|tid_2093|tid_827|tid_832|tid_1032|tid_2262|tid_2076|tid_822
tid_1019,14.424755681447721,14.424755681447721,0,tid_1025|tid_1429|tid_1888|tid_1710|tid_2184|tid_2171|tid_1419|tid_1030|tid_920|tid_1846|tid_1427|tid_1555|tid_1037|tid_1414|tid_2182
tid_1020,15.636064854627186,15.636064854627186,0,tid_1710|tid_1705|tid_1708|tid_1427|tid_1413|tid_1422|tid_1037|tid_1316|tid_1015|tid_2167|tid_1163|tid_271|tid_2062|tid_1200|tid_1922
tid_1021,15.80961071433704,15.80961071433704,0,tid_1039|tid_1037|tid_1846|tid_1922|tid_1719|tid_1740|tid_1413|tid_2168|tid_832|tid_920|tid_899|tid_1427|tid_1708|tid_1422|tid_1683
tid_1023,14.151233568607125,14.151233568607124,1.7763568394002505e-15,tid_1926|tid_828|tid_1567|tid_1036|tid_1548|tid_1029|tid_1412|tid_1698|tid_822|tid_1032|tid_1013|tid_1933|tid_181|tid_827|tid_1561
tid_1024,11.995299139526395,11.995299139526397,1.7763568394002505e-15,tid_1204|tid_930|tid_1784|tid_1774|tid_1421|tid_926|tid_1166|tid_1928|tid_2213|tid_2056|tid_1038|tid_1722|tid_1942|tid_691|tid_712
tid_1025,14.856212967183225,14.856212967183223,1.7763568394002505e-15,tid_1019|tid_1429|tid_2184|tid_1846|tid_1888|tid_1710|tid_1207|tid_920|tid_2171|tid_1414|tid_1037|tid_1427|tid_1419|tid_1555|tid_2182
tid_1026,15.736556892004906,15.736556892004906,0,tid_1895|tid_1917|tid_308|tid_1211|tid_1934|tid_1550|tid_1898|tid_1931|tid_303|tid_1592|tid_1939|tid_1899|tid_833|tid_1528|tid_1562
tid_1027,13.890706806282726,13.890706806282726,0,tid_2096|tid_1412|tid_1561|tid_520|tid_1028|tid_292|tid_288|tid_1929|tid_1732|tid_2258|tid_1551|tid_1933|tid_1567|tid_1681|tid_2256
tid_1028,13.633228288948708,13.633228288948708,0,tid_1918|tid_1929|tid_2257|tid_1681|tid_1551|tid_300|tid_1702|tid_2255|tid_1941|tid_1420|tid_1561|tid_1732|tid_1016|tid_520|tid_296
tid_1029,14.352698502131966,14.352698502131966,0,tid_1013|tid_1023|tid_2079|tid_1926|tid_1743|tid_698|tid_1036|tid_1038|tid_181|tid_1031|tid_1698|tid_306|tid_1567|tid_1548|tid_1870
tid_1030,14.187479754138366,14.187479754138366,0,tid_1419|tid_2080|tid_1041|tid_2081|tid_1415|tid_1417|tid_1856|tid_1714|tid_1915|tid_1928|tid_2072|tid_1888|tid_1038|tid_2087|tid_1019
tid_1031,15.910248155769624,15.910248155769624,0,tid_2076|tid_1041|tid_2061|tid_188|tid_1038|tid_1893|tid_5|tid_2089|tid_810|tid_1040|tid_2093|tid_1740|tid_1426|tid_1887|tid_1036
tid_1032,14.481408255024842,14.481408255024842,0,tid_1887|tid_828|tid_1548|tid_1681|tid_1941|tid_1745|tid_1642|tid_1926|tid_1698|tid_1012|tid_822|tid_2076|tid_2077|tid_2072|tid_2075
tid_1033,14.187479754138366,14.187479754138366,0,tid_1896|tid_922|tid_719|tid_1891|tid_1907|tid_1573|tid_721|tid_2067|tid_1014|tid_2080|tid_1642|tid_1570|tid_305|tid_2072|tid_1421
tid_1034,14.137041295140218,14.137041295140218,0,tid_1852|tid_307|tid_1853|tid_1017|tid_2081|tid_1116|tid_1755|tid_2129|tid_1889|tid_2140|tid_1712|tid_1848|tid_1884|tid_1910|tid_1773
tid_1035,13.916893793054786,13.916893793054786,0,tid_1944|tid_1689|tid_1930|tid_1941|tid_831|tid_1012|tid_562|tid_1566|tid_1642|tid_1929|tid_1014|tid_1041|tid_2255|tid_2072|tid_833
tid_1036,14.358088756316834,14.358088756316834,0,tid_1926|tid_2075|tid_828|tid_827|tid_822|tid_2076|tid_2082|tid_838|tid_181|tid_1698|tid_1916|tid_836|tid_1714|tid_1023|tid_810
tid_1037,14.656280668209366,14.656280668209366,0,tid_1427|tid_1710|tid_1708|tid_1021|tid_1846|tid_1025|tid_920|tid_1019|tid_1939|tid_1934|tid_1752|tid_1020|tid_1568|tid_1422|tid_1930
tid_1038,14.187479754138366,14.187479754138366,0,tid_1698|tid_1714|tid_2080|tid_1419|tid_1548|tid_1041|tid_926|tid_1030|tid_1942|tid_2087|tid_2072|tid_1928|tid_1896|tid_1891|tid_1417
tid_1039,17.706862289788859,17.706862289788859,0,tid_1683|tid_1021|tid_1667|tid_2074|tid_1010|tid_1009|tid_1765|tid_1740|tid_1719|tid_1922|tid_1577|tid_1553|tid_1413|tid_2710|tid_2884
tid_1040,14.803408468267598,14.803408468267598,0,tid_5|tid_2061|tid_2089|tid_2196|tid_1031|tid_1893|tid_695|tid_460|tid_1041|tid_1166|tid_1942|tid_1680|tid_2195|tid_1618|tid_1038
tid_1041,13.217877143214896,13.217877143214896,0,tid_2080|tid_1030|tid_2072|tid_1419|tid_1038|tid_2061|tid_1698|tid_831|tid_1035|tid_1642|tid_1887|tid_1548|tid_1714|tid_2087|tid_2076
tid_1044,13.585593986315448,13.585593986315448,0,tid_1933|tid_1567|tid_2266|tid_1743|tid_1420|tid_1551|tid_305|tid_2254|tid_2087|tid_1891|tid_926|tid_1732|tid_719|tid_1417|tid_1038
tid_1047,12.659433017613541,12.659433017613541,0,tid_1072|tid_911|tid_1066|tid_216|tid_2027|tid_230|tid_1068|tid_240|tid_1053|tid_2340|tid_2039|tid_2023|tid_1623|tid_231|tid_219
tid_1048,13.503969645760927,13.503969645760929,1.7763568394002505e-15,tid_1059|tid_1061|tid_272|tid_242|tid_1240|tid_453|tid_2208|tid_1623|tid_386|tid_1062|tid_2212|tid_752|tid_1065|tid_1189|tid_1647
tid_1049,14.187852305264492,14.187852305264492,0,tid_2040|tid_370|tid_2236|tid_883|tid_2229|tid_1672|tid_1184|tid_211|tid_2218|tid_2225|tid_1704|tid_2224|tid_1673|tid_270|tid_1999
tid_1051,13.987359676026557,13.987359676026555,1.7763568394002505e-15,tid_1161|tid_237|tid_2199|tid_767|tid_2019|tid_1659|tid_1987|tid_1232|tid_781|tid_2215|tid_2203|tid_2202|tid_1131|tid_1603|tid_603
tid_1052,11.742043348154251,11.742043348154253,1.7763568394002505e-15,tid_1053|tid_2205|tid_900|tid_2023|tid_457|tid_710|tid_2039|tid_232|tid_1310|tid_1655|tid_242|tid_1268|tid_2018|tid_1067|tid_275
tid_1053,11.95925614428559,11.95925614428559,0,tid_2023|tid_1052|tid_240|tid_2205|tid_900|tid_1047|tid_2039|tid_1146|tid_1268|tid_764|tid_901|tid_710|tid_1066|tid_1279|tid_1056
tid_1054,17.538066241085161,17.538066241085161,0,tid_2192|tid_1600|tid_452|tid_581|tid_2032|tid_1586|tid_674|tid_1315|tid_2006|tid_2620|tid_2033|tid_1142|tid_667|tid_510|tid_55
tid_1055,11.003230612841675,11.003230612841676,1.7763568394002505e-15,tid_1062|tid_2340|tid_230|tid_2205|tid_1623|tid_1047|tid_1052|tid_243|tid_2208|tid_1053|tid_900|tid_1059|tid_242|tid_1048|tid_220
tid_1056,12.142033635315542,12.142033635315542,0,tid_1146|tid_745|tid_2015|tid_1285|tid_2023|tid_2304|tid_909|tid_2316|tid_1287|tid_898|tid_240|tid_1782|tid_1588|tid_2154|tid_1066
tid_1057,12.571048365976068,12.571048365976068,0,tid_2151|tid_902|tid_230|tid_233|tid_1164|tid_1047|tid_908|tid_1072|tid_1053|tid_1068|tid_241|tid_764|tid_240|tid_1066|tid_1143
tid_1058,13.061995498769363,13.061995498769363,0,tid_714|tid_742|tid_2204|tid_2199|tid_755|tid_1650|tid_2041|tid_723|tid_220|tid_2039|tid_1638|tid_1168|tid_1167|tid_360|tid_449
tid_1059,13.310088821183296,13.310088821183296,0,tid_1048|tid_1061|tid_1062|tid_2208|tid_1647|tid_242|tid_456|tid_2212|tid_1240|tid_272|tid_1623|tid_752|tid_19|tid_453|tid_386
tid_1060,13.332058913749933,13.332058913749933,0,tid_1277|tid_1309|tid_1295|tid_1850|tid_2160|tid_2329|tid_2321|tid_1347|tid_1272|tid_1123|tid_1128|tid_1113|tid_2326|tid_1546|tid_1002
tid_1061,13.435551032428595,13.435551032428595,0,tid_2208|tid_1048|tid_2201|tid_1059|tid_1065|tid_1240|tid_1647|tid_453|tid_456|tid_1254|tid_1137|tid_386|tid_2212|tid_535|tid_2195
tid_1062,13.503969645760927,13.503969645760929,1.7763568394002505e-15,tid_2208|tid_1059|tid_19|tid_1048|tid_1055|tid_1623|tid_2204|tid_456|tid_2205|tid_1061|tid_242|tid_1052|tid_1168|tid_455|tid_2212
tid_1063,13.612908384176325,13.612908384176324,1.7763568394002505e-15,tid_2334|tid_903|tid_905|tid_739|tid_2336|tid_216|tid_1111|tid_1404|tid_1612|tid_2027|tid_913|tid_897|tid_911|tid_2886|tid_1066
tid_1064,12.852311161217589,12.852311161217589,0,tid_1602|tid_1657|tid_457|tid_765|tid_456|tid_1065|tid_1208|tid_900|tid_2212|tid_1607|tid_1647|tid_232|tid_1279|tid_1067|tid_1052
tid_1065,14.052411404003951,14.052411404003951,0,tid_1602|tid_1571|tid_1061|tid_1544|tid_2207|tid_701|tid_456|tid_2212|tid_2200|tid_2201|tid_2208|tid_2150|tid_1777|tid_2198|tid_1558
tid_1066,12.228299520281372,12.228299520281372,0,tid_219|tid_697|tid_216|tid_1146|tid_2334|tid_1770|tid_1285|tid_2039|tid_2027|tid_1143|tid_1063|tid_913|tid_911|tid_1047|tid_231
tid_1067,13.846320975886695,13.846320975886696,1.7763568394002505e-15,tid_710|tid_900|tid_457|tid_572|tid_1582|tid_2618|tid_1585|tid_1613|tid_1208|tid_1535|tid_2152|tid_2150|tid_1660|tid_2162|tid_2128
tid_1068,12.706874704007575,12.706874704007577,1.7763568394002505e-15,tid_2027|tid_1047|tid_2264|tid_1168|tid_1623|tid_1072|tid_913|tid_1066|tid_1768|tid_1308|tid_2039|tid_408|tid_1053|tid_216|tid_219
tid_1069,9.57527624309391,9.57527624309391,0,tid_233|tid_2151|tid_1124|tid_1057|tid_736|tid_1164|tid_1053|tid_1052|tid_1653|tid_230|tid_240|tid_1655|tid_1288|tid_773|tid_1122
tid_1070,13.446848152365188,13.446848152365188,0,tid_2230|tid_1393|tid_2231|tid_2232|tid_214|tid_1549|tid_208|tid_221|tid_217|tid_2211|tid_212|tid_2233|tid_1406|tid_222|tid_1143
tid_1071,16.344124937688221,16.344124937688221,0,tid_601|tid_459|tid_55|tid_1275|tid_1174|tid_581|tid_453|tid_1240|tid_397|tid_517|tid_589|tid_1249|tid_1054|tid_2192|tid_1142
tid_1072,12.706874704007575,12.706874704007577,1.7763568394002505e-15,tid_1047|tid_911|tid_216|tid_2027|tid_1066|tid_908|tid_897|tid_2340|tid_1063|tid_231|tid_214|tid_1143|tid_1068|tid_219|tid_230
tid_11,17.821923851996701,17.821923851996701,0,tid_1171|tid_405|tid_13|tid_8|tid_414|tid_16|tid_15|tid_17|tid_402|tid_388|tid_928|tid_12|tid_515|tid_379|tid_371
tid_1107,18.141780486327885,18.141780486327885,0,tid_2282|tid_1764|tid_2044|tid_2318|tid_2004|tid_1986|tid_1707|tid_988|tid_1135|tid_1527|tid_2000|tid_1303|tid_1877|tid_1410|tid_1140
tid_1108,13.373499475101557,13.373499475101555,1.7763568394002505e-15,tid_1610|tid_1712|tid_1125|tid_1903|tid_2059|tid_999|tid_1306|tid_1529|tid_923|tid_1780|tid_1868|tid_1004|tid_1731|tid_2322|tid_2315
tid_1109,14.24814685870157,14.24814685870157,0,tid_511|tid_1160|tid_992|tid_1906|tid_899|tid_1604|tid_2060|tid_2203|tid_3007|tid_2021|tid_1659|tid_1131|tid_2191|tid_1675|tid_2034
tid_1110,14.977813395069983,14.977813395069983,0,tid_1996|tid_2001|tid_2886|tid_1988|tid_1672|tid_211|tid_270|tid_1991|tid_2070|tid_2011|tid_1112|tid_891|tid_1990|tid_670|tid_1975
tid_1111,14.977813395069983,14.977813395069983,0,tid_1778|tid_2336|tid_1063|tid_2334|tid_903|tid_2007|tid_1788|tid_1631|tid_739|tid_1112|tid_1612|tid_270|tid_2278|tid_1221|tid_1549
tid_1112,15.0663978949636,15.0663978949636,0,tid_2062|tid_1996|tid_1709|tid_2002|tid_2311|tid_2287|tid_2310|tid_2333|tid_1778|tid_2011|tid_741|tid_2070|tid_677|tid_987|tid_270
tid_1113,13.518458096392273,13.518458096392273,0,tid_2321|tid_2055|tid_1776|tid_1002|tid_1123|tid_1115|tid_1329|tid_1686|tid_2058|tid_2330|tid_1869|tid_2325|tid_2329|tid_2052|tid_734
tid_1115,13.496937172178747,13.496937172178749,1.7763568394002505e-15,tid_1329|tid_1113|tid_1869|tid_2058|tid_1627|tid_1123|tid_1328|tid_1133|tid_2055|tid_1132|tid_2134|tid_2128|tid_2618|tid_2321|tid_1686
tid_1116,13.569931557786141,13.569931557786139,1.7763568394002505e-15,tid_2081|tid_2053|tid_307|tid_1889|tid_1530|tid_1554|tid_1034|tid_1884|tid_2129|tid_1773|tid_1755|tid_1722|tid_1910|tid_1712|tid_562
tid_1117,18.189410477464097,18.189410477464097,0,tid_1726|tid_2033|tid_2337|tid_2063|tid_2228|tid_1447|tid_1881|tid_1890|tid_1783|tid_2032|tid_1527|tid_1396|tid_448|tid_1490|tid_1764
tid_1118,15.159393980523239,15.159393980523239,0,tid_1128|tid_2112|tid_1123|tid_2145|tid_2321|tid_1133|tid_2134|tid_2178|tid_1113|tid_2138|tid_1115|tid_994|tid_1120|tid_2055|tid_1718
tid_1119,13.243362733342035,13.243362733342035,0,tid_1588|tid_1132|tid_1146|tid_697|tid_914|tid_1770|tid_1123|tid_2134|tid_1281|tid_745|tid_1066|tid_239|tid_1310|tid_280|tid_1655
tid_1120,12.88451160280626,12.88451160280626,0,tid_2055|tid_1002|tid_2329|tid_1878|tid_2321|tid_1127|tid_1686|tid_2330|tid_1776|tid_2324|tid_1923|tid_1701|tid_1113|tid_1692|tid_2325
tid_1121,13.995907181000277,13.995907181000277,0,tid_1129|tid_994|tid_1123|tid_2329|tid_1119|tid_1003|tid_1686|tid_1588|tid_2325|tid_2055|tid_1304|tid_1127|tid_2330|tid_1776|tid_1113
tid_1122,12.201276649267356,12.201276649267356,0,tid_1124|tid_1781|tid_1069|tid_233|tid_1057|tid_2151|tid_1128|tid_1164|tid_2138|tid_1312|tid_1655|tid_2134|tid_280|tid_1288|tid_1133
tid_1123,12.755161389955205,12.755161389955203,1.7763568394002505e-15,tid_1113|tid_1329|tid_1115|tid_2321|tid_2055|tid_2134|tid_1119|tid_1686|tid_1776|tid_2329|tid_914|tid_1002|tid_1588|tid_1132|tid_1133
tid_1124,13.368917157885507,13.368917157885509,1.7763568394002505e-15,tid_1122|tid_1069|tid_1781|tid_233|tid_2151|tid_1057|tid_1164|tid_736|tid_1288|tid_1655|tid_280|tid_1312|tid_1053|tid_764|tid_2138
tid_1125,14.018323195273164,14.018323195273164,0,tid_2322|tid_1731|tid_1785|tid_2327|tid_1610|tid_1308|tid_1108|tid_1627|tid_271|tid_1583|tid_2278|tid_1535|tid_2059|tid_1004|tid_1203
tid_1126,13.518458096392273,13.518458096392273,0,tid_1850|tid_1546|tid_1851|tid_2321|tid_2267|tid_1222|tid_1733|tid_1330|tid_553|tid_1542|tid_2178|tid_1868|tid_1113|tid_304|tid_2058
tid_1127,13.014137322746722,13.014137322746722,0,tid_2330|tid_2325|tid_2329|tid_1002|tid_1130|tid_1304|tid_734|tid_2326|tid_2055|tid_1329|tid_2324|tid_995|tid_1301|tid_2321|tid_2051
tid_1128,13.995907181000277,13.995907181000277,0,tid_1118|tid_1060|tid_1123|tid_994|tid_1129|tid_1121|tid_2134|tid_1309|tid_2160|tid_2138|tid_1113|tid_1119|tid_1069|tid_1133|tid_2321
tid_1129,13.2154430985149,13.2154430985149,0,tid_1121|tid_994|tid_1123|tid_2329|tid_1003|tid_1119|tid_1686|tid_1588|tid_1304|tid_2055|tid_1776|tid_2325|tid_1989|tid_1127|tid_1120
tid_1130,15.118383350927456,15.118383350927456,0,tid_1321|tid_2324|tid_1127|tid_2325|tid_2330|tid_995|tid_2051|tid_1304|tid_734|tid_2293|tid_999|tid_2297|tid_1861|tid_1270|tid_1634
tid_1131,16.951655137675004,16.951655137675004,0,tid_1659|tid_505|tid_1987|tid_1603|tid_677|tid_1675|tid_511|tid_2060|tid_2034|tid_1985|tid_2030|tid_1109|tid_767|tid_2041|tid_992
tid_1132,13.995907181000277,13.995907181000277,0,tid_1133|tid_2134|tid_1627|tid_1119|tid_1588|tid_2064|tid_1770|tid_2264|tid_1115|tid_2031|tid_2112|tid_1329|tid_1281|tid_914|tid_1123
tid_1133,12.732102712499916,12.732102712499916,0,tid_2134|tid_1132|tid_2112|tid_1115|tid_2138|tid_1281|tid_914|tid_1123|tid_1329|tid_1119|tid_1627|tid_1328|tid_2264|tid_2066|tid_1588
tid_1134,16.41362483518698,16.41362483518698,0,tid_666|tid_1971|tid_2190|tid_727|tid_1597|tid_2385|tid_2401|tid_21|tid_2390|tid_2435|tid_2386|tid_2450|tid_2453|tid_1979|tid_2451
tid_1135,18.046709713628562,18.046709713628559,3.5527136788005009e-15,tid_2000|tid_1233|tid_1190|tid_2004|tid_1236|tid_1107|tid_1764|tid_1140|tid_2281|tid_2282|tid_1258|tid_1243|tid_481|tid_26|tid_375
tid_1136,16.153046202882095,16.153046202882095,0,tid_2337|tid_2006|tid_2620|tid_224|tid_2621|tid_1586|tid_1231|tid_1993|tid_1764|tid_1527|tid_890|tid_1600|tid_1403|tid_667|tid_2032
tid_1137,15.833236138440654,15.833236138440654,0,tid_1139|tid_1609|tid_722|tid_2021|tid_2206|tid_535|tid_725|tid_2203|tid_1572|tid_2195|tid_1254|tid_1256|tid_1249|tid_2201|tid_1170
tid_1138,17.674167828839771,17.674167828839771,0,tid_680|tid_1540|tid_671|tid_450|tid_1009|tid_1577|tid_1526|tid_1765|tid_989|tid_1879|tid_2002|tid_2280|tid_1160|tid_1980|tid_1875
tid_1139,14.991302861013489,14.991302861013487,1.7763568394002505e-15,tid_1137|tid_1170|tid_722|tid_1142|tid_2203|tid_2191|tid_2021|tid_725|tid_455|tid_2195|tid_2206|tid_1109|tid_1609|tid_1572|tid_460
tid_1140,18.034320915224413,18.034320915224413,0,tid_2282|tid_1707|tid_1303|tid_38|tid_1169|tid_2251|tid_1668|tid_1107|tid_419|tid_2000|tid_1135|tid_676|tid_1238|tid_1008|tid_1986
tid_1141,15.497614358968658,15.497614358968658,0,tid_667|tid_2235|tid_1136|tid_2620|tid_2006|tid_674|tid_2224|tid_1231|tid_2621|tid_892|tid_218|tid_333|tid_1403|tid_207|tid_1993
tid_1142,15.068308832272571,15.068308832272573,1.7763568394002505e-15,tid_2191|tid_2194|tid_2192|tid_452|tid_2203|tid_1139|tid_1170|tid_1054|tid_1987|tid_581|tid_55|tid_1315|tid_725|tid_1137|tid_2024
tid_1143,11.95925614428559,11.95925614428559,0,tid_1066|tid_241|tid_697|tid_908|tid_216|tid_219|tid_214|tid_221|tid_223|tid_1770|tid_1146|tid_2334|tid_1072|tid_1285|tid_1786
tid_1144,13.106836133635081,13.106836133635079,1.7763568394002505e-15,tid_2198|tid_691|tid_2213|tid_449|tid_1208|tid_2204|tid_2150|tid_2207|tid_2132|tid_1590|tid_1544|tid_710|tid_1587|tid_712|tid_2618
tid_1146,12.571048365976068,12.571048365976068,0,tid_1056|tid_1285|tid_745|tid_1066|tid_1588|tid_2023|tid_697|tid_2316|tid_2304|tid_1119|tid_240|tid_219|tid_909|tid_1770|tid_1782
tid_1147,18.059646074483695,18.059646074483691,3.5527136788005009e-15,tid_1225|tid_1615|tid_1599|tid_301|tid_1246|tid_686|tid_1230|tid_81|tid_452|tid_1235|tid_1226|tid_374|tid_510|tid_757|tid_421
tid_1148,14.563688352590587,14.563688352590589,1.7763568394002505e-15,tid_2195|tid_460|tid_2201|tid_1170|tid_1254|tid_1159|tid_1137|tid_1139|tid_535|tid_1061|tid_555|tid_18|tid_2206|tid_515|tid_455
tid_1149,14.052411404003951,14.052411404003951,0,tid_1172|tid_1059|tid_459|tid_1048|tid_1240|tid_1062|tid_455|tid_20|tid_453|tid_2025|tid_1055|tid_1061|tid_2208|tid_321|tid_1623
tid_1150,16.95252337771802,16.95252337771802,0,tid_2391|tid_2432|tid_2449|tid_2386|tid_2406|tid_666|tid_2408|tid_2526|tid_2383|tid_2547|tid_2409|tid_354|tid_2210|tid_2433|tid_1620
tid_1151,16.912327174926702,16.912327174926702,0,tid_675|tid_780|tid_1138|tid_671|tid_1407|tid_766|tid_450|tid_1227|tid_680|tid_1978|tid_2005|tid_2008|tid_1981|tid_679|tid_1972
tid_1152,13.38934066245432,13.38934066245432,0,tid_848|tid_853|tid_2250|tid_1970|tid_857|tid_2345|tid_2244|tid_726|tid_720|tid_318|tid_316|tid_875|tid_332|tid_888|tid_615
tid_1153,19.580332582281624,19.580332582281624,0,tid_370|tid_1726|tid_1881|tid_1|tid_1163|tid_1117|tid_841|tid_813|tid_927|tid_6|tid_1315|tid_1563|tid_3009|tid_371|tid_2063
tid_1154,14.411301098331798,14.411301098331798,0,tid_1988|tid_675|tid_1973|tid_2155|tid_1227|tid_1975|tid_2886|tid_2015|tid_585|tid_751|tid_2045|tid_2001|tid_909|tid_1996|tid_741
tid_1155,14.052411404003951,14.052411404003951,0,tid_455|tid_2208|tid_460|tid_17|tid_14|tid_1170|tid_1139|tid_1062|tid_2202|tid_1059|tid_2199|tid_2204|tid_1061|tid_2201|tid_1148
tid_1157,14.05035363012146,14.05035363012146,0,tid_1392|tid_208|tid_1975|tid_2158|tid_213|tid_217|tid_694|tid_2234|tid_1583|tid_1595|tid_2045|tid_2189|tid_223|tid_1988|tid_1989
tid_1158,16.150687817228615,16.150687817228615,0,tid_2041|tid_714|tid_1612|tid_511|tid_1604|tid_1404|tid_677|tid_992|tid_1611|tid_905|tid_1619|tid_1316|tid_518|tid_739|tid_1778
tid_1159,15.866062292212057,15.866062292212057,0,tid_515|tid_1240|tid_1170|tid_1254|tid_18|tid_1148|tid_20|tid_453|tid_1572|tid_2195|tid_386|tid_455|tid_397|tid_17|tid_2021
tid_1160,17.674167828839771,17.674167828839771,0,tid_1413|tid_992|tid_1540|tid_899|tid_1109|tid_1876|tid_2167|tid_2002|tid_2333|tid_511|tid_680|tid_2060|tid_2062|tid_2047|tid_1875
tid_1161,15.295229951579991,15.295229951579993,1.7763568394002505e-15,tid_2019|tid_1232|tid_1051|tid_1987|tid_2199|tid_905|tid_1659|tid_767|tid_725|tid_677|tid_1404|tid_2030|tid_511|tid_1158|tid_1131
tid_1163,17.776511868482125,17.776511868482125,0,tid_1160|tid_1604|tid_511|tid_1109|tid_1020|tid_2167|tid_1413|tid_992|tid_2002|tid_1131|tid_1906|tid_1638|tid_2047|tid_677|tid_2062
tid_1164,11.939480875614695,11.939480875614697,1.7763568394002505e-15,tid_233|tid_1057|tid_1143|tid_902|tid_2151|tid_908|tid_241|tid_230|tid_1119|tid_284|tid_1066|tid_1047|tid_1072|tid_697|tid_1588
tid_1165,14.424193880282953,14.424193880282951,1.7763568394002505e-15,tid_333|tid_2236|tid_2232|tid_1519|tid_1518|tid_1509|tid_2248|tid_2224|tid_2241|tid_2230|tid_2229|tid_1406|tid_2225|tid_222|tid_2218
tid_1166,15.90877330277538,15.90877330277538,0,tid_695|tid_705|tid_2196|tid_2206|tid_1421|tid_1774|tid_1024|tid_2213|tid_711|tid_1257|tid_1204|tid_1888|tid_1167|tid_714|tid_1604
tid_1167,15.785393988897955,15.785393988897956,1.7763568394002505e-15,tid_2041|tid_1638|tid_1256|tid_1604|tid_1611|tid_2030|tid_714|tid_2206|tid_723|tid_1257|tid_1696|tid_677|tid_1628|tid_1630|tid_511
tid_1168,13.061995498769363,13.061995498769363,0,tid_2027|tid_1612|tid_360|tid_2039|tid_1308|tid_1631|tid_913|tid_1623|tid_216|tid_1158|tid_1535|tid_449|tid_2204|tid_2264|tid_714
tid_1169,18.034320915224413,18.034320915224413,0,tid_1140|tid_1238|tid_1303|tid_38|tid_2282|tid_2251|tid_1575|tid_419|tid_679|tid_1525|tid_1707|tid_1229|tid_2000|tid_1236|tid_676
tid_1170,15.833236138440654,15.833236138440654,0,tid_515|tid_1139|tid_2203|tid_1142|tid_455|tid_1137|tid_2191|tid_1254|tid_453|tid_460|tid_2194|tid_397|tid_2195|tid_2021|tid_1609
tid_1171,17.207411816896112,17.207411816896112,0,tid_13|tid_11|tid_16|tid_405|tid_1159|tid_414|tid_515|tid_8|tid_17|tid_371|tid_607|tid_388|tid_402|tid_20|tid_12
tid_1172,14.165547319370519,14.165547319370519,0,tid_459|tid_1149|tid_16|tid_20|tid_455|tid_453|tid_458|tid_515|tid_2202|tid_1240|tid_1059|tid_1155|tid_1048|tid_272|tid_2199
tid_1173,15.556639232266157,15.556639232266155,1.7763568394002505e-15,tid_529|tid_1246|tid_692|tid_696|tid_685|tid_301|tid_1251|tid_45|tid_74|tid_1018|tid_36|tid_1666|tid_361|tid_369|tid_598
tid_1174,16.198258058723169,16.198258058723169,0,tid_1178|tid_1275|tid_1192|tid_1249|tid_601|tid_55|tid_1254|tid_453|tid_2202|tid_46|tid_79|tid_459|tid_517|tid_366|tid_593
tid_1175,16.164628304606367,16.164628304606367,0,tid_79|tid_40|tid_71|tid_81|tid_53|tid_60|tid_517|tid_593|tid_601|tid_42|tid_50|tid_51|tid_421|tid_357|tid_498
tid_1176,16.001754736162876,16.001754736162876,0,tid_775|tid_785|tid_1971|tid_21|tid_1186|tid_727|tid_1134|tid_842|tid_782|tid_1632|tid_418|tid_666|tid_777|tid_2190|tid_1597
tid_1178,16.344124937688221,16.344124937688221,0,tid_1174|tid_366|tid_1192|tid_1275|tid_383|tid_79|tid_744|tid_2885|tid_60|tid_1249|tid_1603|tid_1675|tid_443|tid_55|tid_397
tid_1179,18.550602973701636,18.55060297370164,3.5527136788005009e-15,tid_2288|tid_1260|tid_741|tid_670|tid_987|tid_1978|tid_2008|tid_2005|tid_1990|tid_2280|tid_2289|tid_1974|tid_1234|tid_1875|tid_1334
tid_1180,15.143584448511005,15.143584448511003,1.7763568394002505e-15,tid_585|tid_2335|tid_2148|tid_1184|tid_1973|tid_1992|tid_878|tid_1672|tid_1259|tid_508|tid_798|tid_2297|tid_2001|tid_1976|tid_741
tid_1181,16.639172651111743,16.639172651111743,0,tid_1197|tid_754|tid_508|tid_731|tid_584|tid_44|tid_1234|tid_420|tid_2008|tid_1187|tid_763|tid_2289|tid_748|tid_738|tid_1252
tid_1184,12.840588085831438,12.840588085831438,0,tid_883|tid_234|tid_891|tid_1672|tid_844|tid_878|tid_2146|tid_2148|tid_873|tid_585|tid_2886|tid_741|tid_236|tid_211|tid_229
tid_1185,11.337014637566845,11.337014637566844,1.7763568394002505e-15,tid_807|tid_1265|tid_1193|tid_795|tid_1191|tid_22|tid_584|tid_874|tid_440|tid_1302|tid_2149|tid_1293|tid_1294|tid_1187|tid_2215
tid_1186,16.714467486891117,16.714467486891117,0,tid_785|tid_727|tid_21|tid_354|tid_666|tid_1134|tid_1176|tid_1971|tid_1150|tid_355|tid_872|tid_1632|tid_1597|tid_782|tid_2190
tid_1187,16.349919191706718,16.349919191706718,0,tid_584|tid_1191|tid_2885|tid_1197|tid_440|tid_754|tid_1181|tid_1193|tid_579|tid_505|tid_2809|tid_1302|tid_22|tid_748|tid_767
tid_1188,17.381285270899216,17.381285270899216,0,tid_2144|tid_2000|tid_1190|tid_2275|tid_1632|tid_1224|tid_504|tid_2281|tid_1135|tid_2161|tid_1258|tid_1874|tid_727|tid_1233|tid_1979
tid_1189,13.005260356633253,13.005260356633253,0,tid_242|tid_1625|tid_235|tid_771|tid_1654|tid_554|tid_2212|tid_758|tid_2215|tid_1192|tid_1268|tid_603|tid_2030|tid_1193|tid_737
tid_1190,18.046709713628562,18.046709713628559,3.5527136788005009e-15,tid_1258|tid_1135|tid_2000|tid_504|tid_1224|tid_2275|tid_1233|tid_2281|tid_1665|tid_1188|tid_2004|tid_1977|tid_1107|tid_1874|tid_1979
tid_1191,13.357543222546763,13.357543222546765,1.7763568394002505e-15,tid_584|tid_1187|tid_440|tid_738|tid_2885|tid_1193|tid_1302|tid_744|tid_65|tid_806|tid_1197|tid_754|tid_22|tid_1178|tid_805
tid_1192,13.719981653179559,13.719981653179561,1.7763568394002505e-15,tid_1275|tid_1178|tid_1174|tid_1189|tid_1249|tid_1654|tid_1625|tid_1196|tid_1193|tid_758|tid_2215|tid_1603|tid_771|tid_744|tid_737
tid_1193,14.427391903511143,14.427391903511143,0,tid_440|tid_737|tid_1302|tid_1265|tid_283|tid_1191|tid_1654|tid_2215|tid_398|tid_1189|tid_1192|tid_1625|tid_744|tid_505|tid_1262
tid_1194,13.53644670905798,13.53644670905798,0,tid_34|tid_2286|tid_52|tid_731|tid_435|tid_431|tid_72|tid_391|tid_41|tid_69|tid_1691|tid_387|tid_83|tid_491|tid_80
tid_1195,13.600700407448564,13.600700407448564,0,tid_547|tid_1909|tid_446|tid_536|tid_1897|tid_833|tid_435|tid_1693|tid_683|tid_391|tid_428|tid_533|tid_52|tid_1606|tid_1944
tid_1196,14.161664702990029,14.161664702990029,0,tid_2017|tid_443|tid_737|tid_758|tid_1192|tid_425|tid_444|tid_744|tid_1625|tid_738|tid_434|tid_381|tid_1654|tid_440|tid_806
tid_1197,17.298074854807478,17.298074854807478,0,tid_1181|tid_754|tid_584|tid_1187|tid_763|tid_1191|tid_508|tid_2809|tid_44|tid_420|tid_881|tid_509|tid_748|tid_3011|tid_1234
tid_1198,17.049628860233579,17.049628860233579,0,tid_2101|tid_1560|tid_2164|tid_1397|tid_986|tid_1410|tid_1845|tid_2044|tid_1620|tid_2808|tid_1496|tid_2392|tid_1488|tid_1480|tid_1523
tid_12,18.903230175391084,18.903230175391084,0,tid_10|tid_693|tid_388|tid_928|tid_2063|tid_8|tid_507|tid_379|tid_2119|tid_448|tid_581|tid_2033|tid_2192|tid_757|tid_1600
tid_1200,14.952428048659883,14.952428048659884,1.7763568394002505e-15,tid_1912|tid_1316|tid_1015|tid_1785|tid_1414|tid_271|tid_1429|tid_2111|tid_1710|tid_2007|tid_1583|tid_1780|tid_1209|tid_1422|tid_1530
tid_1201,14.114063589872995,14.114063589872996,1.7763568394002505e-15,tid_1590|tid_1582|tid_1584|tid_2118|tid_1857|tid_1214|tid_1581|tid_710|tid_2132|tid_2066|tid_1067|tid_1203|tid_2117|tid_1208|tid_2618
tid_1203,14.632925533265384,14.632925533265384,0,tid_451|tid_2118|tid_1308|tid_2120|tid_2126|tid_1785|tid_1125|tid_1581|tid_1221|tid_2183|tid_2064|tid_2327|tid_1769|tid_1627|tid_2322
tid_1204,13.282222184341075,13.282222184341077,1.7763568394002505e-15,tid_1784|tid_1901|tid_2046|tid_715|tid_1774|tid_1888|tid_1594|tid_2139|tid_1024|tid_1722|tid_1421|tid_1773|tid_2053|tid_1910|tid_1530
tid_1205,14.137041295140218,14.137041295140218,0,tid_1594|tid_1784|tid_2142|tid_2140|tid_1218|tid_1862|tid_2129|tid_1907|tid_307|tid_1204|tid_1415|tid_1910|tid_1773|tid_2068|tid_1896
tid_1206,14.690527774882177,14.690527774882176,1.7763568394002505e-15,tid_1589|tid_2105|tid_2189|tid_1219|tid_1912|tid_2171|tid_2111|tid_2174|tid_2593|tid_2182|tid_2183|tid_1200|tid_1708|tid_1478|tid_2124
tid_1207,15.230501855647249,15.230501855647248,1.7763568394002505e-15,tid_920|tid_1846|tid_1422|tid_1209|tid_2048|tid_2113|tid_1025|tid_1005|tid_1427|tid_1414|tid_1429|tid_1883|tid_1019|tid_1618|tid_899
tid_1208,11.097910515646635,11.097910515646635,0,tid_710|tid_1067|tid_1144|tid_457|tid_2198|tid_1613|tid_456|tid_765|tid_2207|tid_1607|tid_1582|tid_2150|tid_1590|tid_1320|tid_1064
tid_1209,15.230501855647249,15.230501855647248,1.7763568394002505e-15,tid_2113|tid_1005|tid_1207|tid_1785|tid_1422|tid_2183|tid_1494|tid_1316|tid_920|tid_2048|tid_1221|tid_1200|tid_1429|tid_1414|tid_1019
tid_1210,14.013559590833413,14.013559590833411,1.7763568394002505e-15,tid_1872|tid_1426|tid_2182|tid_294|tid_1025|tid_1856|tid_1419|tid_1019|tid_1415|tid_2171|tid_1207|tid_1714|tid_920|tid_2080|tid_1030
tid_1211,15.736556892004906,15.736556892004906,0,tid_1592|tid_1895|tid_1026|tid_2287|tid_1414|tid_2333|tid_987|tid_1883|tid_308|tid_303|tid_1846|tid_1708|tid_1899|tid_2710|tid_1422
tid_1212,19.618066173322735,19.618066173322731,3.5527136788005009e-15,tid_2168|tid_2188|tid_1577|tid_1563|tid_991|tid_1879|tid_1553|tid_1526|tid_1009|tid_2619|tid_1539|tid_1540|tid_2186|tid_2167|tid_1876
tid_1213,15.601154680689611,15.601154680689612,1.7763568394002505e-15,tid_2137|tid_2110|tid_2171|tid_2117|tid_2182|tid_2068|tid_2183|tid_2126|tid_1774|tid_2139|tid_1219|tid_1203|tid_2133|tid_2120|tid_2046
tid_1214,14.779431750955329,14.779431750955329,0,tid_2132|tid_2066|tid_2064|tid_1627|tid_1857|tid_1718|tid_2618|tid_993|tid_1312|tid_1590|tid_1201|tid_2118|tid_1310|tid_2134|tid_710
tid_1215,14.511819932117277,14.511819932117277,0,tid_1328|tid_1873|tid_1220|tid_1869|tid_2052|tid_2068|tid_1853|tid_1306|tid_1903|tid_2114|tid_1984|tid_2118|tid_2128|tid_1894|tid_1581
tid_1217,13.555851053335587,13.555851053335587,0,tid_1423|tid_1727|tid_2129|tid_2140|tid_1622|tid_1856|tid_307|tid_1429|tid_1017|tid_1034|tid_1116|tid_1554|tid_1626|tid_1223|tid_1846
tid_1218,15.049649103303842,15.049649103303842,0,tid_2140|tid_2113|tid_2129|tid_2139|tid_1594|tid_1910|tid_1862|tid_1429|tid_1769|tid_1785|tid_1205|tid_2059|tid_1415|tid_1423|tid_1587
tid_1219,14.092404842694449,14.092404842694448,1.7763568394002505e-15,tid_1206|tid_2105|tid_2174|tid_2171|tid_2180|tid_2111|tid_2189|tid_1213|tid_1589|tid_2182|tid_2183|tid_2126|tid_2176|tid_1894|tid_1583
tid_1220,15.39166695091585,15.39166695091585,0,tid_1215|tid_1328|tid_2125|tid_1869|tid_1873|tid_2068|tid_2116|tid_2133|tid_2065|tid_2162|tid_2052|tid_1594|tid_1853|tid_1860|tid_1854
tid_1221,15.153545627968112,15.153545627968112,0,tid_1785|tid_2113|tid_2183|tid_2007|tid_1209|tid_1316|tid_451|tid_913|tid_1203|tid_1983|tid_2120|tid_1308|tid_1788|tid_1612|tid_1631
tid_1222,12.941776144187767,12.941776144187768,1.7763568394002505e-15,tid_1737|tid_2267|tid_2181|tid_1755|tid_2175|tid_1855|tid_1034|tid_1851|tid_1852|tid_1868|tid_1534|tid_2125|tid_1773|tid_1884|tid_1853
tid_1223,14.345782926484695,14.345782926484697,1.7763568394002505e-15,tid_1848|tid_2185|tid_1755|tid_2184|tid_307|tid_2077|tid_1423|tid_1856|tid_1564|tid_1116|tid_1016|tid_1034|tid_1884|tid_1941|tid_1722
tid_1224,17.381285270899216,17.381285270899216,0,tid_1977|tid_2275|tid_2161|tid_1190|tid_504|tid_1598|tid_2144|tid_1258|tid_1979|tid_727|tid_1233|tid_1523|tid_1135|tid_2000|tid_1188
tid_1225,18.049829371369896,18.049829371369896,0,tid_1235|tid_1147|tid_452|tid_1226|tid_1599|tid_1230|tid_1615|tid_756|tid_1228|tid_1995|tid_2034|tid_686|tid_1985|tid_1241|tid_3007
tid_1226,17.983581168556185,17.983581168556185,0,tid_1599|tid_452|tid_1235|tid_989|tid_686|tid_1586|tid_1230|tid_2252|tid_1668|tid_1919|tid_1995|tid_1225|tid_1229|tid_1985|tid_1980
tid_1227,16.912327174926702,16.912327174926702,0,tid_1972|tid_2012|tid_2008|tid_2155|tid_1608|tid_1252|tid_1978|tid_741|tid_2310|tid_675|tid_1241|tid_2300|tid_1154|tid_2311|tid_1973
tid_1228,17.917138442037505,17.917138442037505,0,tid_1241|tid_1237|tid_1252|tid_2060|tid_2311|tid_1904|tid_1235|tid_505|tid_599|tid_2034|tid_1262|tid_1225|tid_756|tid_1985|tid_1978
tid_1229,18.063627626155455,18.063627626155451,3.5527136788005009e-15,tid_1238|tid_1234|tid_679|tid_1980|tid_2252|tid_2289|tid_748|tid_1974|tid_1226|tid_1235|tid_509|tid_1919|tid_1333|tid_2280|tid_2288
tid_1230,19.071455636878532,19.071455636878529,3.5527136788005009e-15,tid_686|tid_1599|tid_1226|tid_1333|tid_1586|tid_1243|tid_676|tid_452|tid_1225|tid_757|tid_2620|tid_509|tid_1995|tid_2809|tid_510
tid_1231,15.497614358968658,15.497614358968658,0,tid_892|tid_2620|tid_2006|tid_2621|tid_1136|tid_224|tid_1993|tid_229|tid_667|tid_1981|tid_1974|tid_2005|tid_2279|tid_748|tid_1999
tid_1232,15.679038975260928,15.679038975260928,0,tid_767|tid_2019|tid_1161|tid_237|tid_1987|tid_905|tid_1985|tid_677|tid_2011|tid_1404|tid_1131|tid_2336|tid_1051|tid_450|tid_603
tid_1233,18.010378013093199,18.010378013093199,0,tid_1135|tid_1190|tid_1243|tid_2000|tid_1258|tid_26|tid_1236|tid_1224|tid_224|tid_1764|tid_2004|tid_2281|tid_2193|tid_1665|tid_1107
tid_1234,19.071455636878532,19.071455636878529,3.5527136788005009e-15,tid_1229|tid_748|tid_1238|tid_2289|tid_1974|tid_3011|tid_509|tid_44|tid_2008|tid_380|tid_1995|tid_1333|tid_1978|tid_2252|tid_754
tid_1235,17.104361319878581,17.104361319878581,0,tid_1225|tid_2034|tid_1226|tid_1995|tid_1985|tid_452|tid_2252|tid_1234|tid_2311|tid_756|tid_1228|tid_1229|tid_2060|tid_748|tid_1599
tid_1236,18.749892424998716,18.74989242499872,3.5527136788005009e-15,tid_2279|tid_422|tid_1135|tid_1986|tid_763|tid_509|tid_2004|tid_3011|tid_679|tid_368|tid_748|tid_2000|tid_1238|tid_380|tid_1140
tid_1237,17.917138442037505,17.917138442037505,0,tid_1228|tid_2036|tid_2311|tid_2042|tid_2060|tid_2287|tid_505|tid_1904|tid_1252|tid_1241|tid_1262|tid_2310|tid_1629|tid_677|tid_1624
tid_1238,17.521963626436921,17.521963626436921,0,tid_1229|tid_1234|tid_509|tid_44|tid_679|tid_2289|tid_1169|tid_3011|tid_1333|tid_380|tid_422|tid_2252|tid_1236|tid_38|tid_1140
tid_1240,14.09187525195148,14.09187525195148,0,tid_453|tid_386|tid_1061|tid_1048|tid_20|tid_1572|tid_455|tid_1254|tid_1558|tid_459|tid_1159|tid_2208|tid_272|tid_1059|tid_1623
tid_1241,17.917138442037505,17.917138442037505,0,tid_1252|tid_1228|tid_756|tid_1904|tid_2012|tid_574|tid_2300|tid_1972|tid_1237|tid_1235|tid_2311|tid_2034|tid_1629|tid_2301|tid_505
tid_1242,15.287743104080942,15.287743104080942,0,tid_1614|tid_1547|tid_1573|tid_571|tid_2152|tid_1571|tid_2127|tid_1580|tid_699|tid_1543|tid_2156|tid_1253|tid_706|tid_1345|tid_1897
tid_1243,18.931148305396704,18.931148305396704,0,tid_757|tid_507|tid_686|tid_26|tid_1233|tid_1135|tid_375|tid_676|tid_278|tid_1600|tid_1230|tid_1008|tid_693|tid_76|tid_448
tid_1244,13.410955866045683,13.410955866045684,1.7763568394002505e-15,tid_747|tid_2015|tid_2036|tid_904|tid_2042|tid_1624|tid_1533|tid_2157|tid_1766|tid_1596|tid_1356|tid_1611|tid_1557|tid_1656|tid_751
tid_1246,15.898516657210028,15.898516657210028,0,tid_529|tid_1249|tid_1254|tid_598|tid_685|tid_1609|tid_1147|tid_535|tid_1225|tid_45|tid_36|tid_517|tid_1251|tid_301|tid_361
tid_1249,14.992045939549147,14.992045939549149,1.7763568394002505e-15,tid_1609|tid_535|tid_1254|tid_1246|tid_591|tid_1621|tid_1137|tid_1174|tid_1192|tid_1603|tid_1178|tid_1625|tid_599|tid_603|tid_744
tid_1250,16.260268847787884,16.260268847787884,0,tid_2235|tid_2231|tid_1905|tid_218|tid_912|tid_2019|tid_2607|tid_1141|tid_222|tid_1054|tid_667|tid_2813|tid_2192|tid_1161|tid_674
tid_1251,14.635673052402186,14.635673052402186,0,tid_685|tid_1573|tid_692|tid_1621|tid_1532|tid_719|tid_683|tid_1566|tid_529|tid_1689|tid_1256|tid_760|tid_1033|tid_1543|tid_1628
tid_1252,17.917138442037505,17.917138442037505,0,tid_1241|tid_756|tid_1972|tid_1228|tid_505|tid_2012|tid_2008|tid_738|tid_754|tid_1227|tid_1237|tid_1235|tid_1978|tid_1262|tid_1904
tid_1253,13.916893793054786,13.916893793054786,0,tid_1543|tid_1614|tid_562|tid_1547|tid_2257|tid_1537|tid_2053|tid_1637|tid_706|tid_2094|tid_1897|tid_1566|tid_1420|tid_1628|tid_1416
tid_1254,14.992045939549147,14.992045939549149,1.7763568394002505e-15,tid_1609|tid_535|tid_1249|tid_1137|tid_2195|tid_2201|tid_1246|tid_1170|tid_453|tid_1174|tid_2203|tid_1572|tid_397|tid_1240|tid_599
tid_1256,15.785393988897955,15.785393988897956,1.7763568394002505e-15,tid_1621|tid_1628|tid_2206|tid_1611|tid_1167|tid_1630|tid_1570|tid_1544|tid_2041|tid_722|tid_2295|tid_2030|tid_1137|tid_1421|tid_1257
tid_1257,14.767750126380053,14.767750126380053,0,tid_1167|tid_512|tid_1256|tid_723|tid_2213|tid_711|tid_769|tid_1628|tid_2028|tid_2206|tid_704|tid_2041|tid_714|tid_1533|tid_668
tid_1258,17.832679262362493,17.832679262362493,0,tid_504|tid_1190|tid_1665|tid_2275|tid_1224|tid_1233|tid_2210|tid_362|tid_1135|tid_26|tid_2281|tid_355|tid_727|tid_1632|tid_2000
tid_1259,16.542689821856293,16.542689821856293,0,tid_1334|tid_482|tid_508|tid_2335|tid_2303|tid_1694|tid_1670|tid_1608|tid_1179|tid_987|tid_1592|tid_731|tid_303|tid_559|tid_1700
tid_1260,18.019591766807807,18.019591766807807,0,tid_2005|tid_2288|tid_1179|tid_1990|tid_1974|tid_2010|tid_2320|tid_670|tid_741|tid_2008|tid_1999|tid_2289|tid_1978|tid_1234|tid_1407
tid_1261,12.962448201097331,12.962448201097333,1.7763568394002505e-15,tid_1656|tid_543|tid_1356|tid_737|tid_1302|tid_1293|tid_398|tid_2314|tid_2149|tid_1697|tid_1294|tid_2292|tid_545|tid_1948|tid_559
tid_1262,15.085013496272248,15.085013496272248,0,tid_543|tid_1302|tid_382|tid_737|tid_559|tid_1904|tid_545|tid_505|tid_440|tid_1237|tid_530|tid_383|tid_1252|tid_1228|tid_1241
tid_1264,12.31658302534222,12.31658302534222,0,tid_606|tid_47|tid_395|tid_1274|tid_696|tid_607|tid_517|tid_598|tid_48|tid_372|tid_364|tid_63|tid_593|tid_46|tid_68
tid_1265,12.494731723131803,12.494731723131803,0,tid_1193|tid_283|tid_737|tid_1293|tid_1294|tid_1185|tid_440|tid_1261|tid_1302|tid_497|tid_398|tid_444|tid_543|tid_1697|tid_235
tid_1266,12.57584310866735,12.57584310866735,0,tid_2054|tid_1279|tid_489|tid_2152|tid_1646|tid_904|tid_2037|tid_1301|tid_572|tid_1268|tid_1288|tid_275|tid_1340|tid_1596|tid_285
tid_1267,11.552449547172516,11.552449547172516,0,tid_1297|tid_880|tid_1282|tid_852|tid_859|tid_907|tid_2342|tid_882|tid_556|tid_1966|tid_796|tid_877|tid_854|tid_602|tid_542
tid_1268,11.914159329446639,11.91415932944664,1.7763568394002505e-15,tid_1279|tid_235|tid_275|tid_2023|tid_1646|tid_2205|tid_1189|tid_904|tid_242|tid_1766|tid_232|tid_457|tid_900|tid_1053|tid_901
tid_1269,13.365037393689461,13.365037393689461,0,tid_567|tid_1299|tid_557|tid_2022|tid_2054|tid_2037|tid_761|tid_525|tid_1313|tid_1272|tid_437|tid_1311|tid_532|tid_285|tid_2127
tid_1270,13.255995283646826,13.255995283646826,0,tid_2297|tid_1878|tid_2326|tid_2330|tid_1130|tid_2324|tid_1127|tid_734|tid_1574|tid_1692|tid_1305|tid_2325|tid_2253|tid_2035|tid_1947
tid_1271,13.191502943147771,13.191502943147771,0,tid_1311|tid_1355|tid_566|tid_525|tid_1350|tid_541|tid_1346|tid_1323|tid_428|tid_1345|tid_2260|tid_2127|tid_1273|tid_563|tid_549
tid_1272,10.953237410071948,10.953237410071948,0,tid_2154|tid_1295|tid_1301|tid_1287|tid_1664|tid_2037|tid_1277|tid_2326|tid_493|tid_1644|tid_567|tid_1299|tid_1284|tid_1330|tid_437
tid_1273,13.615570353322903,13.615570353322903,0,tid_1271|tid_1311|tid_1350|tid_533|tid_1606|tid_428|tid_2078|tid_1355|tid_566|tid_1291|tid_563|tid_1918|tid_541|tid_2268|tid_525
tid_1274,13.336329780403222,13.336329780403222,0,tid_696|tid_1635|tid_598|tid_46|tid_2305|tid_519|tid_1335|tid_1352|tid_441|tid_1358|tid_273|tid_1296|tid_36|tid_569|tid_68
tid_1275,14.746734746734735,14.746734746734736,1.7763568394002505e-15,tid_1192|tid_1174|tid_1178|tid_1603|tid_2885|tid_2215|tid_55|tid_1193|tid_1249|tid_601|tid_397|tid_599|tid_806|tid_383|tid_1659
tid_1276,11.504428643804276,11.504428643804276,0,tid_1649|tid_1298|tid_1278|tid_746|tid_2292|tid_531|tid_1289|tid_1636|tid_787|tid_561|tid_795|tid_1337|tid_2163|tid_2149|tid_1284
tid_1277,9.752821063944106,9.752821063944106,0,tid_1295|tid_1272|tid_2154|tid_1287|tid_1644|tid_1060|tid_2022|tid_1299|tid_1664|tid_774|tid_2326|tid_1653|tid_493|tid_2037|tid_898
tid_1278,12.055408647531651,12.055408647531651,0,tid_1298|tid_1649|tid_746|tid_1300|tid_2292|tid_1276|tid_1343|tid_548|tid_1337|tid_1730|tid_531|tid_1280|tid_561|tid_552|tid_2159
tid_1279,10.322353696108477,10.322353696108475,1.7763568394002505e-15,tid_1268|tid_1646|tid_275|tid_1266|tid_904|tid_457|tid_2152|tid_900|tid_235|tid_2023|tid_232|tid_1067|tid_1585|tid_2054|tid_2205
tid_1280,11.843187692873025,11.843187692873023,1.7763568394002505e-15,tid_1337|tid_531|tid_1338|tid_1340|tid_1663|tid_1278|tid_1730|tid_2332|tid_2302|tid_548|tid_2308|tid_3012|tid_1298|tid_538|tid_1292
tid_1281,13.995907181000277,13.995907181000277,0,tid_914|tid_1610|tid_1588|tid_572|tid_2128|tid_1329|tid_1119|tid_1132|tid_1301|tid_1133|tid_1288|tid_1115|tid_2264|tid_745|tid_2316
tid_1282,16.356863855826418,16.356863855826418,0,tid_602|tid_583|tid_1662|tid_880|tid_556|tid_882|tid_796|tid_1267|tid_1297|tid_852|tid_859|tid_708|tid_791|tid_442|tid_2342
tid_1284,11.798848354397773,11.798848354397771,1.7763568394002505e-15,tid_531|tid_528|tid_2163|tid_2154|tid_1644|tid_1298|tid_1261|tid_746|tid_437|tid_774|tid_1280|tid_1340|tid_489|tid_2292|tid_424
tid_1285,12.571048365976068,12.571048365976068,0,tid_1146|tid_2334|tid_745|tid_697|tid_1066|tid_1056|tid_2316|tid_739|tid_903|tid_219|tid_1770|tid_1782|tid_2015|tid_909|tid_1063
tid_1286,13.745987001800962,13.745987001800962,0,tid_1688|tid_1310|tid_522|tid_2304|tid_1579|tid_1776|tid_993|tid_2294|tid_1655|tid_743|tid_715|tid_723|tid_1650|tid_2332|tid_2328
tid_1287,10.380208192021412,10.380208192021412,0,tid_1301|tid_1056|tid_2154|tid_1272|tid_1644|tid_745|tid_774|tid_1146|tid_743|tid_1288|tid_1653|tid_898|tid_280|tid_2304|tid_1284
tid_1288,13.29302129319645,13.29302129319645,0,tid_280|tid_1655|tid_1266|tid_1281|tid_1287|tid_2160|tid_2037|tid_1301|tid_2054|tid_1279|tid_1660|tid_572|tid_1664|tid_914|tid_1588
tid_1289,13.602764583444515,13.602764583444516,1.7763568394002505e-15,tid_58|tid_561|tid_438|tid_424|tid_444|tid_425|tid_429|tid_434|tid_43|tid_1276|tid_2017|tid_65|tid_442|tid_1196|tid_501
tid_1290,10.056047096348353,10.056047096348353,0,tid_1653|tid_281|tid_2304|tid_2018|tid_774|tid_898|tid_752|tid_1644|tid_773|tid_398|tid_1326|tid_736|tid_2314|tid_1646|tid_1650
tid_1291,14.213635129695689,14.213635129695689,0,tid_1327|tid_1319|tid_434|tid_761|tid_433|tid_533|tid_550|tid_442|tid_1335|tid_525|tid_429|tid_1273|tid_539|tid_1271|tid_561
tid_1292,12.599081681971969,12.599081681971969,0,tid_1340|tid_1356|tid_554|tid_521|tid_2159|tid_1345|tid_2152|tid_571|tid_489|tid_2315|tid_544|tid_1656|tid_560|tid_1646|tid_1661
tid_1293,11.281409703018763,11.281409703018763,0,tid_1294|tid_527|tid_1261|tid_1265|tid_2314|tid_1656|tid_1633|tid_70|tid_398|tid_1624|tid_737|tid_2276|tid_1697|tid_1302|tid_1262
tid_1294,14.065985873399377,14.065985873399375,1.7763568394002505e-15,tid_1293|tid_497|tid_1261|tid_1265|tid_527|tid_543|tid_432|tid_737|tid_424|tid_1302|tid_1262|tid_1284|tid_1634|tid_440|tid_559
tid_1295,10.953237410071948,10.953237410071948,0,tid_1277|tid_1272|tid_493|tid_1287|tid_2326|tid_1301|tid_1644|tid_2154|tid_1664|tid_1574|tid_743|tid_2330|tid_774|tid_1284|tid_1270
tid_1296,13.423825552465974,13.423825552465974,0,tid_564|tid_560|tid_1358|tid_519|tid_1345|tid_441|tid_571|tid_1300|tid_760|tid_433|tid_2317|tid_569|tid_541|tid_1661|tid_1343
tid_1297,11.552449547172516,11.552449547172516,0,tid_1267|tid_2342|tid_859|tid_880|tid_1282|tid_1966|tid_852|tid_879|tid_855|tid_556|tid_319|tid_1662|tid_907|tid_583|tid_877
tid_1298,11.798848354397773,11.798848354397771,1.7763568394002505e-15,tid_1278|tid_746|tid_1276|tid_1649|tid_2159|tid_2163|tid_2292|tid_531|tid_1284|tid_561|tid_437|tid_1337|tid_1280|tid_761|tid_2149
tid_1299,12.695580633490454,12.695580633490454,0,tid_567|tid_557|tid_1269|tid_2022|tid_437|tid_746|tid_1272|tid_1664|tid_2037|tid_532|tid_761|tid_2054|tid_1298|tid_2154|tid_445
tid_13,15.917006134425549,15.917006134425549,0,tid_16|tid_1171|tid_17|tid_1159|tid_515|tid_20|tid_1172|tid_11|tid_459|tid_1240|tid_455|tid_1170|tid_405|tid_1148|tid_9
tid_1300,13.423825552465974,13.423825552465974,0,tid_1343|tid_2317|tid_1296|tid_1357|tid_1661|tid_560|tid_1358|tid_749|tid_1278|tid_564|tid_519|tid_571|tid_2159|tid_1345|tid_1356
tid_1301,12.076523031203568,12.076523031203568,0,tid_1287|tid_538|tid_2325|tid_1272|tid_1266|tid_743|tid_999|tid_745|tid_2154|tid_489|tid_1281|tid_493|tid_2330|tid_2315|tid_2326
tid_1302,13.719981653179559,13.719981653179561,1.7763568394002505e-15,tid_543|tid_440|tid_22|tid_1193|tid_1262|tid_65|tid_1261|tid_737|tid_559|tid_738|tid_1633|tid_356|tid_497|tid_545|tid_1697
tid_1303,18.046709713628562,18.046709713628559,3.5527136788005009e-15,tid_1707|tid_2282|tid_1986|tid_1140|tid_1668|tid_1107|tid_679|tid_1525|tid_38|tid_1919|tid_2252|tid_1575|tid_1980|tid_1238|tid_676
tid_1304,13.392750376671113,13.392750376671112,1.7763568394002505e-15,tid_734|tid_2325|tid_995|tid_1989|tid_745|tid_1529|tid_1006|tid_2330|tid_1003|tid_2035|tid_1127|tid_1306|tid_2329|tid_2055|tid_2158
tid_1305,15.143584448511005,15.143584448511003,1.7763568394002505e-15,tid_1994|tid_1992|tid_2324|tid_2051|tid_2297|tid_1976|tid_1878|tid_1669|tid_1321|tid_2293|tid_995|tid_1900|tid_1595|tid_1006|tid_1997
tid_1306,13.531962934005559,13.531962934005559,0,tid_1903|tid_2128|tid_1529|tid_2322|tid_1627|tid_1108|tid_1581|tid_1004|tid_2058|tid_1006|tid_1583|tid_2618|tid_1125|tid_1873|tid_1770
tid_1308,13.531962934005559,13.531962934005559,0,tid_1535|tid_1612|tid_1782|tid_2322|tid_2039|tid_1203|tid_1769|tid_1168|tid_913|tid_451|tid_1770|tid_1125|tid_1581|tid_1631|tid_449
tid_1309,15.093296631393693,15.093296631393692,1.7763568394002505e-15,tid_2160|tid_2049|tid_1325|tid_1850|tid_1126|tid_2321|tid_2058|tid_1115|tid_1060|tid_1605|tid_1123|tid_1113|tid_1314|tid_1288|tid_2138
tid_1310,13.745987001800962,13.745987001800962,0,tid_1535|tid_1627|tid_993|tid_2618|tid_1004|tid_710|tid_1782|tid_2039|tid_755|tid_2322|tid_1588|tid_1655|tid_1770|tid_2316|tid_1308
tid_1311,13.423825552465974,13.423825552465974,0,tid_1271|tid_1355|tid_525|tid_566|tid_541|tid_1323|tid_428|tid_1350|tid_563|tid_1273|tid_1313|tid_1346|tid_2127|tid_2260|tid_1345
tid_1312,13.745987001800962,13.745987001800962,0,tid_1655|tid_2066|tid_1214|tid_1310|tid_2134|tid_2138|tid_710|tid_1627|tid_1718|tid_2064|tid_1132|tid_1133|tid_2132|tid_2618|tid_1579
tid_1313,12.874282782991987,12.874282782991989,1.7763568394002505e-15,tid_1317|tid_1323|tid_516|tid_285|tid_553|tid_1311|tid_1344|tid_2049|tid_1271|tid_1348|tid_1724|tid_2260|tid_1925|tid_566|tid_1605
tid_1314,13.541676280838422,13.541676280838422,0,tid_1605|tid_1325|tid_2049|tid_1320|tid_1613|tid_1208|tid_1660|tid_285|tid_1064|tid_457|tid_1657|tid_699|tid_765|tid_713|tid_1288
tid_1315,17.983581168556185,17.983581168556185,0,tid_1411|tid_452|tid_2032|tid_510|tid_1615|tid_2191|tid_1881|tid_1226|tid_1054|tid_2192|tid_1109|tid_2033|tid_674|tid_2884|tid_989
tid_1316,14.952428048659883,14.952428048659884,1.7763568394002505e-15,tid_271|tid_1785|tid_1200|tid_1414|tid_1209|tid_1530|tid_1422|tid_2007|tid_1015|tid_668|tid_2139|tid_1912|tid_2059|tid_1778|tid_2113
tid_1317,13.507766272189347,13.507766272189349,1.7763568394002505e-15,tid_1313|tid_553|tid_1323|tid_516|tid_1724|tid_304|tid_1348|tid_285|tid_1344|tid_1908|tid_295|tid_495|tid_296|tid_1322|tid_2094
tid_1319,12.166006322542788,12.166006322542788,0,tid_1335|tid_1291|tid_1327|tid_525|tid_1640|tid_761|tid_1271|tid_1336|tid_549|tid_1635|tid_1350|tid_1355|tid_1311|tid_557|tid_442
tid_1320,12.535198151736715,12.535198151736717,1.7763568394002505e-15,tid_699|tid_1613|tid_1605|tid_2156|tid_1660|tid_1322|tid_1580|tid_1607|tid_1724|tid_285|tid_570|tid_2162|tid_2049|tid_2152|tid_1331
tid_1321,15.381696332679384,15.381696332679384,0,tid_2324|tid_1130|tid_1861|tid_2293|tid_995|tid_2051|tid_1595|tid_2070|tid_1305|tid_1997|tid_2325|tid_1885|tid_1994|tid_1671|tid_1900
tid_1322,13.348956355908159,13.348956355908159,0,tid_706|tid_570|tid_1725|tid_1320|tid_699|tid_2094|tid_2067|tid_1724|tid_1580|tid_2050|tid_285|tid_1348|tid_2056|tid_377|tid_296
tid_1323,14.952309408363496,14.952309408363496,0,tid_1348|tid_296|tid_566|tid_1346|tid_2094|tid_1344|tid_1313|tid_1311|tid_541|tid_706|tid_1614|tid_1271|tid_563|tid_2257|tid_295
tid_1324,12.254688383562161,12.25468838356216,1.7763568394002505e-15,tid_690|tid_1635|tid_1335|tid_1640|tid_1343|tid_1350|tid_1336|tid_1648|tid_549|tid_525|tid_1355|tid_1339|tid_566|tid_550|tid_1271
tid_1325,13.996475861361057,13.996475861361056,1.7763568394002505e-15,tid_1605|tid_2049|tid_1660|tid_2160|tid_691|tid_1314|tid_2058|tid_2269|tid_1320|tid_1331|tid_1309|tid_1115|tid_1655|tid_713|tid_553
tid_1326,9.57527624309391,9.57527624309391,0,tid_773|tid_753|tid_771|tid_1290|tid_774|tid_736|tid_770|tid_532|tid_758|tid_795|tid_851|tid_1276|tid_746|tid_376|tid_898
tid_1327,14.108179080358463,14.108179080358465,1.7763568394002505e-15,tid_761|tid_1291|tid_557|tid_1319|tid_1311|tid_433|tid_533|tid_525|tid_429|tid_437|tid_1271|tid_532|tid_541|tid_1355|tid_1345
tid_1328,13.569141355248293,13.569141355248291,1.7763568394002505e-15,tid_1215|tid_1220|tid_1869|tid_1873|tid_2128|tid_1115|tid_2068|tid_570|tid_1329|tid_2162|tid_2618|tid_1581|tid_1108|tid_2125|tid_1910
tid_1329,13.569141355248293,13.569141355248291,1.7763568394002505e-15,tid_1115|tid_2055|tid_1113|tid_1002|tid_2058|tid_2321|tid_1123|tid_2325|tid_1108|tid_1686|tid_1306|tid_1328|tid_2330|tid_2128|tid_1869
tid_1330,13.332058913749933,13.332058913749933,0,tid_1574|tid_1908|tid_2326|tid_1546|tid_1591|tid_2308|tid_538|tid_1728|tid_1850|tid_1868|tid_999|tid_1272|tid_1301|tid_1317|tid_304
tid_1331,15.092624896090401,15.092624896090401,0,tid_1854|tid_691|tid_1617|tid_2068|tid_1784|tid_1320|tid_1865|tid_570|tid_1718|tid_1594|tid_1322|tid_1860|tid_1205|tid_1773|tid_2162
tid_1333,17.521963626436921,17.521963626436921,0,tid_509|tid_2809|tid_380|tid_748|tid_763|tid_3011|tid_1995|tid_1238|tid_422|tid_1230|tid_1234|tid_44|tid_579|tid_686|tid_368
tid_1334,16.625821135027998,16.625821135027998,0,tid_1259|tid_508|tid_731|tid_1179|tid_1608|tid_1972|tid_2289|tid_559|tid_2008|tid_1181|tid_987|tid_2300|tid_2303|tid_482|tid_2288
tid_1335,12.166006322542788,12.166006322542788,0,tid_1635|tid_1319|tid_1324|tid_1640|tid_550|tid_1291|tid_1274|tid_549|tid_442|tid_525|tid_1339|tid_1350|tid_696|tid_1351|tid_1271
tid_1336,12.874282782991987,12.874282782991989,1.7763568394002505e-15,tid_1350|tid_525|tid_2260|tid_549|tid_1355|tid_1640|tid_1271|tid_1324|tid_1339|tid_566|tid_1648|tid_1319|tid_1311|tid_1335|tid_1344
tid_1337,12.076523031203568,12.076523031203568,0,tid_1280|tid_531|tid_1278|tid_1664|tid_1649|tid_2292|tid_1644|tid_746|tid_1298|tid_2154|tid_1636|tid_2302|tid_717|tid_1357|tid_1276
tid_1338,12.055408647531651,12.055408647531651,0,tid_3012|tid_1341|tid_1280|tid_2298|tid_2308|tid_2163|tid_1298|tid_548|tid_1284|tid_563|tid_1730|tid_432|tid_531|tid_1340|tid_2302
tid_1339,12.254688383562161,12.25468838356216,1.7763568394002505e-15,tid_1352|tid_1640|tid_549|tid_1635|tid_1343|tid_1336|tid_569|tid_1335|tid_525|tid_1324|tid_690|tid_753|tid_1300|tid_1358|tid_1296
tid_1340,12.055408647531651,12.055408647531651,0,tid_2315|tid_1292|tid_1416|tid_489|tid_1537|tid_538|tid_521|tid_1356|tid_747|tid_2094|tid_1897|tid_1656|tid_428|tid_1730|tid_1280
tid_1341,12.803319279930392,12.803319279930392,0,tid_3012|tid_536|tid_1338|tid_548|tid_561|tid_1730|tid_428|tid_1897|tid_552|tid_1340|tid_1606|tid_563|tid_2298|tid_432|tid_1298
tid_1343,12.874282782991987,12.874282782991989,1.7763568394002505e-15,tid_1300|tid_1357|tid_1278|tid_1296|tid_1640|tid_2317|tid_690|tid_2159|tid_571|tid_1355|tid_1345|tid_549|tid_566|tid_1358|tid_525
tid_1344,12.962681534530729,12.962681534530727,1.7763568394002505e-15,tid_2271|tid_296|tid_1648|tid_2256|tid_1746|tid_1323|tid_295|tid_2260|tid_553|tid_566|tid_2056|tid_516|tid_1348|tid_1346|tid_1902
tid_1345,13.191502943147771,13.191502943147771,0,tid_541|tid_433|tid_560|tid_571|tid_1296|tid_2127|tid_2159|tid_519|tid_441|tid_1358|tid_1292|tid_1346|tid_566|tid_1355|tid_525
tid_1346,13.615570353322903,13.615570353322903,0,tid_1892|tid_566|tid_541|tid_1349|tid_571|tid_569|tid_1323|tid_1614|tid_760|tid_2127|tid_1345|tid_296|tid_2257|tid_1348|tid_1271
tid_1347,11.757288203248685,11.757288203248685,0,tid_1574|tid_1546|tid_2332|tid_1925|tid_2308|tid_2326|tid_1733|tid_1295|tid_1126|tid_1850|tid_1060|tid_1330|tid_1272|tid_1923|tid_304
tid_1348,13.723155864411151,13.723155864411153,1.7763568394002505e-15,tid_296|tid_1323|tid_706|tid_2257|tid_1725|tid_295|tid_2067|tid_1346|tid_2256|tid_2259|tid_305|tid_1322|tid_495|tid_1732|tid_2056
tid_1349,13.423825552465974,13.423825552465974,0,tid_569|tid_1346|tid_1892|tid_566|tid_1296|tid_1348|tid_549|tid_296|tid_1345|tid_760|tid_541|tid_706|tid_1323|tid_571|tid_523
tid_1350,12.874282782991987,12.874282782991989,1.7763568394002505e-15,tid_1271|tid_1355|tid_566|tid_525|tid_1311|tid_2260|tid_1273|tid_1336|tid_290|tid_2078|tid_1648|tid_1344|tid_541|tid_563|tid_1346
tid_1351,12.660573480161762,12.660573480161762,0,tid_550|tid_363|tid_74|tid_33|tid_367|tid_539|tid_37|tid_484|tid_78|tid_423|tid_56|tid_41|tid_68|tid_369|tid_446
tid_1352,12.166006322542788,12.166006322542788,0,tid_1339|tid_1635|tid_1274|tid_1640|tid_549|tid_537|tid_2305|tid_753|tid_569|tid_1335|tid_558|tid_1343|tid_1647|tid_1296|tid_770
tid_1353,13.37131225770487,13.37131225770487,0,tid_1666|tid_2093|tid_1887|tid_831|tid_1018|tid_1681|tid_1924|tid_2262|tid_1927|tid_1642|tid_1929|tid_1548|tid_828|tid_832|tid_1760
tid_1355,12.874282782991987,12.874282782991989,1.7763568394002505e-15,tid_525|tid_566|tid_1271|tid_541|tid_2260|tid_1311|tid_1350|tid_1345|tid_428|tid_563|tid_2127|tid_1346|tid_2159|tid_1343|tid_549
tid_1356,13.932536848256616,13.932536848256616,0,tid_1656|tid_1292|tid_1533|tid_1730|tid_1661|tid_1261|tid_749|tid_554|tid_1948|tid_568|tid_545|tid_1625|tid_1244|tid_530|tid_1340
tid_1357,13.350480212988348,13.350480212988348,0,tid_717|tid_704|tid_1300|tid_749|tid_770|tid_1343|tid_2317|tid_2292|tid_554|tid_1651|tid_1661|tid_1356|tid_2305|tid_1358|tid_753
tid_1358,13.914974141254799,13.914974141254801,1.7763568394002505e-15,tid_519|tid_441|tid_1296|tid_564|tid_571|tid_2305|tid_1345|tid_1300|tid_2317|tid_560|tid_554|tid_2159|tid_2127|tid_433|tid_760
tid_1392,15.118079391135652,15.118079391135652,0,tid_1157|tid_2189|tid_1401|tid_217|tid_2105|tid_2158|tid_2045|tid_1975|tid_2211|tid_1394|tid_2234|tid_1988|tid_1595|tid_2007|tid_1583
tid_1393,14.979097246641327,14.979097246641327,0,tid_2211|tid_212|tid_897|tid_214|tid_2231|tid_217|tid_1406|tid_2230|tid_1070|tid_1250|tid_2187|tid_913|tid_1404|tid_222|tid_2813
tid_1394,18.653195028616977,18.653195028616977,0,tid_1401|tid_2813|tid_996|tid_1519|tid_1392|tid_2619|tid_2595|tid_1001|tid_2593|tid_2883|tid_2109|tid_2336|tid_689|tid_2165|tid_222
tid_1395,17.261440795399441,17.261440795399441,0,tid_2500|tid_2501|tid_1465|tid_2585|tid_2550|tid_2552|tid_2437|tid_2576|tid_2570|tid_2526|tid_1467|tid_2498|tid_2553|tid_2449|tid_1443
tid_1396,17.340797725266178,17.340797725266178,0,tid_1490|tid_2652|tid_1408|tid_1447|tid_1492|tid_2228|tid_3013|tid_1783|tid_1491|tid_2648|tid_2395|tid_1400|tid_1440|tid_1117|tid_2588
tid_1397,16.449194099119978,16.449194099119978,0,tid_2164|tid_2465|tid_1488|tid_1198|tid_2808|tid_1464|tid_1481|tid_1496|tid_1501|tid_2393|tid_1461|tid_1480|tid_2101|tid_2646|tid_2649
tid_1398,14.501744528719108,14.501744528719108,0,tid_2227|tid_207|tid_1408|tid_2882|tid_2217|tid_2228|tid_2243|tid_2337|tid_1993|tid_1403|tid_1136|tid_892|tid_896|tid_1400|tid_1507
tid_1399,15.194521605174582,15.194521605174582,0,tid_670|tid_1982|tid_2219|tid_2109|tid_1473|tid_1990|tid_2146|tid_891|tid_228|tid_1991|tid_1407|tid_2005|tid_1179|tid_2335|tid_1260
tid_14,14.991302861013489,14.991302861013487,1.7763568394002505e-15,tid_458|tid_18|tid_360|tid_20|tid_455|tid_2187|tid_1572|tid_404|tid_2204|tid_1787|tid_1623|tid_1155|tid_1168|tid_453|tid_17
tid_1400,17.840103639645545,17.840103639645545,0,tid_2652|tid_1408|tid_1496|tid_1454|tid_2808|tid_1463|tid_2395|tid_1480|tid_1396|tid_1403|tid_1477|tid_2648|tid_1492|tid_2169|tid_1490
tid_1401,14.529769549518988,14.529769549518988,0,tid_1394|tid_2336|tid_2211|tid_1404|tid_2813|tid_1392|tid_217|tid_1983|tid_996|tid_1519|tid_211|tid_897|tid_1988|tid_1578|tid_2007
tid_1402,16.823391125477528,16.823391125477528,0,tid_1468|tid_1445|tid_2504|tid_1500|tid_2644|tid_2410|tid_1472|tid_7|tid_1484|tid_2571|tid_2422|tid_3013|tid_2649|tid_2547|tid_2588
tid_1403,17.840103639645545,17.840103639645545,0,tid_2032|tid_1463|tid_2033|tid_2337|tid_1586|tid_1447|tid_1400|tid_2652|tid_1136|tid_1454|tid_667|tid_991|tid_1881|tid_1490|tid_1408
tid_1404,14.734608739246035,14.734608739246037,1.7763568394002505e-15,tid_2336|tid_905|tid_897|tid_1158|tid_913|tid_1063|tid_217|tid_1449|tid_1401|tid_1232|tid_2019|tid_1612|tid_1983|tid_2211|tid_1221
tid_1405,18.688824686807305,18.688824686807305,0,tid_1486|tid_1478|tid_1504|tid_2598|tid_2813|tid_2177|tid_996|tid_222|tid_2595|tid_2108|tid_212|tid_1001|tid_1005|tid_2048|tid_2047
tid_1406,12.706874704007575,12.706874704007577,1.7763568394002505e-15,tid_221|tid_2211|tid_2233|tid_217|tid_2234|tid_214|tid_1393|tid_897|tid_1165|tid_1401|tid_2230|tid_1519|tid_2225|tid_1072|tid_216
tid_1407,16.912327174926702,16.912327174926702,0,tid_1990|tid_2005|tid_680|tid_1981|tid_1993|tid_892|tid_2010|tid_2002|tid_675|tid_1875|tid_2011|tid_670|tid_1999|tid_671|tid_2320
tid_1408,16.602322029292417,16.602322029292417,0,tid_1400|tid_2227|tid_1396|tid_2228|tid_1496|tid_1398|tid_2652|tid_1446|tid_2808|tid_2337|tid_2395|tid_1403|tid_1490|tid_2393|tid_1877
tid_1409,16.631783036887793,16.631783036887793,0,tid_1464|tid_1481|tid_1397|tid_2164|tid_2646|tid_2465|tid_1446|tid_1198|tid_1496|tid_2101|tid_1480|tid_2808|tid_1845|tid_2492|tid_2582
tid_1410,17.688567316295178,17.688567316295178,0,tid_986|tid_2044|tid_1758|tid_1560|tid_918|tid_1008|tid_1952|tid_1007|tid_1707|tid_2210|tid_2101|tid_1198|tid_1107|tid_2251|tid_1598
tid_1411,18.556587698565387,18.556587698565387,0,tid_2884|tid_1863|tid_1315|tid_989|tid_1615|tid_1540|tid_3005|tid_1881|tid_1226|tid_3007|tid_2032|tid_2647|tid_991|tid_1719|tid_927
tid_1412,14.253584739383474,14.253584739383474,0,tid_1567|tid_1027|tid_1933|tid_306|tid_1044|tid_1743|tid_1561|tid_1870|tid_1428|tid_1023|tid_1541|tid_2096|tid_2087|tid_1761|tid_288
tid_1413,15.80961071433704,15.80961071433704,0,tid_2167|tid_2062|tid_1160|tid_1922|tid_2333|tid_1876|tid_992|tid_899|tid_1422|tid_1883|tid_1577|tid_1540|tid_1708|tid_1021|tid_1709
tid_1414,14.501946140468425,14.501946140468425,0,tid_668|tid_2028|tid_1422|tid_1200|tid_1316|tid_1912|tid_1846|tid_1429|tid_1530|tid_1578|tid_1568|tid_2333|tid_1025|tid_1895|tid_1554
tid_1415,14.64351344380681,14.64351344380681,0,tid_1419|tid_1030|tid_1429|tid_1888|tid_2080|tid_1907|tid_1856|tid_1218|tid_1910|tid_1616|tid_1019|tid_1205|tid_1896|tid_2129|tid_2140
tid_1416,12.916514431859682,12.916514431859682,0,tid_1537|tid_2094|tid_2259|tid_562|tid_1340|tid_521|tid_1902|tid_1897|tid_1614|tid_2315|tid_1253|tid_1622|tid_2053|tid_1727|tid_1626
tid_1417,14.216352003768096,14.216352003768096,0,tid_1928|tid_1419|tid_1856|tid_2087|tid_2266|tid_2080|tid_1030|tid_1915|tid_1747|tid_2081|tid_307|tid_2098|tid_1714|tid_1722|tid_1848
tid_1419,13.555851053335587,13.555851053335587,0,tid_2080|tid_1030|tid_1856|tid_1417|tid_1415|tid_1038|tid_1928|tid_1041|tid_1714|tid_307|tid_2072|tid_1888|tid_2081|tid_1429|tid_1019
tid_1420,14.786425117387347,14.786425117387347,0,tid_1722|tid_1551|tid_1725|tid_1891|tid_2257|tid_706|tid_295|tid_1928|tid_2067|tid_2056|tid_926|tid_1732|tid_1929|tid_1896|tid_296
tid_1421,13.029863285725195,13.029863285725195,0,tid_1896|tid_1891|tid_1907|tid_1543|tid_1570|tid_1628|tid_1784|tid_1566|tid_377|tid_1616|tid_2213|tid_1637|tid_1204|tid_1722|tid_695
tid_1422,15.96793328104491,15.96793328104491,0,tid_920|tid_1207|tid_1427|tid_1846|tid_1922|tid_1883|tid_1414|tid_2333|tid_1209|tid_992|tid_1708|tid_1413|tid_1316|tid_899|tid_1005
tid_1423,14.137041295140218,14.137041295140218,0,tid_2140|tid_1862|tid_307|tid_2184|tid_2129|tid_1429|tid_1223|tid_1217|tid_1852|tid_1554|tid_1218|tid_1116|tid_2185|tid_1856|tid_1034
tid_1425,15.707096103544881,15.707096103544879,1.7763568394002505e-15,tid_392|tid_1015|tid_1731|tid_1200|tid_1125|tid_925|tid_1316|tid_1631|tid_271|tid_1108|tid_1610|tid_1785|tid_2139|tid_1910|tid_1221
tid_1426,14.187479754138366,14.187479754138366,0,tid_1872|tid_294|tid_1210|tid_1714|tid_1916|tid_2080|tid_1419|tid_1428|tid_188|tid_2075|tid_1038|tid_1036|tid_2072|tid_1856|tid_2082
tid_1427,14.656280668209366,14.656280668209366,0,tid_920|tid_1037|tid_1846|tid_1422|tid_1710|tid_1708|tid_1207|tid_1429|tid_1568|tid_1922|tid_1021|tid_1019|tid_1414|tid_1200|tid_1025
tid_1428,14.138244716615468,14.138244716615468,0,tid_1916|tid_2093|tid_827|tid_2075|tid_836|tid_1927|tid_2072|tid_2087|tid_1887|tid_1426|tid_1412|tid_1929|tid_1872|tid_2098|tid_832
tid_1429,14.424755681447721,14.424755681447721,0,tid_1019|tid_1025|tid_1888|tid_2184|tid_2140|tid_1530|tid_1218|tid_1862|tid_1414|tid_1415|tid_2129|tid_2113|tid_307|tid_1200|tid_1423
tid_1430,14.449767519236168,14.449767519236168,0,tid_678|tid_916|tid_2880|tid_2221|tid_843|tid_1961|tid_312|tid_1958|tid_608|tid_2238|tid_2222|tid_2220|tid_896|tid_330|tid_2226
tid_1431,12.399514768789643,12.399514768789643,0,tid_2244|tid_2250|tid_236|tid_857|tid_227|tid_856|tid_895|tid_844|tid_847|tid_909|tid_226|tid_234|tid_718|tid_853|tid_585
tid_1438,10.115153938424616,10.115153938424616,0,tid_718|tid_1431|tid_2244|tid_227|tid_857|tid_618|tid_226|tid_2872|tid_2250|tid_241|tid_619|tid_236|tid_895|tid_225|tid_908
tid_1439,16.567634278930665,16.567634278930665,0,tid_2491|tid_2500|tid_2498|tid_2409|tid_1465|tid_1448|tid_2445|tid_2496|tid_1456|tid_1443|tid_2814|tid_2516|tid_1444|tid_2501|tid_2586
tid_1440,18.395231869206221,18.395231869206221,0,tid_2648|tid_1491|tid_1490|tid_3013|tid_2596|tid_1484|tid_2652|tid_1396|tid_2597|tid_2119|tid_1454|tid_1495|tid_1492|tid_1447|tid_2063
tid_1443,16.032971619365611,16.032971619365611,0,tid_1465|tid_1448|tid_2552|tid_2814|tid_2498|tid_2478|tid_2472|tid_2570|tid_2500|tid_1461|tid_2572|tid_2586|tid_1439|tid_2504|tid_2469
tid_1444,16.58353167804254,16.58353167804254,0,tid_2447|tid_2412|tid_2651|tid_1456|tid_1467|tid_2371|tid_2516|tid_2502|tid_2487|tid_2501|tid_2491|tid_2496|tid_2462|tid_1439|tid_2534
tid_1445,17.052257717100371,17.052257717100371,0,tid_2504|tid_1402|tid_1468|tid_1500|tid_2411|tid_2814|tid_1472|tid_1465|tid_2437|tid_2604|tid_1439|tid_2552|tid_1443|tid_2644|tid_1484
tid_1446,16.201615160885652,16.201615160885652,0,tid_1408|tid_2465|tid_2588|tid_1464|tid_1481|tid_2808|tid_1496|tid_1501|tid_2649|tid_2597|tid_2478|tid_1461|tid_1488|tid_1400|tid_1397
tid_1447,18.441715269391846,18.44171526939185,3.5527136788005009e-15,tid_1490|tid_1396|tid_2063|tid_1117|tid_1403|tid_2119|tid_2652|tid_218|tid_2337|tid_2033|tid_1890|tid_1492|tid_1463|tid_1726|tid_2228
tid_1448,16.58353167804254,16.58353167804254,0,tid_1465|tid_1443|tid_1439|tid_2491|tid_2552|tid_2500|tid_2586|tid_2814|tid_2469|tid_2498|tid_2496|tid_2411|tid_2516|tid_2483|tid_2501
tid_1449,16.685376703198006,16.685376703198006,0,tid_689|tid_2177|tid_996|tid_1005|tid_450|tid_1404|tid_671|tid_2883|tid_2047|tid_2048|tid_1158|tid_1160|tid_992|tid_1578|tid_1504
tid_1453,16.027177252986501,16.027177252986501,0,tid_2411|tid_2814|tid_1500|tid_1468|tid_1461|tid_1472|tid_2649|tid_2504|tid_2478|tid_2587|tid_2597|tid_1448|tid_1501|tid_2604|tid_2586
tid_1454,17.466630401872084,17.466630401872084,0,tid_1463|tid_1495|tid_1477|tid_1489|tid_1400|tid_2652|tid_1490|tid_2648|tid_2647|tid_1403|tid_1440|tid_1447|tid_991|tid_1396|tid_1408
tid_1456,16.869965086867865,16.869965086867865,0,tid_2569|tid_2516|tid_2483|tid_1444|tid_2496|tid_2491|tid_2534|tid_1439|tid_2493|tid_2515|tid_2462|tid_2482|tid_2502|tid_2555|tid_2464
tid_1457,16.125402616216956,16.125402616216956,0,tid_1493|tid_1459|tid_2524|tid_1467|tid_1395|tid_2437|tid_2501|tid_2362|tid_2568|tid_2371|tid_2590|tid_2585|tid_2592|tid_2500|tid_2521
tid_1459,16.264518385123594,16.264518385123594,0,tid_2524|tid_1467|tid_2592|tid_1493|tid_2651|tid_2590|tid_2437|tid_2484|tid_2371|tid_1444|tid_2599|tid_1457|tid_2412|tid_2501|tid_2565
tid_1461,16.010485015304532,16.010485015304532,0,tid_2478|tid_2649|tid_2814|tid_2465|tid_1488|tid_1472|tid_2586|tid_1443|tid_2472|tid_2588|tid_1501|tid_1500|tid_2582|tid_2403|tid_2504
tid_1463,18.395231869206221,18.395231869206221,0,tid_1454|tid_1495|tid_1489|tid_1477|tid_2652|tid_1400|tid_1403|tid_1490|tid_991|tid_1447|tid_2648|tid_2647|tid_2063|tid_1396|tid_1492
tid_1464,16.217087416548061,16.217087416548061,0,tid_1481|tid_1409|tid_1397|tid_2465|tid_1446|tid_2164|tid_1461|tid_2646|tid_1488|tid_2492|tid_2808|tid_2478|tid_1496|tid_2493|tid_1501
tid_1465,16.58353167804254,16.58353167804254,0,tid_1443|tid_2500|tid_2552|tid_1448|tid_1439|tid_2501|tid_2498|tid_1395|tid_2570|tid_2491|tid_2437|tid_2504|tid_2585|tid_2469|tid_2814
tid_1467,16.65159317345033,16.65159317345033,0,tid_2524|tid_2651|tid_2437|tid_1444|tid_2371|tid_2501|tid_1459|tid_2592|tid_2590|tid_2412|tid_2500|tid_2447|tid_1395|tid_2491|tid_2585
tid_1468,16.235522006130477,16.235522006130477,0,tid_1500|tid_1472|tid_2504|tid_2644|tid_2649|tid_1402|tid_2814|tid_2597|tid_1484|tid_1445|tid_2588|tid_1501|tid_3013|tid_1461|tid_2422
tid_1472,16.104179225261973,16.104179225261973,0,tid_2649|tid_1468|tid_2814|tid_1500|tid_1461|tid_2644|tid_2504|tid_2478|tid_1488|tid_2588|tid_2403|tid_2422|tid_1501|tid_2465|tid_1402
tid_1473,19.042708154821653,19.042708154821653,0,tid_2188|tid_1474|tid_2595|tid_2165|tid_1001|tid_2619|tid_2186|tid_2593|tid_2124|tid_1879|tid_1212|tid_1876|tid_670|tid_2167|tid_991
tid_1474,17.633075202796313,17.633075202796313,0,tid_1473|tid_2188|tid_2593|tid_2124|tid_2165|tid_2595|tid_1001|tid_2186|tid_1483|tid_1206|tid_1589|tid_2619|tid_2109|tid_2173|tid_1212
tid_1475,16.89314565915263,16.89314565915263,0,tid_2565|tid_2487|tid_2528|tid_2521|tid_2549|tid_2484|tid_2514|tid_2557|tid_2502|tid_2507|tid_2508|tid_2447|tid_2560|tid_2505|tid_2468
tid_1477,18.441715269391846,18.44171526939185,3.5527136788005009e-15,tid_1454|tid_1489|tid_1463|tid_2647|tid_1495|tid_1400|tid_991|tid_2652|tid_1863|tid_2169|tid_1504|tid_2648|tid_1001|tid_1403|tid_1563
tid_1478,18.705726909798681,18.705726909798681,0,tid_1504|tid_2177|tid_2048|tid_1005|tid_996|tid_1405|tid_2108|tid_1486|tid_1494|tid_1001|tid_2883|tid_2124|tid_2047|tid_1589|tid_2813
tid_1480,16.565830624009294,16.565830624009294,0,tid_1496|tid_1501|tid_2808|tid_2597|tid_2395|tid_1397|tid_2652|tid_1491|tid_2465|tid_1400|tid_1488|tid_2596|tid_1198|tid_2649|tid_2644
tid_1481,16.408915037940019,16.408915037940019,0,tid_1464|tid_1409|tid_1397|tid_2465|tid_2646|tid_1446|tid_2492|tid_1461|tid_2164|tid_2493|tid_2478|tid_1488|tid_2586|tid_2582|tid_2808
tid_1483,18.362145712473588,18.362145712473588,0,tid_1474|tid_1473|tid_2188|tid_1982|tid_818|tid_2124|tid_1399|tid_1409|tid_2173|tid_2186|tid_1001|tid_1212|tid_2165|tid_2595|tid_2593
tid_1484,17.61751277667787,17.61751277667787,0,tid_3013|tid_1468|tid_1491|tid_1402|tid_2597|tid_1500|tid_2644|tid_1440|tid_1472|tid_1445|tid_2504|tid_2648|tid_2649|tid_2596|tid_1501
tid_1486,18.688824686807305,18.688824686807305,0,tid_1405|tid_1504|tid_1478|tid_2177|tid_2598|tid_2048|tid_1489|tid_1494|tid_1005|tid_212|tid_2813|tid_1495|tid_996|tid_2108|tid_1477
tid_1488,16.408915037940019,16.408915037940019,0,tid_2465|tid_2649|tid_1461|tid_2808|tid_1501|tid_2478|tid_1472|tid_2403|tid_2393|tid_2588|tid_2644|tid_1496|tid_1397|tid_2472|tid_2554
tid_1489,18.705726909798681,18.705726909798681,0,tid_1495|tid_1463|tid_1454|tid_1477|tid_1504|tid_1403|tid_1486|tid_2177|tid_991|tid_1400|tid_2652|tid_2647|tid_1490|tid_2048|tid_2047
tid_1490,18.441715269391846,18.44171526939185,3.5527136788005009e-15,tid_1447|tid_1396|tid_2652|tid_1440|tid_1463|tid_2648|tid_1454|tid_1495|tid_2063|tid_1492|tid_1491|tid_1400|tid_1403|tid_1117|tid_2119
tid_1491,17.583046702176873,17.583046702176873,0,tid_2597|tid_3013|tid_2648|tid_2596|tid_1440|tid_1484|tid_2644|tid_2652|tid_1501|tid_1492|tid_1468|tid_1500|tid_1496|tid_1396|tid_2808
tid_1492,17.340797725266178,17.340797725266178,0,tid_2652|tid_2395|tid_2808|tid_1496|tid_2063|tid_1491|tid_1783|tid_1396|tid_2644|tid_2547|tid_2119|tid_3013|tid_1501|tid_1490|tid_1400
tid_1493,16.195767276968631,16.195767276968631,0,tid_1459|tid_2524|tid_1457|tid_2437|tid_2592|tid_1467|tid_2590|tid_2651|tid_1395|tid_1445|tid_2362|tid_2602|tid_2501|tid_2371|tid_2604
tid_1494,17.047030368180604,17.047030368180604,0,tid_1209|tid_1005|tid_2120|tid_2183|tid_2048|tid_1478|tid_2113|tid_2110|tid_2177|tid_1207|tid_2182|tid_1504|tid_2126|tid_2171|tid_1221
tid_1495,17.840103639645545,17.840103639645545,0,tid_1463|tid_1489|tid_1454|tid_1477|tid_1490|tid_2652|tid_1400|tid_1403|tid_2648|tid_1440|tid_1447|tid_1504|tid_2063|tid_1492|tid_1491
tid_1496,16.576443914638993,16.576443914638993,0,tid_2808|tid_2395|tid_1480|tid_1501|tid_2652|tid_1488|tid_1400|tid_2465|tid_1492|tid_2393|tid_1397|tid_2164|tid_2597|tid_1491|tid_2649
tid_15,17.821923851996701,17.821923851996701,0,tid_11|tid_17|tid_6|tid_402|tid_8|tid_13|tid_2607|tid_1171|tid_16|tid_414|tid_2601|tid_403|tid_18|tid_416|tid_458
tid_1500,16.235522006130477,16.235522006130477,0,tid_1468|tid_1472|tid_2649|tid_2644|tid_2504|tid_2814|tid_2597|tid_2588|tid_1402|tid_1501|tid_1461|tid_1445|tid_2478|tid_3013|tid_1443
tid_1501,16.449194099119978,16.449194099119978,0,tid_2649|tid_2597|tid_2465|tid_2644|tid_1488|tid_2808|tid_1496|tid_1480|tid_1472|tid_1500|tid_2393|tid_1461|tid_2588|tid_1491|tid_1468
tid_1504,18.705726909798681,18.705726909798681,0,tid_2177|tid_1478|tid_2048|tid_1486|tid_996|tid_1005|tid_1405|tid_2047|tid_2108|tid_1489|tid_2883|tid_1001|tid_2813|tid_2619|tid_1449
tid_1506,15.565566261756336,15.565566261756336,0,tid_2226|tid_2216|tid_2220|tid_206|tid_2572|tid_2588|tid_2554|tid_2570|tid_2513|tid_2550|tid_2228|tid_2511|tid_2238|tid_890|tid_2472
tid_1507,14.023368800103597,14.023368800103595,1.7763568394002505e-15,tid_2879|tid_2882|tid_2217|tid_2243|tid_2222|tid_2245|tid_896|tid_207|tid_1398|tid_1509|tid_1508|tid_1521|tid_2227|tid_2236|tid_2224
tid_1508,14.023368800103597,14.023368800103595,1.7763568394002505e-15,tid_1521|tid_1511|tid_1507|tid_1509|tid_2245|tid_2879|tid_2243|tid_2241|tid_1165|tid_2882|tid_2248|tid_2217|tid_1518|tid_2222|tid_2232
tid_1509,13.868805714952547,13.868805714952549,1.7763568394002505e-15,tid_2241|tid_2245|tid_2248|tid_1165|tid_2229|tid_1510|tid_1512|tid_2218|tid_1507|tid_2236|tid_1518|tid_2222|tid_1519|tid_2882|tid_327
tid_1510,14.186720319725454,14.186720319725454,0,tid_2241|tid_1512|tid_1509|tid_2223|tid_2248|tid_1165|tid_2233|tid_2225|tid_1518|tid_1406|tid_1519|tid_2234|tid_221|tid_2218|tid_327
tid_1511,14.209493262819418,14.209493262819418,0,tid_1521|tid_1508|tid_1518|tid_1165|tid_1507|tid_2241|tid_1509|tid_2232|tid_2224|tid_207|tid_2243|tid_2231|tid_912|tid_2879|tid_222
tid_1512,13.546198373850116,13.546198373850116,0,tid_1510|tid_2241|tid_1509|tid_2248|tid_2223|tid_327|tid_2218|tid_2225|tid_2245|tid_2229|tid_1165|tid_225|tid_1518|tid_2233|tid_1519
tid_1518,13.868805714952547,13.868805714952549,1.7763568394002505e-15,tid_1519|tid_222|tid_1165|tid_333|tid_207|tid_2813|tid_2232|tid_2241|tid_1521|tid_1394|tid_1509|tid_2211|tid_2882|tid_2224|tid_2236
tid_1519,15.232336119096757,15.232336119096756,1.7763568394002505e-15,tid_2236|tid_333|tid_1394|tid_1165|tid_1518|tid_2232|tid_222|tid_207|tid_2813|tid_1401|tid_2224|tid_2218|tid_2882|tid_2223|tid_2225
tid_1520,12.198877494049531,12.198877494049531,0,tid_1522|tid_210|tid_221|tid_1510|tid_2234|tid_2145|tid_2031|tid_1406|tid_213|tid_208|tid_223|tid_214|tid_2211|tid_2241|tid_217
tid_1521,14.033417330049836,14.033417330049836,0,tid_1511|tid_1508|tid_1518|tid_1507|tid_1509|tid_2241|tid_2879|tid_2882|tid_207|tid_1165|tid_2245|tid_2243|tid_2232|tid_222|tid_2224
tid_1522,12.62941417231962,12.62941417231962,0,tid_1520|tid_210|tid_2031|tid_208|tid_1070|tid_213|tid_221|tid_2064|tid_2145|tid_214|tid_212|tid_1393|tid_2211|tid_217|tid_223
tid_1523,17.780276100688507,17.780276100688507,0,tid_2161|tid_1979|tid_1977|tid_1598|tid_1874|tid_1007|tid_1620|tid_2275|tid_1410|tid_504|tid_1597|tid_2887|tid_986|tid_1845|tid_1224
tid_1525,17.861583207373744,17.861583207373744,0,tid_989|tid_1303|tid_676|tid_1707|tid_1560|tid_3005|tid_506|tid_1140|tid_1668|tid_2282|tid_986|tid_2169|tid_679|tid_1009|tid_2101
tid_1526,17.725116193386881,17.725116193386881,0,tid_1577|tid_991|tid_1540|tid_1212|tid_1765|tid_2168|tid_2619|tid_1138|tid_1980|tid_989|tid_1539|tid_1563|tid_1879|tid_671|tid_1009
tid_1527,18.00122700780511,18.00122700780511,0,tid_1764|tid_2337|tid_2044|tid_1107|tid_2033|tid_986|tid_2210|tid_2318|tid_988|tid_1877|tid_1890|tid_1136|tid_1986|tid_2032|tid_2395
tid_1528,14.69375151635457,14.69375151635457,0,tid_1562|tid_1012|tid_2028|tid_1565|tid_1880|tid_303|tid_1414|tid_1895|tid_1026|tid_1566|tid_1553|tid_1592|tid_512|tid_833|tid_1944
tid_1529,13.255995283646826,13.255995283646826,0,tid_1004|tid_1006|tid_2035|tid_734|tid_999|tid_915|tid_1304|tid_995|tid_2278|tid_1306|tid_1108|tid_747|tid_2325|tid_2015|tid_1782
tid_1530,15.421216939199468,15.421216939199468,0,tid_2053|tid_668|tid_1554|tid_271|tid_1116|tid_1568|tid_1780|tid_1429|tid_1930|tid_2059|tid_1901|tid_1888|tid_1414|tid_1316|tid_2139
tid_1532,13.590901913663679,13.59090191366368,1.7763568394002505e-15,tid_3007|tid_685|tid_1566|tid_1618|tid_899|tid_1251|tid_1041|tid_1719|tid_1570|tid_1012|tid_920|tid_574|tid_992|tid_2061|tid_1256
tid_1533,14.522215234360548,14.522215234360548,0,tid_2036|tid_1948|tid_1624|tid_769|tid_1356|tid_1656|tid_2299|tid_1628|tid_1244|tid_1629|tid_1557|tid_2042|tid_1611|tid_1639|tid_518
tid_1534,13.875836589281398,13.875836589281398,0,tid_1711|tid_1889|tid_2121|tid_2181|tid_2175|tid_2073|tid_2052|tid_184|tid_1886|tid_1556|tid_1868|tid_1951|tid_1755|tid_1536|tid_1712
tid_1535,14.018323195273164,14.018323195273164,0,tid_1782|tid_1004|tid_2322|tid_1769|tid_755|tid_1308|tid_1310|tid_1610|tid_572|tid_2618|tid_2059|tid_2039|tid_1627|tid_2316|tid_723
tid_1536,13.569931557786141,13.569931557786139,1.7763568394002505e-15,tid_1886|tid_2121|tid_1900|tid_1947|tid_1898|tid_999|tid_1889|tid_1868|tid_1556|tid_1711|tid_1006|tid_1780|tid_1554|tid_915|tid_1591
tid_1537,12.916514431859682,12.916514431859682,0,tid_1416|tid_2259|tid_2094|tid_1902|tid_562|tid_1340|tid_521|tid_1253|tid_1884|tid_1626|tid_1897|tid_1690|tid_2255|tid_1614|tid_2053
tid_1539,17.725116193386881,17.725116193386881,0,tid_1553|tid_1879|tid_1577|tid_1765|tid_1212|tid_2280|tid_2186|tid_2168|tid_1526|tid_1562|tid_1009|tid_1592|tid_2188|tid_1667|tid_1980
tid_1540,17.655531642283506,17.655531642283506,0,tid_1563|tid_1160|tid_991|tid_1876|tid_1526|tid_1577|tid_2167|tid_1138|tid_2168|tid_2619|tid_1009|tid_899|tid_1413|tid_1212|tid_680
tid_1541,14.6888774660765,14.6888774660765,0,tid_1949|tid_1567|tid_1753|tid_1559|tid_1564|tid_1016|tid_1732|tid_2077|tid_1921|tid_1933|tid_829|tid_2254|tid_2096|tid_2090|tid_2098
tid_1542,11.679925870891793,11.679925870891791,1.7763568394002505e-15,tid_1923|tid_1858|tid_1574|tid_1850|tid_1733|tid_1711|tid_1002|tid_1546|tid_1330|tid_1126|tid_2253|tid_1536|tid_2326|tid_1728|tid_2321
tid_1543,15.675306796262035,15.675306796262037,1.7763568394002505e-15,tid_1253|tid_1637|tid_1628|tid_1547|tid_1421|tid_2053|tid_1614|tid_1573|tid_1891|tid_1566|tid_562|tid_1907|tid_1896|tid_706|tid_377
tid_1544,15.170888796601911,15.170888796601911,0,tid_2150|tid_2207|tid_1628|tid_1777|tid_1256|tid_1570|tid_1611|tid_2213|tid_544|tid_1630|tid_1065|tid_1621|tid_1421|tid_1616|tid_1766
tid_1545,14.635673052402186,14.635673052402186,0,tid_701|tid_555|tid_1033|tid_719|tid_922|tid_721|tid_2207|tid_1896|tid_1573|tid_2198|tid_2197|tid_1891|tid_1907|tid_1547|tid_1607
tid_1546,13.518458096392273,13.518458096392273,0,tid_2332|tid_1574|tid_2308|tid_1715|tid_2326|tid_1330|tid_687|tid_703|tid_1126|tid_1536|tid_1002|tid_2058|tid_1868|tid_999|tid_1678
tid_1547,15.287743104080942,15.287743104080942,0,tid_1573|tid_1242|tid_1614|tid_706|tid_1543|tid_1253|tid_1891|tid_1580|tid_2067|tid_1896|tid_699|tid_1907|tid_1892|tid_1607|tid_2257
tid_1548,13.000277330005371,13.000277330005371,0,tid_1698|tid_1642|tid_926|tid_1038|tid_2087|tid_1032|tid_828|tid_1681|tid_1891|tid_2072|tid_1887|tid_1689|tid_1041|tid_1926|tid_1929
tid_1549,14.349429856327166,14.349429856327166,0,tid_1786|tid_1111|tid_2327|tid_2189|tid_1063|tid_2131|tid_1997|tid_2334|tid_451|tid_1392|tid_2336|tid_2027|tid_903|tid_697|tid_217
tid_1550,14.873932623824215,14.873932623824215,0,tid_1895|tid_1950|tid_1568|tid_2301|tid_2069|tid_308|tid_833|tid_1939|tid_565|tid_2272|tid_1917|tid_1026|tid_2299|tid_1537|tid_1554
tid_1551,14.635673052402186,14.635673052402186,0,tid_1420|tid_2257|tid_1929|tid_1028|tid_305|tid_1561|tid_2067|tid_1732|tid_1941|tid_1725|tid_2087|tid_1891|tid_706|tid_719|tid_2072
tid_1552,13.150552201178867,13.150552201178868,1.7763568394002505e-15,tid_290|tid_2256|tid_2095|tid_2091|tid_1921|tid_1344|tid_1849|tid_1925|tid_553|tid_1746|tid_1949|tid_2268|tid_1864|tid_1732|tid_1753
tid_1553,17.725116193386881,17.725116193386881,0,tid_1539|tid_1577|tid_1212|tid_1765|tid_1667|tid_2168|tid_2280|tid_1879|tid_1039|tid_1009|tid_1562|tid_1592|tid_1719|tid_1021|tid_2186
tid_1554,14.672345150623901,14.672345150623901,0,tid_1780|tid_668|tid_2053|tid_1530|tid_1895|tid_915|tid_1116|tid_1568|tid_769|tid_2059|tid_1889|tid_2028|tid_1423|tid_1414|tid_271
tid_1555,14.345782926484695,14.345782926484697,1.7763568394002505e-15,tid_1774|tid_1888|tid_2171|tid_1019|tid_2184|tid_1025|tid_2172|tid_2046|tid_2182|tid_2179|tid_1429|tid_1419|tid_1862|tid_2185|tid_1204
tid_1556,13.886520791891632,13.886520791891632,0,tid_2121|tid_1859|tid_1898|tid_1951|tid_1886|tid_1889|tid_1711|tid_1853|tid_1900|tid_1017|tid_2111|tid_2180|tid_1534|tid_2073|tid_1536
tid_1557,13.478574877885151,13.478574877885151,0,tid_518|tid_1948|tid_1624|tid_2042|tid_1766|tid_1596|tid_1656|tid_2036|tid_1611|tid_70|tid_1782|tid_1533|tid_2059|tid_739|tid_1004
tid_1558,15.833236138440654,15.833236138440654,0,tid_2200|tid_1572|tid_1571|tid_408|tid_1619|tid_1065|tid_1777|tid_2021|tid_1240|tid_1609|tid_386|tid_599|tid_1254|tid_453|tid_1616
tid_1559,13.752655909369537,13.752655909369537,0,tid_1753|tid_1849|tid_2090|tid_1569|tid_1921|tid_1732|tid_1750|tid_293|tid_300|tid_1949|tid_1541|tid_2098|tid_289|tid_1016|tid_1756
tid_1560,17.466334545946459,17.466334545946459,0,tid_1198|tid_2101|tid_2164|tid_986|tid_1410|tid_2044|tid_1845|tid_1525|tid_1707|tid_506|tid_1397|tid_1107|tid_3009|tid_1523|tid_2251
tid_1561,13.585593986315448,13.585593986315448,0,tid_1551|tid_1681|tid_1028|tid_1929|tid_1027|tid_2257|tid_1420|tid_1032|tid_1567|tid_1548|tid_719|tid_1892|tid_1887|tid_1732|tid_1044
tid_1562,15.79718650393418,15.79718650393418,0,tid_1528|tid_303|tid_1565|tid_2028|tid_1592|tid_1012|tid_1880|tid_1899|tid_1539|tid_1553|tid_574|tid_2310|tid_987|tid_512|tid_1879
tid_1563,17.861583207373744,17.861583207373744,0,tid_1540|tid_2168|tid_2167|tid_1212|tid_991|tid_2619|tid_1009|tid_2188|tid_1876|tid_1577|tid_1526|tid_1413|tid_2884|tid_1160|tid_2169
tid_1564,13.722037729359226,13.722037729359226,0,tid_1016|tid_2077|tid_293|tid_1755|tid_1223|tid_1745|tid_1921|tid_2090|tid_1848|tid_297|tid_1759|tid_1941|tid_1750|tid_1747|tid_1541
tid_1565,14.482818255711383,14.482818255711384,1.7763568394002505e-15,tid_1012|tid_1562|tid_2300|tid_1528|tid_1880|tid_574|tid_833|tid_2028|tid_1944|tid_2301|tid_1566|tid_1745|tid_1941|tid_547|tid_2012
tid_1566,15.367105372071865,15.367105372071864,1.7763568394002505e-15,tid_1012|tid_2028|tid_1532|tid_1035|tid_1543|tid_1930|tid_1421|tid_1253|tid_1628|tid_1941|tid_1568|tid_574|tid_2053|tid_1629|tid_1251
tid_1567,14.509167227656118,14.509167227656118,0,tid_2254|tid_1933|tid_1541|tid_1732|tid_1044|tid_1412|tid_1743|tid_2266|tid_1870|tid_1561|tid_2085|tid_1761|tid_2087|tid_2077|tid_1420
tid_1568,14.501946140468425,14.501946140468425,0,tid_1930|tid_2301|tid_1530|tid_2299|tid_1895|tid_1554|tid_1550|tid_1012|tid_1944|tid_1414|tid_2028|tid_833|tid_274|tid_1035|tid_2053
tid_1569,14.202580713423462,14.202580713423462,0,tid_300|tid_1849|tid_289|tid_495|tid_1750|tid_1559|tid_1626|tid_1921|tid_302|tid_2255|tid_2090|tid_295|tid_1884|tid_1016|tid_1732
tid_1570,16.401184022253211,16.401184022253211,0,tid_1616|tid_1777|tid_1618|tid_1421|tid_1256|tid_1544|tid_1628|tid_1907|tid_2207|tid_695|tid_1896|tid_705|tid_1033|tid_2150|tid_1611
tid_1571,14.402309107708366,14.402309107708366,0,tid_2200|tid_1065|tid_1777|tid_1242|tid_1558|tid_1602|tid_1544|tid_2207|tid_1573|tid_1766|tid_1570|tid_2152|tid_544|tid_2150|tid_1547
tid_1572,14.268040029575623,14.268040029575625,1.7763568394002505e-15,tid_2021|tid_1558|tid_1137|tid_453|tid_1609|tid_1619|tid_1618|tid_1240|tid_2195|tid_1254|tid_2203|tid_360|tid_1616|tid_1570|tid_1158
tid_1573,15.287743104080942,15.287743104080942,0,tid_1547|tid_1033|tid_1242|tid_719|tid_1543|tid_1891|tid_1614|tid_1251|tid_683|tid_2067|tid_1896|tid_1907|tid_1253|tid_760|tid_706
tid_1574,13.596403346190456,13.596403346190456,0,tid_2326|tid_1546|tid_2308|tid_1330|tid_2332|tid_1947|tid_999|tid_1536|tid_2330|tid_1715|tid_1338|tid_1908|tid_1542|tid_538|tid_1002
tid_1575,17.908468257819731,17.908468257819731,0,tid_2282|tid_1303|tid_2318|tid_679|tid_1140|tid_1169|tid_1107|tid_1707|tid_1525|tid_1986|tid_988|tid_1560|tid_2164|tid_2101|tid_2000
tid_1577,18.630105814085795,18.630105814085795,0,tid_1765|tid_1526|tid_1212|tid_1540|tid_1879|tid_2168|tid_1009|tid_1539|tid_2280|tid_1553|tid_1980|tid_1413|tid_2710|tid_1876|tid_991
tid_1578,15.80961071433704,15.80961071433704,0,tid_2007|tid_2333|tid_1709|tid_2883|tid_1414|tid_1912|tid_996|tid_2593|tid_2165|tid_1005|tid_2062|tid_1200|tid_1422|tid_1316|tid_1988
tid_1579,14.632925533265384,14.632925533265384,0,tid_1718|tid_1214|tid_2132|tid_2328|tid_2064|tid_993|tid_1312|tid_2066|tid_1627|tid_1286|tid_1869|tid_1776|tid_715|tid_691|tid_1115
tid_1580,13.348956355908159,13.348956355908159,0,tid_2162|tid_699|tid_2156|tid_1594|tid_1547|tid_2094|tid_570|tid_706|tid_1907|tid_1543|tid_2053|tid_377|tid_1242|tid_2152|tid_2150
tid_1581,12.971893056507678,12.971893056507678,0,tid_2128|tid_1769|tid_2618|tid_2162|tid_2322|tid_1308|tid_1582|tid_1203|tid_1306|tid_1587|tid_1627|tid_1004|tid_1535|tid_1218|tid_2059
tid_1582,13.496937172178747,13.496937172178749,1.7763568394002505e-15,tid_710|tid_1201|tid_1067|tid_1581|tid_1585|tid_2128|tid_2618|tid_1590|tid_900|tid_1613|tid_2162|tid_1208|tid_901|tid_1769|tid_1308
tid_1583,14.092404842694449,14.092404842694448,1.7763568394002505e-15,tid_2007|tid_2111|tid_2278|tid_2174|tid_1912|tid_1006|tid_1200|tid_2180|tid_1125|tid_1595|tid_2158|tid_1785|tid_1780|tid_271|tid_1306
tid_1584,14.114063589872995,14.114063589872996,1.7763568394002505e-15,tid_1201|tid_1590|tid_1857|tid_1582|tid_2066|tid_19|tid_1613|tid_1208|tid_765|tid_2130|tid_2118|tid_1771|tid_1214|tid_2138|tid_1067
tid_1585,13.569141355248293,13.569141355248291,1.7763568394002505e-15,tid_1067|tid_900|tid_1582|tid_1613|tid_710|tid_1279|tid_765|tid_457|tid_901|tid_2156|tid_1320|tid_699|tid_2152|tid_1208|tid_2128
tid_1586,18.187371624404889,18.187371624404889,0,tid_1600|tid_2620|tid_2033|tid_2032|tid_686|tid_1226|tid_1136|tid_2006|tid_1403|tid_1599|tid_1230|tid_1054|tid_1764|tid_452|tid_2337
tid_1587,13.531962934005559,13.531962934005559,0,tid_449|tid_1769|tid_2322|tid_2059|tid_1218|tid_993|tid_1594|tid_2213|tid_723|tid_1581|tid_1004|tid_668|tid_2618|tid_715|tid_1785
tid_1588,12.571048365976068,12.571048365976068,0,tid_1119|tid_1146|tid_1770|tid_697|tid_1132|tid_1310|tid_2316|tid_745|tid_1066|tid_1627|tid_1281|tid_1285|tid_1056|tid_914|tid_1655
tid_1589,15.118079391135652,15.118079391135652,0,tid_1206|tid_2171|tid_1478|tid_2189|tid_2124|tid_2182|tid_1219|tid_1005|tid_2105|tid_1209|tid_2108|tid_2183|tid_2593|tid_1494|tid_2177
tid_1590,14.779431750955329,14.779431750955329,0,tid_1201|tid_1857|tid_1584|tid_2118|tid_1582|tid_2132|tid_2117|tid_1214|tid_1208|tid_449|tid_1144|tid_2068|tid_1067|tid_2066|tid_710
tid_1591,13.373499475101557,13.373499475101555,1.7763568394002505e-15,tid_1868|tid_1593|tid_2058|tid_1773|tid_2162|tid_1884|tid_1306|tid_1536|tid_1108|tid_1712|tid_1594|tid_2052|tid_1728|tid_1554|tid_1903
tid_1592,15.92269477322068,15.92269477322068,0,tid_303|tid_1899|tid_987|tid_2062|tid_1879|tid_1211|tid_1709|tid_2186|tid_1562|tid_1413|tid_2310|tid_2287|tid_1934|tid_1708|tid_2333
tid_1593,13.569141355248293,13.569141355248291,1.7763568394002505e-15,tid_1591|tid_2162|tid_1594|tid_1580|tid_1581|tid_2140|tid_1423|tid_2128|tid_2156|tid_2129|tid_1775|tid_1306|tid_1218|tid_1205|tid_1220
tid_1594,13.998595082789755,13.998595082789755,0,tid_2162|tid_1205|tid_1773|tid_1218|tid_2129|tid_2140|tid_1580|tid_1910|tid_1862|tid_1204|tid_1903|tid_2053|tid_2059|tid_1769|tid_715
tid_1595,15.644765852367936,15.644765852367936,0,tid_1861|tid_2180|tid_1583|tid_2051|tid_2111|tid_2105|tid_2293|tid_1006|tid_995|tid_2158|tid_1392|tid_1997|tid_1157|tid_2045|tid_1900
tid_1596,13.344878807718574,13.344878807718574,0,tid_1766|tid_1557|tid_1782|tid_1610|tid_747|tid_1004|tid_1244|tid_1775|tid_2059|tid_518|tid_2042|tid_572|tid_2315|tid_2152|tid_904
tid_1597,16.832848741329354,16.832848741329354,0,tid_2161|tid_1134|tid_727|tid_1971|tid_1979|tid_2275|tid_1977|tid_2190|tid_2401|tid_1874|tid_666|tid_2455|tid_21|tid_2385|tid_2452
tid_1598,17.832679262362493,17.832679262362493,0,tid_1977|tid_2161|tid_1523|tid_1007|tid_1224|tid_2275|tid_504|tid_2251|tid_1410|tid_1979|tid_2887|tid_1874|tid_986|tid_918|tid_1190
tid_1599,18.049829371369896,18.049829371369896,0,tid_686|tid_1226|tid_676|tid_1230|tid_1668|tid_989|tid_510|tid_452|tid_2252|tid_1586|tid_380|tid_1333|tid_1235|tid_3005|tid_1225
tid_16,16.128306272096381,16.128306272096381,0,tid_13|tid_17|tid_1172|tid_515|tid_1171|tid_459|tid_20|tid_455|tid_1159|tid_1170|tid_414|tid_458|tid_1240|tid_453|tid_371
tid_1600,18.187371624404889,18.187371624404889,0,tid_1586|tid_2033|tid_1054|tid_2032|tid_2620|tid_686|tid_2006|tid_448|tid_581|tid_2192|tid_510|tid_1881|tid_1764|tid_2337|tid_1243
tid_1601,16.368919206759269,16.368919206759269,0,tid_2646|tid_2416|tid_2512|tid_2538|tid_2492|tid_2366|tid_1481|tid_2578|tid_2475|tid_2369|tid_2481|tid_2493|tid_2379|tid_2425|tid_2561
tid_1602,12.57584310866735,12.57584310866735,0,tid_1657|tid_1064|tid_1065|tid_457|tid_456|tid_1607|tid_544|tid_765|tid_1571|tid_1646|tid_1358|tid_2152|tid_2207|tid_2212|tid_1279
tid_1603,15.679038975260928,15.679038975260928,0,tid_599|tid_505|tid_1659|tid_1131|tid_1987|tid_1675|tid_2030|tid_1609|tid_603|tid_2203|tid_2060|tid_725|tid_767|tid_2034|tid_511
tid_1604,16.685376703198006,16.685376703198006,0,tid_511|tid_1167|tid_2041|tid_1109|tid_1158|tid_992|tid_714|tid_1659|tid_1163|tid_1638|tid_677|tid_1256|tid_1131|tid_2206|tid_1160
tid_1605,12.845266412018553,12.845266412018551,1.7763568394002505e-15,tid_1660|tid_2049|tid_1320|tid_1325|tid_2156|tid_699|tid_713|tid_285|tid_570|tid_553|tid_2152|tid_1607|tid_516|tid_1724|tid_691
tid_1606,13.071232191952031,13.071232191952031,0,tid_447|tid_428|tid_2309|tid_1341|tid_3012|tid_563|tid_536|tid_548|tid_1195|tid_1690|tid_2307|tid_2259|tid_2057|tid_1273|tid_495
tid_1607,15.675306796262035,15.675306796262037,1.7763568394002505e-15,tid_2207|tid_544|tid_2150|tid_1547|tid_701|tid_1602|tid_699|tid_1320|tid_1657|tid_1544|tid_2198|tid_2152|tid_569|tid_1242|tid_1573
tid_1608,15.544396553124184,15.544396553124184,0,tid_2310|tid_2012|tid_1972|tid_2303|tid_2300|tid_2155|tid_2287|tid_2008|tid_1904|tid_2296|tid_1973|tid_1639|tid_1227|tid_559|tid_2311
tid_1609,16.951655137675004,16.951655137675004,0,tid_535|tid_1254|tid_1137|tid_1249|tid_599|tid_2295|tid_1621|tid_1603|tid_1630|tid_1675|tid_2203|tid_1256|tid_685|tid_2021|tid_1572
tid_1610,13.569141355248293,13.569141355248291,1.7763568394002505e-15,tid_572|tid_1782|tid_1535|tid_1108|tid_1004|tid_1596|tid_2322|tid_2059|tid_1125|tid_2128|tid_1557|tid_1769|tid_2316|tid_1766|tid_1731
tid_1611,15.170888796601911,15.170888796601911,0,tid_1628|tid_518|tid_2036|tid_2041|tid_1256|tid_1167|tid_1544|tid_2030|tid_1766|tid_1557|tid_1630|tid_1621|tid_1533|tid_1624|tid_2042
tid_1612,13.612908384176325,13.612908384176324,1.7763568394002505e-15,tid_1631|tid_1168|tid_1158|tid_1308|tid_2027|tid_739|tid_2039|tid_1619|tid_913|tid_2041|tid_1063|tid_1782|tid_360|tid_714|tid_905
tid_1613,14.114063589872995,14.114063589872996,1.7763568394002505e-15,tid_1320|tid_1067|tid_1208|tid_699|tid_765|tid_1585|tid_1582|tid_710|tid_1607|tid_570|tid_1660|tid_457|tid_2152|tid_2207|tid_1322
tid_1614,13.723155864411151,13.723155864411153,1.7763568394002505e-15,tid_1242|tid_1253|tid_571|tid_1547|tid_1897|tid_2257|tid_1543|tid_706|tid_562|tid_1573|tid_2094|tid_1416|tid_2259|tid_2067|tid_1346
tid_1615,17.104361319878581,17.104361319878581,0,tid_3007|tid_1315|tid_452|tid_374|tid_1109|tid_1675|tid_397|tid_1411|tid_2191|tid_599|tid_1225|tid_1235|tid_1147|tid_899|tid_1226
tid_1616,13.67398164911917,13.67398164911917,0,tid_1570|tid_1618|tid_1777|tid_1907|tid_1421|tid_695|tid_1415|tid_1896|tid_2207|tid_1033|tid_1544|tid_922|tid_1256|tid_705|tid_2061
tid_1617,15.39166695091585,15.39166695091585,0,tid_1854|tid_930|tid_1331|tid_1784|tid_1860|tid_2133|tid_1865|tid_1205|tid_1024|tid_2068|tid_691|tid_1774|tid_2116|tid_2323|tid_1855
tid_1618,16.401184022253211,16.401184022253211,0,tid_1616|tid_1570|tid_1532|tid_920|tid_2061|tid_695|tid_992|tid_1207|tid_899|tid_1422|tid_511|tid_1209|tid_1256|tid_2113|tid_1604
tid_1619,14.885995480901947,14.885995480901949,1.7763568394002505e-15,tid_1612|tid_1631|tid_1768|tid_1158|tid_2021|tid_2200|tid_1572|tid_1558|tid_518|tid_1766|tid_599|tid_1778|tid_408|tid_1168|tid_1777
tid_1620,16.95252337771802,16.95252337771802,0,tid_2392|tid_2403|tid_1979|tid_1523|tid_2210|tid_1198|tid_2408|tid_2422|tid_2407|tid_1488|tid_2463|tid_2409|tid_2472|tid_1874|tid_2445
tid_1621,16.649572402634917,16.649572402634917,0,tid_1256|tid_1630|tid_1628|tid_1625|tid_1611|tid_2295|tid_1609|tid_1251|tid_535|tid_2030|tid_685|tid_1629|tid_1249|tid_1544|tid_2206
tid_1622,13.723155864411151,13.723155864411153,1.7763568394002505e-15,tid_1727|tid_1416|tid_1897|tid_1217|tid_1537|tid_1909|tid_2259|tid_1626|tid_1614|tid_562|tid_1550|tid_1253|tid_2094|tid_1884|tid_428
tid_1623,13.834437676904487,13.834437676904487,0,tid_1168|tid_272|tid_1048|tid_360|tid_2205|tid_2027|tid_1062|tid_453|tid_1047|tid_242|tid_1619|tid_408|tid_1612|tid_1572|tid_19
tid_1624,13.601925911087577,13.601925911087577,0,tid_2036|tid_2042|tid_739|tid_1533|tid_1557|tid_2314|tid_518|tid_1244|tid_70|tid_2041|tid_1611|tid_2278|tid_1656|tid_751|tid_2015
tid_1625,13.719981653179559,13.719981653179561,1.7763568394002505e-15,tid_1654|tid_1189|tid_545|tid_554|tid_568|tid_737|tid_744|tid_1621|tid_1356|tid_1630|tid_1661|tid_1611|tid_2030|tid_603|tid_758
tid_1626,13.73859021180024,13.73859021180024,0,tid_1884|tid_1725|tid_295|tid_495|tid_1537|tid_1569|tid_2094|tid_1902|tid_1116|tid_2255|tid_562|tid_2259|tid_1755|tid_1773|tid_1034
tid_1627,13.998595082789755,13.998595082789755,0,tid_2618|tid_2128|tid_993|tid_1310|tid_1535|tid_2322|tid_1125|tid_1770|tid_715|tid_1214|tid_1306|tid_1132|tid_1308|tid_2064|tid_1004
tid_1628,15.785393988897955,15.785393988897956,1.7763568394002505e-15,tid_1611|tid_1256|tid_1543|tid_1544|tid_1637|tid_1629|tid_1533|tid_1621|tid_1570|tid_2150|tid_2053|tid_1630|tid_1421|tid_2036|tid_518
tid_1629,15.367105372071865,15.367105372071864,1.7763568394002505e-15,tid_2301|tid_274|tid_1948|tid_1628|tid_1533|tid_2036|tid_530|tid_1904|tid_540|tid_518|tid_574|tid_545|tid_2295|tid_1611|tid_1930
tid_1630,15.170888796601911,15.170888796601911,0,tid_2295|tid_1256|tid_1621|tid_524|tid_568|tid_1687|tid_540|tid_1611|tid_1651|tid_554|tid_1628|tid_1661|tid_535|tid_564|tid_1609
tid_1631,14.940993014436344,14.940993014436344,0,tid_1612|tid_1768|tid_1619|tid_1308|tid_1788|tid_518|tid_2027|tid_1168|tid_1731|tid_1221|tid_1158|tid_739|tid_1778|tid_1610|tid_1782
tid_1632,18.010378013093199,18.010378013093199,0,tid_418|tid_727|tid_2275|tid_25|tid_504|tid_29|tid_355|tid_1665|tid_21|tid_2144|tid_1258|tid_2281|tid_1190|tid_1134|tid_1188
tid_1633,11.101552931152426,11.101552931152426,0,tid_22|tid_1674|tid_70|tid_1658|tid_1302|tid_2314|tid_398|tid_1293|tid_1700|tid_382|tid_1682|tid_1608|tid_1261|tid_1624|tid_1973
tid_1634,13.122171945701378,13.122171945701378,0,tid_2272|tid_527|tid_2069|tid_432|tid_1293|tid_1294|tid_497|tid_2276|tid_1694|tid_1130|tid_1679|tid_1700|tid_1950|tid_70|tid_1262
tid_1635,13.258062422944651,13.258062422944652,1.7763568394002505e-15,tid_1335|tid_1274|tid_696|tid_550|tid_1324|tid_1640|tid_1296|tid_442|tid_1339|tid_519|tid_549|tid_78|tid_1358|tid_1352|tid_690
tid_1636,11.504428643804276,11.504428643804276,0,tid_2302|tid_531|tid_1649|tid_1337|tid_1276|tid_1278|tid_2292|tid_1284|tid_1280|tid_1644|tid_276|tid_1298|tid_746|tid_1682|tid_2163
tid_1637,15.287743104080942,15.287743104080942,0,tid_1543|tid_1628|tid_571|tid_760|tid_1253|tid_1651|tid_521|tid_1421|tid_1630|tid_1614|tid_544|tid_1661|tid_564|tid_1256|tid_540
tid_1638,13.101012756929276,13.101012756929276,0,tid_1167|tid_742|tid_1604|tid_1658|tid_2041|tid_1696|tid_70|tid_2030|tid_1687|tid_1058|tid_723|tid_677|tid_714|tid_511|tid_1163
tid_1639,13.429463128453524,13.429463128453524,0,tid_2296|tid_2299|tid_1658|tid_1533|tid_2303|tid_1608|tid_1641|tid_1663|tid_2298|tid_1948|tid_1645|tid_1730|tid_2310|tid_769|tid_1694
tid_1640,12.599081681971969,12.599081681971969,0,tid_549|tid_525|tid_1339|tid_1343|tid_690|tid_1300|tid_1355|tid_2159|tid_2127|tid_1358|tid_1635|tid_1345|tid_519|tid_761|tid_1296
tid_1641,13.255995283646826,13.255995283646826,0,tid_2035|tid_1639|tid_2302|tid_1658|tid_751|tid_1682|tid_2303|tid_1679|tid_1950|tid_2276|tid_2299|tid_1973|tid_999|tid_1699|tid_2314
tid_1642,13.156540653480642,13.156540653480642,0,tid_1689|tid_1548|tid_1014|tid_1035|tid_926|tid_1041|tid_1891|tid_1698|tid_1887|tid_692|tid_2072|tid_1681|tid_1033|tid_1421|tid_1032
tid_1643,12.536530590597694,12.536530590597694,0,tid_270|tid_1996|tid_2070|tid_1674|tid_1633|tid_1731|tid_1671|tid_2886|tid_1672|tid_1699|tid_70|tid_903|tid_1641|tid_1658|tid_1111
tid_1644,10.380208192021412,10.380208192021412,0,tid_2154|tid_774|tid_2304|tid_1653|tid_743|tid_1664|tid_1284|tid_898|tid_531|tid_2163|tid_1337|tid_1290|tid_1287|tid_1056|tid_1280
tid_1645,13.669897934375651,13.669897934375651,0,tid_1639|tid_1693|tid_2296|tid_552|tid_356|tid_1694|tid_1730|tid_2307|tid_2303|tid_559|tid_1658|tid_2300|tid_1608|tid_749|tid_1565
tid_1646,12.756993179796371,12.756993179796371,0,tid_275|tid_1279|tid_1268|tid_2152|tid_554|tid_544|tid_904|tid_489|tid_1292|tid_457|tid_1266|tid_1657|tid_2054|tid_235|tid_2037
tid_1647,13.503969645760927,13.503969645760929,1.7763568394002505e-15,tid_456|tid_537|tid_558|tid_1657|tid_1061|tid_534|tid_358|tid_1651|tid_1059|tid_1065|tid_1602|tid_2201|tid_1048|tid_1607|tid_544
tid_1648,12.254688383562161,12.25468838356216,1.7763568394002505e-15,tid_2271|tid_1344|tid_2260|tid_1746|tid_566|tid_1343|tid_296|tid_1355|tid_1892|tid_2256|tid_1350|tid_1346|tid_1918|tid_2056|tid_1938
tid_1649,11.504428643804276,11.504428643804276,0,tid_2292|tid_1278|tid_1276|tid_1298|tid_531|tid_1337|tid_1636|tid_58|tid_2302|tid_746|tid_1300|tid_1730|tid_561|tid_749|tid_65
tid_1650,12.39532504328662,12.39532504328662,0,tid_755|tid_752|tid_2018|tid_2316|tid_1535|tid_1687|tid_275|tid_1058|tid_2205|tid_2039|tid_1310|tid_242|tid_2304|tid_2314|tid_1782
tid_1651,14.031882500447779,14.031882500447781,1.7763568394002505e-15,tid_554|tid_1630|tid_537|tid_544|tid_1687|tid_1661|tid_1637|tid_564|tid_534|tid_2317|tid_2305|tid_704|tid_1544|tid_524|tid_1357
tid_1652,17.363146522083305,17.363146522083305,0,tid_42|tid_278|tid_481|tid_510|tid_357|tid_81|tid_375|tid_380|tid_66|tid_421|tid_422|tid_373|tid_1008|tid_26|tid_578
tid_1653,11.572781545351884,11.572781545351884,0,tid_2304|tid_1290|tid_1644|tid_774|tid_898|tid_743|tid_280|tid_2154|tid_1664|tid_1287|tid_281|tid_1056|tid_2018|tid_1655|tid_1146
tid_1654,14.031882500447779,14.031882500447781,1.7763568394002505e-15,tid_1625|tid_744|tid_568|tid_1661|tid_554|tid_545|tid_524|tid_2317|tid_1189|tid_444|tid_443|tid_2305|tid_1697|tid_1630|tid_398
tid_1655,15.121274130693173,15.121274130693172,1.7763568394002505e-15,tid_280|tid_1312|tid_1310|tid_1052|tid_1288|tid_1588|tid_1650|tid_1119|tid_710|tid_457|tid_1660|tid_572|tid_1653|tid_2316|tid_1535
tid_1656,13.971954952984911,13.971954952984913,1.7763568394002505e-15,tid_1948|tid_1356|tid_1697|tid_2314|tid_1261|tid_1533|tid_398|tid_1557|tid_568|tid_530|tid_70|tid_1624|tid_518|tid_545|tid_554
tid_1657,12.047025441836734,12.047025441836734,0,tid_1602|tid_457|tid_456|tid_544|tid_1064|tid_275|tid_1607|tid_1647|tid_537|tid_1646|tid_765|tid_2152|tid_1065|tid_1208|tid_1651
tid_1658,12.48229331280859,12.48229331280859,0,tid_2296|tid_70|tid_1700|tid_1639|tid_2299|tid_1633|tid_1638|tid_1674|tid_1696|tid_1641|tid_1682|tid_1948|tid_1705|tid_1608|tid_1167
tid_1659,16.951655137675004,16.951655137675004,0,tid_1131|tid_1987|tid_1603|tid_2203|tid_511|tid_1675|tid_2030|tid_2019|tid_1109|tid_505|tid_1604|tid_1161|tid_397|tid_2021|tid_599
tid_1660,13.496937172178747,13.496937172178749,1.7763568394002505e-15,tid_1605|tid_1320|tid_570|tid_2152|tid_1325|tid_572|tid_1067|tid_2156|tid_691|tid_2618|tid_2049|tid_2150|tid_710|tid_699|tid_2162
tid_1661,14.031882500447779,14.031882500447781,1.7763568394002505e-15,tid_568|tid_554|tid_2317|tid_524|tid_564|tid_1654|tid_1356|tid_540|tid_560|tid_749|tid_1300|tid_545|tid_1630|tid_1651|tid_530
tid_1662,15.077207202585541,15.077207202585541,0,tid_1282|tid_882|tid_791|tid_796|tid_880|tid_876|tid_556|tid_583|tid_708|tid_602|tid_800|tid_30|tid_324|tid_580|tid_801
tid_1663,13.356527117399208,13.356527117399208,0,tid_769|tid_1938|tid_2298|tid_2294|tid_1730|tid_1639|tid_1690|tid_1280|tid_1902|tid_1901|tid_703|tid_1745|tid_1533|tid_687|tid_1715
tid_1664,11.798848354397773,11.798848354397771,1.7763568394002505e-15,tid_2154|tid_2037|tid_1644|tid_1337|tid_898|tid_746|tid_717|tid_1653|tid_1272|tid_2304|tid_1280|tid_531|tid_1290|tid_2157|tid_1298
tid_1665,17.381285270899216,17.381285270899216,0,tid_29|tid_504|tid_1258|tid_73|tid_66|tid_25|tid_2281|tid_26|tid_362|tid_355|tid_1632|tid_2275|tid_1190|tid_76|tid_385
tid_1666,13.37131225770487,13.37131225770487,0,tid_1760|tid_1353|tid_1018|tid_1887|tid_2093|tid_832|tid_1893|tid_1927|tid_1740|tid_2262|tid_301|tid_1011|tid_1689|tid_929|tid_1924
tid_1667,18.063627626155455,18.063627626155451,3.5527136788005009e-15,tid_1765|tid_1039|tid_2252|tid_1683|tid_1553|tid_2280|tid_1577|tid_1009|tid_1719|tid_3005|tid_2710|tid_989|tid_1010|tid_1539|tid_1980
tid_1668,18.00122700780511,18.00122700780511,0,tid_676|tid_1986|tid_1599|tid_1303|tid_510|tid_989|tid_1707|tid_686|tid_1140|tid_1919|tid_380|tid_1008|tid_3011|tid_1107|tid_2282
tid_1669,14.018862542784859,14.018862542784859,0,tid_1994|tid_1305|tid_1992|tid_1878|tid_2297|tid_2324|tid_1270|tid_1976|tid_1321|tid_2335|tid_2253|tid_2051|tid_1692|tid_2001|tid_1130
tid_167,17.8532617704807,17.8532617704807,0,tid_196|tid_352|tid_345|tid_168|tid_201|tid_2881|tid_824|tid_194|tid_2876|tid_812|tid_347|tid_351|tid_809|tid_2|tid_205
tid_1670,14.5364217847606,14.5364217847606,0,tid_1679|tid_1899|tid_303|tid_1694|tid_1259|tid_1700|tid_482|tid_1592|tid_2303|tid_1934|tid_1026|tid_1671|tid_2296|tid_1658|tid_1931
tid_1671,15.381696332679384,15.381696332679384,0,tid_3|tid_1885|tid_270|tid_1015|tid_2111|tid_2070|tid_1861|tid_1912|tid_1020|tid_1679|tid_1321|tid_1705|tid_1643|tid_1583|tid_1899
tid_1672,14.977813395069983,14.977813395069983,0,tid_1110|tid_1991|tid_1673|tid_2001|tid_270|tid_1996|tid_891|tid_2886|tid_1184|tid_1992|tid_211|tid_1990|tid_1973|tid_1643|tid_670
tid_1673,17.727410479304552,17.727410479304552,0,tid_1991|tid_1672|tid_1990|tid_670|tid_1110|tid_2010|tid_1260|tid_270|tid_1999|tid_1704|tid_1996|tid_891|tid_2005|tid_1407|tid_2218
tid_1674,12.758415624657671,12.758415624657673,1.7763568394002505e-15,tid_1633|tid_382|tid_1700|tid_1658|tid_22|tid_70|tid_1112|tid_1131|tid_49|tid_1996|tid_270|tid_1302|tid_741|tid_1262|tid_2296
tid_1675,15.679038975260928,15.679038975260928,0,tid_1603|tid_1131|tid_2034|tid_505|tid_383|tid_1659|tid_2295|tid_599|tid_366|tid_49|tid_2060|tid_511|tid_1109|tid_1987|tid_374
tid_1676,12.399514768789643,12.399514768789643,0,tid_895|tid_1003|tid_1997|tid_226|tid_1129|tid_1121|tid_236|tid_227|tid_241|tid_2233|tid_1989|tid_1305|tid_1669|tid_1321|tid_1143
tid_1678,13.748160910639617,13.748160910639616,1.7763568394002505e-15,tid_184|tid_687|tid_1938|tid_1715|tid_2267|tid_1902|tid_2294|tid_2269|tid_1750|tid_295|tid_304|tid_293|tid_1663|tid_1901|tid_1773
tid_1679,11.75537794405237,11.75537794405237,0,tid_1950|tid_1694|tid_1947|tid_1641|tid_1670|tid_482|tid_1700|tid_1671|tid_1682|tid_1886|tid_1705|tid_2299|tid_2272|tid_1639|tid_1658
tid_168,17.579507504339364,17.579507504339364,0,tid_352|tid_167|tid_347|tid_196|tid_348|tid_198|tid_349|tid_201|tid_194|tid_351|tid_2|tid_195|tid_2881|tid_205|tid_185
tid_1680,11.863181730825477,11.863181730825476,1.7763568394002505e-15,tid_555|tid_1942|tid_2089|tid_1754|tid_924|tid_922|tid_926|tid_1040|tid_930|tid_1014|tid_1647|tid_558|tid_1642|tid_534|tid_1033
tid_1681,13.217877143214896,13.217877143214896,0,tid_1028|tid_1548|tid_1032|tid_1929|tid_1689|tid_1561|tid_1642|tid_1941|tid_1887|tid_520|tid_1353|tid_1918|tid_1035|tid_1745|tid_2257
tid_1682,10.152021004181378,10.152021004181378,0,tid_2302|tid_1658|tid_1641|tid_1633|tid_1694|tid_1700|tid_22|tid_1639|tid_398|tid_70|tid_1699|tid_2296|tid_1679|tid_2314|tid_2299
tid_1683,18.532551026777355,18.532551026777355,0,tid_1039|tid_2074|tid_1010|tid_1667|tid_1740|tid_1920|tid_1021|tid_1719|tid_1009|tid_1765|tid_578|tid_374|tid_832|tid_2884|tid_2252
tid_1685,13.606732170814674,13.606732170814674,0,tid_2309|tid_1759|tid_1690|tid_2308|tid_3012|tid_1938|tid_1935|tid_482|tid_2298|tid_2090|tid_839|tid_1606|tid_297|tid_2307|tid_2153
tid_1686,13.392750376671113,13.392750376671112,1.7763568394002505e-15,tid_2055|tid_1776|tid_1113|tid_1002|tid_1329|tid_2330|tid_2325|tid_1123|tid_1115|tid_734|tid_1304|tid_1132|tid_2321|tid_995|tid_1108
tid_1687,13.971954952984911,13.971954952984913,1.7763568394002505e-15,tid_1630|tid_1651|tid_554|tid_568|tid_544|tid_1611|tid_1661|tid_1167|tid_752|tid_1696|tid_540|tid_1697|tid_1650|tid_755|tid_1656
tid_1688,13.415928110904908,13.415928110904908,0,tid_2294|tid_723|tid_1286|tid_2046|tid_1901|tid_715|tid_184|tid_1696|tid_1705|tid_2328|tid_271|tid_1638|tid_1204|tid_1903|tid_522
tid_1689,12.655013416833615,12.655013416833617,1.7763568394002505e-15,tid_1642|tid_1014|tid_1035|tid_692|tid_1681|tid_760|tid_1548|tid_1887|tid_1891|tid_547|tid_685|tid_1929|tid_683|tid_1251|tid_1033
tid_169,17.749008524410815,17.749008524410815,0,tid_195|tid_351|tid_198|tid_825|tid_2|tid_173|tid_813|tid_1936|tid_818|tid_821|tid_811|tid_834|tid_1742|tid_835|tid_810
tid_1690,13.723155864411151,13.723155864411153,1.7763568394002505e-15,tid_1902|tid_2255|tid_1537|tid_2259|tid_565|tid_495|tid_1663|tid_563|tid_1950|tid_2298|tid_1550|tid_1908|tid_1416|tid_1938|tid_1569
tid_1691,14.253584739383474,14.253584739383474,0,tid_520|tid_479|tid_435|tid_1681|tid_1018|tid_1351|tid_1353|tid_292|tid_1195|tid_550|tid_1027|tid_539|tid_52|tid_391|tid_446
tid_1692,12.176566121631648,12.176566121631648,0,tid_1878|tid_2330|tid_2073|tid_1947|tid_1679|tid_3|tid_1002|tid_2324|tid_1686|tid_1776|tid_2297|tid_2253|tid_1886|tid_2055|tid_1715
tid_1693,13.53644670905798,13.53644670905798,0,tid_446|tid_32|tid_435|tid_552|tid_43|tid_431|tid_539|tid_78|tid_1730|tid_1645|tid_1195|tid_547|tid_749|tid_2307|tid_1565
tid_1694,14.065985873399377,14.065985873399375,1.7763568394002505e-15,tid_2069|tid_1700|tid_2296|tid_559|tid_1950|tid_482|tid_2299|tid_1639|tid_1679|tid_1550|tid_1939|tid_2307|tid_1682|tid_2272|tid_565
tid_1696,14.5364217847606,14.5364217847606,0,tid_540|tid_1948|tid_2299|tid_393|tid_1930|tid_1167|tid_521|tid_2296|tid_70|tid_1568|tid_271|tid_1687|tid_1705|tid_1533|tid_1658
tid_1697,13.478574877885151,13.478574877885151,0,tid_568|tid_530|tid_1703|tid_545|tid_1656|tid_1948|tid_398|tid_540|tid_2274|tid_70|tid_1661|tid_1654|tid_1261|tid_543|tid_737
tid_1698,14.45810996452308,14.45810996452308,0,tid_1548|tid_828|tid_1038|tid_2087|tid_926|tid_1915|tid_1926|tid_1041|tid_181|tid_1642|tid_1714|tid_1747|tid_831|tid_2072|tid_1928
tid_1699,12.389631360153896,12.389631360153896,0,tid_743|tid_2316|tid_1641|tid_522|tid_1682|tid_1643|tid_2035|tid_1731|tid_2302|tid_2314|tid_2315|tid_999|tid_2304|tid_1644|tid_538
tid_17,15.866062292212057,15.866062292212057,0,tid_515|tid_16|tid_455|tid_1170|tid_20|tid_1155|tid_458|tid_14|tid_18|tid_13|tid_6|tid_1159|tid_1148|tid_371|tid_1172
tid_1700,14.065985873399377,14.065985873399375,1.7763568394002505e-15,tid_2296|tid_1658|tid_382|tid_1674|tid_1694|tid_2299|tid_1633|tid_70|tid_559|tid_1639|tid_303|tid_1112|tid_2287|tid_1608|tid_2069
tid_1701,11.931887497097705,11.931887497097703,1.7763568394002505e-15,tid_1120|tid_1878|tid_1923|tid_2324|tid_1692|tid_1305|tid_1669|tid_2329|tid_1270|tid_1733|tid_1994|tid_1002|tid_1542|tid_1127|tid_2055
tid_1702,14.45810996452308,14.45810996452308,0,tid_300|tid_289|tid_1756|tid_831|tid_1747|tid_1944|tid_1929|tid_1028|tid_1941|tid_1932|tid_2255|tid_833|tid_1569|tid_287|tid_565
tid_1703,14.072540708508763,14.072540708508765,1.7763568394002505e-15,tid_2274|tid_1697|tid_530|tid_540|tid_568|tid_545|tid_1948|tid_2295|tid_393|tid_274|tid_70|tid_524|tid_486|tid_1630|tid_1656
tid_1704,18.019591766807807,18.019591766807807,0,tid_270|tid_370|tid_1163|tid_2002|tid_1876|tid_2167|tid_1473|tid_1991|tid_1999|tid_2595|tid_1673|tid_1110|tid_2010|tid_2047|tid_1875
tid_1705,14.952428048659883,14.952428048659884,1.7763568394002505e-15,tid_1020|tid_1015|tid_1696|tid_1710|tid_271|tid_1658|tid_392|tid_1950|tid_1930|tid_2299|tid_1568|tid_1731|tid_393|tid_2179|tid_1037
tid_1706,14.876532637496599,14.8765326374966,1.7763568394002505e-15,tid_1752|tid_833|tid_1934|tid_1939|tid_1944|tid_832|tid_1932|tid_815|tid_831|tid_565|tid_298|tid_391|tid_1702|tid_1353|tid_2274
tid_1707,18.00122700780511,18.00122700780511,0,tid_1303|tid_2282|tid_1140|tid_1008|tid_2251|tid_1107|tid_1410|tid_1668|tid_1952|tid_1525|tid_2044|tid_676|tid_38|tid_578|tid_1986
tid_1708,15.80961071433704,15.80961071433704,0,tid_1427|tid_1422|tid_1037|tid_1710|tid_1413|tid_2167|tid_1846|tid_1899|tid_1912|tid_1020|tid_1021|tid_1414|tid_1883|tid_1211|tid_1592
tid_1709,15.92269477322068,15.92269477322068,0,tid_2062|tid_1899|tid_2165|tid_2186|tid_1879|tid_998|tid_1112|tid_987|tid_1578|tid_2333|tid_1592|tid_2002|tid_1413|tid_303|tid_2167
tid_1710,14.656280668209366,14.656280668209366,0,tid_1037|tid_1427|tid_1019|tid_1025|tid_1020|tid_1015|tid_1708|tid_1429|tid_1200|tid_1888|tid_2179|tid_1912|tid_920|tid_1422|tid_1316
tid_1711,13.886520791891632,13.886520791891632,0,tid_1534|tid_2121|tid_1951|tid_1889|tid_1556|tid_2073|tid_2052|tid_1886|tid_1868|tid_2181|tid_2175|tid_1536|tid_1859|tid_1712|tid_2180
tid_1712,13.569931557786141,13.569931557786139,1.7763568394002505e-15,tid_1868|tid_923|tid_1889|tid_1773|tid_1853|tid_1108|tid_1116|tid_1034|tid_1910|tid_2052|tid_1903|tid_2267|tid_2129|tid_1951|tid_1873
tid_1714,14.216352003768096,14.216352003768096,0,tid_1038|tid_181|tid_1030|tid_1419|tid_2087|tid_1915|tid_2080|tid_1417|tid_1942|tid_294|tid_1698|tid_1872|tid_1916|tid_2082|tid_1041
tid_1715,13.569931557786141,13.569931557786139,1.7763568394002505e-15,tid_999|tid_1678|tid_538|tid_1947|tid_184|tid_1712|tid_687|tid_703|tid_1868|tid_2294|tid_1901|tid_1108|tid_2332|tid_2315|tid_1889
tid_1717,16.191915590204076,16.191915590204076,0,tid_2068|tid_2100|tid_2117|tid_2139|tid_392|tid_1910|tid_2137|tid_2143|tid_2050|tid_1415|tid_925|tid_2118|tid_2046|tid_1774|tid_1888
tid_1718,15.39166695091585,15.39166695091585,0,tid_2066|tid_1869|tid_1214|tid_2132|tid_2116|tid_1857|tid_1331|tid_1115|tid_1579|tid_2068|tid_1854|tid_691|tid_1873|tid_2112|tid_1627
tid_1719,18.532551026777355,18.532551026777355,0,tid_1021|tid_2884|tid_3007|tid_1039|tid_2074|tid_899|tid_2168|tid_1532|tid_1740|tid_1010|tid_1577|tid_1667|tid_3005|tid_1765|tid_2710
tid_1722,13.82802953375899,13.82802953375899,0,tid_1928|tid_1420|tid_1725|tid_1784|tid_1891|tid_2056|tid_307|tid_295|tid_1896|tid_1755|tid_2081|tid_1116|tid_1907|tid_706|tid_1417
tid_1724,14.786425117387347,14.786425117387347,0,tid_553|tid_706|tid_1725|tid_699|tid_1322|tid_1580|tid_295|tid_516|tid_1320|tid_1323|tid_2056|tid_2094|tid_296|tid_1773|tid_1626
tid_1725,12.473834751147095,12.473834751147097,1.7763568394002505e-15,tid_295|tid_706|tid_1626|tid_1420|tid_1722|tid_2067|tid_562|tid_296|tid_2094|tid_1884|tid_1928|tid_2056|tid_2255|tid_1348|tid_2257
tid_1726,18.903230175391084,18.903230175391084,0,tid_1117|tid_2063|tid_1890|tid_2033|tid_1881|tid_841|tid_2312|tid_2395|tid_3009|tid_10|tid_2119|tid_1783|tid_1527|tid_2032|tid_2044
tid_1727,13.916893793054786,13.916893793054786,0,tid_1909|tid_2067|tid_562|tid_1622|tid_1217|tid_683|tid_523|tid_1416|tid_1614|tid_2259|tid_706|tid_2257|tid_305|tid_1775|tid_1242
tid_1728,13.886520791891632,13.886520791891632,0,tid_923|tid_1898|tid_1886|tid_1868|tid_1712|tid_1947|tid_1951|tid_1859|tid_999|tid_1108|tid_538|tid_1715|tid_1017|tid_1889|tid_1591
tid_173,15.484069914506238,15.484069914506238,0,tid_825|tid_838|tid_169|tid_835|tid_1036|tid_1940|tid_1762|tid_836|tid_1738|tid_1945|tid_2082|tid_2265|tid_821|tid_195|tid_203
tid_1730,12.798533659000055,12.798533659000055,0,tid_552|tid_1356|tid_749|tid_1663|tid_1661|tid_1292|tid_548|tid_1533|tid_1341|tid_521|tid_1300|tid_547|tid_3012|tid_1278|tid_1639
tid_1731,16.028499945610797,16.028499945610797,0,tid_1125|tid_1425|tid_271|tid_1557|tid_1015|tid_70|tid_2278|tid_518|tid_1631|tid_392|tid_1610|tid_1316|tid_1108|tid_2316|tid_739
tid_1732,13.748160910639617,13.748160910639616,1.7763568394002505e-15,tid_295|tid_1921|tid_1750|tid_1559|tid_1933|tid_296|tid_1420|tid_2254|tid_2256|tid_1567|tid_1551|tid_1028|tid_2266|tid_1725|tid_1569
tid_1733,14.10404201946729,14.10404201946729,0,tid_1923|tid_1542|tid_1850|tid_2178|tid_1858|tid_1126|tid_1546|tid_1002|tid_2321|tid_1776|tid_1113|tid_1692|tid_1574|tid_1120|tid_1347
tid_1737,13.17343555739745,13.17343555739745,0,tid_1755|tid_1222|tid_1928|tid_2085|tid_1773|tid_2266|tid_307|tid_1725|tid_1722|tid_2267|tid_2181|tid_1854|tid_1855|tid_1417|tid_295
tid_1738,14.45810996452308,14.45810996452308,0,tid_1916|tid_2082|tid_2098|tid_1756|tid_836|tid_2075|tid_1747|tid_2185|tid_1872|tid_1428|tid_1761|tid_1945|tid_1848|tid_1940|tid_289
tid_1739,14.509167227656118,14.509167227656118,0,tid_2095|tid_1949|tid_1945|tid_1744|tid_306|tid_2096|tid_1753|tid_1412|tid_1870|tid_1567|tid_1541|tid_1743|tid_1933|tid_2091|tid_2254
tid_1740,16.317797004372501,16.317797004372501,0,tid_1021|tid_1893|tid_1683|tid_1010|tid_1039|tid_1760|tid_2074|tid_1719|tid_1666|tid_832|tid_899|tid_301|tid_2076|tid_1532|tid_3007
tid_1741,14.105138864020228,14.105138864020228,0,tid_1865|tid_1864|tid_1751|tid_2254|tid_2085|tid_1743|tid_2095|tid_1737|tid_2266|tid_1044|tid_1851|tid_1870|tid_1933|tid_1855|tid_1617
tid_1742,15.484069914506238,15.484069914506238,0,tid_1936|tid_1752|tid_1037|tid_195|tid_1939|tid_1934|tid_1708|tid_1931|tid_825|tid_1710|tid_818|tid_1020|tid_1427|tid_1738|tid_1021
tid_1743,13.745261184434288,13.745261184434288,0,tid_1870|tid_1933|tid_306|tid_2266|tid_1761|tid_1044|tid_2254|tid_1567|tid_181|tid_1412|tid_2085|tid_2087|tid_288|tid_1714|tid_1013
tid_1744,13.752655909369537,13.752655909369537,0,tid_829|tid_1949|tid_836|tid_2096|tid_1753|tid_1945|tid_1940|tid_1739|tid_2090|tid_1559|tid_835|tid_1935|tid_1749|tid_1541|tid_1756
tid_1745,13.38990538600302,13.38990538600302,0,tid_1941|tid_1016|tid_1012|tid_2077|tid_1944|tid_831|tid_2255|tid_1564|tid_1035|tid_1759|tid_1032|tid_828|tid_1566|tid_1722|tid_833
tid_1746,13.845623707787746,13.845623707787746,0,tid_2256|tid_2271|tid_1344|tid_1648|tid_296|tid_2254|tid_1732|tid_2056|tid_2091|tid_1892|tid_1751|tid_1561|tid_295|tid_1567|tid_1918
tid_1747,14.447931326870457,14.447931326870457,0,tid_1915|tid_1756|tid_2087|tid_831|tid_2098|tid_1916|tid_1417|tid_2082|tid_2077|tid_1016|tid_1928|tid_1702|tid_289|tid_1941|tid_1750
tid_1749,14.105138864020228,14.105138864020228,0,tid_2096|tid_1935|tid_1559|tid_1753|tid_1744|tid_292|tid_1949|tid_520|tid_287|tid_479|tid_1849|tid_2090|tid_2078|tid_2095|tid_1027
tid_1750,14.459743511017686,14.459743511017686,0,tid_295|tid_1921|tid_293|tid_1569|tid_1732|tid_2255|tid_1747|tid_300|tid_1725|tid_1016|tid_1559|tid_1915|tid_289|tid_1928|tid_1849
tid_1751,14.347454692369844,14.347454692369844,0,tid_2271|tid_2254|tid_1746|tid_2056|tid_1741|tid_2091|tid_1344|tid_2085|tid_1024|tid_516|tid_1865|tid_296|tid_295|tid_1732|tid_1864
tid_1752,14.876532637496599,14.8765326374966,1.7763568394002505e-15,tid_1706|tid_1932|tid_1939|tid_832|tid_1934|tid_1037|tid_1944|tid_831|tid_833|tid_815|tid_1927|tid_298|tid_1702|tid_1021|tid_565
tid_1753,14.105138864020228,14.105138864020228,0,tid_1559|tid_1949|tid_1541|tid_2090|tid_1849|tid_1921|tid_1732|tid_2095|tid_2098|tid_1935|tid_2096|tid_1569|tid_1744|tid_829|tid_1749
tid_1754,12.932854127445935,12.932854127445935,0,tid_2262|tid_1924|tid_1014|tid_1642|tid_1353|tid_1689|tid_1680|tid_2258|tid_929|tid_926|tid_1548|tid_372|tid_1893|tid_1666|tid_692
tid_1755,13.555851053335587,13.555851053335587,0,tid_307|tid_1848|tid_1223|tid_1034|tid_1928|tid_2081|tid_1722|tid_1737|tid_1116|tid_2185|tid_1564|tid_1884|tid_1417|tid_1852|tid_2184
tid_1756,14.459743511017686,14.459743511017686,0,tid_1747|tid_289|tid_2098|tid_2090|tid_1916|tid_1702|tid_831|tid_2077|tid_2082|tid_1915|tid_2075|tid_1016|tid_836|tid_2087|tid_1738
tid_1757,13.17343555739745,13.17343555739745,0,tid_2265|tid_1943|tid_1762|tid_1222|tid_2085|tid_1940|tid_1851|tid_1855|tid_1737|tid_1761|tid_2098|tid_2082|tid_297|tid_1755|tid_2267
tid_1758,18.63087454357073,18.63087454357073,0,tid_918|tid_1410|tid_1008|tid_1952|tid_841|tid_3009|tid_820|tid_1007|tid_373|tid_2044|tid_1707|tid_2312|tid_986|tid_2210|tid_2887
tid_1759,13.847839380350591,13.847839380350592,1.7763568394002505e-15,tid_839|tid_1745|tid_1016|tid_2090|tid_1564|tid_2077|tid_1941|tid_1944|tid_833|tid_293|tid_1528|tid_1756|tid_826|tid_1690|tid_1565
tid_1760,17.45817613371614,17.45817613371614,0,tid_1011|tid_1666|tid_1927|tid_823|tid_810|tid_1018|tid_1740|tid_832|tid_2093|tid_2074|tid_1893|tid_1920|tid_1353|tid_2076|tid_1010
tid_1761,14.509167227656118,14.509167227656118,0,tid_1870|tid_2266|tid_2098|tid_1933|tid_2082|tid_1945|tid_1417|tid_1743|tid_1762|tid_2087|tid_306|tid_2085|tid_1915|tid_1747|tid_181
tid_1762,14.6888774660765,14.6888774660765,0,tid_1945|tid_2082|tid_1870|tid_1761|tid_2265|tid_2085|tid_2098|tid_838|tid_2266|tid_1940|tid_1933|tid_306|tid_1036|tid_1743|tid_181
tid_1764,18.046709713628562,18.046709713628559,3.5527136788005009e-15,tid_1527|tid_1107|tid_2044|tid_1986|tid_2318|tid_2337|tid_1135|tid_2004|tid_2033|tid_375|tid_988|tid_1877|tid_1136|tid_1890|tid_2282
tid_1765,18.063627626155455,18.063627626155451,3.5527136788005009e-15,tid_1577|tid_2280|tid_1009|tid_989|tid_1667|tid_2252|tid_1980|tid_3005|tid_1539|tid_1553|tid_1526|tid_1540|tid_1039|tid_1235|tid_1212
tid_1766,13.344878807718574,13.344878807718574,0,tid_1596|tid_1557|tid_518|tid_1782|tid_1611|tid_1244|tid_901|tid_1777|tid_1004|tid_2059|tid_2042|tid_1535|tid_1769|tid_1628|tid_2152
tid_1768,14.940993014436344,14.940993014436344,0,tid_1631|tid_1619|tid_1788|tid_408|tid_1612|tid_2027|tid_1168|tid_360|tid_1221|tid_1778|tid_1425|tid_1308|tid_1111|tid_913|tid_1068
tid_1769,13.496937172178747,13.496937172178749,1.7763568394002505e-15,tid_2322|tid_2059|tid_1535|tid_1581|tid_1004|tid_1587|tid_449|tid_2618|tid_1308|tid_1218|tid_1782|tid_1777|tid_2162|tid_1785|tid_1610
tid_1770,12.732102712499916,12.732102712499916,0,tid_219|tid_697|tid_1066|tid_1308|tid_1588|tid_1627|tid_1125|tid_1782|tid_216|tid_223|tid_451|tid_2128|tid_1310|tid_2327|tid_1132
tid_1771,14.750600256350088,14.750600256350088,0,tid_1775|tid_1613|tid_1777|tid_1590|tid_2143|tid_1201|tid_1582|tid_1717|tid_1328|tid_925|tid_1910|tid_1616|tid_922|tid_2117|tid_2118
tid_1773,13.555851053335587,13.555851053335587,0,tid_1594|tid_1712|tid_1116|tid_1868|tid_2129|tid_1884|tid_1910|tid_687|tid_307|tid_1903|tid_1204|tid_2053|tid_1722|tid_570|tid_1725
tid_1774,13.82802953375899,13.82802953375899,0,tid_1888|tid_2046|tid_1204|tid_1555|tid_2139|tid_1019|tid_2196|tid_1415|tid_1024|tid_2068|tid_1419|tid_930|tid_1213|tid_1928|tid_695
tid_1775,12.797652424208451,12.797652424208453,1.7763568394002505e-15,tid_1596|tid_1766|tid_1580|tid_1610|tid_1727|tid_572|tid_2152|tid_1777|tid_570|tid_2162|tid_2059|tid_2129|tid_1416|tid_1769|tid_1771
tid_1776,13.518458096392273,13.518458096392273,0,tid_2055|tid_1686|tid_1113|tid_1002|tid_2330|tid_734|tid_2321|tid_1123|tid_1006|tid_1329|tid_1304|tid_2058|tid_2325|tid_1115|tid_2329
tid_1777,15.421216939199468,15.421216939199468,0,tid_1570|tid_1616|tid_1544|tid_2207|tid_1769|tid_2150|tid_1571|tid_1766|tid_2200|tid_2059|tid_1628|tid_449|tid_1907|tid_1611|tid_1067
tid_1778,15.80961071433704,15.80961071433704,0,tid_1111|tid_2336|tid_1112|tid_2333|tid_1316|tid_2060|tid_2007|tid_992|tid_1422|tid_1983|tid_1158|tid_677|tid_1631|tid_1578|tid_511
tid_1780,14.672345150623901,14.672345150623901,0,tid_1554|tid_668|tid_915|tid_1895|tid_1530|tid_271|tid_769|tid_2053|tid_2278|tid_1568|tid_1200|tid_1414|tid_2059|tid_2042|tid_1583
tid_1781,12.62941417231962,12.62941417231962,0,tid_1122|tid_1124|tid_1069|tid_2151|tid_2138|tid_1057|tid_233|tid_1128|tid_2134|tid_1312|tid_1164|tid_902|tid_2031|tid_2112|tid_1133
tid_1782,13.474642256316759,13.474642256316759,0,tid_1004|tid_1535|tid_2322|tid_1610|tid_1766|tid_1308|tid_755|tid_2039|tid_2316|tid_1557|tid_739|tid_1596|tid_1769|tid_2059|tid_901
tid_1783,17.583046702176873,17.583046702176873,0,tid_2547|tid_2571|tid_2393|tid_2410|tid_1492|tid_2395|tid_2644|tid_1396|tid_2588|tid_2392|tid_2210|tid_1890|tid_1117|tid_1527|tid_2403
tid_1784,11.995299139526395,11.995299139526397,1.7763568394002505e-15,tid_1204|tid_1722|tid_1205|tid_1896|tid_1907|tid_1421|tid_1891|tid_1928|tid_2213|tid_1594|tid_1024|tid_2056|tid_1420|tid_1773|tid_691
tid_1785,15.421216939199468,15.421216939199468,0,tid_1316|tid_2183|tid_1209|tid_1200|tid_1221|tid_2139|tid_2113|tid_271|tid_1125|tid_1218|tid_2007|tid_1769|tid_2322|tid_2059|tid_1583
tid_1786,13.446848152365188,13.446848152365188,0,tid_1549|tid_697|tid_2027|tid_1066|tid_1788|tid_451|tid_2264|tid_2334|tid_913|tid_219|tid_216|tid_2131|tid_1063|tid_1143|tid_1770
tid_1787,15.463573191693891,15.463573191693891,0,tid_18|tid_14|tid_2117|tid_2143|tid_2187|tid_1590|tid_1857|tid_1201|tid_1584|tid_2137|tid_2130|tid_404|tid_2204|tid_2110|tid_209
tid_1788,14.349429856327166,14.349429856327166,0,tid_1631|tid_913|tid_2334|tid_1221|tid_1768|tid_451|tid_1111|tid_1308|tid_2027|tid_1612|tid_1063|tid_1285|tid_219|tid_1770|tid_697
tid_18,14.371049941821191,14.371049941821193,1.7763568394002505e-15,tid_14|tid_209|tid_455|tid_1572|tid_1139|tid_1159|tid_1170|tid_1787|tid_2021|tid_1148|tid_2195|tid_20|tid_2208|tid_1137|tid_1240
tid_181,14.45810996452308,14.45810996452308,0,tid_1714|tid_2087|tid_1698|tid_1915|tid_1933|tid_1916|tid_1747|tid_2082|tid_2266|tid_1036|tid_1926|tid_1548|tid_1743|tid_1038|tid_1761
tid_184,13.239347219670261,13.239347219670259,1.7763568394002505e-15,tid_1678|tid_2294|tid_1715|tid_1901|tid_1534|tid_687|tid_2267|tid_1889|tid_1938|tid_1712|tid_2046|tid_1773|tid_1116|tid_715|tid_1204
tid_1845,17.466334545946459,17.466334545946459,0,tid_1560|tid_1198|tid_2101|tid_1007|tid_2164|tid_2646|tid_1523|tid_2251|tid_1410|tid_1397|tid_1874|tid_1598|tid_986|tid_1977|tid_1707
tid_1846,15.80961071433704,15.80961071433704,0,tid_920|tid_1207|tid_1427|tid_1422|tid_1414|tid_1025|tid_1021|tid_1037|tid_1429|tid_1708|tid_1019|tid_1922|tid_1883|tid_2710|tid_1211
tid_1848,13.555851053335587,13.555851053335587,0,tid_1223|tid_2185|tid_1755|tid_307|tid_1856|tid_2098|tid_1417|tid_2184|tid_1034|tid_2077|tid_1564|tid_1928|tid_1423|tid_2082|tid_1852
tid_1849,13.953039168574687,13.953039168574689,1.7763568394002505e-15,tid_1569|tid_1559|tid_302|tid_1921|tid_495|tid_300|tid_1732|tid_1750|tid_1753|tid_295|tid_297|tid_287|tid_1626|tid_289|tid_293
tid_185,17.8532617704807,17.8532617704807,0,tid_834|tid_191|tid_198|tid_351|tid_4|tid_169|tid_349|tid_840|tid_168|tid_811|tid_2881|tid_196|tid_195|tid_830|tid_352
tid_1850,12.88451160280626,12.88451160280626,0,tid_1126|tid_2321|tid_1923|tid_1002|tid_1330|tid_1542|tid_1113|tid_1546|tid_1733|tid_1309|tid_2055|tid_2178|tid_1574|tid_2058|tid_1329
tid_1851,13.17343555739745,13.17343555739745,0,tid_1855|tid_1222|tid_1864|tid_1737|tid_1865|tid_1126|tid_1757|tid_2085|tid_2116|tid_2181|tid_2267|tid_1741|tid_1854|tid_1943|tid_2175
tid_1852,14.378337478909732,14.378337478909732,0,tid_1853|tid_1034|tid_2140|tid_1862|tid_307|tid_2129|tid_2175|tid_1423|tid_1755|tid_1889|tid_1910|tid_1017|tid_2081|tid_2185|tid_2181
tid_1853,13.569931557786141,13.569931557786139,1.7763568394002505e-15,tid_1852|tid_1034|tid_2140|tid_2129|tid_1862|tid_1712|tid_1889|tid_307|tid_1017|tid_1910|tid_2175|tid_1868|tid_1873|tid_1556|tid_1116
tid_1854,13.860059350869292,13.860059350869292,0,tid_1860|tid_1331|tid_1617|tid_2068|tid_2116|tid_930|tid_1737|tid_1205|tid_2133|tid_1855|tid_1865|tid_1784|tid_1204|tid_1773|tid_1594
tid_1855,16.19436319330536,16.19436319330536,0,tid_1851|tid_2116|tid_1737|tid_1222|tid_2181|tid_1864|tid_1854|tid_1865|tid_2065|tid_2085|tid_2175|tid_1860|tid_1617|tid_1331|tid_2052
tid_1856,14.013559590833413,14.013559590833411,1.7763568394002505e-15,tid_1419|tid_1417|tid_2080|tid_307|tid_1848|tid_1030|tid_2185|tid_1223|tid_1429|tid_2081|tid_1415|tid_2184|tid_1872|tid_2072|tid_1928
tid_1857,16.176253812747344,16.176253812747344,0,tid_2132|tid_1590|tid_2066|tid_1214|tid_1201|tid_2118|tid_2137|tid_1718|tid_2117|tid_1584|tid_2064|tid_2068|tid_2133|tid_2323|tid_2143
tid_1858,13.219689023111037,13.219689023111036,1.7763568394002505e-15,tid_1871|tid_1542|tid_1923|tid_1733|tid_1850|tid_1126|tid_1574|tid_2178|tid_1546|tid_2321|tid_1120|tid_1002|tid_1330|tid_1347|tid_2253
tid_1859,13.744577203137887,13.744577203137888,1.7763568394002505e-15,tid_1556|tid_1951|tid_1898|tid_1886|tid_2121|tid_2111|tid_1017|tid_1853|tid_1711|tid_1900|tid_1889|tid_1728|tid_2073|tid_3|tid_1912
tid_1860,15.601154680689611,15.601154680689612,1.7763568394002505e-15,tid_1854|tid_2068|tid_2125|tid_2133|tid_1737|tid_1205|tid_930|tid_2143|tid_2116|tid_1617|tid_1331|tid_2137|tid_1717|tid_1852|tid_1415
tid_1861,15.988539734430397,15.988539734430397,0,tid_1595|tid_1321|tid_1885|tid_2111|tid_1583|tid_2293|tid_2070|tid_1997|tid_2158|tid_2105|tid_995|tid_2007|tid_2051|tid_1671|tid_1912
tid_1862,15.555880311278347,15.555880311278347,0,tid_2140|tid_1852|tid_1423|tid_1853|tid_1218|tid_2129|tid_307|tid_1429|tid_2184|tid_2175|tid_1594|tid_1205|tid_2139|tid_2182|tid_1910
tid_1863,18.63087454357073,18.63087454357073,0,tid_1411|tid_2647|tid_3009|tid_2884|tid_506|tid_989|tid_820|tid_3005|tid_2169|tid_1477|tid_1315|tid_1525|tid_841|tid_991|tid_1010
tid_1864,15.092624896090401,15.092624896090401,0,tid_1865|tid_1855|tid_1741|tid_1851|tid_2085|tid_1737|tid_2254|tid_1617|tid_1751|tid_1854|tid_1222|tid_1331|tid_1724|tid_553|tid_2181
tid_1865,14.347454692369844,14.347454692369844,0,tid_1741|tid_1864|tid_1854|tid_1331|tid_1737|tid_1855|tid_1617|tid_1724|tid_1860|tid_2085|tid_1851|tid_516|tid_1751|tid_2254|tid_1044
tid_1868,13.415928110904908,13.415928110904908,0,tid_1712|tid_1591|tid_2052|tid_1773|tid_923|tid_1889|tid_1728|tid_1853|tid_1711|tid_1884|tid_1903|tid_1108|tid_2267|tid_1715|tid_2181
tid_1869,13.518458096392273,13.518458096392273,0,tid_1873|tid_2052|tid_1115|tid_1215|tid_2058|tid_1328|tid_1718|tid_1903|tid_2116|tid_2068|tid_1220|tid_1627|tid_715|tid_1329|tid_2618
tid_1870,14.447931326870457,14.447931326870457,0,tid_1761|tid_1743|tid_2266|tid_306|tid_1933|tid_1945|tid_1762|tid_2098|tid_2082|tid_2085|tid_1567|tid_181|tid_1714|tid_2087|tid_1417
tid_1871,13.332058913749933,13.332058913749933,0,tid_1858|tid_1542|tid_1923|tid_1733|tid_1701|tid_2178|tid_1120|tid_1850|tid_2253|tid_1711|tid_1126|tid_1878|tid_1692|tid_2073|tid_2176
tid_1872,14.187479754138366,14.187479754138366,0,tid_294|tid_1426|tid_1714|tid_1210|tid_1856|tid_1916|tid_1419|tid_2080|tid_1030|tid_1417|tid_2072|tid_1415|tid_188|tid_1041|tid_2087
tid_1873,13.415928110904908,13.415928110904908,0,tid_2052|tid_1903|tid_1869|tid_1215|tid_2068|tid_1853|tid_715|tid_1712|tid_2139|tid_1862|tid_1594|tid_2181|tid_1328|tid_1773|tid_1306
tid_1874,17.566720138290304,17.566720138290304,0,tid_1979|tid_1523|tid_2161|tid_1007|tid_2275|tid_1977|tid_2887|tid_504|tid_1598|tid_1597|tid_1190|tid_1620|tid_2144|tid_2392|tid_2407
tid_1875,17.271138542733809,17.271138542733809,0,tid_680|tid_1876|tid_2002|tid_1980|tid_2011|tid_2062|tid_2288|tid_1999|tid_1160|tid_1919|tid_2320|tid_2311|tid_1978|tid_1985|tid_2333
tid_1876,17.674167828839771,17.674167828839771,0,tid_1875|tid_2619|tid_2167|tid_2002|tid_680|tid_1540|tid_2047|tid_1160|tid_1413|tid_2062|tid_991|tid_2883|tid_2333|tid_1577|tid_1879
tid_1877,18.141780486327885,18.141780486327885,0,tid_988|tid_2044|tid_2169|tid_1107|tid_1764|tid_1986|tid_2282|tid_1881|tid_1303|tid_1527|tid_1707|tid_2320|tid_1890|tid_2318|tid_2032
tid_1878,13.070516379789021,13.070516379789019,1.7763568394002505e-15,tid_2324|tid_1692|tid_1305|tid_1270|tid_2297|tid_2330|tid_1994|tid_1120|tid_734|tid_2051|tid_1127|tid_1002|tid_1321|tid_1669|tid_2253
tid_1879,18.550602973701636,18.55060297370164,3.5527136788005009e-15,tid_2186|tid_2165|tid_1577|tid_1539|tid_1709|tid_2188|tid_1592|tid_680|tid_1212|tid_987|tid_2062|tid_2280|tid_1899|tid_2288|tid_1876
tid_188,13.753785854266876,13.753785854266876,0,tid_2093|tid_1924|tid_929|tid_294|tid_1893|tid_1872|tid_1760|tid_1927|tid_1916|tid_1426|tid_2072|tid_1428|tid_181|tid_2061|tid_1714
tid_1880,16.428144649614463,16.428144649614463,0,tid_833|tid_1528|tid_1565|tid_1012|tid_1562|tid_2301|tid_1944|tid_1934|tid_308|tid_298|tid_832|tid_814|tid_1566|tid_1553|tid_1941
tid_1881,18.852893727734422,18.852893727734426,3.5527136788005009e-15,tid_2032|tid_2033|tid_1726|tid_1890|tid_1315|tid_510|tid_375|tid_1877|tid_1117|tid_1600|tid_1668|tid_1764|tid_1919|tid_1527|tid_674
tid_1883,18.343785790305176,18.343785790305176,0,tid_2710|tid_2333|tid_1922|tid_1422|tid_2883|tid_1413|tid_1577|tid_1876|tid_1846|tid_2108|tid_2047|tid_1207|tid_1211|tid_2060|tid_2167
tid_1884,13.569931557786141,13.569931557786139,1.7763568394002505e-15,tid_1626|tid_1116|tid_687|tid_1725|tid_1773|tid_1537|tid_1755|tid_295|tid_1902|tid_1034|tid_2094|tid_307|tid_1889|tid_1569|tid_1722
tid_1885,15.988539734430397,15.988539734430397,0,tid_1861|tid_1912|tid_2070|tid_1709|tid_2293|tid_2593|tid_1211|tid_1671|tid_2109|tid_1899|tid_1200|tid_1708|tid_1592|tid_1578|tid_2111
tid_1886,12.139240708501697,12.139240708501696,1.7763568394002505e-15,tid_1898|tid_2121|tid_1889|tid_1951|tid_1536|tid_1556|tid_1947|tid_1900|tid_2073|tid_1728|tid_1711|tid_1859|tid_1895|tid_1534|tid_1780
tid_1887,13.633228288948708,13.633228288948708,0,tid_2072|tid_1032|tid_1929|tid_1642|tid_1548|tid_2093|tid_1666|tid_1041|tid_1941|tid_1018|tid_1689|tid_1353|tid_1681|tid_1035|tid_831
tid_1888,13.555851053335587,13.555851053335587,0,tid_1019|tid_2046|tid_1774|tid_1429|tid_2139|tid_1025|tid_1530|tid_1415|tid_1204|tid_2081|tid_1030|tid_1419|tid_2184|tid_1555|tid_307
tid_1889,12.941776144187767,12.941776144187768,1.7763568394002505e-15,tid_2121|tid_1116|tid_1534|tid_1712|tid_1034|tid_1886|tid_1556|tid_1951|tid_1853|tid_1711|tid_1868|tid_307|tid_1554|tid_1017|tid_1852
tid_1890,18.368427681597499,18.368427681597495,3.5527136788005009e-15,tid_2395|tid_1726|tid_2033|tid_2063|tid_1881|tid_2044|tid_1764|tid_1117|tid_2312|tid_1527|tid_375|tid_1877|tid_1783|tid_2337|tid_3009
tid_1891,14.635673052402186,14.635673052402186,0,tid_1896|tid_926|tid_1907|tid_1421|tid_1420|tid_1033|tid_2067|tid_706|tid_1722|tid_922|tid_1573|tid_1543|tid_1547|tid_719|tid_1642
tid_1892,15.338389240772576,15.338389240772576,0,tid_1346|tid_760|tid_569|tid_2257|tid_571|tid_1547|tid_296|tid_566|tid_1614|tid_1349|tid_706|tid_1891|tid_1573|tid_1323|tid_2197
tid_1893,14.187479754138366,14.187479754138366,0,tid_2061|tid_1740|tid_2093|tid_1666|tid_188|tid_1760|tid_1041|tid_929|tid_1924|tid_1353|tid_832|tid_2076|tid_1014|tid_2072|tid_1031
tid_1894,14.511819932117277,14.511819932117277,0,tid_1984|tid_2114|tid_2327|tid_1215|tid_2131|tid_1873|tid_1213|tid_2111|tid_2126|tid_1203|tid_1125|tid_2118|tid_1219|tid_2064|tid_1869
tid_1895,14.672345150623901,14.672345150623901,0,tid_1554|tid_1780|tid_1026|tid_1550|tid_1568|tid_1211|tid_1414|tid_668|tid_2301|tid_1898|tid_2028|tid_1530|tid_1886|tid_1912|tid_1116
tid_1896,13.82802953375899,13.82802953375899,0,tid_1907|tid_1891|tid_922|tid_1033|tid_1421|tid_2067|tid_926|tid_1722|tid_706|tid_1784|tid_1420|tid_1928|tid_1573|tid_1547|tid_2080
tid_1897,13.723155864411151,13.723155864411153,1.7763568394002505e-15,tid_1614|tid_547|tid_428|tid_1416|tid_2259|tid_1537|tid_536|tid_1909|tid_1253|tid_571|tid_1622|tid_1340|tid_1629|tid_541|tid_1242
tid_1898,13.569931557786141,13.569931557786139,1.7763568394002505e-15,tid_1886|tid_1556|tid_1859|tid_2121|tid_1728|tid_1900|tid_1895|tid_1951|tid_1536|tid_1026|tid_1017|tid_1889|tid_1947|tid_1917|tid_1550
tid_1899,16.789193631087997,16.789193631087997,0,tid_303|tid_1592|tid_1709|tid_2186|tid_2062|tid_987|tid_1879|tid_1708|tid_1413|tid_1562|tid_2173|tid_1211|tid_2165|tid_2167|tid_1026
tid_19,11.383584313048578,11.383584313048578,0,tid_1062|tid_456|tid_2204|tid_2205|tid_457|tid_765|tid_1590|tid_1623|tid_1208|tid_1168|tid_275|tid_1650|tid_1052|tid_1067|tid_1059
tid_1900,14.092404842694449,14.092404842694448,1.7763568394002505e-15,tid_2293|tid_1886|tid_2121|tid_1536|tid_1898|tid_1556|tid_2180|tid_2073|tid_2051|tid_1006|tid_1859|tid_1595|tid_1951|tid_1895|tid_1947
tid_1901,13.415928110904908,13.415928110904908,0,tid_715|tid_2053|tid_769|tid_1204|tid_1530|tid_1903|tid_915|tid_723|tid_2059|tid_703|tid_2294|tid_1116|tid_668|tid_377|tid_1773
tid_1902,13.723155864411151,13.723155864411153,1.7763568394002505e-15,tid_1537|tid_2094|tid_2255|tid_2259|tid_562|tid_1690|tid_1416|tid_295|tid_521|tid_495|tid_687|tid_1725|tid_1884|tid_1626|tid_706
tid_1903,13.518458096392273,13.518458096392273,0,tid_715|tid_1873|tid_2052|tid_1901|tid_1306|tid_2139|tid_1594|tid_1712|tid_1773|tid_1108|tid_2322|tid_2059|tid_2058|tid_1627|tid_1204
tid_1904,16.049949287127419,16.049949287127419,0,tid_274|tid_2287|tid_2301|tid_2310|tid_2311|tid_1241|tid_574|tid_2060|tid_1922|tid_2012|tid_1629|tid_2034|tid_1228|tid_1608|tid_1262
tid_1905,16.344124937688221,16.344124937688221,0,tid_2192|tid_2235|tid_218|tid_371|tid_1054|tid_1250|tid_674|tid_370|tid_55|tid_667|tid_2203|tid_2019|tid_2040|tid_912|tid_1117
tid_1906,17.776511868482125,17.776511868482125,0,tid_1109|tid_511|tid_2021|tid_1615|tid_397|tid_1315|tid_1160|tid_899|tid_2884|tid_1604|tid_992|tid_1618|tid_2047|tid_3007|tid_1163
tid_1907,13.029863285725195,13.029863285725195,0,tid_1896|tid_1891|tid_922|tid_1421|tid_1033|tid_2067|tid_1784|tid_1722|tid_1570|tid_1616|tid_706|tid_2050|tid_1415|tid_377|tid_1543
tid_1908,13.73859021180024,13.73859021180024,0,tid_302|tid_495|tid_2308|tid_563|tid_1884|tid_304|tid_1626|tid_1690|tid_1537|tid_1902|tid_1569|tid_1849|tid_2259|tid_687|tid_1330
tid_1909,13.167361534883536,13.167361534883536,0,tid_683|tid_1727|tid_547|tid_1897|tid_1195|tid_2259|tid_1622|tid_562|tid_1035|tid_1614|tid_833|tid_1932|tid_2257|tid_1929|tid_1629
tid_191,16.44524112308541,16.44524112308541,0,tid_834|tid_5|tid_1031|tid_1040|tid_4|tid_185|tid_2076|tid_2196|tid_840|tid_188|tid_1036|tid_6|tid_1013|tid_810|tid_1893
tid_1910,15.421216939199468,15.421216939199468,0,tid_2129|tid_2139|tid_2050|tid_1218|tid_2140|tid_2081|tid_1116|tid_1594|tid_1773|tid_2059|tid_1853|tid_392|tid_377|tid_2068|tid_2053
tid_1912,14.656280668209366,14.656280668209366,0,tid_1200|tid_1414|tid_2179|tid_2174|tid_2111|tid_1578|tid_1583|tid_1708|tid_2007|tid_1316|tid_1710|tid_1015|tid_1895|tid_1780|tid_1885
tid_1915,14.352698502131966,14.352698502131966,0,tid_1747|tid_1928|tid_2087|tid_1417|tid_2082|tid_2081|tid_1698|tid_1030|tid_2266|tid_1714|tid_2098|tid_181|tid_1756|tid_1933|tid_831
tid_1916,14.45810996452308,14.45810996452308,0,tid_2075|tid_1747|tid_1756|tid_831|tid_2087|tid_2082|tid_1428|tid_2072|tid_2093|tid_181|tid_2098|tid_1714|tid_1738|tid_1872|tid_1915
tid_1917,14.445925508189994,14.445925508189994,0,tid_1026|tid_1931|tid_308|tid_298|tid_289|tid_1550|tid_1017|tid_833|tid_1939|tid_1944|tid_1895|tid_1934|tid_1898|tid_2270|tid_1702
tid_1918,13.73859021180024,13.73859021180024,0,tid_1028|tid_2257|tid_300|tid_296|tid_2255|tid_2259|tid_495|tid_1681|tid_1902|tid_520|tid_1569|tid_566|tid_1702|tid_295|tid_1348
tid_1919,18.063627626155455,18.063627626155451,3.5527136788005009e-15,tid_2252|tid_1980|tid_1986|tid_2320|tid_368|tid_3011|tid_1668|tid_748|tid_380|tid_1303|tid_1875|tid_1995|tid_1226|tid_422|tid_1999
tid_1920,19.077648386186887,19.077648386186887,0,tid_2074|tid_1683|tid_1011|tid_1010|tid_1760|tid_823|tid_814|tid_832|tid_1039|tid_1667|tid_1927|tid_810|tid_815|tid_1719|tid_830
tid_1921,13.953039168574687,13.953039168574689,1.7763568394002505e-15,tid_293|tid_1750|tid_297|tid_1732|tid_1559|tid_295|tid_1849|tid_1569|tid_1564|tid_1016|tid_2090|tid_302|tid_1753|tid_687|tid_1755
tid_1922,15.80961071433704,15.80961071433704,0,tid_1413|tid_1422|tid_1883|tid_2060|tid_2710|tid_992|tid_2333|tid_899|tid_1904|tid_1021|tid_274|tid_920|tid_1427|tid_2311|tid_1846
tid_1923,13.596403346190456,13.596403346190456,0,tid_1733|tid_1542|tid_1850|tid_1858|tid_1002|tid_2321|tid_1120|tid_1692|tid_1878|tid_1126|tid_2330|tid_2055|tid_1113|tid_2326|tid_1574
tid_1924,13.890706806282726,13.890706806282726,0,tid_929|tid_2093|tid_2262|tid_188|tid_1353|tid_181|tid_1754|tid_1893|tid_1666|tid_2072|tid_2258|tid_2087|tid_294|tid_1887|tid_1642
tid_1925,12.805908298651868,12.805908298651868,0,tid_2260|tid_2308|tid_563|tid_290|tid_1908|tid_304|tid_1344|tid_1323|tid_553|tid_1311|tid_566|tid_1355|tid_1313|tid_2268|tid_1350
tid_1926,14.82141496575602,14.82141496575602,0,tid_828|tid_1023|tid_1036|tid_1698|tid_822|tid_1548|tid_2075|tid_1032|tid_2076|tid_181|tid_827|tid_2077|tid_1567|tid_2087|tid_1933
tid_1927,15.838219467430005,15.838219467430005,0,tid_1760|tid_2093|tid_832|tid_1666|tid_1353|tid_1018|tid_1428|tid_929|tid_1752|tid_1011|tid_188|tid_1920|tid_823|tid_1932|tid_810
tid_1928,14.216352003768096,14.216352003768096,0,tid_1722|tid_1417|tid_2081|tid_1915|tid_1420|tid_307|tid_1755|tid_1419|tid_2266|tid_926|tid_1030|tid_1725|tid_2087|tid_1747|tid_1896
tid_1929,14.187479754138366,14.187479754138366,0,tid_1028|tid_1551|tid_2072|tid_1941|tid_2087|tid_2257|tid_305|tid_1035|tid_1887|tid_1420|tid_1702|tid_1681|tid_831|tid_1548|tid_1747
tid_1930,15.298205209656924,15.298205209656924,0,tid_1568|tid_1035|tid_1530|tid_1012|tid_1944|tid_2301|tid_274|tid_1566|tid_2299|tid_1696|tid_540|tid_1629|tid_2053|tid_833|tid_1427
tid_1931,13.002780314228746,13.002780314228746,0,tid_1917|tid_839|tid_1026|tid_289|tid_1898|tid_1017|tid_1759|tid_1934|tid_1886|tid_1756|tid_2073|tid_2090|tid_1939|tid_308|tid_1951
tid_1932,13.847839380350591,13.847839380350592,1.7763568394002505e-15,tid_1752|tid_1702|tid_298|tid_1944|tid_833|tid_831|tid_1939|tid_565|tid_1035|tid_1706|tid_1909|tid_2270|tid_832|tid_1929|tid_1917
tid_1933,14.509167227656118,14.509167227656118,0,tid_2266|tid_1567|tid_1761|tid_2087|tid_1743|tid_1870|tid_1732|tid_2254|tid_2098|tid_181|tid_1747|tid_1044|tid_1915|tid_2082|tid_1417
tid_1934,15.736556892004906,15.736556892004906,0,tid_1939|tid_1752|tid_833|tid_1026|tid_308|tid_815|tid_303|tid_1592|tid_832|tid_1706|tid_1037|tid_1880|tid_1944|tid_814|tid_1021
tid_1935,14.064075354605855,14.064075354605857,1.7763568394002505e-15,tid_1749|tid_479|tid_1753|tid_2090|tid_1559|tid_2088|tid_1744|tid_1849|tid_2096|tid_829|tid_1569|tid_287|tid_1949|tid_839|tid_297
tid_1936,17.186740094407106,17.186740094407106,0,tid_1683|tid_2074|tid_1760|tid_1920|tid_1740|tid_1039|tid_1752|tid_1893|tid_810|tid_1742|tid_1021|tid_2|tid_1927|tid_1010|tid_830
tid_1937,13.744577203137887,13.744577203137888,1.7763568394002505e-15,tid_2046|tid_817|tid_1774|tid_1213|tid_1555|tid_2122|tid_2171|tid_1710|tid_1888|tid_1019|tid_3|tid_392|tid_2179|tid_1015|tid_1705
tid_1938,14.828124367525541,14.82812436752554,1.7763568394002505e-15,tid_1663|tid_1678|tid_2294|tid_2332|tid_184|tid_1690|tid_687|tid_1715|tid_2308|tid_293|tid_1902|tid_1280|tid_1745|tid_2298|tid_297
tid_1939,14.349782089132578,14.349782089132578,0,tid_308|tid_1934|tid_1752|tid_2069|tid_1550|tid_833|tid_1568|tid_1037|tid_298|tid_565|tid_1706|tid_1427|tid_1917|tid_1944|tid_1932
tid_194,17.8532617704807,17.8532617704807,0,tid_2|tid_196|tid_2881|tid_351|tid_201|tid_811|tid_812|tid_809|tid_819|tid_2876|tid_195|tid_1|tid_1007|tid_1845|tid_813
tid_1940,14.138244716615468,14.138244716615468,0,tid_829|tid_1943|tid_2090|tid_2265|tid_1756|tid_1744|tid_2082|tid_1945|tid_1762|tid_839|tid_1738|tid_2098|tid_836|tid_293|tid_1753
tid_1941,13.722037729359226,13.722037729359226,0,tid_1745|tid_1944|tid_1016|tid_831|tid_1035|tid_1012|tid_2077|tid_1929|tid_2255|tid_833|tid_1702|tid_1747|tid_1032|tid_1420|tid_1028
tid_1942,12.956134665161411,12.956134665161413,1.7763568394002505e-15,tid_926|tid_922|tid_1714|tid_930|tid_1038|tid_1030|tid_2089|tid_1915|tid_1928|tid_1896|tid_1698|tid_924|tid_1419|tid_2087|tid_1891
tid_1943,13.17343555739745,13.17343555739745,0,tid_2265|tid_1757|tid_1940|tid_297|tid_1222|tid_1762|tid_293|tid_2090|tid_2085|tid_2098|tid_2082|tid_1534|tid_1755|tid_1564|tid_2267
tid_1944,14.481408255024842,14.481408255024842,0,tid_833|tid_1941|tid_831|tid_1035|tid_1012|tid_1745|tid_1930|tid_1568|tid_1702|tid_2255|tid_832|tid_1932|tid_1880|tid_1566|tid_1929
tid_1945,14.509167227656118,14.509167227656118,0,tid_1762|tid_1870|tid_306|tid_1761|tid_2098|tid_2082|tid_1739|tid_1933|tid_836|tid_1744|tid_1753|tid_1949|tid_1940|tid_181|tid_2266
tid_1947,13.255995283646826,13.255995283646826,0,tid_999|tid_1886|tid_1715|tid_538|tid_1536|tid_1950|tid_2298|tid_1898|tid_1728|tid_2035|tid_1679|tid_2308|tid_1690|tid_2276|tid_1550
tid_1948,14.97205494056988,14.97205494056988,0,tid_1656|tid_2299|tid_530|tid_1533|tid_540|tid_518|tid_1557|tid_70|tid_1697|tid_1629|tid_545|tid_1696|tid_2036|tid_1356|tid_521
tid_1949,14.105138864020228,14.105138864020228,0,tid_1753|tid_1541|tid_2095|tid_1739|tid_1559|tid_1744|tid_829|tid_2096|tid_1567|tid_1945|tid_2090|tid_1921|tid_2091|tid_2254|tid_1933
tid_195,17.8532617704807,17.8532617704807,0,tid_169|tid_2|tid_198|tid_351|tid_1936|tid_204|tid_825|tid_835|tid_1742|tid_194|tid_811|tid_821|tid_813|tid_810|tid_830
tid_1950,12.02079909739766,12.02079909739766,0,tid_1550|tid_2299|tid_1947|tid_565|tid_1679|tid_2315|tid_1694|tid_1690|tid_2272|tid_1568|tid_1696|tid_1948|tid_1639|tid_1780|tid_2069
tid_1951,13.569931557786141,13.569931557786139,1.7763568394002505e-15,tid_1859|tid_1556|tid_1886|tid_1889|tid_1711|tid_2121|tid_2073|tid_3|tid_1898|tid_1712|tid_1017|tid_1853|tid_2111|tid_1534|tid_923
tid_1952,18.046709713628562,18.046709713628559,3.5527136788005009e-15,tid_918|tid_1007|tid_1008|tid_1758|tid_1410|tid_269|tid_2251|tid_1707|tid_2887|tid_373|tid_2044|tid_1107|tid_2282|tid_375|tid_504
tid_1954,13.196321764537956,13.196321764537956,0,tid_1965|tid_870|tid_877|tid_708|tid_851|tid_2249|tid_853|tid_852|tid_797|tid_859|tid_2341|tid_801|tid_803|tid_1967|tid_1963
tid_1955,7.6218473344804361,7.6218473344804352,8.8817841970012523e-16,tid_1957|tid_342|tid_1956|tid_1967|tid_1969|tid_860|tid_612|tid_889|tid_329|tid_1961|tid_1968|tid_1963|tid_336|tid_871|tid_1962
tid_1956,9.2358510815903081,9.2358510815903063,1.7763568394002505e-15,tid_1969|tid_1963|tid_2341|tid_889|tid_1968|tid_1960|tid_1962|tid_1957|tid_2249|tid_1967|tid_2339|tid_342|tid_312|tid_847|tid_805
tid_1957,11.405253319458097,11.405253319458096,1.7763568394002505e-15,tid_1969|tid_312|tid_843|tid_1961|tid_1956|tid_1962|tid_1968|tid_860|tid_1958|tid_889|tid_1955|tid_1963|tid_1960|tid_2338|tid_2341
tid_1958,11.441755985666703,11.441755985666704,1.7763568394002505e-15,tid_1957|tid_1962|tid_312|tid_843|tid_1430|tid_916|tid_1969|tid_1968|tid_582|tid_616|tid_2338|tid_608|tid_875|tid_860|tid_1961
tid_1959,11.87174343301065,11.87174343301065,0,tid_336|tid_340|tid_1966|tid_319|tid_708|tid_324|tid_855|tid_320|tid_2343|tid_1968|tid_889|tid_323|tid_1955|tid_616|tid_1969
tid_196,17.970839578750674,17.970839578750674,0,tid_201|tid_2881|tid_167|tid_194|tid_2|tid_811|tid_351|tid_205|tid_168|tid_812|tid_819|tid_2876|tid_1|tid_352|tid_824
tid_1960,12.863345721185727,12.863345721185729,1.7763568394002505e-15,tid_2249|tid_1956|tid_2341|tid_1969|tid_803|tid_312|tid_1963|tid_889|tid_1962|tid_805|tid_856|tid_797|tid_847|tid_885|tid_781
tid_1961,11.101180460156934,11.101180460156934,0,tid_1957|tid_312|tid_843|tid_916|tid_1962|tid_325|tid_612|tid_1969|tid_1956|tid_896|tid_2880|tid_1430|tid_2621|tid_2238|tid_847
tid_1962,11.841620824407094,11.841620824407094,0,tid_1968|tid_1969|tid_1963|tid_312|tid_1956|tid_2341|tid_1960|tid_847|tid_1957|tid_856|tid_616|tid_2249|tid_1961|tid_917|tid_1958
tid_1963,11.841620824407094,11.841620824407094,0,tid_2341|tid_1956|tid_1968|tid_1969|tid_1962|tid_1960|tid_2339|tid_889|tid_2249|tid_1967|tid_847|tid_856|tid_1957|tid_797|tid_616
tid_1965,11.084553725883772,11.084553725883772,0,tid_1967|tid_1954|tid_2341|tid_855|tid_2249|tid_797|tid_1963|tid_870|tid_800|tid_2339|tid_889|tid_851|tid_1956|tid_1960|tid_805
tid_1966,13.564672285917489,13.564672285917489,0,tid_855|tid_859|tid_319|tid_1959|tid_2342|tid_852|tid_340|tid_879|tid_880|tid_336|tid_708|tid_1965|tid_614|tid_1954|tid_2343
tid_1967,4.3316393659645014,4.3316393659645005,8.8817841970012523e-16,tid_2249|tid_1956|tid_2341|tid_1965|tid_1963|tid_889|tid_1960|tid_1969|tid_342|tid_1955|tid_1968|tid_336|tid_1962|tid_2339|tid_800
tid_1968,11.841620824407094,11.841620824407094,0,tid_1969|tid_1963|tid_1962|tid_1956|tid_2341|tid_616|tid_1957|tid_889|tid_1960|tid_312|tid_2339|tid_2343|tid_2249|tid_847|tid_856
tid_1969,11.87174343301065,11.87174343301065,0,tid_1956|tid_1968|tid_1963|tid_1962|tid_1957|tid_889|tid_2341|tid_1960|tid_312|tid_2339|tid_2249|tid_588|tid_805|tid_2343|tid_856
tid_1970,13.717665638515641,13.717665638515641,0,tid_2250|tid_2345|tid_720|tid_332|tid_1152|tid_875|tid_2244|tid_726|tid_330|tid_884|tid_853|tid_616|tid_888|tid_2349|tid_1958
tid_1971,16.473448513434729,16.473448513434729,0,tid_1134|tid_2190|tid_1597|tid_21|tid_2385|tid_727|tid_666|tid_2401|tid_2452|tid_2453|tid_2455|tid_2451|tid_2368|tid_2435|tid_2367
tid_1972,15.867955795990053,15.867955795990053,0,tid_1227|tid_2008|tid_2012|tid_1608|tid_1252|tid_1978|tid_1241|tid_2289|tid_754|tid_2155|tid_2310|tid_2300|tid_741|tid_2311|tid_756
tid_1973,16.542689821856293,16.542689821856293,0,tid_1996|tid_2303|tid_1608|tid_2001|tid_2070|tid_741|tid_751|tid_2310|tid_1112|tid_1988|tid_998|tid_2155|tid_1154|tid_2276|tid_2335
tid_1974,18.112498373941001,18.112498373941001,0,tid_1234|tid_748|tid_1260|tid_1229|tid_2005|tid_1978|tid_1238|tid_2008|tid_1231|tid_763|tid_679|tid_2279|tid_2289|tid_1981|tid_3011
tid_1975,14.411301098331798,14.411301098331798,0,tid_1988|tid_669|tid_694|tid_1157|tid_903|tid_2070|tid_2158|tid_998|tid_2045|tid_2278|tid_2001|tid_1392|tid_1110|tid_1996|tid_2007
tid_1976,15.143584448511005,15.143584448511003,1.7763568394002505e-15,tid_2001|tid_2051|tid_1992|tid_2070|tid_1305|tid_2335|tid_2045|tid_995|tid_2293|tid_1994|tid_1988|tid_1975|tid_998|tid_1973|tid_2158
tid_1977,17.089881014326846,17.089881014326846,0,tid_1598|tid_2161|tid_1523|tid_2275|tid_1224|tid_1979|tid_504|tid_1874|tid_1597|tid_1007|tid_2887|tid_2144|tid_1190|tid_2251|tid_727
tid_1978,17.674167828839771,17.674167828839771,0,tid_2008|tid_2311|tid_741|tid_1985|tid_2011|tid_1972|tid_680|tid_1234|tid_2012|tid_1981|tid_2288|tid_1875|tid_2002|tid_1227|tid_2289
tid_1979,17.004888529695862,17.004888529695862,0,tid_2161|tid_1874|tid_1523|tid_1977|tid_2275|tid_1597|tid_2407|tid_1620|tid_2463|tid_504|tid_1598|tid_666|tid_2401|tid_1224|tid_2392
tid_198,17.749008524410815,17.749008524410815,0,tid_351|tid_195|tid_349|tid_169|tid_834|tid_835|tid_811|tid_2|tid_830|tid_825|tid_840|tid_823|tid_168|tid_810|tid_185
tid_1980,18.063627626155455,18.063627626155451,3.5527136788005009e-15,tid_2280|tid_679|tid_1919|tid_1765|tid_2320|tid_1875|tid_2288|tid_1229|tid_2252|tid_1009|tid_1577|tid_991|tid_1986|tid_1303|tid_989
tid_1981,16.616567431643436,16.616567431643436,0,tid_2011|tid_892|tid_1990|tid_1407|tid_675|tid_2005|tid_1978|tid_680|tid_1993|tid_2002|tid_1875|tid_1231|tid_667|tid_1999|tid_891
tid_1982,18.550602973701636,18.55060297370164,3.5527136788005009e-15,tid_2280|tid_1539|tid_2288|tid_1879|tid_1179|tid_670|tid_2186|tid_2188|tid_1575|tid_1980|tid_1553|tid_1399|tid_987|tid_1260|tid_2005
tid_1983,19.002852605989084,19.002852605989084,0,tid_2336|tid_1778|tid_1221|tid_2883|tid_1404|tid_1401|tid_1578|tid_2333|tid_2007|tid_1883|tid_1005|tid_2047|tid_2108|tid_2048|tid_996
tid_1984,14.511819932117277,14.511819932117277,0,tid_2131|tid_2114|tid_2126|tid_1894|tid_451|tid_1203|tid_1215|tid_2064|tid_2118|tid_2327|tid_2120|tid_1132|tid_1770|tid_2105|tid_1306
tid_1985,17.917138442037505,17.917138442037505,0,tid_1987|tid_1978|tid_452|tid_1235|tid_2034|tid_1995|tid_2311|tid_2060|tid_450|tid_2011|tid_505|tid_1131|tid_1226|tid_1875|tid_674
tid_1986,18.141780486327885,18.141780486327885,0,tid_679|tid_1303|tid_2320|tid_2279|tid_2282|tid_1107|tid_1236|tid_1668|tid_1764|tid_2004|tid_1919|tid_988|tid_1993|tid_1877|tid_1140
tid_1987,16.419112637674594,16.419112637674594,0,tid_1659|tid_1131|tid_1985|tid_1603|tid_767|tid_725|tid_505|tid_2203|tid_2019|tid_1232|tid_452|tid_1161|tid_1675|tid_2034|tid_1109
tid_1988,14.411301098331798,14.411301098331798,0,tid_1975|tid_2045|tid_998|tid_2001|tid_2070|tid_1110|tid_1996|tid_2007|tid_2158|tid_2886|tid_1154|tid_669|tid_1578|tid_2278|tid_903
tid_1989,13.373499475101557,13.373499475101555,1.7763568394002505e-15,tid_1304|tid_995|tid_1003|tid_223|tid_734|tid_2158|tid_1006|tid_1997|tid_2325|tid_745|tid_239|tid_1770|tid_1529|tid_1306|tid_909
tid_1990,17.674167828839771,17.674167828839771,0,tid_1407|tid_2005|tid_1981|tid_670|tid_2011|tid_2010|tid_1260|tid_892|tid_680|tid_1999|tid_2002|tid_1875|tid_1993|tid_2288|tid_891
tid_1991,16.616567431643436,16.616567431643436,0,tid_1673|tid_670|tid_1110|tid_1672|tid_1996|tid_1990|tid_270|tid_2001|tid_1992|tid_1973|tid_998|tid_1112|tid_1709|tid_1260|tid_2070
tid_1992,16.415368553223519,16.415368553223519,0,tid_2335|tid_1994|tid_2001|tid_1976|tid_1305|tid_2070|tid_1991|tid_1996|tid_1973|tid_2297|tid_2293|tid_998|tid_1672|tid_1110|tid_1321
tid_1993,17.219784332737053,17.219784332737053,0,tid_892|tid_2005|tid_2320|tid_679|tid_2010|tid_1407|tid_1999|tid_1986|tid_1136|tid_2006|tid_1231|tid_1980|tid_1981|tid_667|tid_1990
tid_1994,15.945802749922455,15.945802749922455,0,tid_1305|tid_1992|tid_1669|tid_2324|tid_2297|tid_1976|tid_2051|tid_2293|tid_2335|tid_1878|tid_1321|tid_1900|tid_2001|tid_2070|tid_1595
tid_1995,17.298074854807478,17.298074854807478,0,tid_748|tid_368|tid_2809|tid_3011|tid_1235|tid_380|tid_1333|tid_452|tid_510|tid_509|tid_1985|tid_766|tid_1234|tid_49|tid_1919
tid_1996,15.0663978949636,15.0663978949636,0,tid_1112|tid_2070|tid_1973|tid_1110|tid_2001|tid_2886|tid_270|tid_1988|tid_741|tid_669|tid_1991|tid_998|tid_1709|tid_2062|tid_2011
tid_1997,14.641283808232863,14.641283808232863,0,tid_1003|tid_1989|tid_995|tid_1595|tid_1861|tid_895|tid_2158|tid_1392|tid_1157|tid_2234|tid_1321|tid_2131|tid_1976|tid_697|tid_1304
tid_1999,17.271138542733809,17.271138542733809,0,tid_2010|tid_2320|tid_1993|tid_2005|tid_892|tid_674|tid_1875|tid_2006|tid_1990|tid_2011|tid_2002|tid_1919|tid_680|tid_667|tid_1407
tid_2,17.186740094407106,17.186740094407106,0,tid_195|tid_351|tid_194|tid_811|tid_196|tid_1936|tid_1|tid_2881|tid_813|tid_169|tid_819|tid_830|tid_201|tid_198|tid_2074
tid_20,14.991302861013489,14.991302861013487,1.7763568394002505e-15,tid_458|tid_386|tid_1240|tid_14|tid_453|tid_455|tid_1159|tid_17|tid_515|tid_18|tid_272|tid_1572|tid_1172|tid_416|tid_1048
tid_2000,18.010378013093199,18.010378013093199,0,tid_1135|tid_2004|tid_1190|tid_2318|tid_1107|tid_2282|tid_2281|tid_1140|tid_1233|tid_1236|tid_2279|tid_57|tid_1188|tid_1764|tid_1258
tid_2001,15.202205286200755,15.202205286200757,1.7763568394002505e-15,tid_2070|tid_1110|tid_1996|tid_1976|tid_1988|tid_1992|tid_998|tid_1973|tid_2335|tid_2045|tid_2886|tid_1975|tid_891|tid_1672|tid_1991
tid_2002,16.616567431643436,16.616567431643436,0,tid_680|tid_1875|tid_2011|tid_1876|tid_2062|tid_1160|tid_1112|tid_450|tid_1407|tid_1709|tid_1990|tid_1999|tid_2311|tid_2333|tid_1413
tid_2004,18.046709713628562,18.046709713628559,3.5527136788005009e-15,tid_2000|tid_1107|tid_1135|tid_2282|tid_1236|tid_1986|tid_2279|tid_2318|tid_1764|tid_57|tid_2281|tid_375|tid_269|tid_1140|tid_1190
tid_2005,17.391975970821715,17.391975970821715,0,tid_1990|tid_1993|tid_1407|tid_2320|tid_1260|tid_2010|tid_892|tid_1999|tid_1981|tid_2288|tid_679|tid_1974|tid_1875|tid_1980|tid_680
tid_2006,15.53911547021376,15.53911547021376,0,tid_2620|tid_674|tid_667|tid_1136|tid_2621|tid_2032|tid_1231|tid_1600|tid_1993|tid_1586|tid_368|tid_1999|tid_892|tid_1054|tid_2337
tid_2007,15.230501855647249,15.230501855647248,1.7763568394002505e-15,tid_1578|tid_1583|tid_2278|tid_1316|tid_1785|tid_1200|tid_1221|tid_1912|tid_2158|tid_1988|tid_1778|tid_2042|tid_2070|tid_1414|tid_2336
tid_2008,16.639172651111743,16.639172651111743,0,tid_1978|tid_1972|tid_2289|tid_2012|tid_741|tid_2311|tid_754|tid_766|tid_1234|tid_1227|tid_1252|tid_1608|tid_2288|tid_1235|tid_1260
tid_2009,17.725116193386881,17.725116193386881,0,tid_998|tid_987|tid_2045|tid_2335|tid_2303|tid_1709|tid_1879|tid_1988|tid_2293|tid_2001|tid_2186|tid_1973|tid_1899|tid_2070|tid_1592
tid_201,18.164516639546168,18.164516639546168,0,tid_196|tid_205|tid_2881|tid_811|tid_194|tid_351|tid_167|tid_2|tid_819|tid_830|tid_1|tid_4|tid_812|tid_478|tid_2887
tid_2010,17.674167828839771,17.674167828839771,0,tid_1999|tid_2320|tid_2005|tid_1993|tid_1990|tid_1407|tid_892|tid_1260|tid_680|tid_2002|tid_1875|tid_1986|tid_2288|tid_2011|tid_2279
tid_2011,16.912327174926702,16.912327174926702,0,tid_1981|tid_2002|tid_1978|tid_680|tid_1990|tid_1875|tid_741|tid_1985|tid_1999|tid_1407|tid_1112|tid_450|tid_1232|tid_892|tid_675
tid_2012,16.542689821856293,16.542689821856293,0,tid_1972|tid_1608|tid_2310|tid_2008|tid_574|tid_2311|tid_2155|tid_2034|tid_1241|tid_1904|tid_1227|tid_1252|tid_2300|tid_1978|tid_2289
tid_2015,13.344878807718574,13.344878807718574,0,tid_1244|tid_747|tid_1056|tid_1624|tid_2042|tid_751|tid_739|tid_2157|tid_1782|tid_904|tid_1529|tid_2278|tid_2036|tid_1004|tid_1596
tid_2017,14.213635129695689,14.213635129695689,0,tid_594|tid_1196|tid_43|tid_738|tid_443|tid_2317|tid_744|tid_595|tid_425|tid_434|tid_758|tid_519|tid_32|tid_1625|tid_58
tid_2018,12.321679816203313,12.321679816203313,0,tid_242|tid_755|tid_2304|tid_752|tid_1290|tid_2314|tid_1650|tid_2205|tid_220|tid_2215|tid_1189|tid_235|tid_2023|tid_2039|tid_398
tid_2019,16.335889064162281,16.335889064162281,0,tid_1161|tid_1232|tid_1987|tid_2021|tid_1659|tid_1051|tid_511|tid_1109|tid_1404|tid_767|tid_1131|tid_2203|tid_1158|tid_2336|tid_905
tid_2021,15.833236138440654,15.833236138440654,0,tid_1572|tid_2203|tid_1137|tid_2019|tid_1109|tid_511|tid_599|tid_1603|tid_1619|tid_1659|tid_1609|tid_397|tid_453|tid_1158|tid_1139
tid_2022,11.504428643804276,11.504428643804276,0,tid_1299|tid_557|tid_1269|tid_567|tid_2037|tid_898|tid_1272|tid_532|tid_437|tid_1664|tid_2154|tid_761|tid_1298|tid_1277|tid_746
tid_2023,11.742043348154251,11.742043348154253,1.7763568394002505e-15,tid_1053|tid_1268|tid_1146|tid_2205|tid_235|tid_1056|tid_2039|tid_1052|tid_1279|tid_901|tid_240|tid_2018|tid_1285|tid_1066|tid_275
tid_2024,16.153046202882095,16.153046202882095,0,tid_579|tid_368|tid_2620|tid_1995|tid_2809|tid_55|tid_2006|tid_2192|tid_748|tid_1987|tid_2194|tid_581|tid_452|tid_2621|tid_781
tid_2025,12.39532504328662,12.39532504328662,0,tid_2215|tid_771|tid_1275|tid_1192|tid_242|tid_1048|tid_773|tid_1189|tid_805|tid_235|tid_797|tid_758|tid_1174|tid_1193|tid_770
tid_2027,13.026429332837019,13.02642933283702,1.7763568394002505e-15,tid_1168|tid_1612|tid_2039|tid_1066|tid_216|tid_913|tid_2334|tid_1063|tid_1631|tid_1308|tid_1788|tid_1786|tid_360|tid_1047|tid_2264
tid_2028,14.672345150623901,14.672345150623901,0,tid_668|tid_512|tid_1414|tid_574|tid_1566|tid_1012|tid_1528|tid_1562|tid_1530|tid_1568|tid_1554|tid_2310|tid_2301|tid_1895|tid_1780
tid_203,13.744577203137887,13.744577203137888,1.7763568394002505e-15,tid_1937|tid_2122|tid_817|tid_1589|tid_1206|tid_173|tid_2171|tid_1219|tid_3|tid_2182|tid_1213|tid_2172|tid_1710|tid_1555|tid_838
tid_2030,16.764370032881803,16.764370032881803,0,tid_603|tid_2041|tid_725|tid_1611|tid_677|tid_505|tid_2036|tid_1603|tid_1167|tid_1131|tid_1659|tid_1256|tid_1987|tid_1621|tid_722
tid_2031,13.446848152365188,13.446848152365188,0,tid_239|tid_223|tid_1132|tid_2134|tid_2064|tid_2145|tid_1770|tid_1119|tid_1588|tid_219|tid_210|tid_1143|tid_2112|tid_1003|tid_914
tid_2032,18.227391954502004,18.227391954502004,0,tid_1881|tid_2033|tid_674|tid_1600|tid_1586|tid_2006|tid_1315|tid_1403|tid_2337|tid_510|tid_1054|tid_1764|tid_1919|tid_1668|tid_1226
tid_2033,18.931148305396704,18.931148305396704,0,tid_2032|tid_1881|tid_1600|tid_1890|tid_1586|tid_2337|tid_1527|tid_1117|tid_1764|tid_1726|tid_1403|tid_2063|tid_375|tid_448|tid_1315
tid_2034,16.685376703198006,16.685376703198006,0,tid_2060|tid_505|tid_1235|tid_574|tid_2311|tid_1675|tid_992|tid_677|tid_1985|tid_2012|tid_1131|tid_1904|tid_1160|tid_899|tid_274
tid_2035,13.392750376671113,13.392750376671112,1.7763568394002505e-15,tid_734|tid_751|tid_999|tid_1529|tid_1641|tid_1006|tid_995|tid_2276|tid_1304|tid_1947|tid_2278|tid_2297|tid_1780|tid_2325|tid_743
tid_2036,15.544396553124184,15.544396553124184,0,tid_1624|tid_2042|tid_1533|tid_1611|tid_518|tid_1244|tid_2041|tid_1557|tid_677|tid_1629|tid_1237|tid_2030|tid_1948|tid_2155|tid_739
tid_2037,12.076523031203568,12.076523031203568,0,tid_898|tid_1664|tid_2154|tid_904|tid_2157|tid_2054|tid_1646|tid_1279|tid_232|tid_1266|tid_808|tid_1292|tid_1660|tid_2152|tid_2156
tid_2039,13.474642256316759,13.474642256316759,0,tid_1168|tid_1308|tid_216|tid_1782|tid_1612|tid_755|tid_1535|tid_1066|tid_2205|tid_2027|tid_220|tid_739|tid_901|tid_1310|tid_905
tid_204,15.708452601448064,15.708452601448064,0,tid_195|tid_194|tid_2|tid_835|tid_821|tid_823|tid_826|tid_198|tid_825|tid_169|tid_1920|tid_1936|tid_351|tid_815|tid_1742
tid_2040,15.497614358968658,15.497614358968658,0,tid_912|tid_2224|tid_2235|tid_2236|tid_2231|tid_1051|tid_2232|tid_667|tid_1905|tid_333|tid_1141|tid_1161|tid_2230|tid_218|tid_2019
tid_2041,15.295229951579991,15.295229951579993,1.7763568394002505e-15,tid_1158|tid_1167|tid_714|tid_1611|tid_677|tid_2030|tid_2036|tid_1604|tid_518|tid_511|tid_1624|tid_739|tid_2042|tid_1256|tid_1612
tid_2042,15.184615887758767,15.184615887758769,1.7763568394002505e-15,tid_2036|tid_1624|tid_518|tid_739|tid_1557|tid_2278|tid_1244|tid_1533|tid_1611|tid_1237|tid_2041|tid_1766|tid_2015|tid_668|tid_677
tid_2043,13.191502943147771,13.191502943147771,0,tid_571|tid_2159|tid_760|tid_541|tid_1358|tid_1345|tid_2127|tid_1296|tid_1892|tid_1346|tid_1897|tid_1614|tid_547|tid_2317|tid_1300
tid_2044,17.808594971823545,17.808594971823545,0,tid_1107|tid_1410|tid_1877|tid_986|tid_1527|tid_2164|tid_1764|tid_1560|tid_988|tid_2101|tid_1707|tid_1198|tid_2210|tid_1890|tid_2395
tid_2045,14.092042336338672,14.092042336338672,0,tid_1988|tid_998|tid_2158|tid_2001|tid_2007|tid_1578|tid_2070|tid_1975|tid_2009|tid_1392|tid_2109|tid_1976|tid_1583|tid_1595|tid_1157
tid_2046,14.856212967183225,14.856212967183223,1.7763568394002505e-15,tid_1888|tid_1774|tid_2139|tid_1204|tid_392|tid_1530|tid_715|tid_1901|tid_1910|tid_1903|tid_271|tid_1019|tid_2081|tid_2068|tid_1555
tid_2047,19.002852605989084,19.002852605989084,0,tid_2108|tid_2883|tid_1876|tid_1005|tid_2048|tid_2619|tid_996|tid_1160|tid_2167|tid_1504|tid_1540|tid_2177|tid_1883|tid_2333|tid_1449
tid_2048,18.31259892857997,18.31259892857997,0,tid_1005|tid_2177|tid_1504|tid_2883|tid_2047|tid_2108|tid_1478|tid_1207|tid_1209|tid_1494|tid_996|tid_1449|tid_1422|tid_1883|tid_2619
tid_2049,15.093296631393693,15.093296631393692,1.7763568394002505e-15,tid_1605|tid_1325|tid_1660|tid_553|tid_1320|tid_2160|tid_285|tid_2156|tid_516|tid_1313|tid_1309|tid_1314|tid_699|tid_1724|tid_713
tid_205,17.579507504339364,17.579507504339364,0,tid_201|tid_196|tid_2881|tid_485|tid_2|tid_811|tid_194|tid_823|tid_4|tid_351|tid_69|tid_830|tid_168|tid_167|tid_198
tid_2050,14.378337478909732,14.378337478909732,0,tid_377|tid_1910|tid_924|tid_925|tid_570|tid_1907|tid_1896|tid_1204|tid_2139|tid_2081|tid_1773|tid_2053|tid_2129|tid_562|tid_2059
tid_2051,15.359272620187014,15.359272620187014,0,tid_2293|tid_2324|tid_995|tid_1976|tid_1595|tid_1006|tid_1900|tid_1305|tid_734|tid_1321|tid_1989|tid_1304|tid_1994|tid_1861|tid_2297
tid_2052,13.239347219670261,13.239347219670259,1.7763568394002505e-15,tid_1873|tid_1868|tid_1903|tid_1869|tid_2181|tid_1712|tid_1711|tid_2058|tid_2175|tid_1889|tid_1773|tid_1534|tid_1853|tid_1215|tid_923
tid_2053,14.672345150623901,14.672345150623901,0,tid_1530|tid_1554|tid_1116|tid_2059|tid_377|tid_668|tid_1901|tid_1543|tid_769|tid_915|tid_1628|tid_562|tid_1253|tid_2129|tid_1910
tid_2054,12.57584310866735,12.57584310866735,0,tid_1266|tid_2152|tid_285|tid_1646|tid_2037|tid_1279|tid_489|tid_2156|tid_1292|tid_1340|tid_567|tid_904|tid_2127|tid_1345|tid_1242
tid_2055,13.392750376671113,13.392750376671112,1.7763568394002505e-15,tid_1002|tid_1686|tid_1776|tid_1113|tid_1329|tid_2321|tid_2330|tid_2325|tid_1123|tid_1115|tid_734|tid_2329|tid_1304|tid_1127|tid_1120
tid_2056,13.845623707787746,13.845623707787746,0,tid_296|tid_295|tid_706|tid_1722|tid_1420|tid_926|tid_1725|tid_1891|tid_2271|tid_1784|tid_1928|tid_1896|tid_2067|tid_1732|tid_1750
tid_2057,15.100486056051587,15.100486056051588,1.7763568394002505e-15,tid_447|tid_1606|tid_563|tid_2309|tid_1341|tid_1338|tid_3012|tid_1908|tid_445|tid_428|tid_548|tid_1311|tid_437|tid_2308|tid_1330
tid_2058,13.496937172178747,13.496937172178749,1.7763568394002505e-15,tid_1115|tid_1869|tid_2052|tid_1903|tid_1306|tid_2618|tid_1329|tid_1591|tid_715|tid_1868|tid_2128|tid_1113|tid_2162|tid_1873|tid_1773
tid_2059,14.018323195273164,14.018323195273164,0,tid_1769|tid_2322|tid_1004|tid_2053|tid_1530|tid_723|tid_1535|tid_271|tid_1557|tid_377|tid_2139|tid_915|tid_668|tid_1610|tid_1782
tid_206,16.438784595323309,16.438784595323309,0,tid_2318|tid_890|tid_2193|tid_2392|tid_1764|tid_1527|tid_2000|tid_1506|tid_2513|tid_2554|tid_1107|tid_224|tid_2226|tid_1190|tid_2337
tid_2060,17.917138442037505,17.917138442037505,0,tid_992|tid_2034|tid_2311|tid_1922|tid_2333|tid_1904|tid_677|tid_511|tid_1131|tid_1985|tid_1228|tid_1160|tid_1109|tid_899|tid_505
tid_2061,14.216352003768096,14.216352003768096,0,tid_1041|tid_1618|tid_1893|tid_2089|tid_1030|tid_1616|tid_920|tid_2080|tid_1415|tid_1040|tid_1532|tid_695|tid_294|tid_2072|tid_1419
tid_2062,15.92269477322068,15.92269477322068,0,tid_1709|tid_1112|tid_1413|tid_2333|tid_2002|tid_1592|tid_1899|tid_680|tid_2311|tid_303|tid_1876|tid_2167|tid_1879|tid_1160|tid_1875
tid_2063,18.368427681597499,18.368427681597495,3.5527136788005009e-15,tid_2119|tid_1726|tid_1492|tid_1890|tid_2395|tid_2652|tid_1117|tid_1447|tid_2033|tid_1490|tid_1783|tid_1396|tid_10|tid_1881|tid_3009
tid_2064,14.779431750955329,14.779431750955329,0,tid_1214|tid_1627|tid_1203|tid_2132|tid_1132|tid_2118|tid_2327|tid_993|tid_451|tid_2031|tid_1770|tid_2066|tid_1984|tid_1857|tid_1308
tid_2065,15.601154680689611,15.601154680689612,1.7763568394002505e-15,tid_2116|tid_2133|tid_1855|tid_1873|tid_1860|tid_2137|tid_1220|tid_1215|tid_2181|tid_2175|tid_1869|tid_1854|tid_1213|tid_1852|tid_2110
tid_2066,14.632925533265384,14.632925533265384,0,tid_1214|tid_1718|tid_1857|tid_2132|tid_2138|tid_1312|tid_1201|tid_1590|tid_2064|tid_2134|tid_2112|tid_1584|tid_2618|tid_1627|tid_1133
tid_2067,14.786425117387347,14.786425117387347,0,tid_706|tid_305|tid_1896|tid_562|tid_1891|tid_2257|tid_1907|tid_1725|tid_1727|tid_1033|tid_1420|tid_922|tid_1547|tid_1614|tid_1573
tid_2068,15.601154680689611,15.601154680689612,1.7763568394002505e-15,tid_2139|tid_1873|tid_1717|tid_1910|tid_1854|tid_2117|tid_1594|tid_2137|tid_2132|tid_1218|tid_1204|tid_1205|tid_2133|tid_1903|tid_1860
tid_2069,14.876532637496599,14.8765326374966,1.7763568394002505e-15,tid_2272|tid_1550|tid_1694|tid_1939|tid_559|tid_565|tid_308|tid_1950|tid_2299|tid_2274|tid_2301|tid_1634|tid_482|tid_1700|tid_2287
tid_207,16.104558319139748,16.104558319139748,0,tid_1398|tid_2227|tid_2882|tid_1519|tid_1518|tid_222|tid_333|tid_2224|tid_2813|tid_1141|tid_1507|tid_2243|tid_1408|tid_1394|tid_2217
tid_2070,15.381696332679384,15.381696332679384,0,tid_2001|tid_1996|tid_1988|tid_998|tid_1112|tid_2278|tid_1110|tid_2007|tid_1973|tid_1975|tid_2045|tid_1709|tid_1885|tid_1583|tid_270
tid_2072,14.216352003768096,14.216352003768096,0,tid_2080|tid_1041|tid_1887|tid_2087|tid_1929|tid_2093|tid_1030|tid_1419|tid_1035|tid_831|tid_1548|tid_1916|tid_1642|tid_1038|tid_1941
tid_2073,13.875836589281398,13.875836589281398,0,tid_1951|tid_1886|tid_1711|tid_2121|tid_1900|tid_1534|tid_1556|tid_3|tid_1889|tid_1898|tid_2180|tid_1859|tid_1536|tid_2179|tid_1947
tid_2074,18.571783164973034,18.571783164973034,0,tid_1010|tid_1683|tid_1920|tid_1039|tid_1011|tid_1719|tid_1740|tid_830|tid_1760|tid_1021|tid_1667|tid_2884|tid_810|tid_832|tid_1863
tid_2075,14.447931326870457,14.447931326870457,0,tid_1916|tid_827|tid_2077|tid_828|tid_822|tid_1036|tid_2082|tid_831|tid_836|tid_1756|tid_1926|tid_2076|tid_1747|tid_1698|tid_2072
tid_2076,14.949463511178674,14.949463511178674,0,tid_810|tid_822|tid_1031|tid_828|tid_827|tid_2075|tid_1041|tid_1036|tid_1032|tid_1887|tid_1926|tid_1698|tid_832|tid_1740|tid_1353
tid_2077,14.45810996452308,14.45810996452308,0,tid_1016|tid_1564|tid_2075|tid_1941|tid_1223|tid_1745|tid_828|tid_1747|tid_1756|tid_1848|tid_831|tid_2082|tid_2098|tid_1755|tid_2087
tid_2078,12.124130382158249,12.124130382158247,1.7763568394002505e-15,tid_290|tid_1350|tid_1273|tid_2268|tid_1749|tid_1918|tid_2256|tid_1271|tid_566|tid_1925|tid_1648|tid_1311|tid_1344|tid_1935|tid_1746
tid_2079,14.352698502131966,14.352698502131966,0,tid_306|tid_1029|tid_1743|tid_1412|tid_1739|tid_1870|tid_1023|tid_1013|tid_288|tid_1945|tid_181|tid_1933|tid_1926|tid_1567|tid_1036
tid_208,14.05035363012146,14.05035363012146,0,tid_1157|tid_217|tid_213|tid_214|tid_694|tid_2211|tid_1392|tid_1975|tid_2234|tid_2230|tid_221|tid_215|tid_1404|tid_223|tid_905
tid_2080,13.82802953375899,13.82802953375899,0,tid_2072|tid_1419|tid_1030|tid_1041|tid_1856|tid_1417|tid_1038|tid_2087|tid_1415|tid_1714|tid_1896|tid_1033|tid_1928|tid_1907|tid_1035
tid_2081,13.82802953375899,13.82802953375899,0,tid_307|tid_1116|tid_1034|tid_1928|tid_1030|tid_1417|tid_1915|tid_1910|tid_1755|tid_1722|tid_1888|tid_2129|tid_1419|tid_1017|tid_1856
tid_2082,14.509167227656118,14.509167227656118,0,tid_2098|tid_1761|tid_1915|tid_1747|tid_1916|tid_1756|tid_2075|tid_2266|tid_1762|tid_2077|tid_1714|tid_1870|tid_2087|tid_181|tid_1417
tid_2085,14.509167227656118,14.509167227656118,0,tid_2254|tid_1737|tid_2266|tid_1761|tid_1870|tid_1933|tid_1567|tid_1762|tid_1743|tid_1921|tid_2098|tid_1928|tid_1755|tid_2082|tid_1732
tid_2087,14.187479754138366,14.187479754138366,0,tid_1747|tid_1417|tid_2072|tid_1915|tid_1933|tid_1698|tid_181|tid_2080|tid_1929|tid_2266|tid_1548|tid_1714|tid_305|tid_1916|tid_926
tid_2088,13.05008077544425,13.05008077544425,0,tid_479|tid_1702|tid_1935|tid_287|tid_300|tid_298|tid_814|tid_289|tid_1756|tid_1917|tid_1932|tid_1428|tid_1927|tid_2090|tid_1569
tid_2089,12.797846396431357,12.797846396431355,1.7763568394002505e-15,tid_2061|tid_1942|tid_555|tid_1038|tid_922|tid_294|tid_5|tid_1033|tid_1714|tid_1040|tid_2196|tid_721|tid_1041|tid_1013|tid_930
tid_209,14.991302861013489,14.991302861013487,1.7763568394002505e-15,tid_18|tid_455|tid_1250|tid_1139|tid_14|tid_2208|tid_2021|tid_2187|tid_1572|tid_897|tid_1787|tid_1055|tid_1393|tid_1137|tid_2019
tid_2090,13.748160910639617,13.748160910639616,1.7763568394002505e-15,tid_293|tid_1756|tid_1559|tid_829|tid_1016|tid_289|tid_297|tid_1564|tid_1569|tid_1759|tid_839|tid_1921|tid_1753|tid_1750|tid_1747
tid_2091,13.845623707787746,13.845623707787746,0,tid_2254|tid_2095|tid_1746|tid_1949|tid_1751|tid_1567|tid_1921|tid_1739|tid_2271|tid_1732|tid_2085|tid_1541|tid_293|tid_1933|tid_2256
tid_2093,13.753785854266876,13.753785854266876,0,tid_929|tid_1924|tid_188|tid_2072|tid_1353|tid_1916|tid_1927|tid_1887|tid_1666|tid_1428|tid_1893|tid_1041|tid_1760|tid_2087|tid_2080
tid_2094,14.786425117387347,14.786425117387347,0,tid_1537|tid_1416|tid_1902|tid_706|tid_562|tid_2259|tid_1614|tid_1725|tid_1626|tid_521|tid_1580|tid_1253|tid_377|tid_295|tid_1884
tid_2095,14.6888774660765,14.6888774660765,0,tid_1739|tid_1949|tid_2254|tid_2091|tid_1753|tid_1567|tid_1559|tid_1933|tid_1732|tid_1541|tid_1743|tid_2085|tid_1870|tid_2096|tid_1945
tid_2096,14.105138864020228,14.105138864020228,0,tid_1027|tid_1749|tid_1949|tid_292|tid_1744|tid_1753|tid_1541|tid_1559|tid_479|tid_1412|tid_1739|tid_2095|tid_520|tid_1935|tid_829
tid_2098,14.509167227656118,14.509167227656118,0,tid_1761|tid_2082|tid_1747|tid_2266|tid_1756|tid_1417|tid_1848|tid_1933|tid_1915|tid_2087|tid_1916|tid_1870|tid_2077|tid_1755|tid_1559
tid_21,16.993319647355932,16.993319647355932,0,tid_727|tid_1134|tid_1971|tid_354|tid_1632|tid_418|tid_1597|tid_355|tid_666|tid_2275|tid_2190|tid_504|tid_2385|tid_478|tid_73
tid_210,14.05035363012146,14.05035363012146,0,tid_2234|tid_223|tid_221|tid_1157|tid_208|tid_1997|tid_2031|tid_1520|tid_1392|tid_213|tid_1003|tid_2131|tid_217|tid_1522|tid_1989
tid_2100,16.191915590204076,16.191915590204076,0,tid_1717|tid_2117|tid_392|tid_2143|tid_925|tid_1415|tid_2137|tid_2139|tid_2118|tid_1425|tid_1209|tid_2061|tid_2068|tid_1616|tid_1910
tid_2101,17.466334545946459,17.466334545946459,0,tid_1198|tid_1560|tid_986|tid_2164|tid_1410|tid_2044|tid_1845|tid_1397|tid_2808|tid_1496|tid_1525|tid_2392|tid_2395|tid_1707|tid_1107
tid_2105,14.092404842694449,14.092404842694448,1.7763568394002505e-15,tid_2189|tid_1206|tid_1219|tid_2111|tid_1595|tid_1392|tid_2183|tid_1583|tid_2174|tid_2126|tid_1912|tid_1861|tid_2180|tid_1589|tid_2007
tid_2108,20.076251660957432,20.076251660957432,0,tid_2047|tid_2883|tid_1005|tid_2048|tid_1001|tid_2619|tid_996|tid_1478|tid_2595|tid_1504|tid_2124|tid_2593|tid_1876|tid_1883|tid_2167
tid_2109,18.558155944960617,18.558155944960617,0,tid_2593|tid_2045|tid_1885|tid_1394|tid_998|tid_1392|tid_1595|tid_1709|tid_1578|tid_2001|tid_2165|tid_1861|tid_670|tid_2105|tid_2070
tid_211,14.349429856327166,14.349429856327166,0,tid_2886|tid_1110|tid_2011|tid_1063|tid_903|tid_2336|tid_1981|tid_1232|tid_1988|tid_891|tid_1401|tid_1996|tid_2334|tid_905|tid_741
tid_2110,15.601154680689611,15.601154680689612,1.7763568394002505e-15,tid_2137|tid_1213|tid_2117|tid_2143|tid_2133|tid_2182|tid_1494|tid_2126|tid_2120|tid_2171|tid_2183|tid_2068|tid_2118|tid_1209|tid_1203
tid_2111,14.288202039594111,14.288202039594111,0,tid_1583|tid_1200|tid_1912|tid_2180|tid_2174|tid_1015|tid_2105|tid_1595|tid_1861|tid_1859|tid_1785|tid_1951|tid_1556|tid_1219|tid_1125
tid_2112,14.730445507152879,14.730445507152879,0,tid_1133|tid_2134|tid_2138|tid_1132|tid_2066|tid_2064|tid_1718|tid_1214|tid_1115|tid_1869|tid_2031|tid_1857|tid_1984|tid_2118|tid_1328
tid_2113,13.657423930747626,13.657423930747626,0,tid_1209|tid_1218|tid_1785|tid_1429|tid_1207|tid_1221|tid_1316|tid_1200|tid_920|tid_1414|tid_1422|tid_2183|tid_1494|tid_2140|tid_1005
tid_2114,13.373499475101557,13.373499475101555,1.7763568394002505e-15,tid_1984|tid_1894|tid_2131|tid_1215|tid_1328|tid_2126|tid_1329|tid_1873|tid_2111|tid_1869|tid_2055|tid_1132|tid_1220|tid_1306|tid_451
tid_2116,16.19436319330536,16.19436319330536,0,tid_2065|tid_1855|tid_1854|tid_1869|tid_1718|tid_2133|tid_1860|tid_1873|tid_1220|tid_2068|tid_2181|tid_2052|tid_1331|tid_1617|tid_1215
tid_2117,15.601154680689611,15.601154680689612,1.7763568394002505e-15,tid_2143|tid_2137|tid_2110|tid_1717|tid_2068|tid_2133|tid_2118|tid_1213|tid_1590|tid_1415|tid_2132|tid_1218|tid_1774|tid_1857|tid_1203
tid_2118,15.601154680689611,15.601154680689612,1.7763568394002505e-15,tid_1203|tid_451|tid_2117|tid_1201|tid_1590|tid_2120|tid_2068|tid_2126|tid_2064|tid_1581|tid_2137|tid_2132|tid_1308|tid_1857|tid_1717
tid_2119,17.840103639645545,17.840103639645545,0,tid_2063|tid_1492|tid_1447|tid_2395|tid_2652|tid_1726|tid_1440|tid_1890|tid_1491|tid_1490|tid_379|tid_3013|tid_2547|tid_1396|tid_2648
tid_212,16.424234046039142,16.424234046039142,0,tid_1393|tid_1405|tid_1486|tid_2211|tid_2187|tid_2120|tid_1494|tid_2177|tid_1478|tid_2813|tid_1504|tid_2598|tid_222|tid_2231|tid_2183
tid_2120,16.176253812747344,16.176253812747344,0,tid_2126|tid_1203|tid_2183|tid_1494|tid_451|tid_1221|tid_2110|tid_2118|tid_1209|tid_1785|tid_1213|tid_2113|tid_2189|tid_1005|tid_2117
tid_2121,13.569931557786141,13.569931557786139,1.7763568394002505e-15,tid_1556|tid_1889|tid_1886|tid_1711|tid_1534|tid_1536|tid_1951|tid_1898|tid_2073|tid_1900|tid_2180|tid_1859|tid_2175|tid_2174|tid_1895
tid_2122,14.521273097915422,14.521273097915422,0,tid_1937|tid_1213|tid_1219|tid_203|tid_817|tid_2137|tid_2110|tid_1589|tid_2171|tid_1894|tid_2328|tid_1206|tid_1555|tid_2189|tid_2182
tid_2124,18.878925135009951,18.878925135009951,0,tid_1001|tid_2593|tid_2595|tid_2619|tid_2108|tid_2188|tid_1212|tid_2883|tid_1478|tid_2168|tid_2165|tid_2167|tid_996|tid_1504|tid_1589
tid_2125,13.555851053335587,13.555851053335587,0,tid_1852|tid_1220|tid_1860|tid_1853|tid_1737|tid_2129|tid_1034|tid_1222|tid_2140|tid_1328|tid_1773|tid_1910|tid_1854|tid_1205|tid_307
tid_2126,15.118079391135652,15.118079391135652,0,tid_2120|tid_1203|tid_2110|tid_2183|tid_1984|tid_2118|tid_451|tid_1213|tid_1494|tid_1221|tid_2105|tid_2182|tid_1785|tid_1215|tid_1894
tid_2127,13.191502943147771,13.191502943147771,0,tid_541|tid_2159|tid_1345|tid_571|tid_1346|tid_1242|tid_1614|tid_525|tid_1358|tid_566|tid_549|tid_1292|tid_1355|tid_569|tid_2043
tid_2128,13.496937172178747,13.496937172178749,1.7763568394002505e-15,tid_1581|tid_2618|tid_1627|tid_2162|tid_1306|tid_1610|tid_2322|tid_1004|tid_1769|tid_1535|tid_1782|tid_710|tid_1308|tid_572|tid_1582
tid_2129,13.555851053335587,13.555851053335587,0,tid_2140|tid_1910|tid_1218|tid_307|tid_1852|tid_1853|tid_1862|tid_1034|tid_1116|tid_1594|tid_1423|tid_1429|tid_2139|tid_1773|tid_2081
tid_213,13.329726461181046,13.329726461181046,0,tid_208|tid_217|tid_1157|tid_215|tid_2211|tid_214|tid_1392|tid_2183|tid_2234|tid_694|tid_223|tid_1404|tid_2158|tid_913|tid_2189
tid_2130,13.504438521751915,13.504438521751917,1.7763568394002505e-15,tid_1584|tid_1857|tid_2136|tid_1787|tid_1590|tid_2066|tid_1201|tid_2323|tid_19|tid_2132|tid_1208|tid_1144|tid_2204|tid_1214|tid_2198
tid_2131,14.497453852190834,14.497453852190834,0,tid_1984|tid_451|tid_2327|tid_2114|tid_1770|tid_1894|tid_1003|tid_1132|tid_1203|tid_1125|tid_1997|tid_1786|tid_1861|tid_1549|tid_697
tid_2132,14.632925533265384,14.632925533265384,0,tid_1214|tid_1857|tid_2068|tid_2066|tid_2064|tid_1718|tid_1590|tid_2137|tid_2118|tid_1144|tid_2117|tid_1627|tid_2618|tid_1213|tid_691
tid_2133,16.530372873570755,16.530372873570755,0,tid_2137|tid_2110|tid_2143|tid_2117|tid_2068|tid_2323|tid_2065|tid_1860|tid_1854|tid_1213|tid_2116|tid_1205|tid_2132|tid_1617|tid_2118
tid_2134,14.632925533265384,14.632925533265384,0,tid_1133|tid_1132|tid_2138|tid_2112|tid_914|tid_1123|tid_1115|tid_2031|tid_1119|tid_1214|tid_1312|tid_2066|tid_1627|tid_1588|tid_2064
tid_2136,14.371049941821191,14.371049941821193,1.7763568394002505e-15,tid_1584|tid_2130|tid_1787|tid_1201|tid_19|tid_1068|tid_1590|tid_1062|tid_765|tid_1857|tid_14|tid_403|tid_20|tid_1582|tid_458
tid_2137,17.047030368180604,17.047030368180604,0,tid_2110|tid_2117|tid_1213|tid_2133|tid_2143|tid_2068|tid_1717|tid_2118|tid_2132|tid_1857|tid_1774|tid_1860|tid_2126|tid_1203|tid_2182
tid_2138,15.093296631393693,15.093296631393692,1.7763568394002505e-15,tid_2134|tid_2066|tid_1133|tid_2112|tid_1312|tid_1214|tid_2160|tid_1718|tid_1132|tid_1582|tid_1115|tid_1201|tid_914|tid_710|tid_1584
tid_2139,14.952428048659883,14.952428048659884,1.7763568394002505e-15,tid_1910|tid_392|tid_1888|tid_2046|tid_1218|tid_1785|tid_1530|tid_2059|tid_2129|tid_2068|tid_1429|tid_271|tid_1903|tid_1862|tid_1204
tid_214,12.917459430051959,12.917459430051959,0,tid_217|tid_216|tid_215|tid_897|tid_911|tid_913|tid_2211|tid_221|tid_219|tid_208|tid_905|tid_1404|tid_1066|tid_1143|tid_1063
tid_2140,13.555851053335587,13.555851053335587,0,tid_2129|tid_1862|tid_1423|tid_1852|tid_307|tid_1218|tid_1853|tid_1429|tid_1910|tid_1205|tid_1034|tid_1594|tid_1116|tid_2184|tid_1856
tid_2142,14.013559590833413,14.013559590833411,1.7763568394002505e-15,tid_1205|tid_1415|tid_1419|tid_1907|tid_1856|tid_2080|tid_1896|tid_1417|tid_2140|tid_1784|tid_307|tid_1423|tid_1218|tid_1033|tid_922
tid_2143,16.19436319330536,16.19436319330536,0,tid_2117|tid_2137|tid_2110|tid_2133|tid_1717|tid_1415|tid_2068|tid_1860|tid_2118|tid_1213|tid_1205|tid_1590|tid_1218|tid_2100|tid_2323
tid_2144,17.780276100688507,17.780276100688507,0,tid_2275|tid_1188|tid_2161|tid_1224|tid_504|tid_1977|tid_1632|tid_418|tid_727|tid_1190|tid_1874|tid_1979|tid_1597|tid_1523|tid_1598
tid_2145,13.243362733342035,13.243362733342035,0,tid_2031|tid_223|tid_239|tid_210|tid_2134|tid_2112|tid_1984|tid_1132|tid_1123|tid_2064|tid_1003|tid_2131|tid_1989|tid_914|tid_2055
tid_2146,15.0663978949636,15.0663978949636,0,tid_891|tid_234|tid_228|tid_229|tid_1990|tid_1981|tid_892|tid_1407|tid_2219|tid_2005|tid_675|tid_1110|tid_2011|tid_211|tid_1260
tid_2148,12.290305813836856,12.290305813836856,0,tid_878|tid_799|tid_585|tid_886|tid_873|tid_588|tid_807|tid_798|tid_874|tid_1180|tid_1184|tid_1154|tid_795|tid_883|tid_1227
tid_2149,13.350480212988348,13.350480212988348,0,tid_802|tid_2163|tid_1261|tid_874|tid_795|tid_2292|tid_737|tid_738|tid_808|tid_1356|tid_1298|tid_904|tid_1625|tid_1244|tid_543
tid_215,12.917459430051959,12.917459430051959,0,tid_913|tid_216|tid_214|tid_217|tid_1308|tid_213|tid_219|tid_911|tid_2039|tid_901|tid_1404|tid_449|tid_905|tid_1581|tid_897
tid_2150,12.230908044067146,12.230908044067146,0,tid_1544|tid_2207|tid_2213|tid_1628|tid_1777|tid_544|tid_1607|tid_377|tid_1543|tid_1570|tid_1580|tid_2152|tid_1611|tid_2198|tid_1067
tid_2151,10.702939345033101,10.7029393450331,1.7763568394002505e-15,tid_1057|tid_233|tid_908|tid_241|tid_1053|tid_1069|tid_902|tid_240|tid_230|tid_1047|tid_1164|tid_231|tid_1066|tid_1119|tid_219
tid_2152,12.57584310866735,12.57584310866735,0,tid_544|tid_572|tid_1646|tid_1292|tid_1242|tid_1766|tid_489|tid_1660|tid_2156|tid_1580|tid_1067|tid_2054|tid_1596|tid_2150|tid_570
tid_2153,14.821283305767285,14.821283305767285,0,tid_1685|tid_1259|tid_2253|tid_482|tid_1670|tid_839|tid_2309|tid_1759|tid_1334|tid_2009|tid_2335|tid_1931|tid_2303|tid_1026|tid_1900
tid_2154,10.380208192021412,10.380208192021412,0,tid_1644|tid_1664|tid_898|tid_2037|tid_1284|tid_2163|tid_1272|tid_2304|tid_2157|tid_531|tid_1287|tid_1337|tid_743|tid_904|tid_774
tid_2155,14.522215234360548,14.522215234360548,0,tid_2012|tid_2310|tid_1608|tid_2036|tid_1227|tid_1624|tid_1533|tid_2042|tid_1972|tid_751|tid_2300|tid_2028|tid_2303|tid_574|tid_677
tid_2156,15.675457588661533,15.675457588661532,1.7763568394002505e-15,tid_699|tid_1580|tid_1320|tid_1242|tid_2152|tid_1605|tid_1660|tid_1547|tid_2094|tid_2162|tid_2127|tid_2157|tid_2054|tid_1724|tid_1614
tid_2157,11.687858277116447,11.687858277116447,0,tid_703|tid_1244|tid_747|tid_1004|tid_2015|tid_904|tid_1529|tid_915|tid_769|tid_1596|tid_1782|tid_2037|tid_1292|tid_2154|tid_1766
tid_2158,14.641283808232863,14.641283808232863,0,tid_2278|tid_2045|tid_2007|tid_1583|tid_1988|tid_1989|tid_995|tid_1157|tid_1975|tid_1392|tid_1595|tid_1770|tid_2070|tid_1006|tid_1529
tid_2159,13.709112591807383,13.709112591807385,1.7763568394002505e-15,tid_2127|tid_1345|tid_571|tid_808|tid_541|tid_1292|tid_1358|tid_1300|tid_2043|tid_1356|tid_1298|tid_761|tid_433|tid_560|tid_1296
tid_216,13.612908384176325,13.612908384176324,1.7763568394002505e-15,tid_911|tid_1066|tid_913|tid_219|tid_214|tid_2039|tid_1063|tid_2334|tid_2027|tid_897|tid_905|tid_215|tid_1770|tid_1308|tid_217
tid_2160,13.745987001800962,13.745987001800962,0,tid_1325|tid_2049|tid_2058|tid_1309|tid_1660|tid_1115|tid_1288|tid_1605|tid_1123|tid_2134|tid_1655|tid_710|tid_2618|tid_1113|tid_2128
tid_2161,16.881809537469405,16.881809537469405,0,tid_1977|tid_1979|tid_1523|tid_2275|tid_1598|tid_1597|tid_1224|tid_1874|tid_504|tid_2144|tid_727|tid_666|tid_1134|tid_1190|tid_1258
tid_2162,13.239347219670261,13.239347219670259,1.7763568394002505e-15,tid_1594|tid_2618|tid_1580|tid_1581|tid_2128|tid_1769|tid_570|tid_2059|tid_1773|tid_1218|tid_2322|tid_1067|tid_1593|tid_2129|tid_1910
tid_2163,11.526897232451304,11.526897232451304,0,tid_1284|tid_2149|tid_874|tid_1298|tid_2154|tid_1261|tid_1644|tid_898|tid_1338|tid_751|tid_2292|tid_747|tid_531|tid_802|tid_904
tid_2164,17.049628860233579,17.049628860233579,0,tid_1198|tid_1397|tid_1560|tid_2101|tid_2044|tid_2808|tid_986|tid_1496|tid_1410|tid_2392|tid_1488|tid_2393|tid_2465|tid_1845|tid_1107
tid_2165,18.878925135009951,18.878925135009951,0,tid_2186|tid_1879|tid_2619|tid_2188|tid_1709|tid_2593|tid_2167|tid_1876|tid_1001|tid_996|tid_1578|tid_2883|tid_1212|tid_680|tid_2062
tid_2167,17.633075202796313,17.633075202796313,0,tid_1413|tid_1876|tid_1563|tid_2619|tid_1540|tid_1160|tid_2168|tid_2062|tid_2165|tid_1708|tid_2047|tid_1212|tid_2186|tid_1709|tid_2333
tid_2168,17.725116193386881,17.725116193386881,0,tid_1212|tid_1563|tid_1577|tid_2167|tid_1540|tid_1526|tid_1553|tid_1021|tid_1413|tid_2173|tid_2188|tid_1879|tid_2186|tid_1539|tid_2619
tid_2169,17.688567316295178,17.688567316295178,0,tid_1877|tid_991|tid_2647|tid_988|tid_1009|tid_506|tid_1525|tid_1400|tid_3009|tid_2044|tid_1863|tid_989|tid_1563|tid_1212|tid_1560
tid_217,14.119855154359806,14.119855154359806,0,tid_2211|tid_214|tid_1404|tid_208|tid_213|tid_897|tid_1401|tid_913|tid_1157|tid_1392|tid_216|tid_215|tid_2336|tid_2234|tid_905
tid_2171,13.849832647175875,13.849832647175877,1.7763568394002505e-15,tid_2182|tid_1019|tid_1025|tid_1555|tid_1429|tid_1862|tid_1213|tid_1888|tid_1589|tid_2184|tid_1209|tid_1206|tid_1219|tid_2174|tid_2110
tid_2172,14.447931326870457,14.447931326870457,0,tid_1555|tid_2185|tid_2184|tid_2171|tid_1848|tid_2082|tid_1223|tid_1025|tid_2179|tid_2182|tid_1755|tid_1019|tid_2175|tid_1534|tid_2077
tid_2173,18.558155944960617,18.558155944960617,0,tid_2186|tid_2168|tid_1899|tid_1212|tid_2188|tid_2165|tid_1708|tid_1528|tid_1879|tid_2167|tid_1562|tid_2179|tid_1563|tid_1553|tid_1539
tid_2174,14.672345150623901,14.672345150623901,0,tid_2180|tid_2179|tid_1912|tid_1583|tid_2111|tid_1219|tid_1200|tid_2121|tid_2171|tid_668|tid_1206|tid_2183|tid_1414|tid_1785|tid_2184
tid_2175,13.555851053335587,13.555851053335587,0,tid_2181|tid_1862|tid_1852|tid_1853|tid_1534|tid_1889|tid_2140|tid_2052|tid_307|tid_1755|tid_2121|tid_1423|tid_1711|tid_1773|tid_1034
tid_2176,12.88451160280626,12.88451160280626,0,tid_2180|tid_1219|tid_1711|tid_2178|tid_2052|tid_1873|tid_3|tid_1534|tid_1776|tid_2055|tid_1894|tid_2174|tid_2073|tid_1869|tid_2181
tid_2177,18.688824686807305,18.688824686807305,0,tid_1504|tid_2048|tid_1005|tid_1478|tid_996|tid_1449|tid_2883|tid_1486|tid_2047|tid_1405|tid_2108|tid_1494|tid_689|tid_2619|tid_1001
tid_2178,14.730445507152879,14.730445507152879,0,tid_2176|tid_2321|tid_1733|tid_2052|tid_1869|tid_1126|tid_1776|tid_1002|tid_1113|tid_2055|tid_2116|tid_1850|tid_2181|tid_1711|tid_1855
tid_2179,14.424755681447721,14.424755681447721,0,tid_2174|tid_1912|tid_512|tid_1414|tid_1019|tid_2184|tid_1530|tid_1710|tid_1025|tid_1200|tid_271|tid_668|tid_1888|tid_1429|tid_1889
tid_218,16.830826378179541,16.830826378179541,0,tid_2235|tid_1447|tid_1905|tid_1250|tid_1141|tid_1490|tid_1054|tid_1117|tid_912|tid_2337|tid_2192|tid_1403|tid_2228|tid_667|tid_1600
tid_2180,14.966614705592441,14.966614705592439,1.7763568394002505e-15,tid_2174|tid_2111|tid_1595|tid_1583|tid_1900|tid_1006|tid_2121|tid_1219|tid_1556|tid_1912|tid_2073|tid_1711|tid_1951|tid_3|tid_2179
tid_2181,11.51804800338121,11.51804800338121,0,tid_2175|tid_2052|tid_1534|tid_1222|tid_1852|tid_1862|tid_1773|tid_1711|tid_1889|tid_1873|tid_1868|tid_1755|tid_1853|tid_1737|tid_1855
tid_2182,13.431630183812571,13.431630183812572,1.7763568394002505e-15,tid_2171|tid_1429|tid_1862|tid_1019|tid_1025|tid_2110|tid_1209|tid_1213|tid_1888|tid_2140|tid_1494|tid_2113|tid_1710|tid_1852|tid_2184
tid_2183,13.431630183812571,13.431630183812572,1.7763568394002505e-15,tid_1785|tid_1209|tid_2120|tid_1221|tid_1494|tid_2189|tid_1005|tid_1203|tid_2113|tid_2007|tid_2126|tid_1316|tid_1578|tid_1213|tid_2171
tid_2184,14.137041295140218,14.137041295140218,0,tid_1223|tid_1429|tid_307|tid_2185|tid_1423|tid_1025|tid_1862|tid_1019|tid_1888|tid_1848|tid_1856|tid_2140|tid_1116|tid_1755|tid_1530
tid_2185,14.137041295140218,14.137041295140218,0,tid_1848|tid_1223|tid_2184|tid_1856|tid_307|tid_1755|tid_1423|tid_1034|tid_1852|tid_1862|tid_2140|tid_2077|tid_1429|tid_1419|tid_2172
tid_2186,17.633075202796313,17.633075202796313,0,tid_1879|tid_2165|tid_2188|tid_1899|tid_1709|tid_1592|tid_1212|tid_2167|tid_2173|tid_2062|tid_1539|tid_987|tid_2619|tid_2168|tid_303
tid_2187,14.940993014436344,14.940993014436344,0,tid_2204|tid_449|tid_705|tid_360|tid_714|tid_1158|tid_1168|tid_2183|tid_2117|tid_1203|tid_14|tid_1494|tid_695|tid_2120|tid_1612
tid_2188,19.365906486902219,19.365906486902215,3.5527136788005009e-15,tid_1212|tid_2186|tid_2165|tid_2619|tid_1473|tid_1879|tid_1001|tid_2124|tid_2167|tid_991|tid_2168|tid_1563|tid_1876|tid_2595|tid_2593
tid_2189,14.092042336338672,14.092042336338672,0,tid_2105|tid_1206|tid_2183|tid_1392|tid_1589|tid_1583|tid_2111|tid_2007|tid_1219|tid_1578|tid_2327|tid_1005|tid_1157|tid_2174|tid_2120
tid_219,12.228299520281372,12.228299520281372,0,tid_1066|tid_216|tid_1770|tid_697|tid_231|tid_913|tid_911|tid_1285|tid_2039|tid_2334|tid_1146|tid_1308|tid_214|tid_215|tid_223
tid_2190,16.696967477130098,16.696967477130098,0,tid_2385|tid_1134|tid_2401|tid_2435|tid_2390|tid_2367|tid_2453|tid_2451|tid_2368|tid_2387|tid_2404|tid_2452|tid_2450|tid_666|tid_1971
tid_2191,16.419112637674594,16.419112637674594,0,tid_1142|tid_2194|tid_452|tid_1315|tid_2192|tid_1109|tid_2203|tid_725|tid_1139|tid_3007|tid_1987|tid_1615|tid_510|tid_1170|tid_1226
tid_2192,16.5531184483924,16.5531184483924,0,tid_1054|tid_1142|tid_2194|tid_581|tid_452|tid_2191|tid_1600|tid_55|tid_1315|tid_674|tid_2032|tid_2024|tid_510|tid_2203|tid_1905
tid_2193,15.789023906139743,15.789023906139745,1.7763568394002505e-15,tid_890|tid_224|tid_206|tid_448|tid_1527|tid_2337|tid_1764|tid_1233|tid_1783|tid_2228|tid_1258|tid_2210|tid_1136|tid_2318|tid_1135
tid_2194,16.419112637674594,16.419112637674594,0,tid_1142|tid_2191|tid_2192|tid_452|tid_510|tid_55|tid_2024|tid_1315|tid_2203|tid_686|tid_581|tid_1054|tid_1987|tid_1995|tid_1170
tid_2195,15.833236138440654,15.833236138440654,0,tid_1148|tid_2201|tid_1137|tid_2206|tid_460|tid_1254|tid_535|tid_1609|tid_1139|tid_1572|tid_685|tid_555|tid_1170|tid_1570|tid_1256
tid_2196,14.216352003768096,14.216352003768096,0,tid_1166|tid_695|tid_1774|tid_1038|tid_5|tid_2089|tid_930|tid_705|tid_1040|tid_1555|tid_1415|tid_1888|tid_2061|tid_1714|tid_1419
tid_2197,14.611700192097764,14.611700192097764,0,tid_555|tid_692|tid_719|tid_1891|tid_1892|tid_558|tid_760|tid_701|tid_1548|tid_1642|tid_1573|tid_1561|tid_926|tid_1689|tid_1545
tid_2198,11.762811511168536,11.762811511168536,0,tid_2207|tid_1144|tid_2213|tid_1208|tid_2150|tid_1544|tid_1607|tid_456|tid_701|tid_449|tid_1065|tid_2204|tid_705|tid_1777|tid_691
tid_2199,13.535683168316837,13.535683168316837,0,tid_2202|tid_1051|tid_1161|tid_1659|tid_1058|tid_2030|tid_2203|tid_2215|tid_742|tid_1987|tid_714|tid_725|tid_1604|tid_2041|tid_2019
tid_22,12.494731723131803,12.494731723131803,0,tid_1633|tid_1302|tid_356|tid_1674|tid_398|tid_440|tid_1193|tid_65|tid_1191|tid_543|tid_382|tid_1187|tid_2314|tid_1682|tid_1261
tid_220,12.917459430051959,12.917459430051959,0,tid_905|tid_2039|tid_2018|tid_911|tid_2205|tid_216|tid_240|tid_1058|tid_243|tid_714|tid_739|tid_755|tid_901|tid_2212|tid_2030
tid_2200,14.402309107708366,14.402309107708366,0,tid_1571|tid_1558|tid_1777|tid_1766|tid_1619|tid_1570|tid_1065|tid_1621|tid_1611|tid_1544|tid_1242|tid_1572|tid_1630|tid_599|tid_1628
tid_2201,14.611700192097764,14.611700192097764,0,tid_535|tid_1061|tid_2195|tid_558|tid_2206|tid_1137|tid_1254|tid_460|tid_1065|tid_1609|tid_1249|tid_2208|tid_1651|tid_1630|tid_1148
tid_2202,13.987359676026557,13.987359676026555,1.7763568394002505e-15,tid_2199|tid_2203|tid_1174|tid_55|tid_589|tid_1659|tid_2194|tid_1987|tid_1142|tid_781|tid_1051|tid_459|tid_1178|tid_725|tid_453
tid_2203,15.679038975260928,15.679038975260928,0,tid_1659|tid_397|tid_1987|tid_2021|tid_1170|tid_1109|tid_1142|tid_1137|tid_453|tid_2191|tid_1603|tid_511|tid_2202|tid_1609|tid_1139
tid_2204,13.061995498769363,13.061995498769363,0,tid_449|tid_1144|tid_2187|tid_714|tid_1058|tid_360|tid_1168|tid_705|tid_19|tid_2198|tid_1062|tid_1590|tid_2208|tid_2039|tid_1544
tid_2205,12.39532504328662,12.39532504328662,0,tid_242|tid_1052|tid_2039|tid_1268|tid_900|tid_2212|tid_2023|tid_235|tid_275|tid_457|tid_755|tid_2018|tid_752|tid_1053|tid_901
tid_2206,16.401184022253211,16.401184022253211,0,tid_1256|tid_535|tid_1137|tid_722|tid_1167|tid_2195|tid_460|tid_705|tid_695|tid_2201|tid_1621|tid_711|tid_1630|tid_1604|tid_685
tid_2207,14.935183117001305,14.935183117001303,1.7763568394002505e-15,tid_2150|tid_1544|tid_2198|tid_1607|tid_1777|tid_1570|tid_1616|tid_1907|tid_701|tid_2213|tid_1065|tid_1896|tid_1571|tid_1421|tid_544
tid_2208,13.310088821183296,13.310088821183296,0,tid_1061|tid_1062|tid_1059|tid_1048|tid_1065|tid_455|tid_2201|tid_456|tid_1137|tid_1240|tid_2204|tid_1572|tid_2198|tid_453|tid_2212
tid_221,11.86949126333694,11.86949126333694,0,tid_1406|tid_2234|tid_214|tid_2233|tid_217|tid_1143|tid_908|tid_210|tid_2211|tid_208|tid_241|tid_226|tid_216|tid_2230|tid_2225
tid_2210,18.189410477464097,18.189410477464097,0,tid_2312|tid_1410|tid_986|tid_2392|tid_2044|tid_1258|tid_1620|tid_1527|tid_76|tid_1783|tid_1758|tid_1107|tid_1764|tid_1008|tid_918
tid_2211,14.641283808232863,14.641283808232863,0,tid_217|tid_1401|tid_214|tid_2813|tid_1404|tid_1392|tid_897|tid_213|tid_1393|tid_2336|tid_208|tid_1406|tid_913|tid_1157|tid_2189
tid_2212,12.852311161217589,12.852311161217589,0,tid_242|tid_243|tid_770|tid_2205|tid_591|tid_1189|tid_1065|tid_771|tid_752|tid_554|tid_1544|tid_704|tid_717|tid_603|tid_235
tid_2213,12.55126989004529,12.55126989004529,0,tid_2150|tid_1421|tid_1544|tid_2198|tid_705|tid_1784|tid_1144|tid_1587|tid_2207|tid_691|tid_1204|tid_1257|tid_449|tid_1543|tid_1570
tid_2215,13.368295216815863,13.368295216815865,1.7763568394002505e-15,tid_1189|tid_242|tid_1193|tid_2025|tid_2018|tid_1275|tid_1192|tid_1051|tid_771|tid_603|tid_2199|tid_2030|tid_767|tid_235|tid_885
tid_2216,15.044137100603749,15.044137100603749,0,tid_2242|tid_1506|tid_2226|tid_2220|tid_2217|tid_2238|tid_2243|tid_2362|tid_2410|tid_2550|tid_2228|tid_896|tid_2570|tid_2221|tid_2572
tid_2217,14.501744528719108,14.501744528719108,0,tid_2243|tid_1507|tid_2879|tid_896|tid_2882|tid_1398|tid_2220|tid_2227|tid_2228|tid_2222|tid_2242|tid_1408|tid_1506|tid_2216|tid_207
tid_2218,13.850587493976807,13.850587493976809,1.7763568394002505e-15,tid_2229|tid_2225|tid_2236|tid_228|tid_2245|tid_2223|tid_2248|tid_1519|tid_1509|tid_2233|tid_327|tid_1165|tid_2222|tid_2241|tid_2219
tid_2219,14.023368800103597,14.023368800103595,1.7763568394002505e-15,tid_228|tid_2222|tid_2146|tid_229|tid_2882|tid_1399|tid_892|tid_2218|tid_2229|tid_2005|tid_234|tid_1990|tid_1407|tid_1398|tid_2245
tid_222,15.662400691752687,15.662400691752689,1.7763568394002505e-15,tid_2813|tid_2231|tid_689|tid_2232|tid_1518|tid_1519|tid_1405|tid_207|tid_2224|tid_333|tid_1394|tid_996|tid_2230|tid_2211|tid_1250
tid_2220,14.841207496352826,14.841207496352826,0,tid_896|tid_2221|tid_890|tid_2226|tid_2243|tid_1506|tid_2217|tid_2228|tid_206|tid_2216|tid_2193|tid_2242|tid_2222|tid_224|tid_1398
tid_2221,15.044137100603749,15.044137100603749,0,tid_2226|tid_2220|tid_890|tid_206|tid_896|tid_2193|tid_1506|tid_843|tid_224|tid_2216|tid_2318|tid_778|tid_2238|tid_1188|tid_2243
tid_2222,14.023368800103597,14.023368800103595,1.7763568394002505e-15,tid_896|tid_2243|tid_2245|tid_1507|tid_2882|tid_2229|tid_2219|tid_228|tid_2236|tid_2880|tid_2879|tid_333|tid_2217|tid_229|tid_1398
tid_2223,13.546198373850116,13.546198373850116,0,tid_2233|tid_2241|tid_2225|tid_2218|tid_1510|tid_1519|tid_1509|tid_1165|tid_2232|tid_2236|tid_2229|tid_1392|tid_2248|tid_1518|tid_702
tid_2224,14.424193880282953,14.424193880282951,1.7763568394002505e-15,tid_333|tid_2236|tid_912|tid_2232|tid_2040|tid_1165|tid_1141|tid_2231|tid_2235|tid_1519|tid_2243|tid_207|tid_222|tid_1398|tid_667
tid_2225,13.868805714952547,13.868805714952549,1.7763568394002505e-15,tid_2233|tid_2218|tid_2223|tid_2229|tid_2236|tid_2248|tid_1519|tid_236|tid_1165|tid_327|tid_1672|tid_2234|tid_1110|tid_1510|tid_221
tid_2226,15.059915855563455,15.059915855563457,1.7763568394002505e-15,tid_2221|tid_2220|tid_1506|tid_206|tid_890|tid_2193|tid_2216|tid_2238|tid_2389|tid_2242|tid_2513|tid_2572|tid_2550|tid_2390|tid_896
tid_2227,16.337325857574747,16.337325857574747,0,tid_1398|tid_1408|tid_207|tid_2228|tid_1396|tid_1400|tid_2337|tid_1403|tid_2217|tid_2882|tid_1490|tid_1136|tid_2243|tid_1447|tid_1463
tid_2228,16.602322029292417,16.602322029292417,0,tid_2337|tid_1396|tid_1117|tid_1408|tid_2227|tid_1783|tid_1527|tid_1136|tid_1398|tid_1447|tid_1490|tid_2193|tid_1764|tid_890|tid_2220
tid_2229,13.850587493976807,13.850587493976809,1.7763568394002505e-15,tid_2218|tid_2236|tid_2245|tid_2248|tid_2222|tid_1509|tid_327|tid_228|tid_2225|tid_1165|tid_1519|tid_2232|tid_2882|tid_2241|tid_2219
tid_223,13.243362733342035,13.243362733342035,0,tid_239|tid_1989|tid_1770|tid_1003|tid_219|tid_2031|tid_2234|tid_1157|tid_210|tid_1143|tid_241|tid_697|tid_1304|tid_909|tid_2158
tid_2230,14.186720319725454,14.186720319725454,0,tid_2231|tid_2232|tid_222|tid_1165|tid_333|tid_208|tid_214|tid_217|tid_1070|tid_912|tid_1393|tid_2211|tid_221|tid_2224|tid_1406
tid_2231,16.16262968834663,16.16262968834663,0,tid_912|tid_222|tid_1250|tid_2230|tid_2232|tid_2224|tid_2235|tid_1393|tid_689|tid_2813|tid_2040|tid_333|tid_1141|tid_1518|tid_218
tid_2232,14.424193880282953,14.424193880282951,1.7763568394002505e-15,tid_2236|tid_1165|tid_222|tid_2224|tid_1519|tid_333|tid_2230|tid_2231|tid_1518|tid_912|tid_2040|tid_2882|tid_2229|tid_2223|tid_2241
tid_2233,13.592982880323468,13.592982880323468,0,tid_2225|tid_2223|tid_221|tid_1406|tid_2234|tid_2218|tid_1519|tid_1165|tid_1510|tid_1392|tid_2236|tid_1549|tid_2241|tid_226|tid_1997
tid_2234,11.86949126333694,11.86949126333694,0,tid_221|tid_1157|tid_1392|tid_217|tid_223|tid_210|tid_2233|tid_1406|tid_1997|tid_214|tid_208|tid_2158|tid_2211|tid_895|tid_219
tid_2235,16.260268847787884,16.260268847787884,0,tid_1250|tid_1141|tid_218|tid_667|tid_912|tid_1905|tid_1054|tid_2192|tid_2224|tid_674|tid_2231|tid_2019|tid_2040|tid_2006|tid_1161
tid_2236,13.850587493976807,13.850587493976809,1.7763568394002505e-15,tid_1519|tid_2229|tid_1165|tid_2232|tid_2224|tid_333|tid_2218|tid_2222|tid_2245|tid_2225|tid_1509|tid_2882|tid_228|tid_2040|tid_2248
tid_2237,16.344124937688221,16.344124937688221,0,tid_1905|tid_218|tid_912|tid_2235|tid_459|tid_2040|tid_1250|tid_371|tid_1054|tid_1172|tid_458|tid_2192|tid_1071|tid_55|tid_1051
tid_2238,14.209493262819418,14.209493262819418,0,tid_1506|tid_2226|tid_2216|tid_2220|tid_2221|tid_612|tid_2242|tid_608|tid_2243|tid_896|tid_2193|tid_890|tid_206|tid_2228|tid_1961
tid_224,16.438784595323309,16.438784595323309,0,tid_890|tid_1136|tid_2279|tid_1231|tid_2621|tid_1236|tid_2620|tid_1233|tid_2193|tid_1764|tid_1135|tid_2006|tid_2000|tid_2004|tid_2318
tid_2241,13.850587493976807,13.850587493976809,1.7763568394002505e-15,tid_1509|tid_1510|tid_2223|tid_1165|tid_2248|tid_1512|tid_1518|tid_2245|tid_1519|tid_2218|tid_2232|tid_2229|tid_2233|tid_2236|tid_1521
tid_2242,15.044137100603749,15.044137100603749,0,tid_2216|tid_2217|tid_2220|tid_1506|tid_2226|tid_2243|tid_2362|tid_2221|tid_896|tid_2879|tid_2228|tid_2238|tid_2568|tid_1507|tid_2410
tid_2243,14.424193880282953,14.424193880282951,1.7763568394002505e-15,tid_2217|tid_896|tid_1507|tid_2220|tid_2222|tid_2882|tid_2879|tid_1398|tid_2224|tid_2227|tid_2228|tid_207|tid_333|tid_2245|tid_2236
tid_2244,14.173127229488713,14.173127229488712,1.7763568394002505e-15,tid_2250|tid_1431|tid_718|tid_844|tid_857|tid_330|tid_917|tid_236|tid_227|tid_225|tid_853|tid_856|tid_888|tid_327|tid_1970
tid_2245,13.850587493976807,13.850587493976809,1.7763568394002505e-15,tid_2229|tid_1509|tid_2879|tid_2222|tid_1507|tid_2882|tid_2218|tid_2236|tid_2248|tid_2241|tid_2243|tid_1165|tid_2217|tid_1508|tid_228
tid_2248,13.850587493976807,13.850587493976809,1.7763568394002505e-15,tid_327|tid_1509|tid_1165|tid_2229|tid_2241|tid_2218|tid_2245|tid_2225|tid_1510|tid_2236|tid_1512|tid_2223|tid_2233|tid_333|tid_2222
tid_2249,9.2358510815903081,9.2358510815903063,1.7763568394002505e-15,tid_1967|tid_1960|tid_2341|tid_1956|tid_1963|tid_613|tid_1962|tid_1969|tid_856|tid_889|tid_1965|tid_847|tid_797|tid_1968|tid_803
tid_225,13.546198373850116,13.546198373850116,0,tid_327|tid_2248|tid_227|tid_1512|tid_2218|tid_2229|tid_2225|tid_1509|tid_2245|tid_718|tid_2244|tid_1510|tid_330|tid_228|tid_2223
tid_2250,14.145926346769544,14.145926346769544,0,tid_2244|tid_1970|tid_1431|tid_853|tid_330|tid_720|tid_844|tid_1152|tid_857|tid_888|tid_2345|tid_917|tid_875|tid_856|tid_332
tid_2251,17.688567316295178,17.688567316295178,0,tid_1707|tid_1140|tid_1952|tid_1007|tid_1598|tid_2282|tid_1008|tid_1410|tid_918|tid_1977|tid_38|tid_1303|tid_269|tid_1169|tid_1560
tid_2252,18.049829371369896,18.049829371369896,0,tid_1919|tid_1765|tid_2280|tid_1667|tid_1980|tid_1229|tid_380|tid_1235|tid_1238|tid_989|tid_1234|tid_1303|tid_44|tid_2289|tid_1226
tid_2253,12.625178218394527,12.625178218394527,0,tid_2324|tid_2297|tid_1947|tid_1692|tid_1878|tid_1900|tid_1994|tid_2073|tid_1898|tid_1886|tid_482|tid_2293|tid_1542|tid_1679|tid_1270
tid_2254,13.585593986315448,13.585593986315448,0,tid_1567|tid_1933|tid_1732|tid_2085|tid_1743|tid_1044|tid_1746|tid_2095|tid_2266|tid_1751|tid_2091|tid_1921|tid_2056|tid_1870|tid_1541
tid_2255,13.748160910639617,13.748160910639616,1.7763568394002505e-15,tid_562|tid_1902|tid_300|tid_2259|tid_1941|tid_1750|tid_1035|tid_1690|tid_1725|tid_1745|tid_1537|tid_1420|tid_1016|tid_1702|tid_2257
tid_2256,13.191502943147771,13.191502943147771,0,tid_1746|tid_296|tid_1344|tid_1732|tid_1348|tid_2271|tid_1918|tid_295|tid_1323|tid_1892|tid_1028|tid_2257|tid_2254|tid_1346|tid_1921
tid_2257,13.723155864411151,13.723155864411153,1.7763568394002505e-15,tid_1551|tid_1028|tid_1420|tid_706|tid_2067|tid_296|tid_1614|tid_1929|tid_562|tid_2259|tid_1348|tid_1253|tid_1918|tid_1725|tid_2255
tid_2258,13.180712699587605,13.180712699587604,1.7763568394002505e-15,tid_305|tid_1929|tid_2087|tid_926|tid_2067|tid_1028|tid_288|tid_2257|tid_1348|tid_523|tid_1014|tid_929|tid_520|tid_1924|tid_1551
tid_2259,12.916514431859682,12.916514431859682,0,tid_1537|tid_1416|tid_1902|tid_562|tid_495|tid_428|tid_2255|tid_2094|tid_2257|tid_1614|tid_1897|tid_521|tid_1690|tid_563|tid_1626
tid_226,12.399514768789643,12.399514768789643,0,tid_236|tid_221|tid_241|tid_2233|tid_2225|tid_908|tid_2234|tid_1143|tid_895|tid_1406|tid_1676|tid_844|tid_327|tid_2248|tid_1510
tid_2260,12.254688383562161,12.25468838356216,1.7763568394002505e-15,tid_1355|tid_566|tid_1648|tid_525|tid_1925|tid_1344|tid_1271|tid_1350|tid_563|tid_1323|tid_1311|tid_1343|tid_541|tid_2271|tid_549
tid_2262,12.807244501940485,12.807244501940485,0,tid_1924|tid_1754|tid_1353|tid_1666|tid_929|tid_2093|tid_1018|tid_692|tid_1887|tid_1642|tid_188|tid_840|tid_1760|tid_1689|tid_1548
tid_2264,14.497453852190834,14.497453852190834,0,tid_1308|tid_1132|tid_2027|tid_1168|tid_1068|tid_451|tid_1770|tid_1627|tid_1786|tid_1066|tid_1535|tid_1203|tid_697|tid_2118|tid_1588
tid_2265,14.748971039960491,14.748971039960493,1.7763568394002505e-15,tid_1757|tid_1943|tid_1762|tid_1940|tid_2082|tid_2098|tid_2085|tid_1761|tid_1222|tid_1945|tid_1738|tid_1755|tid_2172|tid_1870|tid_838
tid_2266,14.509167227656118,14.509167227656118,0,tid_1761|tid_1933|tid_1417|tid_2098|tid_1870|tid_2087|tid_1928|tid_1915|tid_1743|tid_2082|tid_1747|tid_1044|tid_1714|tid_2085|tid_1732
tid_2267,13.748160910639617,13.748160910639616,1.7763568394002505e-15,tid_1222|tid_1678|tid_1712|tid_1773|tid_1750|tid_1884|tid_1868|tid_1737|tid_184|tid_687|tid_302|tid_295|tid_1626|tid_1034|tid_923
tid_2268,13.615570353322903,13.615570353322903,0,tid_290|tid_2078|tid_1925|tid_1273|tid_1350|tid_304|tid_563|tid_1311|tid_2057|tid_1849|tid_302|tid_1908|tid_495|tid_1271|tid_2309
tid_2269,13.996475861361057,13.996475861361056,1.7763568394002505e-15,tid_1678|tid_1660|tid_1715|tid_570|tid_522|tid_1605|tid_2315|tid_687|tid_2094|tid_1325|tid_703|tid_2332|tid_1902|tid_377|tid_184
tid_227,10.023296333274612,10.023296333274612,0,tid_895|tid_225|tid_1676|tid_236|tid_226|tid_2244|tid_718|tid_1512|tid_1431|tid_2225|tid_2234|tid_210|tid_1510|tid_2233|tid_327
tid_2270,13.507766272189347,13.507766272189349,1.7763568394002505e-15,tid_289|tid_300|tid_565|tid_1017|tid_495|tid_2255|tid_1702|tid_1569|tid_1034|tid_1932|tid_1626|tid_1917|tid_287|tid_2081|tid_562
tid_2271,14.347454692369844,14.347454692369844,0,tid_1344|tid_1746|tid_1648|tid_2056|tid_296|tid_1751|tid_295|tid_2256|tid_553|tid_516|tid_1732|tid_1921|tid_687|tid_1678|tid_1323
tid_2272,14.438199764585846,14.438199764585846,0,tid_2069|tid_1634|tid_1550|tid_527|tid_1950|tid_2299|tid_1948|tid_1939|tid_432|tid_1694|tid_2287|tid_2315|tid_565|tid_2301|tid_2276
tid_2274,14.5364217847606,14.5364217847606,0,tid_1703|tid_530|tid_540|tid_274|tid_393|tid_545|tid_1697|tid_1948|tid_2295|tid_2299|tid_568|tid_486|tid_559|tid_1930|tid_2296
tid_2275,17.381285270899216,17.381285270899216,0,tid_504|tid_2161|tid_727|tid_1977|tid_1224|tid_2144|tid_1632|tid_1190|tid_1979|tid_1258|tid_418|tid_1874|tid_1598|tid_1597|tid_1665
tid_2276,14.281578260585892,14.281578260585892,0,tid_751|tid_747|tid_432|tid_2035|tid_1780|tid_527|tid_2303|tid_999|tid_1608|tid_1624|tid_2298|tid_2310|tid_2287|tid_2278|tid_2042
tid_2278,13.344878807718574,13.344878807718574,0,tid_739|tid_2007|tid_2042|tid_1583|tid_1624|tid_2158|tid_1557|tid_1782|tid_1004|tid_1780|tid_1529|tid_1125|tid_1731|tid_2070|tid_2322
tid_2279,18.00122700780511,18.00122700780511,0,tid_1236|tid_1986|tid_763|tid_679|tid_2004|tid_3011|tid_509|tid_422|tid_748|tid_2000|tid_224|tid_1135|tid_1668|tid_368|tid_1140
tid_228,13.546198373850116,13.546198373850116,0,tid_2219|tid_2146|tid_234|tid_2218|tid_2222|tid_2229|tid_229|tid_2236|tid_1519|tid_891|tid_2882|tid_1990|tid_2245|tid_1407|tid_892
tid_2280,18.063627626155455,18.063627626155451,3.5527136788005009e-15,tid_2288|tid_1765|tid_1980|tid_1009|tid_2252|tid_1577|tid_2289|tid_1539|tid_1879|tid_2320|tid_1919|tid_1667|tid_1229|tid_1875|tid_1553
tid_2281,17.62494033451636,17.62494033451636,0,tid_57|tid_25|tid_1665|tid_269|tid_26|tid_2000|tid_504|tid_66|tid_1190|tid_385|tid_1135|tid_2004|tid_481|tid_29|tid_1258
tid_2282,18.034320915224413,18.034320915224413,0,tid_1303|tid_1707|tid_1107|tid_1140|tid_1986|tid_2004|tid_988|tid_2000|tid_1575|tid_2318|tid_2251|tid_2044|tid_1668|tid_1135|tid_1877
tid_2286,16.918522500071266,16.918522500071266,0,tid_731|tid_2289|tid_44|tid_38|tid_23|tid_2252|tid_1238|tid_431|tid_756|tid_1667|tid_380|tid_420|tid_754|tid_735|tid_387
tid_2287,15.92269477322068,15.92269477322068,0,tid_2310|tid_1904|tid_2301|tid_2311|tid_2299|tid_1608|tid_1112|tid_1237|tid_1211|tid_2333|tid_274|tid_2062|tid_303|tid_2042|tid_1629
tid_2288,17.725116193386881,17.725116193386881,0,tid_2280|tid_1260|tid_1179|tid_2289|tid_1980|tid_2005|tid_2320|tid_1875|tid_1879|tid_680|tid_2008|tid_1978|tid_670|tid_1234|tid_1229
tid_2289,18.063627626155455,18.063627626155451,3.5527136788005009e-15,tid_2008|tid_1234|tid_2288|tid_44|tid_766|tid_1238|tid_1229|tid_2280|tid_3011|tid_754|tid_2252|tid_1235|tid_1972|tid_1978|tid_2012
tid_229,15.221027100292472,15.221027100292472,0,tid_892|tid_1231|tid_2146|tid_2005|tid_2219|tid_1974|tid_1993|tid_224|tid_1981|tid_890|tid_1990|tid_778|tid_2222|tid_228|tid_2010
tid_2292,11.546178880035907,11.546178880035908,1.7763568394002505e-15,tid_1649|tid_1278|tid_749|tid_1356|tid_1261|tid_398|tid_1357|tid_1298|tid_1337|tid_1300|tid_2149|tid_1730|tid_1276|tid_531|tid_1661
tid_2293,15.381696332679384,15.381696332679384,0,tid_1900|tid_2051|tid_1595|tid_1885|tid_2070|tid_1861|tid_1321|tid_1898|tid_2324|tid_1886|tid_1006|tid_1536|tid_995|tid_1976|tid_2180
tid_2294,13.101012756929276,13.101012756929276,0,tid_184|tid_1901|tid_1663|tid_1938|tid_1688|tid_1715|tid_1678|tid_769|tid_1696|tid_1950|tid_715|tid_1641|tid_2046|tid_1530|tid_723
tid_2295,15.298205209656924,15.298205209656924,0,tid_1630|tid_545|tid_540|tid_274|tid_530|tid_524|tid_1675|tid_1609|tid_1621|tid_1256|tid_568|tid_744|tid_1629|tid_1703|tid_2274
tid_2296,13.478574877885151,13.478574877885151,0,tid_2299|tid_1639|tid_1658|tid_1700|tid_274|tid_1608|tid_559|tid_2310|tid_1948|tid_530|tid_1904|tid_540|tid_70|tid_1533|tid_1694
tid_2297,13.255995283646826,13.255995283646826,0,tid_1270|tid_1305|tid_2035|tid_1994|tid_1878|tid_1992|tid_1976|tid_734|tid_2051|tid_2324|tid_1947|tid_2326|tid_995|tid_2293|tid_2330
tid_2298,11.892011364316613,11.892011364316613,0,tid_1663|tid_3012|tid_769|tid_2303|tid_1639|tid_1690|tid_1947|tid_2300|tid_751|tid_2276|tid_1895|tid_1533|tid_1550|tid_1338|tid_1780
tid_2299,15.298205209656924,15.298205209656924,0,tid_2296|tid_1948|tid_1639|tid_1533|tid_70|tid_1568|tid_2301|tid_2287|tid_274|tid_1696|tid_530|tid_1930|tid_1950|tid_2310|tid_540
tid_23,17.62494033451636,17.62494033451636,0,tid_38|tid_44|tid_3011|tid_419|tid_57|tid_380|tid_422|tid_763|tid_420|tid_1140|tid_481|tid_509|tid_269|tid_1238|tid_2289
tid_230,12.706874704007575,12.706874704007577,1.7763568394002505e-15,tid_1047|tid_2340|tid_1057|tid_1055|tid_240|tid_1072|tid_902|tid_908|tid_1053|tid_2151|tid_1052|tid_911|tid_233|tid_220|tid_216
tid_2300,15.544396553124184,15.544396553124184,0,tid_1608|tid_2012|tid_1565|tid_1241|tid_2301|tid_2310|tid_1972|tid_574|tid_559|tid_2155|tid_1904|tid_2298|tid_1533|tid_552|tid_1252
tid_2301,15.06830004572819,15.06830004572819,0,tid_1904|tid_1629|tid_274|tid_2287|tid_1568|tid_2299|tid_2310|tid_1930|tid_833|tid_1550|tid_574|tid_2028|tid_2300|tid_1895|tid_1012
tid_2302,12.02079909739766,12.02079909739766,0,tid_1636|tid_1682|tid_1641|tid_531|tid_1280|tid_1649|tid_1337|tid_2292|tid_1639|tid_1284|tid_3012|tid_1730|tid_1644|tid_1338|tid_1261
tid_2303,15.544396553124184,15.544396553124184,0,tid_1608|tid_1973|tid_1639|tid_2310|tid_751|tid_2298|tid_2276|tid_2155|tid_987|tid_303|tid_2300|tid_2296|tid_2012|tid_1641|tid_1972
tid_2304,10.953237410071948,10.953237410071948,0,tid_1653|tid_2018|tid_1644|tid_1290|tid_2316|tid_1056|tid_743|tid_1146|tid_898|tid_755|tid_2314|tid_2154|tid_2015|tid_1650|tid_1310
tid_2305,11.546178880035907,11.546178880035908,1.7763568394002505e-15,tid_770|tid_1358|tid_519|tid_564|tid_554|tid_1654|tid_2317|tid_441|tid_771|tid_758|tid_1651|tid_1300|tid_1661|tid_537|tid_1296
tid_2307,12.803319279930392,12.803319279930392,0,tid_548|tid_1730|tid_3012|tid_1693|tid_446|tid_1341|tid_1694|tid_536|tid_552|tid_561|tid_559|tid_1606|tid_58|tid_1195|tid_52
tid_2308,11.843187692873025,11.843187692873023,1.7763568394002505e-15,tid_1908|tid_1574|tid_1925|tid_563|tid_2332|tid_1546|tid_1280|tid_1690|tid_1338|tid_1938|tid_1947|tid_2298|tid_1715|tid_687|tid_1663
tid_2309,13.73859021180024,13.73859021180024,0,tid_1690|tid_1606|tid_1908|tid_302|tid_2308|tid_482|tid_1685|tid_3012|tid_563|tid_495|tid_2057|tid_1947|tid_1569|tid_2298|tid_565
tid_231,12.142033635315542,12.142033635315542,0,tid_219|tid_240|tid_911|tid_216|tid_909|tid_1066|tid_908|tid_241|tid_1285|tid_1146|tid_1047|tid_1072|tid_913|tid_697|tid_2334
tid_2310,15.92269477322068,15.92269477322068,0,tid_2287|tid_1608|tid_1904|tid_2012|tid_2311|tid_2301|tid_2155|tid_303|tid_987|tid_574|tid_2299|tid_1112|tid_2062|tid_2036|tid_2303
tid_2311,17.422866223244469,17.422866223244469,0,tid_2060|tid_1978|tid_2333|tid_1904|tid_2310|tid_2034|tid_2012|tid_2062|tid_2287|tid_2008|tid_1985|tid_677|tid_1237|tid_680|tid_1112
tid_2312,19.567588550309047,19.567588550309047,0,tid_2210|tid_76|tid_10|tid_448|tid_278|tid_373|tid_375|tid_1890|tid_1726|tid_1758|tid_379|tid_507|tid_27|tid_1783|tid_1410
tid_2314,12.494731723131803,12.494731723131803,0,tid_398|tid_1656|tid_1624|tid_70|tid_1261|tid_1633|tid_1557|tid_1293|tid_2018|tid_755|tid_2036|tid_739|tid_1948|tid_1697|tid_1533
tid_2315,12.605045793224946,12.605045793224946,0,tid_1340|tid_538|tid_489|tid_1557|tid_521|tid_1416|tid_1656|tid_1292|tid_1948|tid_747|tid_999|tid_1596|tid_1537|tid_1950|tid_769
tid_2316,12.900697515960946,12.900697515960946,0,tid_755|tid_1782|tid_743|tid_1535|tid_1610|tid_1004|tid_1557|tid_1146|tid_2304|tid_1285|tid_1650|tid_1588|tid_739|tid_2314|tid_572
tid_2317,13.709408053442207,13.709408053442209,1.7763568394002505e-15,tid_1300|tid_1661|tid_749|tid_524|tid_564|tid_1654|tid_32|tid_1296|tid_1358|tid_554|tid_560|tid_1356|tid_2305|tid_744|tid_1651
tid_2318,18.046709713628562,18.046709713628559,3.5527136788005009e-15,tid_1107|tid_2000|tid_1764|tid_988|tid_2004|tid_206|tid_2282|tid_2044|tid_1527|tid_1986|tid_1135|tid_1575|tid_1877|tid_890|tid_2164
tid_232,10.322353696108477,10.322353696108475,1.7763568394002505e-15,tid_238|tid_235|tid_898|tid_1279|tid_1268|tid_243|tid_771|tid_1052|tid_900|tid_2212|tid_242|tid_2205|tid_2037|tid_904|tid_2023
tid_2320,18.112498373941001,18.112498373941001,0,tid_1986|tid_2010|tid_2005|tid_1993|tid_1999|tid_1919|tid_1980|tid_679|tid_988|tid_2288|tid_1875|tid_1303|tid_2280|tid_1260|tid_1877
tid_2321,13.332058913749933,13.332058913749933,0,tid_1002|tid_1113|tid_2055|tid_1329|tid_1123|tid_1850|tid_1776|tid_2329|tid_1115|tid_2058|tid_2330|tid_1686|tid_1127|tid_1120|tid_1869
tid_2322,13.531962934005559,13.531962934005559,0,tid_1004|tid_1769|tid_2059|tid_1535|tid_1782|tid_2618|tid_1587|tid_1308|tid_1125|tid_723|tid_1581|tid_1610|tid_2128|tid_993|tid_1627
tid_2323,17.138312728545714,17.138312728545714,0,tid_2133|tid_1860|tid_2143|tid_1854|tid_2137|tid_1857|tid_1617|tid_2116|tid_2117|tid_2068|tid_2065|tid_1331|tid_2132|tid_1220|tid_1590
tid_2324,15.359272620187014,15.359272620187014,0,tid_1321|tid_2051|tid_1878|tid_1305|tid_1130|tid_1994|tid_2293|tid_1900|tid_1127|tid_995|tid_2297|tid_2330|tid_1595|tid_1861|tid_734
tid_2325,13.122171945701378,13.122171945701378,0,tid_1304|tid_2330|tid_734|tid_1127|tid_995|tid_745|tid_1529|tid_1989|tid_999|tid_1329|tid_2055|tid_1002|tid_1301|tid_1006|tid_1130
tid_2326,13.070516379789021,13.070516379789019,1.7763568394002505e-15,tid_1574|tid_2330|tid_999|tid_734|tid_1002|tid_2325|tid_1546|tid_1127|tid_1330|tid_538|tid_1947|tid_1270|tid_1301|tid_2035|tid_1304
tid_2327,14.632925533265384,14.632925533265384,0,tid_1125|tid_1203|tid_993|tid_1583|tid_1770|tid_1627|tid_2064|tid_1894|tid_2131|tid_1785|tid_451|tid_2328|tid_2189|tid_2111|tid_2183
tid_2328,13.744577203137887,13.744577203137888,1.7763568394002505e-15,tid_2327|tid_1579|tid_1688|tid_817|tid_993|tid_1686|tid_1894|tid_2064|tid_2176|tid_1776|tid_1125|tid_1627|tid_1286|tid_1937|tid_3
tid_2329,13.596403346190456,13.596403346190456,0,tid_1127|tid_1002|tid_2330|tid_2325|tid_2055|tid_1304|tid_2321|tid_1123|tid_1120|tid_734|tid_1776|tid_1113|tid_2326|tid_1121|tid_1989
tid_233,13.368917157885507,13.368917157885509,1.7763568394002505e-15,tid_2151|tid_1164|tid_1053|tid_1057|tid_1069|tid_1052|tid_1119|tid_1655|tid_280|tid_1146|tid_1653|tid_1588|tid_240|tid_230|tid_736
tid_2330,13.014137322746722,13.014137322746722,0,tid_2325|tid_1002|tid_1127|tid_734|tid_2326|tid_2055|tid_1304|tid_999|tid_1776|tid_995|tid_1686|tid_2329|tid_1113|tid_1329|tid_1006
tid_2332,13.356527117399208,13.356527117399208,0,tid_1546|tid_703|tid_1715|tid_1280|tid_1938|tid_2308|tid_1663|tid_1574|tid_1678|tid_687|tid_2294|tid_1337|tid_2326|tid_2269|tid_999
tid_2333,15.80961071433704,15.80961071433704,0,tid_1883|tid_2062|tid_2311|tid_1413|tid_992|tid_1578|tid_1422|tid_2060|tid_2883|tid_1922|tid_1160|tid_2710|tid_1709|tid_1876|tid_1414
tid_2334,13.601925911087577,13.601925911087577,0,tid_1063|tid_903|tid_739|tid_1285|tid_1066|tid_216|tid_2027|tid_697|tid_1111|tid_1788|tid_2278|tid_1612|tid_905|tid_913|tid_2886
tid_2335,15.640498283796145,15.640498283796145,0,tid_1992|tid_2001|tid_1973|tid_1976|tid_2009|tid_987|tid_2070|tid_1996|tid_2303|tid_585|tid_998|tid_1991|tid_670|tid_1179|tid_2293
tid_2336,14.529769549518988,14.529769549518988,0,tid_1404|tid_1401|tid_1063|tid_1111|tid_1778|tid_1983|tid_905|tid_897|tid_2007|tid_903|tid_1232|tid_913|tid_1578|tid_1158|tid_2019
tid_2337,18.852893727734422,18.852893727734426,3.5527136788005009e-15,tid_2228|tid_1136|tid_1527|tid_1764|tid_2033|tid_1117|tid_1403|tid_2032|tid_1600|tid_2006|tid_1408|tid_1890|tid_1586|tid_1396|tid_1783
tid_2338,16.30915496476937,16.30915496476937,0,tid_778|tid_794|tid_776|tid_843|tid_312|tid_784|tid_777|tid_582|tid_588|tid_881|tid_763|tid_1974|tid_860|tid_1957|tid_224
tid_2339,13.196879632263748,13.196879632263748,0,tid_889|tid_1963|tid_2341|tid_1969|tid_1956|tid_805|tid_870|tid_2343|tid_797|tid_800|tid_1968|tid_807|tid_588|tid_342|tid_803
tid_234,14.187852305264492,14.187852305264492,0,tid_2146|tid_891|tid_228|tid_1184|tid_585|tid_1672|tid_236|tid_229|tid_844|tid_2219|tid_883|tid_2225|tid_1990|tid_1110|tid_2218
tid_2340,13.052462659717069,13.052462659717069,0,tid_1047|tid_846|tid_230|tid_1072|tid_911|tid_1055|tid_237|tid_1051|tid_240|tid_1623|tid_897|tid_220|tid_231|tid_216|tid_767
tid_2341,11.841620824407094,11.841620824407094,0,tid_1963|tid_1956|tid_1969|tid_2249|tid_1960|tid_1968|tid_1962|tid_889|tid_2339|tid_1967|tid_797|tid_856|tid_847|tid_805|tid_846
tid_2342,10.858023211540901,10.8580232115409,1.7763568394002505e-15,tid_859|tid_1966|tid_855|tid_852|tid_880|tid_1954|tid_1297|tid_319|tid_877|tid_1965|tid_708|tid_340|tid_870|tid_907|tid_1959
tid_2343,13.842378343640039,13.842378343640039,0,tid_708|tid_801|tid_800|tid_2339|tid_889|tid_870|tid_588|tid_805|tid_1968|tid_1969|tid_852|tid_803|tid_797|tid_784|tid_881
tid_2344,15.699817240328983,15.699817240328985,1.7763568394002505e-15,tid_2242|tid_2589|tid_2568|tid_2522|tid_2565|tid_2599|tid_2605|tid_2528|tid_2216|tid_2487|tid_2370|tid_2879|tid_1475|tid_2539|tid_1506
tid_2345,13.58689237168258,13.58689237168258,0,tid_332|tid_616|tid_1970|tid_853|tid_2250|tid_614|tid_1152|tid_1958|tid_875|tid_888|tid_2348|tid_2349|tid_848|tid_1962|tid_318
tid_2348,11.07766435562505,11.07766435562505,0,tid_917|tid_2349|tid_916|tid_330|tid_678|tid_325|tid_888|tid_2345|tid_2880|tid_875|tid_332|tid_2244|tid_1430|tid_1962|tid_327
tid_2349,13.717665638515641,13.717665638515641,0,tid_2348|tid_678|tid_916|tid_330|tid_2345|tid_1430|tid_1970|tid_720|tid_1958|tid_917|tid_2244|tid_888|tid_325|tid_875|tid_2250
tid_235,11.742043348154251,11.742043348154253,1.7763568394002505e-15,tid_1268|tid_1189|tid_242|tid_2023|tid_2205|tid_771|tid_232|tid_1279|tid_904|tid_2018|tid_758|tid_1646|tid_1625|tid_275|tid_2212
tid_2351,17.595223818338223,17.595223818338223,0,tid_2399|tid_2557|tid_2436|tid_2376|tid_2405|tid_2434|tid_2354|tid_2382|tid_2460|tid_2359|tid_2353|tid_2429|tid_2507|tid_2352|tid_2358
tid_2352,17.300810023942013,17.300810023942013,0,tid_2357|tid_2461|tid_2358|tid_2460|tid_2353|tid_2457|tid_2364|tid_2440|tid_2354|tid_2374|tid_2355|tid_2359|tid_2375|tid_2539|tid_2361
tid_2353,17.711536999536936,17.711536999536936,0,tid_2439|tid_2357|tid_2440|tid_2460|tid_2352|tid_2358|tid_2355|tid_2359|tid_2457|tid_2573|tid_2539|tid_2441|tid_2373|tid_2361|tid_2360
tid_2354,17.090174276704474,17.090174276704474,0,tid_2400|tid_2425|tid_2388|tid_2434|tid_2352|tid_2366|tid_2379|tid_2468|tid_2351|tid_2374|tid_2378|tid_2429|tid_2460|tid_2387|tid_2399
tid_2355,17.711536999536936,17.711536999536936,0,tid_2440|tid_2458|tid_2357|tid_2457|tid_2441|tid_2353|tid_2460|tid_2361|tid_2506|tid_2539|tid_2358|tid_2373|tid_2364|tid_2423|tid_2573
tid_2356,16.892663238889693,16.892663238889693,0,tid_2450|tid_2389|tid_2390|tid_2429|tid_2433|tid_2430|tid_2435|tid_2388|tid_2387|tid_2428|tid_2386|tid_2404|tid_2383|tid_2402|tid_2385
tid_2357,17.465640441181975,17.465640441181975,0,tid_2358|tid_2352|tid_2460|tid_2355|tid_2364|tid_2440|tid_2457|tid_2353|tid_2359|tid_2361|tid_2461|tid_2373|tid_2375|tid_2458|tid_2374
tid_2358,17.090174276704474,17.090174276704474,0,tid_2357|tid_2352|tid_2359|tid_2461|tid_2460|tid_2361|tid_2353|tid_2440|tid_2457|tid_2355|tid_2374|tid_2360|tid_2375|tid_2364|tid_2373
tid_2359,16.457845037954421,16.457845037954421,0,tid_2360|tid_2372|tid_2361|tid_2373|tid_2460|tid_2358|tid_2357|tid_2375|tid_2353|tid_2574|tid_2518|tid_2405|tid_2427|tid_2377|tid_2573
tid_236,12.840588085831438,12.840588085831438,0,tid_895|tid_844|tid_2225|tid_226|tid_234|tid_1672|tid_1184|tid_2234|tid_1976|tid_2233|tid_909|tid_2886|tid_211|tid_891|tid_2001
tid_2360,17.733747341328353,17.733747341328353,0,tid_2372|tid_2359|tid_2373|tid_2518|tid_2361|tid_2574|tid_2375|tid_2377|tid_2405|tid_2460|tid_2573|tid_2376|tid_2427|tid_2510|tid_2382
tid_2361,17.515288539287035,17.515288539287035,0,tid_2359|tid_2373|tid_2360|tid_2427|tid_2372|tid_2375|tid_2357|tid_2358|tid_2423|tid_2365|tid_2355|tid_2510|tid_2364|tid_2460|tid_2458
tid_2362,16.567634278930665,16.567634278930665,0,tid_2604|tid_2606|tid_2552|tid_2437|tid_2590|tid_1465|tid_2410|tid_1395|tid_2568|tid_2504|tid_1445|tid_1443|tid_1500|tid_2501|tid_2500
tid_2363,16.56623611369541,16.56623611369541,0,tid_2380|tid_2428|tid_2529|tid_2454|tid_2502|tid_2462|tid_2562|tid_2398|tid_2520|tid_2436|tid_2584|tid_2499|tid_2464|tid_2475|tid_2381
tid_2364,16.816018206195494,16.816018206195494,0,tid_2375|tid_2365|tid_2373|tid_2357|tid_2374|tid_2460|tid_2427|tid_2539|tid_2510|tid_2361|tid_2423|tid_2379|tid_2372|tid_2355|tid_2359
tid_2365,16.37924257520773,16.37924257520773,0,tid_2427|tid_2375|tid_2364|tid_2373|tid_2510|tid_2423|tid_2361|tid_2374|tid_2426|tid_2476|tid_2372|tid_2424|tid_2360|tid_2566|tid_2357
tid_2366,15.935164473269836,15.935164473269836,0,tid_2369|tid_2379|tid_2378|tid_2425|tid_2400|tid_2434|tid_2424|tid_2561|tid_2475|tid_2454|tid_2426|tid_2381|tid_2477|tid_2374|tid_2583
tid_2367,16.696967477130098,16.696967477130098,0,tid_2453|tid_2401|tid_2452|tid_2451|tid_2384|tid_2387|tid_2404|tid_2368|tid_2381|tid_2455|tid_2385|tid_2402|tid_2435|tid_2474|tid_2407
tid_2368,16.473448513434729,16.473448513434729,0,tid_2387|tid_2367|tid_2385|tid_2451|tid_2388|tid_2452|tid_2453|tid_2384|tid_2381|tid_2455|tid_2404|tid_2450|tid_2401|tid_2425|tid_2435
tid_2369,16.171660682638709,16.171660682638709,0,tid_2366|tid_2378|tid_2379|tid_2425|tid_2434|tid_2424|tid_2454|tid_2400|tid_2426|tid_2561|tid_2381|tid_2477|tid_2374|tid_2475|tid_2583
tid_237,14.317381833049048,14.317381833049048,0,tid_767|tid_1232|tid_1051|tid_781|tid_1987|tid_603|tid_1161|tid_2019|tid_885|tid_1603|tid_1985|tid_806|tid_725|tid_2030|tid_2215
tid_2370,16.264518385123594,16.264518385123594,0,tid_2605|tid_1475|tid_2412|tid_2599|tid_2565|tid_2590|tid_2592|tid_1444|tid_2524|tid_2447|tid_2528|tid_2589|tid_2487|tid_2484|tid_1467
tid_2371,16.744134867434425,16.744134867434425,0,tid_2447|tid_2412|tid_1467|tid_1444|tid_2651|tid_2484|tid_2600|tid_2524|tid_2501|tid_2521|tid_1439|tid_1459|tid_2363|tid_2482|tid_2502
tid_2372,17.711536999536936,17.711536999536936,0,tid_2360|tid_2518|tid_2359|tid_2574|tid_2373|tid_2377|tid_2405|tid_2375|tid_2361|tid_2460|tid_2573|tid_2376|tid_2539|tid_2507|tid_2426
tid_2373,17.711536999536936,17.711536999536936,0,tid_2375|tid_2427|tid_2372|tid_2360|tid_2361|tid_2510|tid_2365|tid_2364|tid_2359|tid_2518|tid_2573|tid_2357|tid_2460|tid_2574|tid_2377
tid_2374,16.171660682638709,16.171660682638709,0,tid_2379|tid_2375|tid_2400|tid_2364|tid_2424|tid_2460|tid_2366|tid_2378|tid_2369|tid_2426|tid_2357|tid_2365|tid_2561|tid_2425|tid_2583
tid_2375,17.755019936196614,17.755019936196614,0,tid_2364|tid_2373|tid_2365|tid_2374|tid_2372|tid_2426|tid_2424|tid_2427|tid_2360|tid_2361|tid_2379|tid_2359|tid_2460|tid_2510|tid_2518
tid_2376,17.595223818338223,17.595223818338223,0,tid_2382|tid_2405|tid_2436|tid_2477|tid_2426|tid_2507|tid_2399|tid_2424|tid_2377|tid_2372|tid_2557|tid_2574|tid_2549|tid_2577|tid_2360
tid_2377,17.733747341328353,17.733747341328353,0,tid_2505|tid_2372|tid_2518|tid_2405|tid_2382|tid_2574|tid_2360|tid_2376|tid_2573|tid_2507|tid_2373|tid_2557|tid_2549|tid_2477|tid_2359
tid_2378,16.465530229883353,16.465530229883353,0,tid_2369|tid_2366|tid_2434|tid_2424|tid_2379|tid_2425|tid_2454|tid_2400|tid_2426|tid_2436|tid_2381|tid_2399|tid_2384|tid_2374|tid_2477
tid_2379,16.171660682638709,16.171660682638709,0,tid_2366|tid_2369|tid_2378|tid_2374|tid_2400|tid_2424|tid_2425|tid_2561|tid_2375|tid_2434|tid_2426|tid_2583|tid_2477|tid_2364|tid_2436
tid_238,10.322353696108477,10.322353696108475,1.7763568394002505e-15,tid_232|tid_1279|tid_235|tid_1268|tid_764|tid_773|tid_2023|tid_758|tid_1053|tid_904|tid_898|tid_900|tid_532|tid_771|tid_2037
tid_2380,16.348477577612641,16.348477577612641,0,tid_2428|tid_2363|tid_2381|tid_2429|tid_2454|tid_2384|tid_2434|tid_2404|tid_2430|tid_2387|tid_2398|tid_2475|tid_2451|tid_2431|tid_2366
tid_2381,16.56623611369541,16.56623611369541,0,tid_2384|tid_2453|tid_2452|tid_2387|tid_2451|tid_2367|tid_2404|tid_2455|tid_2454|tid_2434|tid_2368|tid_2425|tid_2380|tid_2378|tid_2385
tid_2382,17.597693580250873,17.597693580250873,0,tid_2376|tid_2405|tid_2436|tid_2477|tid_2507|tid_2426|tid_2377|tid_2557|tid_2399|tid_2577|tid_2549|tid_2372|tid_2574|tid_2529|tid_2424
tid_2383,17.147398528603254,17.147398528603254,0,tid_2433|tid_2402|tid_2406|tid_2430|tid_2398|tid_2386|tid_2431|tid_2408|tid_2428|tid_2404|tid_2548|tid_2407|tid_2435|tid_2401|tid_2432
tid_2384,16.56623611369541,16.56623611369541,0,tid_2381|tid_2453|tid_2404|tid_2387|tid_2451|tid_2367|tid_2452|tid_2385|tid_2434|tid_2368|tid_2401|tid_2428|tid_2450|tid_2455|tid_2454
tid_2385,16.473448513434729,16.473448513434729,0,tid_2387|tid_2451|tid_2368|tid_2452|tid_2388|tid_2401|tid_2453|tid_2450|tid_2367|tid_2435|tid_2384|tid_2404|tid_2390|tid_2455|tid_2190
tid_2386,16.95252337771802,16.95252337771802,0,tid_2406|tid_2433|tid_2402|tid_2435|tid_2383|tid_2408|tid_2407|tid_2401|tid_2390|tid_2430|tid_2548|tid_2404|tid_2450|tid_2356|tid_2367
tid_2387,16.811317164123253,16.811317164123253,0,tid_2451|tid_2388|tid_2384|tid_2450|tid_2385|tid_2368|tid_2404|tid_2453|tid_2367|tid_2381|tid_2452|tid_2435|tid_2401|tid_2428|tid_2390
tid_2388,16.914680592092356,16.914680592092356,0,tid_2387|tid_2450|tid_2368|tid_2385|tid_2451|tid_2384|tid_2390|tid_2425|tid_2435|tid_2404|tid_2453|tid_2452|tid_2381|tid_2367|tid_2429
tid_2389,16.56740346921255,16.56740346921255,0,tid_2390|tid_2356|tid_2450|tid_2435|tid_2388|tid_2429|tid_2387|tid_2385|tid_2433|tid_2368|tid_2386|tid_2430|tid_2404|tid_2451|tid_2474
tid_239,13.995907181000277,13.995907181000277,0,tid_223|tid_1989|tid_1770|tid_2031|tid_219|tid_1588|tid_1119|tid_1304|tid_1310|tid_993|tid_694|tid_909|tid_1003|tid_745|tid_1066
tid_2390,16.41362483518698,16.41362483518698,0,tid_2435|tid_2450|tid_2389|tid_2356|tid_2387|tid_2385|tid_2388|tid_2433|tid_2386|tid_2404|tid_2401|tid_2190|tid_2451|tid_2368|tid_2429
tid_2391,17.261440795399441,17.261440795399441,0,tid_2432|tid_1150|tid_2550|tid_2449|tid_2553|tid_2406|tid_2386|tid_2526|tid_2433|tid_2408|tid_2356|tid_2511|tid_2548|tid_2383|tid_2554
tid_2392,16.708760868627049,16.708760868627049,0,tid_2554|tid_2393|tid_2403|tid_1620|tid_2472|tid_1488|tid_2582|tid_2210|tid_2511|tid_2463|tid_2465|tid_2513|tid_2553|tid_1979|tid_2547
tid_2393,16.678166818324904,16.678166818324904,0,tid_2465|tid_2392|tid_2808|tid_1488|tid_1501|tid_2395|tid_2644|tid_2649|tid_2588|tid_1496|tid_2472|tid_1783|tid_2554|tid_2403|tid_1397
tid_2395,16.916798777111897,16.916798777111897,0,tid_1492|tid_2808|tid_1496|tid_2652|tid_1890|tid_2393|tid_2063|tid_2044|tid_1501|tid_1480|tid_1783|tid_1400|tid_2644|tid_1396|tid_1488
tid_2398,16.95252337771802,16.95252337771802,0,tid_2431|tid_2402|tid_2383|tid_2428|tid_2430|tid_2446|tid_2363|tid_2408|tid_2433|tid_2404|tid_2562|tid_2407|tid_2406|tid_2367|tid_2474
tid_2399,16.339199614271948,16.339199614271948,0,tid_2436|tid_2376|tid_2434|tid_2405|tid_2378|tid_2424|tid_2382|tid_2351|tid_2454|tid_2426|tid_2477|tid_2557|tid_2380|tid_2366|tid_2384
tid_240,11.931621840644624,11.931621840644624,0,tid_231|tid_1053|tid_1146|tid_911|tid_2023|tid_1066|tid_220|tid_1047|tid_1056|tid_216|tid_909|tid_219|tid_908|tid_2039|tid_1052
tid_2400,16.171660682638709,16.171660682638709,0,tid_2425|tid_2366|tid_2379|tid_2434|tid_2378|tid_2354|tid_2369|tid_2374|tid_2475|tid_2583|tid_2424|tid_2388|tid_2561|tid_2381|tid_2368
tid_2401,16.811317164123253,16.811317164123253,0,tid_2367|tid_2453|tid_2452|tid_2385|tid_2402|tid_2435|tid_2451|tid_2455|tid_2387|tid_2384|tid_2404|tid_2407|tid_2368|tid_2386|tid_2450
tid_2402,16.761581473089283,16.761581473089283,0,tid_2383|tid_2398|tid_2433|tid_2407|tid_2408|tid_2401|tid_2386|tid_2431|tid_2406|tid_2367|tid_2430|tid_2404|tid_2435|tid_2428|tid_2474
tid_2403,16.372213902038869,16.372213902038869,0,tid_2422|tid_1488|tid_2547|tid_1472|tid_2392|tid_2554|tid_2472|tid_2649|tid_2644|tid_1620|tid_2511|tid_1461|tid_2814|tid_2465|tid_2393
tid_2404,16.696967477130098,16.696967477130098,0,tid_2384|tid_2387|tid_2367|tid_2453|tid_2451|tid_2435|tid_2381|tid_2450|tid_2428|tid_2402|tid_2474|tid_2401|tid_2434|tid_2368|tid_2385
tid_2405,17.597693580250873,17.597693580250873,0,tid_2382|tid_2376|tid_2436|tid_2477|tid_2426|tid_2377|tid_2372|tid_2507|tid_2399|tid_2557|tid_2574|tid_2360|tid_2424|tid_2549|tid_2518
tid_2406,17.003286384011606,17.003286384011606,0,tid_2386|tid_2408|tid_2383|tid_2433|tid_2402|tid_2548|tid_2407|tid_2430|tid_2431|tid_2556|tid_2466|tid_2435|tid_2449|tid_2398|tid_2432
tid_2407,16.761581473089283,16.761581473089283,0,tid_2408|tid_2402|tid_2463|tid_2406|tid_2466|tid_2386|tid_2401|tid_2474|tid_2367|tid_2435|tid_2556|tid_2548|tid_2433|tid_2431|tid_2383
tid_2408,17.003286384011606,17.003286384011606,0,tid_2407|tid_2406|tid_2402|tid_2383|tid_2386|tid_2431|tid_2433|tid_2466|tid_2548|tid_2556|tid_2398|tid_2463|tid_2449|tid_2430|tid_2409
tid_2409,16.941273981410877,16.941273981410877,0,tid_2445|tid_2449|tid_1439|tid_2408|tid_2431|tid_2498|tid_2553|tid_2446|tid_2467|tid_2466|tid_2406|tid_2398|tid_2556|tid_2526|tid_2511
tid_241,12.142033635315542,12.142033635315542,0,tid_908|tid_1143|tid_231|tid_1066|tid_697|tid_223|tid_219|tid_240|tid_221|tid_2151|tid_226|tid_909|tid_1146|tid_239|tid_2234
tid_2410,17.599707663395272,17.599707663395272,0,tid_2588|tid_1402|tid_2644|tid_2571|tid_1783|tid_1500|tid_2649|tid_2570|tid_3013|tid_2393|tid_2472|tid_1468|tid_7|tid_2550|tid_2504
tid_2411,16.235522006130477,16.235522006130477,0,tid_1453|tid_2814|tid_1448|tid_2504|tid_2604|tid_1439|tid_1465|tid_1445|tid_1500|tid_1443|tid_2437|tid_2651|tid_2491|tid_2592|tid_1468
tid_2412,16.401988369911848,16.401988369911848,0,tid_1444|tid_2447|tid_2651|tid_2371|tid_1467|tid_2592|tid_2524|tid_1456|tid_2484|tid_1439|tid_2502|tid_2590|tid_2491|tid_2482|tid_2437
tid_2416,17.55445502350257,17.55445502350257,0,tid_2446|tid_1456|tid_2482|tid_2493|tid_2578|tid_2577|tid_2512|tid_2538|tid_2481|tid_2454|tid_2566|tid_2363|tid_2529|tid_2492|tid_2369
tid_242,11.742043348154251,11.742043348154253,1.7763568394002505e-15,tid_1189|tid_2212|tid_2205|tid_752|tid_235|tid_2018|tid_771|tid_2215|tid_1048|tid_770|tid_1268|tid_243|tid_275|tid_554|tid_755
tid_2422,16.678166818324904,16.678166818324904,0,tid_2403|tid_1472|tid_2547|tid_2644|tid_2814|tid_2649|tid_1488|tid_1402|tid_1468|tid_2504|tid_2472|tid_2554|tid_2409|tid_1461|tid_1620
tid_2423,17.465640441181975,17.465640441181975,0,tid_2459|tid_2458|tid_2365|tid_2427|tid_2361|tid_2364|tid_2510|tid_2373|tid_2457|tid_2355|tid_2476|tid_2375|tid_2357|tid_2540|tid_2440
tid_2424,16.171660682638709,16.171660682638709,0,tid_2426|tid_2378|tid_2379|tid_2369|tid_2375|tid_2366|tid_2436|tid_2376|tid_2399|tid_2454|tid_2374|tid_2477|tid_2434|tid_2405|tid_2382
tid_2425,16.465530229883353,16.465530229883353,0,tid_2400|tid_2366|tid_2434|tid_2378|tid_2369|tid_2379|tid_2381|tid_2368|tid_2387|tid_2388|tid_2384|tid_2451|tid_2452|tid_2454|tid_2354
tid_2426,16.304608205400982,16.304608205400982,0,tid_2424|tid_2477|tid_2376|tid_2405|tid_2436|tid_2382|tid_2375|tid_2378|tid_2369|tid_2379|tid_2507|tid_2561|tid_2366|tid_2579|tid_2372
tid_2427,17.191799059199433,17.191799059199433,0,tid_2365|tid_2373|tid_2510|tid_2361|tid_2375|tid_2423|tid_2360|tid_2372|tid_2364|tid_2359|tid_2476|tid_2518|tid_2567|tid_2506|tid_2426
tid_2428,16.465530229883353,16.465530229883353,0,tid_2380|tid_2430|tid_2429|tid_2404|tid_2363|tid_2431|tid_2398|tid_2402|tid_2387|tid_2384|tid_2433|tid_2450|tid_2451|tid_2381|tid_2383
tid_2429,16.29943641702458,16.29943641702458,0,tid_2428|tid_2430|tid_2450|tid_2380|tid_2356|tid_2404|tid_2387|tid_2433|tid_2474|tid_2388|tid_2451|tid_2435|tid_2431|tid_2390|tid_2584
tid_243,12.39532504328662,12.39532504328662,0,tid_2212|tid_591|tid_603|tid_242|tid_232|tid_1189|tid_220|tid_2205|tid_235|tid_885|tid_771|tid_595|tid_770|tid_2030|tid_808
tid_2430,16.56740346921255,16.56740346921255,0,tid_2433|tid_2428|tid_2431|tid_2383|tid_2429|tid_2402|tid_2548|tid_2398|tid_2404|tid_2474|tid_2406|tid_2356|tid_2556|tid_2450|tid_2380
tid_2431,17.228655099609202,17.228655099609202,0,tid_2398|tid_2430|tid_2383|tid_2402|tid_2428|tid_2556|tid_2548|tid_2408|tid_2433|tid_2474|tid_2446|tid_2406|tid_2562|tid_2499|tid_2407
tid_2432,17.261440795399441,17.261440795399441,0,tid_2449|tid_2406|tid_2526|tid_2383|tid_2433|tid_2391|tid_2553|tid_2408|tid_2386|tid_2409|tid_2550|tid_2430|tid_2548|tid_2431|tid_2402
tid_2433,16.95252337771802,16.95252337771802,0,tid_2383|tid_2430|tid_2406|tid_2386|tid_2402|tid_2548|tid_2435|tid_2431|tid_2408|tid_2356|tid_2428|tid_2404|tid_2450|tid_2390|tid_2429
tid_2434,16.348477577612641,16.348477577612641,0,tid_2378|tid_2425|tid_2366|tid_2384|tid_2436|tid_2369|tid_2381|tid_2400|tid_2399|tid_2454|tid_2404|tid_2387|tid_2379|tid_2380|tid_2451
tid_2435,16.914680592092356,16.914680592092356,0,tid_2390|tid_2450|tid_2401|tid_2386|tid_2387|tid_2404|tid_2385|tid_2433|tid_2367|tid_2402|tid_2451|tid_2474|tid_2368|tid_2384|tid_2407
tid_2436,16.56623611369541,16.56623611369541,0,tid_2376|tid_2405|tid_2399|tid_2382|tid_2477|tid_2434|tid_2426|tid_2424|tid_2378|tid_2454|tid_2529|tid_2557|tid_2363|tid_2507|tid_2560
tid_2437,16.58353167804254,16.58353167804254,0,tid_2590|tid_2592|tid_1467|tid_1465|tid_2501|tid_2651|tid_2552|tid_2500|tid_1395|tid_1448|tid_2604|tid_2491|tid_2524|tid_2568|tid_1459
tid_2439,17.515288539287035,17.515288539287035,0,tid_2353|tid_2441|tid_2440|tid_2355|tid_2573|tid_2359|tid_2506|tid_2443|tid_2357|tid_2358|tid_2460|tid_2360|tid_2361|tid_2373|tid_2372
tid_2440,17.701543017128252,17.701543017128252,0,tid_2355|tid_2357|tid_2457|tid_2458|tid_2353|tid_2358|tid_2441|tid_2439|tid_2361|tid_2359|tid_2352|tid_2460|tid_2443|tid_2506|tid_2456
tid_2441,17.711536999536936,17.711536999536936,0,tid_2443|tid_2355|tid_2440|tid_2439|tid_2456|tid_2506|tid_2537|tid_2536|tid_2458|tid_2353|tid_2573|tid_2442|tid_2519|tid_2457|tid_2357
tid_2442,18.03906841647629,18.03906841647629,0,tid_2443|tid_2537|tid_2479|tid_2494|tid_2543|tid_2495|tid_2485|tid_2541|tid_2536|tid_2441|tid_2488|tid_2540|tid_2509|tid_2456|tid_2459
tid_2443,18.03906841647629,18.03906841647629,0,tid_2441|tid_2442|tid_2537|tid_2456|tid_2536|tid_2440|tid_2506|tid_2355|tid_2458|tid_2495|tid_2494|tid_2459|tid_2439|tid_2540|tid_2542
tid_2444,18.62887759795364,18.62887759795364,0,tid_2541|tid_2479|tid_2543|tid_2486|tid_2509|tid_2442|tid_2544|tid_2485|tid_2545|tid_2527|tid_2535|tid_2494|tid_2488|tid_2495|tid_2443
tid_2445,17.003286384011606,17.003286384011606,0,tid_2409|tid_2446|tid_2431|tid_1439|tid_2408|tid_2449|tid_2398|tid_2498|tid_2407|tid_2466|tid_2556|tid_2402|tid_2496|tid_2553|tid_2406
tid_2446,16.56740346921255,16.56740346921255,0,tid_2398|tid_2445|tid_2431|tid_2402|tid_2409|tid_2428|tid_2408|tid_2363|tid_2407|tid_2496|tid_2474|tid_2473|tid_2556|tid_1456|tid_2430
tid_2447,16.401988369911848,16.401988369911848,0,tid_1444|tid_2412|tid_2371|tid_2502|tid_2577|tid_2484|tid_2482|tid_2363|tid_1475|tid_2462|tid_2529|tid_1467|tid_2487|tid_2464|tid_1456
tid_2449,16.95252337771802,16.95252337771802,0,tid_2553|tid_2526|tid_2409|tid_2432|tid_2511|tid_2550|tid_2408|tid_2406|tid_2467|tid_2570|tid_2548|tid_2498|tid_2572|tid_2431|tid_2472
tid_2450,16.892663238889693,16.892663238889693,0,tid_2387|tid_2388|tid_2390|tid_2435|tid_2451|tid_2356|tid_2385|tid_2404|tid_2429|tid_2389|tid_2368|tid_2384|tid_2401|tid_2428|tid_2453
tid_2451,16.473448513434729,16.473448513434729,0,tid_2387|tid_2453|tid_2384|tid_2452|tid_2367|tid_2385|tid_2368|tid_2404|tid_2381|tid_2450|tid_2388|tid_2401|tid_2455|tid_2435|tid_2428
tid_2452,16.473448513434729,16.473448513434729,0,tid_2455|tid_2453|tid_2367|tid_2451|tid_2381|tid_2384|tid_2401|tid_2385|tid_2387|tid_2368|tid_2404|tid_2388|tid_2450|tid_2402|tid_2435
tid_2453,16.696967477130098,16.696967477130098,0,tid_2452|tid_2384|tid_2451|tid_2367|tid_2381|tid_2401|tid_2387|tid_2455|tid_2404|tid_2385|tid_2368|tid_2402|tid_2450|tid_2435|tid_2454
tid_2454,16.171660682638709,16.171660682638709,0,tid_2378|tid_2381|tid_2434|tid_2363|tid_2369|tid_2380|tid_2384|tid_2436|tid_2424|tid_2366|tid_2453|tid_2426|tid_2451|tid_2399|tid_2428
tid_2455,16.696967477130098,16.696967477130098,0,tid_2452|tid_2453|tid_2367|tid_2401|tid_2451|tid_2381|tid_2368|tid_2384|tid_2385|tid_2387|tid_2404|tid_2402|tid_2388|tid_2454|tid_2450
tid_2456,17.701543017128252,17.701543017128252,0,tid_2441|tid_2443|tid_2355|tid_2458|tid_2537|tid_2440|tid_2457|tid_2459|tid_2536|tid_2442|tid_2423|tid_2353|tid_2357|tid_2506|tid_2439
tid_2457,17.128900029367845,17.128900029367845,0,tid_2458|tid_2357|tid_2440|tid_2355|tid_2358|tid_2461|tid_2352|tid_2423|tid_2353|tid_2361|tid_2459|tid_2364|tid_2460|tid_2456|tid_2359
tid_2458,17.515288539287035,17.515288539287035,0,tid_2423|tid_2459|tid_2355|tid_2457|tid_2440|tid_2357|tid_2361|tid_2364|tid_2456|tid_2441|tid_2373|tid_2365|tid_2506|tid_2427|tid_2358
tid_2459,17.701543017128252,17.701543017128252,0,tid_2423|tid_2458|tid_2540|tid_2457|tid_2355|tid_2361|tid_2427|tid_2440|tid_2443|tid_2537|tid_2476|tid_2365|tid_2456|tid_2510|tid_2536
tid_2460,17.090174276704474,17.090174276704474,0,tid_2539|tid_2357|tid_2359|tid_2372|tid_2374|tid_2358|tid_2375|tid_2353|tid_2364|tid_2352|tid_2360|tid_2574|tid_2373|tid_2355|tid_2361
tid_2461,17.465640441181975,17.465640441181975,0,tid_2352|tid_2358|tid_2357|tid_2457|tid_2460|tid_2374|tid_2355|tid_2440|tid_2353|tid_2364|tid_2458|tid_2361|tid_2354|tid_2359|tid_2539
tid_2462,16.869965086867865,16.869965086867865,0,tid_2555|tid_2520|tid_2464|tid_2584|tid_2502|tid_2551|tid_2534|tid_2569|tid_2470|tid_2581|tid_2499|tid_2525|tid_2562|tid_2516|tid_2515
tid_2463,16.708760868627049,16.708760868627049,0,tid_2466|tid_2513|tid_2575|tid_2407|tid_2556|tid_2582|tid_2548|tid_2408|tid_2474|tid_2473|tid_2511|tid_2467|tid_2546|tid_2406|tid_2553
tid_2464,16.713088155759849,16.713088155759849,0,tid_2520|tid_2462|tid_2555|tid_2502|tid_2470|tid_2534|tid_2551|tid_2584|tid_2569|tid_2581|tid_2525|tid_2496|tid_2475|tid_2515|tid_2562
tid_2465,16.201615160885652,16.201615160885652,0,tid_1488|tid_2649|tid_1461|tid_1501|tid_2478|tid_2393|tid_1397|tid_2588|tid_2808|tid_1472|tid_2472|tid_1496|tid_2644|tid_2814|tid_2554
tid_2466,16.56740346921255,16.56740346921255,0,tid_2556|tid_2548|tid_2463|tid_2467|tid_2546|tid_2575|tid_2407|tid_2474|tid_2473|tid_2408|tid_2513|tid_2511|tid_2530|tid_2580|tid_2406
tid_2467,16.766530661110579,16.766530661110579,0,tid_2556|tid_2466|tid_2498|tid_2548|tid_2572|tid_2553|tid_2511|tid_2546|tid_2530|tid_2496|tid_2471|tid_2534|tid_2515|tid_2580|tid_2581
tid_2468,17.295888556032679,17.295888556032679,0,tid_2514|tid_2549|tid_2507|tid_2560|tid_2579|tid_2475|tid_2529|tid_2583|tid_2477|tid_2502|tid_2517|tid_2557|tid_2578|tid_2561|tid_2574
tid_2469,17.326812661576383,17.326812661576383,0,tid_2525|tid_2471|tid_2516|tid_2515|tid_2483|tid_2585|tid_2581|tid_2496|tid_2534|tid_2551|tid_2555|tid_2498|tid_2501|tid_2576|tid_2470
tid_2470,16.766530661110579,16.766530661110579,0,tid_2551|tid_2555|tid_2581|tid_2525|tid_2534|tid_2530|tid_2462|tid_2520|tid_2515|tid_2584|tid_2580|tid_2464|tid_2546|tid_2576|tid_2471
tid_2471,16.766530661110579,16.766530661110579,0,tid_2515|tid_2525|tid_2469|tid_2523|tid_2581|tid_2580|tid_2530|tid_2483|tid_2496|tid_2534|tid_2470|tid_2551|tid_2516|tid_2555|tid_2546
tid_2472,17.261440795399441,17.261440795399441,0,tid_2554|tid_2553|tid_2511|tid_2572|tid_2570|tid_1443|tid_2498|tid_2550|tid_2478|tid_2467|tid_2449|tid_2403|tid_2392|tid_2465|tid_2466
tid_2473,16.713088155759849,16.713088155759849,0,tid_2523|tid_2575|tid_2474|tid_2580|tid_2556|tid_2466|tid_2530|tid_2546|tid_2520|tid_2515|tid_2584|tid_2569|tid_2463|tid_2471|tid_2496
tid_2474,16.754467730721334,16.754467730721334,0,tid_2556|tid_2473|tid_2404|tid_2546|tid_2548|tid_2367|tid_2466|tid_2402|tid_2407|tid_2584|tid_2530|tid_2431|tid_2430|tid_2435|tid_2580
tid_2475,16.401988369911848,16.401988369911848,0,tid_2512|tid_2529|tid_2578|tid_2560|tid_2520|tid_2583|tid_2502|tid_2579|tid_2561|tid_2514|tid_2464|tid_2468|tid_2366|tid_2462|tid_2363
tid_2476,18.273698419628694,18.27369841962869,3.5527136788005009e-15,tid_2497|tid_2510|tid_2503|tid_2542|tid_2558|tid_2567|tid_2506|tid_2533|tid_2539|tid_2518|tid_2427|tid_2365|tid_2361|tid_2373|tid_2364
tid_2477,17.595223818338223,17.595223818338223,0,tid_2577|tid_2507|tid_2579|tid_2529|tid_2376|tid_2560|tid_2426|tid_2561|tid_2382|tid_2436|tid_2405|tid_2549|tid_2574|tid_2583|tid_2508
tid_2478,16.010485015304532,16.010485015304532,0,tid_1461|tid_2814|tid_2586|tid_2649|tid_1443|tid_2465|tid_1472|tid_1488|tid_2472|tid_2588|tid_2498|tid_2572|tid_1448|tid_2570|tid_2582
tid_2479,18.62887759795364,18.62887759795364,0,tid_2541|tid_2485|tid_2509|tid_2543|tid_2488|tid_2494|tid_2442|tid_2495|tid_2545|tid_2537|tid_2559|tid_2486|tid_2540|tid_2444|tid_2564
tid_2480,17.795385013631826,17.795385013631826,0,tid_2489|tid_2558|tid_2488|tid_2564|tid_2533|tid_2567|tid_2495|tid_2542|tid_2494|tid_2536|tid_2532|tid_2519|tid_2497|tid_2506|tid_2563
tid_2481,16.368919206759269,16.368919206759269,0,tid_2566|tid_2490|tid_2561|tid_2503|tid_2583|tid_2508|tid_2517|tid_2579|tid_2578|tid_2577|tid_2560|tid_2477|tid_2529|tid_2426|tid_2369
tid_2482,17.135610868414464,17.135610868414464,0,tid_2577|tid_2529|tid_2363|tid_2502|tid_2477|tid_2560|tid_2447|tid_1456|tid_2499|tid_2562|tid_2531|tid_2382|tid_2508|tid_2569|tid_2462
tid_2483,16.869965086867865,16.869965086867865,0,tid_2516|tid_2469|tid_2515|tid_2525|tid_2471|tid_2496|tid_2569|tid_2534|tid_2581|tid_2555|tid_2491|tid_1456|tid_2551|tid_2585|tid_2523
tid_2484,16.583669984142112,16.583669984142112,0,tid_2521|tid_1475|tid_2528|tid_2447|tid_2599|tid_2565|tid_2505|tid_2487|tid_2377|tid_1444|tid_2371|tid_2577|tid_2549|tid_2524|tid_2508
tid_2485,18.57776490790517,18.57776490790517,0,tid_2479|tid_2541|tid_2488|tid_2494|tid_2509|tid_2559|tid_2543|tid_2540|tid_2563|tid_2495|tid_2564|tid_2442|tid_2537|tid_2536|tid_2480
tid_2486,19.153619305717619,19.153619305717616,3.5527136788005009e-15,tid_2544|tid_2509|tid_2545|tid_2541|tid_2527|tid_2479|tid_2543|tid_2444|tid_2485|tid_2535|tid_2488|tid_2442|tid_2494|tid_2559|tid_2495
tid_2487,16.566603313459517,16.566603313459517,0,tid_2565|tid_2528|tid_1475|tid_2555|tid_2462|tid_2502|tid_2525|tid_2516|tid_2551|tid_2568|tid_2464|tid_2470|tid_2501|tid_2514|tid_2549
tid_2488,17.861071753579626,17.861071753579626,0,tid_2494|tid_2564|tid_2485|tid_2480|tid_2495|tid_2563|tid_2479|tid_2536|tid_2558|tid_2540|tid_2537|tid_2559|tid_2542|tid_2509|tid_2489
tid_2489,17.711536999536936,17.711536999536936,0,tid_2480|tid_2532|tid_2533|tid_2495|tid_2567|tid_2519|tid_2542|tid_2558|tid_2536|tid_2494|tid_2488|tid_2564|tid_2506|tid_2497|tid_2573
tid_2490,15.935164473269836,15.935164473269836,0,tid_2566|tid_2481|tid_2561|tid_2503|tid_2510|tid_2583|tid_2365|tid_2375|tid_2426|tid_2427|tid_2476|tid_2477|tid_2369|tid_2508|tid_2379
tid_2491,16.264518385123594,16.264518385123594,0,tid_2500|tid_1439|tid_2483|tid_1448|tid_2516|tid_2498|tid_1465|tid_1456|tid_2586|tid_2501|tid_2496|tid_2469|tid_2585|tid_1444|tid_2534
tid_2492,16.669787438021476,16.669787438021476,0,tid_2493|tid_2586|tid_2523|tid_2538|tid_2473|tid_2483|tid_2471|tid_1456|tid_2515|tid_2587|tid_2569|tid_2496|tid_1448|tid_2580|tid_2498
tid_2493,16.415207437921666,16.415207437921666,0,tid_2492|tid_2586|tid_1456|tid_2523|tid_2587|tid_2483|tid_2473|tid_2538|tid_1448|tid_2496|tid_2569|tid_2471|tid_2491|tid_2515|tid_2478
tid_2494,17.795385013631826,17.795385013631826,0,tid_2488|tid_2564|tid_2536|tid_2540|tid_2485|tid_2495|tid_2558|tid_2542|tid_2537|tid_2480|tid_2479|tid_2567|tid_2563|tid_2489|tid_2442
tid_2495,18.03906841647629,18.03906841647629,0,tid_2494|tid_2489|tid_2536|tid_2480|tid_2488|tid_2567|tid_2542|tid_2506|tid_2564|tid_2537|tid_2558|tid_2485|tid_2442|tid_2533|tid_2479
tid_2496,16.669787438021476,16.669787438021476,0,tid_2534|tid_2516|tid_2515|tid_2581|tid_2525|tid_2569|tid_2555|tid_2551|tid_2498|tid_2584|tid_2471|tid_2469|tid_2556|tid_2499|tid_2483
tid_2497,18.114669502395685,18.114669502395685,0,tid_2503|tid_2476|tid_2533|tid_2542|tid_2567|tid_2522|tid_2510|tid_2519|tid_2558|tid_2539|tid_2573|tid_2518|tid_2506|tid_2536|tid_2373
tid_2498,16.256904537484672,16.256904537484672,0,tid_2467|tid_2496|tid_2500|tid_2572|tid_2553|tid_2556|tid_1439|tid_2469|tid_2471|tid_2570|tid_1443|tid_2511|tid_2466|tid_2534|tid_1465
tid_2499,16.766530661110579,16.766530661110579,0,tid_2562|tid_2584|tid_2534|tid_2569|tid_2581|tid_2462|tid_2576|tid_2546|tid_2496|tid_2555|tid_2551|tid_2530|tid_2520|tid_2470|tid_2516
tid_25,17.433527669240068,17.433527669240068,0,tid_29|tid_2281|tid_1665|tid_1632|tid_28|tid_77|tid_418|tid_66|tid_385|tid_504|tid_355|tid_26|tid_57|tid_73|tid_2275
tid_2500,17.183560823415633,17.183560823415633,0,tid_1465|tid_2501|tid_2585|tid_2498|tid_2491|tid_1439|tid_2576|tid_2469|tid_1395|tid_2516|tid_2496|tid_2570|tid_2552|tid_1448|tid_1443
tid_2501,16.58353167804254,16.58353167804254,0,tid_2585|tid_2500|tid_2576|tid_2516|tid_2568|tid_2525|tid_2469|tid_1465|tid_1395|tid_2534|tid_2496|tid_2551|tid_1467|tid_2555|tid_2491
tid_2502,17.376493244435576,17.376493244435576,0,tid_2529|tid_2462|tid_2560|tid_2464|tid_2514|tid_2578|tid_2579|tid_2577|tid_2520|tid_2517|tid_2475|tid_2549|tid_2555|tid_2363|tid_2468
tid_2503,17.299662338897615,17.299662338897615,0,tid_2497|tid_2476|tid_2510|tid_2518|tid_2567|tid_2481|tid_2533|tid_2522|tid_2542|tid_2566|tid_2539|tid_2558|tid_2508|tid_2519|tid_2574
tid_2504,16.235522006130477,16.235522006130477,0,tid_2814|tid_1445|tid_1468|tid_1472|tid_1500|tid_1402|tid_1465|tid_1443|tid_2552|tid_2649|tid_2570|tid_2411|tid_1439|tid_2478|tid_2500
tid_2505,17.733747341328353,17.733747341328353,0,tid_2377|tid_2573|tid_2518|tid_2519|tid_2532|tid_2507|tid_2574|tid_2521|tid_2522|tid_2372|tid_2549|tid_2373|tid_2382|tid_2360|tid_2508
tid_2506,17.299662338897615,17.299662338897615,0,tid_2542|tid_2567|tid_2573|tid_2536|tid_2519|tid_2533|tid_2510|tid_2497|tid_2558|tid_2476|tid_2355|tid_2373|tid_2518|tid_2361|tid_2441
tid_2507,17.733747341328353,17.733747341328353,0,tid_2549|tid_2477|tid_2579|tid_2468|tid_2382|tid_2574|tid_2376|tid_2514|tid_2405|tid_2560|tid_2518|tid_2577|tid_2557|tid_2529|tid_2426
tid_2508,17.595223818338223,17.595223818338223,0,tid_2517|tid_2560|tid_2549|tid_2577|tid_2579|tid_2514|tid_2529|tid_2477|tid_2574|tid_2507|tid_2518|tid_2578|tid_2561|tid_2583|tid_2502
tid_2509,19.153619305717619,19.153619305717616,3.5527136788005009e-15,tid_2479|tid_2541|tid_2485|tid_2486|tid_2545|tid_2543|tid_2527|tid_2488|tid_2494|tid_2495|tid_2442|tid_2544|tid_2444|tid_2559|tid_2537
tid_2510,17.191799059199433,17.191799059199433,0,tid_2427|tid_2373|tid_2567|tid_2476|tid_2365|tid_2497|tid_2542|tid_2518|tid_2503|tid_2506|tid_2375|tid_2372|tid_2361|tid_2364|tid_2558
tid_2511,17.003286384011606,17.003286384011606,0,tid_2553|tid_2572|tid_2554|tid_2467|tid_2472|tid_2570|tid_2466|tid_2513|tid_2449|tid_2498|tid_2526|tid_2556|tid_2463|tid_2548|tid_2550
tid_2512,16.401988369911848,16.401988369911848,0,tid_2475|tid_2578|tid_2520|tid_2529|tid_2583|tid_2560|tid_2561|tid_2569|tid_2584|tid_2464|tid_2473|tid_2502|tid_2366|tid_2462|tid_2579
tid_2513,16.678166818324904,16.678166818324904,0,tid_2463|tid_2582|tid_2466|tid_2575|tid_2511|tid_2467|tid_2556|tid_2554|tid_2572|tid_2548|tid_2473|tid_2523|tid_2546|tid_2472|tid_2580
tid_2514,17.295888556032679,17.295888556032679,0,tid_2468|tid_2579|tid_2560|tid_2549|tid_2517|tid_2578|tid_2502|tid_2529|tid_2507|tid_2508|tid_2577|tid_2475|tid_2477|tid_2583|tid_2561
tid_2515,16.669787438021476,16.669787438021476,0,tid_2581|tid_2471|tid_2525|tid_2580|tid_2534|tid_2569|tid_2516|tid_2496|tid_2469|tid_2555|tid_2551|tid_2530|tid_2483|tid_2584|tid_2546
tid_2516,16.869965086867865,16.869965086867865,0,tid_2483|tid_2534|tid_2525|tid_2496|tid_2515|tid_2469|tid_2555|tid_2581|tid_2569|tid_2551|tid_2576|tid_2585|tid_2462|tid_2471|tid_2470
tid_2517,16.401988369911848,16.401988369911848,0,tid_2578|tid_2560|tid_2508|tid_2514|tid_2579|tid_2549|tid_2529|tid_2577|tid_2502|tid_2583|tid_2561|tid_2468|tid_2477|tid_2475|tid_2507
tid_2518,17.595223818338223,17.595223818338223,0,tid_2574|tid_2372|tid_2377|tid_2360|tid_2573|tid_2507|tid_2505|tid_2373|tid_2539|tid_2510|tid_2549|tid_2497|tid_2508|tid_2522|tid_2375
tid_2519,17.795385013631826,17.795385013631826,0,tid_2573|tid_2533|tid_2505|tid_2522|tid_2497|tid_2567|tid_2532|tid_2506|tid_2542|tid_2518|tid_2489|tid_2510|tid_2558|tid_2536|tid_2503
tid_2520,16.754467730721334,16.754467730721334,0,tid_2464|tid_2462|tid_2584|tid_2555|tid_2569|tid_2470|tid_2581|tid_2534|tid_2580|tid_2551|tid_2530|tid_2515|tid_2562|tid_2475|tid_2502
tid_2521,17.135610868414464,17.135610868414464,0,tid_2484|tid_1475|tid_2599|tid_2505|tid_2528|tid_2565|tid_2377|tid_2557|tid_2549|tid_2487|tid_2507|tid_2382|tid_2447|tid_2532|tid_2573
tid_2522,17.755019936196614,17.755019936196614,0,tid_2539|tid_2497|tid_2519|tid_2573|tid_2518|tid_2533|tid_2574|tid_2505|tid_2503|tid_2549|tid_2507|tid_2508|tid_2460|tid_2372|tid_2506
tid_2523,16.713088155759849,16.713088155759849,0,tid_2471|tid_2580|tid_2473|tid_2515|tid_2530|tid_2581|tid_2520|tid_2546|tid_2569|tid_2525|tid_2575|tid_2556|tid_2496|tid_2483|tid_2469
tid_2524,16.264518385123594,16.264518385123594,0,tid_1459|tid_1467|tid_2592|tid_2651|tid_1493|tid_2590|tid_2437|tid_2371|tid_2484|tid_1444|tid_2412|tid_2501|tid_2447|tid_2599|tid_2565
tid_2525,16.869965086867865,16.869965086867865,0,tid_2555|tid_2551|tid_2581|tid_2534|tid_2515|tid_2470|tid_2516|tid_2469|tid_2471|tid_2496|tid_2576|tid_2483|tid_2585|tid_2462|tid_2530
tid_2526,17.599707663395272,17.599707663395272,0,tid_2449|tid_2553|tid_2550|tid_2570|tid_2467|tid_2511|tid_2572|tid_2432|tid_2498|tid_2500|tid_2548|tid_2406|tid_2576|tid_2409|tid_2585
tid_2527,19.153619305717619,19.153619305717616,3.5527136788005009e-15,tid_2509|tid_2486|tid_2479|tid_2541|tid_2488|tid_2485|tid_2495|tid_2545|tid_2444|tid_2494|tid_2544|tid_2543|tid_2480|tid_2489|tid_2442
tid_2528,17.740202314637553,17.740202314637553,0,tid_2565|tid_2487|tid_1475|tid_2484|tid_2508|tid_2521|tid_2549|tid_2502|tid_2517|tid_2555|tid_2560|tid_2514|tid_2462|tid_2557|tid_2531
tid_2529,16.401988369911848,16.401988369911848,0,tid_2560|tid_2502|tid_2579|tid_2477|tid_2577|tid_2475|tid_2578|tid_2514|tid_2549|tid_2363|tid_2517|tid_2462|tid_2561|tid_2508|tid_2583
tid_2530,16.669787438021476,16.669787438021476,0,tid_2580|tid_2546|tid_2581|tid_2470|tid_2584|tid_2515|tid_2534|tid_2556|tid_2562|tid_2520|tid_2471|tid_2551|tid_2525|tid_2569|tid_2496
tid_2531,16.754467730721334,16.754467730721334,0,tid_2569|tid_2584|tid_2462|tid_2562|tid_2499|tid_2555|tid_2581|tid_2560|tid_2529|tid_2520|tid_2470|tid_2580|tid_2534|tid_2515|tid_2502
tid_2532,17.090291774448872,17.090291774448872,0,tid_2489|tid_2533|tid_2519|tid_2505|tid_2567|tid_2573|tid_2377|tid_2518|tid_2506|tid_2480|tid_2497|tid_2495|tid_2522|tid_2542|tid_2510
tid_2533,17.711536999536936,17.711536999536936,0,tid_2567|tid_2519|tid_2497|tid_2542|tid_2532|tid_2489|tid_2558|tid_2506|tid_2573|tid_2480|tid_2522|tid_2536|tid_2518|tid_2503|tid_2476
tid_2534,17.690553876219273,17.690553876219273,0,tid_2496|tid_2581|tid_2525|tid_2555|tid_2516|tid_2551|tid_2515|tid_2499|tid_2569|tid_2584|tid_2470|tid_2576|tid_2462|tid_2530|tid_2562
tid_2535,19.153619305717619,19.153619305717616,3.5527136788005009e-15,tid_2544|tid_2486|tid_2545|tid_2444|tid_2509|tid_2541|tid_2543|tid_2527|tid_2479|tid_2485|tid_2442|tid_2488|tid_2559|tid_2495|tid_2537
tid_2536,17.724307787035087,17.724307787035087,0,tid_2542|tid_2537|tid_2558|tid_2494|tid_2564|tid_2506|tid_2567|tid_2495|tid_2480|tid_2488|tid_2533|tid_2540|tid_2497|tid_2519|tid_2489
tid_2537,18.57776490790517,18.57776490790517,0,tid_2536|tid_2494|tid_2443|tid_2564|tid_2442|tid_2488|tid_2540|tid_2558|tid_2441|tid_2542|tid_2456|tid_2495|tid_2506|tid_2485|tid_2479
tid_2538,16.684930715379352,16.684930715379352,0,tid_2578|tid_2492|tid_2517|tid_2502|tid_2493|tid_1456|tid_2464|tid_2483|tid_2512|tid_2514|tid_2587|tid_2569|tid_2520|tid_2475|tid_2462
tid_2539,17.191799059199433,17.191799059199433,0,tid_2460|tid_2522|tid_2574|tid_2518|tid_2497|tid_2372|tid_2573|tid_2364|tid_2507|tid_2375|tid_2373|tid_2360|tid_2355|tid_2468|tid_2476
tid_2540,17.508006129486887,17.508006129486887,0,tid_2494|tid_2564|tid_2558|tid_2563|tid_2536|tid_2542|tid_2459|tid_2559|tid_2488|tid_2485|tid_2537|tid_2423|tid_2567|tid_2476|tid_2506
tid_2541,18.62887759795364,18.62887759795364,0,tid_2479|tid_2543|tid_2485|tid_2509|tid_2545|tid_2486|tid_2488|tid_2444|tid_2442|tid_2544|tid_2494|tid_2559|tid_2537|tid_2563|tid_2540
tid_2542,17.795385013631826,17.795385013631826,0,tid_2558|tid_2567|tid_2536|tid_2497|tid_2564|tid_2506|tid_2476|tid_2533|tid_2510|tid_2494|tid_2480|tid_2519|tid_2540|tid_2503|tid_2489
tid_2543,18.62887759795364,18.62887759795364,0,tid_2541|tid_2479|tid_2545|tid_2485|tid_2509|tid_2442|tid_2537|tid_2544|tid_2488|tid_2486|tid_2494|tid_2444|tid_2559|tid_2540|tid_2563
tid_2544,18.03906841647629,18.03906841647629,0,tid_2486|tid_2545|tid_2541|tid_2543|tid_2509|tid_2479|tid_2444|tid_2535|tid_2485|tid_2527|tid_2559|tid_2488|tid_2563|tid_2442|tid_2494
tid_2545,18.62887759795364,18.62887759795364,0,tid_2543|tid_2509|tid_2541|tid_2486|tid_2544|tid_2479|tid_2485|tid_2444|tid_2442|tid_2488|tid_2535|tid_2527|tid_2559|tid_2537|tid_2494
tid_2546,16.754467730721334,16.754467730721334,0,tid_2580|tid_2530|tid_2556|tid_2584|tid_2581|tid_2548|tid_2515|tid_2562|tid_2466|tid_2534|tid_2467|tid_2499|tid_2470|tid_2474|tid_2551
tid_2547,17.780133928571431,17.780133928571431,0,tid_2571|tid_2403|tid_1783|tid_2422|tid_2644|tid_1492|tid_1402|tid_2393|tid_2392|tid_1472|tid_7|tid_2554|tid_2410|tid_1488|tid_2649
tid_2548,16.766530661110579,16.766530661110579,0,tid_2556|tid_2466|tid_2546|tid_2467|tid_2406|tid_2433|tid_2430|tid_2431|tid_2474|tid_2530|tid_2553|tid_2408|tid_2407|tid_2463|tid_2383
tid_2549,17.733747341328353,17.733747341328353,0,tid_2507|tid_2560|tid_2514|tid_2468|tid_2557|tid_2579|tid_2508|tid_2574|tid_2477|tid_2529|tid_2517|tid_2577|tid_2502|tid_2382|tid_2518
tid_2550,17.202042051783017,17.202042051783017,0,tid_2570|tid_2553|tid_2572|tid_2526|tid_2449|tid_2511|tid_2472|tid_2467|tid_2554|tid_1395|tid_2500|tid_2498|tid_2548|tid_2585|tid_1465
tid_2551,17.326812661576383,17.326812661576383,0,tid_2470|tid_2555|tid_2581|tid_2525|tid_2534|tid_2462|tid_2515|tid_2584|tid_2520|tid_2576|tid_2496|tid_2516|tid_2530|tid_2464|tid_2580
tid_2552,16.58353167804254,16.58353167804254,0,tid_1465|tid_1443|tid_1448|tid_2500|tid_2570|tid_2501|tid_1395|tid_2437|tid_2604|tid_2504|tid_2498|tid_2469|tid_2585|tid_2491|tid_2814
tid_2553,17.003286384011606,17.003286384011606,0,tid_2511|tid_2449|tid_2572|tid_2467|tid_2550|tid_2570|tid_2472|tid_2526|tid_2548|tid_2498|tid_2554|tid_2466|tid_2556|tid_2406|tid_2408
tid_2554,17.003286384011606,17.003286384011606,0,tid_2472|tid_2511|tid_2553|tid_2572|tid_2570|tid_2392|tid_2513|tid_2582|tid_2403|tid_2550|tid_2467|tid_2449|tid_2463|tid_2466|tid_2498
tid_2555,17.326812661576383,17.326812661576383,0,tid_2551|tid_2462|tid_2525|tid_2470|tid_2581|tid_2534|tid_2520|tid_2515|tid_2464|tid_2516|tid_2584|tid_2569|tid_2496|tid_2499|tid_2576
tid_2556,16.56740346921255,16.56740346921255,0,tid_2466|tid_2548|tid_2546|tid_2467|tid_2530|tid_2474|tid_2580|tid_2496|tid_2431|tid_2473|tid_2584|tid_2463|tid_2534|tid_2562|tid_2581
tid_2557,16.583669984142112,16.583669984142112,0,tid_2549|tid_2405|tid_2507|tid_2574|tid_2382|tid_2436|tid_2376|tid_2468|tid_2560|tid_2477|tid_2377|tid_2529|tid_1475|tid_2514|tid_2399
tid_2558,17.299662338897615,17.299662338897615,0,tid_2542|tid_2564|tid_2567|tid_2536|tid_2497|tid_2480|tid_2494|tid_2533|tid_2476|tid_2506|tid_2540|tid_2510|tid_2488|tid_2489|tid_2519
tid_2559,18.03906841647629,18.03906841647629,0,tid_2563|tid_2485|tid_2540|tid_2488|tid_2564|tid_2494|tid_2479|tid_2541|tid_2543|tid_2558|tid_2536|tid_2537|tid_2509|tid_2480|tid_2542
tid_2560,17.295888556032679,17.295888556032679,0,tid_2529|tid_2579|tid_2514|tid_2549|tid_2517|tid_2502|tid_2578|tid_2477|tid_2508|tid_2468|tid_2577|tid_2475|tid_2583|tid_2561|tid_2507
tid_2561,15.935164473269836,15.935164473269836,0,tid_2583|tid_2477|tid_2579|tid_2560|tid_2566|tid_2529|tid_2379|tid_2578|tid_2475|tid_2366|tid_2369|tid_2517|tid_2426|tid_2577|tid_2481
tid_2562,16.713088155759849,16.713088155759849,0,tid_2499|tid_2584|tid_2569|tid_2534|tid_2530|tid_2546|tid_2520|tid_2581|tid_2462|tid_2496|tid_2580|tid_2556|tid_2555|tid_2474|tid_2470
tid_2563,18.03906841647629,18.03906841647629,0,tid_2559|tid_2564|tid_2488|tid_2540|tid_2494|tid_2485|tid_2558|tid_2480|tid_2542|tid_2536|tid_2537|tid_2479|tid_2541|tid_2567|tid_2543
tid_2564,17.724307787035087,17.724307787035087,0,tid_2558|tid_2494|tid_2488|tid_2542|tid_2536|tid_2563|tid_2540|tid_2480|tid_2567|tid_2537|tid_2495|tid_2497|tid_2559|tid_2489|tid_2485
tid_2565,17.326812661576383,17.326812661576383,0,tid_2487|tid_2528|tid_1475|tid_2568|tid_2555|tid_2521|tid_2484|tid_2549|tid_2502|tid_2462|tid_2514|tid_2525|tid_2501|tid_2508|tid_2551
tid_2566,17.295888556032679,17.295888556032679,0,tid_2490|tid_2481|tid_2561|tid_2426|tid_2477|tid_2577|tid_2508|tid_2579|tid_2583|tid_2503|tid_2375|tid_2518|tid_2560|tid_2510|tid_2529
tid_2567,17.795385013631826,17.795385013631826,0,tid_2542|tid_2533|tid_2558|tid_2510|tid_2497|tid_2506|tid_2519|tid_2489|tid_2536|tid_2476|tid_2480|tid_2532|tid_2564|tid_2573|tid_2503
tid_2568,17.183560823415633,17.183560823415633,0,tid_2501|tid_2585|tid_2487|tid_2469|tid_2525|tid_2565|tid_2516|tid_2483|tid_2590|tid_2551|tid_2555|tid_2500|tid_2552|tid_2576|tid_2471
tid_2569,17.376493244435576,17.376493244435576,0,tid_2584|tid_2515|tid_2581|tid_2534|tid_2520|tid_2462|tid_2496|tid_2516|tid_2555|tid_2562|tid_2580|tid_2499|tid_2525|tid_2530|tid_2464
tid_2570,17.183560823415633,17.183560823415633,0,tid_2572|tid_2550|tid_2553|tid_2511|tid_2472|tid_2498|tid_2526|tid_2554|tid_2500|tid_1443|tid_2449|tid_2467|tid_1465|tid_2552|tid_2585
tid_2571,17.780133928571431,17.780133928571431,0,tid_2547|tid_1783|tid_2410|tid_1402|tid_2644|tid_2403|tid_2588|tid_2554|tid_2422|tid_3013|tid_2570|tid_7|tid_1472|tid_2550|tid_1492
tid_2572,16.678166818324904,16.678166818324904,0,tid_2511|tid_2570|tid_2467|tid_2553|tid_2498|tid_2550|tid_2472|tid_2554|tid_2526|tid_2466|tid_2556|tid_2469|tid_2548|tid_2471|tid_2513
tid_2573,17.031288050893533,17.031288050893533,0,tid_2519|tid_2505|tid_2518|tid_2506|tid_2522|tid_2372|tid_2533|tid_2377|tid_2497|tid_2539|tid_2574|tid_2373|tid_2360|tid_2532|tid_2567
tid_2574,17.733747341328353,17.733747341328353,0,tid_2518|tid_2372|tid_2507|tid_2549|tid_2360|tid_2539|tid_2377|tid_2405|tid_2477|tid_2557|tid_2508|tid_2376|tid_2382|tid_2573|tid_2460
tid_2575,16.669787438021476,16.669787438021476,0,tid_2473|tid_2463|tid_2466|tid_2556|tid_2513|tid_2474|tid_2580|tid_2546|tid_2523|tid_2530|tid_2407|tid_2582|tid_2467|tid_2548|tid_2569
tid_2576,17.453891052071935,17.453891052071935,0,tid_2585|tid_2534|tid_2525|tid_2551|tid_2499|tid_2516|tid_2470|tid_2581|tid_2496|tid_2555|tid_2501|tid_2500|tid_2469|tid_2515|tid_2562
tid_2577,17.70646872382704,17.70646872382704,0,tid_2579|tid_2477|tid_2529|tid_2560|tid_2508|tid_2502|tid_2507|tid_2549|tid_2517|tid_2514|tid_2382|tid_2578|tid_2482|tid_2561|tid_2376
tid_2578,16.401988369911848,16.401988369911848,0,tid_2517|tid_2560|tid_2514|tid_2579|tid_2475|tid_2529|tid_2502|tid_2512|tid_2561|tid_2583|tid_2577|tid_2508|tid_2468|tid_2464|tid_2477
tid_2579,16.401988369911848,16.401988369911848,0,tid_2514|tid_2560|tid_2529|tid_2577|tid_2477|tid_2561|tid_2507|tid_2578|tid_2517|tid_2549|tid_2468|tid_2508|tid_2502|tid_2583|tid_2475
tid_2580,16.259857661273426,16.259857661273426,0,tid_2530|tid_2546|tid_2515|tid_2581|tid_2584|tid_2523|tid_2520|tid_2569|tid_2471|tid_2470|tid_2473|tid_2556|tid_2534|tid_2551|tid_2525
tid_2581,16.754467730721334,16.754467730721334,0,tid_2515|tid_2534|tid_2551|tid_2525|tid_2555|tid_2470|tid_2584|tid_2580|tid_2546|tid_2569|tid_2530|tid_2516|tid_2496|tid_2462|tid_2520
tid_2582,16.104179225261973,16.104179225261973,0,tid_2513|tid_2463|tid_2575|tid_2511|tid_2554|tid_2466|tid_2472|tid_2467|tid_2478|tid_2556|tid_1461|tid_2473|tid_2572|tid_2392|tid_2586
tid_2583,16.368919206759269,16.368919206759269,0,tid_2561|tid_2560|tid_2475|tid_2579|tid_2578|tid_2517|tid_2529|tid_2477|tid_2468|tid_2512|tid_2514|tid_2508|tid_2379|tid_2366|tid_2549
tid_2584,16.766530661110579,16.766530661110579,0,tid_2562|tid_2581|tid_2569|tid_2520|tid_2499|tid_2546|tid_2580|tid_2462|tid_2534|tid_2530|tid_2555|tid_2515|tid_2551|tid_2470|tid_2496
tid_2585,17.326812661576383,17.326812661576383,0,tid_2576|tid_2501|tid_2500|tid_2469|tid_2525|tid_2516|tid_2534|tid_2551|tid_2496|tid_2581|tid_2555|tid_2470|tid_2471|tid_2515|tid_2483
tid_2586,16.567634278930665,16.567634278930665,0,tid_2493|tid_2492|tid_2478|tid_2498|tid_1461|tid_2483|tid_1448|tid_2491|tid_2471|tid_1443|tid_2523|tid_2814|tid_2469|tid_2496|tid_2515
tid_2587,16.65159317345033,16.65159317345033,0,tid_2493|tid_1448|tid_2492|tid_2538|tid_1456|tid_2491|tid_2586|tid_2590|tid_2411|tid_2483|tid_1444|tid_2651|tid_2592|tid_1453|tid_2516
tid_2588,16.201615160885652,16.201615160885652,0,tid_2649|tid_2410|tid_2465|tid_1472|tid_2644|tid_1500|tid_1488|tid_2478|tid_1461|tid_1468|tid_1501|tid_2393|tid_2472|tid_3013|tid_2554
tid_2589,16.566603313459517,16.566603313459517,0,tid_2605|tid_2599|tid_2370|tid_2521|tid_2565|tid_2519|tid_1475|tid_2532|tid_2484|tid_2528|tid_1459|tid_2489|tid_2505|tid_2522|tid_2524
tid_2590,16.264518385123594,16.264518385123594,0,tid_2592|tid_2437|tid_1467|tid_2651|tid_2602|tid_2491|tid_2568|tid_1448|tid_2501|tid_2524|tid_1465|tid_2604|tid_2500|tid_1444|tid_1459
tid_2591,17.840103639645545,17.840103639645545,0,tid_2596|tid_2598|tid_2648|tid_1440|tid_1454|tid_1477|tid_1495|tid_1491|tid_1463|tid_2601|tid_2597|tid_1490|tid_1489|tid_1400|tid_1486
tid_2592,16.58353167804254,16.58353167804254,0,tid_2590|tid_2651|tid_2437|tid_1467|tid_2524|tid_2602|tid_1459|tid_2412|tid_1444|tid_2491|tid_2411|tid_1493|tid_1448|tid_2501|tid_1465
tid_2593,18.688824686807305,18.688824686807305,0,tid_2165|tid_1001|tid_2124|tid_2619|tid_2108|tid_2883|tid_1709|tid_1578|tid_2109|tid_2186|tid_2188|tid_2595|tid_996|tid_1708|tid_2167
tid_2595,18.878925135009951,18.878925135009951,0,tid_1001|tid_2619|tid_2124|tid_2108|tid_1473|tid_2188|tid_996|tid_2047|tid_2593|tid_1876|tid_991|tid_2883|tid_1504|tid_2165|tid_1394
tid_2596,17.583046702176873,17.583046702176873,0,tid_2648|tid_2597|tid_1491|tid_1440|tid_1480|tid_1501|tid_2591|tid_1484|tid_2652|tid_3013|tid_1500|tid_1468|tid_1496|tid_2644|tid_1400
tid_2597,17.049628860233579,17.049628860233579,0,tid_1491|tid_1501|tid_1500|tid_2596|tid_1468|tid_2644|tid_2649|tid_3013|tid_2648|tid_1480|tid_1472|tid_1484|tid_2588|tid_1496|tid_2808
tid_2598,19.485203002712261,19.485203002712261,0,tid_1486|tid_1405|tid_2591|tid_1504|tid_1454|tid_1489|tid_1478|tid_1495|tid_1477|tid_2607|tid_2595|tid_1463|tid_2177|tid_2813|tid_2648
tid_2599,16.309031927001683,16.309031927001683,0,tid_2521|tid_2484|tid_1475|tid_2528|tid_2565|tid_2605|tid_2505|tid_2532|tid_1459|tid_2589|tid_2487|tid_2524|tid_2519|tid_2370|tid_2522
tid_26,17.350980283117391,17.350980283117391,0,tid_66|tid_1665|tid_2281|tid_1243|tid_1258|tid_362|tid_1135|tid_1233|tid_385|tid_481|tid_27|tid_42|tid_25|tid_29|tid_76
tid_2600,16.761581473089283,16.761581473089283,0,tid_2371|tid_1467|tid_2409|tid_1439|tid_2412|tid_2398|tid_2447|tid_1444|tid_2651|tid_2432|tid_2383|tid_2445|tid_2431|tid_2446|tid_2449
tid_2601,18.300506545334592,18.300506545334592,0,tid_2606|tid_1440|tid_2591|tid_2596|tid_2648|tid_1484|tid_2607|tid_1491|tid_3013|tid_2598|tid_2597|tid_1490|tid_2604|tid_1500|tid_1468
tid_2602,16.58353167804254,16.58353167804254,0,tid_2592|tid_2590|tid_2604|tid_2411|tid_2437|tid_2587|tid_2651|tid_1453|tid_1448|tid_2491|tid_2552|tid_1467|tid_2362|tid_2524|tid_1459
tid_2604,16.567634278930665,16.567634278930665,0,tid_2552|tid_2362|tid_2437|tid_2602|tid_2411|tid_1500|tid_2590|tid_2504|tid_1465|tid_1448|tid_1443|tid_2606|tid_1445|tid_1468|tid_2814
tid_2605,16.566603313459517,16.566603313459517,0,tid_2589|tid_2599|tid_2370|tid_2532|tid_2519|tid_2489|tid_2521|tid_2484|tid_2505|tid_1475|tid_2528|tid_2522|tid_2480|tid_2533|tid_2565
tid_2606,17.052257717100371,17.052257717100371,0,tid_2362|tid_2604|tid_1500|tid_3013|tid_1484|tid_1468|tid_2410|tid_1445|tid_1402|tid_2602|tid_2601|tid_2552|tid_2504|tid_2437|tid_2588
tid_2607,18.704659421554126,18.70465942155413,3.5527136788005009e-15,tid_1490|tid_1495|tid_1440|tid_1250|tid_1447|tid_2598|tid_1463|tid_1454|tid_1489|tid_1486|tid_218|tid_2119|tid_2648|tid_2063|tid_2591
tid_2618,13.531962934005559,13.531962934005559,0,tid_2128|tid_2162|tid_1627|tid_1581|tid_2322|tid_1769|tid_1535|tid_710|tid_1004|tid_715|tid_1310|tid_1067|tid_572|tid_2059|tid_1594
tid_2619,19.618066173322735,19.618066173322731,3.5527136788005009e-15,tid_1001|tid_1876|tid_2883|tid_2165|tid_996|tid_2595|tid_2188|tid_2167|tid_991|tid_2047|tid_2108|tid_1540|tid_1212|tid_2124|tid_2593
tid_2620,15.966432963229838,15.966432963229838,0,tid_2006|tid_2621|tid_1136|tid_1586|tid_1231|tid_1600|tid_2024|tid_581|tid_667|tid_224|tid_1054|tid_674|tid_368|tid_748|tid_686
tid_2621,15.497614358968658,15.497614358968658,0,tid_2620|tid_2006|tid_1231|tid_1136|tid_224|tid_1600|tid_667|tid_2024|tid_581|tid_1586|tid_2337|tid_1141|tid_1054|tid_368|tid_890
tid_2644,17.61751277667787,17.61751277667787,0,tid_2649|tid_1472|tid_1500|tid_1501|tid_1468|tid_2588|tid_2597|tid_1488|tid_1402|tid_2547|tid_2403|tid_2422|tid_1491|tid_3013|tid_2393
tid_2646,16.684930715379352,16.684930715379352,0,tid_1397|tid_1845|tid_2493|tid_1481|tid_2492|tid_1198|tid_1464|tid_2446|tid_2473|tid_2582|tid_2164|tid_1620|tid_1461|tid_1409|tid_2575
tid_2647,18.63087454357073,18.63087454357073,0,tid_1477|tid_1863|tid_2169|tid_1454|tid_2884|tid_991|tid_1563|tid_1411|tid_1463|tid_1212|tid_818|tid_3009|tid_506|tid_1489|tid_1400
tid_2648,17.61751277667787,17.61751277667787,0,tid_1440|tid_2596|tid_1491|tid_2597|tid_2652|tid_1490|tid_1396|tid_3013|tid_1454|tid_1400|tid_1501|tid_1480|tid_1484|tid_2591|tid_1496
tid_2649,16.027177252986501,16.027177252986501,0,tid_1472|tid_1461|tid_2588|tid_2465|tid_1488|tid_1500|tid_2644|tid_1501|tid_2478|tid_2814|tid_1468|tid_2597|tid_2403|tid_2504|tid_2472
tid_2651,16.264518385123594,16.264518385123594,0,tid_2592|tid_2412|tid_1467|tid_1444|tid_2437|tid_2590|tid_2524|tid_2371|tid_2491|tid_1439|tid_2447|tid_1459|tid_2501|tid_1448|tid_2411
tid_2652,17.61751277667787,17.61751277667787,0,tid_1492|tid_2395|tid_1400|tid_1496|tid_1491|tid_1396|tid_2808|tid_2648|tid_1490|tid_1463|tid_1454|tid_2063|tid_1480|tid_1408|tid_2597
tid_269,17.62494033451636,17.62494033451636,0,tid_2281|tid_1952|tid_481|tid_57|tid_385|tid_1008|tid_2004|tid_27|tid_375|tid_2251|tid_1707|tid_2282|tid_66|tid_1665|tid_918
tid_27,18.520923372536814,18.520923372536814,0,tid_375|tid_26|tid_278|tid_1665|tid_269|tid_2281|tid_2004|tid_66|tid_76|tid_448|tid_2312|tid_1258|tid_373|tid_73|tid_57
tid_270,15.202205286200755,15.202205286200757,1.7763568394002505e-15,tid_1996|tid_1110|tid_1643|tid_1112|tid_2070|tid_1991|tid_1672|tid_1111|tid_2001|tid_1674|tid_2886|tid_1671|tid_1704|tid_2062|tid_1709
tid_271,14.767750126380053,14.767750126380053,0,tid_1316|tid_1530|tid_1015|tid_1780|tid_668|tid_1785|tid_2059|tid_1200|tid_392|tid_1731|tid_2139|tid_723|tid_1125|tid_1568|tid_1554
tid_2710,17.487081353963461,17.487081353963461,0,tid_1883|tid_1922|tid_2333|tid_1577|tid_1422|tid_1846|tid_2883|tid_1413|tid_2060|tid_1211|tid_899|tid_1765|tid_1719|tid_1207|tid_1021
tid_272,13.987359676026557,13.987359676026555,1.7763568394002505e-15,tid_1048|tid_386|tid_1623|tid_453|tid_360|tid_752|tid_1687|tid_1572|tid_1240|tid_242|tid_358|tid_1059|tid_2199|tid_1659|tid_1192
tid_273,12.658095155622618,12.658095155622618,0,tid_384|tid_68|tid_390|tid_36|tid_361|tid_46|tid_381|tid_359|tid_434|tid_499|tid_423|tid_369|tid_365|tid_37|tid_496
tid_274,15.183963821632629,15.183963821632627,1.7763568394002505e-15,tid_1904|tid_2301|tid_2295|tid_1629|tid_2274|tid_530|tid_574|tid_540|tid_1930|tid_2299|tid_1922|tid_2296|tid_545|tid_2060|tid_2034
tid_275,12.57584310866735,12.57584310866735,0,tid_1646|tid_1268|tid_457|tid_1279|tid_752|tid_2205|tid_1657|tid_572|tid_2152|tid_544|tid_242|tid_1650|tid_755|tid_2023|tid_235
tid_276,11.630659825366818,11.630659825366818,0,tid_774|tid_1290|tid_531|tid_1644|tid_1636|tid_1284|tid_1653|tid_528|tid_1326|tid_281|tid_277|tid_282|tid_746|tid_1276|tid_743
tid_277,12.234806411585119,12.234806411585121,1.7763568394002505e-15,tid_282|tid_444|tid_503|tid_746|tid_376|tid_528|tid_398|tid_531|tid_560|tid_1661|tid_568|tid_554|tid_489|tid_2292|tid_1697
tid_278,17.363146522083305,17.363146522083305,0,tid_375|tid_373|tid_1652|tid_2312|tid_76|tid_1008|tid_42|tid_510|tid_27|tid_448|tid_1243|tid_26|tid_66|tid_507|tid_1758
tid_279,12.57584310866735,12.57584310866735,0,tid_281|tid_376|tid_275|tid_773|tid_752|tid_764|tid_283|tid_1290|tid_1268|tid_1646|tid_736|tid_277|tid_235|tid_282|tid_284
tid_28,16.890020214119939,16.890020214119939,0,tid_25|tid_75|tid_2281|tid_57|tid_77|tid_29|tid_51|tid_385|tid_26|tid_66|tid_481|tid_763|tid_1665|tid_269|tid_23
tid_280,11.572781545351884,11.572781545351884,0,tid_1655|tid_1288|tid_522|tid_1588|tid_1653|tid_1119|tid_281|tid_743|tid_2316|tid_1287|tid_1650|tid_2304|tid_233|tid_1281|tid_1290
tid_2808,16.582543631335,16.582543631335,0,tid_1496|tid_1488|tid_1501|tid_2395|tid_2465|tid_2393|tid_1480|tid_1397|tid_2652|tid_1492|tid_2649|tid_2164|tid_2644|tid_1400|tid_2597
tid_2809,17.521963626436921,17.521963626436921,0,tid_1995|tid_1333|tid_368|tid_509|tid_81|tid_380|tid_579|tid_748|tid_3011|tid_763|tid_422|tid_357|tid_686|tid_42|tid_2024
tid_281,12.321679816203313,12.321679816203313,0,tid_279|tid_1290|tid_752|tid_376|tid_736|tid_275|tid_773|tid_280|tid_1650|tid_1653|tid_1646|tid_282|tid_2018|tid_1268|tid_522
tid_2813,17.837448451214712,17.837448451214712,0,tid_996|tid_222|tid_1394|tid_1405|tid_1401|tid_689|tid_1504|tid_2211|tid_1478|tid_1519|tid_2177|tid_1518|tid_2047|tid_2595|tid_207
tid_2814,16.104179225261973,16.104179225261973,0,tid_1472|tid_1461|tid_2504|tid_2478|tid_1443|tid_2649|tid_1500|tid_1468|tid_1448|tid_1465|tid_1439|tid_2411|tid_2586|tid_2498|tid_2472
tid_282,12.234806411585119,12.234806411585121,1.7763568394002505e-15,tid_277|tid_376|tid_746|tid_503|tid_444|tid_1278|tid_531|tid_554|tid_1646|tid_1661|tid_281|tid_1290|tid_1300|tid_2292|tid_560
tid_283,12.666460058977114,12.666460058977114,0,tid_1265|tid_1193|tid_1697|tid_398|tid_737|tid_1192|tid_440|tid_359|tid_1189|tid_279|tid_568|tid_2215|tid_383|tid_1703|tid_1302
tid_284,12.571048365976068,12.571048365976068,0,tid_2018|tid_281|tid_279|tid_2027|tid_283|tid_1650|tid_1047|tid_1072|tid_752|tid_1066|tid_2334|tid_2215|tid_1290|tid_1285|tid_1623
tid_285,14.347454692369844,14.347454692369844,0,tid_2054|tid_1322|tid_699|tid_1320|tid_1605|tid_1313|tid_516|tid_2156|tid_2152|tid_1323|tid_2049|tid_1660|tid_1317|tid_2094|tid_570
tid_287,13.748160910639617,13.748160910639616,1.7763568394002505e-15,tid_300|tid_1702|tid_1569|tid_495|tid_289|tid_1849|tid_2270|tid_1918|tid_1559|tid_1028|tid_2088|tid_1750|tid_2255|tid_565|tid_2259
tid_2872,12.632575908949217,12.632575908949216,1.7763568394002505e-15,tid_613|tid_846|tid_908|tid_847|tid_230|tid_917|tid_2340|tid_902|tid_856|tid_226|tid_241|tid_221|tid_240|tid_231|tid_1072
tid_2876,17.125797902508943,17.125797902508943,0,tid_812|tid_824|tid_1|tid_819|tid_2881|tid_809|tid_2411|tid_813|tid_1453|tid_2646|tid_2446|tid_2445|tid_2814|tid_1448|tid_1443
tid_2879,14.209493262819418,14.209493262819418,0,tid_1507|tid_2882|tid_2217|tid_2245|tid_2243|tid_2222|tid_1398|tid_1509|tid_896|tid_207|tid_1521|tid_2227|tid_1508|tid_2219|tid_2220
tid_288,13.745261184434288,13.745261184434288,0,tid_2258|tid_306|tid_1743|tid_1924|tid_1027|tid_1412|tid_181|tid_1044|tid_1933|tid_305|tid_929|tid_2087|tid_2262|tid_1870|tid_2266
tid_2880,14.209493262819418,14.209493262819418,0,tid_333|tid_2222|tid_325|tid_1165|tid_678|tid_2243|tid_228|tid_896|tid_847|tid_327|tid_2224|tid_2248|tid_2236|tid_2146|tid_229
tid_2881,18.400835545123218,18.400835545123215,3.5527136788005009e-15,tid_811|tid_819|tid_196|tid_812|tid_351|tid_201|tid_1|tid_2876|tid_830|tid_824|tid_194|tid_813|tid_841|tid_809|tid_2
tid_2882,14.209493262819418,14.209493262819418,0,tid_2879|tid_1507|tid_1398|tid_2217|tid_207|tid_2243|tid_2222|tid_2245|tid_2227|tid_1519|tid_2236|tid_2219|tid_1509|tid_333|tid_896
tid_2883,19.002852605989084,19.002852605989084,0,tid_2047|tid_996|tid_2108|tid_2619|tid_2048|tid_1005|tid_2333|tid_1883|tid_1578|tid_1001|tid_1876|tid_2177|tid_1504|tid_2167|tid_2593
tid_2884,18.960387606419449,18.960387606419449,0,tid_1411|tid_1863|tid_1719|tid_1540|tid_899|tid_3007|tid_1563|tid_1315|tid_2647|tid_1021|tid_1039|tid_2168|tid_2710|tid_1615|tid_1740
tid_2885,16.198258058723169,16.198258058723169,0,tid_81|tid_2809|tid_1191|tid_584|tid_357|tid_1187|tid_1178|tid_383|tid_1275|tid_440|tid_498|tid_579|tid_1995|tid_366|tid_806
tid_2886,14.63142623096434,14.63142623096434,0,tid_211|tid_903|tid_1996|tid_1110|tid_1988|tid_2001|tid_1063|tid_2334|tid_741|tid_2011|tid_1973|tid_1112|tid_739|tid_2070|tid_1672
tid_2887,18.249056785718576,18.249056785718576,0,tid_1007|tid_918|tid_478|tid_1952|tid_1874|tid_1598|tid_504|tid_1977|tid_1410|tid_1523|tid_2275|tid_1758|tid_1979|tid_355|tid_1620
tid_289,13.73859021180024,13.73859021180024,0,tid_300|tid_1569|tid_1702|tid_1756|tid_2270|tid_1747|tid_2090|tid_2255|tid_1917|tid_1750|tid_2098|tid_1559|tid_1016|tid_1017|tid_287
tid_29,17.350980283117391,17.350980283117391,0,tid_25|tid_1665|tid_73|tid_355|tid_1632|tid_66|tid_2281|tid_418|tid_77|tid_26|tid_504|tid_362|tid_385|tid_28|tid_1258
tid_290,12.694109596252034,12.694109596252034,0,tid_2268|tid_1925|tid_2078|tid_1350|tid_1344|tid_304|tid_2260|tid_2256|tid_563|tid_1311|tid_1271|tid_1849|tid_1648|tid_566|tid_302
tid_292,14.151233568607125,14.151233568607124,1.7763568394002505e-15,tid_2096|tid_520|tid_1027|tid_1749|tid_1691|tid_1744|tid_1023|tid_1739|tid_479|tid_1412|tid_2095|tid_1949|tid_1561|tid_2091|tid_1681
tid_293,14.45810996452308,14.45810996452308,0,tid_1921|tid_2090|tid_297|tid_1750|tid_1564|tid_1016|tid_1559|tid_1569|tid_1732|tid_1756|tid_295|tid_829|tid_289|tid_1849|tid_1747
tid_294,14.013559590833413,14.013559590833411,1.7763568394002505e-15,tid_1872|tid_1714|tid_1426|tid_188|tid_2080|tid_2089|tid_2093|tid_2072|tid_1419|tid_1030|tid_2061|tid_929|tid_1038|tid_1041|tid_1415
tid_295,13.748160910639617,13.748160910639616,1.7763568394002505e-15,tid_1725|tid_296|tid_1750|tid_2056|tid_1420|tid_1732|tid_1902|tid_1626|tid_1722|tid_706|tid_1921|tid_687|tid_1884|tid_2255|tid_1348
tid_296,12.962681534530729,12.962681534530727,1.7763568394002505e-15,tid_1348|tid_295|tid_2056|tid_706|tid_2257|tid_1725|tid_1323|tid_1344|tid_2256|tid_1732|tid_1420|tid_1346|tid_2271|tid_1892|tid_1918
tid_297,13.748160910639617,13.748160910639616,1.7763568394002505e-15,tid_293|tid_1921|tid_2090|tid_302|tid_1564|tid_1569|tid_1849|tid_1559|tid_1750|tid_1943|tid_1016|tid_1753|tid_2267|tid_289|tid_1678
tid_298,13.576742618658777,13.576742618658775,1.7763568394002505e-15,tid_308|tid_1917|tid_833|tid_1932|tid_1939|tid_1880|tid_1934|tid_1944|tid_1550|tid_1752|tid_1026|tid_1909|tid_1706|tid_1702|tid_2301
tid_3,14.779353421090114,14.779353421090114,0,tid_1951|tid_1671|tid_2073|tid_2111|tid_2180|tid_1859|tid_1015|tid_1711|tid_2179|tid_1886|tid_1556|tid_2174|tid_1912|tid_2121|tid_1900
tid_30,13.046559522846945,13.046559522846945,0,tid_35|tid_605|tid_82|tid_604|tid_62|tid_788|tid_47|tid_607|tid_601|tid_876|tid_1175|tid_48|tid_68|tid_71|tid_517
tid_300,13.73859021180024,13.73859021180024,0,tid_1569|tid_1702|tid_289|tid_287|tid_2255|tid_495|tid_1028|tid_2270|tid_1750|tid_1849|tid_1918|tid_1747|tid_1559|tid_1929|tid_2259
tid_3005,17.908468257819731,17.908468257819731,0,tid_989|tid_1765|tid_1525|tid_1009|tid_1010|tid_676|tid_1226|tid_1599|tid_1577|tid_1411|tid_1863|tid_1526|tid_2252|tid_1668|tid_1719
tid_3007,16.685376703198006,16.685376703198006,0,tid_899|tid_1532|tid_1615|tid_1109|tid_992|tid_1719|tid_2884|tid_2034|tid_2060|tid_2191|tid_685|tid_1411|tid_1315|tid_511|tid_574
tid_3009,18.296767429882777,18.296767429882777,0,tid_841|tid_1758|tid_820|tid_1863|tid_2044|tid_1410|tid_506|tid_2395|tid_1726|tid_1560|tid_2169|tid_1890|tid_819|tid_918|tid_1198
tid_301,17.388120876409687,17.388120876409687,0,tid_735|tid_54|tid_59|tid_480|tid_1740|tid_1666|tid_1147|tid_366|tid_1615|tid_79|tid_685|tid_387|tid_60|tid_1010|tid_374
tid_3011,17.521963626436921,17.521963626436921,0,tid_380|tid_44|tid_748|tid_509|tid_422|tid_763|tid_368|tid_1995|tid_1333|tid_1234|tid_2279|tid_2809|tid_766|tid_1919|tid_1238
tid_3012,12.798533659000055,12.798533659000055,0,tid_1341|tid_1338|tid_2298|tid_548|tid_1730|tid_2307|tid_552|tid_1690|tid_1280|tid_563|tid_1606|tid_432|tid_536|tid_2300|tid_1340
tid_3013,17.583046702176873,17.583046702176873,0,tid_1491|tid_1484|tid_2644|tid_2597|tid_1468|tid_2588|tid_1500|tid_1440|tid_1402|tid_1396|tid_2410|tid_2649|tid_2648|tid_1472|tid_1492
tid_302,13.748160910639617,13.748160910639616,1.7763568394002505e-15,tid_1908|tid_1849|tid_1569|tid_304|tid_495|tid_297|tid_2267|tid_1921|tid_1750|tid_1884|tid_1626|tid_293|tid_1690|tid_289|tid_300
tid_303,15.636064854627186,15.636064854627186,0,tid_1592|tid_1899|tid_2062|tid_1562|tid_987|tid_2310|tid_1709|tid_1413|tid_2287|tid_1934|tid_1879|tid_2186|tid_1211|tid_2296|tid_1904
tid_304,15.100486056051587,15.100486056051588,1.7763568394002505e-15,tid_302|tid_1908|tid_495|tid_1678|tid_563|tid_2267|tid_1925|tid_1902|tid_1344|tid_1317|tid_2308|tid_1849|tid_295|tid_687|tid_1750
tid_305,13.180712699587605,13.180712699587604,1.7763568394002505e-15,tid_2067|tid_2258|tid_1929|tid_2087|tid_1551|tid_1417|tid_1420|tid_926|tid_922|tid_1725|tid_1033|tid_2257|tid_706|tid_1896|tid_1891
tid_306,14.748971039960491,14.748971039960493,1.7763568394002505e-15,tid_1870|tid_1743|tid_1945|tid_1761|tid_181|tid_1933|tid_1412|tid_288|tid_2266|tid_2079|tid_1739|tid_1762|tid_2098|tid_2087|tid_2082
tid_307,14.137041295140218,14.137041295140218,0,tid_1755|tid_1034|tid_2081|tid_2140|tid_1116|tid_1848|tid_1852|tid_2129|tid_1856|tid_2184|tid_1223|tid_1423|tid_1928|tid_1862|tid_1722
tid_308,15.474955269973268,15.474955269973268,0,tid_298|tid_1026|tid_1917|tid_1939|tid_1550|tid_1934|tid_833|tid_1211|tid_1880|tid_2301|tid_1895|tid_2069|tid_1944|tid_1568|tid_2287
tid_309,14.449767519236168,14.449767519236168,0,tid_608|tid_842|tid_612|tid_860|tid_324|tid_872|tid_320|tid_1958|tid_326|tid_1957|tid_785|tid_1955|tid_843|tid_329|tid_582
tid_31,13.330132369278269,13.330132369278267,1.7763568394002505e-15,tid_41|tid_56|tid_61|tid_45|tid_369|tid_60|tid_378|tid_367|tid_423|tid_381|tid_387|tid_421|tid_33|tid_37|tid_71
tid_312,12.767621166314914,12.767621166314914,0,tid_1957|tid_1962|tid_843|tid_1969|tid_1960|tid_1961|tid_2338|tid_1956|tid_778|tid_847|tid_229|tid_1231|tid_1968|tid_856|tid_588
tid_314,8.8912805507020529,8.8912805507020529,0,tid_343|tid_317|tid_337|tid_339|tid_320|tid_879|tid_326|tid_336|tid_324|tid_340|tid_1959|tid_323|tid_334|tid_329|tid_338
tid_316,13.38934066245432,13.38934066245432,0,tid_341|tid_619|tid_618|tid_1152|tid_331|tid_848|tid_1970|tid_726|tid_718|tid_2345|tid_615|tid_335|tid_2250|tid_318|tid_332
tid_317,8.8912805507020529,8.8912805507020529,0,tid_314|tid_343|tid_337|tid_879|tid_339|tid_320|tid_336|tid_334|tid_340|tid_338|tid_323|tid_1959|tid_326|tid_324|tid_1966
tid_318,14.976180419813945,14.976180419813945,0,tid_848|tid_854|tid_2345|tid_1152|tid_319|tid_853|tid_1970|tid_335|tid_614|tid_332|tid_616|tid_615|tid_340|tid_859|tid_323
tid_319,13.58689237168258,13.58689237168258,0,tid_1966|tid_340|tid_1959|tid_859|tid_323|tid_855|tid_614|tid_848|tid_2342|tid_854|tid_616|tid_880|tid_852|tid_332|tid_708
tid_32,13.602764583444515,13.602764583444516,1.7763568394002505e-15,tid_446|tid_43|tid_1693|tid_443|tid_524|tid_78|tid_2317|tid_744|tid_749|tid_539|tid_65|tid_545|tid_435|tid_58|tid_1661
tid_320,12.7131661771823,12.7131661771823,0,tid_323|tid_324|tid_1959|tid_337|tid_314|tid_340|tid_339|tid_317|tid_336|tid_879|tid_309|tid_326|tid_319|tid_876|tid_343
tid_321,15.768277571251543,15.768277571251543,0,tid_342|tid_1149|tid_1172|tid_2237|tid_846|tid_2025|tid_788|tid_459|tid_2340|tid_1956|tid_1967|tid_329|tid_2339|tid_2341|tid_1051
tid_323,13.564672285917489,13.564672285917489,0,tid_320|tid_340|tid_319|tid_1959|tid_875|tid_332|tid_848|tid_324|tid_616|tid_888|tid_336|tid_884|tid_1966|tid_614|tid_2345
tid_324,13.155019361851505,13.155019361851505,0,tid_876|tid_320|tid_1959|tid_580|tid_860|tid_871|tid_336|tid_708|tid_889|tid_1955|tid_326|tid_309|tid_1957|tid_2343|tid_872
tid_325,14.272827894231277,14.272827894231275,1.7763568394002505e-15,tid_330|tid_917|tid_916|tid_2880|tid_327|tid_847|tid_678|tid_2222|tid_2248|tid_333|tid_312|tid_2229|tid_856|tid_844|tid_888
tid_326,8.4852010439216308,8.4852010439216325,1.7763568394002505e-15,tid_329|tid_339|tid_336|tid_1955|tid_324|tid_337|tid_342|tid_320|tid_309|tid_321|tid_314|tid_788|tid_860|tid_605|tid_889
tid_327,13.850587493976807,13.850587493976809,1.7763568394002505e-15,tid_2248|tid_2229|tid_2218|tid_2225|tid_1509|tid_325|tid_1165|tid_2222|tid_2236|tid_228|tid_2245|tid_330|tid_234|tid_2880|tid_225
tid_329,10.19772174995046,10.19772174995046,0,tid_326|tid_342|tid_1955|tid_321|tid_336|tid_788|tid_324|tid_339|tid_860|tid_612|tid_605|tid_1957|tid_889|tid_871|tid_1956
tid_33,12.959923077256242,12.959923077256242,0,tid_37|tid_74|tid_367|tid_48|tid_61|tid_45|tid_56|tid_78|tid_369|tid_41|tid_31|tid_68|tid_1351|tid_550|tid_423
tid_330,13.679966005768174,13.679966005768174,0,tid_916|tid_325|tid_917|tid_678|tid_888|tid_327|tid_844|tid_875|tid_2880|tid_847|tid_1962|tid_856|tid_582|tid_312|tid_234
tid_331,13.865036593938228,13.865036593938228,0,tid_316|tid_341|tid_334|tid_335|tid_848|tid_323|tid_615|tid_332|tid_619|tid_1152|tid_2345|tid_338|tid_1970|tid_340|tid_618
tid_332,13.58689237168258,13.58689237168258,0,tid_616|tid_614|tid_2345|tid_1968|tid_888|tid_1962|tid_1970|tid_875|tid_615|tid_1963|tid_917|tid_1969|tid_2250|tid_1958|tid_340
tid_333,14.501744528719108,14.501744528719108,0,tid_1165|tid_2224|tid_1519|tid_2236|tid_2232|tid_1518|tid_1141|tid_2880|tid_207|tid_222|tid_2222|tid_2230|tid_2882|tid_2243|tid_1398
tid_334,12.19111240461659,12.19111240461659,0,tid_338|tid_317|tid_340|tid_331|tid_314|tid_323|tid_320|tid_337|tid_335|tid_343|tid_879|tid_339|tid_336|tid_326|tid_615
tid_335,13.58689237168258,13.58689237168258,0,tid_848|tid_615|tid_319|tid_340|tid_323|tid_614|tid_318|tid_1966|tid_331|tid_338|tid_855|tid_332|tid_1152|tid_859|tid_2342
tid_336,8.136103386226079,8.136103386226079,0,tid_1959|tid_855|tid_340|tid_1967|tid_889|tid_324|tid_1955|tid_879|tid_342|tid_339|tid_2339|tid_1965|tid_1966|tid_708|tid_337
tid_337,9.5042636136309699,9.5042636136309699,0,tid_339|tid_314|tid_343|tid_317|tid_879|tid_320|tid_336|tid_326|tid_324|tid_1959|tid_329|tid_340|tid_323|tid_855|tid_1955
tid_338,12.19111240461659,12.19111240461659,0,tid_334|tid_340|tid_855|tid_615|tid_336|tid_317|tid_879|tid_614|tid_335|tid_314|tid_323|tid_337|tid_1966|tid_332|tid_339
tid_339,9.5042636136309699,9.5042636136309699,0,tid_337|tid_314|tid_343|tid_317|tid_326|tid_336|tid_879|tid_320|tid_324|tid_329|tid_1959|tid_340|tid_1955|tid_323|tid_876
tid_34,12.026201675135951,12.026201675135953,1.7763568394002505e-15,tid_72|tid_491|tid_52|tid_1194|tid_69|tid_484|tid_435|tid_80|tid_391|tid_56|tid_431|tid_41|tid_1691|tid_83|tid_367
tid_340,13.564672285917489,13.564672285917489,0,tid_1959|tid_319|tid_323|tid_336|tid_855|tid_320|tid_616|tid_1966|tid_614|tid_332|tid_879|tid_708|tid_1967|tid_324|tid_338
tid_341,12.558514554144228,12.558514554144228,0,tid_316|tid_618|tid_619|tid_331|tid_1152|tid_848|tid_621|tid_335|tid_615|tid_2345|tid_318|tid_718|tid_1970|tid_2244|tid_857
tid_342,5.989941186170511,5.989941186170511,0,tid_321|tid_1956|tid_1955|tid_889|tid_1967|tid_2339|tid_1963|tid_2341|tid_1969|tid_329|tid_1957|tid_788|tid_846|tid_1961|tid_1968
tid_343,9.5042636136309699,9.5042636136309699,0,tid_314|tid_317|tid_337|tid_339|tid_879|tid_320|tid_326|tid_336|tid_324|tid_334|tid_1959|tid_340|tid_323|tid_329|tid_338
tid_345,17.506105611870936,17.506105611870936,0,tid_167|tid_352|tid_824|tid_2876|tid_196|tid_347|tid_812|tid_2881|tid_2412|tid_346|tid_2371|tid_2600|tid_168|tid_809|tid_2447
tid_346,17.579507504339364,17.579507504339364,0,tid_347|tid_352|tid_348|tid_345|tid_168|tid_167|tid_196|tid_194|tid_2876|tid_824|tid_2|tid_812|tid_169|tid_2881|tid_195
tid_347,17.579507504339364,17.579507504339364,0,tid_348|tid_352|tid_168|tid_346|tid_167|tid_345|tid_196|tid_198|tid_185|tid_349|tid_169|tid_351|tid_194|tid_2876|tid_2881
tid_348,16.504535394595756,16.504535394595756,0,tid_347|tid_352|tid_168|tid_346|tid_198|tid_349|tid_167|tid_185|tid_169|tid_345|tid_834|tid_196|tid_351|tid_195|tid_2881
tid_349,15.484069914506238,15.484069914506238,0,tid_198|tid_168|tid_835|tid_840|tid_195|tid_834|tid_185|tid_351|tid_823|tid_169|tid_204|tid_205|tid_348|tid_836|tid_201
tid_35,16.651336190376643,16.651336190376643,0,tid_71|tid_604|tid_51|tid_75|tid_62|tid_83|tid_42|tid_53|tid_1175|tid_40|tid_28|tid_430|tid_81|tid_421|tid_66
tid_351,17.186740094407106,17.186740094407106,0,tid_811|tid_830|tid_813|tid_2881|tid_2|tid_1|tid_198|tid_819|tid_195|tid_169|tid_194|tid_196|tid_1936|tid_2074|tid_4
tid_352,17.579507504339364,17.579507504339364,0,tid_347|tid_168|tid_167|tid_345|tid_348|tid_196|tid_346|tid_194|tid_2881|tid_2876|tid_351|tid_2|tid_812|tid_824|tid_201
tid_354,16.473448513434729,16.473448513434729,0,tid_21|tid_1134|tid_1597|tid_2401|tid_1971|tid_2386|tid_727|tid_666|tid_2453|tid_2385|tid_2402|tid_2452|tid_2383|tid_2455|tid_2190
tid_355,17.350980283117391,17.350980283117391,0,tid_478|tid_418|tid_1665|tid_504|tid_362|tid_29|tid_1632|tid_727|tid_73|tid_2275|tid_1258|tid_25|tid_385|tid_21|tid_2887
tid_356,10.961076914923428,10.961076914923428,0,tid_65|tid_1302|tid_22|tid_501|tid_431|tid_543|tid_440|tid_738|tid_559|tid_49|tid_382|tid_58|tid_744|tid_754|tid_443
tid_357,16.816344697377584,16.816344697377584,0,tid_81|tid_421|tid_498|tid_49|tid_2809|tid_374|tid_1652|tid_2885|tid_480|tid_1995|tid_380|tid_42|tid_60|tid_383|tid_366
tid_358,13.541676280838422,13.541676280838422,0,tid_1647|tid_2305|tid_537|tid_376|tid_386|tid_272|tid_564|tid_384|tid_1651|tid_1687|tid_1048|tid_1657|tid_544|tid_554|tid_1630
tid_359,13.38544734165017,13.38544734165017,0,tid_381|tid_440|tid_443|tid_486|tid_383|tid_444|tid_501|tid_384|tid_283|tid_543|tid_366|tid_1697|tid_494|tid_273|tid_545
tid_36,14.031882500447779,14.031882500447781,1.7763568394002505e-15,tid_361|tid_529|tid_369|tid_423|tid_381|tid_524|tid_45|tid_486|tid_390|tid_46|tid_487|tid_273|tid_443|tid_564|tid_499
tid_360,15.153545627968112,15.153545627968112,0,tid_1168|tid_1612|tid_1631|tid_2204|tid_2027|tid_1158|tid_1623|tid_714|tid_1604|tid_2187|tid_1572|tid_272|tid_14|tid_1619|tid_1058
tid_361,12.658095155622618,12.658095155622618,0,tid_36|tid_369|tid_390|tid_423|tid_529|tid_487|tid_499|tid_372|tid_45|tid_378|tid_46|tid_273|tid_486|tid_381|tid_364
tid_362,17.51414178630808,17.51414178630808,0,tid_1665|tid_76|tid_355|tid_373|tid_66|tid_504|tid_1258|tid_26|tid_478|tid_430|tid_73|tid_385|tid_29|tid_2887|tid_1008
tid_363,12.484722388025782,12.484722388025782,0,tid_423|tid_367|tid_1351|tid_41|tid_490|tid_484|tid_369|tid_37|tid_33|tid_56|tid_68|tid_381|tid_45|tid_499|tid_31
tid_364,12.064010979846461,12.06401097984646,1.7763568394002505e-15,tid_378|tid_369|tid_47|tid_390|tid_499|tid_45|tid_46|tid_361|tid_60|tid_31|tid_48|tid_367|tid_517|tid_71|tid_37
tid_365,13.602764583444515,13.602764583444516,1.7763568394002505e-15,tid_496|tid_434|tid_503|tid_436|tid_381|tid_438|tid_539|tid_43|tid_550|tid_501|tid_423|tid_58|tid_359|tid_425|tid_446
tid_366,13.844073286072378,13.844073286072378,0,tid_60|tid_1178|tid_383|tid_79|tid_1675|tid_443|tid_486|tid_498|tid_744|tid_2295|tid_59|tid_357|tid_480|tid_524|tid_31
tid_367,12.484722388025782,12.484722388025782,0,tid_56|tid_33|tid_74|tid_41|tid_37|tid_369|tid_61|tid_31|tid_363|tid_45|tid_423|tid_378|tid_48|tid_1351|tid_490
tid_368,18.049934313379779,18.049934313379776,3.5527136788005009e-15,tid_748|tid_1995|tid_3011|tid_2809|tid_422|tid_380|tid_509|tid_1919|tid_510|tid_1236|tid_763|tid_2006|tid_2024|tid_1333|tid_686
tid_369,12.064010979846461,12.06401097984646,1.7763568394002505e-15,tid_45|tid_378|tid_361|tid_423|tid_31|tid_36|tid_390|tid_367|tid_364|tid_56|tid_41|tid_499|tid_60|tid_33|tid_381
tid_37,10.976356617919979,10.976356617919979,0,tid_33|tid_68|tid_367|tid_48|tid_74|tid_45|tid_61|tid_56|tid_369|tid_31|tid_46|tid_41|tid_82|tid_78|tid_363
tid_370,18.368427681597499,18.368427681597495,3.5527136788005009e-15,tid_1704|tid_1153|tid_1905|tid_1881|tid_1117|tid_674|tid_2032|tid_1163|tid_1999|tid_371|tid_1726|tid_667|tid_1447|tid_2033|tid_2006
tid_371,18.430730154055695,18.430730154055691,3.5527136788005009e-15,tid_1905|tid_414|tid_515|tid_388|tid_8|tid_397|tid_2192|tid_927|tid_1054|tid_370|tid_6|tid_1315|tid_1906|tid_55|tid_928
tid_372,12.064010979846461,12.06401097984646,1.7763568394002505e-15,tid_395|tid_361|tid_499|tid_36|tid_273|tid_390|tid_9|tid_1754|tid_384|tid_369|tid_364|tid_487|tid_396|tid_358|tid_46
tid_373,18.296767429882777,18.296767429882777,0,tid_76|tid_278|tid_362|tid_918|tid_1008|tid_2312|tid_375|tid_1758|tid_1952|tid_66|tid_1652|tid_26|tid_1665|tid_507|tid_385
tid_374,17.281759524954808,17.281759524954808,0,tid_49|tid_357|tid_480|tid_1615|tid_1675|tid_2252|tid_1235|tid_1995|tid_383|tid_380|tid_1919|tid_510|tid_382|tid_387|tid_498
tid_375,18.227391954502004,18.227391954502004,0,tid_278|tid_1008|tid_1107|tid_1764|tid_27|tid_373|tid_2312|tid_1881|tid_2004|tid_1668|tid_1135|tid_481|tid_1243|tid_448|tid_1890
tid_376,12.99802127245313,12.99802127245313,0,tid_282|tid_279|tid_277|tid_281|tid_752|tid_1646|tid_275|tid_358|tid_2305|tid_444|tid_554|tid_771|tid_503|tid_770|tid_283
tid_377,15.421216939199468,15.421216939199468,0,tid_2050|tid_2053|tid_521|tid_562|tid_2059|tid_924|tid_1910|tid_1907|tid_1421|tid_1543|tid_2094|tid_570|tid_1580|tid_1628|tid_2150
tid_378,12.269941658086969,12.269941658086967,1.7763568394002505e-15,tid_364|tid_369|tid_390|tid_45|tid_31|tid_60|tid_71|tid_361|tid_367|tid_499|tid_54|tid_423|tid_41|tid_53|tid_56
tid_379,19.414669858804,19.414669858804,0,tid_10|tid_928|tid_388|tid_2312|tid_7|tid_2119|tid_2547|tid_2063|tid_76|tid_8|tid_1726|tid_1890|tid_373|tid_12|tid_2210
tid_38,17.62494033451636,17.62494033451636,0,tid_23|tid_1140|tid_419|tid_44|tid_380|tid_422|tid_3011|tid_481|tid_1303|tid_1238|tid_1707|tid_2282|tid_509|tid_1668|tid_57
tid_380,19.071455636878532,19.071455636878529,3.5527136788005009e-15,tid_422|tid_44|tid_509|tid_3011|tid_1333|tid_2809|tid_368|tid_748|tid_1995|tid_763|tid_38|tid_2252|tid_481|tid_1238|tid_1668
tid_381,12.833978211219389,12.833978211219389,0,tid_423|tid_443|tid_36|tid_425|tid_436|tid_434|tid_41|tid_486|tid_359|tid_31|tid_387|tid_369|tid_501|tid_43|tid_45
tid_382,14.065985873399377,14.065985873399375,1.7763568394002505e-15,tid_49|tid_1674|tid_1262|tid_1700|tid_383|tid_1302|tid_1904|tid_505|tid_1131|tid_1633|tid_1675|tid_374|tid_1112|tid_2008|tid_559
tid_383,14.746734746734735,14.746734746734736,1.7763568394002505e-15,tid_1675|tid_366|tid_49|tid_440|tid_1262|tid_382|tid_1178|tid_1603|tid_498|tid_505|tid_357|tid_374|tid_2885|tid_599|tid_443
tid_384,12.777111304662213,12.777111304662212,1.7763568394002505e-15,tid_273|tid_390|tid_46|tid_359|tid_36|tid_361|tid_358|tid_1192|tid_381|tid_441|tid_68|tid_499|tid_496|tid_372|tid_1196
tid_385,17.832679262362493,17.832679262362493,0,tid_481|tid_2281|tid_25|tid_26|tid_269|tid_1665|tid_362|tid_355|tid_66|tid_504|tid_29|tid_478|tid_1190|tid_373|tid_77
tid_386,14.402309107708366,14.402309107708366,0,tid_1240|tid_272|tid_20|tid_1048|tid_1558|tid_453|tid_1061|tid_358|tid_1572|tid_1059|tid_408|tid_1254|tid_1623|tid_1647|tid_1159
tid_387,13.53644670905798,13.53644670905798,0,tid_480|tid_41|tid_486|tid_756|tid_31|tid_381|tid_421|tid_423|tid_443|tid_431|tid_374|tid_366|tid_301|tid_391|tid_56
tid_388,21.230606405991949,21.230606405991949,0,tid_928|tid_10|tid_379|tid_927|tid_12|tid_8|tid_2312|tid_278|tid_76|tid_373|tid_448|tid_507|tid_2063|tid_1726|tid_2119
tid_39,13.330132369278269,13.330132369278267,1.7763568394002505e-15,tid_67|tid_735|tid_59|tid_50|tid_54|tid_63|tid_53|tid_301|tid_79|tid_60|tid_61|tid_4|tid_1010|tid_56|tid_1175
tid_390,10.511696497111235,10.511696497111236,1.7763568394002505e-15,tid_378|tid_369|tid_364|tid_361|tid_45|tid_273|tid_499|tid_36|tid_423|tid_396|tid_46|tid_487|tid_384|tid_381|tid_31
tid_391,13.330132369278269,13.330132369278267,1.7763568394002505e-15,tid_52|tid_492|tid_435|tid_423|tid_436|tid_56|tid_1195|tid_431|tid_387|tid_446|tid_486|tid_381|tid_41|tid_1706|tid_501
tid_392,14.952428048659883,14.952428048659884,1.7763568394002505e-15,tid_1015|tid_2139|tid_1425|tid_271|tid_1910|tid_925|tid_1316|tid_2046|tid_1785|tid_1731|tid_1125|tid_1717|tid_1200|tid_1710|tid_1888
tid_393,14.5364217847606,14.5364217847606,0,tid_540|tid_2274|tid_1696|tid_1930|tid_1703|tid_274|tid_2295|tid_1035|tid_530|tid_1689|tid_2296|tid_2299|tid_1014|tid_1948|tid_524
tid_395,12.777111304662213,12.777111304662212,1.7763568394002505e-15,tid_372|tid_364|tid_9|tid_361|tid_47|tid_499|tid_390|tid_46|tid_273|tid_384|tid_358|tid_378|tid_36|tid_369|tid_386
tid_396,12.388023640486212,12.388023640486212,0,tid_487|tid_486|tid_390|tid_361|tid_423|tid_378|tid_369|tid_36|tid_480|tid_498|tid_499|tid_372|tid_381|tid_366|tid_359
tid_397,16.344124937688221,16.344124937688221,0,tid_2203|tid_55|tid_1675|tid_599|tid_1615|tid_1659|tid_1603|tid_2021|tid_1109|tid_1987|tid_452|tid_1609|tid_453|tid_498|tid_2192
tid_398,11.101552931152426,11.101552931152426,0,tid_2314|tid_1656|tid_1697|tid_1261|tid_1654|tid_2292|tid_70|tid_568|tid_1633|tid_1193|tid_1661|tid_554|tid_1302|tid_1293|tid_22
tid_4,18.676112826759848,18.676112826759848,0,tid_830|tid_1760|tid_1011|tid_811|tid_54|tid_1031|tid_823|tid_1740|tid_1010|tid_927|tid_2074|tid_810|tid_1893|tid_840|tid_301
tid_40,16.164628304606367,16.164628304606367,0,tid_1175|tid_81|tid_51|tid_586|tid_75|tid_421|tid_71|tid_42|tid_83|tid_53|tid_79|tid_757|tid_789|tid_2809|tid_61
tid_401,16.602048519529909,16.602048519529909,0,tid_403|tid_410|tid_416|tid_402|tid_413|tid_2136|tid_20|tid_458|tid_1149|tid_13|tid_1172|tid_404|tid_16|tid_386|tid_14
tid_402,16.128306272096381,16.128306272096381,0,tid_410|tid_416|tid_403|tid_16|tid_13|tid_1171|tid_11|tid_401|tid_414|tid_17|tid_20|tid_1172|tid_15|tid_458|tid_405
tid_403,17.547595108070624,17.547595108070624,0,tid_416|tid_401|tid_458|tid_402|tid_20|tid_404|tid_410|tid_14|tid_413|tid_1172|tid_17|tid_2136|tid_16|tid_1149|tid_13
tid_404,17.874865353367532,17.874865353367532,0,tid_458|tid_14|tid_416|tid_6|tid_20|tid_2100|tid_360|tid_1787|tid_18|tid_1906|tid_1572|tid_1768|tid_2187|tid_386|tid_17
tid_405,16.462649255305696,16.462649255305696,0,tid_1171|tid_604|tid_11|tid_16|tid_8|tid_607|tid_388|tid_414|tid_12|tid_13|tid_10|tid_371|tid_693|tid_379|tid_2237
tid_408,14.268040029575623,14.268040029575625,1.7763568394002505e-15,tid_1558|tid_1768|tid_1619|tid_1623|tid_2200|tid_1631|tid_272|tid_1068|tid_1268|tid_1572|tid_386|tid_275|tid_1571|tid_764|tid_2027
tid_41,12.660573480161762,12.660573480161762,0,tid_31|tid_56|tid_45|tid_61|tid_367|tid_423|tid_369|tid_387|tid_381|tid_33|tid_435|tid_37|tid_363|tid_378|tid_391
tid_410,15.866062292212057,15.866062292212057,0,tid_402|tid_401|tid_403|tid_416|tid_16|tid_13|tid_413|tid_1172|tid_1149|tid_2237|tid_1171|tid_321|tid_405|tid_20|tid_458
tid_413,15.866062292212057,15.866062292212057,0,tid_403|tid_401|tid_410|tid_416|tid_2136|tid_402|tid_458|tid_2237|tid_902|tid_321|tid_404|tid_1149|tid_14|tid_1057|tid_20
tid_414,20.188687718457878,20.188687718457881,3.5527136788005009e-15,tid_371|tid_8|tid_388|tid_6|tid_928|tid_16|tid_515|tid_10|tid_927|tid_17|tid_1171|tid_1905|tid_1153|tid_405|tid_379
tid_416,17.207411816896112,17.207411816896112,0,tid_403|tid_458|tid_404|tid_20|tid_14|tid_1172|tid_402|tid_17|tid_16|tid_386|tid_371|tid_6|tid_515|tid_272|tid_1240
tid_418,17.51414178630808,17.51414178630808,0,tid_1632|tid_355|tid_2275|tid_727|tid_504|tid_478|tid_25|tid_2144|tid_21|tid_29|tid_1597|tid_1665|tid_1977|tid_2161|tid_1224
tid_419,17.303446364454533,17.303446364454533,0,tid_38|tid_420|tid_1140|tid_23|tid_422|tid_44|tid_481|tid_1238|tid_763|tid_2282|tid_1236|tid_1303|tid_57|tid_1169|tid_509
tid_42,17.281759524954808,17.281759524954808,0,tid_1652|tid_81|tid_278|tid_26|tid_2809|tid_66|tid_757|tid_510|tid_357|tid_1243|tid_51|tid_481|tid_75|tid_686|tid_375
tid_420,17.303446364454533,17.303446364454533,0,tid_419|tid_44|tid_422|tid_38|tid_23|tid_763|tid_731|tid_380|tid_481|tid_509|tid_1238|tid_1181|tid_3011|tid_1234|tid_1236
tid_421,16.651336190376643,16.651336190376643,0,tid_81|tid_357|tid_480|tid_71|tid_83|tid_1652|tid_31|tid_387|tid_60|tid_498|tid_51|tid_42|tid_380|tid_2809|tid_374
tid_422,17.589690542850779,17.589690542850779,0,tid_380|tid_509|tid_1236|tid_3011|tid_763|tid_481|tid_44|tid_368|tid_748|tid_38|tid_1333|tid_2279|tid_1238|tid_419|tid_2809
tid_423,11.447681093637364,11.447681093637364,0,tid_381|tid_369|tid_36|tid_56|tid_486|tid_41|tid_361|tid_487|tid_363|tid_31|tid_391|tid_367|tid_45|tid_499|tid_387
tid_424,12.694234106325908,12.694234106325908,0,tid_561|tid_58|tid_429|tid_497|tid_543|tid_1294|tid_65|tid_1261|tid_1289|tid_444|tid_528|tid_536|tid_425|tid_501|tid_1284
tid_425,13.602764583444515,13.602764583444516,1.7763568394002505e-15,tid_434|tid_501|tid_429|tid_381|tid_43|tid_436|tid_58|tid_561|tid_1196|tid_536|tid_539|tid_543|tid_65|tid_431|tid_443
tid_428,13.423825552465974,13.423825552465974,0,tid_541|tid_563|tid_2259|tid_1897|tid_566|tid_536|tid_1345|tid_1614|tid_1537|tid_533|tid_1311|tid_1416|tid_1340|tid_1341|tid_1355
tid_429,13.709112591807383,13.709112591807385,1.7763568394002505e-15,tid_536|tid_561|tid_433|tid_425|tid_444|tid_434|tid_424|tid_761|tid_533|tid_560|tid_543|tid_737|tid_519|tid_1289|tid_1341
tid_43,13.53644670905798,13.53644670905798,0,tid_58|tid_65|tid_32|tid_446|tid_539|tid_501|tid_443|tid_425|tid_1693|tid_78|tid_431|tid_738|tid_438|tid_561|tid_2017
tid_430,18.520923372536814,18.520923372536814,0,tid_362|tid_76|tid_26|tid_66|tid_757|tid_1665|tid_29|tid_355|tid_1243|tid_507|tid_693|tid_373|tid_73|tid_1258|tid_42
tid_431,13.600700407448564,13.600700407448564,0,tid_501|tid_435|tid_52|tid_43|tid_65|tid_1693|tid_738|tid_756|tid_387|tid_446|tid_58|tid_425|tid_356|tid_731|tid_391
tid_432,12.798533659000055,12.798533659000055,0,tid_2276|tid_527|tid_1294|tid_751|tid_1341|tid_2272|tid_3012|tid_1634|tid_482|tid_747|tid_1293|tid_538|tid_2069|tid_1261|tid_1284
tid_433,13.709112591807383,13.709112591807385,1.7763568394002505e-15,tid_519|tid_1345|tid_560|tid_441|tid_761|tid_541|tid_1296|tid_429|tid_444|tid_1358|tid_536|tid_434|tid_2159|tid_571|tid_564
tid_434,14.030810027304286,14.030810027304286,0,tid_425|tid_381|tid_429|tid_436|tid_433|tid_539|tid_365|tid_550|tid_43|tid_519|tid_1196|tid_441|tid_444|tid_2017|tid_446
tid_435,13.53644670905798,13.53644670905798,0,tid_446|tid_1693|tid_52|tid_539|tid_431|tid_78|tid_391|tid_32|tid_56|tid_41|tid_43|tid_1195|tid_550|tid_387|tid_423
tid_436,14.030810027304286,14.030810027304286,0,tid_381|tid_425|tid_52|tid_434|tid_391|tid_496|tid_501|tid_423|tid_365|tid_536|tid_539|tid_446|tid_1195|tid_533|tid_435
tid_437,12.695580633490454,12.695580633490454,0,tid_445|tid_528|tid_1298|tid_1284|tid_746|tid_761|tid_567|tid_557|tid_1299|tid_531|tid_561|tid_424|tid_429|tid_532|tid_1276
tid_438,11.707673842922507,11.707673842922508,1.7763568394002505e-15,tid_43|tid_58|tid_82|tid_501|tid_539|tid_1289|tid_365|tid_442|tid_434|tid_425|tid_37|tid_550|tid_65|tid_78|tid_484
tid_44,18.063627626155455,18.063627626155451,3.5527136788005009e-15,tid_380|tid_3011|tid_422|tid_509|tid_38|tid_23|tid_1238|tid_420|tid_763|tid_1234|tid_2289|tid_748|tid_2252|tid_419|tid_1333
tid_440,14.427391903511143,14.427391903511143,0,tid_1302|tid_1193|tid_543|tid_737|tid_1191|tid_1262|tid_383|tid_584|tid_738|tid_65|tid_1187|tid_443|tid_2885|tid_497|tid_744
tid_441,13.709112591807383,13.709112591807385,1.7763568394002505e-15,tid_519|tid_1358|tid_1296|tid_564|tid_433|tid_560|tid_1345|tid_571|tid_2305|tid_444|tid_2317|tid_554|tid_568|tid_1661|tid_524
tid_442,13.602764583444515,13.602764583444516,1.7763568394002505e-15,tid_438|tid_1289|tid_550|tid_1291|tid_2017|tid_539|tid_1635|tid_434|tid_594|tid_43|tid_1335|tid_787|tid_58|tid_78|tid_690
tid_443,14.031882500447779,14.031882500447781,1.7763568394002505e-15,tid_744|tid_32|tid_545|tid_366|tid_524|tid_756|tid_381|tid_738|tid_43|tid_1654|tid_65|tid_1196|tid_543|tid_2295|tid_530
tid_444,13.719981653179559,13.719981653179561,1.7763568394002505e-15,tid_277|tid_560|tid_737|tid_1654|tid_568|tid_519|tid_429|tid_433|tid_441|tid_1625|tid_1661|tid_58|tid_554|tid_543|tid_758
tid_445,13.071232191952031,13.071232191952031,0,tid_437|tid_528|tid_542|tid_447|tid_424|tid_1284|tid_561|tid_531|tid_2057|tid_1298|tid_429|tid_548|tid_746|tid_493|tid_761
tid_446,13.167361534883536,13.167361534883536,0,tid_539|tid_32|tid_43|tid_1693|tid_435|tid_78|tid_550|tid_1195|tid_547|tid_536|tid_58|tid_552|tid_2317|tid_560|tid_381
tid_447,14.429171777853433,14.429171777853432,1.7763568394002505e-15,tid_2057|tid_1606|tid_548|tid_1341|tid_445|tid_561|tid_536|tid_3012|tid_424|tid_2307|tid_429|tid_428|tid_437|tid_533|tid_1338
tid_448,19.414669858804,19.414669858804,0,tid_2312|tid_1600|tid_10|tid_278|tid_375|tid_2033|tid_76|tid_1117|tid_2193|tid_1243|tid_27|tid_1890|tid_2210|tid_1726|tid_1764
tid_449,13.67398164911917,13.67398164911917,0,tid_1587|tid_1769|tid_714|tid_2204|tid_2322|tid_1535|tid_1308|tid_1144|tid_723|tid_705|tid_1544|tid_993|tid_1777|tid_2150|tid_1158
tid_45,12.269941658086969,12.269941658086967,1.7763568394002505e-15,tid_369|tid_31|tid_378|tid_41|tid_33|tid_61|tid_37|tid_367|tid_56|tid_390|tid_423|tid_48|tid_381|tid_361|tid_36
tid_450,15.178630381558843,15.178630381558843,0,tid_671|tid_680|tid_1985|tid_2002|tid_1138|tid_674|tid_1160|tid_1449|tid_677|tid_689|tid_2011|tid_1540|tid_1875|tid_725|tid_675
tid_451,15.601212676394249,15.601212676394248,1.7763568394002505e-15,tid_1203|tid_1308|tid_913|tid_2118|tid_2120|tid_1221|tid_1788|tid_1770|tid_2131|tid_2126|tid_1984|tid_1125|tid_1581|tid_2327|tid_2264
tid_452,17.538066241085161,17.538066241085161,0,tid_1226|tid_2191|tid_1315|tid_1985|tid_1142|tid_1995|tid_1235|tid_510|tid_1054|tid_686|tid_2192|tid_1615|tid_2194|tid_1987|tid_1599
tid_453,16.419112637674594,16.419112637674594,0,tid_1240|tid_2203|tid_459|tid_455|tid_1572|tid_2021|tid_1170|tid_1048|tid_1254|tid_1137|tid_397|tid_1174|tid_515|tid_272|tid_1623
tid_455,15.866062292212057,15.866062292212057,0,tid_453|tid_1170|tid_1155|tid_1139|tid_2208|tid_459|tid_1240|tid_18|tid_515|tid_2203|tid_1137|tid_14|tid_20|tid_2202|tid_1572
tid_456,13.106836133635081,13.106836133635079,1.7763568394002505e-15,tid_1647|tid_1657|tid_457|tid_1602|tid_765|tid_19|tid_1065|tid_1208|tid_2198|tid_1064|tid_2207|tid_1607|tid_537|tid_1061|tid_544
tid_457,12.756993179796371,12.756993179796371,0,tid_1657|tid_1602|tid_1067|tid_275|tid_456|tid_900|tid_2205|tid_1646|tid_1064|tid_1208|tid_1279|tid_710|tid_765|tid_1052|tid_2152
tid_458,15.866062292212057,15.866062292212057,0,tid_14|tid_20|tid_416|tid_404|tid_455|tid_453|tid_1623|tid_17|tid_360|tid_1240|tid_18|tid_386|tid_1172|tid_272|tid_1572
tid_459,14.991302861013489,14.991302861013487,1.7763568394002505e-15,tid_453|tid_55|tid_455|tid_515|tid_2202|tid_1174|tid_1172|tid_1071|tid_1240|tid_2203|tid_589|tid_1170|tid_601|tid_1051|tid_397
tid_46,12.660573480161762,12.660573480161762,0,tid_517|tid_598|tid_361|tid_36|tid_369|tid_45|tid_273|tid_593|tid_37|tid_390|tid_364|tid_68|tid_47|tid_1174|tid_33
tid_460,14.992045939549147,14.992045939549149,1.7763568394002505e-15,tid_2206|tid_2195|tid_2201|tid_1148|tid_535|tid_1170|tid_1137|tid_1139|tid_711|tid_1166|tid_1254|tid_1040|tid_1155|tid_695|tid_1604
tid_47,12.064010979846461,12.06401097984646,1.7763568394002505e-15,tid_364|tid_48|tid_517|tid_46|tid_378|tid_37|tid_45|tid_369|tid_33|tid_68|tid_593|tid_390|tid_606|tid_395|tid_367
tid_478,17.832679262362493,17.832679262362493,0,tid_355|tid_2887|tid_418|tid_362|tid_504|tid_1007|tid_73|tid_385|tid_1665|tid_2275|tid_918|tid_1952|tid_29|tid_1977|tid_1598
tid_479,12.28608532538118,12.28608532538118,0,tid_2088|tid_1935|tid_1702|tid_2096|tid_1028|tid_520|tid_1691|tid_1918|tid_300|tid_2090|tid_287|tid_1749|tid_1027|tid_1559|tid_1929
tid_48,12.703417703417719,12.70341770341772,1.7763568394002505e-15,tid_33|tid_37|tid_61|tid_74|tid_45|tid_47|tid_367|tid_586|tid_31|tid_369|tid_364|tid_517|tid_593|tid_378|tid_46
tid_480,13.604205641834199,13.6042056418342,1.7763568394002505e-15,tid_421|tid_387|tid_374|tid_486|tid_357|tid_60|tid_301|tid_498|tid_366|tid_487|tid_31|tid_735|tid_71|tid_59|tid_49
tid_481,17.363146522083305,17.363146522083305,0,tid_422|tid_385|tid_269|tid_1008|tid_380|tid_38|tid_1652|tid_1135|tid_419|tid_2281|tid_375|tid_26|tid_1236|tid_1707|tid_1140
tid_482,14.821283305767285,14.821283305767285,0,tid_1694|tid_1259|tid_2069|tid_432|tid_3012|tid_1550|tid_2298|tid_1947|tid_2309|tid_1679|tid_2303|tid_1334|tid_1026|tid_308|tid_1950
tid_484,12.484722388025782,12.484722388025782,0,tid_367|tid_363|tid_56|tid_1351|tid_80|tid_37|tid_438|tid_33|tid_72|tid_41|tid_490|tid_539|tid_365|tid_74|tid_52
tid_485,12.484722388025782,12.484722388025782,0,tid_490|tid_367|tid_378|tid_54|tid_364|tid_492|tid_499|tid_53|tid_363|tid_369|tid_56|tid_71|tid_423|tid_41|tid_480
tid_486,14.161664702990029,14.161664702990029,0,tid_487|tid_366|tid_423|tid_387|tid_480|tid_381|tid_2274|tid_383|tid_36|tid_443|tid_1703|tid_369|tid_396|tid_60|tid_2295
tid_487,12.807244501940485,12.807244501940485,0,tid_486|tid_396|tid_423|tid_361|tid_36|tid_369|tid_480|tid_390|tid_387|tid_1666|tid_378|tid_381|tid_366|tid_301|tid_54
tid_489,12.605045793224946,12.605045793224946,0,tid_2315|tid_1340|tid_1292|tid_1646|tid_2152|tid_1656|tid_1266|tid_572|tid_538|tid_1557|tid_1596|tid_904|tid_2054|tid_521|tid_2316
tid_49,17.917138442037505,17.917138442037505,0,tid_382|tid_374|tid_357|tid_383|tid_1675|tid_1995|tid_3011|tid_505|tid_44|tid_2034|tid_380|tid_1131|tid_368|tid_1235|tid_748
tid_490,12.299207509762367,12.299207509762368,1.7763568394002505e-15,tid_485|tid_367|tid_363|tid_492|tid_423|tid_56|tid_484|tid_391|tid_499|tid_369|tid_41|tid_1351|tid_74|tid_378|tid_54
tid_491,12.959923077256242,12.959923077256242,0,tid_72|tid_34|tid_69|tid_80|tid_484|tid_52|tid_56|tid_367|tid_435|tid_62|tid_502|tid_61|tid_83|tid_438|tid_1194
tid_492,12.484722388025782,12.484722388025782,0,tid_391|tid_490|tid_486|tid_480|tid_423|tid_487|tid_1706|tid_56|tid_387|tid_52|tid_41|tid_485|tid_363|tid_396|tid_1666
tid_493,11.666340746817493,11.666340746817491,1.7763568394002505e-15,tid_1301|tid_1295|tid_1272|tid_1287|tid_528|tid_445|tid_1284|tid_437|tid_538|tid_2326|tid_1330|tid_531|tid_2057|tid_567|tid_1266
tid_494,11.415319268297575,11.415319268297576,1.7763568394002505e-15,tid_359|tid_503|tid_440|tid_501|tid_497|tid_1302|tid_65|tid_58|tid_283|tid_1265|tid_22|tid_356|tid_1193|tid_424|tid_1191
tid_495,14.202580713423462,14.202580713423462,0,tid_2259|tid_1569|tid_300|tid_1908|tid_1626|tid_1902|tid_1849|tid_2255|tid_302|tid_1537|tid_1690|tid_563|tid_1918|tid_295|tid_2270
tid_496,14.030810027304286,14.030810027304286,0,tid_365|tid_436|tid_423|tid_381|tid_560|tid_434|tid_36|tid_273|tid_433|tid_359|tid_441|tid_523|tid_536|tid_446|tid_391
tid_497,12.962448201097331,12.962448201097333,1.7763568394002505e-15,tid_543|tid_1294|tid_1302|tid_424|tid_559|tid_1262|tid_440|tid_1261|tid_737|tid_1265|tid_1293|tid_1697|tid_501|tid_1634|tid_65
tid_498,14.746734746734735,14.746734746734736,1.7763568394002505e-15,tid_357|tid_81|tid_60|tid_366|tid_383|tid_421|tid_480|tid_71|tid_2885|tid_79|tid_374|tid_397|tid_1178|tid_486|tid_390
tid_499,12.660573480161762,12.660573480161762,0,tid_369|tid_361|tid_423|tid_364|tid_390|tid_378|tid_36|tid_367|tid_56|tid_60|tid_372|tid_273|tid_37|tid_46|tid_486
tid_5,13.60229718942354,13.60229718942354,0,tid_1040|tid_2196|tid_2089|tid_2061|tid_1031|tid_191|tid_1942|tid_1714|tid_695|tid_1893|tid_1038|tid_294|tid_1041|tid_1013|tid_188
tid_50,14.333690336828653,14.333690336828653,0,tid_53|tid_39|tid_1175|tid_79|tid_67|tid_51|tid_71|tid_66|tid_59|tid_42|tid_1652|tid_40|tid_60|tid_278|tid_2194
tid_501,13.602764583444515,13.602764583444516,1.7763568394002505e-15,tid_431|tid_58|tid_65|tid_43|tid_425|tid_381|tid_543|tid_438|tid_52|tid_436|tid_356|tid_443|tid_738|tid_359|tid_561
tid_502,11.584811004174234,11.584811004174234,0,tid_484|tid_72|tid_363|tid_490|tid_1351|tid_34|tid_367|tid_491|tid_52|tid_41|tid_1691|tid_485|tid_80|tid_391|tid_74
tid_503,13.38544734165017,13.38544734165017,0,tid_277|tid_365|tid_282|tid_444|tid_58|tid_376|tid_359|tid_494|tid_1289|tid_424|tid_560|tid_43|tid_746|tid_438|tid_561
tid_504,18.010378013093199,18.010378013093199,0,tid_2275|tid_1258|tid_1665|tid_1190|tid_1977|tid_1632|tid_355|tid_2161|tid_727|tid_1224|tid_418|tid_1598|tid_1874|tid_2281|tid_1979
tid_505,16.951655137675004,16.951655137675004,0,tid_1603|tid_1131|tid_2034|tid_1675|tid_1987|tid_1252|tid_2030|tid_677|tid_2060|tid_1985|tid_1237|tid_1659|tid_767|tid_1262|tid_744
tid_506,17.908468257819731,17.908468257819731,0,tid_1525|tid_1560|tid_3009|tid_820|tid_2169|tid_1863|tid_3005|tid_841|tid_1198|tid_989|tid_1010|tid_2101|tid_1410|tid_2647|tid_1758
tid_507,19.709062860620751,19.709062860620751,0,tid_757|tid_1243|tid_693|tid_676|tid_1008|tid_278|tid_76|tid_686|tid_2312|tid_373|tid_1758|tid_362|tid_1599|tid_10|tid_2210
tid_508,16.542689821856293,16.542689821856293,0,tid_1181|tid_1334|tid_731|tid_2008|tid_1972|tid_754|tid_741|tid_1179|tid_1252|tid_798|tid_2289|tid_1197|tid_1234|tid_1608|tid_1227
tid_509,19.071455636878532,19.071455636878529,3.5527136788005009e-15,tid_1333|tid_763|tid_380|tid_422|tid_3011|tid_748|tid_44|tid_2809|tid_1238|tid_1236|tid_1234|tid_368|tid_2279|tid_1995|tid_38
tid_51,16.890020214119939,16.890020214119939,0,tid_75|tid_83|tid_77|tid_66|tid_42|tid_40|tid_28|tid_81|tid_1652|tid_421|tid_2809|tid_26|tid_509|tid_481|tid_23
tid_510,19.071455636878532,19.071455636878529,3.5527136788005009e-15,tid_686|tid_1668|tid_1599|tid_368|tid_1995|tid_452|tid_1315|tid_1881|tid_2032|tid_278|tid_1226|tid_380|tid_1600|tid_1652|tid_1919
tid_511,15.295229951579991,15.295229951579993,1.7763568394002505e-15,tid_1109|tid_1604|tid_992|tid_1659|tid_1131|tid_1158|tid_677|tid_2041|tid_2060|tid_1160|tid_899|tid_2021|tid_1675|tid_2034|tid_2203
tid_512,14.736615796227049,14.736615796227047,1.7763568394002505e-15,tid_2028|tid_668|tid_769|tid_2179|tid_1530|tid_1257|tid_669|tid_915|tid_1414|tid_1780|tid_2155|tid_271|tid_1562|tid_2310|tid_1533
tid_515,16.419112637674594,16.419112637674594,0,tid_1170|tid_453|tid_2203|tid_459|tid_397|tid_1159|tid_455|tid_1254|tid_17|tid_55|tid_1240|tid_1142|tid_16|tid_371|tid_2194
tid_516,13.845623707787746,13.845623707787746,0,tid_553|tid_1313|tid_1724|tid_1344|tid_1317|tid_1323|tid_285|tid_1605|tid_296|tid_2271|tid_1320|tid_1348|tid_1322|tid_2049|tid_2056
tid_517,13.046559522846945,13.046559522846945,0,tid_593|tid_46|tid_1175|tid_47|tid_598|tid_45|tid_1174|tid_601|tid_1246|tid_364|tid_48|tid_79|tid_378|tid_369|tid_40
tid_518,13.89643204623674,13.89643204623674,0,tid_1557|tid_1611|tid_2036|tid_1948|tid_2042|tid_1766|tid_1624|tid_70|tid_2041|tid_739|tid_1533|tid_1656|tid_1629|tid_1628|tid_2059
tid_519,13.709112591807383,13.709112591807385,1.7763568394002505e-15,tid_441|tid_433|tid_1358|tid_1296|tid_560|tid_1345|tid_564|tid_2305|tid_444|tid_1300|tid_2317|tid_571|tid_554|tid_761|tid_2159
tid_52,12.833978211219389,12.833978211219389,0,tid_391|tid_435|tid_431|tid_436|tid_539|tid_446|tid_501|tid_1195|tid_1693|tid_43|tid_41|tid_2307|tid_56|tid_425|tid_34
tid_520,13.633228288948708,13.633228288948708,0,tid_1028|tid_1681|tid_1918|tid_1027|tid_1353|tid_2258|tid_1929|tid_1691|tid_1702|tid_292|tid_479|tid_1561|tid_2096|tid_300|tid_287
tid_521,13.348956355908159,13.348956355908159,0,tid_562|tid_1416|tid_377|tid_1902|tid_1537|tid_540|tid_1340|tid_1948|tid_2315|tid_1292|tid_2094|tid_1637|tid_2259|tid_1614|tid_2255
tid_522,12.618737946808988,12.618737946808988,0,tid_280|tid_2269|tid_743|tid_1699|tid_1650|tid_1655|tid_2316|tid_281|tid_489|tid_1286|tid_755|tid_1688|tid_572|tid_752|tid_2315
tid_523,13.576742618658777,13.576742618658775,1.7763568394002505e-15,tid_2067|tid_1727|tid_1014|tid_562|tid_706|tid_683|tid_305|tid_1909|tid_2259|tid_1614|tid_521|tid_2258|tid_1322|tid_1348|tid_2257
tid_524,14.97205494056988,14.97205494056988,0,tid_1661|tid_2317|tid_564|tid_568|tid_2295|tid_545|tid_1630|tid_32|tid_1654|tid_540|tid_443|tid_744|tid_530|tid_36|tid_554
tid_525,13.423825552465974,13.423825552465974,0,tid_1355|tid_1271|tid_566|tid_541|tid_1311|tid_1345|tid_549|tid_2260|tid_1640|tid_2127|tid_1350|tid_761|tid_2159|tid_1346|tid_433
tid_527,13.410955866045683,13.410955866045684,1.7763568394002505e-15,tid_1293|tid_432|tid_2272|tid_2276|tid_1294|tid_747|tid_1634|tid_1261|tid_1262|tid_1596|tid_2287|tid_1557|tid_1237|tid_751|tid_2042
tid_528,12.494731723131803,12.494731723131803,0,tid_1284|tid_437|tid_445|tid_531|tid_277|tid_746|tid_424|tid_489|tid_1298|tid_429|tid_1294|tid_444|tid_774|tid_1266|tid_1261
tid_529,15.556639232266157,15.556639232266155,1.7763568394002505e-15,tid_36|tid_1246|tid_361|tid_1251|tid_685|tid_683|tid_524|tid_443|tid_692|tid_1249|tid_381|tid_1609|tid_369|tid_45|tid_423
tid_53,14.333690336828653,14.333690336828653,0,tid_71|tid_1175|tid_50|tid_60|tid_79|tid_378|tid_40|tid_54|tid_364|tid_421|tid_59|tid_83|tid_31|tid_61|tid_39
tid_530,14.065985873399377,14.065985873399375,1.7763568394002505e-15,tid_545|tid_540|tid_1697|tid_2274|tid_1948|tid_568|tid_1703|tid_2295|tid_274|tid_1656|tid_1629|tid_2299|tid_559|tid_1661|tid_524
tid_531,11.798848354397773,11.798848354397771,1.7763568394002505e-15,tid_1284|tid_746|tid_1636|tid_1280|tid_1337|tid_2302|tid_1298|tid_1278|tid_1649|tid_528|tid_1644|tid_2292|tid_277|tid_2154|tid_548
tid_532,13.423825552465974,13.423825552465974,0,tid_761|tid_433|tid_746|tid_519|tid_758|tid_444|tid_1646|tid_771|tid_1326|tid_441|tid_277|tid_1345|tid_429|tid_2054|tid_437
tid_533,13.615570353322903,13.615570353322903,0,tid_536|tid_428|tid_541|tid_433|tid_429|tid_1897|tid_1195|tid_1345|tid_436|tid_1273|tid_434|tid_1909|tid_560|tid_1311|tid_1271
tid_534,11.762811511168536,11.762811511168536,0,tid_537|tid_1651|tid_712|tid_1647|tid_558|tid_711|tid_1687|tid_456|tid_544|tid_2150|tid_1144|tid_717|tid_1607|tid_2198|tid_1544
tid_535,15.785393988897955,15.785393988897956,1.7763568394002505e-15,tid_1609|tid_2201|tid_1254|tid_1249|tid_2206|tid_1137|tid_1630|tid_2295|tid_1621|tid_685|tid_1256|tid_524|tid_2195|tid_460|tid_725
tid_536,13.709112591807383,13.709112591807385,1.7763568394002505e-15,tid_429|tid_1341|tid_1897|tid_533|tid_428|tid_561|tid_560|tid_548|tid_1195|tid_433|tid_547|tid_446|tid_541|tid_1730|tid_425
tid_537,13.914974141254799,13.914974141254801,1.7763568394002505e-15,tid_1651|tid_534|tid_1647|tid_770|tid_1657|tid_2305|tid_544|tid_752|tid_554|tid_456|tid_1357|tid_717|tid_358|tid_1687|tid_558
tid_538,11.526897232451304,11.526897232451304,0,tid_999|tid_2315|tid_1340|tid_1715|tid_1947|tid_1301|tid_489|tid_1416|tid_747|tid_1537|tid_1108|tid_1950|tid_1280|tid_1529|tid_1728
tid_539,14.213635129695689,14.213635129695689,0,tid_550|tid_446|tid_78|tid_43|tid_435|tid_32|tid_1693|tid_434|tid_52|tid_58|tid_438|tid_425|tid_381|tid_365|tid_1351
tid_54,13.844073286072378,13.844073286072378,0,tid_59|tid_301|tid_735|tid_60|tid_369|tid_79|tid_378|tid_39|tid_9|tid_53|tid_480|tid_361|tid_366|tid_364|tid_63
tid_540,14.031882500447779,14.031882500447781,1.7763568394002505e-15,tid_530|tid_1948|tid_2274|tid_2295|tid_545|tid_393|tid_568|tid_1696|tid_274|tid_1703|tid_1630|tid_1661|tid_524|tid_521|tid_1697
tid_541,13.615570353322903,13.615570353322903,0,tid_1345|tid_2127|tid_566|tid_428|tid_571|tid_1346|tid_1271|tid_1355|tid_2159|tid_525|tid_433|tid_1614|tid_1311|tid_560|tid_1296
tid_542,11.666340746817493,11.666340746817491,1.7763568394002505e-15,tid_445|tid_437|tid_528|tid_493|tid_1299|tid_557|tid_447|tid_1284|tid_424|tid_531|tid_567|tid_2057|tid_276|tid_1276|tid_1295
tid_543,13.719981653179559,13.719981653179561,1.7763568394002505e-15,tid_1302|tid_559|tid_737|tid_1261|tid_1262|tid_545|tid_65|tid_497|tid_440|tid_530|tid_738|tid_1697|tid_443|tid_58|tid_744
tid_544,12.57584310866735,12.57584310866735,0,tid_554|tid_2152|tid_1651|tid_1607|tid_2150|tid_1646|tid_1292|tid_1657|tid_1544|tid_564|tid_1687|tid_1637|tid_1630|tid_1602|tid_377
tid_545,14.031882500447779,14.031882500447781,1.7763568394002505e-15,tid_530|tid_568|tid_1697|tid_2295|tid_744|tid_540|tid_524|tid_443|tid_1625|tid_1654|tid_543|tid_1703|tid_2274|tid_1948|tid_1661
tid_546,13.722037729359226,13.722037729359226,0,tid_1926|tid_1023|tid_828|tid_1548|tid_1698|tid_1032|tid_1681|tid_698|tid_1024|tid_1642|tid_2197|tid_1013|tid_1745|tid_2076|tid_926
tid_547,13.576742618658777,13.576742618658775,1.7763568394002505e-15,tid_1195|tid_1897|tid_1909|tid_1035|tid_683|tid_1689|tid_833|tid_1614|tid_446|tid_2257|tid_2259|tid_1730|tid_540|tid_536|tid_760
tid_548,12.798533659000055,12.798533659000055,0,tid_2307|tid_1341|tid_3012|tid_536|tid_1278|tid_1730|tid_561|tid_428|tid_563|tid_1280|tid_1340|tid_531|tid_447|tid_1298|tid_1606
tid_549,13.423825552465974,13.423825552465974,0,tid_1640|tid_569|tid_525|tid_2127|tid_1339|tid_1346|tid_1355|tid_1343|tid_1349|tid_1345|tid_566|tid_1271|tid_1296|tid_541|tid_1892
tid_55,15.679038975260928,15.679038975260928,0,tid_397|tid_2192|tid_2024|tid_2203|tid_2194|tid_1142|tid_1054|tid_601|tid_459|tid_1987|tid_1174|tid_581|tid_1275|tid_452|tid_1178
tid_550,14.213635129695689,14.213635129695689,0,tid_539|tid_78|tid_446|tid_1351|tid_434|tid_43|tid_435|tid_33|tid_32|tid_365|tid_1635|tid_74|tid_438|tid_381|tid_423
tid_552,13.378844748973485,13.378844748973483,1.7763568394002505e-15,tid_1730|tid_1693|tid_749|tid_1356|tid_2300|tid_446|tid_1300|tid_1341|tid_2317|tid_32|tid_3012|tid_1278|tid_547|tid_43|tid_2292
tid_553,13.845623707787746,13.845623707787746,0,tid_1724|tid_516|tid_687|tid_1344|tid_1323|tid_1317|tid_295|tid_2049|tid_1313|tid_1605|tid_2271|tid_296|tid_2056|tid_2094|tid_1925
tid_554,13.709408053442207,13.709408053442209,1.7763568394002505e-15,tid_1661|tid_568|tid_1654|tid_544|tid_1625|tid_1651|tid_564|tid_1356|tid_1630|tid_1292|tid_1189|tid_1646|tid_2317|tid_1656|tid_1687
tid_555,14.611700192097764,14.611700192097764,0,tid_2197|tid_1891|tid_1642|tid_2089|tid_1033|tid_922|tid_926|tid_1421|tid_692|tid_1038|tid_1896|tid_558|tid_1548|tid_1545|tid_719
tid_556,13.514302262410949,13.514302262410949,0,tid_1662|tid_1282|tid_442|tid_1335|tid_796|tid_1339|tid_1319|tid_1324|tid_1635|tid_1352|tid_791|tid_602|tid_882|tid_1640|tid_1336
tid_557,13.514302262410949,13.514302262410949,0,tid_1299|tid_1269|tid_567|tid_2022|tid_437|tid_761|tid_1327|tid_525|tid_532|tid_746|tid_1298|tid_1355|tid_445|tid_1640|tid_1311
tid_558,12.852311161217589,12.852311161217589,0,tid_2201|tid_1647|tid_1651|tid_2197|tid_555|tid_701|tid_534|tid_537|tid_1061|tid_1065|tid_1607|tid_2195|tid_535|tid_456|tid_760
tid_559,14.97205494056988,14.97205494056988,0,tid_543|tid_530|tid_1262|tid_2296|tid_1608|tid_1302|tid_1904|tid_2299|tid_545|tid_2300|tid_2301|tid_2274|tid_1694|tid_1261|tid_274
tid_56,12.959923077256242,12.959923077256242,0,tid_31|tid_41|tid_61|tid_367|tid_423|tid_369|tid_78|tid_33|tid_45|tid_37|tid_435|tid_74|tid_381|tid_735|tid_32
tid_560,13.336329780403222,13.336329780403222,0,tid_1296|tid_1345|tid_433|tid_564|tid_519|tid_441|tid_1661|tid_571|tid_1300|tid_444|tid_2317|tid_1358|tid_541|tid_568|tid_1292
tid_561,12.803319279930392,12.803319279930392,0,tid_424|tid_58|tid_429|tid_536|tid_1341|tid_548|tid_43|tid_425|tid_1298|tid_1289|tid_65|tid_1278|tid_543|tid_444|tid_1649
tid_562,13.723155864411151,13.723155864411153,1.7763568394002505e-15,tid_2255|tid_1416|tid_521|tid_1537|tid_2259|tid_1902|tid_2067|tid_2094|tid_706|tid_1035|tid_1725|tid_1253|tid_2257|tid_1614|tid_377
tid_563,13.818432282986691,13.818432282986691,0,tid_428|tid_566|tid_2259|tid_1908|tid_495|tid_1902|tid_1690|tid_1323|tid_1537|tid_1355|tid_2308|tid_1925|tid_1311|tid_548|tid_541
tid_564,13.971954952984911,13.971954952984913,1.7763568394002505e-15,tid_1296|tid_560|tid_1661|tid_441|tid_524|tid_2317|tid_1358|tid_554|tid_519|tid_568|tid_571|tid_760|tid_1630|tid_1651|tid_1300
tid_565,13.916893793054786,13.916893793054786,0,tid_1550|tid_2255|tid_2270|tid_1690|tid_1702|tid_833|tid_1950|tid_1939|tid_1944|tid_1932|tid_2069|tid_2259|tid_300|tid_289|tid_562
tid_566,13.191502943147771,13.191502943147771,0,tid_1355|tid_1271|tid_541|tid_1346|tid_525|tid_1323|tid_2260|tid_428|tid_1345|tid_1311|tid_563|tid_571|tid_1350|tid_1892|tid_2127
tid_567,11.38364926154205,11.38364926154205,0,tid_1299|tid_1269|tid_557|tid_2054|tid_437|tid_2022|tid_1272|tid_761|tid_1266|tid_746|tid_532|tid_2037|tid_1664|tid_528|tid_525
tid_568,14.031882500447779,14.031882500447781,1.7763568394002505e-15,tid_1697|tid_545|tid_1661|tid_530|tid_554|tid_1654|tid_524|tid_540|tid_1630|tid_1625|tid_1656|tid_1703|tid_564|tid_1948|tid_1356
tid_569,13.423825552465974,13.423825552465974,0,tid_1349|tid_1346|tid_549|tid_1892|tid_1296|tid_760|tid_2127|tid_571|tid_1358|tid_1607|tid_1345|tid_541|tid_564|tid_1547|tid_441
tid_57,17.350980283117391,17.350980283117391,0,tid_2281|tid_2004|tid_269|tid_23|tid_2000|tid_2279|tid_38|tid_28|tid_25|tid_419|tid_763|tid_1140|tid_481|tid_1135|tid_26
tid_570,13.496937172178747,13.496937172178749,1.7763568394002505e-15,tid_2050|tid_2162|tid_1322|tid_572|tid_1580|tid_1773|tid_377|tid_1660|tid_2094|tid_2152|tid_2618|tid_1910|tid_1594|tid_1320|tid_2059
tid_571,14.077250866640178,14.077250866640178,0,tid_760|tid_1345|tid_1614|tid_541|tid_1296|tid_2127|tid_2159|tid_1346|tid_1637|tid_2043|tid_1358|tid_1242|tid_560|tid_564|tid_1292
tid_572,12.967387618442539,12.96738761844254,1.7763568394002505e-15,tid_1610|tid_1535|tid_2152|tid_1067|tid_570|tid_1782|tid_2618|tid_1766|tid_1596|tid_1004|tid_2059|tid_2128|tid_1660|tid_275|tid_1769
tid_574,14.481408255024842,14.481408255024842,0,tid_2034|tid_2012|tid_1904|tid_2028|tid_274|tid_2310|tid_992|tid_1241|tid_2311|tid_2301|tid_1629|tid_2060|tid_1012|tid_1566|tid_899
tid_578,18.063627626155455,18.063627626155451,3.5527136788005009e-15,tid_1008|tid_820|tid_1707|tid_1303|tid_375|tid_481|tid_2252|tid_1758|tid_1668|tid_1652|tid_918|tid_380|tid_1952|tid_1919|tid_278
tid_579,17.298074854807478,17.298074854807478,0,tid_2024|tid_2809|tid_1333|tid_1995|tid_748|tid_368|tid_509|tid_780|tid_763|tid_2620|tid_1230|tid_2885|tid_81|tid_686|tid_3011
tid_58,14.806390066494046,14.806390066494046,0,tid_43|tid_65|tid_561|tid_501|tid_543|tid_424|tid_32|tid_425|tid_738|tid_444|tid_446|tid_1289|tid_438|tid_1649|tid_443
tid_580,15.004490127374837,15.004490127374837,0,tid_876|tid_324|tid_882|tid_860|tid_872|tid_785|tid_605|tid_871|tid_777|tid_1662|tid_842|tid_782|tid_35|tid_794|tid_30
tid_581,16.980498124983988,16.980498124983988,0,tid_2192|tid_1054|tid_1600|tid_2620|tid_2024|tid_1142|tid_1230|tid_686|tid_1586|tid_2621|tid_2194|tid_55|tid_452|tid_2006|tid_579
tid_582,13.196879632263748,13.196879632263748,0,tid_843|tid_875|tid_2338|tid_778|tid_916|tid_312|tid_1957|tid_883|tid_330|tid_229|tid_588|tid_888|tid_1958|tid_873|tid_884
tid_583,11.552449547172516,11.552449547172516,0,tid_602|tid_1282|tid_1662|tid_796|tid_882|tid_880|tid_556|tid_580|tid_1297|tid_879|tid_1966|tid_1959|tid_708|tid_1267|tid_876
tid_584,15.705699849304144,15.705699849304144,0,tid_1187|tid_1191|tid_440|tid_2885|tid_881|tid_1197|tid_1181|tid_754|tid_738|tid_806|tid_1193|tid_1252|tid_1302|tid_505|tid_767
tid_585,14.411301098331798,14.411301098331798,0,tid_2148|tid_2335|tid_1154|tid_891|tid_799|tid_1973|tid_234|tid_878|tid_1180|tid_1227|tid_1976|tid_2001|tid_741|tid_1184|tid_798
tid_586,12.089080254412931,12.089080254412933,1.7763568394002505e-15,tid_40|tid_48|tid_45|tid_61|tid_31|tid_517|tid_62|tid_33|tid_41|tid_789|tid_1175|tid_37|tid_83|tid_378|tid_367
tid_587,16.201703493395868,16.201703493395868,0,tid_50|tid_39|tid_67|tid_73|tid_66|tid_2194|tid_57|tid_592|tid_77|tid_29|tid_1665|tid_51|tid_589|tid_776|tid_507
tid_588,12.290305813836856,12.290305813836856,0,tid_886|tid_878|tid_873|tid_807|tid_803|tid_799|tid_2148|tid_805|tid_874|tid_784|tid_798|tid_795|tid_797|tid_885|tid_870
tid_589,14.047241064126625,14.047241064126624,1.7763568394002505e-15,tid_2202|tid_593|tid_459|tid_1174|tid_592|tid_600|tid_55|tid_1142|tid_2194|tid_790|tid_601|tid_517|tid_1175|tid_1170|tid_455
tid_59,14.992045939549147,14.992045939549149,1.7763568394002505e-15,tid_54|tid_79|tid_60|tid_301|tid_366|tid_39|tid_735|tid_480|tid_486|tid_1675|tid_1740|tid_53|tid_67|tid_369|tid_535
tid_591,14.035734775838037,14.035734775838035,1.7763568394002505e-15,tid_603|tid_243|tid_1249|tid_2212|tid_2030|tid_1621|tid_595|tid_725|tid_1625|tid_1189|tid_722|tid_806|tid_1137|tid_242|tid_1603
tid_592,13.046559522846945,13.046559522846945,0,tid_593|tid_589|tid_517|tid_48|tid_790|tid_1175|tid_46|tid_63|tid_47|tid_600|tid_871|tid_598|tid_606|tid_67|tid_79
tid_593,11.462676743690325,11.462676743690324,1.7763568394002505e-15,tid_517|tid_46|tid_592|tid_589|tid_1175|tid_598|tid_1174|tid_79|tid_790|tid_48|tid_1246|tid_1249|tid_1178|tid_47|tid_45
tid_594,12.475804511556454,12.475804511556454,0,tid_2017|tid_595|tid_790|tid_802|tid_779|tid_787|tid_738|tid_806|tid_804|tid_784|tid_2149|tid_1196|tid_808|tid_442|tid_744
tid_595,13.310088821183296,13.310088821183296,0,tid_591|tid_594|tid_2017|tid_598|tid_790|tid_1249|tid_243|tid_758|tid_1358|tid_2305|tid_770|tid_2212|tid_808|tid_2317|tid_1625
tid_598,13.644653240702787,13.644653240702787,0,tid_1246|tid_46|tid_696|tid_595|tid_1274|tid_593|tid_517|tid_1249|tid_529|tid_36|tid_2017|tid_45|tid_361|tid_2305|tid_1196
tid_599,17.686265863276731,17.686265863276731,0,tid_1603|tid_1609|tid_1675|tid_2060|tid_2021|tid_505|tid_397|tid_1228|tid_1659|tid_1131|tid_1615|tid_2295|tid_383|tid_511|tid_1987
tid_6,18.122249653248645,18.122249653248645,0,tid_371|tid_17|tid_404|tid_2607|tid_1906|tid_1153|tid_8|tid_414|tid_5|tid_14|tid_458|tid_1905|tid_1040|tid_515|tid_18
tid_60,15.556639232266157,15.556639232266155,1.7763568394002505e-15,tid_79|tid_366|tid_71|tid_31|tid_59|tid_498|tid_378|tid_369|tid_357|tid_480|tid_1178|tid_1175|tid_421|tid_54|tid_81
tid_600,13.005260356633253,13.005260356633253,0,tid_781|tid_805|tid_885|tid_2202|tid_803|tid_790|tid_797|tid_589|tid_2215|tid_591|tid_2199|tid_243|tid_603|tid_800|tid_806
tid_601,16.198258058723169,16.198258058723169,0,tid_1071|tid_55|tid_1174|tid_1275|tid_1175|tid_517|tid_2885|tid_1178|tid_459|tid_81|tid_79|tid_498|tid_589|tid_593|tid_579
tid_602,11.749825118677325,11.749825118677323,1.7763568394002505e-15,tid_583|tid_1282|tid_1662|tid_796|tid_882|tid_556|tid_880|tid_580|tid_1267|tid_1297|tid_791|tid_876|tid_708|tid_442|tid_852
tid_603,15.170888796601911,15.170888796601911,0,tid_2030|tid_591|tid_725|tid_767|tid_1603|tid_505|tid_243|tid_1625|tid_1189|tid_806|tid_1987|tid_237|tid_1621|tid_885|tid_722
tid_604,16.164628304606367,16.164628304606367,0,tid_607|tid_605|tid_430|tid_1175|tid_35|tid_601|tid_40|tid_53|tid_71|tid_42|tid_405|tid_517|tid_757|tid_50|tid_81
tid_605,12.401368728613594,12.401368728613594,0,tid_604|tid_607|tid_592|tid_30|tid_35|tid_1175|tid_606|tid_430|tid_40|tid_871|tid_50|tid_53|tid_517|tid_876|tid_601
tid_606,12.703417703417719,12.70341770341772,1.7763568394002505e-15,tid_607|tid_47|tid_517|tid_593|tid_1264|tid_48|tid_598|tid_592|tid_46|tid_364|tid_586|tid_604|tid_601|tid_1175|tid_605
tid_607,13.046559522846945,13.046559522846945,0,tid_604|tid_606|tid_517|tid_605|tid_1175|tid_47|tid_601|tid_40|tid_586|tid_53|tid_593|tid_364|tid_48|tid_430|tid_71
tid_608,14.45814272052932,14.45814272052932,0,tid_612|tid_2238|tid_2221|tid_2226|tid_843|tid_1430|tid_842|tid_1961|tid_1958|tid_860|tid_1957|tid_872|tid_309|tid_916|tid_782
tid_61,12.269941658086969,12.269941658086967,1.7763568394002505e-15,tid_31|tid_56|tid_41|tid_33|tid_367|tid_45|tid_48|tid_37|tid_74|tid_369|tid_83|tid_78|tid_735|tid_60|tid_80
tid_612,14.45814272052932,14.45814272052932,0,tid_608|tid_2238|tid_1961|tid_1957|tid_860|tid_1955|tid_843|tid_872|tid_2226|tid_2221|tid_1430|tid_1958|tid_309|tid_777|tid_312
tid_613,13.679966005768174,13.679966005768174,0,tid_847|tid_846|tid_2872|tid_2249|tid_856|tid_1960|tid_2880|tid_2340|tid_333|tid_2341|tid_1962|tid_1956|tid_917|tid_325|tid_2230
tid_614,11.87174343301065,11.87174343301065,0,tid_616|tid_332|tid_615|tid_1968|tid_1963|tid_855|tid_2341|tid_319|tid_2345|tid_340|tid_1962|tid_1954|tid_1965|tid_1956|tid_1966
tid_615,13.58689237168258,13.58689237168258,0,tid_614|tid_332|tid_616|tid_335|tid_2345|tid_855|tid_1152|tid_340|tid_848|tid_319|tid_853|tid_338|tid_1954|tid_888|tid_1965
tid_616,11.87174343301065,11.87174343301065,0,tid_332|tid_614|tid_1968|tid_1962|tid_1963|tid_2345|tid_1969|tid_2341|tid_1956|tid_1958|tid_888|tid_2249|tid_853|tid_875|tid_1957
tid_618,13.38934066245432,13.38934066245432,0,tid_619|tid_316|tid_341|tid_621|tid_1152|tid_1438|tid_615|tid_718|tid_857|tid_2244|tid_848|tid_2250|tid_318|tid_2345|tid_1970
tid_619,12.558514554144228,12.558514554144228,0,tid_618|tid_621|tid_316|tid_341|tid_615|tid_1438|tid_1152|tid_718|tid_331|tid_335|tid_857|tid_848|tid_2244|tid_614|tid_2250
tid_62,12.703417703417719,12.70341770341772,1.7763568394002505e-15,tid_82|tid_80|tid_83|tid_61|tid_31|tid_37|tid_586|tid_56|tid_48|tid_438|tid_41|tid_33|tid_71|tid_40|tid_51
tid_621,13.38934066245432,13.38934066245432,0,tid_619|tid_618|tid_341|tid_1438|tid_316|tid_615|tid_331|tid_718|tid_335|tid_1152|tid_857|tid_614|tid_2244|tid_332|tid_848
tid_63,13.279331542429574,13.279331542429574,0,tid_74|tid_54|tid_48|tid_39|tid_67|tid_735|tid_367|tid_53|tid_33|tid_61|tid_593|tid_369|tid_59|tid_364|tid_47
tid_65,13.669897934375651,13.669897934375651,0,tid_58|tid_43|tid_738|tid_543|tid_1302|tid_501|tid_356|tid_443|tid_744|tid_32|tid_431|tid_440|tid_561|tid_545|tid_425
tid_66,17.350980283117391,17.350980283117391,0,tid_26|tid_1665|tid_29|tid_2281|tid_362|tid_77|tid_25|tid_73|tid_76|tid_42|tid_385|tid_278|tid_1652|tid_481|tid_51
tid_666,16.832848741329354,16.832848741329354,0,tid_1134|tid_727|tid_2190|tid_2386|tid_2390|tid_2435|tid_1979|tid_1597|tid_2275|tid_2401|tid_1971|tid_2161|tid_2385|tid_2389|tid_2450
tid_667,15.221027100292472,15.221027100292472,0,tid_674|tid_2006|tid_1141|tid_892|tid_2620|tid_1993|tid_1136|tid_2032|tid_1231|tid_2235|tid_1999|tid_1981|tid_1054|tid_1403|tid_2011
tid_668,14.501946140468425,14.501946140468425,0,tid_1530|tid_1554|tid_915|tid_1780|tid_2028|tid_1414|tid_2053|tid_512|tid_271|tid_769|tid_2059|tid_1316|tid_1895|tid_2042|tid_1568
tid_669,14.940473938430898,14.940473938430898,0,tid_1975|tid_677|tid_512|tid_1988|tid_1996|tid_1112|tid_1709|tid_998|tid_2007|tid_2041|tid_2062|tid_2070|tid_2278|tid_1624|tid_2002
tid_67,13.330132369278269,13.330132369278267,1.7763568394002505e-15,tid_39|tid_735|tid_61|tid_59|tid_50|tid_79|tid_83|tid_60|tid_56|tid_51|tid_53|tid_63|tid_54|tid_78|tid_31
tid_670,17.674167828839771,17.674167828839771,0,tid_1990|tid_1991|tid_1179|tid_2288|tid_1260|tid_987|tid_1709|tid_1407|tid_2005|tid_1879|tid_2002|tid_1875|tid_2062|tid_680|tid_2186
tid_671,17.655531642283506,17.655531642283506,0,tid_450|tid_689|tid_1138|tid_680|tid_1449|tid_1526|tid_1407|tid_1540|tid_675|tid_2002|tid_2619|tid_2165|tid_996|tid_1879|tid_991
tid_674,17.538066241085161,17.538066241085161,0,tid_667|tid_2006|tid_2032|tid_1999|tid_450|tid_1054|tid_1985|tid_2192|tid_2620|tid_452|tid_1993|tid_1875|tid_1315|tid_1881|tid_2002
tid_675,16.616567431643436,16.616567431643436,0,tid_1981|tid_1407|tid_1978|tid_2011|tid_680|tid_671|tid_450|tid_1151|tid_1990|tid_1988|tid_1154|tid_1227|tid_2002|tid_998|tid_2005
tid_676,18.556587698565387,18.556587698565387,0,tid_1668|tid_1599|tid_1525|tid_989|tid_1008|tid_686|tid_1707|tid_1140|tid_986|tid_1303|tid_1243|tid_1226|tid_1410|tid_507|tid_3005
tid_677,14.24814685870157,14.24814685870157,0,tid_2041|tid_1131|tid_992|tid_2034|tid_511|tid_2060|tid_2036|tid_2030|tid_2311|tid_505|tid_1624|tid_1158|tid_725|tid_1160|tid_450
tid_678,14.023368800103597,14.023368800103595,1.7763568394002505e-15,tid_916|tid_330|tid_1430|tid_2880|tid_325|tid_2222|tid_327|tid_2245|tid_917|tid_896|tid_2348|tid_2248|tid_228|tid_2229|tid_2219
tid_679,17.271138542733809,17.271138542733809,0,tid_1986|tid_1229|tid_1980|tid_2279|tid_1303|tid_2320|tid_1993|tid_1238|tid_1236|tid_2005|tid_2282|tid_1668|tid_1140|tid_1919|tid_1234
tid_68,10.976356617919979,10.976356617919979,0,tid_37|tid_273|tid_33|tid_82|tid_46|tid_45|tid_363|tid_369|tid_381|tid_434|tid_390|tid_48|tid_31|tid_367|tid_384
tid_680,16.616567431643436,16.616567431643436,0,tid_2002|tid_1875|tid_1876|tid_1407|tid_2011|tid_450|tid_1138|tid_2062|tid_1879|tid_1160|tid_2311|tid_1978|tid_1990|tid_1540|tid_671
tid_683,13.217877143214896,13.217877143214896,0,tid_1909|tid_1573|tid_1014|tid_1727|tid_547|tid_1614|tid_2067|tid_1251|tid_1033|tid_2257|tid_1689|tid_1929|tid_719|tid_1035|tid_760
tid_685,15.06830004572819,15.06830004572819,0,tid_1251|tid_1532|tid_692|tid_1621|tid_535|tid_1689|tid_1609|tid_529|tid_2206|tid_2295|tid_3007|tid_1256|tid_1566|tid_1246|tid_574
tid_686,19.335835838900685,19.335835838900685,0,tid_1599|tid_1230|tid_510|tid_1226|tid_1243|tid_1586|tid_676|tid_1668|tid_1600|tid_757|tid_452|tid_1333|tid_1995|tid_368|tid_2809
tid_687,14.828124367525541,14.82812436752554,1.7763568394002505e-15,tid_1884|tid_1678|tid_295|tid_1902|tid_1773|tid_2094|tid_703|tid_1626|tid_1722|tid_553|tid_1715|tid_1901|tid_184|tid_1116|tid_2267
tid_689,17.699661830215874,17.699661830215874,0,tid_1449|tid_671|tid_996|tid_222|tid_450|tid_2813|tid_2177|tid_2619|tid_2047|tid_1504|tid_1404|tid_680|tid_2883|tid_1394|tid_2002
tid_69,12.484722388025782,12.484722388025782,0,tid_72|tid_34|tid_491|tid_80|tid_83|tid_735|tid_490|tid_367|tid_485|tid_61|tid_484|tid_67|tid_56|tid_39|tid_1194
tid_690,12.254688383562161,12.25468838356216,1.7763568394002505e-15,tid_1343|tid_1640|tid_1324|tid_1300|tid_2159|tid_2043|tid_1357|tid_552|tid_804|tid_1278|tid_549|tid_525|tid_1355|tid_1635|tid_2317
tid_691,13.496937172178747,13.496937172178749,1.7763568394002505e-15,tid_1144|tid_715|tid_1204|tid_1331|tid_2213|tid_2618|tid_1784|tid_1660|tid_2150|tid_1594|tid_1901|tid_1024|tid_2162|tid_712|tid_2132
tid_692,14.635673052402186,14.635673052402186,0,tid_719|tid_1689|tid_1251|tid_685|tid_1642|tid_1033|tid_2197|tid_721|tid_1887|tid_555|tid_1573|tid_760|tid_1014|tid_1548|tid_683
tid_693,20.880521074847792,20.880521074847792,0,tid_507|tid_757|tid_1243|tid_12|tid_10|tid_76|tid_448|tid_2312|tid_2210|tid_581|tid_1600|tid_430|tid_686|tid_362|tid_388
tid_694,13.329726461181046,13.329726461181046,0,tid_1975|tid_993|tid_1157|tid_208|tid_905|tid_2158|tid_220|tid_669|tid_1988|tid_1529|tid_2278|tid_1004|tid_1006|tid_903|tid_239
tid_695,14.803408468267598,14.803408468267598,0,tid_705|tid_1166|tid_1570|tid_1618|tid_1421|tid_1616|tid_2206|tid_2196|tid_1256|tid_1888|tid_1604|tid_1019|tid_2061|tid_1041|tid_1774
tid_696,12.195962108889091,12.195962108889091,0,tid_1274|tid_1635|tid_598|tid_74|tid_36|tid_33|tid_1173|tid_529|tid_361|tid_550|tid_1351|tid_78|tid_760|tid_692|tid_46
tid_697,13.995907181000277,13.995907181000277,0,tid_1066|tid_1285|tid_1770|tid_219|tid_1146|tid_2334|tid_1143|tid_1588|tid_1786|tid_1119|tid_1003|tid_216|tid_745|tid_2027|tid_1788
tid_698,14.297146130260451,14.297146130260453,1.7763568394002505e-15,tid_1013|tid_1029|tid_460|tid_555|tid_2196|tid_1166|tid_2197|tid_546|tid_1024|tid_1031|tid_711|tid_1148|tid_1038|tid_2195|tid_558
tid_699,13.365037393689461,13.365037393689461,0,tid_1320|tid_2156|tid_1580|tid_1547|tid_1242|tid_1724|tid_1322|tid_1605|tid_1607|tid_1613|tid_2152|tid_285|tid_706|tid_1660|tid_2162
tid_7,17.937647303712566,17.937647303712566,0,tid_1402|tid_2410|tid_2547|tid_2644|tid_2571|tid_1783|tid_1445|tid_2422|tid_379|tid_1500|tid_2403|tid_1468|tid_2504|tid_2393|tid_2391
tid_70,13.89643204623674,13.89643204623674,0,tid_1948|tid_2299|tid_518|tid_1624|tid_1557|tid_2314|tid_1658|tid_1656|tid_1697|tid_1633|tid_1731|tid_2036|tid_2296|tid_1533|tid_530
tid_701,14.611700192097764,14.611700192097764,0,tid_1545|tid_1607|tid_2207|tid_1573|tid_1065|tid_1547|tid_2198|tid_2197|tid_555|tid_558|tid_719|tid_1571|tid_1033|tid_1602|tid_1891
tid_702,14.641283808232863,14.641283808232863,0,tid_2223|tid_208|tid_228|tid_1157|tid_998|tid_1392|tid_1975|tid_689|tid_1407|tid_671|tid_1519|tid_1394|tid_2165|tid_1473|tid_2232
tid_703,12.618737946808988,12.618737946808988,0,tid_769|tid_2157|tid_915|tid_1901|tid_687|tid_1715|tid_1529|tid_2332|tid_715|tid_1663|tid_2053|tid_1004|tid_2315|tid_1660|tid_2094
tid_704,13.709408053442207,13.709408053442209,1.7763568394002505e-15,tid_717|tid_1357|tid_749|tid_1651|tid_1257|tid_1637|tid_2212|tid_1356|tid_554|tid_2317|tid_1300|tid_711|tid_770|tid_1661|tid_2292
tid_705,14.557785438006498,14.557785438006498,0,tid_695|tid_1166|tid_2213|tid_1570|tid_714|tid_2206|tid_449|tid_1256|tid_1616|tid_1421|tid_1587|tid_722|tid_2187|tid_1618|tid_1544
tid_706,14.786425117387347,14.786425117387347,0,tid_2067|tid_1725|tid_1547|tid_2257|tid_2094|tid_296|tid_562|tid_1420|tid_2056|tid_1891|tid_1614|tid_1896|tid_1348|tid_1322|tid_295
tid_708,13.312219715153928,13.312219715153928,0,tid_2343|tid_801|tid_791|tid_870|tid_852|tid_889|tid_800|tid_1959|tid_877|tid_876|tid_1954|tid_2339|tid_871|tid_796|tid_787
tid_71,15.657025527916746,15.657025527916746,0,tid_53|tid_60|tid_421|tid_1175|tid_81|tid_498|tid_79|tid_378|tid_357|tid_31|tid_83|tid_480|tid_40|tid_42|tid_51
tid_710,13.846320975886695,13.846320975886696,1.7763568394002505e-15,tid_1067|tid_1582|tid_900|tid_2618|tid_1310|tid_1208|tid_1535|tid_2128|tid_457|tid_1581|tid_1585|tid_572|tid_1052|tid_901|tid_449
tid_711,14.563688352590587,14.563688352590589,1.7763568394002505e-15,tid_2206|tid_1257|tid_1166|tid_704|tid_742|tid_1167|tid_534|tid_460|tid_1256|tid_1651|tid_722|tid_2213|tid_2201|tid_1638|tid_714
tid_712,11.762811511168536,11.762811511168536,0,tid_534|tid_691|tid_1024|tid_1144|tid_2213|tid_713|tid_2198|tid_711|tid_1607|tid_2150|tid_1784|tid_717|tid_1651|tid_558|tid_1204
tid_713,15.675457588661533,15.675457588661532,1.7763568394002505e-15,tid_1605|tid_1607|tid_1660|tid_699|tid_2127|tid_1320|tid_2156|tid_549|tid_1547|tid_1892|tid_553|tid_712|tid_2150|tid_2049|tid_717
tid_714,15.295229951579991,15.295229951579993,1.7763568394002505e-15,tid_2041|tid_1158|tid_449|tid_1604|tid_1167|tid_1058|tid_722|tid_723|tid_705|tid_1612|tid_1611|tid_1256|tid_2204|tid_2030|tid_511
tid_715,13.415928110904908,13.415928110904908,0,tid_1903|tid_1901|tid_1204|tid_2618|tid_2059|tid_2322|tid_691|tid_723|tid_1627|tid_1594|tid_2139|tid_1773|tid_1873|tid_2046|tid_993
tid_716,14.209493262819418,14.209493262819418,0,tid_2219|tid_228|tid_2245|tid_702|tid_2220|tid_1673|tid_2882|tid_2222|tid_2229|tid_2218|tid_2879|tid_2243|tid_229|tid_2217|tid_2236
tid_717,12.254688383562161,12.25468838356216,1.7763568394002505e-15,tid_704|tid_1357|tid_554|tid_1651|tid_770|tid_2212|tid_1292|tid_1300|tid_2157|tid_1343|tid_1337|tid_749|tid_1637|tid_537|tid_1356
tid_718,12.558514554144228,12.558514554144228,0,tid_2244|tid_225|tid_227|tid_2250|tid_1438|tid_1431|tid_857|tid_327|tid_330|tid_226|tid_236|tid_1152|tid_1970|tid_844|tid_917
tid_719,13.180712699587605,13.180712699587604,1.7763568394002505e-15,tid_1033|tid_692|tid_1573|tid_1891|tid_1251|tid_721|tid_1551|tid_1896|tid_2072|tid_1642|tid_683|tid_1547|tid_2197|tid_1887|tid_1929
tid_72,12.269941658086969,12.269941658086967,1.7763568394002505e-15,tid_34|tid_491|tid_69|tid_484|tid_80|tid_502|tid_367|tid_490|tid_1691|tid_74|tid_1351|tid_56|tid_435|tid_52|tid_41
tid_720,12.937325271889065,12.937325271889064,1.7763568394002505e-15,tid_726|tid_1970|tid_884|tid_2250|tid_2244|tid_875|tid_1152|tid_330|tid_853|tid_582|tid_2349|tid_2345|tid_888|tid_844|tid_916
tid_721,13.029863285725195,13.029863285725195,0,tid_1033|tid_719|tid_692|tid_1573|tid_922|tid_1014|tid_1545|tid_2089|tid_683|tid_1251|tid_2195|tid_1532|tid_1570|tid_1616|tid_555
tid_722,14.035734775838037,14.035734775838035,1.7763568394002505e-15,tid_725|tid_1137|tid_1256|tid_2206|tid_1139|tid_714|tid_2030|tid_2041|tid_603|tid_1621|tid_1158|tid_705|tid_591|tid_511|tid_1167
tid_723,13.474642256316759,13.474642256316759,0,tid_2059|tid_2322|tid_1901|tid_271|tid_1004|tid_1535|tid_714|tid_715|tid_1167|tid_2041|tid_1769|tid_755|tid_449|tid_1530|tid_1587
tid_725,14.035734775838037,14.035734775838035,1.7763568394002505e-15,tid_722|tid_2030|tid_603|tid_1987|tid_1137|tid_2034|tid_677|tid_1603|tid_505|tid_2191|tid_511|tid_2203|tid_2041|tid_1659|tid_591
tid_726,12.558514554144228,12.558514554144228,0,tid_720|tid_1970|tid_1152|tid_884|tid_2250|tid_2244|tid_853|tid_718|tid_857|tid_848|tid_875|tid_2345|tid_316|tid_330|tid_844
tid_727,17.006796413570569,17.006796413570569,0,tid_1134|tid_2275|tid_1632|tid_666|tid_1597|tid_418|tid_504|tid_21|tid_355|tid_2161|tid_1971|tid_1224|tid_1258|tid_1979|tid_2144
tid_73,17.51414178630808,17.51414178630808,0,tid_1665|tid_29|tid_355|tid_362|tid_504|tid_66|tid_76|tid_478|tid_25|tid_1258|tid_1632|tid_2887|tid_2281|tid_27|tid_2275
tid_731,18.063627626155455,18.063627626155451,3.5527136788005009e-15,tid_2286|tid_1181|tid_44|tid_420|tid_2289|tid_508|tid_1334|tid_754|tid_1238|tid_431|tid_1234|tid_756|tid_380|tid_38|tid_2252
tid_734,13.392750376671113,13.392750376671112,1.7763568394002505e-15,tid_1304|tid_995|tid_2325|tid_1006|tid_2330|tid_2035|tid_1529|tid_1989|tid_999|tid_1776|tid_1002|tid_2326|tid_2051|tid_1127|tid_2055
tid_735,14.333690336828653,14.333690336828653,0,tid_301|tid_54|tid_39|tid_56|tid_61|tid_67|tid_59|tid_480|tid_31|tid_60|tid_41|tid_387|tid_83|tid_421|tid_435
tid_736,11.572781545351884,11.572781545351884,0,tid_773|tid_281|tid_1290|tid_1326|tid_1653|tid_774|tid_279|tid_233|tid_753|tid_280|tid_276|tid_1052|tid_764|tid_898|tid_752
tid_737,14.427391903511143,14.427391903511143,0,tid_1193|tid_543|tid_1625|tid_1261|tid_545|tid_440|tid_1262|tid_444|tid_1302|tid_1265|tid_1697|tid_1196|tid_1654|tid_568|tid_1189
tid_738,13.53644670905798,13.53644670905798,0,tid_65|tid_744|tid_443|tid_756|tid_1252|tid_543|tid_1191|tid_1302|tid_440|tid_754|tid_43|tid_58|tid_584|tid_2017|tid_431
tid_739,13.89643204623674,13.89643204623674,0,tid_903|tid_1624|tid_2278|tid_2334|tid_2042|tid_1612|tid_1063|tid_1782|tid_905|tid_2041|tid_1557|tid_518|tid_2036|tid_755|tid_2039
tid_74,12.269941658086969,12.269941658086967,1.7763568394002505e-15,tid_33|tid_367|tid_37|tid_78|tid_1351|tid_48|tid_61|tid_56|tid_369|tid_45|tid_41|tid_63|tid_550|tid_31|tid_696
tid_741,15.867955795990053,15.867955795990053,0,tid_1978|tid_2008|tid_2011|tid_1179|tid_1112|tid_1996|tid_1260|tid_2311|tid_1972|tid_1973|tid_1608|tid_1990|tid_1981|tid_1227|tid_2886
tid_742,12.48229331280859,12.48229331280859,0,tid_1638|tid_1058|tid_711|tid_2199|tid_1167|tid_714|tid_1604|tid_2041|tid_2030|tid_2202|tid_1687|tid_723|tid_1257|tid_1658|tid_2206
tid_743,10.953237410071948,10.953237410071948,0,tid_1699|tid_2316|tid_2304|tid_1644|tid_2154|tid_2035|tid_2314|tid_1653|tid_1301|tid_2315|tid_999|tid_489|tid_1287|tid_1056|tid_1641
tid_744,14.806390066494046,14.806390066494046,0,tid_443|tid_1654|tid_545|tid_738|tid_1625|tid_32|tid_756|tid_524|tid_2295|tid_505|tid_65|tid_530|tid_366|tid_2317|tid_568
tid_745,13.014137322746722,13.014137322746722,0,tid_1056|tid_1146|tid_1285|tid_1304|tid_909|tid_2325|tid_1588|tid_1989|tid_2015|tid_1529|tid_697|tid_2316|tid_1770|tid_995|tid_734
tid_746,13.21979021134101,13.21979021134101,0,tid_1298|tid_1278|tid_531|tid_277|tid_282|tid_1276|tid_1284|tid_1337|tid_1664|tid_528|tid_437|tid_1292|tid_1649|tid_2292|tid_532
tid_747,13.410955866045683,13.410955866045684,1.7763568394002505e-15,tid_1244|tid_2015|tid_751|tid_1596|tid_2157|tid_904|tid_2276|tid_1533|tid_1624|tid_2042|tid_1557|tid_1340|tid_2315|tid_1529|tid_2036
tid_748,17.303446364454533,17.303446364454533,0,tid_368|tid_1995|tid_1234|tid_3011|tid_509|tid_1333|tid_380|tid_2809|tid_763|tid_422|tid_1919|tid_1229|tid_1236|tid_1974|tid_44
tid_749,13.357543222546763,13.357543222546765,1.7763568394002505e-15,tid_2317|tid_1356|tid_1661|tid_1730|tid_552|tid_1300|tid_704|tid_2292|tid_1357|tid_32|tid_1654|tid_744|tid_1637|tid_524|tid_1533
tid_75,17.261498850697055,17.261498850697055,0,tid_51|tid_28|tid_2809|tid_509|tid_26|tid_42|tid_763|tid_1333|tid_66|tid_81|tid_77|tid_40|tid_481|tid_83|tid_422
tid_751,15.184615887758767,15.184615887758769,1.7763568394002505e-15,tid_2276|tid_747|tid_2035|tid_1624|tid_2015|tid_2303|tid_1533|tid_2155|tid_1244|tid_1608|tid_1973|tid_2298|tid_2042|tid_1529|tid_2036
tid_752,12.321679816203313,12.321679816203313,0,tid_1650|tid_242|tid_275|tid_2018|tid_755|tid_1687|tid_2205|tid_1189|tid_554|tid_281|tid_770|tid_2212|tid_1290|tid_1646|tid_537
tid_753,12.321679816203313,12.321679816203313,0,tid_770|tid_1326|tid_1357|tid_771|tid_2305|tid_537|tid_717|tid_1290|tid_2212|tid_773|tid_282|tid_232|tid_746|tid_752|tid_758
tid_754,19.241098557865087,19.241098557865087,0,tid_1181|tid_766|tid_2008|tid_2289|tid_1234|tid_1197|tid_1252|tid_748|tid_756|tid_1972|tid_1333|tid_44|tid_1995|tid_3011|tid_509
tid_755,12.971893056507678,12.971893056507678,0,tid_1650|tid_1535|tid_2316|tid_1782|tid_2039|tid_1004|tid_2018|tid_1557|tid_739|tid_723|tid_1310|tid_1611|tid_2205|tid_2314|tid_752
tid_756,15.636964455779045,15.636964455779044,1.7763568394002505e-15,tid_1241|tid_1252|tid_443|tid_744|tid_738|tid_1235|tid_754|tid_505|tid_2034|tid_387|tid_2012|tid_1904|tid_1225|tid_545|tid_1228
tid_757,19.414669858804,19.414669858804,0,tid_1243|tid_507|tid_686|tid_693|tid_42|tid_1230|tid_278|tid_26|tid_76|tid_1600|tid_1599|tid_510|tid_676|tid_375|tid_362
tid_758,13.644653240702787,13.644653240702787,0,tid_771|tid_1189|tid_1625|tid_1196|tid_2305|tid_444|tid_1192|tid_235|tid_1654|tid_770|tid_519|tid_1358|tid_441|tid_2017|tid_737
tid_76,17.381285270899216,17.381285270899216,0,tid_373|tid_2312|tid_362|tid_278|tid_1665|tid_26|tid_2210|tid_66|tid_448|tid_1258|tid_507|tid_1243|tid_73|tid_10|tid_27
tid_760,14.077250866640178,14.077250866640178,0,tid_571|tid_1892|tid_1296|tid_1637|tid_1346|tid_564|tid_1689|tid_1573|tid_1614|tid_2043|tid_2257|tid_547|tid_569|tid_1358|tid_1547
tid_761,13.423825552465974,13.423825552465974,0,tid_433|tid_532|tid_1345|tid_1327|tid_525|tid_429|tid_2159|tid_541|tid_519|tid_2127|tid_1298|tid_1355|tid_437|tid_746|tid_557
tid_763,17.589690542850779,17.589690542850779,0,tid_509|tid_422|tid_3011|tid_1236|tid_1333|tid_2279|tid_748|tid_44|tid_380|tid_2809|tid_368|tid_1238|tid_1234|tid_419|tid_38
tid_764,10.379862390749416,10.379862390749416,0,tid_2023|tid_1053|tid_1268|tid_235|tid_279|tid_773|tid_1047|tid_275|tid_2205|tid_238|tid_1052|tid_1279|tid_242|tid_232|tid_1623
tid_765,12.99802127245313,12.99802127245313,0,tid_1602|tid_457|tid_456|tid_1613|tid_1064|tid_1657|tid_1208|tid_1067|tid_1065|tid_19|tid_1585|tid_1571|tid_2207|tid_900|tid_275
tid_766,18.049829371369896,18.049829371369896,0,tid_780|tid_3011|tid_2289|tid_754|tid_2008|tid_1995|tid_748|tid_1333|tid_1234|tid_1235|tid_2012|tid_44|tid_509|tid_1978|tid_1138
tid_767,14.935938142019346,14.935938142019346,0,tid_1232|tid_237|tid_1987|tid_603|tid_505|tid_1131|tid_1051|tid_1603|tid_2030|tid_1985|tid_2019|tid_1659|tid_1161|tid_677|tid_781
tid_769,14.672345150623901,14.672345150623901,0,tid_915|tid_1533|tid_1901|tid_703|tid_2053|tid_1663|tid_668|tid_1554|tid_1780|tid_512|tid_1530|tid_2298|tid_1628|tid_2028|tid_2059
tid_77,17.261498850697055,17.261498850697055,0,tid_25|tid_66|tid_29|tid_51|tid_2281|tid_28|tid_1665|tid_418|tid_385|tid_75|tid_26|tid_362|tid_504|tid_57|tid_481
tid_770,13.310088821183296,13.310088821183296,0,tid_771|tid_753|tid_2305|tid_2212|tid_1357|tid_242|tid_537|tid_554|tid_752|tid_1189|tid_758|tid_717|tid_1654|tid_1651|tid_704
tid_771,12.927378137157675,12.927378137157676,1.7763568394002505e-15,tid_758|tid_1189|tid_770|tid_242|tid_235|tid_1654|tid_1625|tid_2305|tid_554|tid_2212|tid_2215|tid_444|tid_1192|tid_232|tid_1326
tid_773,10.784435475525189,10.784435475525187,1.7763568394002505e-15,tid_736|tid_1326|tid_1290|tid_281|tid_232|tid_279|tid_764|tid_771|tid_238|tid_235|tid_753|tid_774|tid_2025|tid_1268|tid_898
tid_774,11.721213495187666,11.721213495187666,0,tid_276|tid_1644|tid_1290|tid_1653|tid_1284|tid_2154|tid_898|tid_1287|tid_531|tid_2304|tid_1326|tid_2163|tid_528|tid_1664|tid_746
tid_775,16.832848741329354,16.832848741329354,0,tid_1176|tid_842|tid_785|tid_1186|tid_782|tid_1971|tid_1134|tid_777|tid_872|tid_21|tid_2190|tid_727|tid_666|tid_2358|tid_2399
tid_776,16.468016556245146,16.468016556245146,0,tid_794|tid_778|tid_2338|tid_784|tid_777|tid_1333|tid_75|tid_763|tid_509|tid_782|tid_57|tid_2279|tid_1169|tid_579|tid_789
tid_777,17.193579318102191,17.193579318102191,0,tid_782|tid_785|tid_872|tid_776|tid_860|tid_1632|tid_794|tid_727|tid_842|tid_1233|tid_1224|tid_1188|tid_25|tid_29|tid_2144
tid_778,16.957678090916438,16.957678090916438,0,tid_2338|tid_224|tid_776|tid_843|tid_229|tid_2279|tid_890|tid_2000|tid_763|tid_1974|tid_1236|tid_1188|tid_1231|tid_794|tid_1233
tid_779,15.867955795990053,15.867955795990053,0,tid_780|tid_784|tid_806|tid_594|tid_803|tid_790|tid_881|tid_885|tid_789|tid_1227|tid_1151|tid_802|tid_603|tid_1252|tid_1972
tid_78,13.602764583444515,13.602764583444516,1.7763568394002505e-15,tid_539|tid_32|tid_446|tid_550|tid_56|tid_74|tid_33|tid_435|tid_43|tid_1693|tid_61|tid_37|tid_367|tid_423|tid_2317
tid_780,17.921698065938465,17.921698065938465,0,tid_766|tid_754|tid_1995|tid_579|tid_779|tid_2008|tid_1333|tid_1151|tid_1235|tid_2012|tid_725|tid_748|tid_2034|tid_1972|tid_1985
tid_781,14.047241064126625,14.047241064126624,1.7763568394002505e-15,tid_237|tid_767|tid_1051|tid_2024|tid_885|tid_600|tid_805|tid_579|tid_1987|tid_2202|tid_2215|tid_603|tid_2199|tid_806|tid_780
tid_782,17.079959939573097,17.079959939573097,0,tid_777|tid_785|tid_872|tid_727|tid_1632|tid_666|tid_842|tid_776|tid_1176|tid_1224|tid_1186|tid_2144|tid_1134|tid_1188|tid_2275
tid_783,13.378844748973485,13.378844748973483,1.7763568394002505e-15,tid_804|tid_798|tid_802|tid_799|tid_792|tid_784|tid_1227|tid_1972|tid_779|tid_793|tid_874|tid_594|tid_2149|tid_738|tid_2300
tid_784,14.317381833049048,14.317381833049048,0,tid_794|tid_881|tid_779|tid_789|tid_754|tid_780|tid_776|tid_806|tid_790|tid_1197|tid_579|tid_803|tid_738|tid_588|tid_594
tid_785,16.001754736162876,16.001754736162876,0,tid_782|tid_872|tid_777|tid_1186|tid_1176|tid_842|tid_775|tid_727|tid_1632|tid_666|tid_860|tid_1134|tid_21|tid_1971|tid_29
tid_787,13.196321764537956,13.196321764537956,0,tid_795|tid_804|tid_594|tid_1276|tid_802|tid_803|tid_874|tid_2149|tid_1289|tid_870|tid_851|tid_791|tid_2017|tid_801|tid_792
tid_788,14.91489316973016,14.91489316973016,0,tid_601|tid_342|tid_1187|tid_2339|tid_55|tid_781|tid_1275|tid_2885|tid_2024|tid_1191|tid_2025|tid_459|tid_579|tid_321|tid_35
tid_789,16.980498124983988,16.980498124983988,0,tid_790|tid_881|tid_806|tid_784|tid_794|tid_1333|tid_579|tid_40|tid_1230|tid_1225|tid_2809|tid_2885|tid_779|tid_81|tid_509
tid_79,13.496910957635077,13.496910957635077,0,tid_60|tid_1175|tid_366|tid_59|tid_1178|tid_81|tid_71|tid_357|tid_498|tid_301|tid_53|tid_54|tid_2194|tid_1174|tid_421
tid_790,14.047241064126625,14.047241064126624,1.7763568394002505e-15,tid_806|tid_789|tid_594|tid_595|tid_593|tid_779|tid_784|tid_1249|tid_2017|tid_591|tid_805|tid_579|tid_600|tid_1246|tid_598
tid_791,15.385736371239567,15.385736371239568,1.7763568394002505e-15,tid_801|tid_708|tid_787|tid_870|tid_800|tid_792|tid_594|tid_804|tid_2343|tid_871|tid_803|tid_784|tid_796|tid_876|tid_877
tid_792,12.475804511556454,12.475804511556454,0,tid_804|tid_783|tid_799|tid_874|tid_886|tid_803|tid_849|tid_787|tid_795|tid_802|tid_588|tid_784|tid_801|tid_779|tid_873
tid_793,10.041056961054329,10.041056961054329,0,tid_798|tid_802|tid_874|tid_1289|tid_795|tid_424|tid_561|tid_783|tid_804|tid_1276|tid_2149|tid_787|tid_2163|tid_58|tid_65
tid_794,16.349919191706718,16.349919191706718,0,tid_776|tid_784|tid_789|tid_75|tid_2338|tid_881|tid_579|tid_1333|tid_763|tid_871|tid_509|tid_1197|tid_778|tid_2809|tid_51
tid_795,12.475804511556454,12.475804511556454,0,tid_874|tid_851|tid_2149|tid_807|tid_787|tid_797|tid_1185|tid_803|tid_2163|tid_1276|tid_849|tid_802|tid_2292|tid_870|tid_1326
tid_796,13.644653240702787,13.644653240702787,0,tid_800|tid_801|tid_791|tid_708|tid_442|tid_2343|tid_787|tid_594|tid_882|tid_852|tid_1662|tid_1289|tid_790|tid_2017|tid_876
tid_797,13.196321764537956,13.196321764537956,0,tid_805|tid_803|tid_885|tid_807|tid_851|tid_870|tid_795|tid_600|tid_588|tid_1960|tid_800|tid_874|tid_1185|tid_2341|tid_2215
tid_798,12.497031475493682,12.497031475493682,0,tid_783|tid_508|tid_2148|tid_793|tid_874|tid_799|tid_802|tid_1181|tid_1227|tid_738|tid_1972|tid_2149|tid_878|tid_881|tid_584
tid_799,12.497031475493682,12.497031475493682,0,tid_2148|tid_878|tid_886|tid_874|tid_588|tid_873|tid_798|tid_585|tid_783|tid_807|tid_792|tid_803|tid_849|tid_795|tid_1154
tid_8,19.103890203834737,19.103890203834737,0,tid_928|tid_388|tid_12|tid_379|tid_10|tid_2119|tid_371|tid_2063|tid_414|tid_927|tid_1726|tid_7|tid_6|tid_1447|tid_2312
tid_80,12.026201675135951,12.026201675135953,1.7763568394002505e-15,tid_62|tid_61|tid_484|tid_33|tid_37|tid_56|tid_438|tid_367|tid_74|tid_78|tid_48|tid_72|tid_82|tid_41|tid_491
tid_800,14.332135544667835,14.332135544667835,0,tid_805|tid_889|tid_797|tid_790|tid_870|tid_2343|tid_801|tid_787|tid_871|tid_2339|tid_803|tid_600|tid_594|tid_708|tid_791
tid_801,14.570021749815298,14.570021749815298,0,tid_791|tid_708|tid_2343|tid_803|tid_784|tid_787|tid_800|tid_870|tid_594|tid_871|tid_588|tid_792|tid_804|tid_889|tid_805
tid_802,11.337014637566845,11.337014637566844,1.7763568394002505e-15,tid_2149|tid_804|tid_594|tid_808|tid_783|tid_2163|tid_874|tid_2017|tid_738|tid_798|tid_1298|tid_552|tid_2159|tid_795|tid_561
tid_803,12.290305813836856,12.290305813836856,0,tid_797|tid_805|tid_885|tid_588|tid_886|tid_807|tid_795|tid_779|tid_1960|tid_874|tid_784|tid_870|tid_873|tid_799|tid_600
tid_804,12.285361529694816,12.285361529694816,0,tid_802|tid_792|tid_783|tid_787|tid_594|tid_690|tid_874|tid_1276|tid_552|tid_2149|tid_793|tid_1298|tid_795|tid_1649|tid_849
tid_805,13.196879632263748,13.196879632263748,0,tid_797|tid_803|tid_885|tid_806|tid_781|tid_1191|tid_600|tid_807|tid_800|tid_584|tid_588|tid_881|tid_889|tid_2215|tid_1960
tid_806,13.159212975096125,13.159212975096125,0,tid_881|tid_790|tid_603|tid_584|tid_1252|tid_591|tid_805|tid_738|tid_1191|tid_2885|tid_505|tid_779|tid_1249|tid_789|tid_744
tid_807,12.290305813836856,12.290305813836856,0,tid_588|tid_1185|tid_878|tid_795|tid_874|tid_886|tid_797|tid_873|tid_2148|tid_803|tid_851|tid_805|tid_885|tid_799|tid_2149
tid_808,13.29302129319645,13.29302129319645,0,tid_2159|tid_904|tid_2149|tid_2127|tid_802|tid_1358|tid_898|tid_1357|tid_1244|tid_2037|tid_1356|tid_1298|tid_717|tid_704|tid_1292
tid_809,17.089881014326846,17.089881014326846,0,tid_812|tid_2455|tid_2887|tid_1874|tid_2446|tid_2452|tid_1007|tid_2401|tid_1620|tid_2451|tid_2402|tid_2407|tid_2367|tid_2453|tid_2428
tid_81,16.742046710036629,16.742046710036629,0,tid_357|tid_2809|tid_421|tid_42|tid_2885|tid_1652|tid_498|tid_1175|tid_71|tid_40|tid_79|tid_380|tid_1995|tid_51|tid_75
tid_810,17.45817613371614,17.45817613371614,0,tid_821|tid_827|tid_2076|tid_1011|tid_822|tid_1760|tid_826|tid_823|tid_825|tid_815|tid_832|tid_1018|tid_2075|tid_2074|tid_836
tid_811,19.280863992562104,19.280863992562104,0,tid_830|tid_351|tid_819|tid_2881|tid_1|tid_813|tid_841|tid_4|tid_2|tid_3009|tid_820|tid_2074|tid_1758|tid_927|tid_506
tid_812,17.720624824832832,17.720624824832832,0,tid_2876|tid_824|tid_809|tid_819|tid_2881|tid_1|tid_1620|tid_2646|tid_2446|tid_1007|tid_2887|tid_2445|tid_841|tid_813|tid_2411
tid_813,18.676112826759848,18.676112826759848,0,tid_1|tid_819|tid_351|tid_811|tid_841|tid_818|tid_3009|tid_2647|tid_2169|tid_830|tid_506|tid_812|tid_2876|tid_1480|tid_2881
tid_814,17.156945010508817,17.156945010508817,0,tid_832|tid_1934|tid_1880|tid_1920|tid_815|tid_1553|tid_826|tid_298|tid_833|tid_1528|tid_827|tid_1752|tid_1927|tid_1944|tid_821
tid_815,17.487081353963461,17.487081353963461,0,tid_821|tid_826|tid_832|tid_1934|tid_810|tid_1706|tid_1752|tid_1021|tid_814|tid_2076|tid_1944|tid_822|tid_1012|tid_831|tid_1740
tid_817,13.744577203137887,13.744577203137888,1.7763568394002505e-15,tid_1937|tid_1671|tid_2328|tid_1020|tid_1705|tid_1549|tid_3|tid_2122|tid_2327|tid_1015|tid_1163|tid_2189|tid_1206|tid_1710|tid_1688
tid_818,19.365906486902219,19.365906486902215,3.5527136788005009e-15,tid_1212|tid_2647|tid_2188|tid_1563|tid_2124|tid_2168|tid_813|tid_2169|tid_2074|tid_1039|tid_2173|tid_1009|tid_1553|tid_2167|tid_991
tid_819,18.869308280930362,18.869308280930358,3.5527136788005009e-15,tid_1|tid_841|tid_811|tid_3009|tid_1758|tid_2881|tid_918|tid_812|tid_813|tid_1952|tid_820|tid_1007|tid_830|tid_2887|tid_1410
tid_82,11.447681093637364,11.447681093637364,0,tid_62|tid_68|tid_438|tid_37|tid_33|tid_31|tid_80|tid_61|tid_484|tid_501|tid_48|tid_45|tid_56|tid_367|tid_41
tid_820,17.688567316295178,17.688567316295178,0,tid_1758|tid_3009|tid_578|tid_918|tid_1008|tid_506|tid_841|tid_1410|tid_1707|tid_1863|tid_676|tid_1525|tid_1560|tid_1010|tid_1952
tid_821,17.45817613371614,17.45817613371614,0,tid_826|tid_825|tid_810|tid_815|tid_827|tid_822|tid_2076|tid_823|tid_836|tid_832|tid_2075|tid_1011|tid_835|tid_1760|tid_828
tid_822,14.949463511178674,14.949463511178674,0,tid_827|tid_2075|tid_2076|tid_810|tid_828|tid_826|tid_1926|tid_1036|tid_821|tid_1032|tid_836|tid_2077|tid_1887|tid_815|tid_825
tid_823,16.509785963841118,16.509785963841118,0,tid_1011|tid_1760|tid_810|tid_1018|tid_1920|tid_821|tid_1927|tid_1010|tid_2074|tid_830|tid_826|tid_827|tid_1666|tid_840|tid_815
tid_824,17.070608165192859,17.070608165192859,0,tid_812|tid_2876|tid_809|tid_2600|tid_2371|tid_2446|tid_2445|tid_2412|tid_2431|tid_2409|tid_2447|tid_2428|tid_2398|tid_1439|tid_2881
tid_825,16.509785963841118,16.509785963841118,0,tid_821|tid_810|tid_826|tid_827|tid_822|tid_815|tid_1036|tid_2076|tid_835|tid_836|tid_2075|tid_828|tid_2173|tid_832|tid_1916
tid_826,15.481672294666971,15.481672294666971,0,tid_821|tid_815|tid_827|tid_822|tid_810|tid_836|tid_825|tid_2075|tid_832|tid_828|tid_2076|tid_835|tid_831|tid_1353|tid_1759
tid_827,15.910248155769624,15.910248155769624,0,tid_822|tid_2075|tid_836|tid_810|tid_826|tid_2076|tid_1036|tid_821|tid_1916|tid_1428|tid_828|tid_1926|tid_832|tid_835|tid_1018
tid_828,14.949463511178674,14.949463511178674,0,tid_1926|tid_1698|tid_2075|tid_1032|tid_2077|tid_1548|tid_1036|tid_822|tid_831|tid_2076|tid_1016|tid_1745|tid_1747|tid_1941|tid_2087
tid_829,13.953039168574687,13.953039168574689,1.7763568394002505e-15,tid_1744|tid_2090|tid_1940|tid_1949|tid_836|tid_1756|tid_293|tid_1753|tid_1541|tid_1559|tid_839|tid_1564|tid_2077|tid_828|tid_1759
tid_83,13.844073286072378,13.844073286072378,0,tid_51|tid_421|tid_61|tid_31|tid_71|tid_75|tid_62|tid_40|tid_81|tid_56|tid_41|tid_735|tid_357|tid_53|tid_60
tid_830,18.571783164973034,18.571783164973034,0,tid_811|tid_2074|tid_1010|tid_351|tid_1011|tid_506|tid_820|tid_4|tid_823|tid_819|tid_1920|tid_3009|tid_1760|tid_1863|tid_810
tid_831,13.847839380350591,13.847839380350592,1.7763568394002505e-15,tid_1944|tid_1941|tid_1747|tid_1035|tid_1916|tid_1756|tid_1702|tid_1041|tid_1745|tid_2072|tid_2087|tid_828|tid_2075|tid_1030|tid_1698
tid_832,15.481672294666971,15.481672294666971,0,tid_815|tid_1752|tid_1021|tid_1944|tid_831|tid_814|tid_1934|tid_1927|tid_1887|tid_1666|tid_1760|tid_833|tid_1706|tid_1880|tid_1740
tid_833,15.474955269973268,15.474955269973268,0,tid_1944|tid_1880|tid_1012|tid_1941|tid_2301|tid_1035|tid_298|tid_1550|tid_1568|tid_1934|tid_1939|tid_831|tid_1930|tid_308|tid_1706
tid_834,15.910248155769624,15.910248155769624,0,tid_185|tid_191|tid_198|tid_351|tid_4|tid_840|tid_169|tid_811|tid_830|tid_1031|tid_810|tid_825|tid_173|tid_2881|tid_1036
tid_835,15.910248155769624,15.910248155769624,0,tid_836|tid_827|tid_826|tid_821|tid_825|tid_1744|tid_810|tid_822|tid_1036|tid_829|tid_2075|tid_1428|tid_1738|tid_840|tid_1945
tid_836,14.82141496575602,14.82141496575602,0,tid_827|tid_835|tid_2075|tid_826|tid_1916|tid_1756|tid_1036|tid_822|tid_1428|tid_829|tid_1744|tid_1738|tid_1926|tid_1945|tid_828
tid_838,14.447931326870457,14.447931326870457,0,tid_1036|tid_2082|tid_1762|tid_1915|tid_1698|tid_828|tid_181|tid_1926|tid_1714|tid_1555|tid_2075|tid_1747|tid_1916|tid_1774|tid_1038
tid_839,13.207243460764584,13.207243460764584,0,tid_1759|tid_1931|tid_2090|tid_1756|tid_1917|tid_829|tid_2077|tid_289|tid_1564|tid_1940|tid_826|tid_1016|tid_1026|tid_1223|tid_2075
tid_840,14.138244716615468,14.138244716615468,0,tid_1018|tid_823|tid_810|tid_2262|tid_1760|tid_1353|tid_827|tid_1924|tid_1011|tid_1023|tid_1926|tid_2076|tid_835|tid_836|tid_2093
tid_841,18.368427681597499,18.368427681597495,3.5527136788005009e-15,tid_3009|tid_1758|tid_819|tid_2044|tid_1410|tid_1726|tid_918|tid_820|tid_1890|tid_2395|tid_1952|tid_1560|tid_2312|tid_506|tid_1877
tid_842,16.001754736162876,16.001754736162876,0,tid_775|tid_785|tid_1176|tid_782|tid_777|tid_872|tid_860|tid_1186|tid_608|tid_1971|tid_1134|tid_1632|tid_727|tid_666|tid_21
tid_843,14.690177801427563,14.690177801427565,1.7763568394002505e-15,tid_312|tid_778|tid_1957|tid_2338|tid_2221|tid_582|tid_224|tid_860|tid_1961|tid_890|tid_229|tid_777|tid_2621|tid_1231|tid_1233
tid_844,13.679966005768174,13.679966005768174,0,tid_236|tid_1184|tid_234|tid_856|tid_878|tid_883|tid_886|tid_873|tid_847|tid_2148|tid_330|tid_2225|tid_325|tid_327|tid_1672
tid_846,12.863345721185727,12.863345721185729,1.7763568394002505e-15,tid_2340|tid_847|tid_613|tid_237|tid_1072|tid_2040|tid_856|tid_1051|tid_230|tid_2341|tid_911|tid_2872|tid_1047|tid_1956|tid_781
tid_847,11.841620824407094,11.841620824407094,0,tid_856|tid_846|tid_613|tid_1962|tid_1960|tid_917|tid_325|tid_2341|tid_312|tid_2880|tid_1963|tid_1956|tid_844|tid_1969|tid_2249
tid_848,13.865036593938228,13.865036593938228,0,tid_318|tid_1152|tid_319|tid_335|tid_323|tid_2345|tid_854|tid_853|tid_332|tid_1970|tid_615|tid_340|tid_614|tid_616|tid_316
tid_849,11.337014637566845,11.337014637566844,1.7763568394002505e-15,tid_874|tid_795|tid_2163|tid_898|tid_851|tid_2149|tid_799|tid_803|tid_792|tid_1644|tid_885|tid_804|tid_802|tid_2154|tid_808
tid_851,12.285361529694816,12.285361529694816,0,tid_795|tid_870|tid_797|tid_807|tid_877|tid_874|tid_1326|tid_787|tid_849|tid_803|tid_774|tid_1185|tid_805|tid_2149|tid_588
tid_852,13.196321764537956,13.196321764537956,0,tid_877|tid_859|tid_708|tid_880|tid_2343|tid_907|tid_870|tid_851|tid_2342|tid_1954|tid_1966|tid_801|tid_787|tid_2339|tid_791
tid_853,12.558514554144228,12.558514554144228,0,tid_2250|tid_877|tid_1954|tid_799|tid_1152|tid_856|tid_886|tid_870|tid_888|tid_616|tid_875|tid_588|tid_2345|tid_851|tid_878
tid_854,13.38934066245432,13.38934066245432,0,tid_319|tid_318|tid_848|tid_852|tid_907|tid_859|tid_853|tid_1966|tid_880|tid_614|tid_877|tid_616|tid_1954|tid_332|tid_2343
tid_855,13.564672285917489,13.564672285917489,0,tid_1966|tid_1965|tid_336|tid_859|tid_340|tid_2342|tid_1959|tid_614|tid_319|tid_1967|tid_1954|tid_879|tid_852|tid_2339|tid_2341
tid_856,13.196879632263748,13.196879632263748,0,tid_847|tid_1960|tid_886|tid_844|tid_2341|tid_1962|tid_807|tid_803|tid_885|tid_588|tid_873|tid_878|tid_846|tid_797|tid_917
tid_857,12.399514768789643,12.399514768789643,0,tid_2244|tid_1431|tid_2250|tid_1152|tid_853|tid_844|tid_236|tid_718|tid_851|tid_856|tid_1277|tid_2148|tid_895|tid_226|tid_227
tid_859,10.858023211540901,10.8580232115409,1.7763568394002505e-15,tid_2342|tid_1966|tid_852|tid_880|tid_855|tid_319|tid_1954|tid_877|tid_1297|tid_708|tid_1965|tid_907|tid_1959|tid_870|tid_851
tid_860,15.004490127374837,15.004490127374837,0,tid_872|tid_777|tid_1957|tid_843|tid_782|tid_871|tid_785|tid_794|tid_876|tid_2338|tid_776|tid_842|tid_312|tid_1955|tid_612
tid_870,13.892975329246537,13.892975329246536,1.7763568394002505e-15,tid_851|tid_797|tid_803|tid_795|tid_787|tid_889|tid_588|tid_2339|tid_800|tid_805|tid_877|tid_708|tid_807|tid_2343|tid_801
tid_871,14.047241064126625,14.047241064126624,1.7763568394002505e-15,tid_889|tid_794|tid_876|tid_800|tid_790|tid_784|tid_860|tid_789|tid_801|tid_579|tid_600|tid_805|tid_776|tid_2343|tid_781
tid_872,16.957678090916438,16.957678090916438,0,tid_785|tid_777|tid_860|tid_782|tid_1186|tid_842|tid_430|tid_1176|tid_727|tid_666|tid_29|tid_1632|tid_1258|tid_1665|tid_1233
tid_873,13.196879632263748,13.196879632263748,0,tid_878|tid_886|tid_588|tid_2148|tid_807|tid_799|tid_885|tid_803|tid_883|tid_584|tid_1187|tid_874|tid_1197|tid_798|tid_1227
tid_874,12.290305813836856,12.290305813836856,0,tid_795|tid_2149|tid_2163|tid_807|tid_799|tid_849|tid_802|tid_798|tid_886|tid_2148|tid_803|tid_878|tid_1185|tid_851|tid_588
tid_875,14.449767519236168,14.449767519236168,0,tid_888|tid_582|tid_330|tid_917|tid_916|tid_1969|tid_325|tid_1962|tid_1958|tid_1968|tid_332|tid_616|tid_1957|tid_853|tid_844
tid_876,16.434563721405947,16.434563721405947,0,tid_871|tid_324|tid_580|tid_860|tid_794|tid_708|tid_2343|tid_801|tid_791|tid_889|tid_800|tid_882|tid_777|tid_62|tid_776
tid_877,12.285361529694816,12.285361529694816,0,tid_851|tid_852|tid_907|tid_870|tid_795|tid_787|tid_874|tid_793|tid_1954|tid_849|tid_708|tid_853|tid_807|tid_2343|tid_801
tid_878,13.196879632263748,13.196879632263748,0,tid_2148|tid_873|tid_886|tid_588|tid_799|tid_807|tid_874|tid_798|tid_585|tid_1184|tid_883|tid_803|tid_1185|tid_795|tid_844
tid_879,9.5042636136309699,9.5042636136309699,0,tid_317|tid_337|tid_336|tid_1966|tid_339|tid_314|tid_855|tid_340|tid_1959|tid_343|tid_320|tid_319|tid_2342|tid_859|tid_323
tid_880,13.564672285917489,13.564672285917489,0,tid_852|tid_882|tid_859|tid_708|tid_2342|tid_1966|tid_1662|tid_877|tid_319|tid_1267|tid_796|tid_1282|tid_791|tid_2343|tid_1959
tid_881,14.746734746734735,14.746734746734736,1.7763568394002505e-15,tid_584|tid_806|tid_784|tid_789|tid_754|tid_1197|tid_738|tid_1181|tid_1252|tid_1191|tid_579|tid_2885|tid_794|tid_805|tid_779
tid_882,15.077207202585541,15.077207202585541,0,tid_880|tid_1662|tid_791|tid_876|tid_708|tid_796|tid_801|tid_2343|tid_580|tid_852|tid_1282|tid_442|tid_62|tid_80|tid_324
tid_883,14.63142623096434,14.63142623096434,0,tid_1184|tid_873|tid_229|tid_878|tid_891|tid_1672|tid_234|tid_1187|tid_1974|tid_741|tid_2146|tid_844|tid_2148|tid_1260|tid_1673
tid_884,14.145926346769544,14.145926346769544,0,tid_720|tid_582|tid_875|tid_1970|tid_726|tid_853|tid_878|tid_2148|tid_2338|tid_588|tid_2250|tid_888|tid_886|tid_799|tid_1958
tid_885,13.368295216815863,13.368295216815865,1.7763568394002505e-15,tid_803|tid_603|tid_805|tid_781|tid_797|tid_767|tid_237|tid_2215|tid_243|tid_2030|tid_591|tid_220|tid_2149|tid_806|tid_807
tid_886,13.842378343640039,13.842378343640039,0,tid_878|tid_873|tid_588|tid_799|tid_807|tid_2148|tid_803|tid_874|tid_885|tid_856|tid_795|tid_792|tid_797|tid_805|tid_870
tid_888,13.679966005768174,13.679966005768174,0,tid_875|tid_917|tid_330|tid_325|tid_916|tid_856|tid_1962|tid_1969|tid_844|tid_582|tid_616|tid_847|tid_1968|tid_1963|tid_332
tid_889,13.842378343640039,13.842378343640039,0,tid_1969|tid_2339|tid_1956|tid_871|tid_805|tid_1960|tid_800|tid_2341|tid_1963|tid_870|tid_797|tid_2343|tid_1968|tid_803|tid_1957
tid_890,14.841207496352826,14.841207496352826,0,tid_224|tid_206|tid_2193|tid_1136|tid_2220|tid_2318|tid_2337|tid_1764|tid_2221|tid_2228|tid_2000|tid_896|tid_2621|tid_2226|tid_1231
tid_891,14.411301098331798,14.411301098331798,0,tid_2146|tid_234|tid_1990|tid_1110|tid_1981|tid_2001|tid_741|tid_1672|tid_211|tid_670|tid_2011|tid_1184|tid_2886|tid_1179|tid_1260
tid_892,16.616567431643436,16.616567431643436,0,tid_1993|tid_1981|tid_1231|tid_2005|tid_1407|tid_1990|tid_1999|tid_2010|tid_667|tid_2006|tid_229|tid_2011|tid_1136|tid_2320|tid_674
tid_895,13.592982880323468,13.592982880323468,0,tid_1997|tid_236|tid_1003|tid_1989|tid_1976|tid_2234|tid_909|tid_1676|tid_995|tid_1304|tid_223|tid_2051|tid_2158|tid_745|tid_2001
tid_896,14.659996325187507,14.659996325187509,1.7763568394002505e-15,tid_2243|tid_2220|tid_2217|tid_2222|tid_890|tid_1507|tid_1398|tid_2227|tid_2228|tid_2221|tid_2882|tid_2224|tid_2879|tid_1506|tid_1136
tid_897,14.349429856327166,14.349429856327166,0,tid_913|tid_1404|tid_911|tid_216|tid_2336|tid_1063|tid_214|tid_217|tid_905|tid_2027|tid_2211|tid_2019|tid_1612|tid_1168|tid_1401
tid_898,12.321679816203313,12.321679816203313,0,tid_2037|tid_2154|tid_904|tid_1664|tid_1644|tid_232|tid_2304|tid_1290|tid_1056|tid_2157|tid_2163|tid_774|tid_1646|tid_2015|tid_808
tid_899,15.636064854627186,15.636064854627186,0,tid_992|tid_3007|tid_1160|tid_1922|tid_1413|tid_1109|tid_1540|tid_2060|tid_1532|tid_1422|tid_511|tid_2034|tid_1021|tid_2333|tid_574
tid_9,15.846335651973419,15.846335651973421,1.7763568394002505e-15,tid_54|tid_372|tid_395|tid_59|tid_1148|tid_361|tid_515|tid_364|tid_1254|tid_4|tid_1754|tid_460|tid_1040|tid_63|tid_378
tid_900,11.835464501585902,11.835464501585902,0,tid_710|tid_1067|tid_901|tid_2205|tid_1585|tid_457|tid_1052|tid_1279|tid_1053|tid_1582|tid_1268|tid_232|tid_2023|tid_1766|tid_1208
tid_901,11.914159329446639,11.91415932944664,1.7763568394002505e-15,tid_1782|tid_1766|tid_900|tid_2039|tid_1596|tid_2205|tid_1004|tid_2023|tid_1308|tid_1535|tid_1067|tid_2015|tid_1581|tid_710|tid_1769
tid_902,12.659433017613541,12.659433017613541,0,tid_1057|tid_908|tid_1072|tid_230|tid_1047|tid_2151|tid_1164|tid_1143|tid_241|tid_214|tid_1068|tid_1066|tid_216|tid_221|tid_911
tid_903,13.601925911087577,13.601925911087577,0,tid_1063|tid_2334|tid_739|tid_2886|tid_905|tid_2278|tid_1975|tid_1111|tid_2336|tid_1988|tid_211|tid_1285|tid_216|tid_1996|tid_1624
tid_904,12.57584310866735,12.57584310866735,0,tid_1244|tid_747|tid_1646|tid_898|tid_2015|tid_1268|tid_1279|tid_1292|tid_1596|tid_2157|tid_1766|tid_235|tid_2037|tid_1356|tid_1261
tid_905,13.601925911087577,13.601925911087577,0,tid_1404|tid_1063|tid_903|tid_739|tid_1232|tid_220|tid_2336|tid_216|tid_911|tid_1161|tid_1158|tid_1612|tid_2334|tid_2041|tid_2039
tid_907,11.084553725883772,11.084553725883772,0,tid_877|tid_852|tid_793|tid_851|tid_542|tid_795|tid_2022|tid_859|tid_874|tid_853|tid_1276|tid_1954|tid_849|tid_787|tid_870
tid_908,12.571048365976068,12.571048365976068,0,tid_241|tid_1143|tid_231|tid_1072|tid_1066|tid_240|tid_221|tid_219|tid_1047|tid_216|tid_902|tid_214|tid_2151|tid_911|tid_697
tid_909,11.95925614428559,11.95925614428559,0,tid_745|tid_1056|tid_231|tid_1146|tid_1285|tid_2015|tid_240|tid_1989|tid_2158|tid_219|tid_1304|tid_223|tid_1066|tid_1154|tid_694
tid_911,12.659433017613541,12.659433017613541,0,tid_216|tid_897|tid_913|tid_905|tid_231|tid_1063|tid_1047|tid_1072|tid_214|tid_219|tid_1066|tid_2039|tid_240|tid_220|tid_1404
tid_912,16.111058510287268,16.111058510287268,0,tid_2231|tid_2224|tid_2235|tid_2040|tid_1250|tid_218|tid_2230|tid_2232|tid_1141|tid_333|tid_1905|tid_222|tid_1165|tid_2237|tid_1393
tid_913,14.940993014436344,14.940993014436344,0,tid_216|tid_897|tid_1308|tid_1612|tid_1404|tid_219|tid_911|tid_2027|tid_451|tid_1788|tid_215|tid_1063|tid_1221|tid_1168|tid_214
tid_914,13.392750376671113,13.392750376671112,1.7763568394002505e-15,tid_1281|tid_1119|tid_2134|tid_1588|tid_1123|tid_1132|tid_1329|tid_1133|tid_745|tid_2128|tid_1770|tid_239|tid_1146|tid_219|tid_2325
tid_915,14.482818255711383,14.482818255711384,1.7763568394002505e-15,tid_668|tid_769|tid_1554|tid_1780|tid_2053|tid_2059|tid_1901|tid_1529|tid_1004|tid_703|tid_1530|tid_2322|tid_2042|tid_2028|tid_512
tid_916,14.145926346769544,14.145926346769544,0,tid_330|tid_678|tid_325|tid_1430|tid_917|tid_1961|tid_2880|tid_312|tid_843|tid_582|tid_888|tid_2222|tid_1962|tid_875|tid_1958
tid_917,14.145926346769544,14.145926346769544,0,tid_325|tid_330|tid_888|tid_847|tid_856|tid_916|tid_1962|tid_844|tid_2348|tid_875|tid_327|tid_846|tid_613|tid_2880|tid_2872
tid_918,18.034320915224413,18.034320915224413,0,tid_1758|tid_1952|tid_1007|tid_1410|tid_1008|tid_2887|tid_373|tid_2251|tid_820|tid_1707|tid_841|tid_1598|tid_2210|tid_3009|tid_2044
tid_920,15.230501855647249,15.230501855647248,1.7763568394002505e-15,tid_1207|tid_1846|tid_1422|tid_1427|tid_1618|tid_1209|tid_1025|tid_1429|tid_1922|tid_1021|tid_1019|tid_1037|tid_1414|tid_2113|tid_1710
tid_922,14.013559590833413,14.013559590833411,1.7763568394002505e-15,tid_1896|tid_1033|tid_1907|tid_1891|tid_2067|tid_1942|tid_926|tid_305|tid_1616|tid_555|tid_706|tid_2080|tid_1415|tid_1421|tid_1014
tid_923,12.931765747232893,12.931765747232893,0,tid_1712|tid_1868|tid_1728|tid_1108|tid_2052|tid_1951|tid_2267|tid_1853|tid_1715|tid_1889|tid_1329|tid_1711|tid_1873|tid_1773|tid_1034
tid_924,15.421416091188945,15.421416091188943,1.7763568394002505e-15,tid_2050|tid_377|tid_925|tid_1942|tid_922|tid_926|tid_1896|tid_1907|tid_544|tid_521|tid_1910|tid_1616|tid_1322|tid_1421|tid_523
tid_925,14.378337478909732,14.378337478909732,0,tid_2050|tid_1910|tid_392|tid_924|tid_1425|tid_377|tid_1717|tid_2139|tid_2081|tid_2129|tid_570|tid_1712|tid_562|tid_1015|tid_1610
tid_926,12.190438163686323,12.190438163686323,0,tid_1891|tid_1548|tid_1896|tid_1942|tid_1698|tid_1642|tid_1928|tid_2087|tid_2056|tid_1420|tid_922|tid_1038|tid_1722|tid_305|tid_2067
tid_927,18.368427681597499,18.368427681597495,3.5527136788005009e-15,tid_928|tid_388|tid_1411|tid_3009|tid_1315|tid_820|tid_278|tid_578|tid_1863|tid_1881|tid_841|tid_1758|tid_510|tid_10|tid_1726
tid_928,20.880521074847792,20.880521074847792,0,tid_388|tid_379|tid_10|tid_927|tid_8|tid_12|tid_2312|tid_2063|tid_2119|tid_1726|tid_841|tid_3009|tid_507|tid_1758|tid_278
tid_929,12.965925086375529,12.965925086375528,1.7763568394002505e-15,tid_1924|tid_2093|tid_188|tid_2262|tid_1893|tid_2072|tid_1927|tid_294|tid_1666|tid_2258|tid_1353|tid_1929|tid_1014|tid_305|tid_1887
tid_930,13.282222184341075,13.282222184341077,1.7763568394002505e-15,tid_1942|tid_1024|tid_1617|tid_1038|tid_1854|tid_1774|tid_1784|tid_922|tid_2196|tid_1928|tid_926|tid_1714|tid_1860|tid_1896|tid_1204
tid_986,17.688567316295178,17.688567316295178,0,tid_1410|tid_1560|tid_2101|tid_2044|tid_1198|tid_2210|tid_2164|tid_1107|tid_1527|tid_676|tid_1598|tid_1008|tid_1707|tid_1764|tid_1525
tid_987,15.92269477322068,15.92269477322068,0,tid_1592|tid_1709|tid_1879|tid_303|tid_1899|tid_2310|tid_998|tid_2062|tid_2009|tid_1179|tid_670|tid_2186|tid_1211|tid_2311|tid_2288
tid_988,18.00122700780511,18.00122700780511,0,tid_1877|tid_1107|tid_2318|tid_1986|tid_2282|tid_2044|tid_1764|tid_2320|tid_1527|tid_2169|tid_1303|tid_2004|tid_1707|tid_679|tid_2164
tid_989,18.532551026777355,18.532551026777355,0,tid_3005|tid_1765|tid_1009|tid_1525|tid_1226|tid_1668|tid_676|tid_1599|tid_2252|tid_1980|tid_1411|tid_1577|tid_1540|tid_1303|tid_1138
tid_991,17.983581168556185,17.983581168556185,0,tid_1526|tid_1540|tid_2619|tid_1212|tid_2169|tid_1980|tid_1876|tid_1577|tid_1009|tid_1563|tid_2188|tid_1875|tid_989|tid_1001|tid_1765
tid_992,15.636064854627186,15.636064854627186,0,tid_899|tid_2060|tid_511|tid_1160|tid_2333|tid_677|tid_1922|tid_1109|tid_2034|tid_1413|tid_1422|tid_1604|tid_574|tid_2311|tid_1158
tid_993,13.535461361283563,13.535461361283565,1.7763568394002505e-15,tid_1627|tid_1310|tid_2322|tid_1587|tid_1004|tid_715|tid_2618|tid_449|tid_2327|tid_1535|tid_723|tid_694|tid_1903|tid_1308|tid_1770
tid_994,13.995907181000277,13.995907181000277,0,tid_1121|tid_1129|tid_2329|tid_1123|tid_914|tid_1119|tid_1003|tid_1127|tid_1128|tid_2145|tid_2134|tid_1588|tid_2031|tid_1120|tid_1132
tid_995,15.118383350927456,15.118383350927456,0,tid_1006|tid_734|tid_1304|tid_1989|tid_2325|tid_1529|tid_2035|tid_2051|tid_2158|tid_1583|tid_2278|tid_1997|tid_1595|tid_2330|tid_2070
tid_996,18.653195028616977,18.653195028616977,0,tid_2883|tid_2619|tid_2177|tid_2047|tid_1504|tid_2108|tid_1001|tid_2813|tid_1478|tid_1005|tid_1394|tid_1449|tid_689|tid_2048|tid_1578
tid_998,14.736615796227049,14.736615796227047,1.7763568394002505e-15,tid_2009|tid_1709|tid_1988|tid_2045|tid_987|tid_2070|tid_2001|tid_2165|tid_1578|tid_1975|tid_669|tid_1996|tid_2186|tid_1879|tid_2062
tid_999,13.392750376671113,13.392750376671112,1.7763568394002505e-15,tid_538|tid_1947|tid_1715|tid_2035|tid_1529|tid_1108|tid_2315|tid_2330|tid_1536|tid_2276|tid_734|tid_2325|tid_1780|tid_2326|tid_751
