entity_id,production_type,seed_61001,seed_61002,seed_61003,seed_61004,seed_61005,seed_61006,seed_61007,seed_61008,seed_61009,seed_61010,seed_61011,seed_61012,seed_61013,seed_61014,seed_61015,seed_61016,seed_61017,seed_61018,seed_61019,seed_61020
tid_1,1,1,1,1,1,1,1,1,1,1,1,1,1,1,1,1,1,1,1,1,1
tid_10,1,1,1,1,1,1,1,1,1,1,1,1,1,1,1,1,1,1,1,1,1
tid_1001,1,1,1,1,1,1,1,1,1,1,1,1,1,1,1,1,1,1,1,1,1
tid_1002,2,2,2,2,2,2,2,2,2,2,2,2,2,2,2,2,2,2,2,2,2
tid_1003,2,2,2,2,2,2,2,2,2,2,2,2,2,2,2,2,2,2,2,2,2
tid_1004,2,2,2,2,2,2,2,2,2,2,2,2,2,2,2,2,2,2,2,2,2
tid_1005,1,1,1,1,1,1,1,1,1,1,1,1,1,1,1,1,1,1,1,1,1
tid_1006,2,2,2,2,2,2,2,2,2,2,2,2,2,2,2,2,2,2,2,2,2
tid_1007,0,0,0,0,0,0,0,0,0,0,0,0,0,0,0,0,0,0,0,0,0
tid_1008,1,1,1,1,1,1,1,1,1,1,1,1,1,1,1,1,1,1,1,1,1
tid_1009,1,1,1,1,1,1,1,1,1,1,1,1,1,1,1,1,1,1,1,1,1
tid_1010,1,1,1,1,1,1,1,1,1,1,1,1,1,1,1,1,1,1,1,1,1
tid_1011,1,1,1,1,1,1,1,1,1,1,1,1,1,1,1,1,1,1,1,1,1
tid_1012,2,2,2,2,2,2,2,2,2,2,2,2,2,2,2,2,2,2,2,2,2
tid_1013,2,2,2,2,2,2,2,2,2,2,2,2,2,2,2,2,2,2,2,2,2
tid_1014,2,2,2,2,2,2,2,2,2,2,2,2,2,2,2,2,2,2,2,2,2
tid_1015,2,2,2,2,2,2,2,2,2,2,2,2,2,2,2,2,2,2,2,2,2
tid_1016,2,2,2,2,2,2,2,2,2,2,2,2,2,2,2,2,2,2,2,2,2
tid_1017,2,2,2,2,2,2,2,2,2,2,2,2,2,2,2,2,2,2,2,2,2
tid_1018,2,2,2,2,2,2,2,2,2,2,2,2,2,2,2,2,2,2,2,2,2
tid_1019,2,2,2,2,2,2,2,2,2,2,2,2,2,2,2,2,2,2,2,2,2
tid_1020,2,2,2,2,2,2,2,2,2,2,2,2,2,2,2,2,2,2,2,2,2
tid_1021,1,1,1,1,1,1,1,1,1,1,1,1,1,1,1,1,1,1,1,1,1
tid_1023,2,2,2,2,2,2,2,2,2,2,2,2,2,2,2,2,2,2,2,2,2
tid_1024,2,2,2,2,2,2,2,2,2,2,2,2,2,2,2,2,2,2,2,2,2
tid_1025,2,2,2,2,2,2,2,2,2,2,2,2,2,2,2,2,2,2,2,2,2
tid_1026,2,2,2,2,2,2,2,2,2,2,2,2,2,2,2,2,2,2,2,2,2
tid_1027,2,2,2,2,2,2,2,2,2,2,2,2,2,2,2,2,2,2,2,2,2
tid_1028,2,2,2,2,2,2,2,2,2,2,2,2,2,2,2,2,2,2,2,2,2
tid_1029,2,2,2,2,2,2,2,2,2,2,2,2,2,2,2,2,2,2,2,2,2
tid_1030,2,2,2,2,2,2,2,2,2,2,2,2,2,2,2,2,2,2,2,2,2
tid_1031,2,2,2,2,2,2,2,2,2,2,2,2,2,2,2,2,2,2,2,2,2
tid_1032,2,2,2,2,2,2,2,2,2,2,2,2,2,2,2,2,2,2,2,2,2
tid_1033,2,2,2,2,2,2,2,2,2,2,2,2,2,2,2,2,2,2,2,2,2
tid_1034,2,2,2,2,2,2,2,2,2,2,2,2,2,2,2,2,2,2,2,2,2
tid_1035,2,2,2,2,2,2,2,2,2,2,2,2,2,2,2,2,2,2,2,2,2
tid_1036,2,2,2,2,2,2,2,2,2,2,2,2,2,2,2,2,2,2,2,2,2
tid_1037,2,2,2,2,2,2,2,2,2,2,2,2,2,2,2,2,2,2,2,2,2
tid_1038,2,2,2,2,2,2,2,2,2,2,2,2,2,2,2,2,2,2,2,2,2
tid_1039,1,1,1,1,1,1,1,1,1,1,1,1,1,1,1,1,1,1,1,1,1
tid_1040,2,2,2,2,2,2,2,2,2,2,2,2,2,2,2,2,2,2,2,2,2
tid_1041,2,2,2,2,2,2,2,2,2,2,2,2,2,2,2,2,2,2,2,2,2
tid_1044,2,2,2,2,2,2,2,2,2,2,2,2,2,2,2,2,2,2,2,2,2
tid_1047,2,2,2,2,2,2,2,2,2,2,2,2,2,2,2,2,2,2,2,2,2
tid_1048,2,2,2,2,2,2,2,2,2,2,2,2,2,2,2,2,2,2,2,2,2
tid_1049,1,1,1,1,1,1,1,1,1,1,1,1,1,1,1,1,1,1,1,1,1
tid_1051,1,1,1,1,1,1,1,1,1,1,1,1,1,1,1,1,1,1,1,1,1
tid_1052,2,2,2,2,2,2,2,2,2,2,2,2,2,2,2,2,2,2,2,2,2
tid_1053,2,2,2,2,2,2,2,2,2,2,2,2,2,2,2,2,2,2,2,2,2
tid_1054,1,1,1,1,1,1,1,1,1,1,1,1,1,1,1,1,1,1,1,1,1
tid_1055,2,2,2,2,2,2,2,2,2,2,2,2,2,2,2,2,2,2,2,2,2
tid_1056,2,2,2,2,2,2,2,2,2,2,2,2,2,2,2,2,2,2,2,2,2
tid_1057,2,2,2,2,2,2,2,2,2,2,2,2,2,2,2,2,2,2,2,2,2
tid_1058,2,2,2,2,2,2,2,2,2,2,2,2,2,2,2,2,2,2,2,2,2
tid_1059,2,2,2,2,2,2,2,2,2,2,2,2,2,2,2,2,2,2,2,2,2
tid_1060,2,2,2,2,2,2,2,2,2,2,2,2,2,2,2,2,2,2,2,2,2
tid_1061,2,2,2,2,2,2,2,2,2,2,2,2,2,2,2,2,2,2,2,2,2
tid_1062,2,2,2,2,2,2,2,2,2,2,2,2,2,2,2,2,2,2,2,2,2
tid_1063,2,2,2,2,2,2,2,2,2,2,2,2,2,2,2,2,2,2,2,2,2
tid_1064,2,2,2,2,2,2,2,2,2,2,2,2,2,2,2,2,2,2,2,2,2
tid_1065,2,2,2,2,2,2,2,2,2,2,2,2,2,2,2,2,2,2,2,2,2
tid_1066,2,2,2,2,2,2,2,2,2,2,2,2,2,2,2,2,2,2,2,2,2
tid_1067,2,2,2,2,2,2,2,2,2,2,2,2,2,2,2,2,2,2,2,2,2
tid_1068,2,2,2,2,2,2,2,2,2,2,2,2,2,2,2,2,2,2,2,2,2
tid_1069,2,2,2,2,2,2,2,2,2,2,2,2,2,2,2,2,2,2,2,2,2
tid_1070,1,1,1,1,1,1,1,1,1,1,1,1,1,1,1,1,1,1,1,1,1
tid_1071,1,1,1,1,1,1,1,1,1,1,1,1,1,1,1,1,1,1,1,1,1
tid_1072,2,2,2,2,2,2,2,2,2,2,2,2,2,2,2,2,2,2,2,2,2
tid_11,1,1,1,1,1,1,1,1,1,1,1,1,1,1,1,1,1,1,1,1,1
tid_1107,1,1,1,1,1,1,1,1,1,1,1,1,1,1,1,1,1,1,1,1,1
tid_1108,2,2,2,2,2,2,2,2,2,2,2,2,2,2,2,2,2,2,2,2,2
tid_1109,1,1,1,1,1,1,1,1,1,1,1,1,1,1,1,1,1,1,1,1,1
tid_1110,1,1,1,1,1,1,1,1,1,1,1,1,1,1,1,1,1,1,1,1,1
tid_1111,2,2,2,2,2,2,2,2,2,2,2,2,2,2,2,2,2,2,2,2,2
tid_1112,1,1,1,1,1,1,1,1,1,1,1,1,1,1,1,1,1,1,1,1,1
tid_1113,2,2,2,2,2,2,2,2,2,2,2,2,2,2,2,2,2,2,2,2,2
tid_1115,2,2,2,2,2,2,2,2,2,2,2,2,2,2,2,2,2,2,2,2,2
tid_1116,2,2,2,2,2,2,2,2,2,2,2,2,2,2,2,2,2,2,2,2,2
tid_1117,1,1,1,1,1,1,1,1,1,1,1,1,1,1,1,1,1,1,1,1,1
tid_1118,2,2,2,2,2,2,2,2,2,2,2,2,2,2,2,2,2,2,2,2,2
tid_1119,2,2,2,2,2,2,2,2,2,2,2,2,2,2,2,2,2,2,2,2,2
tid_1120,2,2,2,2,2,2,2,2,2,2,2,2,2,2,2,2,2,2,2,2,2
tid_1121,2,2,2,2,2,2,2,2,2,2,2,2,2,2,2,2,2,2,2,2,2
tid_1122,2,2,2,2,2,2,2,2,2,2,2,2,2,2,2,2,2,2,2,2,2
tid_1123,2,2,2,2,2,2,2,2,2,2,2,2,2,2,2,2,2,2,2,2,2
tid_1124,2,2,2,2,2,2,2,2,2,2,2,2,2,2,2,2,2,2,2,2,2
tid_1125,2,2,2,2,2,2,2,2,2,2,2,2,2,2,2,2,2,2,2,2,2
tid_1126,2,2,2,2,2,2,2,2,2,2,2,2,2,2,2,2,2,2,2,2,2
tid_1127,2,2,2,2,2,2,2,2,2,2,2,2,2,2,2,2,2,2,2,2,2
tid_1128,2,2,2,2,2,2,2,2,2,2,2,2,2,2,2,2,2,2,2,2,2
tid_1129,2,2,2,2,2,2,2,2,2,2,2,2,2,2,2,2,2,2,2,2,2
tid_1130,2,2,2,2,2,2,2,2,2,2,2,2,2,2,2,2,2,2,2,2,2
tid_1131,1,1,1,1,1,1,1,1,1,1,1,1,1,1,1,1,1,1,1,1,1
tid_1132,2,2,2,2,2,2,2,2,2,2,2,2,2,2,2,2,2,2,2,2,2
tid_1133,2,2,2,2,2,2,2,2,2,2,2,2,2,2,2,2,2,2,2,2,2
tid_1134,0,0,0,0,0,0,0,0,0,0,0,0,0,0,0,0,0,0,0,0,0
tid_1135,1,1,1,1,1,1,1,1,1,1,1,1,1,1,1,1,1,1,1,1,1
tid_1136,1,1,1,1,1,1,1,1,1,1,1,1,1,1,1,1,1,1,1,1,1
tid_1137,1,1,1,1,1,1,1,1,1,1,1,1,1,1,1,1,1,1,1,1,1
tid_1138,1,1,1,1,1,1,1,1,1,1,1,1,1,1,1,1,1,1,1,1,1
tid_1139,1,1,1,1,1,1,1,1,1,1,1,1,1,1,1,1,1,1,1,1,1
tid_1140,1,1,1,1,1,1,1,1,1,1,1,1,1,1,1,1,1,1,1,1,1
tid_1141,1,1,1,1,1,1,1,1,1,1,1,1,1,1,1,1,1,1,1,1,1
tid_1142,1,1,1,1,1,1,1,1,1,1,1,1,1,1,1,1,1,1,1,1,1
tid_1143,2,2,2,2,2,2,2,2,2,2,2,2,2,2,2,2,2,2,2,2,2
tid_1144,2,2,2,2,2,2,2,2,2,2,2,2,2,2,2,2,2,2,2,2,2
tid_1146,2,2,2,2,2,2,2,2,2,2,2,2,2,2,2,2,2,2,2,2,2
tid_1147,1,1,1,1,1,1,1,1,1,1,1,1,1,1,1,1,1,1,1,1,1
tid_1148,1,1,1,1,1,1,1,1,1,1,1,1,1,1,1,1,1,1,1,1,1
tid_1149,1,1,1,1,1,1,1,1,1,1,1,1,1,1,1,1,1,1,1,1,1
tid_1150,0,0,0,0,0,0,0,0,0,0,0,0,0,0,0,0,0,0,0,0,0
tid_1151,1,1,1,1,1,1,1,1,1,1,1,1,1,1,1,1,1,1,1,1,1
tid_1152,3,3,3,3,3,3,3,3,3,3,3,3,3,3,3,3,3,3,3,3,3
tid_1153,1,1,1,1,1,1,1,1,1,1,1,1,1,1,1,1,1,1,1,1,1
tid_1154,2,2,2,2,2,2,2,2,2,2,2,2,2,2,2,2,2,2,2,2,2
tid_1155,1,1,1,1,1,1,1,1,1,1,1,1,1,1,1,1,1,1,1,1,1
tid_1157,2,2,2,2,2,2,2,2,2,2,2,2,2,2,2,2,2,2,2,2,2
tid_1158,2,2,2,2,2,2,2,2,2,2,2,2,2,2,2,2,2,2,2,2,2
tid_1159,1,1,1,1,1,1,1,1,1,1,1,1,1,1,1,1,1,1,1,1,1
tid_1160,1,1,1,1,1,1,1,1,1,1,1,1,1,1,1,1,1,1,1,1,1
tid_1161,1,1,1,1,1,1,1,1,1,1,1,1,1,1,1,1,1,1,1,1,1
tid_1163,1,1,1,1,1,1,1,1,1,1,1,1,1,1,1,1,1,1,1,1,1
tid_1164,2,2,2,2,2,2,2,2,2,2,2,2,2,2,2,2,2,2,2,2,2
tid_1165,1,1,1,1,1,1,1,1,1,1,1,1,1,1,1,1,1,1,1,1,1
tid_1166,2,2,2,2,2,2,2,2,2,2,2,2,2,2,2,2,2,2,2,2,2
tid_1167,2,2,2,2,2,2,2,2,2,2,2,2,2,2,2,2,2,2,2,2,2
tid_1168,2,2,2,2,2,2,2,2,2,2,2,2,2,2,2,2,2,2,2,2,2
tid_1169,1,1,1,1,1,1,1,1,1,1,1,1,1,1,1,1,1,1,1,1,1
tid_1170,1,1,1,1,1,1,1,1,1,1,1,1,1,1,1,1,1,1,1,1,1
tid_1171,1,1,1,1,1,1,1,1,1,1,1,1,1,1,1,1,1,1,1,1,1
tid_1172,1,1,1,1,1,1,1,1,1,1,1,1,1,1,1,1,1,1,1,1,1
tid_1173,1,1,1,1,1,1,1,1,1,1,1,1,1,1,1,1,1,1,1,1,1
tid_1174,1,1,1,1,1,1,1,1,1,1,1,1,1,1,1,1,1,1,1,1,1
tid_1175,1,1,1,1,1,1,1,1,1,1,1,1,1,1,1,1,1,1,1,1,1
tid_1176,0,0,0,0,0,0,0,0,0,0,0,0,0,0,0,0,0,0,0,0,0
tid_1178,1,1,1,1,1,1,1,1,1,1,1,1,1,1,1,1,1,1,1,1,1
tid_1179,1,1,1,1,1,1,1,1,1,1,1,1,1,1,1,1,1,1,1,1,1
tid_1180,2,2,2,2,2,2,2,2,2,2,2,2,2,2,2,2,2,2,2,2,2
tid_1181,1,1,1,1,1,1,1,1,1,1,1,1,1,1,1,1,1,1,1,1,1
tid_1184,1,1,1,1,1,1,1,1,1,1,1,1,1,1,1,1,1,1,1,1,1
tid_1185,1,1,1,1,1,1,1,1,1,1,1,1,1,1,1,1,1,1,1,1,1
tid_1186,0,0,0,0,0,0,0,0,0,0,0,0,0,0,0,0,0,0,0,0,0
tid_1187,1,1,1,1,1,1,1,1,1,1,1,1,1,1,1,1,1,1,1,1,1
tid_1188,0,0,0,0,0,0,0,0,0,0,0,0,0,0,0,0,0,0,0,0,0
tid_1189,2,2,2,2,2,2,2,2,2,2,2,2,2,2,2,2,2,2,2,2,2
tid_1190,0,0,0,0,0,0,0,0,0,0,0,0,0,0,0,0,0,0,0,0,0
tid_1191,1,1,1,1,1,1,1,1,1,1,1,1,1,1,1,1,1,1,1,1,1
tid_1192,1,1,1,1,1,1,1,1,1,1,1,1,1,1,1,1,1,1,1,1,1
tid_1193,1,1,1,1,1,1,1,1,1,1,1,1,1,1,1,1,1,1,1,1,1
tid_1194,1,1,1,1,1,1,1,1,1,1,1,1,1,1,1,1,1,1,1,1,1
tid_1195,2,2,2,2,2,2,2,2,2,2,2,2,2,2,2,2,2,2,2,2,2
tid_1196,1,1,1,1,1,1,1,1,1,1,1,1,1,1,1,1,1,1,1,1,1
tid_1197,1,1,1,1,1,1,1,1,1,1,1,1,1,1,1,1,1,1,1,1,1
tid_1198,0,0,0,0,0,0,0,0,0,0,0,0,0,0,0,0,0,0,0,0,0
tid_12,1,1,1,1,1,1,1,1,1,1,1,1,1,1,1,1,1,1,1,1,1
tid_1200,2,2,2,2,2,2,2,2,2,2,2,2,2,2,2,2,2,2,2,2,2
tid_1201,2,2,2,2,2,2,2,2,2,2,2,2,2,2,2,2,2,2,2,2,2
tid_1203,2,2,2,2,2,2,2,2,2,2,2,2,2,2,2,2,2,2,2,2,2
tid_1204,2,2,2,2,2,2,2,2,2,2,2,2,2,2,2,2,2,2,2,2,2
tid_1205,2,2,2,2,2,2,2,2,2,2,2,2,2,2,2,2,2,2,2,2,2
tid_1206,2,2,2,2,2,2,2,2,2,2,2,2,2,2,2,2,2,2,2,2,2
tid_1207,2,2,2,2,2,2,2,2,2,2,2,2,2,2,2,2,2,2,2,2,2
tid_1208,2,2,2,2,2,2,2,2,2,2,2,2,2,2,2,2,2,2,2,2,2
tid_1209,2,2,2,2,2,2,2,2,2,2,2,2,2,2,2,2,2,2,2,2,2
tid_1210,2,2,2,2,2,2,2,2,2,2,2,2,2,2,2,2,2,2,2,2,2
tid_1211,2,2,2,2,2,2,2,2,2,2,2,2,2,2,2,2,2,2,2,2,2
tid_1212,1,1,1,1,1,1,1,1,1,1,1,1,1,1,1,1,1,1,1,1,1
tid_1213,2,2,2,2,2,2,2,2,2,2,2,2,2,2,2,2,2,2,2,2,2
tid_1214,2,2,2,2,2,2,2,2,2,2,2,2,2,2,2,2,2,2,2,2,2
tid_1215,2,2,2,2,2,2,2,2,2,2,2,2,2,2,2,2,2,2,2,2,2
tid_1217,2,2,2,2,2,2,2,2,2,2,2,2,2,2,2,2,2,2,2,2,2
tid_1218,2,2,2,2,2,2,2,2,2,2,2,2,2,2,2,2,2,2,2,2,2
tid_1219,2,2,2,2,2,2,2,2,2,2,2,2,2,2,2,2,2,2,2,2,2
tid_1220,2,2,2,2,2,2,2,2,2,2,2,2,2,2,2,2,2,2,2,2,2
tid_1221,2,2,2,2,2,2,2,2,2,2,2,2,2,2,2,2,2,2,2,2,2
tid_1222,2,2,2,2,2,2,2,2,2,2,2,2,2,2,2,2,2,2,2,2,2
tid_1223,2,2,2,2,2,2,2,2,2,2,2,2,2,2,2,2,2,2,2,2,2
tid_1224,0,0,0,0,0,0,0,0,0,0,0,0,0,0,0,0,0,0,0,0,0
tid_1225,1,1,1,1,1,1,1,1,1,1,1,1,1,1,1,1,1,1,1,1,1
tid_1226,1,1,1,1,1,1,1,1,1,1,1,1,1,1,1,1,1,1,1,1,1
tid_1227,1,1,1,1,1,1,1,1,1,1,1,1,1,1,1,1,1,1,1,1,1
tid_1228,1,1,1,1,1,1,1,1,1,1,1,1,1,1,1,1,1,1,1,1,1
tid_1229,1,1,1,1,1,1,1,1,1,1,1,1,1,1,1,1,1,1,1,1,1
tid_1230,1,1,1,1,1,1,1,1,1,1,1,1,1,1,1,1,1,1,1,1,1
tid_1231,1,1,1,1,1,1,1,1,1,1,1,1,1,1,1,1,1,1,1,1,1
tid_1232,1,1,1,1,1,1,1,1,1,1,1,1,1,1,1,1,1,1,1,1,1
tid_1233,1,1,1,1,1,1,1,1,1,1,1,1,1,1,1,1,1,1,1,1,1
tid_1234,1,1,1,1,1,1,1,1,1,1,1,1,1,1,1,1,1,1,1,1,1
tid_1235,1,1,1,1,1,1,1,1,1,1,1,1,1,1,1,1,1,1,1,1,1
tid_1236,1,1,1,1,1,1,1,1,1,1,1,1,1,1,1,1,1,1,1,1,1
tid_1237,1,1,1,1,1,1,1,1,1,1,1,1,1,1,1,1,1,1,1,1,1
tid_1238,1,1,1,1,1,1,1,1,1,1,1,1,1,1,1,1,1,1,1,1,1
tid_1240,1,1,1,1,1,1,1,1,1,1,1,1,1,1,1,1,1,1,1,1,1
tid_1241,1,1,1,1,1,1,1,1,1,1,1,1,1,1,1,1,1,1,1,1,1
tid_1242,2,2,2,2,2,2,2,2,2,2,2,2,2,2,2,2,2,2,2,2,2
tid_1243,1,1,1,1,1,1,1,1,1,1,1,1,1,1,1,1,1,1,1,1,1
tid_1244,2,2,2,2,2,2,2,2,2,2,2,2,2,2,2,2,2,2,2,2,2
tid_1246,1,1,1,1,1,1,1,1,1,1,1,1,1,1,1,1,1,1,1,1,1
tid_1249,1,1,1,1,1,1,1,1,1,1,1,1,1,1,1,1,1,1,1,1,1
tid_1250,1,1,1,1,1,1,1,1,1,1,1,1,1,1,1,1,1,1,1,1,1
tid_1251,2,2,2,2,2,2,2,2,2,2,2,2,2,2,2,2,2,2,2,2,2
tid_1252,1,1,1,1,1,1,1,1,1,1,1,1,1,1,1,1,1,1,1,1,1
tid_1253,2,2,2,2,2,2,2,2,2,2,2,2,2,2,2,2,2,2,2,2,2
tid_1254,1,1,1,1,1,1,1,1,1,1,1,1,1,1,1,1,1,1,1,1,1
tid_1256,2,2,2,2,2,2,2,2,2,2,2,2,2,2,2,2,2,2,2,2,2
tid_1257,2,2,2,2,2,2,2,2,2,2,2,2,2,2,2,2,2,2,2,2,2
tid_1258,1,1,1,1,1,1,1,1,1,1,1,1,1,1,1,1,1,1,1,1,1
tid_1259,2,2,2,2,2,2,2,2,2,2,2,2,2,2,2,2,2,2,2,2,2
tid_1260,1,1,1,1,1,1,1,1,1,1,1,1,1,1,1,1,1,1,1,1,1
tid_1261,2,2,2,2,2,2,2,2,2,2,2,2,2,2,2,2,2,2,2,2,2
tid_1262,1,1,1,1,1,1,1,1,1,1,1,1,1,1,1,1,1,1,1,1,1
tid_1264,1,1,1,1,1,1,1,1,1,1,1,1,1,1,1,1,1,1,1,1,1
tid_1265,2,2,2,2,2,2,2,2,2,2,2,2,2,2,2,2,2,2,2,2,2
tid_1266,2,2,2,2,2,2,2,2,2,2,2,2,2,2,2,2,2,2,2,2,2
tid_1267,3,3,3,3,3,3,3,3,3,3,3,3,3,3,3,3,3,3,3,3,3
tid_1268,2,2,2,2,2,2,2,2,2,2,2,2,2,2,2,2,2,2,2,2,2
tid_1269,2,2,2,2,2,2,2,2,2,2,2,2,2,2,2,2,2,2,2,2,2
tid_1270,2,2,2,2,2,2,2,2,2,2,2,2,2,2,2,2,2,2,2,2,2
tid_1271,2,2,2,2,2,2,2,2,2,2,2,2,2,2,2,2,2,2,2,2,2
tid_1272,2,2,2,2,2,2,2,2,2,2,2,2,2,2,2,2,2,2,2,2,2
tid_1273,2,2,2,2,2,2,2,2,2,2,2,2,2,2,2,2,2,2,2,2,2
tid_1274,2,2,2,2,2,2,2,2,2,2,2,2,2,2,2,2,2,2,2,2,2
tid_1275,1,1,1,1,1,1,1,1,1,1,1,1,1,1,1,1,1,1,1,1,1
tid_1276,2,2,2,2,2,2,2,2,2,2,2,2,2,2,2,2,2,2,2,2,2
tid_1277,2,2,2,2,2,2,2,2,2,2,2,2,2,2,2,2,2,2,2,2,2
tid_1278,2,2,2,2,2,2,2,2,2,2,2,2,2,2,2,2,2,2,2,2,2
tid_1279,2,2,2,2,2,2,2,2,2,2,2,2,2,2,2,2,2,2,2,2,2
tid_1280,2,2,2,2,2,2,2,2,2,2,2,2,2,2,2,2,2,2,2,2,2
tid_1281,2,2,2,2,2,2,2,2,2,2,2,2,2,2,2,2,2,2,2,2,2
tid_1282,3,3,3,3,3,3,3,3,3,3,3,3,3,3,3,3,3,3,3,3,3
tid_1284,2,2,2,2,2,2,2,2,2,2,2,2,2,2,2,2,2,2,2,2,2
tid_1285,2,2,2,2,2,2,2,2,2,2,2,2,2,2,2,2,2,2,2,2,2
tid_1286,2,2,2,2,2,2,2,2,2,2,2,2,2,2,2,2,2,2,2,2,2
tid_1287,2,2,2,2,2,2,2,2,2,2,2,2,2,2,2,2,2,2,2,2,2
tid_1288,2,2,2,2,2,2,2,2,2,2,2,2,2,2,2,2,2,2,2,2,2
tid_1289,2,2,2,2,2,2,2,2,2,2,2,2,2,2,2,2,2,2,2,2,2
tid_1290,2,2,2,2,2,2,2,2,2,2,2,2,2,2,2,2,2,2,2,2,2
tid_1291,2,2,2,2,2,2,2,2,2,2,2,2,2,2,2,2,2,2,2,2,2
tid_1292,2,2,2,2,2,2,2,2,2,2,2,2,2,2,2,2,2,2,2,2,2
tid_1293,2,2,2,2,2,2,2,2,2,2,2,2,2,2,2,2,2,2,2,2,2
tid_1294,2,2,2,2,2,2,2,2,2,2,2,2,2,2,2,2,2,2,2,2,2
tid_1295,2,2,2,2,2,2,2,2,2,2,2,2,2,2,2,2,2,2,2,2,2
tid_1296,2,2,2,2,2,2,2,2,2,2,2,2,2,2,2,2,2,2,2,2,2
tid_1297,3,3,3,3,3,3,3,3,3,3,3,3,3,3,3,3,3,3,3,3,3
tid_1298,2,2,2,2,2,2,2,2,2,2,2,2,2,2,2,2,2,2,2,2,2
tid_1299,2,2,2,2,2,2,2,2,2,2,2,2,2,2,2,2,2,2,2,2,2
tid_13,1,1,1,1,1,1,1,1,1,1,1,1,1,1,1,1,1,1,1,1,1
tid_1300,2,2,2,2,2,2,2,2,2,2,2,2,2,2,2,2,2,2,2,2,2
tid_1301,2,2,2,2,2,2,2,2,2,2,2,2,2,2,2,2,2,2,2,2,2
tid_1302,2,2,2,2,2,2,2,2,2,2,2,2,2,2,2,2,2,2,2,2,2
tid_1303,1,1,1,1,1,1,1,1,1,1,1,1,1,1,1,1,1,1,1,1,1
tid_1304,2,2,2,2,2,2,2,2,2,2,2,2,2,2,2,2,2,2,2,2,2
tid_1305,2,2,2,2,2,2,2,2,2,2,2,2,2,2,2,2,2,2,2,2,2
tid_1306,2,2,2,2,2,2,2,2,2,2,2,2,2,2,2,2,2,2,2,2,2
tid_1308,2,2,2,2,2,2,2,2,2,2,2,2,2,2,2,2,2,2,2,2,2
tid_1309,2,2,2,2,2,2,2,2,2,2,2,2,2,2,2,2,2,2,2,2,2
tid_1310,2,2,2,2,2,2,2,2,2,2,2,2,2,2,2,2,2,2,2,2,2
tid_1311,2,2,2,2,2,2,2,2,2,2,2,2,2,2,2,2,2,2,2,2,2
tid_1312,2,2,2,2,2,2,2,2,2,2,2,2,2,2,2,2,2,2,2,2,2
tid_1313,2,2,2,2,2,2,2,2,2,2,2,2,2,2,2,2,2,2,2,2,2
tid_1314,2,2,2,2,2,2,2,2,2,2,2,2,2,2,2,2,2,2,2,2,2
tid_1315,1,1,1,1,1,1,1,1,1,1,1,1,1,1,1,1,1,1,1,1,1
tid_1316,2,2,2,2,2,2,2,2,2,2,2,2,2,2,2,2,2,2,2,2,2
tid_1317,2,2,2,2,2,2,2,2,2,2,2,2,2,2,2,2,2,2,2,2,2
tid_1319,2,2,2,2,2,2,2,2,2,2,2,2,2,2,2,2,2,2,2,2,2
tid_1320,2,2,2,2,2,2,2,2,2,2,2,2,2,2,2,2,2,2,2,2,2
tid_1321,2,2,2,2,2,2,2,2,2,2,2,2,2,2,2,2,2,2,2,2,2
tid_1322,2,2,2,2,2,2,2,2,2,2,2,2,2,2,2,2,2,2,2,2,2
tid_1323,2,2,2,2,2,2,2,2,2,2,2,2,2,2,2,2,2,2,2,2,2
tid_1324,2,2,2,2,2,2,2,2,2,2,2,2,2,2,2,2,2,2,2,2,2
tid_1325,2,2,2,2,2,2,2,2,2,2,2,2,2,2,2,2,2,2,2,2,2
tid_1326,2,2,2,2,2,2,2,2,2,2,2,2,2,2,2,2,2,2,2,2,2
tid_1327,2,2,2,2,2,2,2,2,2,2,2,2,2,2,2,2,2,2,2,2,2
tid_1328,2,2,2,2,2,2,2,2,2,2,2,2,2,2,2,2,2,2,2,2,2
tid_1329,2,2,2,2,2,2,2,2,2,2,2,2,2,2,2,2,2,2,2,2,2
tid_1330,2,2,2,2,2,2,2,2,2,2,2,2,2,2,2,2,2,2,2,2,2
tid_1331,2,2,2,2,2,2,2,2,2,2,2,2,2,2,2,2,2,2,2,2,2
tid_1333,1,1,1,1,1,1,1,1,1,1,1,1,1,1,1,1,1,1,1,1,1
tid_1334,1,1,1,1,1,1,1,1,1,1,1,1,1,1,1,1,1,1,1,1,1
tid_1335,2,2,2,2,2,2,2,2,2,2,2,2,2,2,2,2,2,2,2,2,2
tid_1336,2,2,2,2,2,2,2,2,2,2,2,2,2,2,2,2,2,2,2,2,2
tid_1337,2,2,2,2,2,2,2,2,2,2,2,2,2,2,2,2,2,2,2,2,2
tid_1338,2,2,2,2,2,2,2,2,2,2,2,2,2,2,2,2,2,2,2,2,2
tid_1339,2,2,2,2,2,2,2,2,2,2,2,2,2,2,2,2,2,2,2,2,2
tid_1340,2,2,2,2,2,2,2,2,2,2,2,2,2,2,2,2,2,2,2,2,2
tid_1341,2,2,2,2,2,2,2,2,2,2,2,2,2,2,2,2,2,2,2,2,2
tid_1343,2,2,2,2,2,2,2,2,2,2,2,2,2,2,2,2,2,2,2,2,2
tid_1344,2,2,2,2,2,2,2,2,2,2,2,2,2,2,2,2,2,2,2,2,2
tid_1345,2,2,2,2,2,2,2,2,2,2,2,2,2,2,2,2,2,2,2,2,2
tid_1346,2,2,2,2,2,2,2,2,2,2,2,2,2,2,2,2,2,2,2,2,2
tid_1347,2,2,2,2,2,2,2,2,2,2,2,2,2,2,2,2,2,2,2,2,2
tid_1348,2,2,2,2,2,2,2,2,2,2,2,2,2,2,2,2,2,2,2,2,2
tid_1349,2,2,2,2,2,2,2,2,2,2,2,2,2,2,2,2,2,2,2,2,2
tid_1350,2,2,2,2,2,2,2,2,2,2,2,2,2,2,2,2,2,2,2,2,2
tid_1351,1,1,1,1,1,1,1,1,1,1,1,1,1,1,1,1,1,1,1,1,1
tid_1352,2,2,2,2,2,2,2,2,2,2,2,2,2,2,2,2,2,2,2,2,2
tid_1353,2,2,2,2,2,2,2,2,2,2,2,2,2,2,2,2,2,2,2,2,2
tid_1355,2,2,2,2,2,2,2,2,2,2,2,2,2,2,2,2,2,2,2,2,2
tid_1356,2,2,2,2,2,2,2,2,2,2,2,2,2,2,2,2,2,2,2,2,2
tid_1357,2,2,2,2,2,2,2,2,2,2,2,2,2,2,2,2,2,2,2,2,2
tid_1358,2,2,2,2,2,2,2,2,2,2,2,2,2,2,2,2,2,2,2,2,2
tid_1392,2,2,2,2,2,2,2,2,2,2,2,2,2,2,2,2,2,2,2,2,2
tid_1393,1,1,1,1,1,1,1,1,1,1,1,1,1,1,1,1,1,1,1,1,1
tid_1394,1,1,1,1,1,1,1,1,1,1,1,1,1,1,1,1,1,1,1,1,1
tid_1395,0,0,0,0,0,0,0,0,0,0,0,0,0,0,0,0,0,0,0,0,0
tid_1396,1,1,1,1,1,1,1,1,1,1,1,1,1,1,1,1,1,1,1,1,1
tid_1397,0,0,0,0,0,0,0,0,0,0,0,0,0,0,0,0,0,0,0,0,0
tid_1398,1,1,1,1,1,1,1,1,1,1,1,1,1,1,1,1,1,1,1,1,1
tid_1399,1,1,1,1,1,1,1,1,1,1,1,1,1,1,1,1,1,1,1,1,1
tid_14,1,1,1,1,1,1,1,1,1,1,1,1,1,1,1,1,1,1,1,1,1
tid_1400,1,1,1,1,1,1,1,1,1,1,1,1,1,1,1,1,1,1,1,1,1
tid_1401,1,1,1,1,1,1,1,1,1,1,1,1,1,1,1,1,1,1,1,1,1
tid_1402,0,0,0,0,0,0,0,0,0,0,0,0,0,0,0,0,0,0,0,0,0
tid_1403,1,1,1,1,1,1,1,1,1,1,1,1,1,1,1,1,1,1,1,1,1
tid_1404,2,2,2,2,2,2,2,2,2,2,2,2,2,2,2,2,2,2,2,2,2
tid_1405,1,1,1,1,1,1,1,1,1,1,1,1,1,1,1,1,1,1,1,1,1
tid_1406,1,1,1,1,1,1,1,1,1,1,1,1,1,1,1,1,1,1,1,1,1
tid_1407,1,1,1,1,1,1,1,1,1,1,1,1,1,1,1,1,1,1,1,1,1
tid_1408,1,1,1,1,1,1,1,1,1,1,1,1,1,1,1,1,1,1,1,1,1
tid_1409,0,0,0,0,0,0,0,0,0,0,0,0,0,0,0,0,0,0,0,0,0
tid_1410,1,1,1,1,1,1,1,1,1,1,1,1,1,1,1,1,1,1,1,1,1
tid_1411,1,1,1,1,1,1,1,1,1,1,1,1,1,1,1,1,1,1,1,1,1
tid_1412,2,2,2,2,2,2,2,2,2,2,2,2,2,2,2,2,2,2,2,2,2
tid_1413,1,1,1,1,1,1,1,1,1,1,1,1,1,1,1,1,1,1,1,1,1
tid_1414,2,2,2,2,2,2,2,2,2,2,2,2,2,2,2,2,2,2,2,2,2
tid_1415,2,2,2,2,2,2,2,2,2,2,2,2,2,2,2,2,2,2,2,2,2
tid_1416,2,2,2,2,2,2,2,2,2,2,2,2,2,2,2,2,2,2,2,2,2
tid_1417,2,2,2,2,2,2,2,2,2,2,2,2,2,2,2,2,2,2,2,2,2
tid_1419,2,2,2,2,2,2,2,2,2,2,2,2,2,2,2,2,2,2,2,2,2
tid_1420,2,2,2,2,2,2,2,2,2,2,2,2,2,2,2,2,2,2,2,2,2
tid_1421,2,2,2,2,2,2,2,2,2,2,2,2,2,2,2,2,2,2,2,2,2
tid_1422,2,2,2,2,2,2,2,2,2,2,2,2,2,2,2,2,2,2,2,2,2
tid_1423,2,2,2,2,2,2,2,2,2,2,2,2,2,2,2,2,2,2,2,2,2
tid_1425,2,2,2,2,2,2,2,2,2,2,2,2,2,2,2,2,2,2,2,2,2
tid_1426,2,2,2,2,2,2,2,2,2,2,2,2,2,2,2,2,2,2,2,2,2
tid_1427,2,2,2,2,2,2,2,2,2,2,2,2,2,2,2,2,2,2,2,2,2
tid_1428,2,2,2,2,2,2,2,2,2,2,2,2,2,2,2,2,2,2,2,2,2
tid_1429,2,2,2,2,2,2,2,2,2,2,2,2,2,2,2,2,2,2,2,2,2
tid_1430,3,3,3,3,3,3,3,3,3,3,3,3,3,3,3,3,3,3,3,3,3
tid_1431,3,3,3,3,3,3,3,3,3,3,3,3,3,3,3,3,3,3,3,3,3
tid_1438,3,3,3,3,3,3,3,3,3,3,3,3,3,3,3,3,3,3,3,3,3
tid_1439,0,0,0,0,0,0,0,0,0,0,0,0,0,0,0,0,0,0,0,0,0
tid_1440,1,1,1,1,1,1,1,1,1,1,1,1,1,1,1,1,1,1,1,1,1
tid_1443,0,0,0,0,0,0,0,0,0,0,0,0,0,0,0,0,0,0,0,0,0
tid_1444,0,0,0,0,0,0,0,0,0,0,0,0,0,0,0,0,0,0,0,0,0
tid_1445,0,0,0,0,0,0,0,0,0,0,0,0,0,0,0,0,0,0,0,0,0
tid_1446,0,0,0,0,0,0,0,0,0,0,0,0,0,0,0,0,0,0,0,0,0
tid_1447,1,1,1,1,1,1,1,1,1,1,1,1,1,1,1,1,1,1,1,1,1
tid_1448,0,0,0,0,0,0,0,0,0,0,0,0,0,0,0,0,0,0,0,0,0
tid_1449,1,1,1,1,1,1,1,1,1,1,1,1,1,1,1,1,1,1,1,1,1
tid_1453,0,0,0,0,0,0,0,0,0,0,0,0,0,0,0,0,0,0,0,0,0
tid_1454,1,1,1,1,1,1,1,1,1,1,1,1,1,1,1,1,1,1,1,1,1
tid_1456,0,0,0,0,0,0,0,0,0,0,0,0,0,0,0,0,0,0,0,0,0
tid_1457,0,0,0,0,0,0,0,0,0,0,0,0,0,0,0,0,0,0,0,0,0
tid_1459,0,0,0,0,0,0,0,0,0,0,0,0,0,0,0,0,0,0,0,0,0
tid_1461,0,0,0,0,0,0,0,0,0,0,0,0,0,0,0,0,0,0,0,0,0
tid_1463,1,1,1,1,1,1,1,1,1,1,1,1,1,1,1,1,1,1,1,1,1
tid_1464,0,0,0,0,0,0,0,0,0,0,0,0,0,0,0,0,0,0,0,0,0
tid_1465,0,0,0,0,0,0,0,0,0,0,0,0,0,0,0,0,0,0,0,0,0
tid_1467,0,0,0,0,0,0,0,0,0,0,0,0,0,0,0,0,0,0,0,0,0
tid_1468,0,0,0,0,0,0,0,0,0,0,0,0,0,0,0,0,0,0,0,0,0
tid_1472,0,0,0,0,0,0,0,0,0,0,0,0,0,0,0,0,0,0,0,0,0
tid_1473,1,1,1,1,1,1,1,1,1,1,1,1,1,1,1,1,1,1,1,1,1
tid_1474,1,1,1,1,1,1,1,1,1,1,1,1,1,1,1,1,1,1,1,1,1
tid_1475,0,0,0,0,0,0,0,0,0,0,0,0,0,0,0,0,0,0,0,0,0
tid_1477,1,1,1,1,1,1,1,1,1,1,1,1,1,1,1,1,1,1,1,1,1
tid_1478,1,1,1,1,1,1,1,1,1,1,1,1,1,1,1,1,1,1,1,1,1
tid_1480,0,0,0,0,0,0,0,0,0,0,0,0,0,0,0,0,0,0,0,0,0
tid_1481,0,0,0,0,0,0,0,0,0,0,0,0,0,0,0,0,0,0,0,0,0
tid_1483,1,1,1,1,1,1,1,1,1,1,1,1,1,1,1,1,1,1,1,1,1
tid_1484,0,0,0,0,0,0,0,0,0,0,0,0,0,0,0,0,0,0,0,0,0
tid_1486,1,1,1,1,1,1,1,1,1,1,1,1,1,1,1,1,1,1,1,1,1
tid_1488,0,0,0,0,0,0,0,0,0,0,0,0,0,0,0,0,0,0,0,0,0
tid_1489,1,1,1,1,1,1,1,1,1,1,1,1,1,1,1,1,1,1,1,1,1
tid_1490,1,1,1,1,1,1,1,1,1,1,1,1,1,1,1,1,1,1,1,1,1
tid_1491,0,0,0,0,0,0,0,0,0,0,0,0,0,0,0,0,0,0,0,0,0
tid_1492,1,1,1,1,1,1,1,1,1,1,1,1,1,1,1,1,1,1,1,1,1
tid_1493,0,0,0,0,0,0,0,0,0,0,0,0,0,0,0,0,0,0,0,0,0
tid_1494,2,2,2,2,2,2,2,2,2,2,2,2,2,2,2,2,2,2,2,2,2
tid_1495,1,1,1,1,1,1,1,1,1,1,1,1,1,1,1,1,1,1,1,1,1
tid_1496,0,0,0,0,0,0,0,0,0,0,0,0,0,0,0,0,0,0,0,0,0
tid_15,1,1,1,1,1,1,1,1,1,1,1,1,1,1,1,1,1,1,1,1,1
tid_1500,0,0,0,0,0,0,0,0,0,0,0,0,0,0,0,0,0,0,0,0,0
tid_1501,0,0,0,0,0,0,0,0,0,0,0,0,0,0,0,0,0,0,0,0,0
tid_1504,1,1,1,1,1,1,1,1,1,1,1,1,1,1,1,1,1,1,1,1,1
tid_1506,0,0,0,0,0,0,0,0,0,0,0,0,0,0,0,0,0,0,0,0,0
tid_1507,1,1,1,1,1,1,1,1,1,1,1,1,1,1,1,1,1,1,1,1,1
tid_1508,1,1,1,1,1,1,1,1,1,1,1,1,1,1,1,1,1,1,1,1,1
tid_1509,1,1,1,1,1,1,1,1,1,1,1,1,1,1,1,1,1,1,1,1,1
tid_1510,1,1,1,1,1,1,1,1,1,1,1,1,1,1,1,1,1,1,1,1,1
tid_1511,1,1,1,1,1,1,1,1,1,1,1,1,1,1,1,1,1,1,1,1,1
tid_1512,1,1,1,1,1,1,1,1,1,1,1,1,1,1,1,1,1,1,1,1,1
tid_1518,1,1,1,1,1,1,1,1,1,1,1,1,1,1,1,1,1,1,1,1,1
tid_1519,1,1,1,1,1,1,1,1,1,1,1,1,1,1,1,1,1,1,1,1,1
tid_1520,2,2,2,2,2,2,2,2,2,2,2,2,2,2,2,2,2,2,2,2,2
tid_1521,1,1,1,1,1,1,1,1,1,1,1,1,1,1,1,1,1,1,1,1,1
tid_1522,2,2,2,2,2,2,2,2,2,2,2,2,2,2,2,2,2,2,2,2,2
tid_1523,0,0,0,0,0,0,0,0,0,0,0,0,0,0,0,0,0,0,0,0,0
tid_1525,1,1,1,1,1,1,1,1,1,1,1,1,1,1,1,1,1,1,1,1,1
tid_1526,1,1,1,1,1,1,1,1,1,1,1,1,1,1,1,1,1,1,1,1,1
tid_1527,1,1,1,1,1,1,1,1,1,1,1,1,1,1,1,1,1,1,1,1,1
tid_1528,2,2,2,2,2,2,2,2,2,2,2,2,2,2,2,2,2,2,2,2,2
tid_1529,2,2,2,2,2,2,2,2,2,2,2,2,2,2,2,2,2,2,2,2,2
tid_1530,2,2,2,2,2,2,2,2,2,2,2,2,2,2,2,2,2,2,2,2,2
tid_1532,2,2,2,2,2,2,2,2,2,2,2,2,2,2,2,2,2,2,2,2,2
tid_1533,2,2,2,2,2,2,2,2,2,2,2,2,2,2,2,2,2,2,2,2,2
tid_1534,2,2,2,2,2,2,2,2,2,2,2,2,2,2,2,2,2,2,2,2,2
tid_1535,2,2,2,2,2,2,2,2,2,2,2,2,2,2,2,2,2,2,2,2,2
tid_1536,2,2,2,2,2,2,2,2,2,2,2,2,2,2,2,2,2,2,2,2,2
tid_1537,2,2,2,2,2,2,2,2,2,2,2,2,2,2,2,2,2,2,2,2,2
tid_1539,1,1,1,1,1,1,1,1,1,1,1,1,1,1,1,1,1,1,1,1,1
tid_1540,1,1,1,1,1,1,1,1,1,1,1,1,1,1,1,1,1,1,1,1,1
tid_1541,2,2,2,2,2,2,2,2,2,2,2,2,2,2,2,2,2,2,2,2,2
tid_1542,2,2,2,2,2,2,2,2,2,2,2,2,2,2,2,2,2,2,2,2,2
tid_1543,2,2,2,2,2,2,2,2,2,2,2,2,2,2,2,2,2,2,2,2,2
tid_1544,2,2,2,2,2,2,2,2,2,2,2,2,2,2,2,2,2,2,2,2,2
tid_1545,2,2,2,2,2,2,2,2,2,2,2,2,2,2,2,2,2,2,2,2,2
tid_1546,2,2,2,2,2,2,2,2,2,2,2,2,2,2,2,2,2,2,2,2,2
tid_1547,2,2,2,2,2,2,2,2,2,2,2,2,2,2,2,2,2,2,2,2,2
tid_1548,2,2,2,2,2,2,2,2,2,2,2,2,2,2,2,2,2,2,2,2,2
tid_1549,2,2,2,2,2,2,2,2,2,2,2,2,2,2,2,2,2,2,2,2,2
tid_1550,2,2,2,2,2,2,2,2,2,2,2,2,2,2,2,2,2,2,2,2,2
tid_1551,2,2,2,2,2,2,2,2,2,2,2,2,2,2,2,2,2,2,2,2,2
tid_1552,2,2,2,2,2,2,2,2,2,2,2,2,2,2,2,2,2,2,2,2,2
tid_1553,1,1,1,1,1,1,1,1,1,1,1,1,1,1,1,1,1,1,1,1,1
tid_1554,2,2,2,2,2,2,2,2,2,2,2,2,2,2,2,2,2,2,2,2,2
tid_1555,2,2,2,2,2,2,2,2,2,2,2,2,2,2,2,2,2,2,2,2,2
tid_1556,2,2,2,2,2,2,2,2,2,2,2,2,2,2,2,2,2,2,2,2,2
tid_1557,2,2,2,2,2,2,2,2,2,2,2,2,2,2,2,2,2,2,2,2,2
tid_1558,2,2,2,2,2,2,2,2,2,2,2,2,2,2,2,2,2,2,2,2,2
tid_1559,2,2,2,2,2,2,2,2,2,2,2,2,2,2,2,2,2,2,2,2,2
tid_1560,1,1,1,1,1,1,1,1,1,1,1,1,1,1,1,1,1,1,1,1,1
tid_1561,2,2,2,2,2,2,2,2,2,2,2,2,2,2,2,2,2,2,2,2,2
tid_1562,2,2,2,2,2,2,2,2,2,2,2,2,2,2,2,2,2,2,2,2,2
tid_1563,1,1,1,1,1,1,1,1,1,1,1,1,1,1,1,1,1,1,1,1,1
tid_1564,2,2,2,2,2,2,2,2,2,2,2,2,2,2,2,2,2,2,2,2,2
tid_1565,2,2,2,2,2,2,2,2,2,2,2,2,2,2,2,2,2,2,2,2,2
tid_1566,2,2,2,2,2,2,2,2,2,2,2,2,2,2,2,2,2,2,2,2,2
tid_1567,2,2,2,2,2,2,2,2,2,2,2,2,2,2,2,2,2,2,2,2,2
tid_1568,2,2,2,2,2,2,2,2,2,2,2,2,2,2,2,2,2,2,2,2,2
tid_1569,2,2,2,2,2,2,2,2,2,2,2,2,2,2,2,2,2,2,2,2,2
tid_1570,2,2,2,2,2,2,2,2,2,2,2,2,2,2,2,2,2,2,2,2,2
tid_1571,2,2,2,2,2,2,2,2,2,2,2,2,2,2,2,2,2,2,2,2,2
tid_1572,1,1,1,1,1,1,1,1,1,1,1,1,1,1,1,1,1,1,1,1,1
tid_1573,2,2,2,2,2,2,2,2,2,2,2,2,2,2,2,2,2,2,2,2,2
tid_1574,2,2,2,2,2,2,2,2,2,2,2,2,2,2,2,2,2,2,2,2,2
tid_1575,1,1,1,1,1,1,1,1,1,1,1,1,1,1,1,1,1,1,1,1,1
tid_1577,1,1,1,1,1,1,1,1,1,1,1,1,1,1,1,1,1,1,1,1,1
tid_1578,2,2,2,2,2,2,2,2,2,2,2,2,2,2,2,2,2,2,2,2,2
tid_1579,2,2,2,2,2,2,2,2,2,2,2,2,2,2,2,2,2,2,2,2,2
tid_1580,2,2,2,2,2,2,2,2,2,2,2,2,2,2,2,2,2,2,2,2,2
tid_1581,2,2,2,2,2,2,2,2,2,2,2,2,2,2,2,2,2,2,2,2,2
tid_1582,2,2,2,2,2,2,2,2,2,2,2,2,2,2,2,2,2,2,2,2,2
tid_1583,2,2,2,2,2,2,2,2,2,2,2,2,2,2,2,2,2,2,2,2,2
tid_1584,2,2,2,2,2,2,2,2,2,2,2,2,2,2,2,2,2,2,2,2,2
tid_1585,2,2,2,2,2,2,2,2,2,2,2,2,2,2,2,2,2,2,2,2,2
tid_1586,1,1,1,1,1,1,1,1,1,1,1,1,1,1,1,1,1,1,1,1,1
tid_1587,2,2,2,2,2,2,2,2,2,2,2,2,2,2,2,2,2,2,2,2,2
tid_1588,2,2,2,2,2,2,2,2,2,2,2,2,2,2,2,2,2,2,2,2,2
tid_1589,2,2,2,2,2,2,2,2,2,2,2,2,2,2,2,2,2,2,2,2,2
tid_1590,2,2,2,2,2,2,2,2,2,2,2,2,2,2,2,2,2,2,2,2,2
tid_1591,2,2,2,2,2,2,2,2,2,2,2,2,2,2,2,2,2,2,2,2,2
tid_1592,1,1,1,1,1,1,1,1,1,1,1,1,1,1,1,1,1,1,1,1,1
tid_1593,2,2,2,2,2,2,2,2,2,2,2,2,2,2,2,2,2,2,2,2,2
tid_1594,2,2,2,2,2,2,2,2,2,2,2,2,2,2,2,2,2,2,2,2,2
tid_1595,2,2,2,2,2,2,2,2,2,2,2,2,2,2,2,2,2,2,2,2,2
tid_1596,2,2,2,2,2,2,2,2,2,2,2,2,2,2,2,2,2,2,2,2,2
tid_1597,0,0,0,0,0,0,0,0,0,0,0,0,0,0,0,0,0,0,0,0,0
tid_1598,0,0,0,0,0,0,0,0,0,0,0,0,0,0,0,0,0,0,0,0,0
tid_1599,1,1,1,1,1,1,1,1,1,1,1,1,1,1,1,1,1,1,1,1,1
tid_16,1,1,1,1,1,1,1,1,1,1,1,1,1,1,1,1,1,1,1,1,1
tid_1600,1,1,1,1,1,1,1,1,1,1,1,1,1,1,1,1,1,1,1,1,1
tid_1601,0,0,0,0,0,0,0,0,0,0,0,0,0,0,0,0,0,0,0,0,0
tid_1602,2,2,2,2,2,2,2,2,2,2,2,2,2,2,2,2,2,2,2,2,2
tid_1603,1,1,1,1,1,1,1,1,1,1,1,1,1,1,1,1,1,1,1,1,1
tid_1604,2,2,2,2,2,2,2,2,2,2,2,2,2,2,2,2,2,2,2,2,2
tid_1605,2,2,2,2,2,2,2,2,2,2,2,2,2,2,2,2,2,2,2,2,2
tid_1606,2,2,2,2,2,2,2,2,2,2,2,2,2,2,2,2,2,2,2,2,2
tid_1607,2,2,2,2,2,2,2,2,2,2,2,2,2,2,2,2,2,2,2,2,2
tid_1608,2,2,2,2,2,2,2,2,2,2,2,2,2,2,2,2,2,2,2,2,2
tid_1609,1,1,1,1,1,1,1,1,1,1,1,1,1,1,1,1,1,1,1,1,1
tid_1610,2,2,2,2,2,2,2,2,2,2,2,2,2,2,2,2,2,2,2,2,2
tid_1611,2,2,2,2,2,2,2,2,2,2,2,2,2,2,2,2,2,2,2,2,2
tid_1612,2,2,2,2,2,2,2,2,2,2,2,2,2,2,2,2,2,2,2,2,2
tid_1613,2,2,2,2,2,2,2,2,2,2,2,2,2,2,2,2,2,2,2,2,2
tid_1614,2,2,2,2,2,2,2,2,2,2,2,2,2,2,2,2,2,2,2,2,2
tid_1615,1,1,1,1,1,1,1,1,1,1,1,1,1,1,1,1,1,1,1,1,1
tid_1616,2,2,2,2,2,2,2,2,2,2,2,2,2,2,2,2,2,2,2,2,2
tid_1617,2,2,2,2,2,2,2,2,2,2,2,2,2,2,2,2,2,2,2,2,2
tid_1618,2,2,2,2,2,2,2,2,2,2,2,2,2,2,2,2,2,2,2,2,2
tid_1619,2,2,2,2,2,2,2,2,2,2,2,2,2,2,2,2,2,2,2,2,2
tid_1620,0,0,0,0,0,0,0,0,0,0,0,0,0,0,0,0,0,0,0,0,0
tid_1621,2,2,2,2,2,2,2,2,2,2,2,2,2,2,2,2,2,2,2,2,2
tid_1622,2,2,2,2,2,2,2,2,2,2,2,2,2,2,2,2,2,2,2,2,2
tid_1623,2,2,2,2,2,2,2,2,2,2,2,2,2,2,2,2,2,2,2,2,2
tid_1624,2,2,2,2,2,2,2,2,2,2,2,2,2,2,2,2,2,2,2,2,2
tid_1625,2,2,2,2,2,2,2,2,2,2,2,2,2,2,2,2,2,2,2,2,2
tid_1626,2,2,2,2,2,2,2,2,2,2,2,2,2,2,2,2,2,2,2,2,2
tid_1627,2,2,2,2,2,2,2,2,2,2,2,2,2,2,2,2,2,2,2,2,2
tid_1628,2,2,2,2,2,2,2,2,2,2,2,2,2,2,2,2,2,2,2,2,2
tid_1629,2,2,2,2,2,2,2,2,2,2,2,2,2,2,2,2,2,2,2,2,2
tid_1630,2,2,2,2,2,2,2,2,2,2,2,2,2,2,2,2,2,2,2,2,2
tid_1631,2,2,2,2,2,2,2,2,2,2,2,2,2,2,2,2,2,2,2,2,2
tid_1632,0,0,0,0,0,0,0,0,0,0,0,0,0,0,0,0,0,0,0,0,0
tid_1633,2,2,2,2,2,2,2,2,2,2,2,2,2,2,2,2,2,2,2,2,2
tid_1634,2,2,2,2,2,2,2,2,2,2,2,2,2,2,2,2,2,2,2,2,2
tid_1635,2,2,2,2,2,2,2,2,2,2,2,2,2,2,2,2,2,2,2,2,2
tid_1636,2,2,2,2,2,2,2,2,2,2,2,2,2,2,2,2,2,2,2,2,2
tid_1637,2,2,2,2,2,2,2,2,2,2,2,2,2,2,2,2,2,2,2,2,2
tid_1638,2,2,2,2,2,2,2,2,2,2,2,2,2,2,2,2,2,2,2,2,2
tid_1639,2,2,2,2,2,2,2,2,2,2,2,2,2,2,2,2,2,2,2,2,2
tid_1640,2,2,2,2,2,2,2,2,2,2,2,2,2,2,2,2,2,2,2,2,2
tid_1641,2,2,2,2,2,2,2,2,2,2,2,2,2,2,2,2,2,2,2,2,2
tid_1642,2,2,2,2,2,2,2,2,2,2,2,2,2,2,2,2,2,2,2,2,2
tid_1643,2,2,2,2,2,2,2,2,2,2,2,2,2,2,2,2,2,2,2,2,2
tid_1644,2,2,2,2,2,2,2,2,2,2,2,2,2,2,2,2,2,2,2,2,2
tid_1645,2,2,2,2,2,2,2,2,2,2,2,2,2,2,2,2,2,2,2,2,2
tid_1646,2,2,2,2,2,2,2,2,2,2,2,2,2,2,2,2,2,2,2,2,2
tid_1647,2,2,2,2,2,2,2,2,2,2,2,2,2,2,2,2,2,2,2,2,2
tid_1648,2,2,2,2,2,2,2,2,2,2,2,2,2,2,2,2,2,2,2,2,2
tid_1649,2,2,2,2,2,2,2,2,2,2,2,2,2,2,2,2,2,2,2,2,2
tid_1650,2,2,2,2,2,2,2,2,2,2,2,2,2,2,2,2,2,2,2,2,2
tid_1651,2,2,2,2,2,2,2,2,2,2,2,2,2,2,2,2,2,2,2,2,2
tid_1652,1,1,1,1,1,1,1,1,1,1,1,1,1,1,1,1,1,1,1,1,1
tid_1653,2,2,2,2,2,2,2,2,2,2,2,2,2,2,2,2,2,2,2,2,2
tid_1654,2,2,2,2,2,2,2,2,2,2,2,2,2,2,2,2,2,2,2,2,2
tid_1655,2,2,2,2,2,2,2,2,2,2,2,2,2,2,2,2,2,2,2,2,2
tid_1656,2,2,2,2,2,2,2,2,2,2,2,2,2,2,2,2,2,2,2,2,2
tid_1657,2,2,2,2,2,2,2,2,2,2,2,2,2,2,2,2,2,2,2,2,2
tid_1658,2,2,2,2,2,2,2,2,2,2,2,2,2,2,2,2,2,2,2,2,2
tid_1659,1,1,1,1,1,1,1,1,1,1,1,1,1,1,1,1,1,1,1,1,1
tid_1660,2,2,2,2,2,2,2,2,2,2,2,2,2,2,2,2,2,2,2,2,2
tid_1661,2,2,2,2,2,2,2,2,2,2,2,2,2,2,2,2,2,2,2,2,2
tid_1662,3,3,3,3,3,3,3,3,3,3,3,3,3,3,3,3,3,3,3,3,3
tid_1663,2,2,2,2,2,2,2,2,2,2,2,2,2,2,2,2,2,2,2,2,2
tid_1664,2,2,2,2,2,2,2,2,2,2,2,2,2,2,2,2,2,2,2,2,2
tid_1665,1,1,1,1,1,1,1,1,1,1,1,1,1,1,1,1,1,1,1,1,1
tid_1666,2,2,2,2,2,2,2,2,2,2,2,2,2,2,2,2,2,2,2,2,2
tid_1667,1,1,1,1,1,1,1,1,1,1,1,1,1,1,1,1,1,1,1,1,1
tid_1668,1,1,1,1,1,1,1,1,1,1,1,1,1,1,1,1,1,1,1,1,1
tid_1669,2,2,2,2,2,2,2,2,2,2,2,2,2,2,2,2,2,2,2,2,2
tid_167,0,0,0,0,0,0,0,0,0,0,0,0,0,0,0,0,0,0,0,0,0
tid_1670,2,2,2,2,2,2,2,2,2,2,2,2,2,2,2,2,2,2,2,2,2
tid_1671,2,2,2,2,2,2,2,2,2,2,2,2,2,2,2,2,2,2,2,2,2
tid_1672,1,1,1,1,1,1,1,1,1,1,1,1,1,1,1,1,1,1,1,1,1
tid_1673,1,1,1,1,1,1,1,1,1,1,1,1,1,1,1,1,1,1,1,1,1
tid_1674,1,1,1,1,1,1,1,1,1,1,1,1,1,1,1,1,1,1,1,1,1
tid_1675,1,1,1,1,1,1,1,1,1,1,1,1,1,1,1,1,1,1,1,1,1
tid_1676,2,2,2,2,2,2,2,2,2,2,2,2,2,2,2,2,2,2,2,2,2
tid_1678,2,2,2,2,2,2,2,2,2,2,2,2,2,2,2,2,2,2,2,2,2
tid_1679,2,2,2,2,2,2,2,2,2,2,2,2,2,2,2,2,2,2,2,2,2
tid_168,0,0,0,0,0,0,0,0,0,0,0,0,0,0,0,0,0,0,0,0,0
tid_1680,2,2,2,2,2,2,2,2,2,2,2,2,2,2,2,2,2,2,2,2,2
tid_1681,2,2,2,2,2,2,2,2,2,2,2,2,2,2,2,2,2,2,2,2,2
tid_1682,2,2,2,2,2,2,2,2,2,2,2,2,2,2,2,2,2,2,2,2,2
tid_1683,1,1,1,1,1,1,1,1,1,1,1,1,1,1,1,1,1,1,1,1,1
tid_1685,2,2,2,2,2,2,2,2,2,2,2,2,2,2,2,2,2,2,2,2,2
tid_1686,2,2,2,2,2,2,2,2,2,2,2,2,2,2,2,2,2,2,2,2,2
tid_1687,2,2,2,2,2,2,2,2,2,2,2,2,2,2,2,2,2,2,2,2,2
tid_1688,2,2,2,2,2,2,2,2,2,2,2,2,2,2,2,2,2,2,2,2,2
tid_1689,2,2,2,2,2,2,2,2,2,2,2,2,2,2,2,2,2,2,2,2,2
tid_169,1,1,1,1,1,1,1,1,1,1,1,1,1,1,1,1,1,1,1,1,1
tid_1690,2,2,2,2,2,2,2,2,2,2,2,2,2,2,2,2,2,2,2,2,2
tid_1691,2,2,2,2,2,2,2,2,2,2,2,2,2,2,2,2,2,2,2,2,2
tid_1692,2,2,2,2,2,2,2,2,2,2,2,2,2,2,2,2,2,2,2,2,2
tid_1693,2,2,2,2,2,2,2,2,2,2,2,2,2,2,2,2,2,2,2,2,2
tid_1694,2,2,2,2,2,2,2,2,2,2,2,2,2,2,2,2,2,2,2,2,2
tid_1696,2,2,2,2,2,2,2,2,2,2,2,2,2,2,2,2,2,2,2,2,2
tid_1697,2,2,2,2,2,2,2,2,2,2,2,2,2,2,2,2,2,2,2,2,2
tid_1698,2,2,2,2,2,2,2,2,2,2,2,2,2,2,2,2,2,2,2,2,2
tid_1699,2,2,2,2,2,2,2,2,2,2,2,2,2,2,2,2,2,2,2,2,2
tid_17,1,1,1,1,1,1,1,1,1,1,1,1,1,1,1,1,1,1,1,1,1
tid_1700,2,2,2,2,2,2,2,2,2,2,2,2,2,2,2,2,2,2,2,2,2
tid_1701,2,2,2,2,2,2,2,2,2,2,2,2,2,2,2,2,2,2,2,2,2
tid_1702,2,2,2,2,2,2,2,2,2,2,2,2,2,2,2,2,2,2,2,2,2
tid_1703,2,2,2,2,2,2,2,2,2,2,2,2,2,2,2,2,2,2,2,2,2
tid_1704,1,1,1,1,1,1,1,1,1,1,1,1,1,1,1,1,1,1,1,1,1
tid_1705,2,2,2,2,2,2,2,2,2,2,2,2,2,2,2,2,2,2,2,2,2
tid_1706,2,2,2,2,2,2,2,2,2,2,2,2,2,2,2,2,2,2,2,2,2
tid_1707,1,1,1,1,1,1,1,1,1,1,1,1,1,1,1,1,1,1,1,1,1
tid_1708,2,2,2,2,2,2,2,2,2,2,2,2,2,2,2,2,2,2,2,2,2
tid_1709,1,1,1,1,1,1,1,1,1,1,1,1,1,1,1,1,1,1,1,1,1
tid_1710,2,2,2,2,2,2,2,2,2,2,2,2,2,2,2,2,2,2,2,2,2
tid_1711,2,2,2,2,2,2,2,2,2,2,2,2,2,2,2,2,2,2,2,2,2
tid_1712,2,2,2,2,2,2,2,2,2,2,2,2,2,2,2,2,2,2,2,2,2
tid_1714,2,2,2,2,2,2,2,2,2,2,2,2,2,2,2,2,2,2,2,2,2
tid_1715,2,2,2,2,2,2,2,2,2,2,2,2,2,2,2,2,2,2,2,2,2
tid_1717,2,2,2,2,2,2,2,2,2,2,2,2,2,2,2,2,2,2,2,2,2
tid_1718,2,2,2,2,2,2,2,2,2,2,2,2,2,2,2,2,2,2,2,2,2
tid_1719,1,1,1,1,1,1,1,1,1,1,1,1,1,1,1,1,1,1,1,1,1
tid_1722,2,2,2,2,2,2,2,2,2,2,2,2,2,2,2,2,2,2,2,2,2
tid_1724,2,2,2,2,2,2,2,2,2,2,2,2,2,2,2,2,2,2,2,2,2
tid_1725,2,2,2,2,2,2,2,2,2,2,2,2,2,2,2,2,2,2,2,2,2
tid_1726,1,1,1,1,1,1,1,1,1,1,1,1,1,1,1,1,1,1,1,1,1
tid_1727,2,2,2,2,2,2,2,2,2,2,2,2,2,2,2,2,2,2,2,2,2
tid_1728,2,2,2,2,2,2,2,2,2,2,2,2,2,2,2,2,2,2,2,2,2
tid_173,2,2,2,2,2,2,2,2,2,2,2,2,2,2,2,2,2,2,2,2,2
tid_1730,2,2,2,2,2,2,2,2,2,2,2,2,2,2,2,2,2,2,2,2,2
tid_1731,2,2,2,2,2,2,2,2,2,2,2,2,2,2,2,2,2,2,2,2,2
tid_1732,2,2,2,2,2,2,2,2,2,2,2,2,2,2,2,2,2,2,2,2,2
tid_1733,2,2,2,2,2,2,2,2,2,2,2,2,2,2,2,2,2,2,2,2,2
tid_1737,2,2,2,2,2,2,2,2,2,2,2,2,2,2,2,2,2,2,2,2,2
tid_1738,2,2,2,2,2,2,2,2,2,2,2,2,2,2,2,2,2,2,2,2,2
tid_1739,2,2,2,2,2,2,2,2,2,2,2,2,2,2,2,2,2,2,2,2,2
tid_1740,1,1,1,1,1,1,1,1,1,1,1,1,1,1,1,1,1,1,1,1,1
tid_1741,2,2,2,2,2,2,2,2,2,2,2,2,2,2,2,2,2,2,2,2,2
tid_1742,2,2,2,2,2,2,2,2,2,2,2,2,2,2,2,2,2,2,2,2,2
tid_1743,2,2,2,2,2,2,2,2,2,2,2,2,2,2,2,2,2,2,2,2,2
tid_1744,2,2,2,2,2,2,2,2,2,2,2,2,2,2,2,2,2,2,2,2,2
tid_1745,2,2,2,2,2,2,2,2,2,2,2,2,2,2,2,2,2,2,2,2,2
tid_1746,2,2,2,2,2,2,2,2,2,2,2,2,2,2,2,2,2,2,2,2,2
tid_1747,2,2,2,2,2,2,2,2,2,2,2,2,2,2,2,2,2,2,2,2,2
tid_1749,2,2,2,2,2,2,2,2,2,2,2,2,2,2,2,2,2,2,2,2,2
tid_1750,2,2,2,2,2,2,2,2,2,2,2,2,2,2,2,2,2,2,2,2,2
tid_1751,2,2,2,2,2,2,2,2,2,2,2,2,2,2,2,2,2,2,2,2,2
tid_1752,2,2,2,2,2,2,2,2,2,2,2,2,2,2,2,2,2,2,2,2,2
tid_1753,2,2,2,2,2,2,2,2,2,2,2,2,2,2,2,2,2,2,2,2,2
tid_1754,2,2,2,2,2,2,2,2,2,2,2,2,2,2,2,2,2,2,2,2,2
tid_1755,2,2,2,2,2,2,2,2,2,2,2,2,2,2,2,2,2,2,2,2,2
tid_1756,2,2,2,2,2,2,2,2,2,2,2,2,2,2,2,2,2,2,2,2,2
tid_1757,2,2,2,2,2,2,2,2,2,2,2,2,2,2,2,2,2,2,2,2,2
tid_1758,1,1,1,1,1,1,1,1,1,1,1,1,1,1,1,1,1,1,1,1,1
tid_1759,2,2,2,2,2,2,2,2,2,2,2,2,2,2,2,2,2,2,2,2,2
tid_1760,2,2,2,2,2,2,2,2,2,2,2,2,2,2,2,2,2,2,2,2,2
tid_1761,2,2,2,2,2,2,2,2,2,2,2,2,2,2,2,2,2,2,2,2,2
tid_1762,2,2,2,2,2,2,2,2,2,2,2,2,2,2,2,2,2,2,2,2,2
tid_1764,1,1,1,1,1,1,1,1,1,1,1,1,1,1,1,1,1,1,1,1,1
tid_1765,1,1,1,1,1,1,1,1,1,1,1,1,1,1,1,1,1,1,1,1,1
tid_1766,2,2,2,2,2,2,2,2,2,2,2,2,2,2,2,2,2,2,2,2,2
tid_1768,2,2,2,2,2,2,2,2,2,2,2,2,2,2,2,2,2,2,2,2,2
tid_1769,2,2,2,2,2,2,2,2,2,2,2,2,2,2,2,2,2,2,2,2,2
tid_1770,2,2,2,2,2,2,2,2,2,2,2,2,2,2,2,2,2,2,2,2,2
tid_1771,2,2,2,2,2,2,2,2,2,2,2,2,2,2,2,2,2,2,2,2,2
tid_1773,2,2,2,2,2,2,2,2,2,2,2,2,2,2,2,2,2,2,2,2,2
tid_1774,2,2,2,2,2,2,2,2,2,2,2,2,2,2,2,2,2,2,2,2,2
tid_1775,2,2,2,2,2,2,2,2,2,2,2,2,2,2,2,2,2,2,2,2,2
tid_1776,2,2,2,2,2,2,2,2,2,2,2,2,2,2,2,2,2,2,2,2,2
tid_1777,2,2,2,2,2,2,2,2,2,2,2,2,2,2,2,2,2,2,2,2,2
tid_1778,2,2,2,2,2,2,2,2,2,2,2,2,2,2,2,2,2,2,2,2,2
tid_1780,2,2,2,2,2,2,2,2,2,2,2,2,2,2,2,2,2,2,2,2,2
tid_1781,2,2,2,2,2,2,2,2,2,2,2,2,2,2,2,2,2,2,2,2,2
tid_1782,2,2,2,2,2,2,2,2,2,2,2,2,2,2,2,2,2,2,2,2,2
tid_1783,1,1,1,1,1,1,1,1,1,1,1,1,1,1,1,1,1,1,1,1,1
tid_1784,2,2,2,2,2,2,2,2,2,2,2,2,2,2,2,2,2,2,2,2,2
tid_1785,2,2,2,2,2,2,2,2,2,2,2,2,2,2,2,2,2,2,2,2,2
tid_1786,2,2,2,2,2,2,2,2,2,2,2,2,2,2,2,2,2,2,2,2,2
tid_1787,2,2,2,2,2,2,2,2,2,2,2,2,2,2,2,2,2,2,2,2,2
tid_1788,2,2,2,2,2,2,2,2,2,2,2,2,2,2,2,2,2,2,2,2,2
tid_18,1,1,1,1,1,1,1,1,1,1,1,1,1,1,1,1,1,1,1,1,1
tid_181,2,2,2,2,2,2,2,2,2,2,2,2,2,2,2,2,2,2,2,2,2
tid_184,2,2,2,2,2,2,2,2,2,2,2,2,2,2,2,2,2,2,2,2,2
tid_1845,0,0,0,0,0,0,0,0,0,0,0,0,0,0,0,0,0,0,0,0,0
tid_1846,2,2,2,2,2,2,2,2,2,2,2,2,2,2,2,2,2,2,2,2,2
tid_1848,2,2,2,2,2,2,2,2,2,2,2,2,2,2,2,2,2,2,2,2,2
tid_1849,2,2,2,2,2,2,2,2,2,2,2,2,2,2,2,2,2,2,2,2,2
tid_185,1,1,1,1,1,1,1,1,1,1,1,1,1,1,1,1,1,1,1,1,1
tid_1850,2,2,2,2,2,2,2,2,2,2,2,2,2,2,2,2,2,2,2,2,2
tid_1851,2,2,2,2,2,2,2,2,2,2,2,2,2,2,2,2,2,2,2,2,2
tid_1852,2,2,2,2,2,2,2,2,2,2,2,2,2,2,2,2,2,2,2,2,2
tid_1853,2,2,2,2,2,2,2,2,2,2,2,2,2,2,2,2,2,2,2,2,2
tid_1854,2,2,2,2,2,2,2,2,2,2,2,2,2,2,2,2,2,2,2,2,2
tid_1855,2,2,2,2,2,2,2,2,2,2,2,2,2,2,2,2,2,2,2,2,2
tid_1856,2,2,2,2,2,2,2,2,2,2,2,2,2,2,2,2,2,2,2,2,2
tid_1857,2,2,2,2,2,2,2,2,2,2,2,2,2,2,2,2,2,2,2,2,2
tid_1858,2,2,2,2,2,2,2,2,2,2,2,2,2,2,2,2,2,2,2,2,2
tid_1859,2,2,2,2,2,2,2,2,2,2,2,2,2,2,2,2,2,2,2,2,2
tid_1860,2,2,2,2,2,2,2,2,2,2,2,2,2,2,2,2,2,2,2,2,2
tid_1861,2,2,2,2,2,2,2,2,2,2,2,2,2,2,2,2,2,2,2,2,2
tid_1862,2,2,2,2,2,2,2,2,2,2,2,2,2,2,2,2,2,2,2,2,2
tid_1863,1,1,1,1,1,1,1,1,1,1,1,1,1,1,1,1,1,1,1,1,1
tid_1864,2,2,2,2,2,2,2,2,2,2,2,2,2,2,2,2,2,2,2,2,2
tid_1865,2,2,2,2,2,2,2,2,2,2,2,2,2,2,2,2,2,2,2,2,2
tid_1868,2,2,2,2,2,2,2,2,2,2,2,2,2,2,2,2,2,2,2,2,2
tid_1869,2,2,2,2,2,2,2,2,2,2,2,2,2,2,2,2,2,2,2,2,2
tid_1870,2,2,2,2,2,2,2,2,2,2,2,2,2,2,2,2,2,2,2,2,2
tid_1871,2,2,2,2,2,2,2,2,2,2,2,2,2,2,2,2,2,2,2,2,2
tid_1872,2,2,2,2,2,2,2,2,2,2,2,2,2,2,2,2,2,2,2,2,2
tid_1873,2,2,2,2,2,2,2,2,2,2,2,2,2,2,2,2,2,2,2,2,2
tid_1874,0,0,0,0,0,0,0,0,0,0,0,0,0,0,0,0,0,0,0,0,0
tid_1875,1,1,1,1,1,1,1,1,1,1,1,1,1,1,1,1,1,1,1,1,1
tid_1876,1,1,1,1,1,1,1,1,1,1,1,1,1,1,1,1,1,1,1,1,1
tid_1877,1,1,1,1,1,1,1,1,1,1,1,1,1,1,1,1,1,1,1,1,1
tid_1878,2,2,2,2,2,2,2,2,2,2,2,2,2,2,2,2,2,2,2,2,2
tid_1879,1,1,1,1,1,1,1,1,1,1,1,1,1,1,1,1,1,1,1,1,1
tid_188,2,2,2,2,2,2,2,2,2,2,2,2,2,2,2,2,2,2,2,2,2
tid_1880,2,2,2,2,2,2,2,2,2,2,2,2,2,2,2,2,2,2,2,2,2
tid_1881,1,1,1,1,1,1,1,1,1,1,1,1,1,1,1,1,1,1,1,1,1
tid_1883,1,1,1,1,1,1,1,1,1,1,1,1,1,1,1,1,1,1,1,1,1
tid_1884,2,2,2,2,2,2,2,2,2,2,2,2,2,2,2,2,2,2,2,2,2
tid_1885,2,2,2,2,2,2,2,2,2,2,2,2,2,2,2,2,2,2,2,2,2
tid_1886,2,2,2,2,2,2,2,2,2,2,2,2,2,2,2,2,2,2,2,2,2
tid_1887,2,2,2,2,2,2,2,2,2,2,2,2,2,2,2,2,2,2,2,2,2
tid_1888,2,2,2,2,2,2,2,2,2,2,2,2,2,2,2,2,2,2,2,2,2
tid_1889,2,2,2,2,2,2,2,2,2,2,2,2,2,2,2,2,2,2,2,2,2
tid_1890,1,1,1,1,1,1,1,1,1,1,1,1,1,1,1,1,1,1,1,1,1
tid_1891,2,2,2,2,2,2,2,2,2,2,2,2,2,2,2,2,2,2,2,2,2
tid_1892,2,2,2,2,2,2,2,2,2,2,2,2,2,2,2,2,2,2,2,2,2
tid_1893,2,2,2,2,2,2,2,2,2,2,2,2,2,2,2,2,2,2,2,2,2
tid_1894,2,2,2,2,2,2,2,2,2,2,2,2,2,2,2,2,2,2,2,2,2
tid_1895,2,2,2,2,2,2,2,2,2,2,2,2,2,2,2,2,2,2,2,2,2
tid_1896,2,2,2,2,2,2,2,2,2,2,2,2,2,2,2,2,2,2,2,2,2
tid_1897,2,2,2,2,2,2,2,2,2,2,2,2,2,2,2,2,2,2,2,2,2
tid_1898,2,2,2,2,2,2,2,2,2,2,2,2,2,2,2,2,2,2,2,2,2
tid_1899,1,1,1,1,1,1,1,1,1,1,1,1,1,1,1,1,1,1,1,1,1
tid_19,2,2,2,2,2,2,2,2,2,2,2,2,2,2,2,2,2,2,2,2,2
tid_1900,2,2,2,2,2,2,2,2,2,2,2,2,2,2,2,2,2,2,2,2,2
tid_1901,2,2,2,2,2,2,2,2,2,2,2,2,2,2,2,2,2,2,2,2,2
tid_1902,2,2,2,2,2,2,2,2,2,2,2,2,2,2,2,2,2,2,2,2,2
tid_1903,2,2,2,2,2,2,2,2,2,2,2,2,2,2,2,2,2,2,2,2,2
tid_1904,1,1,1,1,1,1,1,1,1,1,1,1,1,1,1,1,1,1,1,1,1
tid_1905,1,1,1,1,1,1,1,1,1,1,1,1,1,1,1,1,1,1,1,1,1
tid_1906,1,1,1,1,1,1,1,1,1,1,1,1,1,1,1,1,1,1,1,1,1
tid_1907,2,2,2,2,2,2,2,2,2,2,2,2,2,2,2,2,2,2,2,2,2
tid_1908,2,2,2,2,2,2,2,2,2,2,2,2,2,2,2,2,2,2,2,2,2
tid_1909,2,2,2,2,2,2,2,2,2,2,2,2,2,2,2,2,2,2,2,2,2
tid_191,1,1,1,1,1,1,1,1,1,1,1,1,1,1,1,1,1,1,1,1,1
tid_1910,2,2,2,2,2,2,2,2,2,2,2,2,2,2,2,2,2,2,2,2,2
tid_1912,2,2,2,2,2,2,2,2,2,2,2,2,2,2,2,2,2,2,2,2,2
tid_1915,2,2,2,2,2,2,2,2,2,2,2,2,2,2,2,2,2,2,2,2,2
tid_1916,2,2,2,2,2,2,2,2,2,2,2,2,2,2,2,2,2,2,2,2,2
tid_1917,2,2,2,2,2,2,2,2,2,2,2,2,2,2,2,2,2,2,2,2,2
tid_1918,2,2,2,2,2,2,2,2,2,2,2,2,2,2,2,2,2,2,2,2,2
tid_1919,1,1,1,1,1,1,1,1,1,1,1,1,1,1,1,1,1,1,1,1,1
tid_1920,1,1,1,1,1,1,1,1,1,1,1,1,1,1,1,1,1,1,1,1,1
tid_1921,2,2,2,2,2,2,2,2,2,2,2,2,2,2,2,2,2,2,2,2,2
tid_1922,1,1,1,1,1,1,1,1,1,1,1,1,1,1,1,1,1,1,1,1,1
tid_1923,2,2,2,2,2,2,2,2,2,2,2,2,2,2,2,2,2,2,2,2,2
tid_1924,2,2,2,2,2,2,2,2,2,2,2,2,2,2,2,2,2,2,2,2,2
tid_1925,2,2,2,2,2,2,2,2,2,2,2,2,2,2,2,2,2,2,2,2,2
tid_1926,2,2,2,2,2,2,2,2,2,2,2,2,2,2,2,2,2,2,2,2,2
tid_1927,2,2,2,2,2,2,2,2,2,2,2,2,2,2,2,2,2,2,2,2,2
tid_1928,2,2,2,2,2,2,2,2,2,2,2,2,2,2,2,2,2,2,2,2,2
tid_1929,2,2,2,2,2,2,2,2,2,2,2,2,2,2,2,2,2,2,2,2,2
tid_1930,2,2,2,2,2,2,2,2,2,2,2,2,2,2,2,2,2,2,2,2,2
tid_1931,2,2,2,2,2,2,2,2,2,2,2,2,2,2,2,2,2,2,2,2,2
tid_1932,2,2,2,2,2,2,2,2,2,2,2,2,2,2,2,2,2,2,2,2,2
tid_1933,2,2,2,2,2,2,2,2,2,2,2,2,2,2,2,2,2,2,2,2,2
tid_1934,2,2,2,2,2,2,2,2,2,2,2,2,2,2,2,2,2,2,2,2,2
tid_1935,2,2,2,2,2,2,2,2,2,2,2,2,2,2,2,2,2,2,2,2,2
tid_1936,1,1,1,1,1,1,1,1,1,1,1,1,1,1,1,1,1,1,1,1,1
tid_1937,2,2,2,2,2,2,2,2,2,2,2,2,2,2,2,2,2,2,2,2,2
tid_1938,2,2,2,2,2,2,2,2,2,2,2,2,2,2,2,2,2,2,2,2,2
tid_1939,2,2,2,2,2,2,2,2,2,2,2,2,2,2,2,2,2,2,2,2,2
tid_194,0,0,0,0,0,0,0,0,0,0,0,0,0,0,0,0,0,0,0,0,0
tid_1940,2,2,2,2,2,2,2,2,2,2,2,2,2,2,2,2,2,2,2,2,2
tid_1941,2,2,2,2,2,2,2,2,2,2,2,2,2,2,2,2,2,2,2,2,2
tid_1942,2,2,2,2,2,2,2,2,2,2,2,2,2,2,2,2,2,2,2,2,2
tid_1943,2,2,2,2,2,2,2,2,2,2,2,2,2,2,2,2,2,2,2,2,2
tid_1944,2,2,2,2,2,2,2,2,2,2,2,2,2,2,2,2,2,2,2,2,2
tid_1945,2,2,2,2,2,2,2,2,2,2,2,2,2,2,2,2,2,2,2,2,2
tid_1947,2,2,2,2,2,2,2,2,2,2,2,2,2,2,2,2,2,2,2,2,2
tid_1948,2,2,2,2,2,2,2,2,2,2,2,2,2,2,2,2,2,2,2,2,2
tid_1949,2,2,2,2,2,2,2,2,2,2,2,2,2,2,2,2,2,2,2,2,2
tid_195,1,1,1,1,1,1,1,1,1,1,1,1,1,1,1,1,1,1,1,1,1
tid_1950,2,2,2,2,2,2,2,2,2,2,2,2,2,2,2,2,2,2,2,2,2
tid_1951,2,2,2,2,2,2,2,2,2,2,2,2,2,2,2,2,2,2,2,2,2
tid_1952,1,1,1,1,1,1,1,1,1,1,1,1,1,1,1,1,1,1,1,1,1
tid_1954,3,3,3,3,3,3,3,3,3,3,3,3,3,3,3,3,3,3,3,3,3
tid_1955,3,3,3,3,3,3,3,3,3,3,3,3,3,3,3,3,3,3,3,3,3
tid_1956,3,3,3,3,3,3,3,3,3,3,3,3,3,3,3,3,3,3,3,3,3
tid_1957,3,3,3,3,3,3,3,3,3,3,3,3,3,3,3,3,3,3,3,3,3
tid_1958,3,3,3,3,3,3,3,3,3,3,3,3,3,3,3,3,3,3,3,3,3
tid_1959,3,3,3,3,3,3,3,3,3,3,3,3,3,3,3,3,3,3,3,3,3
tid_196,0,0,0,0,0,0,0,0,0,0,0,0,0,0,0,0,0,0,0,0,0
tid_1960,3,3,3,3,3,3,3,3,3,3,3,3,3,3,3,3,3,3,3,3,3
tid_1961,3,3,3,3,3,3,3,3,3,3,3,3,3,3,3,3,3,3,3,3,3
tid_1962,3,3,3,3,3,3,3,3,3,3,3,3,3,3,3,3,3,3,3,3,3
tid_1963,3,3,3,3,3,3,3,3,3,3,3,3,3,3,3,3,3,3,3,3,3
tid_1965,3,3,3,3,3,3,3,3,3,3,3,3,3,3,3,3,3,3,3,3,3
tid_1966,3,3,3,3,3,3,3,3,3,3,3,3,3,3,3,3,3,3,3,3,3
tid_1967,3,3,3,3,3,3,3,3,3,3,3,3,3,3,3,3,3,3,3,3,3
tid_1968,3,3,3,3,3,3,3,3,3,3,3,3,3,3,3,3,3,3,3,3,3
tid_1969,3,3,3,3,3,3,3,3,3,3,3,3,3,3,3,3,3,3,3,3,3
tid_1970,3,3,3,3,3,3,3,3,3,3,3,3,3,3,3,3,3,3,3,3,3
tid_1971,0,0,0,0,0,0,0,0,0,0,0,0,0,0,0,0,0,0,0,0,0
tid_1972,1,1,1,1,1,1,1,1,1,1,1,1,1,1,1,1,1,1,1,1,1
tid_1973,2,2,2,2,2,2,2,2,2,2,2,2,2,2,2,2,2,2,2,2,2
tid_1974,1,1,1,1,1,1,1,1,1,1,1,1,1,1,1,1,1,1,1,1,1
tid_1975,2,2,2,2,2,2,2,2,2,2,2,2,2,2,2,2,2,2,2,2,2
tid_1976,2,2,2,2,2,2,2,2,2,2,2,2,2,2,2,2,2,2,2,2,2
tid_1977,0,0,0,0,0,0,0,0,0,0,0,0,0,0,0,0,0,0,0,0,0
tid_1978,1,1,1,1,1,1,1,1,1,1,1,1,1,1,1,1,1,1,1,1,1
tid_1979,0,0,0,0,0,0,0,0,0,0,0,0,0,0,0,0,0,0,0,0,0
tid_198,1,1,1,1,1,1,1,1,1,1,1,1,1,1,1,1,1,1,1,1,1
tid_1980,1,1,1,1,1,1,1,1,1,1,1,1,1,1,1,1,1,1,1,1,1
tid_1981,1,1,1,1,1,1,1,1,1,1,1,1,1,1,1,1,1,1,1,1,1
tid_1982,1,1,1,1,1,1,1,1,1,1,1,1,1,1,1,1,1,1,1,1,1
tid_1983,1,1,1,1,1,1,1,1,1,1,1,1,1,1,1,1,1,1,1,1,1
tid_1984,2,2,2,2,2,2,2,2,2,2,2,2,2,2,2,2,2,2,2,2,2
tid_1985,1,1,1,1,1,1,1,1,1,1,1,1,1,1,1,1,1,1,1,1,1
tid_1986,1,1,1,1,1,1,1,1,1,1,1,1,1,1,1,1,1,1,1,1,1
tid_1987,1,1,1,1,1,1,1,1,1,1,1,1,1,1,1,1,1,1,1,1,1
tid_1988,2,2,2,2,2,2,2,2,2,2,2,2,2,2,2,2,2,2,2,2,2
tid_1989,2,2,2,2,2,2,2,2,2,2,2,2,2,2,2,2,2,2,2,2,2
tid_1990,1,1,1,1,1,1,1,1,1,1,1,1,1,1,1,1,1,1,1,1,1
tid_1991,1,1,1,1,1,1,1,1,1,1,1,1,1,1,1,1,1,1,1,1,1
tid_1992,2,2,2,2,2,2,2,2,2,2,2,2,2,2,2,2,2,2,2,2,2
tid_1993,1,1,1,1,1,1,1,1,1,1,1,1,1,1,1,1,1,1,1,1,1
tid_1994,2,2,2,2,2,2,2,2,2,2,2,2,2,2,2,2,2,2,2,2,2
tid_1995,1,1,1,1,1,1,1,1,1,1,1,1,1,1,1,1,1,1,1,1,1
tid_1996,1,1,1,1,1,1,1,1,1,1,1,1,1,1,1,1,1,1,1,1,1
tid_1997,2,2,2,2,2,2,2,2,2,2,2,2,2,2,2,2,2,2,2,2,2
tid_1999,1,1,1,1,1,1,1,1,1,1,1,1,1,1,1,1,1,1,1,1,1
tid_2,1,1,1,1,1,1,1,1,1,1,1,1,1,1,1,1,1,1,1,1,1
tid_20,1,1,1,1,1,1,1,1,1,1,1,1,1,1,1,1,1,1,1,1,1
tid_2000,1,1,1,1,1,1,1,1,1,1,1,1,1,1,1,1,1,1,1,1,1
tid_2001,2,2,2,2,2,2,2,2,2,2,2,2,2,2,2,2,2,2,2,2,2
tid_2002,1,1,1,1,1,1,1,1,1,1,1,1,1,1,1,1,1,1,1,1,1
tid_2004,1,1,1,1,1,1,1,1,1,1,1,1,1,1,1,1,1,1,1,1,1
tid_2005,1,1,1,1,1,1,1,1,1,1,1,1,1,1,1,1,1,1,1,1,1
tid_2006,1,1,1,1,1,1,1,1,1,1,1,1,1,1,1,1,1,1,1,1,1
tid_2007,2,2,2,2,2,2,2,2,2,2,2,2,2,2,2,2,2,2,2,2,2
tid_2008,1,1,1,1,1,1,1,1,1,1,1,1,1,1,1,1,1,1,1,1,1
tid_2009,2,2,2,2,2,2,2,2,2,2,2,2,2,2,2,2,2,2,2,2,2
tid_201,0,0,0,0,0,0,0,0,0,0,0,0,0,0,0,0,0,0,0,0,0
tid_2010,1,1,1,1,1,1,1,1,1,1,1,1,1,1,1,1,1,1,1,1,1
tid_2011,1,1,1,1,1,1,1,1,1,1,1,1,1,1,1,1,1,1,1,1,1
tid_2012,1,1,1,1,1,1,1,1,1,1,1,1,1,1,1,1,1,1,1,1,1
tid_2015,2,2,2,2,2,2,2,2,2,2,2,2,2,2,2,2,2,2,2,2,2
tid_2017,2,2,2,2,2,2,2,2,2,2,2,2,2,2,2,2,2,2,2,2,2
tid_2018,2,2,2,2,2,2,2,2,2,2,2,2,2,2,2,2,2,2,2,2,2
tid_2019,1,1,1,1,1,1,1,1,1,1,1,1,1,1,1,1,1,1,1,1,1
tid_2021,1,1,1,1,1,1,1,1,1,1,1,1,1,1,1,1,1,1,1,1,1
tid_2022,2,2,2,2,2,2,2,2,2,2,2,2,2,2,2,2,2,2,2,2,2
tid_2023,2,2,2,2,2,2,2,2,2,2,2,2,2,2,2,2,2,2,2,2,2
tid_2024,1,1,1,1,1,1,1,1,1,1,1,1,1,1,1,1,1,1,1,1,1
tid_2025,1,1,1,1,1,1,1,1,1,1,1,1,1,1,1,1,1,1,1,1,1
tid_2027,2,2,2,2,2,2,2,2,2,2,2,2,2,2,2,2,2,2,2,2,2
tid_2028,2,2,2,2,2,2,2,2,2,2,2,2,2,2,2,2,2,2,2,2,2
tid_203,2,2,2,2,2,2,2,2,2,2,2,2,2,2,2,2,2,2,2,2,2
tid_2030,1,1,1,1,1,1,1,1,1,1,1,1,1,1,1,1,1,1,1,1,1
tid_2031,2,2,2,2,2,2,2,2,2,2,2,2,2,2,2,2,2,2,2,2,2
tid_2032,1,1,1,1,1,1,1,1,1,1,1,1,1,1,1,1,1,1,1,1,1
tid_2033,1,1,1,1,1,1,1,1,1,1,1,1,1,1,1,1,1,1,1,1,1
tid_2034,1,1,1,1,1,1,1,1,1,1,1,1,1,1,1,1,1,1,1,1,1
tid_2035,2,2,2,2,2,2,2,2,2,2,2,2,2,2,2,2,2,2,2,2,2
tid_2036,2,2,2,2,2,2,2,2,2,2,2,2,2,2,2,2,2,2,2,2,2
tid_2037,2,2,2,2,2,2,2,2,2,2,2,2,2,2,2,2,2,2,2,2,2
tid_2039,2,2,2,2,2,2,2,2,2,2,2,2,2,2,2,2,2,2,2,2,2
tid_204,1,1,1,1,1,1,1,1,1,1,1,1,1,1,1,1,1,1,1,1,1
tid_2040,1,1,1,1,1,1,1,1,1,1,1,1,1,1,1,1,1,1,1,1,1
tid_2041,2,2,2,2,2,2,2,2,2,2,2,2,2,2,2,2,2,2,2,2,2
tid_2042,2,2,2,2,2,2,2,2,2,2,2,2,2,2,2,2,2,2,2,2,2
tid_2043,2,2,2,2,2,2,2,2,2,2,2,2,2,2,2,2,2,2,2,2,2
tid_2044,1,1,1,1,1,1,1,1,1,1,1,1,1,1,1,1,1,1,1,1,1
tid_2045,2,2,2,2,2,2,2,2,2,2,2,2,2,2,2,2,2,2,2,2,2
tid_2046,2,2,2,2,2,2,2,2,2,2,2,2,2,2,2,2,2,2,2,2,2
tid_2047,1,1,1,1,1,1,1,1,1,1,1,1,1,1,1,1,1,1,1,1,1
tid_2048,1,1,1,1,1,1,1,1,1,1,1,1,1,1,1,1,1,1,1,1,1
tid_2049,2,2,2,2,2,2,2,2,2,2,2,2,2,2,2,2,2,2,2,2,2
tid_205,1,1,1,1,1,1,1,1,1,1,1,1,1,1,1,1,1,1,1,1,1
tid_2050,2,2,2,2,2,2,2,2,2,2,2,2,2,2,2,2,2,2,2,2,2
tid_2051,2,2,2,2,2,2,2,2,2,2,2,2,2,2,2,2,2,2,2,2,2
tid_2052,2,2,2,2,2,2,2,2,2,2,2,2,2,2,2,2,2,2,2,2,2
tid_2053,2,2,2,2,2,2,2,2,2,2,2,2,2,2,2,2,2,2,2,2,2
tid_2054,2,2,2,2,2,2,2,2,2,2,2,2,2,2,2,2,2,2,2,2,2
tid_2055,2,2,2,2,2,2,2,2,2,2,2,2,2,2,2,2,2,2,2,2,2
tid_2056,2,2,2,2,2,2,2,2,2,2,2,2,2,2,2,2,2,2,2,2,2
tid_2057,2,2,2,2,2,2,2,2,2,2,2,2,2,2,2,2,2,2,2,2,2
tid_2058,2,2,2,2,2,2,2,2,2,2,2,2,2,2,2,2,2,2,2,2,2
tid_2059,2,2,2,2,2,2,2,2,2,2,2,2,2,2,2,2,2,2,2,2,2
tid_206,1,1,1,1,1,1,1,1,1,1,1,1,1,1,1,1,1,1,1,1,1
tid_2060,1,1,1,1,1,1,1,1,1,1,1,1,1,1,1,1,1,1,1,1,1
tid_2061,2,2,2,2,2,2,2,2,2,2,2,2,2,2,2,2,2,2,2,2,2
tid_2062,1,1,1,1,1,1,1,1,1,1,1,1,1,1,1,1,1,1,1,1,1
tid_2063,1,1,1,1,1,1,1,1,1,1,1,1,1,1,1,1,1,1,1,1,1
tid_2064,2,2,2,2,2,2,2,2,2,2,2,2,2,2,2,2,2,2,2,2,2
tid_2065,2,2,2,2,2,2,2,2,2,2,2,2,2,2,2,2,2,2,2,2,2
tid_2066,2,2,2,2,2,2,2,2,2,2,2,2,2,2,2,2,2,2,2,2,2
tid_2067,2,2,2,2,2,2,2,2,2,2,2,2,2,2,2,2,2,2,2,2,2
tid_2068,2,2,2,2,2,2,2,2,2,2,2,2,2,2,2,2,2,2,2,2,2
tid_2069,2,2,2,2,2,2,2,2,2,2,2,2,2,2,2,2,2,2,2,2,2
tid_207,1,1,1,1,1,1,1,1,1,1,1,1,1,1,1,1,1,1,1,1,1
tid_2070,2,2,2,2,2,2,2,2,2,2,2,2,2,2,2,2,2,2,2,2,2
tid_2072,2,2,2,2,2,2,2,2,2,2,2,2,2,2,2,2,2,2,2,2,2
tid_2073,2,2,2,2,2,2,2,2,2,2,2,2,2,2,2,2,2,2,2,2,2
tid_2074,1,1,1,1,1,1,1,1,1,1,1,1,1,1,1,1,1,1,1,1,1
tid_2075,2,2,2,2,2,2,2,2,2,2,2,2,2,2,2,2,2,2,2,2,2
tid_2076,2,2,2,2,2,2,2,2,2,2,2,2,2,2,2,2,2,2,2,2,2
tid_2077,2,2,2,2,2,2,2,2,2,2,2,2,2,2,2,2,2,2,2,2,2
tid_2078,2,2,2,2,2,2,2,2,2,2,2,2,2,2,2,2,2,2,2,2,2
tid_2079,2,2,2,2,2,2,2,2,2,2,2,2,2,2,2,2,2,2,2,2,2
tid_208,2,2,2,2,2,2,2,2,2,2,2,2,2,2,2,2,2,2,2,2,2
tid_2080,2,2,2,2,2,2,2,2,2,2,2,2,2,2,2,2,2,2,2,2,2
tid_2081,2,2,2,2,2,2,2,2,2,2,2,2,2,2,2,2,2,2,2,2,2
tid_2082,2,2,2,2,2,2,2,2,2,2,2,2,2,2,2,2,2,2,2,2,2
tid_2085,2,2,2,2,2,2,2,2,2,2,2,2,2,2,2,2,2,2,2,2,2
tid_2087,2,2,2,2,2,2,2,2,2,2,2,2,2,2,2,2,2,2,2,2,2
tid_2088,2,2,2,2,2,2,2,2,2,2,2,2,2,2,2,2,2,2,2,2,2
tid_2089,2,2,2,2,2,2,2,2,2,2,2,2,2,2,2,2,2,2,2,2,2
tid_209,1,1,1,1,1,1,1,1,1,1,1,1,1,1,1,1,1,1,1,1,1
tid_2090,2,2,2,2,2,2,2,2,2,2,2,2,2,2,2,2,2,2,2,2,2
tid_2091,2,2,2,2,2,2,2,2,2,2,2,2,2,2,2,2,2,2,2,2,2
tid_2093,2,2,2,2,2,2,2,2,2,2,2,2,2,2,2,2,2,2,2,2,2
tid_2094,2,2,2,2,2,2,2,2,2,2,2,2,2,2,2,2,2,2,2,2,2
tid_2095,2,2,2,2,2,2,2,2,2,2,2,2,2,2,2,2,2,2,2,2,2
tid_2096,2,2,2,2,2,2,2,2,2,2,2,2,2,2,2,2,2,2,2,2,2
tid_2098,2,2,2,2,2,2,2,2,2,2,2,2,2,2,2,2,2,2,2,2,2
tid_21,0,0,0,0,0,0,0,0,0,0,0,0,0,0,0,0,0,0,0,0,0
tid_210,2,2,2,2,2,2,2,2,2,2,2,2,2,2,2,2,2,2,2,2,2
tid_2100,2,2,2,2,2,2,2,2,2,2,2,2,2,2,2,2,2,2,2,2,2
tid_2101,1,1,1,1,1,1,1,1,1,1,1,1,1,1,1,1,1,1,1,1,1
tid_2105,2,2,2,2,2,2,2,2,2,2,2,2,2,2,2,2,2,2,2,2,2
tid_2108,1,1,1,1,1,1,1,1,1,1,1,1,1,1,1,1,1,1,1,1,1
tid_2109,2,2,2,2,2,2,2,2,2,2,2,2,2,2,2,2,2,2,2,2,2
tid_211,1,1,1,1,1,1,1,1,1,1,1,1,1,1,1,1,1,1,1,1,1
tid_2110,2,2,2,2,2,2,2,2,2,2,2,2,2,2,2,2,2,2,2,2,2
tid_2111,2,2,2,2,2,2,2,2,2,2,2,2,2,2,2,2,2,2,2,2,2
tid_2112,2,2,2,2,2,2,2,2,2,2,2,2,2,2,2,2,2,2,2,2,2
tid_2113,2,2,2,2,2,2,2,2,2,2,2,2,2,2,2,2,2,2,2,2,2
tid_2114,2,2,2,2,2,2,2,2,2,2,2,2,2,2,2,2,2,2,2,2,2
tid_2116,2,2,2,2,2,2,2,2,2,2,2,2,2,2,2,2,2,2,2,2,2
tid_2117,2,2,2,2,2,2,2,2,2,2,2,2,2,2,2,2,2,2,2,2,2
tid_2118,2,2,2,2,2,2,2,2,2,2,2,2,2,2,2,2,2,2,2,2,2
tid_2119,1,1,1,1,1,1,1,1,1,1,1,1,1,1,1,1,1,1,1,1,1
tid_212,1,1,1,1,1,1,1,1,1,1,1,1,1,1,1,1,1,1,1,1,1
tid_2120,2,2,2,2,2,2,2,2,2,2,2,2,2,2,2,2,2,2,2,2,2
tid_2121,2,2,2,2,2,2,2,2,2,2,2,2,2,2,2,2,2,2,2,2,2
tid_2122,2,2,2,2,2,2,2,2,2,2,2,2,2,2,2,2,2,2,2,2,2
tid_2124,1,1,1,1,1,1,1,1,1,1,1,1,1,1,1,1,1,1,1,1,1
tid_2125,2,2,2,2,2,2,2,2,2,2,2,2,2,2,2,2,2,2,2,2,2
tid_2126,2,2,2,2,2,2,2,2,2,2,2,2,2,2,2,2,2,2,2,2,2
tid_2127,2,2,2,2,2,2,2,2,2,2,2,2,2,2,2,2,2,2,2,2,2
tid_2128,2,2,2,2,2,2,2,2,2,2,2,2,2,2,2,2,2,2,2,2,2
tid_2129,2,2,2,2,2,2,2,2,2,2,2,2,2,2,2,2,2,2,2,2,2
tid_213,2,2,2,2,2,2,2,2,2,2,2,2,2,2,2,2,2,2,2,2,2
tid_2130,2,2,2,2,2,2,2,2,2,2,2,2,2,2,2,2,2,2,2,2,2
tid_2131,2,2,2,2,2,2,2,2,2,2,2,2,2,2,2,2,2,2,2,2,2
tid_2132,2,2,2,2,2,2,2,2,2,2,2,2,2,2,2,2,2,2,2,2,2
tid_2133,2,2,2,2,2,2,2,2,2,2,2,2,2,2,2,2,2,2,2,2,2
tid_2134,2,2,2,2,2,2,2,2,2,2,2,2,2,2,2,2,2,2,2,2,2
tid_2136,2,2,2,2,2,2,2,2,2,2,2,2,2,2,2,2,2,2,2,2,2
tid_2137,2,2,2,2,2,2,2,2,2,2,2,2,2,2,2,2,2,2,2,2,2
tid_2138,2,2,2,2,2,2,2,2,2,2,2,2,2,2,2,2,2,2,2,2,2
tid_2139,2,2,2,2,2,2,2,2,2,2,2,2,2,2,2,2,2,2,2,2,2
tid_214,2,2,2,2,2,2,2,2,2,2,2,2,2,2,2,2,2,2,2,2,2
tid_2140,2,2,2,2,2,2,2,2,2,2,2,2,2,2,2,2,2,2,2,2,2
tid_2142,2,2,2,2,2,2,2,2,2,2,2,2,2,2,2,2,2,2,2,2,2
tid_2143,2,2,2,2,2,2,2,2,2,2,2,2,2,2,2,2,2,2,2,2,2
tid_2144,0,0,0,0,0,0,0,0,0,0,0,0,0,0,0,0,0,0,0,0,0
tid_2145,2,2,2,2,2,2,2,2,2,2,2,2,2,2,2,2,2,2,2,2,2
tid_2146,1,1,1,1,1,1,1,1,1,1,1,1,1,1,1,1,1,1,1,1,1
tid_2148,3,3,3,3,3,3,3,3,3,3,3,3,3,3,3,3,3,3,3,3,3
tid_2149,2,2,2,2,2,2,2,2,2,2,2,2,2,2,2,2,2,2,2,2,2
tid_215,2,2,2,2,2,2,2,2,2,2,2,2,2,2,2,2,2,2,2,2,2
tid_2150,2,2,2,2,2,2,2,2,2,2,2,2,2,2,2,2,2,2,2,2,2
tid_2151,2,2,2,2,2,2,2,2,2,2,2,2,2,2,2,2,2,2,2,2,2
tid_2152,2,2,2,2,2,2,2,2,2,2,2,2,2,2,2,2,2,2,2,2,2
tid_2153,2,2,2,2,2,2,2,2,2,2,2,2,2,2,2,2,2,2,2,2,2
tid_2154,2,2,2,2,2,2,2,2,2,2,2,2,2,2,2,2,2,2,2,2,2
tid_2155,2,2,2,2,2,2,2,2,2,2,2,2,2,2,2,2,2,2,2,2,2
tid_2156,2,2,2,2,2,2,2,2,2,2,2,2,2,2,2,2,2,2,2,2,2
tid_2157,2,2,2,2,2,2,2,2,2,2,2,2,2,2,2,2,2,2,2,2,2
tid_2158,2,2,2,2,2,2,2,2,2,2,2,2,2,2,2,2,2,2,2,2,2
tid_2159,2,2,2,2,2,2,2,2,2,2,2,2,2,2,2,2,2,2,2,2,2
tid_216,2,2,2,2,2,2,2,2,2,2,2,2,2,2,2,2,2,2,2,2,2
tid_2160,2,2,2,2,2,2,2,2,2,2,2,2,2,2,2,2,2,2,2,2,2
tid_2161,0,0,0,0,0,0,0,0,0,0,0,0,0,0,0,0,0,0,0,0,0
tid_2162,2,2,2,2,2,2,2,2,2,2,2,2,2,2,2,2,2,2,2,2,2
tid_2163,2,2,2,2,2,2,2,2,2,2,2,2,2,2,2,2,2,2,2,2,2
tid_2164,0,0,0,0,0,0,0,0,0,0,0,0,0,0,0,0,0,0,0,0,0
tid_2165,1,1,1,1,1,1,1,1,1,1,1,1,1,1,1,1,1,1,1,1,1
tid_2167,1,1,1,1,1,1,1,1,1,1,1,1,1,1,1,1,1,1,1,1,1
tid_2168,1,1,1,1,1,1,1,1,1,1,1,1,1,1,1,1,1,1,1,1,1
tid_2169,1,1,1,1,1,1,1,1,1,1,1,1,1,1,1,1,1,1,1,1,1
tid_217,2,2,2,2,2,2,2,2,2,2,2,2,2,2,2,2,2,2,2,2,2
tid_2171,2,2,2,2,2,2,2,2,2,2,2,2,2,2,2,2,2,2,2,2,2
tid_2172,2,2,2,2,2,2,2,2,2,2,2,2,2,2,2,2,2,2,2,2,2
tid_2173,1,1,1,1,1,1,1,1,1,1,1,1,1,1,1,1,1,1,1,1,1
tid_2174,2,2,2,2,2,2,2,2,2,2,2,2,2,2,2,2,2,2,2,2,2
tid_2175,2,2,2,2,2,2,2,2,2,2,2,2,2,2,2,2,2,2,2,2,2
tid_2176,2,2,2,2,2,2,2,2,2,2,2,2,2,2,2,2,2,2,2,2,2
tid_2177,1,1,1,1,1,1,1,1,1,1,1,1,1,1,1,1,1,1,1,1,1
tid_2178,2,2,2,2,2,2,2,2,2,2,2,2,2,2,2,2,2,2,2,2,2
tid_2179,2,2,2,2,2,2,2,2,2,2,2,2,2,2,2,2,2,2,2,2,2
tid_218,1,1,1,1,1,1,1,1,1,1,1,1,1,1,1,1,1,1,1,1,1
tid_2180,2,2,2,2,2,2,2,2,2,2,2,2,2,2,2,2,2,2,2,2,2
tid_2181,2,2,2,2,2,2,2,2,2,2,2,2,2,2,2,2,2,2,2,2,2
tid_2182,2,2,2,2,2,2,2,2,2,2,2,2,2,2,2,2,2,2,2,2,2
tid_2183,2,2,2,2,2,2,2,2,2,2,2,2,2,2,2,2,2,2,2,2,2
tid_2184,2,2,2,2,2,2,2,2,2,2,2,2,2,2,2,2,2,2,2,2,2
tid_2185,2,2,2,2,2,2,2,2,2,2,2,2,2,2,2,2,2,2,2,2,2
tid_2186,1,1,1,1,1,1,1,1,1,1,1,1,1,1,1,1,1,1,1,1,1
tid_2187,2,2,2,2,2,2,2,2,2,2,2,2,2,2,2,2,2,2,2,2,2
tid_2188,1,1,1,1,1,1,1,1,1,1,1,1,1,1,1,1,1,1,1,1,1
tid_2189,2,2,2,2,2,2,2,2,2,2,2,2,2,2,2,2,2,2,2,2,2
tid_219,2,2,2,2,2,2,2,2,2,2,2,2,2,2,2,2,2,2,2,2,2
tid_2190,0,0,0,0,0,0,0,0,0,0,0,0,0,0,0,0,0,0,0,0,0
tid_2191,1,1,1,1,1,1,1,1,1,1,1,1,1,1,1,1,1,1,1,1,1
tid_2192,1,1,1,1,1,1,1,1,1,1,1,1,1,1,1,1,1,1,1,1,1
tid_2193,1,1,1,1,1,1,1,1,1,1,1,1,1,1,1,1,1,1,1,1,1
tid_2194,1,1,1,1,1,1,1,1,1,1,1,1,1,1,1,1,1,1,1,1,1
tid_2195,1,1,1,1,1,1,1,1,1,1,1,1,1,1,1,1,1,1,1,1,1
tid_2196,2,2,2,2,2,2,2,2,2,2,2,2,2,2,2,2,2,2,2,2,2
tid_2197,2,2,2,2,2,2,2,2,2,2,2,2,2,2,2,2,2,2,2,2,2
tid_2198,2,2,2,2,2,2,2,2,2,2,2,2,2,2,2,2,2,2,2,2,2
tid_2199,1,1,1,1,1,1,1,1,1,1,1,1,1,1,1,1,1,1,1,1,1
tid_22,1,1,1,1,1,1,1,1,1,1,1,1,1,1,1,1,1,1,1,1,1
tid_220,2,2,2,2,2,2,2,2,2,2,2,2,2,2,2,2,2,2,2,2,2
tid_2200,2,2,2,2,2,2,2,2,2,2,2,2,2,2,2,2,2,2,2,2,2
tid_2201,2,2,2,2,2,2,2,2,2,2,2,2,2,2,2,2,2,2,2,2,2
tid_2202,1,1,1,1,1,1,1,1,1,1,1,1,1,1,1,1,1,1,1,1,1
tid_2203,1,1,1,1,1,1,1,1,1,1,1,1,1,1,1,1,1,1,1,1,1
tid_2204,2,2,2,2,2,2,2,2,2,2,2,2,2,2,2,2,2,2,2,2,2
tid_2205,2,2,2,2,2,2,2,2,2,2,2,2,2,2,2,2,2,2,2,2,2
tid_2206,2,2,2,2,2,2,2,2,2,2,2,2,2,2,2,2,2,2,2,2,2
tid_2207,2,2,2,2,2,2,2,2,2,2,2,2,2,2,2,2,2,2,2,2,2
tid_2208,2,2,2,2,2,2,2,2,2,2,2,2,2,2,2,2,2,2,2,2,2
tid_221,2,2,2,2,2,2,2,2,2,2,2,2,2,2,2,2,2,2,2,2,2
tid_2210,1,1,1,1,1,1,1,1,1,1,1,1,1,1,1,1,1,1,1,1,1
tid_2211,2,2,2,2,2,2,2,2,2,2,2,2,2,2,2,2,2,2,2,2,2
tid_2212,2,2,2,2,2,2,2,2,2,2,2,2,2,2,2,2,2,2,2,2,2
tid_2213,2,2,2,2,2,2,2,2,2,2,2,2,2,2,2,2,2,2,2,2,2
tid_2215,1,1,1,1,1,1,1,1,1,1,1,1,1,1,1,1,1,1,1,1,1
tid_2216,0,0,0,0,0,0,0,0,0,0,0,0,0,0,0,0,0,0,0,0,0
tid_2217,1,1,1,1,1,1,1,1,1,1,1,1,1,1,1,1,1,1,1,1,1
tid_2218,1,1,1,1,1,1,1,1,1,1,1,1,1,1,1,1,1,1,1,1,1
tid_2219,1,1,1,1,1,1,1,1,1,1,1,1,1,1,1,1,1,1,1,1,1
tid_222,1,1,1,1,1,1,1,1,1,1,1,1,1,1,1,1,1,1,1,1,1
tid_2220,1,1,1,1,1,1,1,1,1,1,1,1,1,1,1,1,1,1,1,1,1
tid_2221,0,0,0,0,0,0,0,0,0,0,0,0,0,0,0,0,0,0,0,0,0
tid_2222,1,1,1,1,1,1,1,1,1,1,1,1,1,1,1,1,1,1,1,1,1
tid_2223,1,1,1,1,1,1,1,1,1,1,1,1,1,1,1,1,1,1,1,1,1
tid_2224,1,1,1,1,1,1,1,1,1,1,1,1,1,1,1,1,1,1,1,1,1
tid_2225,1,1,1,1,1,1,1,1,1,1,1,1,1,1,1,1,1,1,1,1,1
tid_2226,0,0,0,0,0,0,0,0,0,0,0,0,0,0,0,0,0,0,0,0,0
tid_2227,1,1,1,1,1,1,1,1,1,1,1,1,1,1,1,1,1,1,1,1,1
tid_2228,1,1,1,1,1,1,1,1,1,1,1,1,1,1,1,1,1,1,1,1,1
tid_2229,1,1,1,1,1,1,1,1,1,1,1,1,1,1,1,1,1,1,1,1,1
tid_223,2,2,2,2,2,2,2,2,2,2,2,2,2,2,2,2,2,2,2,2,2
tid_2230,1,1,1,1,1,1,1,1,1,1,1,1,1,1,1,1,1,1,1,1,1
tid_2231,1,1,1,1,1,1,1,1,1,1,1,1,1,1,1,1,1,1,1,1,1
tid_2232,1,1,1,1,1,1,1,1,1,1,1,1,1,1,1,1,1,1,1,1,1
tid_2233,1,1,1,1,1,1,1,1,1,1,1,1,1,1,1,1,1,1,1,1,1
tid_2234,2,2,2,2,2,2,2,2,2,2,2,2,2,2,2,2,2,2,2,2,2
tid_2235,1,1,1,1,1,1,1,1,1,1,1,1,1,1,1,1,1,1,1,1,1
tid_2236,1,1,1,1,1,1,1,1,1,1,1,1,1,1,1,1,1,1,1,1,1
tid_2237,1,1,1,1,1,1,1,1,1,1,1,1,1,1,1,1,1,1,1,1,1
tid_2238,0,0,0,0,0,0,0,0,0,0,0,0,0,0,0,0,0,0,0,0,0
tid_224,1,1,1,1,1,1,1,1,1,1,1,1,1,1,1,1,1,1,1,1,1
tid_2241,1,1,1,1,1,1,1,1,1,1,1,1,1,1,1,1,1,1,1,1,1
tid_2242,0,0,0,0,0,0,0,0,0,0,0,0,0,0,0,0,0,0,0,0,0
tid_2243,1,1,1,1,1,1,1,1,1,1,1,1,1,1,1,1,1,1,1,1,1
tid_2244,3,3,3,3,3,3,3,3,3,3,3,3,3,3,3,3,3,3,3,3,3
tid_2245,1,1,1,1,1,1,1,1,1,1,1,1,1,1,1,1,1,1,1,1,1
tid_2248,1,1,1,1,1,1,1,1,1,1,1,1,1,1,1,1,1,1,1,1,1
tid_2249,3,3,3,3,3,3,3,3,3,3,3,3,3,3,3,3,3,3,3,3,3
tid_225,3,3,3,3,3,3,3,3,3,3,3,3,3,3,3,3,3,3,3,3,3
tid_2250,3,3,3,3,3,3,3,3,3,3,3,3,3,3,3,3,3,3,3,3,3
tid_2251,1,1,1,1,1,1,1,1,1,1,1,1,1,1,1,1,1,1,1,1,1
tid_2252,1,1,1,1,1,1,1,1,1,1,1,1,1,1,1,1,1,1,1,1,1
tid_2253,2,2,2,2,2,2,2,2,2,2,2,2,2,2,2,2,2,2,2,2,2
tid_2254,2,2,2,2,2,2,2,2,2,2,2,2,2,2,2,2,2,2,2,2,2
tid_2255,2,2,2,2,2,2,2,2,2,2,2,2,2,2,2,2,2,2,2,2,2
tid_2256,2,2,2,2,2,2,2,2,2,2,2,2,2,2,2,2,2,2,2,2,2
tid_2257,2,2,2,2,2,2,2,2,2,2,2,2,2,2,2,2,2,2,2,2,2
tid_2258,2,2,2,2,2,2,2,2,2,2,2,2,2,2,2,2,2,2,2,2,2
tid_2259,2,2,2,2,2,2,2,2,2,2,2,2,2,2,2,2,2,2,2,2,2
tid_226,2,2,2,2,2,2,2,2,2,2,2,2,2,2,2,2,2,2,2,2,2
tid_2260,2,2,2,2,2,2,2,2,2,2,2,2,2,2,2,2,2,2,2,2,2
tid_2262,2,2,2,2,2,2,2,2,2,2,2,2,2,2,2,2,2,2,2,2,2
tid_2264,2,2,2,2,2,2,2,2,2,2,2,2,2,2,2,2,2,2,2,2,2
tid_2265,2,2,2,2,2,2,2,2,2,2,2,2,2,2,2,2,2,2,2,2,2
tid_2266,2,2,2,2,2,2,2,2,2,2,2,2,2,2,2,2,2,2,2,2,2
tid_2267,2,2,2,2,2,2,2,2,2,2,2,2,2,2,2,2,2,2,2,2,2
tid_2268,2,2,2,2,2,2,2,2,2,2,2,2,2,2,2,2,2,2,2,2,2
tid_2269,2,2,2,2,2,2,2,2,2,2,2,2,2,2,2,2,2,2,2,2,2
tid_227,2,2,2,2,2,2,2,2,2,2,2,2,2,2,2,2,2,2,2,2,2
tid_2270,2,2,2,2,2,2,2,2,2,2,2,2,2,2,2,2,2,2,2,2,2
tid_2271,2,2,2,2,2,2,2,2,2,2,2,2,2,2,2,2,2,2,2,2,2
tid_2272,2,2,2,2,2,2,2,2,2,2,2,2,2,2,2,2,2,2,2,2,2
tid_2274,2,2,2,2,2,2,2,2,2,2,2,2,2,2,2,2,2,2,2,2,2
tid_2275,0,0,0,0,0,0,0,0,0,0,0,0,0,0,0,0,0,0,0,0,0
tid_2276,2,2,2,2,2,2,2,2,2,2,2,2,2,2,2,2,2,2,2,2,2
tid_2278,2,2,2,2,2,2,2,2,2,2,2,2,2,2,2,2,2,2,2,2,2
tid_2279,1,1,1,1,1,1,1,1,1,1,1,1,1,1,1,1,1,1,1,1,1
tid_228,1,1,1,1,1,1,1,1,1,1,1,1,1,1,1,1,1,1,1,1,1
tid_2280,1,1,1,1,1,1,1,1,1,1,1,1,1,1,1,1,1,1,1,1,1
tid_2281,1,1,1,1,1,1,1,1,1,1,1,1,1,1,1,1,1,1,1,1,1
tid_2282,1,1,1,1,1,1,1,1,1,1,1,1,1,1,1,1,1,1,1,1,1
tid_2286,1,1,1,1,1,1,1,1,1,1,1,1,1,1,1,1,1,1,1,1,1
tid_2287,2,2,2,2,2,2,2,2,2,2,2,2,2,2,2,2,2,2,2,2,2
tid_2288,1,1,1,1,1,1,1,1,1,1,1,1,1,1,1,1,1,1,1,1,1
tid_2289,1,1,1,1,1,1,1,1,1,1,1,1,1,1,1,1,1,1,1,1,1
tid_229,1,1,1,1,1,1,1,1,1,1,1,1,1,1,1,1,1,1,1,1,1
tid_2292,2,2,2,2,2,2,2,2,2,2,2,2,2,2,2,2,2,2,2,2,2
tid_2293,2,2,2,2,2,2,2,2,2,2,2,2,2,2,2,2,2,2,2,2,2
tid_2294,2,2,2,2,2,2,2,2,2,2,2,2,2,2,2,2,2,2,2,2,2
tid_2295,2,2,2,2,2,2,2,2,2,2,2,2,2,2,2,2,2,2,2,2,2
tid_2296,2,2,2,2,2,2,2,2,2,2,2,2,2,2,2,2,2,2,2,2,2
tid_2297,2,2,2,2,2,2,2,2,2,2,2,2,2,2,2,2,2,2,2,2,2
tid_2298,2,2,2,2,2,2,2,2,2,2,2,2,2,2,2,2,2,2,2,2,2
tid_2299,2,2,2,2,2,2,2,2,2,2,2,2,2,2,2,2,2,2,2,2,2
tid_23,1,1,1,1,1,1,1,1,1,1,1,1,1,1,1,1,1,1,1,1,1
tid_230,2,2,2,2,2,2,2,2,2,2,2,2,2,2,2,2,2,2,2,2,2
tid_2300,2,2,2,2,2,2,2,2,2,2,2,2,2,2,2,2,2,2,2,2,2
tid_2301,2,2,2,2,2,2,2,2,2,2,2,2,2,2,2,2,2,2,2,2,2
tid_2302,2,2,2,2,2,2,2,2,2,2,2,2,2,2,2,2,2,2,2,2,2
tid_2303,2,2,2,2,2,2,2,2,2,2,2,2,2,2,2,2,2,2,2,2,2
tid_2304,2,2,2,2,2,2,2,2,2,2,2,2,2,2,2,2,2,2,2,2,2
tid_2305,2,2,2,2,2,2,2,2,2,2,2,2,2,2,2,2,2,2,2,2,2
tid_2307,2,2,2,2,2,2,2,2,2,2,2,2,2,2,2,2,2,2,2,2,2
tid_2308,2,2,2,2,2,2,2,2,2,2,2,2,2,2,2,2,2,2,2,2,2
tid_2309,2,2,2,2,2,2,2,2,2,2,2,2,2,2,2,2,2,2,2,2,2
tid_231,2,2,2,2,2,2,2,2,2,2,2,2,2,2,2,2,2,2,2,2,2
tid_2310,2,2,2,2,2,2,2,2,2,2,2,2,2,2,2,2,2,2,2,2,2
tid_2311,1,1,1,1,1,1,1,1,1,1,1,1,1,1,1,1,1,1,1,1,1
tid_2312,1,1,1,1,1,1,1,1,1,1,1,1,1,1,1,1,1,1,1,1,1
tid_2314,2,2,2,2,2,2,2,2,2,2,2,2,2,2,2,2,2,2,2,2,2
tid_2315,2,2,2,2,2,2,2,2,2,2,2,2,2,2,2,2,2,2,2,2,2
tid_2316,2,2,2,2,2,2,2,2,2,2,2,2,2,2,2,2,2,2,2,2,2
tid_2317,2,2,2,2,2,2,2,2,2,2,2,2,2,2,2,2,2,2,2,2,2
tid_2318,1,1,1,1,1,1,1,1,1,1,1,1,1,1,1,1,1,1,1,1,1
tid_232,2,2,2,2,2,2,2,2,2,2,2,2,2,2,2,2,2,2,2,2,2
tid_2320,1,1,1,1,1,1,1,1,1,1,1,1,1,1,1,1,1,1,1,1,1
tid_2321,2,2,2,2,2,2,2,2,2,2,2,2,2,2,2,2,2,2,2,2,2
tid_2322,2,2,2,2,2,2,2,2,2,2,2,2,2,2,2,2,2,2,2,2,2
tid_2323,2,2,2,2,2,2,2,2,2,2,2,2,2,2,2,2,2,2,2,2,2
tid_2324,2,2,2,2,2,2,2,2,2,2,2,2,2,2,2,2,2,2,2,2,2
tid_2325,2,2,2,2,2,2,2,2,2,2,2,2,2,2,2,2,2,2,2,2,2
tid_2326,2,2,2,2,2,2,2,2,2,2,2,2,2,2,2,2,2,2,2,2,2
tid_2327,2,2,2,2,2,2,2,2,2,2,2,2,2,2,2,2,2,2,2,2,2
tid_2328,2,2,2,2,2,2,2,2,2,2,2,2,2,2,2,2,2,2,2,2,2
tid_2329,2,2,2,2,2,2,2,2,2,2,2,2,2,2,2,2,2,2,2,2,2
tid_233,2,2,2,2,2,2,2,2,2,2,2,2,2,2,2,2,2,2,2,2,2
tid_2330,2,2,2,2,2,2,2,2,2,2,2,2,2,2,2,2,2,2,2,2,2
tid_2332,2,2,2,2,2,2,2,2,2,2,2,2,2,2,2,2,2,2,2,2,2
tid_2333,1,1,1,1,1,1,1,1,1,1,1,1,1,1,1,1,1,1,1,1,1
tid_2334,2,2,2,2,2,2,2,2,2,2,2,2,2,2,2,2,2,2,2,2,2
tid_2335,2,2,2,2,2,2,2,2,2,2,2,2,2,2,2,2,2,2,2,2,2
tid_2336,2,2,2,2,2,2,2,2,2,2,2,2,2,2,2,2,2,2,2,2,2
tid_2337,1,1,1,1,1,1,1,1,1,1,1,1,1,1,1,1,1,1,1,1,1
tid_2338,3,3,3,3,3,3,3,3,3,3,3,3,3,3,3,3,3,3,3,3,3
tid_2339,3,3,3,3,3,3,3,3,3,3,3,3,3,3,3,3,3,3,3,3,3
tid_234,1,1,1,1,1,1,1,1,1,1,1,1,1,1,1,1,1,1,1,1,1
tid_2340,2,2,2,2,2,2,2,2,2,2,2,2,2,2,2,2,2,2,2,2,2
tid_2341,3,3,3,3,3,3,3,3,3,3,3,3,3,3,3,3,3,3,3,3,3
tid_2342,3,3,3,3,3,3,3,3,3,3,3,3,3,3,3,3,3,3,3,3,3
tid_2343,3,3,3,3,3,3,3,3,3,3,3,3,3,3,3,3,3,3,3,3,3
tid_2344,0,0,0,0,0,0,0,0,0,0,0,0,0,0,0,0,0,0,0,0,0
tid_2345,3,3,3,3,3,3,3,3,3,3,3,3,3,3,3,3,3,3,3,3,3
tid_2348,3,3,3,3,3,3,3,3,3,3,3,3,3,3,3,3,3,3,3,3,3
tid_2349,3,3,3,3,3,3,3,3,3,3,3,3,3,3,3,3,3,3,3,3,3
tid_235,2,2,2,2,2,2,2,2,2,2,2,2,2,2,2,2,2,2,2,2,2
tid_2351,0,0,0,0,0,0,0,0,0,0,0,0,0,0,0,0,0,0,0,0,0
tid_2352,0,0,0,0,0,0,0,0,0,0,0,0,0,0,0,0,0,0,0,0,0
tid_2353,0,0,0,0,0,0,0,0,0,0,0,0,0,0,0,0,0,0,0,0,0
tid_2354,0,0,0,0,0,0,0,0,0,0,0,0,0,0,0,0,0,0,0,0,0
tid_2355,0,0,0,0,0,0,0,0,0,0,0,0,0,0,0,0,0,0,0,0,0
tid_2356,0,0,0,0,0,0,0,0,0,0,0,0,0,0,0,0,0,0,0,0,0
tid_2357,0,0,0,0,0,0,0,0,0,0,0,0,0,0,0,0,0,0,0,0,0
tid_2358,0,0,0,0,0,0,0,0,0,0,0,0,0,0,0,0,0,0,0,0,0
tid_2359,0,0,0,0,0,0,0,0,0,0,0,0,0,0,0,0,0,0,0,0,0
tid_236,2,2,2,2,2,2,2,2,2,2,2,2,2,2,2,2,2,2,2,2,2
tid_2360,0,0,0,0,0,0,0,0,0,0,0,0,0,0,0,0,0,0,0,0,0
tid_2361,0,0,0,0,0,0,0,0,0,0,0,0,0,0,0,0,0,0,0,0,0
tid_2362,0,0,0,0,0,0,0,0,0,0,0,0,0,0,0,0,0,0,0,0,0
tid_2363,0,0,0,0,0,0,0,0,0,0,0,0,0,0,0,0,0,0,0,0,0
tid_2364,0,0,0,0,0,0,0,0,0,0,0,0,0,0,0,0,0,0,0,0,0
tid_2365,0,0,0,0,0,0,0,0,0,0,0,0,0,0,0,0,0,0,0,0,0
tid_2366,0,0,0,0,0,0,0,0,0,0,0,0,0,0,0,0,0,0,0,0,0
tid_2367,0,0,0,0,0,0,0,0,0,0,0,0,0,0,0,0,0,0,0,0,0
tid_2368,0,0,0,0,0,0,0,0,0,0,0,0,0,0,0,0,0,0,0,0,0
tid_2369,0,0,0,0,0,0,0,0,0,0,0,0,0,0,0,0,0,0,0,0,0
tid_237,1,1,1,1,1,1,1,1,1,1,1,1,1,1,1,1,1,1,1,1,1
tid_2370,0,0,0,0,0,0,0,0,0,0,0,0,0,0,0,0,0,0,0,0,0
tid_2371,0,0,0,0,0,0,0,0,0,0,0,0,0,0,0,0,0,0,0,0,0
tid_2372,0,0,0,0,0,0,0,0,0,0,0,0,0,0,0,0,0,0,0,0,0
tid_2373,0,0,0,0,0,0,0,0,0,0,0,0,0,0,0,0,0,0,0,0,0
tid_2374,0,0,0,0,0,0,0,0,0,0,0,0,0,0,0,0,0,0,0,0,0
tid_2375,0,0,0,0,0,0,0,0,0,0,0,0,0,0,0,0,0,0,0,0,0
tid_2376,0,0,0,0,0,0,0,0,0,0,0,0,0,0,0,0,0,0,0,0,0
tid_2377,0,0,0,0,0,0,0,0,0,0,0,0,0,0,0,0,0,0,0,0,0
tid_2378,0,0,0,0,0,0,0,0,0,0,0,0,0,0,0,0,0,0,0,0,0
tid_2379,0,0,0,0,0,0,0,0,0,0,0,0,0,0,0,0,0,0,0,0,0
tid_238,2,2,2,2,2,2,2,2,2,2,2,2,2,2,2,2,2,2,2,2,2
tid_2380,0,0,0,0,0,0,0,0,0,0,0,0,0,0,0,0,0,0,0,0,0
tid_2381,0,0,0,0,0,0,0,0,0,0,0,0,0,0,0,0,0,0,0,0,0
tid_2382,0,0,0,0,0,0,0,0,0,0,0,0,0,0,0,0,0,0,0,0,0
tid_2383,0,0,0,0,0,0,0,0,0,0,0,0,0,0,0,0,0,0,0,0,0
tid_2384,0,0,0,0,0,0,0,0,0,0,0,0,0,0,0,0,0,0,0,0,0
tid_2385,0,0,0,0,0,0,0,0,0,0,0,0,0,0,0,0,0,0,0,0,0
tid_2386,0,0,0,0,0,0,0,0,0,0,0,0,0,0,0,0,0,0,0,0,0
tid_2387,0,0,0,0,0,0,0,0,0,0,0,0,0,0,0,0,0,0,0,0,0
tid_2388,0,0,0,0,0,0,0,0,0,0,0,0,0,0,0,0,0,0,0,0,0
tid_2389,0,0,0,0,0,0,0,0,0,0,0,0,0,0,0,0,0,0,0,0,0
tid_239,2,2,2,2,2,2,2,2,2,2,2,2,2,2,2,2,2,2,2,2,2
tid_2390,0,0,0,0,0,0,0,0,0,0,0,0,0,0,0,0,0,0,0,0,0
tid_2391,0,0,0,0,0,0,0,0,0,0,0,0,0,0,0,0,0,0,0,0,0
tid_2392,0,0,0,0,0,0,0,0,0,0,0,0,0,0,0,0,0,0,0,0,0
tid_2393,0,0,0,0,0,0,0,0,0,0,0,0,0,0,0,0,0,0,0,0,0
tid_2395,1,1,1,1,1,1,1,1,1,1,1,1,1,1,1,1,1,1,1,1,1
tid_2398,0,0,0,0,0,0,0,0,0,0,0,0,0,0,0,0,0,0,0,0,0
tid_2399,0,0,0,0,0,0,0,0,0,0,0,0,0,0,0,0,0,0,0,0,0
tid_240,2,2,2,2,2,2,2,2,2,2,2,2,2,2,2,2,2,2,2,2,2
tid_2400,0,0,0,0,0,0,0,0,0,0,0,0,0,0,0,0,0,0,0,0,0
tid_2401,0,0,0,0,0,0,0,0,0,0,0,0,0,0,0,0,0,0,0,0,0
tid_2402,0,0,0,0,0,0,0,0,0,0,0,0,0,0,0,0,0,0,0,0,0
tid_2403,0,0,0,0,0,0,0,0,0,0,0,0,0,0,0,0,0,0,0,0,0
tid_2404,0,0,0,0,0,0,0,0,0,0,0,0,0,0,0,0,0,0,0,0,0
tid_2405,0,0,0,0,0,0,0,0,0,0,0,0,0,0,0,0,0,0,0,0,0
tid_2406,0,0,0,0,0,0,0,0,0,0,0,0,0,0,0,0,0,0,0,0,0
tid_2407,0,0,0,0,0,0,0,0,0,0,0,0,0,0,0,0,0,0,0,0,0
tid_2408,0,0,0,0,0,0,0,0,0,0,0,0,0,0,0,0,0,0,0,0,0
tid_2409,0,0,0,0,0,0,0,0,0,0,0,0,0,0,0,0,0,0,0,0,0
tid_241,2,2,2,2,2,2,2,2,2,2,2,2,2,2,2,2,2,2,2,2,2
tid_2410,0,0,0,0,0,0,0,0,0,0,0,0,0,0,0,0,0,0,0,0,0
tid_2411,0,0,0,0,0,0,0,0,0,0,0,0,0,0,0,0,0,0,0,0,0
tid_2412,0,0,0,0,0,0,0,0,0,0,0,0,0,0,0,0,0,0,0,0,0
tid_2416,0,0,0,0,0,0,0,0,0,0,0,0,0,0,0,0,0,0,0,0,0
tid_242,2,2,2,2,2,2,2,2,2,2,2,2,2,2,2,2,2,2,2,2,2
tid_2422,0,0,0,0,0,0,0,0,0,0,0,0,0,0,0,0,0,0,0,0,0
tid_2423,0,0,0,0,0,0,0,0,0,0,0,0,0,0,0,0,0,0,0,0,0
tid_2424,0,0,0,0,0,0,0,0,0,0,0,0,0,0,0,0,0,0,0,0,0
tid_2425,0,0,0,0,0,0,0,0,0,0,0,0,0,0,0,0,0,0,0,0,0
tid_2426,0,0,0,0,0,0,0,0,0,0,0,0,0,0,0,0,0,0,0,0,0
tid_2427,0,0,0,0,0,0,0,0,0,0,0,0,0,0,0,0,0,0,0,0,0
tid_2428,0,0,0,0,0,0,0,0,0,0,0,0,0,0,0,0,0,0,0,0,0
tid_2429,0,0,0,0,0,0,0,0,0,0,0,0,0,0,0,0,0,0,0,0,0
tid_243,2,2,2,2,2,2,2,2,2,2,2,2,2,2,2,2,2,2,2,2,2
tid_2430,0,0,0,0,0,0,0,0,0,0,0,0,0,0,0,0,0,0,0,0,0
tid_2431,0,0,0,0,0,0,0,0,0,0,0,0,0,0,0,0,0,0,0,0,0
tid_2432,0,0,0,0,0,0,0,0,0,0,0,0,0,0,0,0,0,0,0,0,0
tid_2433,0,0,0,0,0,0,0,0,0,0,0,0,0,0,0,0,0,0,0,0,0
tid_2434,0,0,0,0,0,0,0,0,0,0,0,0,0,0,0,0,0,0,0,0,0
tid_2435,0,0,0,0,0,0,0,0,0,0,0,0,0,0,0,0,0,0,0,0,0
tid_2436,0,0,0,0,0,0,0,0,0,0,0,0,0,0,0,0,0,0,0,0,0
tid_2437,0,0,0,0,0,0,0,0,0,0,0,0,0,0,0,0,0,0,0,0,0
tid_2439,0,0,0,0,0,0,0,0,0,0,0,0,0,0,0,0,0,0,0,0,0
tid_2440,0,0,0,0,0,0,0,0,0,0,0,0,0,0,0,0,0,0,0,0,0
tid_2441,0,0,0,0,0,0,0,0,0,0,0,0,0,0,0,0,0,0,0,0,0
tid_2442,0,0,0,0,0,0,0,0,0,0,0,0,0,0,0,0,0,0,0,0,0
tid_2443,0,0,0,0,0,0,0,0,0,0,0,0,0,0,0,0,0,0,0,0,0
tid_2444,0,0,0,0,0,0,0,0,0,0,0,0,0,0,0,0,0,0,0,0,0
tid_2445,0,0,0,0,0,0,0,0,0,0,0,0,0,0,0,0,0,0,0,0,0
tid_2446,0,0,0,0,0,0,0,0,0,0,0,0,0,0,0,0,0,0,0,0,0
tid_2447,0,0,0,0,0,0,0,0,0,0,0,0,0,0,0,0,0,0,0,0,0
tid_2449,0,0,0,0,0,0,0,0,0,0,0,0,0,0,0,0,0,0,0,0,0
tid_2450,0,0,0,0,0,0,0,0,0,0,0,0,0,0,0,0,0,0,0,0,0
tid_2451,0,0,0,0,0,0,0,0,0,0,0,0,0,0,0,0,0,0,0,0,0
tid_2452,0,0,0,0,0,0,0,0,0,0,0,0,0,0,0,0,0,0,0,0,0
tid_2453,0,0,0,0,0,0,0,0,0,0,0,0,0,0,0,0,0,0,0,0,0
tid_2454,0,0,0,0,0,0,0,0,0,0,0,0,0,0,0,0,0,0,0,0,0
tid_2455,0,0,0,0,0,0,0,0,0,0,0,0,0,0,0,0,0,0,0,0,0
tid_2456,0,0,0,0,0,0,0,0,0,0,0,0,0,0,0,0,0,0,0,0,0
tid_2457,0,0,0,0,0,0,0,0,0,0,0,0,0,0,0,0,0,0,0,0,0
tid_2458,0,0,0,0,0,0,0,0,0,0,0,0,0,0,0,0,0,0,0,0,0
tid_2459,0,0,0,0,0,0,0,0,0,0,0,0,0,0,0,0,0,0,0,0,0
tid_2460,0,0,0,0,0,0,0,0,0,0,0,0,0,0,0,0,0,0,0,0,0
tid_2461,0,0,0,0,0,0,0,0,0,0,0,0,0,0,0,0,0,0,0,0,0
tid_2462,0,0,0,0,0,0,0,0,0,0,0,0,0,0,0,0,0,0,0,0,0
tid_2463,0,0,0,0,0,0,0,0,0,0,0,0,0,0,0,0,0,0,0,0,0
tid_2464,0,0,0,0,0,0,0,0,0,0,0,0,0,0,0,0,0,0,0,0,0
tid_2465,0,0,0,0,0,0,0,0,0,0,0,0,0,0,0,0,0,0,0,0,0
tid_2466,0,0,0,0,0,0,0,0,0,0,0,0,0,0,0,0,0,0,0,0,0
tid_2467,0,0,0,0,0,0,0,0,0,0,0,0,0,0,0,0,0,0,0,0,0
tid_2468,0,0,0,0,0,0,0,0,0,0,0,0,0,0,0,0,0,0,0,0,0
tid_2469,0,0,0,0,0,0,0,0,0,0,0,0,0,0,0,0,0,0,0,0,0
tid_2470,0,0,0,0,0,0,0,0,0,0,0,0,0,0,0,0,0,0,0,0,0
tid_2471,0,0,0,0,0,0,0,0,0,0,0,0,0,0,0,0,0,0,0,0,0
tid_2472,0,0,0,0,0,0,0,0,0,0,0,0,0,0,0,0,0,0,0,0,0
tid_2473,0,0,0,0,0,0,0,0,0,0,0,0,0,0,0,0,0,0,0,0,0
tid_2474,0,0,0,0,0,0,0,0,0,0,0,0,0,0,0,0,0,0,0,0,0
tid_2475,0,0,0,0,0,0,0,0,0,0,0,0,0,0,0,0,0,0,0,0,0
tid_2476,0,0,0,0,0,0,0,0,0,0,0,0,0,0,0,0,0,0,0,0,0
tid_2477,0,0,0,0,0,0,0,0,0,0,0,0,0,0,0,0,0,0,0,0,0
tid_2478,0,0,0,0,0,0,0,0,0,0,0,0,0,0,0,0,0,0,0,0,0
tid_2479,0,0,0,0,0,0,0,0,0,0,0,0,0,0,0,0,0,0,0,0,0
tid_2480,0,0,0,0,0,0,0,0,0,0,0,0,0,0,0,0,0,0,0,0,0
tid_2481,0,0,0,0,0,0,0,0,0,0,0,0,0,0,0,0,0,0,0,0,0
tid_2482,0,0,0,0,0,0,0,0,0,0,0,0,0,0,0,0,0,0,0,0,0
tid_2483,0,0,0,0,0,0,0,0,0,0,0,0,0,0,0,0,0,0,0,0,0
tid_2484,0,0,0,0,0,0,0,0,0,0,0,0,0,0,0,0,0,0,0,0,0
tid_2485,0,0,0,0,0,0,0,0,0,0,0,0,0,0,0,0,0,0,0,0,0
tid_2486,0,0,0,0,0,0,0,0,0,0,0,0,0,0,0,0,0,0,0,0,0
tid_2487,0,0,0,0,0,0,0,0,0,0,0,0,0,0,0,0,0,0,0,0,0
tid_2488,0,0,0,0,0,0,0,0,0,0,0,0,0,0,0,0,0,0,0,0,0
tid_2489,0,0,0,0,0,0,0,0,0,0,0,0,0,0,0,0,0,0,0,0,0
tid_2490,0,0,0,0,0,0,0,0,0,0,0,0,0,0,0,0,0,0,0,0,0
tid_2491,0,0,0,0,0,0,0,0,0,0,0,0,0,0,0,0,0,0,0,0,0
tid_2492,0,0,0,0,0,0,0,0,0,0,0,0,0,0,0,0,0,0,0,0,0
tid_2493,0,0,0,0,0,0,0,0,0,0,0,0,0,0,0,0,0,0,0,0,0
tid_2494,0,0,0,0,0,0,0,0,0,0,0,0,0,0,0,0,0,0,0,0,0
tid_2495,0,0,0,0,0,0,0,0,0,0,0,0,0,0,0,0,0,0,0,0,0
tid_2496,0,0,0,0,0,0,0,0,0,0,0,0,0,0,0,0,0,0,0,0,0
tid_2497,0,0,0,0,0,0,0,0,0,0,0,0,0,0,0,0,0,0,0,0,0
tid_2498,0,0,0,0,0,0,0,0,0,0,0,0,0,0,0,0,0,0,0,0,0
tid_2499,0,0,0,0,0,0,0,0,0,0,0,0,0,0,0,0,0,0,0,0,0
tid_25,1,1,1,1,1,1,1,1,1,1,1,1,1,1,1,1,1,1,1,1,1
tid_2500,0,0,0,0,0,0,0,0,0,0,0,0,0,0,0,0,0,0,0,0,0
tid_2501,0,0,0,0,0,0,0,0,0,0,0,0,0,0,0,0,0,0,0,0,0
tid_2502,0,0,0,0,0,0,0,0,0,0,0,0,0,0,0,0,0,0,0,0,0
tid_2503,0,0,0,0,0,0,0,0,0,0,0,0,0,0,0,0,0,0,0,0,0
tid_2504,0,0,0,0,0,0,0,0,0,0,0,0,0,0,0,0,0,0,0,0,0
tid_2505,0,0,0,0,0,0,0,0,0,0,0,0,0,0,0,0,0,0,0,0,0
tid_2506,0,0,0,0,0,0,0,0,0,0,0,0,0,0,0,0,0,0,0,0,0
tid_2507,0,0,0,0,0,0,0,0,0,0,0,0,0,0,0,0,0,0,0,0,0
tid_2508,0,0,0,0,0,0,0,0,0,0,0,0,0,0,0,0,0,0,0,0,0
tid_2509,0,0,0,0,0,0,0,0,0,0,0,0,0,0,0,0,0,0,0,0,0
tid_2510,0,0,0,0,0,0,0,0,0,0,0,0,0,0,0,0,0,0,0,0,0
tid_2511,0,0,0,0,0,0,0,0,0,0,0,0,0,0,0,0,0,0,0,0,0
tid_2512,0,0,0,0,0,0,0,0,0,0,0,0,0,0,0,0,0,0,0,0,0
tid_2513,0,0,0,0,0,0,0,0,0,0,0,0,0,0,0,0,0,0,0,0,0
tid_2514,0,0,0,0,0,0,0,0,0,0,0,0,0,0,0,0,0,0,0,0,0
tid_2515,0,0,0,0,0,0,0,0,0,0,0,0,0,0,0,0,0,0,0,0,0
tid_2516,0,0,0,0,0,0,0,0,0,0,0,0,0,0,0,0,0,0,0,0,0
tid_2517,0,0,0,0,0,0,0,0,0,0,0,0,0,0,0,0,0,0,0,0,0
tid_2518,0,0,0,0,0,0,0,0,0,0,0,0,0,0,0,0,0,0,0,0,0
tid_2519,0,0,0,0,0,0,0,0,0,0,0,0,0,0,0,0,0,0,0,0,0
tid_2520,0,0,0,0,0,0,0,0,0,0,0,0,0,0,0,0,0,0,0,0,0
tid_2521,0,0,0,0,0,0,0,0,0,0,0,0,0,0,0,0,0,0,0,0,0
tid_2522,0,0,0,0,0,0,0,0,0,0,0,0,0,0,0,0,0,0,0,0,0
tid_2523,0,0,0,0,0,0,0,0,0,0,0,0,0,0,0,0,0,0,0,0,0
tid_2524,0,0,0,0,0,0,0,0,0,0,0,0,0,0,0,0,0,0,0,0,0
tid_2525,0,0,0,0,0,0,0,0,0,0,0,0,0,0,0,0,0,0,0,0,0
tid_2526,0,0,0,0,0,0,0,0,0,0,0,0,0,0,0,0,0,0,0,0,0
tid_2527,0,0,0,0,0,0,0,0,0,0,0,0,0,0,0,0,0,0,0,0,0
tid_2528,0,0,0,0,0,0,0,0,0,0,0,0,0,0,0,0,0,0,0,0,0
tid_2529,0,0,0,0,0,0,0,0,0,0,0,0,0,0,0,0,0,0,0,0,0
tid_2530,0,0,0,0,0,0,0,0,0,0,0,0,0,0,0,0,0,0,0,0,0
tid_2531,0,0,0,0,0,0,0,0,0,0,0,0,0,0,0,0,0,0,0,0,0
tid_2532,0,0,0,0,0,0,0,0,0,0,0,0,0,0,0,0,0,0,0,0,0
tid_2533,0,0,0,0,0,0,0,0,0,0,0,0,0,0,0,0,0,0,0,0,0
tid_2534,0,0,0,0,0,0,0,0,0,0,0,0,0,0,0,0,0,0,0,0,0
tid_2535,0,0,0,0,0,0,0,0,0,0,0,0,0,0,0,0,0,0,0,0,0
tid_2536,0,0,0,0,0,0,0,0,0,0,0,0,0,0,0,0,0,0,0,0,0
tid_2537,0,0,0,0,0,0,0,0,0,0,0,0,0,0,0,0,0,0,0,0,0
tid_2538,0,0,0,0,0,0,0,0,0,0,0,0,0,0,0,0,0,0,0,0,0
tid_2539,0,0,0,0,0,0,0,0,0,0,0,0,0,0,0,0,0,0,0,0,0
tid_2540,0,0,0,0,0,0,0,0,0,0,0,0,0,0,0,0,0,0,0,0,0
tid_2541,0,0,0,0,0,0,0,0,0,0,0,0,0,0,0,0,0,0,0,0,0
tid_2542,0,0,0,0,0,0,0,0,0,0,0,0,0,0,0,0,0,0,0,0,0
tid_2543,0,0,0,0,0,0,0,0,0,0,0,0,0,0,0,0,0,0,0,0,0
tid_2544,0,0,0,0,0,0,0,0,0,0,0,0,0,0,0,0,0,0,0,0,0
tid_2545,0,0,0,0,0,0,0,0,0,0,0,0,0,0,0,0,0,0,0,0,0
tid_2546,0,0,0,0,0,0,0,0,0,0,0,0,0,0,0,0,0,0,0,0,0
tid_2547,0,0,0,0,0,0,0,0,0,0,0,0,0,0,0,0,0,0,0,0,0
tid_2548,0,0,0,0,0,0,0,0,0,0,0,0,0,0,0,0,0,0,0,0,0
tid_2549,0,0,0,0,0,0,0,0,0,0,0,0,0,0,0,0,0,0,0,0,0
tid_2550,0,0,0,0,0,0,0,0,0,0,0,0,0,0,0,0,0,0,0,0,0
tid_2551,0,0,0,0,0,0,0,0,0,0,0,0,0,0,0,0,0,0,0,0,0
tid_2552,0,0,0,0,0,0,0,0,0,0,0,0,0,0,0,0,0,0,0,0,0
tid_2553,0,0,0,0,0,0,0,0,0,0,0,0,0,0,0,0,0,0,0,0,0
tid_2554,0,0,0,0,0,0,0,0,0,0,0,0,0,0,0,0,0,0,0,0,0
tid_2555,0,0,0,0,0,0,0,0,0,0,0,0,0,0,0,0,0,0,0,0,0
tid_2556,0,0,0,0,0,0,0,0,0,0,0,0,0,0,0,0,0,0,0,0,0
tid_2557,0,0,0,0,0,0,0,0,0,0,0,0,0,0,0,0,0,0,0,0,0
tid_2558,0,0,0,0,0,0,0,0,0,0,0,0,0,0,0,0,0,0,0,0,0
tid_2559,0,0,0,0,0,0,0,0,0,0,0,0,0,0,0,0,0,0,0,0,0
tid_2560,0,0,0,0,0,0,0,0,0,0,0,0,0,0,0,0,0,0,0,0,0
tid_2561,0,0,0,0,0,0,0,0,0,0,0,0,0,0,0,0,0,0,0,0,0
tid_2562,0,0,0,0,0,0,0,0,0,0,0,0,0,0,0,0,0,0,0,0,0
tid_2563,0,0,0,0,0,0,0,0,0,0,0,0,0,0,0,0,0,0,0,0,0
tid_2564,0,0,0,0,0,0,0,0,0,0,0,0,0,0,0,0,0,0,0,0,0
tid_2565,0,0,0,0,0,0,0,0,0,0,0,0,0,0,0,0,0,0,0,0,0
tid_2566,0,0,0,0,0,0,0,0,0,0,0,0,0,0,0,0,0,0,0,0,0
tid_2567,0,0,0,0,0,0,0,0,0,0,0,0,0,0,0,0,0,0,0,0,0
tid_2568,0,0,0,0,0,0,0,0,0,0,0,0,0,0,0,0,0,0,0,0,0
tid_2569,0,0,0,0,0,0,0,0,0,0,0,0,0,0,0,0,0,0,0,0,0
tid_2570,0,0,0,0,0,0,0,0,0,0,0,0,0,0,0,0,0,0,0,0,0
tid_2571,0,0,0,0,0,0,0,0,0,0,0,0,0,0,0,0,0,0,0,0,0
tid_2572,0,0,0,0,0,0,0,0,0,0,0,0,0,0,0,0,0,0,0,0,0
tid_2573,0,0,0,0,0,0,0,0,0,0,0,0,0,0,0,0,0,0,0,0,0
tid_2574,0,0,0,0,0,0,0,0,0,0,0,0,0,0,0,0,0,0,0,0,0
tid_2575,0,0,0,0,0,0,0,0,0,0,0,0,0,0,0,0,0,0,0,0,0
tid_2576,0,0,0,0,0,0,0,0,0,0,0,0,0,0,0,0,0,0,0,0,0
tid_2577,0,0,0,0,0,0,0,0,0,0,0,0,0,0,0,0,0,0,0,0,0
tid_2578,0,0,0,0,0,0,0,0,0,0,0,0,0,0,0,0,0,0,0,0,0
tid_2579,0,0,0,0,0,0,0,0,0,0,0,0,0,0,0,0,0,0,0,0,0
tid_2580,0,0,0,0,0,0,0,0,0,0,0,0,0,0,0,0,0,0,0,0,0
tid_2581,0,0,0,0,0,0,0,0,0,0,0,0,0,0,0,0,0,0,0,0,0
tid_2582,0,0,0,0,0,0,0,0,0,0,0,0,0,0,0,0,0,0,0,0,0
tid_2583,0,0,0,0,0,0,0,0,0,0,0,0,0,0,0,0,0,0,0,0,0
tid_2584,0,0,0,0,0,0,0,0,0,0,0,0,0,0,0,0,0,0,0,0,0
tid_2585,0,0,0,0,0,0,0,0,0,0,0,0,0,0,0,0,0,0,0,0,0
tid_2586,0,0,0,0,0,0,0,0,0,0,0,0,0,0,0,0,0,0,0,0,0
tid_2587,0,0,0,0,0,0,0,0,0,0,0,0,0,0,0,0,0,0,0,0,0
tid_2588,0,0,0,0,0,0,0,0,0,0,0,0,0,0,0,0,0,0,0,0,0
tid_2589,0,0,0,0,0,0,0,0,0,0,0,0,0,0,0,0,0,0,0,0,0
tid_2590,0,0,0,0,0,0,0,0,0,0,0,0,0,0,0,0,0,0,0,0,0
tid_2591,1,1,1,1,1,1,1,1,1,1,1,1,1,1,1,1,1,1,1,1,1
tid_2592,0,0,0,0,0,0,0,0,0,0,0,0,0,0,0,0,0,0,0,0,0
tid_2593,1,1,1,1,1,1,1,1,1,1,1,1,1,1,1,1,1,1,1,1,1
tid_2595,1,1,1,1,1,1,1,1,1,1,1,1,1,1,1,1,1,1,1,1,1
tid_2596,0,0,0,0,0,0,0,0,0,0,0,0,0,0,0,0,0,0,0,0,0
tid_2597,0,0,0,0,0,0,0,0,0,0,0,0,0,0,0,0,0,0,0,0,0
tid_2598,1,1,1,1,1,1,1,1,1,1,1,1,1,1,1,1,1,1,1,1,1
tid_2599,0,0,0,0,0,0,0,0,0,0,0,0,0,0,0,0,0,0,0,0,0
tid_26,1,1,1,1,1,1,1,1,1,1,1,1,1,1,1,1,1,1,1,1,1
tid_2600,0,0,0,0,0,0,0,0,0,0,0,0,0,0,0,0,0,0,0,0,0
tid_2601,0,0,0,0,0,0,0,0,0,0,0,0,0,0,0,0,0,0,0,0,0
tid_2602,0,0,0,0,0,0,0,0,0,0,0,0,0,0,0,0,0,0,0,0,0
tid_2604,0,0,0,0,0,0,0,0,0,0,0,0,0,0,0,0,0,0,0,0,0
tid_2605,0,0,0,0,0,0,0,0,0,0,0,0,0,0,0,0,0,0,0,0,0
tid_2606,0,0,0,0,0,0,0,0,0,0,0,0,0,0,0,0,0,0,0,0,0
tid_2607,1,1,1,1,1,1,1,1,1,1,1,1,1,1,1,1,1,1,1,1,1
tid_2618,2,2,2,2,2,2,2,2,2,2,2,2,2,2,2,2,2,2,2,2,2
tid_2619,1,1,1,1,1,1,1,1,1,1,1,1,1,1,1,1,1,1,1,1,1
tid_2620,1,1,1,1,1,1,1,1,1,1,1,1,1,1,1,1,1,1,1,1,1
tid_2621,1,1,1,1,1,1,1,1,1,1,1,1,1,1,1,1,1,1,1,1,1
tid_2644,0,0,0,0,0,0,0,0,0,0,0,0,0,0,0,0,0,0,0,0,0
tid_2646,0,0,0,0,0,0,0,0,0,0,0,0,0,0,0,0,0,0,0,0,0
tid_2647,1,1,1,1,1,1,1,1,1,1,1,1,1,1,1,1,1,1,1,1,1
tid_2648,1,1,1,1,1,1,1,1,1,1,1,1,1,1,1,1,1,1,1,1,1
tid_2649,0,0,0,0,0,0,0,0,0,0,0,0,0,0,0,0,0,0,0,0,0
tid_2651,0,0,0,0,0,0,0,0,0,0,0,0,0,0,0,0,0,0,0,0,0
tid_2652,1,1,1,1,1,1,1,1,1,1,1,1,1,1,1,1,1,1,1,1,1
tid_269,1,1,1,1,1,1,1,1,1,1,1,1,1,1,1,1,1,1,1,1,1
tid_27,1,1,1,1,1,1,1,1,1,1,1,1,1,1,1,1,1,1,1,1,1
tid_270,1,1,1,1,1,1,1,1,1,1,1,1,1,1,1,1,1,1,1,1,1
tid_271,2,2,2,2,2,2,2,2,2,2,2,2,2,2,2,2,2,2,2,2,2
tid_2710,1,1,1,1,1,1,1,1,1,1,1,1,1,1,1,1,1,1,1,1,1
tid_272,2,2,2,2,2,2,2,2,2,2,2,2,2,2,2,2,2,2,2,2,2
tid_273,1,1,1,1,1,1,1,1,1,1,1,1,1,1,1,1,1,1,1,1,1
tid_274,2,2,2,2,2,2,2,2,2,2,2,2,2,2,2,2,2,2,2,2,2
tid_275,2,2,2,2,2,2,2,2,2,2,2,2,2,2,2,2,2,2,2,2,2
tid_276,2,2,2,2,2,2,2,2,2,2,2,2,2,2,2,2,2,2,2,2,2
tid_277,2,2,2,2,2,2,2,2,2,2,2,2,2,2,2,2,2,2,2,2,2
tid_278,1,1,1,1,1,1,1,1,1,1,1,1,1,1,1,1,1,1,1,1,1
tid_279,2,2,2,2,2,2,2,2,2,2,2,2,2,2,2,2,2,2,2,2,2
tid_28,1,1,1,1,1,1,1,1,1,1,1,1,1,1,1,1,1,1,1,1,1
tid_280,2,2,2,2,2,2,2,2,2,2,2,2,2,2,2,2,2,2,2,2,2
tid_2808,0,0,0,0,0,0,0,0,0,0,0,0,0,0,0,0,0,0,0,0,0
tid_2809,1,1,1,1,1,1,1,1,1,1,1,1,1,1,1,1,1,1,1,1,1
tid_281,2,2,2,2,2,2,2,2,2,2,2,2,2,2,2,2,2,2,2,2,2
tid_2813,1,1,1,1,1,1,1,1,1,1,1,1,1,1,1,1,1,1,1,1,1
tid_2814,0,0,0,0,0,0,0,0,0,0,0,0,0,0,0,0,0,0,0,0,0
tid_282,2,2,2,2,2,2,2,2,2,2,2,2,2,2,2,2,2,2,2,2,2
tid_283,2,2,2,2,2,2,2,2,2,2,2,2,2,2,2,2,2,2,2,2,2
tid_284,2,2,2,2,2,2,2,2,2,2,2,2,2,2,2,2,2,2,2,2,2
tid_285,2,2,2,2,2,2,2,2,2,2,2,2,2,2,2,2,2,2,2,2,2
tid_287,2,2,2,2,2,2,2,2,2,2,2,2,2,2,2,2,2,2,2,2,2
tid_2872,3,3,3,3,3,3,3,3,3,3,3,3,3,3,3,3,3,3,3,3,3
tid_2876,0,0,0,0,0,0,0,0,0,0,0,0,0,0,0,0,0,0,0,0,0
tid_2879,1,1,1,1,1,1,1,1,1,1,1,1,1,1,1,1,1,1,1,1,1
tid_288,2,2,2,2,2,2,2,2,2,2,2,2,2,2,2,2,2,2,2,2,2
tid_2880,1,1,1,1,1,1,1,1,1,1,1,1,1,1,1,1,1,1,1,1,1
tid_2881,0,0,0,0,0,0,0,0,0,0,0,0,0,0,0,0,0,0,0,0,0
tid_2882,1,1,1,1,1,1,1,1,1,1,1,1,1,1,1,1,1,1,1,1,1
tid_2883,1,1,1,1,1,1,1,1,1,1,1,1,1,1,1,1,1,1,1,1,1
tid_2884,1,1,1,1,1,1,1,1,1,1,1,1,1,1,1,1,1,1,1,1,1
tid_2885,1,1,1,1,1,1,1,1,1,1,1,1,1,1,1,1,1,1,1,1,1
tid_2886,1,1,1,1,1,1,1,1,1,1,1,1,1,1,1,1,1,1,1,1,1
tid_2887,0,0,0,0,0,0,0,0,0,0,0,0,0,0,0,0,0,0,0,0,0
tid_289,2,2,2,2,2,2,2,2,2,2,2,2,2,2,2,2,2,2,2,2,2
tid_29,1,1,1,1,1,1,1,1,1,1,1,1,1,1,1,1,1,1,1,1,1
tid_290,2,2,2,2,2,2,2,2,2,2,2,2,2,2,2,2,2,2,2,2,2
tid_292,2,2,2,2,2,2,2,2,2,2,2,2,2,2,2,2,2,2,2,2,2
tid_293,2,2,2,2,2,2,2,2,2,2,2,2,2,2,2,2,2,2,2,2,2
tid_294,2,2,2,2,2,2,2,2,2,2,2,2,2,2,2,2,2,2,2,2,2
tid_295,2,2,2,2,2,2,2,2,2,2,2,2,2,2,2,2,2,2,2,2,2
tid_296,2,2,2,2,2,2,2,2,2,2,2,2,2,2,2,2,2,2,2,2,2
tid_297,2,2,2,2,2,2,2,2,2,2,2,2,2,2,2,2,2,2,2,2,2
tid_298,2,2,2,2,2,2,2,2,2,2,2,2,2,2,2,2,2,2,2,2,2
tid_3,2,2,2,2,2,2,2,2,2,2,2,2,2,2,2,2,2,2,2,2,2
tid_30,1,1,1,1,1,1,1,1,1,1,1,1,1,1,1,1,1,1,1,1,1
tid_300,2,2,2,2,2,2,2,2,2,2,2,2,2,2,2,2,2,2,2,2,2
tid_3005,1,1,1,1,1,1,1,1,1,1,1,1,1,1,1,1,1,1,1,1,1
tid_3007,1,1,1,1,1,1,1,1,1,1,1,1,1,1,1,1,1,1,1,1,1
tid_3009,1,1,1,1,1,1,1,1,1,1,1,1,1,1,1,1,1,1,1,1,1
tid_301,1,1,1,1,1,1,1,1,1,1,1,1,1,1,1,1,1,1,1,1,1
tid_3011,1,1,1,1,1,1,1,1,1,1,1,1,1,1,1,1,1,1,1,1,1
tid_3012,2,2,2,2,2,2,2,2,2,2,2,2,2,2,2,2,2,2,2,2,2
tid_3013,0,0,0,0,0,0,0,0,0,0,0,0,0,0,0,0,0,0,0,0,0
tid_302,2,2,2,2,2,2,2,2,2,2,2,2,2,2,2,2,2,2,2,2,2
tid_303,2,2,2,2,2,2,2,2,2,2,2,2,2,2,2,2,2,2,2,2,2
tid_304,2,2,2,2,2,2,2,2,2,2,2,2,2,2,2,2,2,2,2,2,2
tid_305,2,2,2,2,2,2,2,2,2,2,2,2,2,2,2,2,2,2,2,2,2
tid_306,2,2,2,2,2,2,2,2,2,2,2,2,2,2,2,2,2,2,2,2,2
tid_307,2,2,2,2,2,2,2,2,2,2,2,2,2,2,2,2,2,2,2,2,2
tid_308,2,2,2,2,2,2,2,2,2,2,2,2,2,2,2,2,2,2,2,2,2
tid_309,3,3,3,3,3,3,3,3,3,3,3,3,3,3,3,3,3,3,3,3,3
tid_31,1,1,1,1,1,1,1,1,1,1,1,1,1,1,1,1,1,1,1,1,1
tid_312,3,3,3,3,3,3,3,3,3,3,3,3,3,3,3,3,3,3,3,3,3
tid_314,3,3,3,3,3,3,3,3,3,3,3,3,3,3,3,3,3,3,3,3,3
tid_316,3,3,3,3,3,3,3,3,3,3,3,3,3,3,3,3,3,3,3,3,3
tid_317,3,3,3,3,3,3,3,3,3,3,3,3,3,3,3,3,3,3,3,3,3
tid_318,3,3,3,3,3,3,3,3,3,3,3,3,3,3,3,3,3,3,3,3,3
tid_319,3,3,3,3,3,3,3,3,3,3,3,3,3,3,3,3,3,3,3,3,3
tid_32,2,2,2,2,2,2,2,2,2,2,2,2,2,2,2,2,2,2,2,2,2
tid_320,3,3,3,3,3,3,3,3,3,3,3,3,3,3,3,3,3,3,3,3,3
tid_321,3,3,3,3,3,3,3,3,3,3,3,3,3,3,3,3,3,3,3,3,3
tid_323,3,3,3,3,3,3,3,3,3,3,3,3,3,3,3,3,3,3,3,3,3
tid_324,3,3,3,3,3,3,3,3,3,3,3,3,3,3,3,3,3,3,3,3,3
tid_325,3,3,3,3,3,3,3,3,3,3,3,3,3,3,3,3,3,3,3,3,3
tid_326,3,3,3,3,3,3,3,3,3,3,3,3,3,3,3,3,3,3,3,3,3
tid_327,1,1,1,1,1,1,1,1,1,1,1,1,1,1,1,1,1,1,1,1,1
tid_329,3,3,3,3,3,3,3,3,3,3,3,3,3,3,3,3,3,3,3,3,3
tid_33,1,1,1,1,1,1,1,1,1,1,1,1,1,1,1,1,1,1,1,1,1
tid_330,3,3,3,3,3,3,3,3,3,3,3,3,3,3,3,3,3,3,3,3,3
tid_331,3,3,3,3,3,3,3,3,3,3,3,3,3,3,3,3,3,3,3,3,3
tid_332,3,3,3,3,3,3,3,3,3,3,3,3,3,3,3,3,3,3,3,3,3
tid_333,1,1,1,1,1,1,1,1,1,1,1,1,1,1,1,1,1,1,1,1,1
tid_334,3,3,3,3,3,3,3,3,3,3,3,3,3,3,3,3,3,3,3,3,3
tid_335,3,3,3,3,3,3,3,3,3,3,3,3,3,3,3,3,3,3,3,3,3
tid_336,3,3,3,3,3,3,3,3,3,3,3,3,3,3,3,3,3,3,3,3,3
tid_337,3,3,3,3,3,3,3,3,3,3,3,3,3,3,3,3,3,3,3,3,3
tid_338,3,3,3,3,3,3,3,3,3,3,3,3,3,3,3,3,3,3,3,3,3
tid_339,3,3,3,3,3,3,3,3,3,3,3,3,3,3,3,3,3,3,3,3,3
tid_34,1,1,1,1,1,1,1,1,1,1,1,1,1,1,1,1,1,1,1,1,1
tid_340,3,3,3,3,3,3,3,3,3,3,3,3,3,3,3,3,3,3,3,3,3
tid_341,3,3,3,3,3,3,3,3,3,3,3,3,3,3,3,3,3,3,3,3,3
tid_342,3,3,3,3,3,3,3,3,3,3,3,3,3,3,3,3,3,3,3,3,3
tid_343,3,3,3,3,3,3,3,3,3,3,3,3,3,3,3,3,3,3,3,3,3
tid_345,0,0,0,0,0,0,0,0,0,0,0,0,0,0,0,0,0,0,0,0,0
tid_346,0,0,0,0,0,0,0,0,0,0,0,0,0,0,0,0,0,0,0,0,0
tid_347,0,0,0,0,0,0,0,0,0,0,0,0,0,0,0,0,0,0,0,0,0
tid_348,0,0,0,0,0,0,0,0,0,0,0,0,0,0,0,0,0,0,0,0,0
tid_349,1,1,1,1,1,1,1,1,1,1,1,1,1,1,1,1,1,1,1,1,1
tid_35,1,1,1,1,1,1,1,1,1,1,1,1,1,1,1,1,1,1,1,1,1
tid_351,1,1,1,1,1,1,1,1,1,1,1,1,1,1,1,1,1,1,1,1,1
tid_352,0,0,0,0,0,0,0,0,0,0,0,0,0,0,0,0,0,0,0,0,0
tid_354,0,0,0,0,0,0,0,0,0,0,0,0,0,0,0,0,0,0,0,0,0
tid_355,0,0,0,0,0,0,0,0,0,0,0,0,0,0,0,0,0,0,0,0,0
tid_356,1,1,1,1,1,1,1,1,1,1,1,1,1,1,1,1,1,1,1,1,1
tid_357,1,1,1,1,1,1,1,1,1,1,1,1,1,1,1,1,1,1,1,1,1
tid_358,2,2,2,2,2,2,2,2,2,2,2,2,2,2,2,2,2,2,2,2,2
tid_359,1,1,1,1,1,1,1,1,1,1,1,1,1,1,1,1,1,1,1,1,1
tid_36,1,1,1,1,1,1,1,1,1,1,1,1,1,1,1,1,1,1,1,1,1
tid_360,2,2,2,2,2,2,2,2,2,2,2,2,2,2,2,2,2,2,2,2,2
tid_361,1,1,1,1,1,1,1,1,1,1,1,1,1,1,1,1,1,1,1,1,1
tid_362,1,1,1,1,1,1,1,1,1,1,1,1,1,1,1,1,1,1,1,1,1
tid_363,1,1,1,1,1,1,1,1,1,1,1,1,1,1,1,1,1,1,1,1,1
tid_364,1,1,1,1,1,1,1,1,1,1,1,1,1,1,1,1,1,1,1,1,1
tid_365,2,2,2,2,2,2,2,2,2,2,2,2,2,2,2,2,2,2,2,2,2
tid_366,1,1,1,1,1,1,1,1,1,1,1,1,1,1,1,1,1,1,1,1,1
tid_367,1,1,1,1,1,1,1,1,1,1,1,1,1,1,1,1,1,1,1,1,1
tid_368,1,1,1,1,1,1,1,1,1,1,1,1,1,1,1,1,1,1,1,1,1
tid_369,1,1,1,1,1,1,1,1,1,1,1,1,1,1,1,1,1,1,1,1,1
tid_37,1,1,1,1,1,1,1,1,1,1,1,1,1,1,1,1,1,1,1,1,1
tid_370,1,1,1,1,1,1,1,1,1,1,1,1,1,1,1,1,1,1,1,1,1
tid_371,1,1,1,1,1,1,1,1,1,1,1,1,1,1,1,1,1,1,1,1,1
tid_372,1,1,1,1,1,1,1,1,1,1,1,1,1,1,1,1,1,1,1,1,1
tid_373,1,1,1,1,1,1,1,1,1,1,1,1,1,1,1,1,1,1,1,1,1
tid_374,1,1,1,1,1,1,1,1,1,1,1,1,1,1,1,1,1,1,1,1,1
tid_375,1,1,1,1,1,1,1,1,1,1,1,1,1,1,1,1,1,1,1,1,1
tid_376,2,2,2,2,2,2,2,2,2,2,2,2,2,2,2,2,2,2,2,2,2
tid_377,2,2,2,2,2,2,2,2,2,2,2,2,2,2,2,2,2,2,2,2,2
tid_378,1,1,1,1,1,1,1,1,1,1,1,1,1,1,1,1,1,1,1,1,1
tid_379,1,1,1,1,1,1,1,1,1,1,1,1,1,1,1,1,1,1,1,1,1
tid_38,1,1,1,1,1,1,1,1,1,1,1,1,1,1,1,1,1,1,1,1,1
tid_380,1,1,1,1,1,1,1,1,1,1,1,1,1,1,1,1,1,1,1,1,1
tid_381,1,1,1,1,1,1,1,1,1,1,1,1,1,1,1,1,1,1,1,1,1
tid_382,1,1,1,1,1,1,1,1,1,1,1,1,1,1,1,1,1,1,1,1,1
tid_383,1,1,1,1,1,1,1,1,1,1,1,1,1,1,1,1,1,1,1,1,1
tid_384,1,1,1,1,1,1,1,1,1,1,1,1,1,1,1,1,1,1,1,1,1
tid_385,1,1,1,1,1,1,1,1,1,1,1,1,1,1,1,1,1,1,1,1,1
tid_386,2,2,2,2,2,2,2,2,2,2,2,2,2,2,2,2,2,2,2,2,2
tid_387,1,1,1,1,1,1,1,1,1,1,1,1,1,1,1,1,1,1,1,1,1
tid_388,1,1,1,1,1,1,1,1,1,1,1,1,1,1,1,1,1,1,1,1,1
tid_39,1,1,1,1,1,1,1,1,1,1,1,1,1,1,1,1,1,1,1,1,1
tid_390,1,1,1,1,1,1,1,1,1,1,1,1,1,1,1,1,1,1,1,1,1
tid_391,1,1,1,1,1,1,1,1,1,1,1,1,1,1,1,1,1,1,1,1,1
tid_392,2,2,2,2,2,2,2,2,2,2,2,2,2,2,2,2,2,2,2,2,2
tid_393,2,2,2,2,2,2,2,2,2,2,2,2,2,2,2,2,2,2,2,2,2
tid_395,1,1,1,1,1,1,1,1,1,1,1,1,1,1,1,1,1,1,1,1,1
tid_396,1,1,1,1,1,1,1,1,1,1,1,1,1,1,1,1,1,1,1,1,1
tid_397,1,1,1,1,1,1,1,1,1,1,1,1,1,1,1,1,1,1,1,1,1
tid_398,2,2,2,2,2,2,2,2,2,2,2,2,2,2,2,2,2,2,2,2,2
tid_4,1,1,1,1,1,1,1,1,1,1,1,1,1,1,1,1,1,1,1,1,1
tid_40,1,1,1,1,1,1,1,1,1,1,1,1,1,1,1,1,1,1,1,1,1
tid_401,1,1,1,1,1,1,1,1,1,1,1,1,1,1,1,1,1,1,1,1,1
tid_402,1,1,1,1,1,1,1,1,1,1,1,1,1,1,1,1,1,1,1,1,1
tid_403,1,1,1,1,1,1,1,1,1,1,1,1,1,1,1,1,1,1,1,1,1
tid_404,1,1,1,1,1,1,1,1,1,1,1,1,1,1,1,1,1,1,1,1,1
tid_405,1,1,1,1,1,1,1,1,1,1,1,1,1,1,1,1,1,1,1,1,1
tid_408,2,2,2,2,2,2,2,2,2,2,2,2,2,2,2,2,2,2,2,2,2
tid_41,1,1,1,1,1,1,1,1,1,1,1,1,1,1,1,1,1,1,1,1,1
tid_410,1,1,1,1,1,1,1,1,1,1,1,1,1,1,1,1,1,1,1,1,1
tid_413,1,1,1,1,1,1,1,1,1,1,1,1,1,1,1,1,1,1,1,1,1
tid_414,1,1,1,1,1,1,1,1,1,1,1,1,1,1,1,1,1,1,1,1,1
tid_416,1,1,1,1,1,1,1,1,1,1,1,1,1,1,1,1,1,1,1,1,1
tid_418,0,0,0,0,0,0,0,0,0,0,0,0,0,0,0,0,0,0,0,0,0
tid_419,1,1,1,1,1,1,1,1,1,1,1,1,1,1,1,1,1,1,1,1,1
tid_42,1,1,1,1,1,1,1,1,1,1,1,1,1,1,1,1,1,1,1,1,1
tid_420,1,1,1,1,1,1,1,1,1,1,1,1,1,1,1,1,1,1,1,1,1
tid_421,1,1,1,1,1,1,1,1,1,1,1,1,1,1,1,1,1,1,1,1,1
tid_422,1,1,1,1,1,1,1,1,1,1,1,1,1,1,1,1,1,1,1,1,1
tid_423,1,1,1,1,1,1,1,1,1,1,1,1,1,1,1,1,1,1,1,1,1
tid_424,2,2,2,2,2,2,2,2,2,2,2,2,2,2,2,2,2,2,2,2,2
tid_425,2,2,2,2,2,2,2,2,2,2,2,2,2,2,2,2,2,2,2,2,2
tid_428,2,2,2,2,2,2,2,2,2,2,2,2,2,2,2,2,2,2,2,2,2
tid_429,2,2,2,2,2,2,2,2,2,2,2,2,2,2,2,2,2,2,2,2,2
tid_43,2,2,2,2,2,2,2,2,2,2,2,2,2,2,2,2,2,2,2,2,2
tid_430,1,1,1,1,1,1,1,1,1,1,1,1,1,1,1,1,1,1,1,1,1
tid_431,1,1,1,1,1,1,1,1,1,1,1,1,1,1,1,1,1,1,1,1,1
tid_432,2,2,2,2,2,2,2,2,2,2,2,2,2,2,2,2,2,2,2,2,2
tid_433,2,2,2,2,2,2,2,2,2,2,2,2,2,2,2,2,2,2,2,2,2
tid_434,2,2,2,2,2,2,2,2,2,2,2,2,2,2,2,2,2,2,2,2,2
tid_435,2,2,2,2,2,2,2,2,2,2,2,2,2,2,2,2,2,2,2,2,2
tid_436,2,2,2,2,2,2,2,2,2,2,2,2,2,2,2,2,2,2,2,2,2
tid_437,2,2,2,2,2,2,2,2,2,2,2,2,2,2,2,2,2,2,2,2,2
tid_438,2,2,2,2,2,2,2,2,2,2,2,2,2,2,2,2,2,2,2,2,2
tid_44,1,1,1,1,1,1,1,1,1,1,1,1,1,1,1,1,1,1,1,1,1
tid_440,1,1,1,1,1,1,1,1,1,1,1,1,1,1,1,1,1,1,1,1,1
tid_441,2,2,2,2,2,2,2,2,2,2,2,2,2,2,2,2,2,2,2,2,2
tid_442,2,2,2,2,2,2,2,2,2,2,2,2,2,2,2,2,2,2,2,2,2
tid_443,1,1,1,1,1,1,1,1,1,1,1,1,1,1,1,1,1,1,1,1,1
tid_444,2,2,2,2,2,2,2,2,2,2,2,2,2,2,2,2,2,2,2,2,2
tid_445,2,2,2,2,2,2,2,2,2,2,2,2,2,2,2,2,2,2,2,2,2
tid_446,2,2,2,2,2,2,2,2,2,2,2,2,2,2,2,2,2,2,2,2,2
tid_447,2,2,2,2,2,2,2,2,2,2,2,2,2,2,2,2,2,2,2,2,2
tid_448,1,1,1,1,1,1,1,1,1,1,1,1,1,1,1,1,1,1,1,1,1
tid_449,2,2,2,2,2,2,2,2,2,2,2,2,2,2,2,2,2,2,2,2,2
tid_45,1,1,1,1,1,1,1,1,1,1,1,1,1,1,1,1,1,1,1,1,1
tid_450,1,1,1,1,1,1,1,1,1,1,1,1,1,1,1,1,1,1,1,1,1
tid_451,2,2,2,2,2,2,2,2,2,2,2,2,2,2,2,2,2,2,2,2,2
tid_452,1,1,1,1,1,1,1,1,1,1,1,1,1,1,1,1,1,1,1,1,1
tid_453,1,1,1,1,1,1,1,1,1,1,1,1,1,1,1,1,1,1,1,1,1
tid_455,1,1,1,1,1,1,1,1,1,1,1,1,1,1,1,1,1,1,1,1,1
tid_456,2,2,2,2,2,2,2,2,2,2,2,2,2,2,2,2,2,2,2,2,2
tid_457,2,2,2,2,2,2,2,2,2,2,2,2,2,2,2,2,2,2,2,2,2
tid_458,1,1,1,1,1,1,1,1,1,1,1,1,1,1,1,1,1,1,1,1,1
tid_459,1,1,1,1,1,1,1,1,1,1,1,1,1,1,1,1,1,1,1,1,1
tid_46,1,1,1,1,1,1,1,1,1,1,1,1,1,1,1,1,1,1,1,1,1
tid_460,1,1,1,1,1,1,1,1,1,1,1,1,1,1,1,1,1,1,1,1,1
tid_47,1,1,1,1,1,1,1,1,1,1,1,1,1,1,1,1,1,1,1,1,1
tid_478,0,0,0,0,0,0,0,0,0,0,0,0,0,0,0,0,0,0,0,0,0
tid_479,2,2,2,2,2,2,2,2,2,2,2,2,2,2,2,2,2,2,2,2,2
tid_48,1,1,1,1,1,1,1,1,1,1,1,1,1,1,1,1,1,1,1,1,1
tid_480,1,1,1,1,1,1,1,1,1,1,1,1,1,1,1,1,1,1,1,1,1
tid_481,1,1,1,1,1,1,1,1,1,1,1,1,1,1,1,1,1,1,1,1,1
tid_482,2,2,2,2,2,2,2,2,2,2,2,2,2,2,2,2,2,2,2,2,2
tid_484,1,1,1,1,1,1,1,1,1,1,1,1,1,1,1,1,1,1,1,1,1
tid_485,1,1,1,1,1,1,1,1,1,1,1,1,1,1,1,1,1,1,1,1,1
tid_486,1,1,1,1,1,1,1,1,1,1,1,1,1,1,1,1,1,1,1,1,1
tid_487,1,1,1,1,1,1,1,1,1,1,1,1,1,1,1,1,1,1,1,1,1
tid_489,2,2,2,2,2,2,2,2,2,2,2,2,2,2,2,2,2,2,2,2,2
tid_49,1,1,1,1,1,1,1,1,1,1,1,1,1,1,1,1,1,1,1,1,1
tid_490,1,1,1,1,1,1,1,1,1,1,1,1,1,1,1,1,1,1,1,1,1
tid_491,1,1,1,1,1,1,1,1,1,1,1,1,1,1,1,1,1,1,1,1,1
tid_492,1,1,1,1,1,1,1,1,1,1,1,1,1,1,1,1,1,1,1,1,1
tid_493,2,2,2,2,2,2,2,2,2,2,2,2,2,2,2,2,2,2,2,2,2
tid_494,1,1,1,1,1,1,1,1,1,1,1,1,1,1,1,1,1,1,1,1,1
tid_495,2,2,2,2,2,2,2,2,2,2,2,2,2,2,2,2,2,2,2,2,2
tid_496,2,2,2,2,2,2,2,2,2,2,2,2,2,2,2,2,2,2,2,2,2
tid_497,2,2,2,2,2,2,2,2,2,2,2,2,2,2,2,2,2,2,2,2,2
tid_498,1,1,1,1,1,1,1,1,1,1,1,1,1,1,1,1,1,1,1,1,1
tid_499,1,1,1,1,1,1,1,1,1,1,1,1,1,1,1,1,1,1,1,1,1
tid_5,2,2,2,2,2,2,2,2,2,2,2,2,2,2,2,2,2,2,2,2,2
tid_50,1,1,1,1,1,1,1,1,1,1,1,1,1,1,1,1,1,1,1,1,1
tid_501,2,2,2,2,2,2,2,2,2,2,2,2,2,2,2,2,2,2,2,2,2
tid_502,1,1,1,1,1,1,1,1,1,1,1,1,1,1,1,1,1,1,1,1,1
tid_503,2,2,2,2,2,2,2,2,2,2,2,2,2,2,2,2,2,2,2,2,2
tid_504,0,0,0,0,0,0,0,0,0,0,0,0,0,0,0,0,0,0,0,0,0
tid_505,1,1,1,1,1,1,1,1,1,1,1,1,1,1,1,1,1,1,1,1,1
tid_506,1,1,1,1,1,1,1,1,1,1,1,1,1,1,1,1,1,1,1,1,1
tid_507,1,1,1,1,1,1,1,1,1,1,1,1,1,1,1,1,1,1,1,1,1
tid_508,1,1,1,1,1,1,1,1,1,1,1,1,1,1,1,1,1,1,1,1,1
tid_509,1,1,1,1,1,1,1,1,1,1,1,1,1,1,1,1,1,1,1,1,1
tid_51,1,1,1,1,1,1,1,1,1,1,1,1,1,1,1,1,1,1,1,1,1
tid_510,1,1,1,1,1,1,1,1,1,1,1,1,1,1,1,1,1,1,1,1,1
tid_511,1,1,1,1,1,1,1,1,1,1,1,1,1,1,1,1,1,1,1,1,1
tid_512,2,2,2,2,2,2,2,2,2,2,2,2,2,2,2,2,2,2,2,2,2
tid_515,1,1,1,1,1,1,1,1,1,1,1,1,1,1,1,1,1,1,1,1,1
tid_516,2,2,2,2,2,2,2,2,2,2,2,2,2,2,2,2,2,2,2,2,2
tid_517,1,1,1,1,1,1,1,1,1,1,1,1,1,1,1,1,1,1,1,1,1
tid_518,2,2,2,2,2,2,2,2,2,2,2,2,2,2,2,2,2,2,2,2,2
tid_519,2,2,2,2,2,2,2,2,2,2,2,2,2,2,2,2,2,2,2,2,2
tid_52,2,2,2,2,2,2,2,2,2,2,2,2,2,2,2,2,2,2,2,2,2
tid_520,2,2,2,2,2,2,2,2,2,2,2,2,2,2,2,2,2,2,2,2,2
tid_521,2,2,2,2,2,2,2,2,2,2,2,2,2,2,2,2,2,2,2,2,2
tid_522,2,2,2,2,2,2,2,2,2,2,2,2,2,2,2,2,2,2,2,2,2
tid_523,2,2,2,2,2,2,2,2,2,2,2,2,2,2,2,2,2,2,2,2,2
tid_524,2,2,2,2,2,2,2,2,2,2,2,2,2,2,2,2,2,2,2,2,2
tid_525,2,2,2,2,2,2,2,2,2,2,2,2,2,2,2,2,2,2,2,2,2
tid_527,2,2,2,2,2,2,2,2,2,2,2,2,2,2,2,2,2,2,2,2,2
tid_528,2,2,2,2,2,2,2,2,2,2,2,2,2,2,2,2,2,2,2,2,2
tid_529,1,1,1,1,1,1,1,1,1,1,1,1,1,1,1,1,1,1,1,1,1
tid_53,1,1,1,1,1,1,1,1,1,1,1,1,1,1,1,1,1,1,1,1,1
tid_530,2,2,2,2,2,2,2,2,2,2,2,2,2,2,2,2,2,2,2,2,2
tid_531,2,2,2,2,2,2,2,2,2,2,2,2,2,2,2,2,2,2,2,2,2
tid_532,2,2,2,2,2,2,2,2,2,2,2,2,2,2,2,2,2,2,2,2,2
tid_533,2,2,2,2,2,2,2,2,2,2,2,2,2,2,2,2,2,2,2,2,2
tid_534,2,2,2,2,2,2,2,2,2,2,2,2,2,2,2,2,2,2,2,2,2
tid_535,1,1,1,1,1,1,1,1,1,1,1,1,1,1,1,1,1,1,1,1,1
tid_536,2,2,2,2,2,2,2,2,2,2,2,2,2,2,2,2,2,2,2,2,2
tid_537,2,2,2,2,2,2,2,2,2,2,2,2,2,2,2,2,2,2,2,2,2
tid_538,2,2,2,2,2,2,2,2,2,2,2,2,2,2,2,2,2,2,2,2,2
tid_539,2,2,2,2,2,2,2,2,2,2,2,2,2,2,2,2,2,2,2,2,2
tid_54,1,1,1,1,1,1,1,1,1,1,1,1,1,1,1,1,1,1,1,1,1
tid_540,2,2,2,2,2,2,2,2,2,2,2,2,2,2,2,2,2,2,2,2,2
tid_541,2,2,2,2,2,2,2,2,2,2,2,2,2,2,2,2,2,2,2,2,2
tid_542,2,2,2,2,2,2,2,2,2,2,2,2,2,2,2,2,2,2,2,2,2
tid_543,2,2,2,2,2,2,2,2,2,2,2,2,2,2,2,2,2,2,2,2,2
tid_544,2,2,2,2,2,2,2,2,2,2,2,2,2,2,2,2,2,2,2,2,2
tid_545,2,2,2,2,2,2,2,2,2,2,2,2,2,2,2,2,2,2,2,2,2
tid_546,2,2,2,2,2,2,2,2,2,2,2,2,2,2,2,2,2,2,2,2,2
tid_547,2,2,2,2,2,2,2,2,2,2,2,2,2,2,2,2,2,2,2,2,2
tid_548,2,2,2,2,2,2,2,2,2,2,2,2,2,2,2,2,2,2,2,2,2
tid_549,2,2,2,2,2,2,2,2,2,2,2,2,2,2,2,2,2,2,2,2,2
tid_55,1,1,1,1,1,1,1,1,1,1,1,1,1,1,1,1,1,1,1,1,1
tid_550,2,2,2,2,2,2,2,2,2,2,2,2,2,2,2,2,2,2,2,2,2
tid_552,2,2,2,2,2,2,2,2,2,2,2,2,2,2,2,2,2,2,2,2,2
tid_553,2,2,2,2,2,2,2,2,2,2,2,2,2,2,2,2,2,2,2,2,2
tid_554,2,2,2,2,2,2,2,2,2,2,2,2,2,2,2,2,2,2,2,2,2
tid_555,2,2,2,2,2,2,2,2,2,2,2,2,2,2,2,2,2,2,2,2,2
tid_556,3,3,3,3,3,3,3,3,3,3,3,3,3,3,3,3,3,3,3,3,3
tid_557,2,2,2,2,2,2,2,2,2,2,2,2,2,2,2,2,2,2,2,2,2
tid_558,2,2,2,2,2,2,2,2,2,2,2,2,2,2,2,2,2,2,2,2,2
tid_559,2,2,2,2,2,2,2,2,2,2,2,2,2,2,2,2,2,2,2,2,2
tid_56,1,1,1,1,1,1,1,1,1,1,1,1,1,1,1,1,1,1,1,1,1
tid_560,2,2,2,2,2,2,2,2,2,2,2,2,2,2,2,2,2,2,2,2,2
tid_561,2,2,2,2,2,2,2,2,2,2,2,2,2,2,2,2,2,2,2,2,2
tid_562,2,2,2,2,2,2,2,2,2,2,2,2,2,2,2,2,2,2,2,2,2
tid_563,2,2,2,2,2,2,2,2,2,2,2,2,2,2,2,2,2,2,2,2,2
tid_564,2,2,2,2,2,2,2,2,2,2,2,2,2,2,2,2,2,2,2,2,2
tid_565,2,2,2,2,2,2,2,2,2,2,2,2,2,2,2,2,2,2,2,2,2
tid_566,2,2,2,2,2,2,2,2,2,2,2,2,2,2,2,2,2,2,2,2,2
tid_567,2,2,2,2,2,2,2,2,2,2,2,2,2,2,2,2,2,2,2,2,2
tid_568,2,2,2,2,2,2,2,2,2,2,2,2,2,2,2,2,2,2,2,2,2
tid_569,2,2,2,2,2,2,2,2,2,2,2,2,2,2,2,2,2,2,2,2,2
tid_57,1,1,1,1,1,1,1,1,1,1,1,1,1,1,1,1,1,1,1,1,1
tid_570,2,2,2,2,2,2,2,2,2,2,2,2,2,2,2,2,2,2,2,2,2
tid_571,2,2,2,2,2,2,2,2,2,2,2,2,2,2,2,2,2,2,2,2,2
tid_572,2,2,2,2,2,2,2,2,2,2,2,2,2,2,2,2,2,2,2,2,2
tid_574,2,2,2,2,2,2,2,2,2,2,2,2,2,2,2,2,2,2,2,2,2
tid_578,1,1,1,1,1,1,1,1,1,1,1,1,1,1,1,1,1,1,1,1,1
tid_579,1,1,1,1,1,1,1,1,1,1,1,1,1,1,1,1,1,1,1,1,1
tid_58,2,2,2,2,2,2,2,2,2,2,2,2,2,2,2,2,2,2,2,2,2
tid_580,3,3,3,3,3,3,3,3,3,3,3,3,3,3,3,3,3,3,3,3,3
tid_581,1,1,1,1,1,1,1,1,1,1,1,1,1,1,1,1,1,1,1,1,1
tid_582,3,3,3,3,3,3,3,3,3,3,3,3,3,3,3,3,3,3,3,3,3
tid_583,3,3,3,3,3,3,3,3,3,3,3,3,3,3,3,3,3,3,3,3,3
tid_584,1,1,1,1,1,1,1,1,1,1,1,1,1,1,1,1,1,1,1,1,1
tid_585,1,1,1,1,1,1,1,1,1,1,1,1,1,1,1,1,1,1,1,1,1
tid_586,1,1,1,1,1,1,1,1,1,1,1,1,1,1,1,1,1,1,1,1,1
tid_587,1,1,1,1,1,1,1,1,1,1,1,1,1,1,1,1,1,1,1,1,1
tid_588,3,3,3,3,3,3,3,3,3,3,3,3,3,3,3,3,3,3,3,3,3
tid_589,1,1,1,1,1,1,1,1,1,1,1,1,1,1,1,1,1,1,1,1,1
tid_59,1,1,1,1,1,1,1,1,1,1,1,1,1,1,1,1,1,1,1,1,1
tid_591,1,1,1,1,1,1,1,1,1,1,1,1,1,1,1,1,1,1,1,1,1
tid_592,1,1,1,1,1,1,1,1,1,1,1,1,1,1,1,1,1,1,1,1,1
tid_593,1,1,1,1,1,1,1,1,1,1,1,1,1,1,1,1,1,1,1,1,1
tid_594,1,1,1,1,1,1,1,1,1,1,1,1,1,1,1,1,1,1,1,1,1
tid_595,2,2,2,2,2,2,2,2,2,2,2,2,2,2,2,2,2,2,2,2,2
tid_598,1,1,1,1,1,1,1,1,1,1,1,1,1,1,1,1,1,1,1,1,1
tid_599,1,1,1,1,1,1,1,1,1,1,1,1,1,1,1,1,1,1,1,1,1
tid_6,1,1,1,1,1,1,1,1,1,1,1,1,1,1,1,1,1,1,1,1,1
tid_60,1,1,1,1,1,1,1,1,1,1,1,1,1,1,1,1,1,1,1,1,1
tid_600,1,1,1,1,1,1,1,1,1,1,1,1,1,1,1,1,1,1,1,1,1
tid_601,1,1,1,1,1,1,1,1,1,1,1,1,1,1,1,1,1,1,1,1,1
tid_602,3,3,3,3,3,3,3,3,3,3,3,3,3,3,3,3,3,3,3,3,3
tid_603,1,1,1,1,1,1,1,1,1,1,1,1,1,1,1,1,1,1,1,1,1
tid_604,1,1,1,1,1,1,1,1,1,1,1,1,1,1,1,1,1,1,1,1,1
tid_605,1,1,1,1,1,1,1,1,1,1,1,1,1,1,1,1,1,1,1,1,1
tid_606,1,1,1,1,1,1,1,1,1,1,1,1,1,1,1,1,1,1,1,1,1
tid_607,1,1,1,1,1,1,1,1,1,1,1,1,1,1,1,1,1,1,1,1,1
tid_608,0,0,0,0,0,0,0,0,0,0,0,0,0,0,0,0,0,0,0,0,0
tid_61,1,1,1,1,1,1,1,1,1,1,1,1,1,1,1,1,1,1,1,1,1
tid_612,0,0,0,0,0,0,0,0,0,0,0,0,0,0,0,0,0,0,0,0,0
tid_613,3,3,3,3,3,3,3,3,3,3,3,3,3,3,3,3,3,3,3,3,3
tid_614,3,3,3,3,3,3,3,3,3,3,3,3,3,3,3,3,3,3,3,3,3
tid_615,3,3,3,3,3,3,3,3,3,3,3,3,3,3,3,3,3,3,3,3,3
tid_616,3,3,3,3,3,3,3,3,3,3,3,3,3,3,3,3,3,3,3,3,3
tid_618,3,3,3,3,3,3,3,3,3,3,3,3,3,3,3,3,3,3,3,3,3
tid_619,3,3,3,3,3,3,3,3,3,3,3,3,3,3,3,3,3,3,3,3,3
tid_62,1,1,1,1,1,1,1,1,1,1,1,1,1,1,1,1,1,1,1,1,1
tid_621,3,3,3,3,3,3,3,3,3,3,3,3,3,3,3,3,3,3,3,3,3
tid_63,1,1,1,1,1,1,1,1,1,1,1,1,1,1,1,1,1,1,1,1,1
tid_65,2,2,2,2,2,2,2,2,2,2,2,2,2,2,2,2,2,2,2,2,2
tid_66,1,1,1,1,1,1,1,1,1,1,1,1,1,1,1,1,1,1,1,1,1
tid_666,0,0,0,0,0,0,0,0,0,0,0,0,0,0,0,0,0,0,0,0,0
tid_667,1,1,1,1,1,1,1,1,1,1,1,1,1,1,1,1,1,1,1,1,1
tid_668,2,2,2,2,2,2,2,2,2,2,2,2,2,2,2,2,2,2,2,2,2
tid_669,2,2,2,2,2,2,2,2,2,2,2,2,2,2,2,2,2,2,2,2,2
tid_67,1,1,1,1,1,1,1,1,1,1,1,1,1,1,1,1,1,1,1,1,1
tid_670,1,1,1,1,1,1,1,1,1,1,1,1,1,1,1,1,1,1,1,1,1
tid_671,1,1,1,1,1,1,1,1,1,1,1,1,1,1,1,1,1,1,1,1,1
tid_674,1,1,1,1,1,1,1,1,1,1,1,1,1,1,1,1,1,1,1,1,1
tid_675,1,1,1,1,1,1,1,1,1,1,1,1,1,1,1,1,1,1,1,1,1
tid_676,1,1,1,1,1,1,1,1,1,1,1,1,1,1,1,1,1,1,1,1,1
tid_677,1,1,1,1,1,1,1,1,1,1,1,1,1,1,1,1,1,1,1,1,1
tid_678,3,3,3,3,3,3,3,3,3,3,3,3,3,3,3,3,3,3,3,3,3
tid_679,1,1,1,1,1,1,1,1,1,1,1,1,1,1,1,1,1,1,1,1,1
tid_68,1,1,1,1,1,1,1,1,1,1,1,1,1,1,1,1,1,1,1,1,1
tid_680,1,1,1,1,1,1,1,1,1,1,1,1,1,1,1,1,1,1,1,1,1
tid_683,2,2,2,2,2,2,2,2,2,2,2,2,2,2,2,2,2,2,2,2,2
tid_685,2,2,2,2,2,2,2,2,2,2,2,2,2,2,2,2,2,2,2,2,2
tid_686,1,1,1,1,1,1,1,1,1,1,1,1,1,1,1,1,1,1,1,1,1
tid_687,2,2,2,2,2,2,2,2,2,2,2,2,2,2,2,2,2,2,2,2,2
tid_689,1,1,1,1,1,1,1,1,1,1,1,1,1,1,1,1,1,1,1,1,1
tid_69,1,1,1,1,1,1,1,1,1,1,1,1,1,1,1,1,1,1,1,1,1
tid_690,2,2,2,2,2,2,2,2,2,2,2,2,2,2,2,2,2,2,2,2,2
tid_691,2,2,2,2,2,2,2,2,2,2,2,2,2,2,2,2,2,2,2,2,2
tid_692,2,2,2,2,2,2,2,2,2,2,2,2,2,2,2,2,2,2,2,2,2
tid_693,1,1,1,1,1,1,1,1,1,1,1,1,1,1,1,1,1,1,1,1,1
tid_694,2,2,2,2,2,2,2,2,2,2,2,2,2,2,2,2,2,2,2,2,2
tid_695,2,2,2,2,2,2,2,2,2,2,2,2,2,2,2,2,2,2,2,2,2
tid_696,2,2,2,2,2,2,2,2,2,2,2,2,2,2,2,2,2,2,2,2,2
tid_697,2,2,2,2,2,2,2,2,2,2,2,2,2,2,2,2,2,2,2,2,2
tid_698,2,2,2,2,2,2,2,2,2,2,2,2,2,2,2,2,2,2,2,2,2
tid_699,2,2,2,2,2,2,2,2,2,2,2,2,2,2,2,2,2,2,2,2,2
tid_7,0,0,0,0,0,0,0,0,0,0,0,0,0,0,0,0,0,0,0,0,0
tid_70,2,2,2,2,2,2,2,2,2,2,2,2,2,2,2,2,2,2,2,2,2
tid_701,2,2,2,2,2,2,2,2,2,2,2,2,2,2,2,2,2,2,2,2,2
tid_702,1,1,1,1,1,1,1,1,1,1,1,1,1,1,1,1,1,1,1,1,1
tid_703,2,2,2,2,2,2,2,2,2,2,2,2,2,2,2,2,2,2,2,2,2
tid_704,2,2,2,2,2,2,2,2,2,2,2,2,2,2,2,2,2,2,2,2,2
tid_705,2,2,2,2,2,2,2,2,2,2,2,2,2,2,2,2,2,2,2,2,2
tid_706,2,2,2,2,2,2,2,2,2,2,2,2,2,2,2,2,2,2,2,2,2
tid_708,3,3,3,3,3,3,3,3,3,3,3,3,3,3,3,3,3,3,3,3,3
tid_71,1,1,1,1,1,1,1,1,1,1,1,1,1,1,1,1,1,1,1,1,1
tid_710,2,2,2,2,2,2,2,2,2,2,2,2,2,2,2,2,2,2,2,2,2
tid_711,2,2,2,2,2,2,2,2,2,2,2,2,2,2,2,2,2,2,2,2,2
tid_712,2,2,2,2,2,2,2,2,2,2,2,2,2,2,2,2,2,2,2,2,2
tid_713,2,2,2,2,2,2,2,2,2,2,2,2,2,2,2,2,2,2,2,2,2
tid_714,2,2,2,2,2,2,2,2,2,2,2,2,2,2,2,2,2,2,2,2,2
tid_715,2,2,2,2,2,2,2,2,2,2,2,2,2,2,2,2,2,2,2,2,2
tid_716,1,1,1,1,1,1,1,1,1,1,1,1,1,1,1,1,1,1,1,1,1
tid_717,2,2,2,2,2,2,2,2,2,2,2,2,2,2,2,2,2,2,2,2,2
tid_718,3,3,3,3,3,3,3,3,3,3,3,3,3,3,3,3,3,3,3,3,3
tid_719,2,2,2,2,2,2,2,2,2,2,2,2,2,2,2,2,2,2,2,2,2
tid_72,1,1,1,1,1,1,1,1,1,1,1,1,1,1,1,1,1,1,1,1,1
tid_720,3,3,3,3,3,3,3,3,3,3,3,3,3,3,3,3,3,3,3,3,3
tid_721,2,2,2,2,2,2,2,2,2,2,2,2,2,2,2,2,2,2,2,2,2
tid_722,2,2,2,2,2,2,2,2,2,2,2,2,2,2,2,2,2,2,2,2,2
tid_723,2,2,2,2,2,2,2,2,2,2,2,2,2,2,2,2,2,2,2,2,2
tid_725,1,1,1,1,1,1,1,1,1,1,1,1,1,1,1,1,1,1,1,1,1
tid_726,3,3,3,3,3,3,3,3,3,3,3,3,3,3,3,3,3,3,3,3,3
tid_727,0,0,0,0,0,0,0,0,0,0,0,0,0,0,0,0,0,0,0,0,0
tid_73,1,1,1,1,1,1,1,1,1,1,1,1,1,1,1,1,1,1,1,1,1
tid_731,1,1,1,1,1,1,1,1,1,1,1,1,1,1,1,1,1,1,1,1,1
tid_734,2,2,2,2,2,2,2,2,2,2,2,2,2,2,2,2,2,2,2,2,2
tid_735,1,1,1,1,1,1,1,1,1,1,1,1,1,1,1,1,1,1,1,1,1
tid_736,2,2,2,2,2,2,2,2,2,2,2,2,2,2,2,2,2,2,2,2,2
tid_737,2,2,2,2,2,2,2,2,2,2,2,2,2,2,2,2,2,2,2,2,2
tid_738,1,1,1,1,1,1,1,1,1,1,1,1,1,1,1,1,1,1,1,1,1
tid_739,2,2,2,2,2,2,2,2,2,2,2,2,2,2,2,2,2,2,2,2,2
tid_74,1,1,1,1,1,1,1,1,1,1,1,1,1,1,1,1,1,1,1,1,1
tid_741,1,1,1,1,1,1,1,1,1,1,1,1,1,1,1,1,1,1,1,1,1
tid_742,2,2,2,2,2,2,2,2,2,2,2,2,2,2,2,2,2,2,2,2,2
tid_743,2,2,2,2,2,2,2,2,2,2,2,2,2,2,2,2,2,2,2,2,2
tid_744,1,1,1,1,1,1,1,1,1,1,1,1,1,1,1,1,1,1,1,1,1
tid_745,2,2,2,2,2,2,2,2,2,2,2,2,2,2,2,2,2,2,2,2,2
tid_746,2,2,2,2,2,2,2,2,2,2,2,2,2,2,2,2,2,2,2,2,2
tid_747,2,2,2,2,2,2,2,2,2,2,2,2,2,2,2,2,2,2,2,2,2
tid_748,1,1,1,1,1,1,1,1,1,1,1,1,1,1,1,1,1,1,1,1,1
tid_749,2,2,2,2,2,2,2,2,2,2,2,2,2,2,2,2,2,2,2,2,2
tid_75,1,1,1,1,1,1,1,1,1,1,1,1,1,1,1,1,1,1,1,1,1
tid_751,2,2,2,2,2,2,2,2,2,2,2,2,2,2,2,2,2,2,2,2,2
tid_752,2,2,2,2,2,2,2,2,2,2,2,2,2,2,2,2,2,2,2,2,2
tid_753,2,2,2,2,2,2,2,2,2,2,2,2,2,2,2,2,2,2,2,2,2
tid_754,1,1,1,1,1,1,1,1,1,1,1,1,1,1,1,1,1,1,1,1,1
tid_755,2,2,2,2,2,2,2,2,2,2,2,2,2,2,2,2,2,2,2,2,2
tid_756,1,1,1,1,1,1,1,1,1,1,1,1,1,1,1,1,1,1,1,1,1
tid_757,1,1,1,1,1,1,1,1,1,1,1,1,1,1,1,1,1,1,1,1,1
tid_758,2,2,2,2,2,2,2,2,2,2,2,2,2,2,2,2,2,2,2,2,2
tid_76,1,1,1,1,1,1,1,1,1,1,1,1,1,1,1,1,1,1,1,1,1
tid_760,2,2,2,2,2,2,2,2,2,2,2,2,2,2,2,2,2,2,2,2,2
tid_761,2,2,2,2,2,2,2,2,2,2,2,2,2,2,2,2,2,2,2,2,2
tid_763,1,1,1,1,1,1,1,1,1,1,1,1,1,1,1,1,1,1,1,1,1
tid_764,2,2,2,2,2,2,2,2,2,2,2,2,2,2,2,2,2,2,2,2,2
tid_765,2,2,2,2,2,2,2,2,2,2,2,2,2,2,2,2,2,2,2,2,2
tid_766,1,1,1,1,1,1,1,1,1,1,1,1,1,1,1,1,1,1,1,1,1
tid_767,1,1,1,1,1,1,1,1,1,1,1,1,1,1,1,1,1,1,1,1,1
tid_769,2,2,2,2,2,2,2,2,2,2,2,2,2,2,2,2,2,2,2,2,2
tid_77,1,1,1,1,1,1,1,1,1,1,1,1,1,1,1,1,1,1,1,1,1
tid_770,2,2,2,2,2,2,2,2,2,2,2,2,2,2,2,2,2,2,2,2,2
tid_771,2,2,2,2,2,2,2,2,2,2,2,2,2,2,2,2,2,2,2,2,2
tid_773,2,2,2,2,2,2,2,2,2,2,2,2,2,2,2,2,2,2,2,2,2
tid_774,2,2,2,2,2,2,2,2,2,2,2,2,2,2,2,2,2,2,2,2,2
tid_775,0,0,0,0,0,0,0,0,0,0,0,0,0,0,0,0,0,0,0,0,0
tid_776,1,1,1,1,1,1,1,1,1,1,1,1,1,1,1,1,1,1,1,1,1
tid_777,0,0,0,0,0,0,0,0,0,0,0,0,0,0,0,0,0,0,0,0,0
tid_778,1,1,1,1,1,1,1,1,1,1,1,1,1,1,1,1,1,1,1,1,1
tid_779,1,1,1,1,1,1,1,1,1,1,1,1,1,1,1,1,1,1,1,1,1
tid_78,2,2,2,2,2,2,2,2,2,2,2,2,2,2,2,2,2,2,2,2,2
tid_780,1,1,1,1,1,1,1,1,1,1,1,1,1,1,1,1,1,1,1,1,1
tid_781,1,1,1,1,1,1,1,1,1,1,1,1,1,1,1,1,1,1,1,1,1
tid_782,0,0,0,0,0,0,0,0,0,0,0,0,0,0,0,0,0,0,0,0,0
tid_783,1,1,1,1,1,1,1,1,1,1,1,1,1,1,1,1,1,1,1,1,1
tid_784,1,1,1,1,1,1,1,1,1,1,1,1,1,1,1,1,1,1,1,1,1
tid_785,0,0,0,0,0,0,0,0,0,0,0,0,0,0,0,0,0,0,0,0,0
tid_787,3,3,3,3,3,3,3,3,3,3,3,3,3,3,3,3,3,3,3,3,3
tid_788,1,1,1,1,1,1,1,1,1,1,1,1,1,1,1,1,1,1,1,1,1
tid_789,1,1,1,1,1,1,1,1,1,1,1,1,1,1,1,1,1,1,1,1,1
tid_79,1,1,1,1,1,1,1,1,1,1,1,1,1,1,1,1,1,1,1,1,1
tid_790,1,1,1,1,1,1,1,1,1,1,1,1,1,1,1,1,1,1,1,1,1
tid_791,3,3,3,3,3,3,3,3,3,3,3,3,3,3,3,3,3,3,3,3,3
tid_792,3,3,3,3,3,3,3,3,3,3,3,3,3,3,3,3,3,3,3,3,3
tid_793,2,2,2,2,2,2,2,2,2,2,2,2,2,2,2,2,2,2,2,2,2
tid_794,1,1,1,1,1,1,1,1,1,1,1,1,1,1,1,1,1,1,1,1,1
tid_795,3,3,3,3,3,3,3,3,3,3,3,3,3,3,3,3,3,3,3,3,3
tid_796,3,3,3,3,3,3,3,3,3,3,3,3,3,3,3,3,3,3,3,3,3
tid_797,3,3,3,3,3,3,3,3,3,3,3,3,3,3,3,3,3,3,3,3,3
tid_798,1,1,1,1,1,1,1,1,1,1,1,1,1,1,1,1,1,1,1,1,1
tid_799,3,3,3,3,3,3,3,3,3,3,3,3,3,3,3,3,3,3,3,3,3
tid_8,1,1,1,1,1,1,1,1,1,1,1,1,1,1,1,1,1,1,1,1,1
tid_80,1,1,1,1,1,1,1,1,1,1,1,1,1,1,1,1,1,1,1,1,1
tid_800,3,3,3,3,3,3,3,3,3,3,3,3,3,3,3,3,3,3,3,3,3
tid_801,3,3,3,3,3,3,3,3,3,3,3,3,3,3,3,3,3,3,3,3,3
tid_802,2,2,2,2,2,2,2,2,2,2,2,2,2,2,2,2,2,2,2,2,2
tid_803,3,3,3,3,3,3,3,3,3,3,3,3,3,3,3,3,3,3,3,3,3
tid_804,2,2,2,2,2,2,2,2,2,2,2,2,2,2,2,2,2,2,2,2,2
tid_805,3,3,3,3,3,3,3,3,3,3,3,3,3,3,3,3,3,3,3,3,3
tid_806,1,1,1,1,1,1,1,1,1,1,1,1,1,1,1,1,1,1,1,1,1
tid_807,3,3,3,3,3,3,3,3,3,3,3,3,3,3,3,3,3,3,3,3,3
tid_808,2,2,2,2,2,2,2,2,2,2,2,2,2,2,2,2,2,2,2,2,2
tid_809,0,0,0,0,0,0,0,0,0,0,0,0,0,0,0,0,0,0,0,0,0
tid_81,1,1,1,1,1,1,1,1,1,1,1,1,1,1,1,1,1,1,1,1,1
tid_810,2,2,2,2,2,2,2,2,2,2,2,2,2,2,2,2,2,2,2,2,2
tid_811,1,1,1,1,1,1,1,1,1,1,1,1,1,1,1,1,1,1,1,1,1
tid_812,0,0,0,0,0,0,0,0,0,0,0,0,0,0,0,0,0,0,0,0,0
tid_813,1,1,1,1,1,1,1,1,1,1,1,1,1,1,1,1,1,1,1,1,1
tid_814,2,2,2,2,2,2,2,2,2,2,2,2,2,2,2,2,2,2,2,2,2
tid_815,2,2,2,2,2,2,2,2,2,2,2,2,2,2,2,2,2,2,2,2,2
tid_817,2,2,2,2,2,2,2,2,2,2,2,2,2,2,2,2,2,2,2,2,2
tid_818,1,1,1,1,1,1,1,1,1,1,1,1,1,1,1,1,1,1,1,1,1
tid_819,1,1,1,1,1,1,1,1,1,1,1,1,1,1,1,1,1,1,1,1,1
tid_82,1,1,1,1,1,1,1,1,1,1,1,1,1,1,1,1,1,1,1,1,1
tid_820,1,1,1,1,1,1,1,1,1,1,1,1,1,1,1,1,1,1,1,1,1
tid_821,2,2,2,2,2,2,2,2,2,2,2,2,2,2,2,2,2,2,2,2,2
tid_822,2,2,2,2,2,2,2,2,2,2,2,2,2,2,2,2,2,2,2,2,2
tid_823,1,1,1,1,1,1,1,1,1,1,1,1,1,1,1,1,1,1,1,1,1
tid_824,0,0,0,0,0,0,0,0,0,0,0,0,0,0,0,0,0,0,0,0,0
tid_825,2,2,2,2,2,2,2,2,2,2,2,2,2,2,2,2,2,2,2,2,2
tid_826,2,2,2,2,2,2,2,2,2,2,2,2,2,2,2,2,2,2,2,2,2
tid_827,2,2,2,2,2,2,2,2,2,2,2,2,2,2,2,2,2,2,2,2,2
tid_828,2,2,2,2,2,2,2,2,2,2,2,2,2,2,2,2,2,2,2,2,2
tid_829,2,2,2,2,2,2,2,2,2,2,2,2,2,2,2,2,2,2,2,2,2
tid_83,1,1,1,1,1,1,1,1,1,1,1,1,1,1,1,1,1,1,1,1,1
tid_830,1,1,1,1,1,1,1,1,1,1,1,1,1,1,1,1,1,1,1,1,1
tid_831,2,2,2,2,2,2,2,2,2,2,2,2,2,2,2,2,2,2,2,2,2
tid_832,2,2,2,2,2,2,2,2,2,2,2,2,2,2,2,2,2,2,2,2,2
tid_833,2,2,2,2,2,2,2,2,2,2,2,2,2,2,2,2,2,2,2,2,2
tid_834,1,1,1,1,1,1,1,1,1,1,1,1,1,1,1,1,1,1,1,1,1
tid_835,2,2,2,2,2,2,2,2,2,2,2,2,2,2,2,2,2,2,2,2,2
tid_836,2,2,2,2,2,2,2,2,2,2,2,2,2,2,2,2,2,2,2,2,2
tid_838,2,2,2,2,2,2,2,2,2,2,2,2,2,2,2,2,2,2,2,2,2
tid_839,2,2,2,2,2,2,2,2,2,2,2,2,2,2,2,2,2,2,2,2,2
tid_840,2,2,2,2,2,2,2,2,2,2,2,2,2,2,2,2,2,2,2,2,2
tid_841,1,1,1,1,1,1,1,1,1,1,1,1,1,1,1,1,1,1,1,1,1
tid_842,0,0,0,0,0,0,0,0,0,0,0,0,0,0,0,0,0,0,0,0,0
tid_843,3,3,3,3,3,3,3,3,3,3,3,3,3,3,3,3,3,3,3,3,3
tid_844,3,3,3,3,3,3,3,3,3,3,3,3,3,3,3,3,3,3,3,3,3
tid_846,3,3,3,3,3,3,3,3,3,3,3,3,3,3,3,3,3,3,3,3,3
tid_847,3,3,3,3,3,3,3,3,3,3,3,3,3,3,3,3,3,3,3,3,3
tid_848,3,3,3,3,3,3,3,3,3,3,3,3,3,3,3,3,3,3,3,3,3
tid_849,2,2,2,2,2,2,2,2,2,2,2,2,2,2,2,2,2,2,2,2,2
tid_851,3,3,3,3,3,3,3,3,3,3,3,3,3,3,3,3,3,3,3,3,3
tid_852,3,3,3,3,3,3,3,3,3,3,3,3,3,3,3,3,3,3,3,3,3
tid_853,3,3,3,3,3,3,3,3,3,3,3,3,3,3,3,3,3,3,3,3,3
tid_854,3,3,3,3,3,3,3,3,3,3,3,3,3,3,3,3,3,3,3,3,3
tid_855,3,3,3,3,3,3,3,3,3,3,3,3,3,3,3,3,3,3,3,3,3
tid_856,3,3,3,3,3,3,3,3,3,3,3,3,3,3,3,3,3,3,3,3,3
tid_857,3,3,3,3,3,3,3,3,3,3,3,3,3,3,3,3,3,3,3,3,3
tid_859,3,3,3,3,3,3,3,3,3,3,3,3,3,3,3,3,3,3,3,3,3
tid_860,3,3,3,3,3,3,3,3,3,3,3,3,3,3,3,3,3,3,3,3,3
tid_870,3,3,3,3,3,3,3,3,3,3,3,3,3,3,3,3,3,3,3,3,3
tid_871,3,3,3,3,3,3,3,3,3,3,3,3,3,3,3,3,3,3,3,3,3
tid_872,0,0,0,0,0,0,0,0,0,0,0,0,0,0,0,0,0,0,0,0,0
tid_873,3,3,3,3,3,3,3,3,3,3,3,3,3,3,3,3,3,3,3,3,3
tid_874,3,3,3,3,3,3,3,3,3,3,3,3,3,3,3,3,3,3,3,3,3
tid_875,3,3,3,3,3,3,3,3,3,3,3,3,3,3,3,3,3,3,3,3,3
tid_876,3,3,3,3,3,3,3,3,3,3,3,3,3,3,3,3,3,3,3,3,3
tid_877,3,3,3,3,3,3,3,3,3,3,3,3,3,3,3,3,3,3,3,3,3
tid_878,3,3,3,3,3,3,3,3,3,3,3,3,3,3,3,3,3,3,3,3,3
tid_879,3,3,3,3,3,3,3,3,3,3,3,3,3,3,3,3,3,3,3,3,3
tid_880,3,3,3,3,3,3,3,3,3,3,3,3,3,3,3,3,3,3,3,3,3
tid_881,1,1,1,1,1,1,1,1,1,1,1,1,1,1,1,1,1,1,1,1,1
tid_882,3,3,3,3,3,3,3,3,3,3,3,3,3,3,3,3,3,3,3,3,3
tid_883,1,1,1,1,1,1,1,1,1,1,1,1,1,1,1,1,1,1,1,1,1
tid_884,3,3,3,3,3,3,3,3,3,3,3,3,3,3,3,3,3,3,3,3,3
tid_885,1,1,1,1,1,1,1,1,1,1,1,1,1,1,1,1,1,1,1,1,1
tid_886,3,3,3,3,3,3,3,3,3,3,3,3,3,3,3,3,3,3,3,3,3
tid_888,3,3,3,3,3,3,3,3,3,3,3,3,3,3,3,3,3,3,3,3,3
tid_889,3,3,3,3,3,3,3,3,3,3,3,3,3,3,3,3,3,3,3,3,3
tid_890,1,1,1,1,1,1,1,1,1,1,1,1,1,1,1,1,1,1,1,1,1
tid_891,1,1,1,1,1,1,1,1,1,1,1,1,1,1,1,1,1,1,1,1,1
tid_892,1,1,1,1,1,1,1,1,1,1,1,1,1,1,1,1,1,1,1,1,1
tid_895,2,2,2,2,2,2,2,2,2,2,2,2,2,2,2,2,2,2,2,2,2
tid_896,1,1,1,1,1,1,1,1,1,1,1,1,1,1,1,1,1,1,1,1,1
tid_897,2,2,2,2,2,2,2,2,2,2,2,2,2,2,2,2,2,2,2,2,2
tid_898,2,2,2,2,2,2,2,2,2,2,2,2,2,2,2,2,2,2,2,2,2
tid_899,1,1,1,1,1,1,1,1,1,1,1,1,1,1,1,1,1,1,1,1,1
tid_9,1,1,1,1,1,1,1,1,1,1,1,1,1,1,1,1,1,1,1,1,1
tid_900,2,2,2,2,2,2,2,2,2,2,2,2,2,2,2,2,2,2,2,2,2
tid_901,2,2,2,2,2,2,2,2,2,2,2,2,2,2,2,2,2,2,2,2,2
tid_902,2,2,2,2,2,2,2,2,2,2,2,2,2,2,2,2,2,2,2,2,2
tid_903,2,2,2,2,2,2,2,2,2,2,2,2,2,2,2,2,2,2,2,2,2
tid_904,2,2,2,2,2,2,2,2,2,2,2,2,2,2,2,2,2,2,2,2,2
tid_905,2,2,2,2,2,2,2,2,2,2,2,2,2,2,2,2,2,2,2,2,2
tid_907,3,3,3,3,3,3,3,3,3,3,3,3,3,3,3,3,3,3,3,3,3
tid_908,2,2,2,2,2,2,2,2,2,2,2,2,2,2,2,2,2,2,2,2,2
tid_909,2,2,2,2,2,2,2,2,2,2,2,2,2,2,2,2,2,2,2,2,2
tid_911,2,2,2,2,2,2,2,2,2,2,2,2,2,2,2,2,2,2,2,2,2
tid_912,1,1,1,1,1,1,1,1,1,1,1,1,1,1,1,1,1,1,1,1,1
tid_913,2,2,2,2,2,2,2,2,2,2,2,2,2,2,2,2,2,2,2,2,2
tid_914,2,2,2,2,2,2,2,2,2,2,2,2,2,2,2,2,2,2,2,2,2
tid_915,2,2,2,2,2,2,2,2,2,2,2,2,2,2,2,2,2,2,2,2,2
tid_916,3,3,3,3,3,3,3,3,3,3,3,3,3,3,3,3,3,3,3,3,3
tid_917,3,3,3,3,3,3,3,3,3,3,3,3,3,3,3,3,3,3,3,3,3
tid_918,1,1,1,1,1,1,1,1,1,1,1,1,1,1,1,1,1,1,1,1,1
tid_920,2,2,2,2,2,2,2,2,2,2,2,2,2,2,2,2,2,2,2,2,2
tid_922,2,2,2,2,2,2,2,2,2,2,2,2,2,2,2,2,2,2,2,2,2
tid_923,2,2,2,2,2,2,2,2,2,2,2,2,2,2,2,2,2,2,2,2,2
tid_924,2,2,2,2,2,2,2,2,2,2,2,2,2,2,2,2,2,2,2,2,2
tid_925,2,2,2,2,2,2,2,2,2,2,2,2,2,2,2,2,2,2,2,2,2
tid_926,2,2,2,2,2,2,2,2,2,2,2,2,2,2,2,2,2,2,2,2,2
tid_927,1,1,1,1,1,1,1,1,1,1,1,1,1,1,1,1,1,1,1,1,1
tid_928,1,1,1,1,1,1,1,1,1,1,1,1,1,1,1,1,1,1,1,1,1
tid_929,2,2,2,2,2,2,2,2,2,2,2,2,2,2,2,2,2,2,2,2,2
tid_930,2,2,2,2,2,2,2,2,2,2,2,2,2,2,2,2,2,2,2,2,2
tid_986,1,1,1,1,1,1,1,1,1,1,1,1,1,1,1,1,1,1,1,1,1
tid_987,1,1,1,1,1,1,1,1,1,1,1,1,1,1,1,1,1,1,1,1,1
tid_988,1,1,1,1,1,1,1,1,1,1,1,1,1,1,1,1,1,1,1,1,1
tid_989,1,1,1,1,1,1,1,1,1,1,1,1,1,1,1,1,1,1,1,1,1
tid_991,1,1,1,1,1,1,1,1,1,1,1,1,1,1,1,1,1,1,1,1,1
tid_992,1,1,1,1,1,1,1,1,1,1,1,1,1,1,1,1,1,1,1,1,1
tid_993,2,2,2,2,2,2,2,2,2,2,2,2,2,2,2,2,2,2,2,2,2
tid_994,2,2,2,2,2,2,2,2,2,2,2,2,2,2,2,2,2,2,2,2,2
tid_995,2,2,2,2,2,2,2,2,2,2,2,2,2,2,2,2,2,2,2,2,2
tid_996,1,1,1,1,1,1,1,1,1,1,1,1,1,1,1,1,1,1,1,1,1
tid_998,2,2,2,2,2,2,2,2,2,2,2,2,2,2,2,2,2,2,2,2,2
tid_999,2,2,2,2,2,2,2,2,2,2,2,2,2,2,2,2,2,2,2,2,2
