entity_id,name,region,type_2023,production_type_key,agreement_count,completed_seed_count,planned_seed_count,agreement_fraction_completed,agreement_over_20,aligned_metro_count,aligned_industrial_count,aligned_periphery_count,aligned_remote_count
tid_1,городской округ город Майкоп,Республика Адыгея,1,industrial,20,20,20,1.0,1.0,0,20,0,0
tid_10,городской округ город Горно-Алтайск,Республика Алтай,1,industrial,20,20,20,1.0,1.0,0,20,0,0
tid_1001,Петушинский муниципальный район,Владимирская область,1,industrial,20,20,20,1.0,1.0,0,20,0,0
tid_1002,Селивановский муниципальный район,Владимирская область,2,periphery,20,20,20,1.0,1.0,0,0,20,0
tid_1003,Собинский муниципальный район,Владимирская область,2,periphery,20,20,20,1.0,1.0,0,0,20,0
tid_1004,Судогодский муниципальный район,Владимирская область,2,periphery,20,20,20,1.0,1.0,0,0,20,0
tid_1005,Суздальский муниципальный район,Владимирская область,1,industrial,20,20,20,1.0,1.0,0,20,0,0
tid_1006,Юрьев-Польский муниципальный район,Владимирская область,2,periphery,20,20,20,1.0,1.0,0,0,20,0
tid_1007,городской округ город-герой Волгоград,Волгоградская область,0,metro,20,20,20,1.0,1.0,20,0,0,0
tid_1008,городской округ город Волжский,Волгоградская область,1,industrial,20,20,20,1.0,1.0,0,20,0,0
tid_1009,городской округ город Камышин,Волгоградская область,1,industrial,20,20,20,1.0,1.0,0,20,0,0
tid_1010,городской округ город Михайловка,Волгоградская область,1,industrial,20,20,20,1.0,1.0,0,20,0,0
tid_1011,городской округ город Урюпинск,Волгоградская область,1,industrial,20,20,20,1.0,1.0,0,20,0,0
tid_1012,городской округ город Фролово,Волгоградская область,2,periphery,20,20,20,1.0,1.0,0,0,20,0
tid_1013,Алексеевский муниципальный район,Волгоградская область,2,periphery,20,20,20,1.0,1.0,0,0,20,0
tid_1014,Быковский муниципальный район,Волгоградская область,2,periphery,20,20,20,1.0,1.0,0,0,20,0
tid_1015,Городищенский муниципальный район,Волгоградская область,2,periphery,20,20,20,1.0,1.0,0,0,20,0
tid_1016,Даниловский муниципальный район,Волгоградская область,2,periphery,20,20,20,1.0,1.0,0,0,20,0
tid_1017,Дубовский муниципальный район,Волгоградская область,2,periphery,20,20,20,1.0,1.0,0,0,20,0
tid_1018,Еланский муниципальный район,Волгоградская область,2,periphery,20,20,20,1.0,1.0,0,0,20,0
tid_1019,Жирновский муниципальный район,Волгоградская область,2,periphery,20,20,20,1.0,1.0,0,0,20,0
tid_1020,Иловлинский муниципальный район,Волгоградская область,2,periphery,20,20,20,1.0,1.0,0,0,20,0
tid_1021,Калачевский муниципальный район,Волгоградская область,1,industrial,20,20,20,1.0,1.0,0,20,0,0
tid_1023,Киквидзенский муниципальный район,Волгоградская область,2,periphery,20,20,20,1.0,1.0,0,0,20,0
tid_1024,Клетский муниципальный район,Волгоградская область,2,periphery,20,20,20,1.0,1.0,0,0,20,0
tid_1025,Котельниковский муниципальный район,Волгоградская область,2,periphery,20,20,20,1.0,1.0,0,0,20,0
tid_1026,Котовский муниципальный район,Волгоградская область,2,periphery,20,20,20,1.0,1.0,0,0,20,0
tid_1027,Кумылженский муниципальный район,Волгоградская область,2,periphery,20,20,20,1.0,1.0,0,0,20,0
tid_1028,Ленинский муниципальный район,Волгоградская область,2,periphery,20,20,20,1.0,1.0,0,0,20,0
tid_1029,Нехаевский муниципальный район,Волгоградская область,2,periphery,20,20,20,1.0,1.0,0,0,20,0
tid_1030,Николаевский муниципальный район,Волгоградская область,2,periphery,20,20,20,1.0,1.0,0,0,20,0
tid_1031,Новоаннинский муниципальный район,Волгоградская область,2,periphery,20,20,20,1.0,1.0,0,0,20,0
tid_1032,Новониколаевский муниципальный район,Волгоградская область,2,periphery,20,20,20,1.0,1.0,0,0,20,0
tid_1033,Октябрьский муниципальный район,Волгоградская область,2,periphery,20,20,20,1.0,1.0,0,0,20,0
tid_1034,Ольховский муниципальный район,Волгоградская область,2,periphery,20,20,20,1.0,1.0,0,0,20,0
tid_1035,Палласовский муниципальный район,Волгоградская область,2,periphery,20,20,20,1.0,1.0,0,0,20,0
tid_1036,Руднянский муниципальный район,Волгоградская область,2,periphery,20,20,20,1.0,1.0,0,0,20,0
tid_1037,Светлоярский муниципальный район,Волгоградская область,2,periphery,20,20,20,1.0,1.0,0,0,20,0
tid_1038,Серафимовичский муниципальный район,Волгоградская область,2,periphery,20,20,20,1.0,1.0,0,0,20,0
tid_1039,Среднеахтубинский муниципальный район,Волгоградская область,1,industrial,20,20,20,1.0,1.0,0,20,0,0
tid_1040,Старополтавский муниципальный район,Волгоградская область,2,periphery,20,20,20,1.0,1.0,0,0,20,0
tid_1041,Суровикинский муниципальный район,Волгоградская область,2,periphery,20,20,20,1.0,1.0,0,0,20,0
tid_1044,Чернышковский муниципальный район,Волгоградская область,2,periphery,20,20,20,1.0,1.0,0,0,20,0
tid_1047,Бабаевский муниципальный округ,Вологодская область,2,periphery,20,20,20,1.0,1.0,0,0,20,0
tid_1048,Бабушкинский муниципальный округ,Вологодская область,2,periphery,20,20,20,1.0,1.0,0,0,20,0
tid_1049,Белозерский муниципальный округ,Вологодская область,1,industrial,20,20,20,1.0,1.0,0,20,0,0
tid_1051,Великоустюгский муниципальный округ,Вологодская область,1,industrial,20,20,20,1.0,1.0,0,20,0,0
tid_1052,Верховажский муниципальный округ,Вологодская область,2,periphery,20,20,20,1.0,1.0,0,0,20,0
tid_1053,Вожегодский муниципальный округ,Вологодская область,2,periphery,20,20,20,1.0,1.0,0,0,20,0
tid_1054,Вологодский муниципальный округ,Вологодская область,1,industrial,20,20,20,1.0,1.0,0,20,0,0
tid_1055,Вытегорский муниципальный район,Вологодская область,2,periphery,20,20,20,1.0,1.0,0,0,20,0
tid_1056,Грязовецкий муниципальный округ,Вологодская область,2,periphery,20,20,20,1.0,1.0,0,0,20,0
tid_1057,Кадуйский муниципальный округ,Вологодская область,2,periphery,20,20,20,1.0,1.0,0,0,20,0
tid_1058,Кирилловский муниципальный округ,Вологодская область,2,periphery,20,20,20,1.0,1.0,0,0,20,0
tid_1059,Кичменгско-Городецкий муниципальный округ,Вологодская область,2,periphery,20,20,20,1.0,1.0,0,0,20,0
tid_1060,Междуреченский муниципальный округ,Вологодская область,2,periphery,20,20,20,1.0,1.0,0,0,20,0
tid_1061,Никольский муниципальный округ,Вологодская область,2,periphery,20,20,20,1.0,1.0,0,0,20,0
tid_1062,Нюксенский муниципальный округ,Вологодская область,2,periphery,20,20,20,1.0,1.0,0,0,20,0
tid_1063,Сокольский муниципальный округ,Вологодская область,2,periphery,20,20,20,1.0,1.0,0,0,20,0
tid_1064,Сямженский муниципальный округ,Вологодская область,2,periphery,20,20,20,1.0,1.0,0,0,20,0
tid_1065,Тарногский муниципальный округ,Вологодская область,2,periphery,20,20,20,1.0,1.0,0,0,20,0
tid_1066,Тотемский муниципальный округ,Вологодская область,2,periphery,20,20,20,1.0,1.0,0,0,20,0
tid_1067,Усть-Кубинский муниципальный округ,Вологодская область,2,periphery,20,20,20,1.0,1.0,0,0,20,0
tid_1068,Устюженский муниципальный округ,Вологодская область,2,periphery,20,20,20,1.0,1.0,0,0,20,0
tid_1069,Харовский муниципальный округ,Вологодская область,2,periphery,20,20,20,1.0,1.0,0,0,20,0
tid_1070,Чагодощенский муниципальный округ,Вологодская область,1,industrial,20,20,20,1.0,1.0,0,20,0,0
tid_1071,Череповецкий муниципальный район,Вологодская область,1,industrial,20,20,20,1.0,1.0,0,20,0,0
tid_1072,Шекснинский муниципальный район,Вологодская область,2,periphery,20,20,20,1.0,1.0,0,0,20,0
tid_11,Кош-Агачский муниципальный район,Республика Алтай,1,industrial,20,20,20,1.0,1.0,0,20,0,0
tid_1107,городской округ Иваново,Ивановская область,1,industrial,20,20,20,1.0,1.0,0,20,0,0
tid_1108,городской округ Вичуга,Ивановская область,2,periphery,20,20,20,1.0,1.0,0,0,20,0
tid_1109,городской округ Кинешма,Ивановская область,1,industrial,20,20,20,1.0,1.0,0,20,0,0
tid_1110,городской округ Кохма,Ивановская область,1,industrial,20,20,20,1.0,1.0,0,20,0,0
tid_1111,городской округ Тейково,Ивановская область,2,periphery,20,20,20,1.0,1.0,0,0,20,0
tid_1112,городской округ Шуя,Ивановская область,1,industrial,20,20,20,1.0,1.0,0,20,0,0
tid_1113,Вичугский муниципальный район,Ивановская область,2,periphery,20,20,20,1.0,1.0,0,0,20,0
tid_1115,Гаврилово-Посадский муниципальный район,Ивановская область,2,periphery,20,20,20,1.0,1.0,0,0,20,0
tid_1116,Заволжский муниципальный район,Ивановская область,2,periphery,20,20,20,1.0,1.0,0,0,20,0
tid_1117,Ивановский муниципальный район,Ивановская область,1,industrial,20,20,20,1.0,1.0,0,20,0,0
tid_1118,Ильинский муниципальный район,Ивановская область,2,periphery,20,20,20,1.0,1.0,0,0,20,0
tid_1119,Кинешемский муниципальный район,Ивановская область,2,periphery,20,20,20,1.0,1.0,0,0,20,0
tid_1120,Комсомольский муниципальный район,Ивановская область,2,periphery,20,20,20,1.0,1.0,0,0,20,0
tid_1121,Лежневский муниципальный район,Ивановская область,2,periphery,20,20,20,1.0,1.0,0,0,20,0
tid_1122,Лухский муниципальный район,Ивановская область,2,periphery,20,20,20,1.0,1.0,0,0,20,0
tid_1123,Палехский муниципальный район,Ивановская область,2,periphery,20,20,20,1.0,1.0,0,0,20,0
tid_1124,Пестяковский муниципальный район,Ивановская область,2,periphery,20,20,20,1.0,1.0,0,0,20,0
tid_1125,Приволжский муниципальный район,Ивановская область,2,periphery,20,20,20,1.0,1.0,0,0,20,0
tid_1126,Пучежский муниципальный район,Ивановская область,2,periphery,20,20,20,1.0,1.0,0,0,20,0
tid_1127,Родниковский муниципальный район,Ивановская область,2,periphery,20,20,20,1.0,1.0,0,0,20,0
tid_1128,Савинский муниципальный район,Ивановская область,2,periphery,20,20,20,1.0,1.0,0,0,20,0
tid_1129,Тейковский муниципальный район,Ивановская область,2,periphery,20,20,20,1.0,1.0,0,0,20,0
tid_1130,Фурмановский муниципальный район,Ивановская область,2,periphery,20,20,20,1.0,1.0,0,0,20,0
tid_1131,Шуйский муниципальный район,Ивановская область,1,industrial,20,20,20,1.0,1.0,0,20,0,0
tid_1132,Южский муниципальный район,Ивановская область,2,periphery,20,20,20,1.0,1.0,0,0,20,0
tid_1133,Юрьевецкий муниципальный район,Ивановская область,2,periphery,20,20,20,1.0,1.0,0,0,20,0
tid_1134,городской округ город Иркутск,Иркутская область,0,metro,20,20,20,1.0,1.0,20,0,0,0
tid_1135,городской округ Ангарский,Иркутская область,1,industrial,20,20,20,1.0,1.0,0,20,0,0
tid_1136,городской округ город Братск,Иркутская область,1,industrial,20,20,20,1.0,1.0,0,20,0,0
tid_1137,городской округ Зима,Иркутская область,1,industrial,20,20,20,1.0,1.0,0,20,0,0
tid_1138,городской округ город Саянск,Иркутская область,1,industrial,20,20,20,1.0,1.0,0,20,0,0
tid_1139,городской округ город Тулун,Иркутская область,1,industrial,20,20,20,1.0,1.0,0,20,0,0
tid_1140,городской округ город Усолье-Сибирское,Иркутская область,1,industrial,20,20,20,1.0,1.0,0,20,0,0
tid_1141,городской округ город Усть-Илимск,Иркутская область,1,industrial,20,20,20,1.0,1.0,0,20,0,0
tid_1142,городской округ город Черемхово,Иркутская область,1,industrial,20,20,20,1.0,1.0,0,20,0,0
tid_1143,городской округ город Свирск,Иркутская область,2,periphery,20,20,20,1.0,1.0,0,0,20,0
tid_1144,Балаганский муниципальный район,Иркутская область,2,periphery,20,20,20,1.0,1.0,0,0,20,0
tid_1146,Братский муниципальный район,Иркутская область,2,periphery,20,20,20,1.0,1.0,0,0,20,0
tid_1147,Жигаловский муниципальный район,Иркутская область,1,industrial,20,20,20,1.0,1.0,0,20,0,0
tid_1148,Заларинский муниципальный район,Иркутская область,1,industrial,20,20,20,1.0,1.0,0,20,0,0
tid_1149,Зиминский муниципальный район,Иркутская область,1,industrial,20,20,20,1.0,1.0,0,20,0,0
tid_1150,Иркутский муниципальный район,Иркутская область,0,metro,20,20,20,1.0,1.0,20,0,0,0
tid_1151,Казачинско-Ленский муниципальный район,Иркутская область,1,industrial,20,20,20,1.0,1.0,0,20,0,0
tid_1152,Катангский муниципальный район,Иркутская область,3,remote,20,20,20,1.0,1.0,0,0,0,20
tid_1153,Качугский муниципальный район,Иркутская область,1,industrial,20,20,20,1.0,1.0,0,20,0,0
tid_1154,Киренский муниципальный район,Иркутская область,2,periphery,20,20,20,1.0,1.0,0,0,20,0
tid_1155,Куйтунский муниципальный район,Иркутская область,1,industrial,20,20,20,1.0,1.0,0,20,0,0
tid_1157,Нижнеилимский муниципальный район,Иркутская область,2,periphery,20,20,20,1.0,1.0,0,0,20,0
tid_1158,Нижнеудинский муниципальный район,Иркутская область,2,periphery,20,20,20,1.0,1.0,0,0,20,0
tid_1159,Ольхонский муниципальный район,Иркутская область,1,industrial,20,20,20,1.0,1.0,0,20,0,0
tid_1160,Слюдянский муниципальный район,Иркутская область,1,industrial,20,20,20,1.0,1.0,0,20,0,0
tid_1161,Тайшетский муниципальный район,Иркутская область,1,industrial,20,20,20,1.0,1.0,0,20,0,0
tid_1163,Усольский муниципальный район,Иркутская область,1,industrial,20,20,20,1.0,1.0,0,20,0,0
tid_1164,Усть-Илимский муниципальный район,Иркутская область,2,periphery,20,20,20,1.0,1.0,0,0,20,0
tid_1165,Усть-Кутский муниципальный район,Иркутская область,1,industrial,20,20,20,1.0,1.0,0,20,0,0
tid_1166,Усть-Удинский муниципальный район,Иркутская область,2,periphery,20,20,20,1.0,1.0,0,0,20,0
tid_1167,Черемховский муниципальный район,Иркутская область,2,periphery,20,20,20,1.0,1.0,0,0,20,0
tid_1168,Чунский муниципальный район,Иркутская область,2,periphery,20,20,20,1.0,1.0,0,0,20,0
tid_1169,Шелеховский муниципальный район,Иркутская область,1,industrial,20,20,20,1.0,1.0,0,20,0,0
tid_1170,Аларский муниципальный район,Иркутская область,1,industrial,20,20,20,1.0,1.0,0,20,0,0
tid_1171,Баяндаевский муниципальный район,Иркутская область,1,industrial,20,20,20,1.0,1.0,0,20,0,0
tid_1172,Боханский муниципальный район,Иркутская область,1,industrial,20,20,20,1.0,1.0,0,20,0,0
tid_1173,Нукутский муниципальный район,Иркутская область,1,industrial,20,20,20,1.0,1.0,0,20,0,0
tid_1174,Осинский муниципальный район,Иркутская область,1,industrial,20,20,20,1.0,1.0,0,20,0,0
tid_1175,Эхирит-Булагатский муниципальный район,Иркутская область,1,industrial,20,20,20,1.0,1.0,0,20,0,0
tid_1176,городской округ город Калининград,Калининградская область,0,metro,20,20,20,1.0,1.0,20,0,0,0
tid_1178,городской округ Мамоновский,Калининградская область,1,industrial,20,20,20,1.0,1.0,0,20,0,0
tid_1179,городской округ Пионерский,Калининградская область,1,industrial,20,20,20,1.0,1.0,0,20,0,0
tid_1180,городской округ Светловский,Калининградская область,2,periphery,20,20,20,1.0,1.0,0,0,20,0
tid_1181,городской округ Советский,Калининградская область,1,industrial,20,20,20,1.0,1.0,0,20,0,0
tid_1184,городской округ Балтийский,Калининградская область,1,industrial,20,20,20,1.0,1.0,0,20,0,0
tid_1185,муниципальный округ Гвардейский,Калининградская область,1,industrial,20,20,20,1.0,1.0,0,20,0,0
tid_1186,муниципальный округ Гурьевский,Калининградская область,0,metro,20,20,20,1.0,1.0,20,0,0,0
tid_1187,городской округ Гусевский,Калининградская область,1,industrial,20,20,20,1.0,1.0,0,20,0,0
tid_1188,муниципальный округ Зеленоградский,Калининградская область,0,metro,20,20,20,1.0,1.0,20,0,0,0
tid_1189,муниципальный округ Краснознаменский,Калининградская область,2,periphery,20,20,20,1.0,1.0,0,0,20,0
tid_1190,городской округ Светлогорский,Калининградская область,0,metro,20,20,20,1.0,1.0,20,0,0,0
tid_1191,муниципальный округ Неманский,Калининградская область,1,industrial,20,20,20,1.0,1.0,0,20,0,0
tid_1192,муниципальный округ Нестеровский,Калининградская область,1,industrial,20,20,20,1.0,1.0,0,20,0,0
tid_1193,муниципальный округ Озерский,Калининградская область,1,industrial,20,20,20,1.0,1.0,0,20,0,0
tid_1194,муниципальный округ Полесский,Калининградская область,1,industrial,20,20,20,1.0,1.0,0,20,0,0
tid_1195,муниципальный округ Правдинский,Калининградская область,2,periphery,20,20,20,1.0,1.0,0,0,20,0
tid_1196,муниципальный округ Славский,Калининградская область,1,industrial,20,20,20,1.0,1.0,0,20,0,0
tid_1197,муниципальный округ Черняховский,Калининградская область,1,industrial,20,20,20,1.0,1.0,0,20,0,0
tid_1198,городской округ город Калуга,Калужская область,0,metro,20,20,20,1.0,1.0,20,0,0,0
tid_12,Майминский муниципальный район,Республика Алтай,1,industrial,20,20,20,1.0,1.0,0,20,0,0
tid_1200,Бабынинский муниципальный район,Калужская область,2,periphery,20,20,20,1.0,1.0,0,0,20,0
tid_1201,Барятинский муниципальный район,Калужская область,2,periphery,20,20,20,1.0,1.0,0,0,20,0
tid_1203,Дзержинский муниципальный район,Калужская область,2,periphery,20,20,20,1.0,1.0,0,0,20,0
tid_1204,Думиничский муниципальный район,Калужская область,2,periphery,20,20,20,1.0,1.0,0,0,20,0
tid_1205,Жиздринский муниципальный район,Калужская область,2,periphery,20,20,20,1.0,1.0,0,0,20,0
tid_1206,Жуковский муниципальный район,Калужская область,2,periphery,20,20,20,1.0,1.0,0,0,20,0
tid_1207,Кировский муниципальный район,Калужская область,2,periphery,20,20,20,1.0,1.0,0,0,20,0
tid_1208,Износковский муниципальный район,Калужская область,2,periphery,20,20,20,1.0,1.0,0,0,20,0
tid_1209,Козельский муниципальный район,Калужская область,2,periphery,20,20,20,1.0,1.0,0,0,20,0
tid_1210,Куйбышевский муниципальный район,Калужская область,2,periphery,20,20,20,1.0,1.0,0,0,20,0
tid_1211,Людиновский муниципальный район,Калужская область,2,periphery,20,20,20,1.0,1.0,0,0,20,0
tid_1212,Малоярославецкий муниципальный район,Калужская область,1,industrial,20,20,20,1.0,1.0,0,20,0,0
tid_1213,Медынский муниципальный район,Калужская область,2,periphery,20,20,20,1.0,1.0,0,0,20,0
tid_1214,Мещовский муниципальный район,Калужская область,2,periphery,20,20,20,1.0,1.0,0,0,20,0
tid_1215,Мосальский муниципальный район,Калужская область,2,periphery,20,20,20,1.0,1.0,0,0,20,0
tid_1217,Спас-Деменский муниципальный район,Калужская область,2,periphery,20,20,20,1.0,1.0,0,0,20,0
tid_1218,Сухиничский муниципальный район,Калужская область,2,periphery,20,20,20,1.0,1.0,0,0,20,0
tid_1219,Тарусский муниципальный район,Калужская область,2,periphery,20,20,20,1.0,1.0,0,0,20,0
tid_1220,Ульяновский муниципальный район,Калужская область,2,periphery,20,20,20,1.0,1.0,0,0,20,0
tid_1221,Ферзиковский муниципальный район,Калужская область,2,periphery,20,20,20,1.0,1.0,0,0,20,0
tid_1222,Хвастовичский муниципальный район,Калужская область,2,periphery,20,20,20,1.0,1.0,0,0,20,0
tid_1223,Юхновский муниципальный район,Калужская область,2,periphery,20,20,20,1.0,1.0,0,0,20,0
tid_1224,городской округ Кемеровский,Кемеровская область,0,metro,20,20,20,1.0,1.0,20,0,0,0
tid_1225,городской округ Анжеро-Судженский,Кемеровская область,1,industrial,20,20,20,1.0,1.0,0,20,0,0
tid_1226,городской округ Беловский,Кемеровская область,1,industrial,20,20,20,1.0,1.0,0,20,0,0
tid_1227,городской округ Березовский,Кемеровская область,1,industrial,20,20,20,1.0,1.0,0,20,0,0
tid_1228,городской округ Калтанский,Кемеровская область,1,industrial,20,20,20,1.0,1.0,0,20,0,0
tid_1229,городской округ Киселевский,Кемеровская область,1,industrial,20,20,20,1.0,1.0,0,20,0,0
tid_1230,городской округ Ленинск-Кузнецкий,Кемеровская область,1,industrial,20,20,20,1.0,1.0,0,20,0,0
tid_1231,городской округ Междуреченский,Кемеровская область,1,industrial,20,20,20,1.0,1.0,0,20,0,0
tid_1232,городской округ Мысковский,Кемеровская область,1,industrial,20,20,20,1.0,1.0,0,20,0,0
tid_1233,городской округ Новокузнецкий,Кемеровская область,1,industrial,20,20,20,1.0,1.0,0,20,0,0
tid_1234,городской округ Осинниковский,Кемеровская область,1,industrial,20,20,20,1.0,1.0,0,20,0,0
tid_1235,городской округ Полысаевский,Кемеровская область,1,industrial,20,20,20,1.0,1.0,0,20,0,0
tid_1236,городской округ Прокопьевский,Кемеровская область,1,industrial,20,20,20,1.0,1.0,0,20,0,0
tid_1237,городской округ Тайгинский,Кемеровская область,1,industrial,20,20,20,1.0,1.0,0,20,0,0
tid_1238,городской округ Юргинский,Кемеровская область,1,industrial,20,20,20,1.0,1.0,0,20,0,0
tid_1240,Беловский муниципальный округ,Кемеровская область,1,industrial,20,20,20,1.0,1.0,0,20,0,0
tid_1241,Гурьевский муниципальный округ,Кемеровская область,1,industrial,20,20,20,1.0,1.0,0,20,0,0
tid_1242,Ижморский муниципальный округ,Кемеровская область,2,periphery,20,20,20,1.0,1.0,0,0,20,0
tid_1243,Кемеровский муниципальный округ,Кемеровская область,1,industrial,20,20,20,1.0,1.0,0,20,0,0
tid_1244,Крапивинский муниципальный округ,Кемеровская область,2,periphery,20,20,20,1.0,1.0,0,0,20,0
tid_1246,Мариинский муниципальный округ,Кемеровская область,1,industrial,20,20,20,1.0,1.0,0,20,0,0
tid_1249,Промышленновский муниципальный округ,Кемеровская область,1,industrial,20,20,20,1.0,1.0,0,20,0,0
tid_1250,Таштагольский муниципальный район,Кемеровская область,1,industrial,20,20,20,1.0,1.0,0,20,0,0
tid_1251,Тисульский муниципальный округ,Кемеровская область,2,periphery,20,20,20,1.0,1.0,0,0,20,0
tid_1252,Топкинский муниципальный округ,Кемеровская область,1,industrial,20,20,20,1.0,1.0,0,20,0,0
tid_1253,Тяжинский муниципальный округ,Кемеровская область,2,periphery,20,20,20,1.0,1.0,0,0,20,0
tid_1254,Чебулинский муниципальный округ,Кемеровская область,1,industrial,20,20,20,1.0,1.0,0,20,0,0
tid_1256,Яйский муниципальный округ,Кемеровская область,2,periphery,20,20,20,1.0,1.0,0,0,20,0
tid_1257,Яшкинский муниципальный округ,Кемеровская область,2,periphery,20,20,20,1.0,1.0,0,0,20,0
tid_1258,городской округ город Киров,Кировская область,1,industrial,20,20,20,1.0,1.0,0,20,0,0
tid_1259,городской округ город Вятские Поляны,Кировская область,2,periphery,20,20,20,1.0,1.0,0,0,20,0
tid_1260,городской округ город Кирово-Чепецк,Кировская область,1,industrial,20,20,20,1.0,1.0,0,20,0,0
tid_1261,городской округ город Котельнич,Кировская область,2,periphery,20,20,20,1.0,1.0,0,0,20,0
tid_1262,городской округ город Слободской,Кировская область,1,industrial,20,20,20,1.0,1.0,0,20,0,0
tid_1264,муниципальный округ Арбажский,Кировская область,1,industrial,20,20,20,1.0,1.0,0,20,0,0
tid_1265,муниципальный округ Афанасьевский,Кировская область,2,periphery,20,20,20,1.0,1.0,0,0,20,0
tid_1266,Белохолуницкий муниципальный район,Кировская область,2,periphery,20,20,20,1.0,1.0,0,0,20,0
tid_1267,муниципальный округ Богородский,Кировская область,3,remote,20,20,20,1.0,1.0,0,0,0,20
tid_1268,муниципальный округ Верхнекамский,Кировская область,2,periphery,20,20,20,1.0,1.0,0,0,20,0
tid_1269,Верхошижемский муниципальный район,Кировская область,2,periphery,20,20,20,1.0,1.0,0,0,20,0
tid_1270,Вятскополянский муниципальный район,Кировская область,2,periphery,20,20,20,1.0,1.0,0,0,20,0
tid_1271,Даровской муниципальный район,Кировская область,2,periphery,20,20,20,1.0,1.0,0,0,20,0
tid_1272,Зуевский муниципальный район,Кировская область,2,periphery,20,20,20,1.0,1.0,0,0,20,0
tid_1273,муниципальный округ Кикнурский,Кировская область,2,periphery,20,20,20,1.0,1.0,0,0,20,0
tid_1274,Кильмезский муниципальный район,Кировская область,2,periphery,20,20,20,1.0,1.0,0,0,20,0
tid_1275,Кирово-Чепецкий муниципальный район,Кировская область,1,industrial,20,20,20,1.0,1.0,0,20,0,0
tid_1276,Котельничский муниципальный район,Кировская область,2,periphery,20,20,20,1.0,1.0,0,0,20,0
tid_1277,Куменский муниципальный район,Кировская область,2,periphery,20,20,20,1.0,1.0,0,0,20,0
tid_1278,муниципальный округ Лебяжский,Кировская область,2,periphery,20,20,20,1.0,1.0,0,0,20,0
tid_1279,муниципальный округ Лузский,Кировская область,2,periphery,20,20,20,1.0,1.0,0,0,20,0
tid_1280,Малмыжский муниципальный район,Кировская область,2,periphery,20,20,20,1.0,1.0,0,0,20,0
tid_1281,муниципальный округ Мурашинский,Кировская область,2,periphery,20,20,20,1.0,1.0,0,0,20,0
tid_1282,Нагорский муниципальный район,Кировская область,3,remote,20,20,20,1.0,1.0,0,0,0,20
tid_1284,Нолинский муниципальный район,Кировская область,2,periphery,20,20,20,1.0,1.0,0,0,20,0
tid_1285,Омутнинский муниципальный район,Кировская область,2,periphery,20,20,20,1.0,1.0,0,0,20,0
tid_1286,муниципальный округ Опаринский,Кировская область,2,periphery,20,20,20,1.0,1.0,0,0,20,0
tid_1287,Оричевский муниципальный район,Кировская область,2,periphery,20,20,20,1.0,1.0,0,0,20,0
tid_1288,Орловский муниципальный район,Кировская область,2,periphery,20,20,20,1.0,1.0,0,0,20,0
tid_1289,муниципальный округ Пижанский,Кировская область,2,periphery,20,20,20,1.0,1.0,0,0,20,0
tid_1290,Подосиновский муниципальный район,Кировская область,2,periphery,20,20,20,1.0,1.0,0,0,20,0
tid_1291,муниципальный округ Санчурский,Кировская область,2,periphery,20,20,20,1.0,1.0,0,0,20,0
tid_1292,муниципальный округ Свечинский,Кировская область,2,periphery,20,20,20,1.0,1.0,0,0,20,0
tid_1293,Слободской муниципальный район,Кировская область,2,periphery,20,20,20,1.0,1.0,0,0,20,0
tid_1294,Советский муниципальный район,Кировская область,2,periphery,20,20,20,1.0,1.0,0,0,20,0
tid_1295,Сунский муниципальный район,Кировская область,2,periphery,20,20,20,1.0,1.0,0,0,20,0
tid_1296,Тужинский муниципальный район,Кировская область,2,periphery,20,20,20,1.0,1.0,0,0,20,0
tid_1297,муниципальный округ Унинский,Кировская область,3,remote,20,20,20,1.0,1.0,0,0,0,20
tid_1298,Уржумский муниципальный район,Кировская область,2,periphery,20,20,20,1.0,1.0,0,0,20,0
tid_1299,муниципальный округ Фаленский,Кировская область,2,periphery,20,20,20,1.0,1.0,0,0,20,0
tid_13,Онгудайский муниципальный район,Республика Алтай,1,industrial,20,20,20,1.0,1.0,0,20,0,0
tid_1300,Шабалинский муниципальный район,Кировская область,2,periphery,20,20,20,1.0,1.0,0,0,20,0
tid_1301,Юрьянский муниципальный район,Кировская область,2,periphery,20,20,20,1.0,1.0,0,0,20,0
tid_1302,Яранский муниципальный район,Кировская область,2,periphery,20,20,20,1.0,1.0,0,0,20,0
tid_1303,городской округ город Кострома,Костромская область,1,industrial,20,20,20,1.0,1.0,0,20,0,0
tid_1304,городской округ город Буй,Костромская область,2,periphery,20,20,20,1.0,1.0,0,0,20,0
tid_1305,городской округ город Волгореченск,Костромская область,2,periphery,20,20,20,1.0,1.0,0,0,20,0
tid_1306,городской округ город Галич,Костромская область,2,periphery,20,20,20,1.0,1.0,0,0,20,0
tid_1308,городской округ город Шарья,Костромская область,2,periphery,20,20,20,1.0,1.0,0,0,20,0
tid_1309,Антроповский муниципальный район,Костромская область,2,periphery,20,20,20,1.0,1.0,0,0,20,0
tid_1310,Буйский муниципальный район,Костромская область,2,periphery,20,20,20,1.0,1.0,0,0,20,0
tid_1311,Вохомский муниципальный район,Костромская область,2,periphery,20,20,20,1.0,1.0,0,0,20,0
tid_1312,Галичский муниципальный район,Костромская область,2,periphery,20,20,20,1.0,1.0,0,0,20,0
tid_1313,Кадыйский муниципальный район,Костромская область,2,periphery,20,20,20,1.0,1.0,0,0,20,0
tid_1314,Кологривский муниципальный округ,Костромская область,2,periphery,20,20,20,1.0,1.0,0,0,20,0
tid_1315,Костромской муниципальный район,Костромская область,1,industrial,20,20,20,1.0,1.0,0,20,0,0
tid_1316,Красносельский муниципальный район,Костромская область,2,periphery,20,20,20,1.0,1.0,0,0,20,0
tid_1317,Макарьевский муниципальный район,Костромская область,2,periphery,20,20,20,1.0,1.0,0,0,20,0
tid_1319,Межевской муниципальный округ,Костромская область,2,periphery,20,20,20,1.0,1.0,0,0,20,0
tid_1320,Нейский муниципальный округ,Костромская область,2,periphery,20,20,20,1.0,1.0,0,0,20,0
tid_1321,муниципальный район город Нерехта и Нерехтский район,Костромская область,2,periphery,20,20,20,1.0,1.0,0,0,20,0
tid_1322,Октябрьский муниципальный район,Костромская область,2,periphery,20,20,20,1.0,1.0,0,0,20,0
tid_1323,Островский муниципальный округ,Костромская область,2,periphery,20,20,20,1.0,1.0,0,0,20,0
tid_1324,Павинский муниципальный округ,Костромская область,2,periphery,20,20,20,1.0,1.0,0,0,20,0
tid_1325,Парфеньевский муниципальный округ,Костромская область,2,periphery,20,20,20,1.0,1.0,0,0,20,0
tid_1326,Поназыревский муниципальный округ,Костромская область,2,periphery,20,20,20,1.0,1.0,0,0,20,0
tid_1327,Пыщугский муниципальный округ,Костромская область,2,periphery,20,20,20,1.0,1.0,0,0,20,0
tid_1328,Солигаличский муниципальный округ,Костромская область,2,periphery,20,20,20,1.0,1.0,0,0,20,0
tid_1329,Судиславский муниципальный район,Костромская область,2,periphery,20,20,20,1.0,1.0,0,0,20,0
tid_1330,Сусанинский муниципальный район,Костромская область,2,periphery,20,20,20,1.0,1.0,0,0,20,0
tid_1331,Чухломский муниципальный район,Костромская область,2,periphery,20,20,20,1.0,1.0,0,0,20,0
tid_1333,городской округ город Курган,Курганская область,1,industrial,20,20,20,1.0,1.0,0,20,0,0
tid_1334,городской округ город Шадринск,Курганская область,1,industrial,20,20,20,1.0,1.0,0,20,0,0
tid_1335,Альменевский муниципальный округ,Курганская область,2,periphery,20,20,20,1.0,1.0,0,0,20,0
tid_1336,Белозерский муниципальный округ,Курганская область,2,periphery,20,20,20,1.0,1.0,0,0,20,0
tid_1337,Варгашинский муниципальный округ,Курганская область,2,periphery,20,20,20,1.0,1.0,0,0,20,0
tid_1338,Далматовский муниципальный округ,Курганская область,2,periphery,20,20,20,1.0,1.0,0,0,20,0
tid_1339,Звериноголовский муниципальный округ,Курганская область,2,periphery,20,20,20,1.0,1.0,0,0,20,0
tid_1340,Каргапольский муниципальный округ,Курганская область,2,periphery,20,20,20,1.0,1.0,0,0,20,0
tid_1341,Катайский муниципальный округ,Курганская область,2,periphery,20,20,20,1.0,1.0,0,0,20,0
tid_1343,Куртамышский муниципальный округ,Курганская область,2,periphery,20,20,20,1.0,1.0,0,0,20,0
tid_1344,Лебяжьевский муниципальный округ,Курганская область,2,periphery,20,20,20,1.0,1.0,0,0,20,0
tid_1345,муниципальный округ Макушинский,Курганская область,2,periphery,20,20,20,1.0,1.0,0,0,20,0
tid_1346,Мишкинский муниципальный округ,Курганская область,2,periphery,20,20,20,1.0,1.0,0,0,20,0
tid_1347,Мокроусовский муниципальный округ,Курганская область,2,periphery,20,20,20,1.0,1.0,0,0,20,0
tid_1348,Петуховский муниципальный округ,Курганская область,2,periphery,20,20,20,1.0,1.0,0,0,20,0
tid_1349,Половинский муниципальный округ,Курганская область,2,periphery,20,20,20,1.0,1.0,0,0,20,0
tid_1350,Притобольный муниципальный округ,Курганская область,2,periphery,20,20,20,1.0,1.0,0,0,20,0
tid_1351,Сафакулевский муниципальный округ,Курганская область,1,industrial,20,20,20,1.0,1.0,0,20,0,0
tid_1352,Целинный муниципальный округ,Курганская область,2,periphery,20,20,20,1.0,1.0,0,0,20,0
tid_1353,Частоозерский муниципальный округ,Курганская область,2,periphery,20,20,20,1.0,1.0,0,0,20,0
tid_1355,Шатровский муниципальный округ,Курганская область,2,periphery,20,20,20,1.0,1.0,0,0,20,0
tid_1356,муниципальный округ Шумихинский,Курганская область,2,periphery,20,20,20,1.0,1.0,0,0,20,0
tid_1357,Щучанский муниципальный округ,Курганская область,2,periphery,20,20,20,1.0,1.0,0,0,20,0
tid_1358,Юргамышский муниципальный округ,Курганская область,2,periphery,20,20,20,1.0,1.0,0,0,20,0
tid_1392,Бокситогорский муниципальный район,Ленинградская область,2,periphery,20,20,20,1.0,1.0,0,0,20,0
tid_1393,Волосовский муниципальный район,Ленинградская область,1,industrial,20,20,20,1.0,1.0,0,20,0,0
tid_1394,Волховский муниципальный район,Ленинградская область,1,industrial,20,20,20,1.0,1.0,0,20,0,0
tid_1395,Всеволожский муниципальный район,Ленинградская область,0,metro,20,20,20,1.0,1.0,20,0,0,0
tid_1396,Выборгский муниципальный район,Ленинградская область,1,industrial,20,20,20,1.0,1.0,0,20,0,0
tid_1397,Гатчинский муниципальный район,Ленинградская область,0,metro,20,20,20,1.0,1.0,20,0,0,0
tid_1398,Кингисеппский муниципальный район,Ленинградская область,1,industrial,20,20,20,1.0,1.0,0,20,0,0
tid_1399,Киришский муниципальный район,Ленинградская область,1,industrial,20,20,20,1.0,1.0,0,20,0,0
tid_14,Турочакский муниципальный район,Республика Алтай,1,industrial,20,20,20,1.0,1.0,0,20,0,0
tid_1400,Кировский муниципальный район,Ленинградская область,1,industrial,20,20,20,1.0,1.0,0,20,0,0
tid_1401,Лодейнопольский муниципальный район,Ленинградская область,1,industrial,20,20,20,1.0,1.0,0,20,0,0
tid_1402,Ломоносовский муниципальный район,Ленинградская область,0,metro,20,20,20,1.0,1.0,20,0,0,0
tid_1403,Лужский муниципальный район,Ленинградская область,1,industrial,20,20,20,1.0,1.0,0,20,0,0
tid_1404,Подпорожский муниципальный район,Ленинградская область,2,periphery,20,20,20,1.0,1.0,0,0,20,0
tid_1405,Приозерский муниципальный район,Ленинградская область,1,industrial,20,20,20,1.0,1.0,0,20,0,0
tid_1406,Сланцевский муниципальный район,Ленинградская область,1,industrial,20,20,20,1.0,1.0,0,20,0,0
tid_1407,Тихвинский муниципальный район,Ленинградская область,1,industrial,20,20,20,1.0,1.0,0,20,0,0
tid_1408,Тосненский муниципальный район,Ленинградская область,1,industrial,20,20,20,1.0,1.0,0,20,0,0
tid_1409,городской округ Сосновоборский,Ленинградская область,0,metro,20,20,20,1.0,1.0,20,0,0,0
tid_1410,городской округ город Липецк,Липецкая область,1,industrial,20,20,20,1.0,1.0,0,20,0,0
tid_1411,городской округ город Елец,Липецкая область,1,industrial,20,20,20,1.0,1.0,0,20,0,0
tid_1412,Воловский муниципальный район,Липецкая область,2,periphery,20,20,20,1.0,1.0,0,0,20,0
tid_1413,Грязинский муниципальный район,Липецкая область,1,industrial,20,20,20,1.0,1.0,0,20,0,0
tid_1414,Данковский муниципальный район,Липецкая область,2,periphery,20,20,20,1.0,1.0,0,0,20,0
tid_1415,Добринский муниципальный район,Липецкая область,2,periphery,20,20,20,1.0,1.0,0,0,20,0
tid_1416,Добровский муниципальный район,Липецкая область,2,periphery,20,20,20,1.0,1.0,0,0,20,0
tid_1417,Долгоруковский муниципальный район,Липецкая область,2,periphery,20,20,20,1.0,1.0,0,0,20,0
tid_1419,Задонский муниципальный район,Липецкая область,2,periphery,20,20,20,1.0,1.0,0,0,20,0
tid_1420,Измалковский муниципальный район,Липецкая область,2,periphery,20,20,20,1.0,1.0,0,0,20,0
tid_1421,Краснинский муниципальный район,Липецкая область,2,periphery,20,20,20,1.0,1.0,0,0,20,0
tid_1422,Лебедянский муниципальный район,Липецкая область,2,periphery,20,20,20,1.0,1.0,0,0,20,0
tid_1423,Лев-Толстовский муниципальный район,Липецкая область,2,periphery,20,20,20,1.0,1.0,0,0,20,0
tid_1425,Становлянский муниципальный район,Липецкая область,2,periphery,20,20,20,1.0,1.0,0,0,20,0
tid_1426,Тербунский муниципальный район,Липецкая область,2,periphery,20,20,20,1.0,1.0,0,0,20,0
tid_1427,Усманский муниципальный район,Липецкая область,2,periphery,20,20,20,1.0,1.0,0,0,20,0
tid_1428,Хлевенский муниципальный район,Липецкая область,2,periphery,20,20,20,1.0,1.0,0,0,20,0
tid_1429,Чаплыгинский муниципальный район,Липецкая область,2,periphery,20,20,20,1.0,1.0,0,0,20,0
tid_1430,городской округ город Магадан,Магаданская область,3,remote,20,20,20,1.0,1.0,0,0,0,20
tid_1431,муниципальный округ Ольский,Магаданская область,3,remote,20,20,20,1.0,1.0,0,0,0,20
tid_1438,муниципальный округ Ягоднинский,Магаданская область,3,remote,20,20,20,1.0,1.0,0,0,0,20
tid_1439,городской округ Балашиха,Московская область,0,metro,20,20,20,1.0,1.0,20,0,0,0
tid_1440,городской округ Бронницы,Московская область,1,industrial,20,20,20,1.0,1.0,0,20,0,0
tid_1443,городской округ Дзержинский,Московская область,0,metro,20,20,20,1.0,1.0,20,0,0,0
tid_1444,городской округ Долгопрудный,Московская область,0,metro,20,20,20,1.0,1.0,20,0,0,0
tid_1445,городской округ Домодедово,Московская область,0,metro,20,20,20,1.0,1.0,20,0,0,0
tid_1446,городской округ Дубна,Московская область,0,metro,20,20,20,1.0,1.0,20,0,0,0
tid_1447,городской округ Егорьевск,Московская область,1,industrial,20,20,20,1.0,1.0,0,20,0,0
tid_1448,городской округ Жуковский,Московская область,0,metro,20,20,20,1.0,1.0,20,0,0,0
tid_1449,городской округ Зарайск,Московская область,1,industrial,20,20,20,1.0,1.0,0,20,0,0
tid_1453,городской округ Истра,Московская область,0,metro,20,20,20,1.0,1.0,20,0,0,0
tid_1454,городской округ Кашира,Московская область,1,industrial,20,20,20,1.0,1.0,0,20,0,0
tid_1456,городской округ Королёв,Московская область,0,metro,20,20,20,1.0,1.0,20,0,0,0
tid_1457,городской округ Котельники,Московская область,0,metro,20,20,20,1.0,1.0,20,0,0,0
tid_1459,городской округ Красногорск,Московская область,0,metro,20,20,20,1.0,1.0,20,0,0,0
tid_1461,городской округ Лобня,Московская область,0,metro,20,20,20,1.0,1.0,20,0,0,0
tid_1463,городской округ Луховицы,Московская область,1,industrial,20,20,20,1.0,1.0,0,20,0,0
tid_1464,городской округ Лыткарино,Московская область,0,metro,20,20,20,1.0,1.0,20,0,0,0
tid_1465,городской округ Люберцы,Московская область,0,metro,20,20,20,1.0,1.0,20,0,0,0
tid_1467,городской округ Мытищи,Московская область,0,metro,20,20,20,1.0,1.0,20,0,0,0
tid_1468,городской округ Наро-Фоминский,Московская область,0,metro,20,20,20,1.0,1.0,20,0,0,0
tid_1472,городской округ Подольск,Московская область,0,metro,20,20,20,1.0,1.0,20,0,0,0
tid_1473,городской округ Протвино,Московская область,1,industrial,20,20,20,1.0,1.0,0,20,0,0
tid_1474,городской округ Пущино,Московская область,1,industrial,20,20,20,1.0,1.0,0,20,0,0
tid_1475,городской округ Реутов,Московская область,0,metro,20,20,20,1.0,1.0,20,0,0,0
tid_1477,городской округ Рузский,Московская область,1,industrial,20,20,20,1.0,1.0,0,20,0,0
tid_1478,городской округ Серебряные Пруды,Московская область,1,industrial,20,20,20,1.0,1.0,0,20,0,0
tid_1480,городской округ Ступино,Московская область,0,metro,20,20,20,1.0,1.0,20,0,0,0
tid_1481,городской округ Фрязино,Московская область,0,metro,20,20,20,1.0,1.0,20,0,0,0
tid_1483,городской округ Черноголовка,Московская область,1,industrial,20,20,20,1.0,1.0,0,20,0,0
tid_1484,городской округ Чехов,Московская область,0,metro,20,20,20,1.0,1.0,20,0,0,0
tid_1486,городской округ Шаховская,Московская область,1,industrial,20,20,20,1.0,1.0,0,20,0,0
tid_1488,городской округ Электросталь,Московская область,0,metro,20,20,20,1.0,1.0,20,0,0,0
tid_1489,городской округ Волоколамский,Московская область,1,industrial,20,20,20,1.0,1.0,0,20,0,0
tid_1490,городской округ Воскресенск,Московская область,1,industrial,20,20,20,1.0,1.0,0,20,0,0
tid_1491,городской округ Дмитровский,Московская область,0,metro,20,20,20,1.0,1.0,20,0,0,0
tid_1492,городской округ Клин,Московская область,1,industrial,20,20,20,1.0,1.0,0,20,0,0
tid_1493,городской округ Ленинский,Московская область,0,metro,20,20,20,1.0,1.0,20,0,0,0
tid_1494,городской округ Лотошино,Московская область,2,periphery,20,20,20,1.0,1.0,0,0,20,0
tid_1495,городской округ Можайский,Московская область,1,industrial,20,20,20,1.0,1.0,0,20,0,0
tid_1496,городской округ Богородский,Московская область,0,metro,20,20,20,1.0,1.0,20,0,0,0
tid_15,Улаганский муниципальный район,Республика Алтай,1,industrial,20,20,20,1.0,1.0,0,20,0,0
tid_1500,городской округ Раменский,Московская область,0,metro,20,20,20,1.0,1.0,20,0,0,0
tid_1501,городской округ Сергиево-Посадский,Московская область,0,metro,20,20,20,1.0,1.0,20,0,0,0
tid_1504,городской округ Талдомский,Московская область,1,industrial,20,20,20,1.0,1.0,0,20,0,0
tid_1506,городской округ город Мурманск,Мурманская область,0,metro,20,20,20,1.0,1.0,20,0,0,0
tid_1507,муниципальный округ город Апатиты,Мурманская область,1,industrial,20,20,20,1.0,1.0,0,20,0,0
tid_1508,муниципальный округ город Кировск,Мурманская область,1,industrial,20,20,20,1.0,1.0,0,20,0,0
tid_1509,муниципальный округ город Мончегорск,Мурманская область,1,industrial,20,20,20,1.0,1.0,0,20,0,0
tid_1510,муниципальный округ город Оленегорск,Мурманская область,1,industrial,20,20,20,1.0,1.0,0,20,0,0
tid_1511,муниципальный округ город Полярные Зори,Мурманская область,1,industrial,20,20,20,1.0,1.0,0,20,0,0
tid_1512,Ковдорский муниципальный округ,Мурманская область,1,industrial,20,20,20,1.0,1.0,0,20,0,0
tid_1518,Кандалакшский муниципальный район,Мурманская область,1,industrial,20,20,20,1.0,1.0,0,20,0,0
tid_1519,Кольский муниципальный район,Мурманская область,1,industrial,20,20,20,1.0,1.0,0,20,0,0
tid_1520,Ловозерский муниципальный район,Мурманская область,2,periphery,20,20,20,1.0,1.0,0,0,20,0
tid_1521,Печенгский муниципальный округ,Мурманская область,1,industrial,20,20,20,1.0,1.0,0,20,0,0
tid_1522,Терский муниципальный район,Мурманская область,2,periphery,20,20,20,1.0,1.0,0,0,20,0
tid_1523,городской округ город Нижний Новгород,Нижегородская область,0,metro,20,20,20,1.0,1.0,20,0,0,0
tid_1525,городской округ город Бор,Нижегородская область,1,industrial,20,20,20,1.0,1.0,0,20,0,0
tid_1526,городской округ город Выкса,Нижегородская область,1,industrial,20,20,20,1.0,1.0,0,20,0,0
tid_1527,городской округ город Дзержинск,Нижегородская область,1,industrial,20,20,20,1.0,1.0,0,20,0,0
tid_1528,городской округ город Кулебаки,Нижегородская область,2,periphery,20,20,20,1.0,1.0,0,0,20,0
tid_1529,городской округ Навашинский,Нижегородская область,2,periphery,20,20,20,1.0,1.0,0,0,20,0
tid_1530,городской округ Перевозский,Нижегородская область,2,periphery,20,20,20,1.0,1.0,0,0,20,0
tid_1532,городской округ Семеновский,Нижегородская область,2,periphery,20,20,20,1.0,1.0,0,0,20,0
tid_1533,городской округ город Шахунья,Нижегородская область,2,periphery,20,20,20,1.0,1.0,0,0,20,0
tid_1534,городской округ город Первомайск,Нижегородская область,2,periphery,20,20,20,1.0,1.0,0,0,20,0
tid_1535,городской округ Сокольский,Нижегородская область,2,periphery,20,20,20,1.0,1.0,0,0,20,0
tid_1536,городской округ город Чкаловск,Нижегородская область,2,periphery,20,20,20,1.0,1.0,0,0,20,0
tid_1537,Ардатовский муниципальный округ,Нижегородская область,2,periphery,20,20,20,1.0,1.0,0,0,20,0
tid_1539,Балахнинский муниципальный округ,Нижегородская область,1,industrial,20,20,20,1.0,1.0,0,20,0,0
tid_1540,Богородский муниципальный округ,Нижегородская область,1,industrial,20,20,20,1.0,1.0,0,20,0,0
tid_1541,Большеболдинский муниципальный округ,Нижегородская область,2,periphery,20,20,20,1.0,1.0,0,0,20,0
tid_1542,Большемурашкинский муниципальный округ,Нижегородская область,2,periphery,20,20,20,1.0,1.0,0,0,20,0
tid_1543,Бутурлинский муниципальный округ,Нижегородская область,2,periphery,20,20,20,1.0,1.0,0,0,20,0
tid_1544,Вадский муниципальный округ,Нижегородская область,2,periphery,20,20,20,1.0,1.0,0,0,20,0
tid_1545,Варнавинский муниципальный округ,Нижегородская область,2,periphery,20,20,20,1.0,1.0,0,0,20,0
tid_1546,Вачский муниципальный округ,Нижегородская область,2,periphery,20,20,20,1.0,1.0,0,0,20,0
tid_1547,Ветлужский муниципальный округ,Нижегородская область,2,periphery,20,20,20,1.0,1.0,0,0,20,0
tid_1548,Вознесенский муниципальный округ,Нижегородская область,2,periphery,20,20,20,1.0,1.0,0,0,20,0
tid_1549,Володарский муниципальный округ,Нижегородская область,2,periphery,20,20,20,1.0,1.0,0,0,20,0
tid_1550,городской округ Воротынский,Нижегородская область,2,periphery,20,20,20,1.0,1.0,0,0,20,0
tid_1551,Воскресенский муниципальный округ,Нижегородская область,2,periphery,20,20,20,1.0,1.0,0,0,20,0
tid_1552,Гагинский муниципальный округ,Нижегородская область,2,periphery,20,20,20,1.0,1.0,0,0,20,0
tid_1553,Городецкий муниципальный округ,Нижегородская область,1,industrial,20,20,20,1.0,1.0,0,20,0,0
tid_1554,Дальнеконстантиновский муниципальный округ,Нижегородская область,2,periphery,20,20,20,1.0,1.0,0,0,20,0
tid_1555,Дивеевский муниципальный округ,Нижегородская область,2,periphery,20,20,20,1.0,1.0,0,0,20,0
tid_1556,Княгининский муниципальный округ,Нижегородская область,2,periphery,20,20,20,1.0,1.0,0,0,20,0
tid_1557,Ковернинский муниципальный округ,Нижегородская область,2,periphery,20,20,20,1.0,1.0,0,0,20,0
tid_1558,Краснобаковский муниципальный округ,Нижегородская область,2,periphery,20,20,20,1.0,1.0,0,0,20,0
tid_1559,Краснооктябрьский муниципальный округ,Нижегородская область,2,periphery,20,20,20,1.0,1.0,0,0,20,0
tid_1560,Кстовский муниципальный округ,Нижегородская область,1,industrial,20,20,20,1.0,1.0,0,20,0,0
tid_1561,Лукояновский муниципальный округ,Нижегородская область,2,periphery,20,20,20,1.0,1.0,0,0,20,0
tid_1562,Лысковский муниципальный округ,Нижегородская область,2,periphery,20,20,20,1.0,1.0,0,0,20,0
tid_1563,Павловский муниципальный округ,Нижегородская область,1,industrial,20,20,20,1.0,1.0,0,20,0,0
tid_1564,Пильнинский муниципальный округ,Нижегородская область,2,periphery,20,20,20,1.0,1.0,0,0,20,0
tid_1565,Починковский муниципальный округ,Нижегородская область,2,periphery,20,20,20,1.0,1.0,0,0,20,0
tid_1566,Сергачский муниципальный округ,Нижегородская область,2,periphery,20,20,20,1.0,1.0,0,0,20,0
tid_1567,Сеченовский муниципальный округ,Нижегородская область,2,periphery,20,20,20,1.0,1.0,0,0,20,0
tid_1568,Сосновский муниципальный округ,Нижегородская область,2,periphery,20,20,20,1.0,1.0,0,0,20,0
tid_1569,Спасский муниципальный округ,Нижегородская область,2,periphery,20,20,20,1.0,1.0,0,0,20,0
tid_1570,Тонкинский муниципальный округ,Нижегородская область,2,periphery,20,20,20,1.0,1.0,0,0,20,0
tid_1571,Тоншаевский муниципальный округ,Нижегородская область,2,periphery,20,20,20,1.0,1.0,0,0,20,0
tid_1572,Уренский муниципальный округ,Нижегородская область,1,industrial,20,20,20,1.0,1.0,0,20,0,0
tid_1573,Шарангский муниципальный округ,Нижегородская область,2,periphery,20,20,20,1.0,1.0,0,0,20,0
tid_1574,Шатковский муниципальный округ,Нижегородская область,2,periphery,20,20,20,1.0,1.0,0,0,20,0
tid_1575,городской округ Великий Новгород,Новгородская область,1,industrial,20,20,20,1.0,1.0,0,20,0,0
tid_1577,Боровичский муниципальный район,Новгородская область,1,industrial,20,20,20,1.0,1.0,0,20,0,0
tid_1578,Валдайский муниципальный район,Новгородская область,2,periphery,20,20,20,1.0,1.0,0,0,20,0
tid_1579,муниципальный округ Волотовский,Новгородская область,2,periphery,20,20,20,1.0,1.0,0,0,20,0
tid_1580,муниципальный округ Демянский,Новгородская область,2,periphery,20,20,20,1.0,1.0,0,0,20,0
tid_1581,муниципальный округ Крестецкий,Новгородская область,2,periphery,20,20,20,1.0,1.0,0,0,20,0
tid_1582,Любытинский муниципальный район,Новгородская область,2,periphery,20,20,20,1.0,1.0,0,0,20,0
tid_1583,Маловишерский муниципальный район,Новгородская область,2,periphery,20,20,20,1.0,1.0,0,0,20,0
tid_1584,муниципальный округ Марёвский,Новгородская область,2,periphery,20,20,20,1.0,1.0,0,0,20,0
tid_1585,муниципальный округ Мошенской,Новгородская область,2,periphery,20,20,20,1.0,1.0,0,0,20,0
tid_1586,Новгородский муниципальный район,Новгородская область,1,industrial,20,20,20,1.0,1.0,0,20,0,0
tid_1587,Окуловский муниципальный район,Новгородская область,2,periphery,20,20,20,1.0,1.0,0,0,20,0
tid_1588,Парфинский муниципальный район,Новгородская область,2,periphery,20,20,20,1.0,1.0,0,0,20,0
tid_1589,муниципальный округ Пестовский,Новгородская область,2,periphery,20,20,20,1.0,1.0,0,0,20,0
tid_1590,Поддорский муниципальный район,Новгородская область,2,periphery,20,20,20,1.0,1.0,0,0,20,0
tid_1591,муниципальный округ Солецкий,Новгородская область,2,periphery,20,20,20,1.0,1.0,0,0,20,0
tid_1592,Старорусский муниципальный район,Новгородская область,1,industrial,20,20,20,1.0,1.0,0,20,0,0
tid_1593,муниципальный округ Хвойнинский,Новгородская область,2,periphery,20,20,20,1.0,1.0,0,0,20,0
tid_1594,Холмский муниципальный район,Новгородская область,2,periphery,20,20,20,1.0,1.0,0,0,20,0
tid_1595,Чудовский муниципальный район,Новгородская область,2,periphery,20,20,20,1.0,1.0,0,0,20,0
tid_1596,Шимский муниципальный район,Новгородская область,2,periphery,20,20,20,1.0,1.0,0,0,20,0
tid_1597,городской округ город Новосибирск,Новосибирская область,0,metro,20,20,20,1.0,1.0,20,0,0,0
tid_1598,городской округ город Бердск,Новосибирская область,0,metro,20,20,20,1.0,1.0,20,0,0,0
tid_1599,городской округ город Искитим,Новосибирская область,1,industrial,20,20,20,1.0,1.0,0,20,0,0
tid_16,Усть-Канский муниципальный район,Республика Алтай,1,industrial,20,20,20,1.0,1.0,0,20,0,0
tid_1600,городской округ город Обь,Новосибирская область,1,industrial,20,20,20,1.0,1.0,0,20,0,0
tid_1601,городской округ рабочий поселок Кольцово,Новосибирская область,0,metro,20,20,20,1.0,1.0,20,0,0,0
tid_1602,Баганский муниципальный район,Новосибирская область,2,periphery,20,20,20,1.0,1.0,0,0,20,0
tid_1603,Барабинский муниципальный район,Новосибирская область,1,industrial,20,20,20,1.0,1.0,0,20,0,0
tid_1604,Болотнинский муниципальный район,Новосибирская область,2,periphery,20,20,20,1.0,1.0,0,0,20,0
tid_1605,Венгеровский муниципальный район,Новосибирская область,2,periphery,20,20,20,1.0,1.0,0,0,20,0
tid_1606,Доволенский муниципальный район,Новосибирская область,2,periphery,20,20,20,1.0,1.0,0,0,20,0
tid_1607,Здвинский муниципальный район,Новосибирская область,2,periphery,20,20,20,1.0,1.0,0,0,20,0
tid_1608,Искитимский муниципальный район,Новосибирская область,2,periphery,20,20,20,1.0,1.0,0,0,20,0
tid_1609,Карасукский муниципальный район,Новосибирская область,1,industrial,20,20,20,1.0,1.0,0,20,0,0
tid_1610,Каргатский муниципальный район,Новосибирская область,2,periphery,20,20,20,1.0,1.0,0,0,20,0
tid_1611,Колыванский муниципальный район,Новосибирская область,2,periphery,20,20,20,1.0,1.0,0,0,20,0
tid_1612,Коченевский муниципальный район,Новосибирская область,2,periphery,20,20,20,1.0,1.0,0,0,20,0
tid_1613,Кочковский муниципальный район,Новосибирская область,2,periphery,20,20,20,1.0,1.0,0,0,20,0
tid_1614,Краснозерский муниципальный район,Новосибирская область,2,periphery,20,20,20,1.0,1.0,0,0,20,0
tid_1615,Куйбышевский муниципальный район,Новосибирская область,1,industrial,20,20,20,1.0,1.0,0,20,0,0
tid_1616,Купинский муниципальный район,Новосибирская область,2,periphery,20,20,20,1.0,1.0,0,0,20,0
tid_1617,Кыштовский муниципальный район,Новосибирская область,2,periphery,20,20,20,1.0,1.0,0,0,20,0
tid_1618,Маслянинский муниципальный район,Новосибирская область,2,periphery,20,20,20,1.0,1.0,0,0,20,0
tid_1619,Мошковский муниципальный район,Новосибирская область,2,periphery,20,20,20,1.0,1.0,0,0,20,0
tid_1620,Новосибирский муниципальный район,Новосибирская область,0,metro,20,20,20,1.0,1.0,20,0,0,0
tid_1621,Ордынский муниципальный район,Новосибирская область,2,periphery,20,20,20,1.0,1.0,0,0,20,0
tid_1622,Северный муниципальный район,Новосибирская область,2,periphery,20,20,20,1.0,1.0,0,0,20,0
tid_1623,Сузунский муниципальный район,Новосибирская область,2,periphery,20,20,20,1.0,1.0,0,0,20,0
tid_1624,Татарский муниципальный район,Новосибирская область,2,periphery,20,20,20,1.0,1.0,0,0,20,0
tid_1625,Тогучинский муниципальный район,Новосибирская область,2,periphery,20,20,20,1.0,1.0,0,0,20,0
tid_1626,Убинский муниципальный район,Новосибирская область,2,periphery,20,20,20,1.0,1.0,0,0,20,0
tid_1627,Усть-Таркский муниципальный район,Новосибирская область,2,periphery,20,20,20,1.0,1.0,0,0,20,0
tid_1628,Чановский муниципальный район,Новосибирская область,2,periphery,20,20,20,1.0,1.0,0,0,20,0
tid_1629,Черепановский муниципальный район,Новосибирская область,2,periphery,20,20,20,1.0,1.0,0,0,20,0
tid_1630,Чистоозерный муниципальный район,Новосибирская область,2,periphery,20,20,20,1.0,1.0,0,0,20,0
tid_1631,Чулымский муниципальный район,Новосибирская область,2,periphery,20,20,20,1.0,1.0,0,0,20,0
tid_1632,городской округ город Омск,Омская область,0,metro,20,20,20,1.0,1.0,20,0,0,0
tid_1633,Азовский немецкий национальный муниципальный район,Омская область,2,periphery,20,20,20,1.0,1.0,0,0,20,0
tid_1634,Большереченский муниципальный район,Омская область,2,periphery,20,20,20,1.0,1.0,0,0,20,0
tid_1635,Большеуковский муниципальный район,Омская область,2,periphery,20,20,20,1.0,1.0,0,0,20,0
tid_1636,Горьковский муниципальный район,Омская область,2,periphery,20,20,20,1.0,1.0,0,0,20,0
tid_1637,Знаменский муниципальный район,Омская область,2,periphery,20,20,20,1.0,1.0,0,0,20,0
tid_1638,Исилькульский муниципальный район,Омская область,2,periphery,20,20,20,1.0,1.0,0,0,20,0
tid_1639,Калачинский муниципальный район,Омская область,2,periphery,20,20,20,1.0,1.0,0,0,20,0
tid_1640,Колосовский муниципальный район,Омская область,2,periphery,20,20,20,1.0,1.0,0,0,20,0
tid_1641,Кормиловский муниципальный район,Омская область,2,periphery,20,20,20,1.0,1.0,0,0,20,0
tid_1642,Крутинский муниципальный район,Омская область,2,periphery,20,20,20,1.0,1.0,0,0,20,0
tid_1643,Любинский муниципальный район,Омская область,2,periphery,20,20,20,1.0,1.0,0,0,20,0
tid_1644,Марьяновский муниципальный район,Омская область,2,periphery,20,20,20,1.0,1.0,0,0,20,0
tid_1645,Москаленский муниципальный район,Омская область,2,periphery,20,20,20,1.0,1.0,0,0,20,0
tid_1646,Муромцевский муниципальный район,Омская область,2,periphery,20,20,20,1.0,1.0,0,0,20,0
tid_1647,Называевский муниципальный район,Омская область,2,periphery,20,20,20,1.0,1.0,0,0,20,0
tid_1648,Нижнеомский муниципальный район,Омская область,2,periphery,20,20,20,1.0,1.0,0,0,20,0
tid_1649,Нововаршавский муниципальный район,Омская область,2,periphery,20,20,20,1.0,1.0,0,0,20,0
tid_1650,Одесский муниципальный район,Омская область,2,periphery,20,20,20,1.0,1.0,0,0,20,0
tid_1651,Оконешниковский муниципальный район,Омская область,2,periphery,20,20,20,1.0,1.0,0,0,20,0
tid_1652,Омский муниципальный район,Омская область,1,industrial,20,20,20,1.0,1.0,0,20,0,0
tid_1653,Павлоградский муниципальный район,Омская область,2,periphery,20,20,20,1.0,1.0,0,0,20,0
tid_1654,Полтавский муниципальный район,Омская область,2,periphery,20,20,20,1.0,1.0,0,0,20,0
tid_1655,Русско-Полянский муниципальный район,Омская область,2,periphery,20,20,20,1.0,1.0,0,0,20,0
tid_1656,Саргатский муниципальный район,Омская область,2,periphery,20,20,20,1.0,1.0,0,0,20,0
tid_1657,Седельниковский муниципальный район,Омская область,2,periphery,20,20,20,1.0,1.0,0,0,20,0
tid_1658,Таврический муниципальный район,Омская область,2,periphery,20,20,20,1.0,1.0,0,0,20,0
tid_1659,Тарский муниципальный район,Омская область,1,industrial,20,20,20,1.0,1.0,0,20,0,0
tid_1660,Тевризский муниципальный район,Омская область,2,periphery,20,20,20,1.0,1.0,0,0,20,0
tid_1661,Тюкалинский муниципальный район,Омская область,2,periphery,20,20,20,1.0,1.0,0,0,20,0
tid_1662,Усть-Ишимский муниципальный район,Омская область,3,remote,20,20,20,1.0,1.0,0,0,0,20
tid_1663,Черлакский муниципальный район,Омская область,2,periphery,20,20,20,1.0,1.0,0,0,20,0
tid_1664,Шербакульский муниципальный район,Омская область,2,periphery,20,20,20,1.0,1.0,0,0,20,0
tid_1665,городской округ город Оренбург,Оренбургская область,1,industrial,20,20,20,1.0,1.0,0,20,0,0
tid_1666,городской округ Абдулинский,Оренбургская область,2,periphery,20,20,20,1.0,1.0,0,0,20,0
tid_1667,городской округ город Бугуруслан,Оренбургская область,1,industrial,20,20,20,1.0,1.0,0,20,0,0
tid_1668,городской округ город Бузулук,Оренбургская область,1,industrial,20,20,20,1.0,1.0,0,20,0,0
tid_1669,городской округ Гайский,Оренбургская область,2,periphery,20,20,20,1.0,1.0,0,0,20,0
tid_167,городской округ Нальчик,Кабардино-Балкарская Республика,0,metro,20,20,20,1.0,1.0,20,0,0,0
tid_1670,городской округ Кувандыкский,Оренбургская область,2,periphery,20,20,20,1.0,1.0,0,0,20,0
tid_1671,городской округ город Медногорск,Оренбургская область,2,periphery,20,20,20,1.0,1.0,0,0,20,0
tid_1672,городской округ город Новотроицк,Оренбургская область,1,industrial,20,20,20,1.0,1.0,0,20,0,0
tid_1673,городской округ город Орск,Оренбургская область,1,industrial,20,20,20,1.0,1.0,0,20,0,0
tid_1674,городской округ Соль-Илецкий,Оренбургская область,1,industrial,20,20,20,1.0,1.0,0,20,0,0
tid_1675,городской округ Сорочинский,Оренбургская область,1,industrial,20,20,20,1.0,1.0,0,20,0,0
tid_1676,городской округ Ясненский,Оренбургская область,2,periphery,20,20,20,1.0,1.0,0,0,20,0
tid_1678,Адамовский муниципальный район,Оренбургская область,2,periphery,20,20,20,1.0,1.0,0,0,20,0
tid_1679,Акбулакский муниципальный район,Оренбургская область,2,periphery,20,20,20,1.0,1.0,0,0,20,0
tid_168,городской округ Баксан,Кабардино-Балкарская Республика,0,metro,20,20,20,1.0,1.0,20,0,0,0
tid_1680,Александровский муниципальный район,Оренбургская область,2,periphery,20,20,20,1.0,1.0,0,0,20,0
tid_1681,Асекеевский муниципальный район,Оренбургская область,2,periphery,20,20,20,1.0,1.0,0,0,20,0
tid_1682,Беляевский муниципальный район,Оренбургская область,2,periphery,20,20,20,1.0,1.0,0,0,20,0
tid_1683,Бугурусланский муниципальный район,Оренбургская область,1,industrial,20,20,20,1.0,1.0,0,20,0,0
tid_1685,Грачёвский муниципальный район,Оренбургская область,2,periphery,20,20,20,1.0,1.0,0,0,20,0
tid_1686,Домбаровский муниципальный район,Оренбургская область,2,periphery,20,20,20,1.0,1.0,0,0,20,0
tid_1687,Илекский муниципальный район,Оренбургская область,2,periphery,20,20,20,1.0,1.0,0,0,20,0
tid_1688,Кваркенский муниципальный район,Оренбургская область,2,periphery,20,20,20,1.0,1.0,0,0,20,0
tid_1689,Красногвардейский муниципальный район,Оренбургская область,2,periphery,20,20,20,1.0,1.0,0,0,20,0
tid_169,городской округ Прохладный,Кабардино-Балкарская Республика,1,industrial,20,20,20,1.0,1.0,0,20,0,0
tid_1690,Курманаевский муниципальный район,Оренбургская область,2,periphery,20,20,20,1.0,1.0,0,0,20,0
tid_1691,Матвеевский муниципальный район,Оренбургская область,2,periphery,20,20,20,1.0,1.0,0,0,20,0
tid_1692,Новоорский муниципальный район,Оренбургская область,2,periphery,20,20,20,1.0,1.0,0,0,20,0
tid_1693,Новосергиевский муниципальный район,Оренбургская область,2,periphery,20,20,20,1.0,1.0,0,0,20,0
tid_1694,Октябрьский муниципальный район,Оренбургская область,2,periphery,20,20,20,1.0,1.0,0,0,20,0
tid_1696,Первомайский муниципальный район,Оренбургская область,2,periphery,20,20,20,1.0,1.0,0,0,20,0
tid_1697,Переволоцкий муниципальный район,Оренбургская область,2,periphery,20,20,20,1.0,1.0,0,0,20,0
tid_1698,Пономарёвский муниципальный район,Оренбургская область,2,periphery,20,20,20,1.0,1.0,0,0,20,0
tid_1699,Сакмарский муниципальный район,Оренбургская область,2,periphery,20,20,20,1.0,1.0,0,0,20,0
tid_17,Усть-Коксинский муниципальный район,Республика Алтай,1,industrial,20,20,20,1.0,1.0,0,20,0,0
tid_1700,Саракташский муниципальный район,Оренбургская область,2,periphery,20,20,20,1.0,1.0,0,0,20,0
tid_1701,Светлинский муниципальный район,Оренбургская область,2,periphery,20,20,20,1.0,1.0,0,0,20,0
tid_1702,Северный муниципальный район,Оренбургская область,2,periphery,20,20,20,1.0,1.0,0,0,20,0
tid_1703,Ташлинский муниципальный район,Оренбургская область,2,periphery,20,20,20,1.0,1.0,0,0,20,0
tid_1704,Тоцкий муниципальный район,Оренбургская область,1,industrial,20,20,20,1.0,1.0,0,20,0,0
tid_1705,Тюльганский муниципальный район,Оренбургская область,2,periphery,20,20,20,1.0,1.0,0,0,20,0
tid_1706,Шарлыкский муниципальный район,Оренбургская область,2,periphery,20,20,20,1.0,1.0,0,0,20,0
tid_1707,городской округ город Орёл,Орловская область,1,industrial,20,20,20,1.0,1.0,0,20,0,0
tid_1708,городской округ город Ливны,Орловская область,2,periphery,20,20,20,1.0,1.0,0,0,20,0
tid_1709,городской округ город Мценск,Орловская область,1,industrial,20,20,20,1.0,1.0,0,20,0,0
tid_1710,Болховский муниципальный район,Орловская область,2,periphery,20,20,20,1.0,1.0,0,0,20,0
tid_1711,Верховский муниципальный район,Орловская область,2,periphery,20,20,20,1.0,1.0,0,0,20,0
tid_1712,Глазуновский муниципальный район,Орловская область,2,periphery,20,20,20,1.0,1.0,0,0,20,0
tid_1714,Должанский муниципальный район,Орловская область,2,periphery,20,20,20,1.0,1.0,0,0,20,0
tid_1715,Залегощенский муниципальный район,Орловская область,2,periphery,20,20,20,1.0,1.0,0,0,20,0
tid_1717,Колпнянский муниципальный район,Орловская область,2,periphery,20,20,20,1.0,1.0,0,0,20,0
tid_1718,Краснозоренский муниципальный район,Орловская область,2,periphery,20,20,20,1.0,1.0,0,0,20,0
tid_1719,Кромской муниципальный район,Орловская область,1,industrial,20,20,20,1.0,1.0,0,20,0,0
tid_1722,Малоархангельский муниципальный район,Орловская область,2,periphery,20,20,20,1.0,1.0,0,0,20,0
tid_1724,Новодеревеньковский муниципальный район,Орловская область,2,periphery,20,20,20,1.0,1.0,0,0,20,0
tid_1725,Новосильский муниципальный район,Орловская область,2,periphery,20,20,20,1.0,1.0,0,0,20,0
tid_1726,муниципальный округ Орловский,Орловская область,1,industrial,20,20,20,1.0,1.0,0,20,0,0
tid_1727,Покровский муниципальный район,Орловская область,2,periphery,20,20,20,1.0,1.0,0,0,20,0
tid_1728,Свердловский муниципальный район,Орловская область,2,periphery,20,20,20,1.0,1.0,0,0,20,0
tid_173,Майский муниципальный район,Кабардино-Балкарская Республика,2,periphery,20,20,20,1.0,1.0,0,0,20,0
tid_1730,Троснянский муниципальный район,Орловская область,2,periphery,20,20,20,1.0,1.0,0,0,20,0
tid_1731,Урицкий муниципальный район,Орловская область,2,periphery,20,20,20,1.0,1.0,0,0,20,0
tid_1732,Хотынецкий муниципальный район,Орловская область,2,periphery,20,20,20,1.0,1.0,0,0,20,0
tid_1733,Шаблыкинский муниципальный район,Орловская область,2,periphery,20,20,20,1.0,1.0,0,0,20,0
tid_1737,Башмаковский муниципальный район,Пензенская область,2,periphery,20,20,20,1.0,1.0,0,0,20,0
tid_1738,Бековский муниципальный район,Пензенская область,2,periphery,20,20,20,1.0,1.0,0,0,20,0
tid_1739,Белинский муниципальный район,Пензенская область,2,periphery,20,20,20,1.0,1.0,0,0,20,0
tid_1740,Бессоновский муниципальный район,Пензенская область,1,industrial,20,20,20,1.0,1.0,0,20,0,0
tid_1741,Вадинский муниципальный район,Пензенская область,2,periphery,20,20,20,1.0,1.0,0,0,20,0
tid_1742,Городищенский муниципальный район,Пензенская область,2,periphery,20,20,20,1.0,1.0,0,0,20,0
tid_1743,Земетчинский муниципальный район,Пензенская область,2,periphery,20,20,20,1.0,1.0,0,0,20,0
tid_1744,Иссинский муниципальный район,Пензенская область,2,periphery,20,20,20,1.0,1.0,0,0,20,0
tid_1745,Каменский муниципальный район,Пензенская область,2,periphery,20,20,20,1.0,1.0,0,0,20,0
tid_1746,Камешкирский муниципальный район,Пензенская область,2,periphery,20,20,20,1.0,1.0,0,0,20,0
tid_1747,Колышлейский муниципальный район,Пензенская область,2,periphery,20,20,20,1.0,1.0,0,0,20,0
tid_1749,Лопатинский муниципальный район,Пензенская область,2,periphery,20,20,20,1.0,1.0,0,0,20,0
tid_1750,Лунинский муниципальный район,Пензенская область,2,periphery,20,20,20,1.0,1.0,0,0,20,0
tid_1751,Малосердобинский муниципальный район,Пензенская область,2,periphery,20,20,20,1.0,1.0,0,0,20,0
tid_1752,Мокшанский муниципальный район,Пензенская область,2,periphery,20,20,20,1.0,1.0,0,0,20,0
tid_1753,Наровчатский муниципальный район,Пензенская область,2,periphery,20,20,20,1.0,1.0,0,0,20,0
tid_1754,Неверкинский муниципальный район,Пензенская область,2,periphery,20,20,20,1.0,1.0,0,0,20,0
tid_1755,Нижнеломовский муниципальный район,Пензенская область,2,periphery,20,20,20,1.0,1.0,0,0,20,0
tid_1756,Никольский муниципальный район,Пензенская область,2,periphery,20,20,20,1.0,1.0,0,0,20,0
tid_1757,Пачелмский муниципальный район,Пензенская область,2,periphery,20,20,20,1.0,1.0,0,0,20,0
tid_1758,Пензенский муниципальный район,Пензенская область,1,industrial,20,20,20,1.0,1.0,0,20,0,0
tid_1759,Сердобский муниципальный район,Пензенская область,2,periphery,20,20,20,1.0,1.0,0,0,20,0
tid_1760,Сосновоборский муниципальный район,Пензенская область,2,periphery,20,20,20,1.0,1.0,0,0,20,0
tid_1761,Спасский муниципальный район,Пензенская область,2,periphery,20,20,20,1.0,1.0,0,0,20,0
tid_1762,Тамалинский муниципальный район,Пензенская область,2,periphery,20,20,20,1.0,1.0,0,0,20,0
tid_1764,городской округ город Псков,Псковская область,1,industrial,20,20,20,1.0,1.0,0,20,0,0
tid_1765,городской округ город Великие Луки,Псковская область,1,industrial,20,20,20,1.0,1.0,0,20,0,0
tid_1766,Бежаницкий муниципальный район,Псковская область,2,periphery,20,20,20,1.0,1.0,0,0,20,0
tid_1768,Гдовский муниципальный район,Псковская область,2,periphery,20,20,20,1.0,1.0,0,0,20,0
tid_1769,Дедовичский муниципальный район,Псковская область,2,periphery,20,20,20,1.0,1.0,0,0,20,0
tid_1770,Дновский муниципальный район,Псковская область,2,periphery,20,20,20,1.0,1.0,0,0,20,0
tid_1771,муниципальный округ Красногородский,Псковская область,2,periphery,20,20,20,1.0,1.0,0,0,20,0
tid_1773,муниципальный округ Локнянский,Псковская область,2,periphery,20,20,20,1.0,1.0,0,0,20,0
tid_1774,муниципальный округ Невельский,Псковская область,2,periphery,20,20,20,1.0,1.0,0,0,20,0
tid_1775,муниципальный округ Новоржевский,Псковская область,2,periphery,20,20,20,1.0,1.0,0,0,20,0
tid_1776,Новосокольнический муниципальный район,Псковская область,2,periphery,20,20,20,1.0,1.0,0,0,20,0
tid_1777,муниципальный округ Опочецкий,Псковская область,2,periphery,20,20,20,1.0,1.0,0,0,20,0
tid_1778,Островский муниципальный район,Псковская область,2,periphery,20,20,20,1.0,1.0,0,0,20,0
tid_1780,муниципальный округ Печорский,Псковская область,2,periphery,20,20,20,1.0,1.0,0,0,20,0
tid_1781,Плюсский муниципальный район,Псковская область,2,periphery,20,20,20,1.0,1.0,0,0,20,0
tid_1782,Порховский муниципальный район,Псковская область,2,periphery,20,20,20,1.0,1.0,0,0,20,0
tid_1783,Псковский муниципальный район,Псковская область,1,industrial,20,20,20,1.0,1.0,0,20,0,0
tid_1784,Пустошкинский муниципальный район,Псковская область,2,periphery,20,20,20,1.0,1.0,0,0,20,0
tid_1785,Пушкиногорский муниципальный район,Псковская область,2,periphery,20,20,20,1.0,1.0,0,0,20,0
tid_1786,муниципальный округ Пыталовский,Псковская область,2,periphery,20,20,20,1.0,1.0,0,0,20,0
tid_1787,Себежский муниципальный район,Псковская область,2,periphery,20,20,20,1.0,1.0,0,0,20,0
tid_1788,муниципальный округ Струго-Красненский,Псковская область,2,periphery,20,20,20,1.0,1.0,0,0,20,0
tid_18,Чемальский муниципальный район,Республика Алтай,1,industrial,20,20,20,1.0,1.0,0,20,0,0
tid_181,Городовиковский муниципальный район,Республика Калмыкия,2,periphery,20,20,20,1.0,1.0,0,0,20,0
tid_184,Лаганский муниципальный район,Республика Калмыкия,2,periphery,20,20,20,1.0,1.0,0,0,20,0
tid_1845,городской округ город Рязань,Рязанская область,0,metro,20,20,20,1.0,1.0,20,0,0,0
tid_1846,городской округ город Касимов,Рязанская область,2,periphery,20,20,20,1.0,1.0,0,0,20,0
tid_1848,городской округ город Скопин,Рязанская область,2,periphery,20,20,20,1.0,1.0,0,0,20,0
tid_1849,Ермишинский муниципальный район,Рязанская область,2,periphery,20,20,20,1.0,1.0,0,0,20,0
tid_185,Малодербетовский муниципальный район,Республика Калмыкия,1,industrial,20,20,20,1.0,1.0,0,20,0,0
tid_1850,Захаровский муниципальный район,Рязанская область,2,periphery,20,20,20,1.0,1.0,0,0,20,0
tid_1851,Кадомский муниципальный район,Рязанская область,2,periphery,20,20,20,1.0,1.0,0,0,20,0
tid_1852,Касимовский муниципальный район,Рязанская область,2,periphery,20,20,20,1.0,1.0,0,0,20,0
tid_1853,Клепиковский муниципальный район,Рязанская область,2,periphery,20,20,20,1.0,1.0,0,0,20,0
tid_1854,Кораблинский муниципальный район,Рязанская область,2,periphery,20,20,20,1.0,1.0,0,0,20,0
tid_1855,Милославский муниципальный район,Рязанская область,2,periphery,20,20,20,1.0,1.0,0,0,20,0
tid_1856,Михайловский муниципальный район,Рязанская область,2,periphery,20,20,20,1.0,1.0,0,0,20,0
tid_1857,Александро-Невский муниципальный район,Рязанская область,2,periphery,20,20,20,1.0,1.0,0,0,20,0
tid_1858,Пителинский муниципальный район,Рязанская область,2,periphery,20,20,20,1.0,1.0,0,0,20,0
tid_1859,Пронский муниципальный район,Рязанская область,2,periphery,20,20,20,1.0,1.0,0,0,20,0
tid_1860,Путятинский муниципальный округ,Рязанская область,2,periphery,20,20,20,1.0,1.0,0,0,20,0
tid_1861,Рыбновский муниципальный район,Рязанская область,2,periphery,20,20,20,1.0,1.0,0,0,20,0
tid_1862,Ряжский муниципальный округ,Рязанская область,2,periphery,20,20,20,1.0,1.0,0,0,20,0
tid_1863,Рязанский муниципальный район,Рязанская область,1,industrial,20,20,20,1.0,1.0,0,20,0,0
tid_1864,Сапожковский муниципальный район,Рязанская область,2,periphery,20,20,20,1.0,1.0,0,0,20,0
tid_1865,Сараевский муниципальный район,Рязанская область,2,periphery,20,20,20,1.0,1.0,0,0,20,0
tid_1868,Спасский муниципальный район,Рязанская область,2,periphery,20,20,20,1.0,1.0,0,0,20,0
tid_1869,Старожиловский муниципальный район,Рязанская область,2,periphery,20,20,20,1.0,1.0,0,0,20,0
tid_1870,Ухоловский муниципальный район,Рязанская область,2,periphery,20,20,20,1.0,1.0,0,0,20,0
tid_1871,Чучковский муниципальный район,Рязанская область,2,periphery,20,20,20,1.0,1.0,0,0,20,0
tid_1872,Шацкий муниципальный район,Рязанская область,2,periphery,20,20,20,1.0,1.0,0,0,20,0
tid_1873,Шиловский муниципальный район,Рязанская область,2,periphery,20,20,20,1.0,1.0,0,0,20,0
tid_1874,городской округ Самара,Самарская область,0,metro,20,20,20,1.0,1.0,20,0,0,0
tid_1875,городской округ Жигулевск,Самарская область,1,industrial,20,20,20,1.0,1.0,0,20,0,0
tid_1876,городской округ Кинель,Самарская область,1,industrial,20,20,20,1.0,1.0,0,20,0,0
tid_1877,городской округ Новокуйбышевск,Самарская область,1,industrial,20,20,20,1.0,1.0,0,20,0,0
tid_1878,городской округ Октябрьск,Самарская область,2,periphery,20,20,20,1.0,1.0,0,0,20,0
tid_1879,городской округ Отрадный,Самарская область,1,industrial,20,20,20,1.0,1.0,0,20,0,0
tid_188,Сарпинский муниципальный район,Республика Калмыкия,2,periphery,20,20,20,1.0,1.0,0,0,20,0
tid_1880,городской округ Похвистнево,Самарская область,2,periphery,20,20,20,1.0,1.0,0,0,20,0
tid_1881,городской округ Сызрань,Самарская область,1,industrial,20,20,20,1.0,1.0,0,20,0,0
tid_1883,городской округ Чапаевск,Самарская область,1,industrial,20,20,20,1.0,1.0,0,20,0,0
tid_1884,Алексеевский муниципальный район,Самарская область,2,periphery,20,20,20,1.0,1.0,0,0,20,0
tid_1885,Безенчукский муниципальный район,Самарская область,2,periphery,20,20,20,1.0,1.0,0,0,20,0
tid_1886,Богатовский муниципальный район,Самарская область,2,periphery,20,20,20,1.0,1.0,0,0,20,0
tid_1887,Большеглушицкий муниципальный район,Самарская область,2,periphery,20,20,20,1.0,1.0,0,0,20,0
tid_1888,Большечерниговский муниципальный район,Самарская область,2,periphery,20,20,20,1.0,1.0,0,0,20,0
tid_1889,Борский муниципальный район,Самарская область,2,periphery,20,20,20,1.0,1.0,0,0,20,0
tid_1890,Волжский муниципальный район,Самарская область,1,industrial,20,20,20,1.0,1.0,0,20,0,0
tid_1891,Елховский муниципальный район,Самарская область,2,periphery,20,20,20,1.0,1.0,0,0,20,0
tid_1892,Исаклинский муниципальный район,Самарская область,2,periphery,20,20,20,1.0,1.0,0,0,20,0
tid_1893,Камышлинский муниципальный район,Самарская область,2,periphery,20,20,20,1.0,1.0,0,0,20,0
tid_1894,Кинельский муниципальный район,Самарская область,2,periphery,20,20,20,1.0,1.0,0,0,20,0
tid_1895,Кинель-Черкасский муниципальный район,Самарская область,2,periphery,20,20,20,1.0,1.0,0,0,20,0
tid_1896,Клявлинский муниципальный район,Самарская область,2,periphery,20,20,20,1.0,1.0,0,0,20,0
tid_1897,Кошкинский муниципальный район,Самарская область,2,periphery,20,20,20,1.0,1.0,0,0,20,0
tid_1898,Красноармейский муниципальный район,Самарская область,2,periphery,20,20,20,1.0,1.0,0,0,20,0
tid_1899,Красноярский муниципальный район,Самарская область,1,industrial,20,20,20,1.0,1.0,0,20,0,0
tid_19,Чойский муниципальный район,Республика Алтай,2,periphery,20,20,20,1.0,1.0,0,0,20,0
tid_1900,Нефтегорский муниципальный район,Самарская область,2,periphery,20,20,20,1.0,1.0,0,0,20,0
tid_1901,Пестравский муниципальный район,Самарская область,2,periphery,20,20,20,1.0,1.0,0,0,20,0
tid_1902,Похвистневский муниципальный район,Самарская область,2,periphery,20,20,20,1.0,1.0,0,0,20,0
tid_1903,Приволжский муниципальный район,Самарская область,2,periphery,20,20,20,1.0,1.0,0,0,20,0
tid_1904,Сергиевский муниципальный район,Самарская область,1,industrial,20,20,20,1.0,1.0,0,20,0,0
tid_1905,Ставропольский муниципальный район,Самарская область,1,industrial,20,20,20,1.0,1.0,0,20,0,0
tid_1906,Сызранский муниципальный район,Самарская область,1,industrial,20,20,20,1.0,1.0,0,20,0,0
tid_1907,Хворостянский муниципальный район,Самарская область,2,periphery,20,20,20,1.0,1.0,0,0,20,0
tid_1908,Челно-Вершинский муниципальный район,Самарская область,2,periphery,20,20,20,1.0,1.0,0,0,20,0
tid_1909,Шенталинский муниципальный район,Самарская область,2,periphery,20,20,20,1.0,1.0,0,0,20,0
tid_191,Юстинский муниципальный район,Республика Калмыкия,1,industrial,20,20,20,1.0,1.0,0,20,0,0
tid_1910,Шигонский муниципальный район,Самарская область,2,periphery,20,20,20,1.0,1.0,0,0,20,0
tid_1912,городской округ город Шиханы,Саратовская область,2,periphery,20,20,20,1.0,1.0,0,0,20,0
tid_1915,Александрово-Гайский муниципальный район,Саратовская область,2,periphery,20,20,20,1.0,1.0,0,0,20,0
tid_1916,Аркадакский муниципальный район,Саратовская область,2,periphery,20,20,20,1.0,1.0,0,0,20,0
tid_1917,Аткарский муниципальный район,Саратовская область,2,periphery,20,20,20,1.0,1.0,0,0,20,0
tid_1918,Базарно-Карабулакский муниципальный район,Саратовская область,2,periphery,20,20,20,1.0,1.0,0,0,20,0
tid_1919,Балаковский муниципальный район,Саратовская область,1,industrial,20,20,20,1.0,1.0,0,20,0,0
tid_1920,Балашовский муниципальный район,Саратовская область,1,industrial,20,20,20,1.0,1.0,0,20,0,0
tid_1921,Балтайский муниципальный район,Саратовская область,2,periphery,20,20,20,1.0,1.0,0,0,20,0
tid_1922,Вольский муниципальный район,Саратовская область,1,industrial,20,20,20,1.0,1.0,0,20,0,0
tid_1923,Воскресенский муниципальный район,Саратовская область,2,periphery,20,20,20,1.0,1.0,0,0,20,0
tid_1924,Дергачевский муниципальный район,Саратовская область,2,periphery,20,20,20,1.0,1.0,0,0,20,0
tid_1925,Духовницкий муниципальный район,Саратовская область,2,periphery,20,20,20,1.0,1.0,0,0,20,0
tid_1926,Екатериновский муниципальный район,Саратовская область,2,periphery,20,20,20,1.0,1.0,0,0,20,0
tid_1927,Ершовский муниципальный район,Саратовская область,2,periphery,20,20,20,1.0,1.0,0,0,20,0
tid_1928,Ивантеевский муниципальный район,Саратовская область,2,periphery,20,20,20,1.0,1.0,0,0,20,0
tid_1929,Калининский муниципальный район,Саратовская область,2,periphery,20,20,20,1.0,1.0,0,0,20,0
tid_1930,Красноармейский муниципальный район,Саратовская область,2,periphery,20,20,20,1.0,1.0,0,0,20,0
tid_1931,Краснокутский муниципальный район,Саратовская область,2,periphery,20,20,20,1.0,1.0,0,0,20,0
tid_1932,Краснопартизанский муниципальный район,Саратовская область,2,periphery,20,20,20,1.0,1.0,0,0,20,0
tid_1933,Лысогорский муниципальный район,Саратовская область,2,periphery,20,20,20,1.0,1.0,0,0,20,0
tid_1934,Марксовский муниципальный район,Саратовская область,2,periphery,20,20,20,1.0,1.0,0,0,20,0
tid_1935,Новобурасский муниципальный район,Саратовская область,2,periphery,20,20,20,1.0,1.0,0,0,20,0
tid_1936,Новоузенский муниципальный район,Саратовская область,1,industrial,20,20,20,1.0,1.0,0,20,0,0
tid_1937,Озинский муниципальный район,Саратовская область,2,periphery,20,20,20,1.0,1.0,0,0,20,0
tid_1938,Перелюбский муниципальный район,Саратовская область,2,periphery,20,20,20,1.0,1.0,0,0,20,0
tid_1939,Петровский муниципальный район,Саратовская область,2,periphery,20,20,20,1.0,1.0,0,0,20,0
tid_194,городской округ Черкесский,Карачаево-Черкесская Республика,0,metro,20,20,20,1.0,1.0,20,0,0,0
tid_1940,Питерский муниципальный район,Саратовская область,2,periphery,20,20,20,1.0,1.0,0,0,20,0
tid_1941,Пугачевский муниципальный район,Саратовская область,2,periphery,20,20,20,1.0,1.0,0,0,20,0
tid_1942,Ровенский муниципальный район,Саратовская область,2,periphery,20,20,20,1.0,1.0,0,0,20,0
tid_1943,Романовский муниципальный район,Саратовская область,2,periphery,20,20,20,1.0,1.0,0,0,20,0
tid_1944,Ртищевский муниципальный район,Саратовская область,2,periphery,20,20,20,1.0,1.0,0,0,20,0
tid_1945,Самойловский муниципальный район,Саратовская область,2,periphery,20,20,20,1.0,1.0,0,0,20,0
tid_1947,Советский муниципальный район,Саратовская область,2,periphery,20,20,20,1.0,1.0,0,0,20,0
tid_1948,Татищевский муниципальный район,Саратовская область,2,periphery,20,20,20,1.0,1.0,0,0,20,0
tid_1949,Турковский муниципальный район,Саратовская область,2,periphery,20,20,20,1.0,1.0,0,0,20,0
tid_195,городской округ Карачаевский,Карачаево-Черкесская Республика,1,industrial,20,20,20,1.0,1.0,0,20,0,0
tid_1950,Федоровский муниципальный район,Саратовская область,2,periphery,20,20,20,1.0,1.0,0,0,20,0
tid_1951,Хвалынский муниципальный район,Саратовская область,2,periphery,20,20,20,1.0,1.0,0,0,20,0
tid_1952,Энгельсский муниципальный район,Саратовская область,1,industrial,20,20,20,1.0,1.0,0,20,0,0
tid_1954,городской округ Александровск-Сахалинский район,Сахалинская область,3,remote,20,20,20,1.0,1.0,0,0,0,20
tid_1955,городской округ Анивский,Сахалинская область,3,remote,20,20,20,1.0,1.0,0,0,0,20
tid_1956,городской округ Долинский,Сахалинская область,3,remote,20,20,20,1.0,1.0,0,0,0,20
tid_1957,городской округ Корсаковский,Сахалинская область,3,remote,20,20,20,1.0,1.0,0,0,0,20
tid_1958,городской округ Курильский,Сахалинская область,3,remote,20,20,20,1.0,1.0,0,0,0,20
tid_1959,городской округ Макаровский,Сахалинская область,3,remote,20,20,20,1.0,1.0,0,0,0,20
tid_196,Абазинский муниципальный район,Карачаево-Черкесская Республика,0,metro,20,20,20,1.0,1.0,20,0,0,0
tid_1960,городской округ Невельский,Сахалинская область,3,remote,20,20,20,1.0,1.0,0,0,0,20
tid_1961,городской округ Ногликский,Сахалинская область,3,remote,20,20,20,1.0,1.0,0,0,0,20
tid_1962,городской округ Охинский,Сахалинская область,3,remote,20,20,20,1.0,1.0,0,0,0,20
tid_1963,городской округ Поронайский,Сахалинская область,3,remote,20,20,20,1.0,1.0,0,0,0,20
tid_1965,городской округ Смирныховский,Сахалинская область,3,remote,20,20,20,1.0,1.0,0,0,0,20
tid_1966,городской округ Томаринский,Сахалинская область,3,remote,20,20,20,1.0,1.0,0,0,0,20
tid_1967,городской округ Тымовский,Сахалинская область,3,remote,20,20,20,1.0,1.0,0,0,0,20
tid_1968,городской округ Углегорский,Сахалинская область,3,remote,20,20,20,1.0,1.0,0,0,0,20
tid_1969,городской округ Холмский,Сахалинская область,3,remote,20,20,20,1.0,1.0,0,0,0,20
tid_1970,городской округ Южно-Курильский,Сахалинская область,3,remote,20,20,20,1.0,1.0,0,0,0,20
tid_1971,городской округ город Екатеринбург,Свердловская область,0,metro,20,20,20,1.0,1.0,20,0,0,0
tid_1972,городской округ город Алапаевск,Свердловская область,1,industrial,20,20,20,1.0,1.0,0,20,0,0
tid_1973,городской округ Артемовский,Свердловская область,2,periphery,20,20,20,1.0,1.0,0,0,20,0
tid_1974,городской округ Асбестовский,Свердловская область,1,industrial,20,20,20,1.0,1.0,0,20,0,0
tid_1975,городской округ Малышевский,Свердловская область,2,periphery,20,20,20,1.0,1.0,0,0,20,0
tid_1976,городской округ Рефтинский,Свердловская область,2,periphery,20,20,20,1.0,1.0,0,0,20,0
tid_1977,городской округ Березовский,Свердловская область,0,metro,20,20,20,1.0,1.0,20,0,0,0
tid_1978,городской округ Богданович,Свердловская область,1,industrial,20,20,20,1.0,1.0,0,20,0,0
tid_1979,городской округ Верхняя Пышма,Свердловская область,0,metro,20,20,20,1.0,1.0,20,0,0,0
tid_198,Зеленчукский муниципальный район,Карачаево-Черкесская Республика,1,industrial,20,20,20,1.0,1.0,0,20,0,0
tid_1980,городской округ Среднеуральск,Свердловская область,1,industrial,20,20,20,1.0,1.0,0,20,0,0
tid_1981,городской округ Верхнесалдинский,Свердловская область,1,industrial,20,20,20,1.0,1.0,0,20,0,0
tid_1982,городской округ Заречный,Свердловская область,1,industrial,20,20,20,1.0,1.0,0,20,0,0
tid_1983,городской округ Ивдельский,Свердловская область,1,industrial,20,20,20,1.0,1.0,0,20,0,0
tid_1984,городской округ Пелым,Свердловская область,2,periphery,20,20,20,1.0,1.0,0,0,20,0
tid_1985,городской округ город Ирбит,Свердловская область,1,industrial,20,20,20,1.0,1.0,0,20,0,0
tid_1986,городской округ город Каменск-Уральский,Свердловская область,1,industrial,20,20,20,1.0,1.0,0,20,0,0
tid_1987,городской округ Камышловский,Свердловская область,1,industrial,20,20,20,1.0,1.0,0,20,0,0
tid_1988,городской округ Карпинск,Свердловская область,2,periphery,20,20,20,1.0,1.0,0,0,20,0
tid_1989,городской округ Волчанский,Свердловская область,2,periphery,20,20,20,1.0,1.0,0,0,20,0
tid_1990,городской округ Качканарский,Свердловская область,1,industrial,20,20,20,1.0,1.0,0,20,0,0
tid_1991,городской округ Кировградский,Свердловская область,1,industrial,20,20,20,1.0,1.0,0,20,0,0
tid_1992,городской округ Верхний Тагил,Свердловская область,2,periphery,20,20,20,1.0,1.0,0,0,20,0
tid_1993,городской округ Краснотурьинск,Свердловская область,1,industrial,20,20,20,1.0,1.0,0,20,0,0
tid_1994,городской округ Красноуральск,Свердловская область,2,periphery,20,20,20,1.0,1.0,0,0,20,0
tid_1995,городской округ Красноуфимск,Свердловская область,1,industrial,20,20,20,1.0,1.0,0,20,0,0
tid_1996,городской округ Кушвинский,Свердловская область,1,industrial,20,20,20,1.0,1.0,0,20,0,0
tid_1997,городской округ Верхняя Тура,Свердловская область,2,periphery,20,20,20,1.0,1.0,0,0,20,0
tid_1999,городской округ Невьянский,Свердловская область,1,industrial,20,20,20,1.0,1.0,0,20,0,0
tid_2,городской округ город Адыгейск,Республика Адыгея,1,industrial,20,20,20,1.0,1.0,0,20,0,0
tid_20,Шебалинский муниципальный район,Республика Алтай,1,industrial,20,20,20,1.0,1.0,0,20,0,0
tid_2000,городской округ город Нижний Тагил,Свердловская область,1,industrial,20,20,20,1.0,1.0,0,20,0,0
tid_2001,городской округ Нижняя Салда,Свердловская область,2,periphery,20,20,20,1.0,1.0,0,0,20,0
tid_2002,городской округ Нижнетуринский,Свердловская область,1,industrial,20,20,20,1.0,1.0,0,20,0,0
tid_2004,городской округ Первоуральск,Свердловская область,1,industrial,20,20,20,1.0,1.0,0,20,0,0
tid_2005,городской округ Полевской,Свердловская область,1,industrial,20,20,20,1.0,1.0,0,20,0,0
tid_2006,городской округ Ревда,Свердловская область,1,industrial,20,20,20,1.0,1.0,0,20,0,0
tid_2007,городской округ Дегтярск,Свердловская область,2,periphery,20,20,20,1.0,1.0,0,0,20,0
tid_2008,городской округ Режевской,Свердловская область,1,industrial,20,20,20,1.0,1.0,0,20,0,0
tid_2009,городской округ Североуральский,Свердловская область,2,periphery,20,20,20,1.0,1.0,0,0,20,0
tid_201,Ногайский муниципальный район,Карачаево-Черкесская Республика,0,metro,20,20,20,1.0,1.0,20,0,0,0
tid_2010,городской округ Серовский,Свердловская область,1,industrial,20,20,20,1.0,1.0,0,20,0,0
tid_2011,городской округ Сухой Лог,Свердловская область,1,industrial,20,20,20,1.0,1.0,0,20,0,0
tid_2012,городской округ Тавдинский,Свердловская область,1,industrial,20,20,20,1.0,1.0,0,20,0,0
tid_2015,городской округ Алапаевское,Свердловская область,2,periphery,20,20,20,1.0,1.0,0,0,20,0
tid_2017,городской округ Артинский,Свердловская область,2,periphery,20,20,20,1.0,1.0,0,0,20,0
tid_2018,городской округ Ачитский,Свердловская область,2,periphery,20,20,20,1.0,1.0,0,0,20,0
tid_2019,городской округ Белоярский,Свердловская область,1,industrial,20,20,20,1.0,1.0,0,20,0,0
tid_2021,городской округ Верхотурский,Свердловская область,1,industrial,20,20,20,1.0,1.0,0,20,0,0
tid_2022,городской округ Гаринский,Свердловская область,2,periphery,20,20,20,1.0,1.0,0,0,20,0
tid_2023,городской округ Ирбитское,Свердловская область,2,periphery,20,20,20,1.0,1.0,0,0,20,0
tid_2024,городской округ Каменский,Свердловская область,1,industrial,20,20,20,1.0,1.0,0,20,0,0
tid_2025,городской округ Красноуфимский округ,Свердловская область,1,industrial,20,20,20,1.0,1.0,0,20,0,0
tid_2027,городской округ Бисертский,Свердловская область,2,periphery,20,20,20,1.0,1.0,0,0,20,0
tid_2028,городской округ Новолялинский,Свердловская область,2,periphery,20,20,20,1.0,1.0,0,0,20,0
tid_203,Урупский муниципальный район,Карачаево-Черкесская Республика,2,periphery,20,20,20,1.0,1.0,0,0,20,0
tid_2030,городской округ Пышминский,Свердловская область,1,industrial,20,20,20,1.0,1.0,0,20,0,0
tid_2031,городской округ Сосьвинский,Свердловская область,2,periphery,20,20,20,1.0,1.0,0,0,20,0
tid_2032,городской округ Сысертский,Свердловская область,1,industrial,20,20,20,1.0,1.0,0,20,0,0
tid_2033,городской округ Арамильский,Свердловская область,1,industrial,20,20,20,1.0,1.0,0,20,0,0
tid_2034,городской округ Талицкий,Свердловская область,1,industrial,20,20,20,1.0,1.0,0,20,0,0
tid_2035,городской округ Тугулымский,Свердловская область,2,periphery,20,20,20,1.0,1.0,0,0,20,0
tid_2036,городской округ Туринский,Свердловская область,2,periphery,20,20,20,1.0,1.0,0,0,20,0
tid_2037,городской округ Шалинский,Свердловская область,2,periphery,20,20,20,1.0,1.0,0,0,20,0
tid_2039,Байкаловский муниципальный район,Свердловская область,2,periphery,20,20,20,1.0,1.0,0,0,20,0
tid_204,Усть-Джегутинский муниципальный район,Карачаево-Черкесская Республика,1,industrial,20,20,20,1.0,1.0,0,20,0,0
tid_2040,Камышловский муниципальный район,Свердловская область,1,industrial,20,20,20,1.0,1.0,0,20,0,0
tid_2041,Слободо-Туринский муниципальный район,Свердловская область,2,periphery,20,20,20,1.0,1.0,0,0,20,0
tid_2042,Нижнесергинский муниципальный район,Свердловская область,2,periphery,20,20,20,1.0,1.0,0,0,20,0
tid_2043,Таборинский муниципальный район,Свердловская область,2,periphery,20,20,20,1.0,1.0,0,0,20,0
tid_2044,городской округ город Смоленск,Смоленская область,1,industrial,20,20,20,1.0,1.0,0,20,0,0
tid_2045,городской округ город Десногорск,Смоленская область,2,periphery,20,20,20,1.0,1.0,0,0,20,0
tid_2046,Велижский муниципальный район,Смоленская область,2,periphery,20,20,20,1.0,1.0,0,0,20,0
tid_2047,Вяземский муниципальный район,Смоленская область,1,industrial,20,20,20,1.0,1.0,0,20,0,0
tid_2048,Гагаринский муниципальный район,Смоленская область,1,industrial,20,20,20,1.0,1.0,0,20,0,0
tid_2049,Глинковский муниципальный район,Смоленская область,2,periphery,20,20,20,1.0,1.0,0,0,20,0
tid_205,Хабезский муниципальный район,Карачаево-Черкесская Республика,1,industrial,20,20,20,1.0,1.0,0,20,0,0
tid_2050,Демидовский муниципальный район,Смоленская область,2,periphery,20,20,20,1.0,1.0,0,0,20,0
tid_2051,Дорогобужский муниципальный район,Смоленская область,2,periphery,20,20,20,1.0,1.0,0,0,20,0
tid_2052,Духовщинский муниципальный район,Смоленская область,2,periphery,20,20,20,1.0,1.0,0,0,20,0
tid_2053,Ельнинский муниципальный район,Смоленская область,2,periphery,20,20,20,1.0,1.0,0,0,20,0
tid_2054,Ершичский муниципальный район,Смоленская область,2,periphery,20,20,20,1.0,1.0,0,0,20,0
tid_2055,Кардымовский муниципальный район,Смоленская область,2,periphery,20,20,20,1.0,1.0,0,0,20,0
tid_2056,Краснинский муниципальный район,Смоленская область,2,periphery,20,20,20,1.0,1.0,0,0,20,0
tid_2057,Монастырщинский муниципальный район,Смоленская область,2,periphery,20,20,20,1.0,1.0,0,0,20,0
tid_2058,Новодугинский муниципальный район,Смоленская область,2,periphery,20,20,20,1.0,1.0,0,0,20,0
tid_2059,Починковский муниципальный район,Смоленская область,2,periphery,20,20,20,1.0,1.0,0,0,20,0
tid_206,городской округ Петрозаводский,Республика Карелия,1,industrial,20,20,20,1.0,1.0,0,20,0,0
tid_2060,Рославльский муниципальный район,Смоленская область,1,industrial,20,20,20,1.0,1.0,0,20,0,0
tid_2061,Руднянский муниципальный район,Смоленская область,2,periphery,20,20,20,1.0,1.0,0,0,20,0
tid_2062,Сафоновский муниципальный район,Смоленская область,1,industrial,20,20,20,1.0,1.0,0,20,0,0
tid_2063,Смоленский муниципальный район,Смоленская область,1,industrial,20,20,20,1.0,1.0,0,20,0,0
tid_2064,Сычевский муниципальный район,Смоленская область,2,periphery,20,20,20,1.0,1.0,0,0,20,0
tid_2065,Темкинский муниципальный район,Смоленская область,2,periphery,20,20,20,1.0,1.0,0,0,20,0
tid_2066,Угранский муниципальный район,Смоленская область,2,periphery,20,20,20,1.0,1.0,0,0,20,0
tid_2067,Хиславичский муниципальный район,Смоленская область,2,periphery,20,20,20,1.0,1.0,0,0,20,0
tid_2068,Холм-Жирковский муниципальный район,Смоленская область,2,periphery,20,20,20,1.0,1.0,0,0,20,0
tid_2069,Шумячский муниципальный район,Смоленская область,2,periphery,20,20,20,1.0,1.0,0,0,20,0
tid_207,городской округ Костомукшский,Республика Карелия,1,industrial,20,20,20,1.0,1.0,0,20,0,0
tid_2070,Ярцевский муниципальный район,Смоленская область,2,periphery,20,20,20,1.0,1.0,0,0,20,0
tid_2072,городской округ город Кирсанов,Тамбовская область,2,periphery,20,20,20,1.0,1.0,0,0,20,0
tid_2073,городской округ город Котовск,Тамбовская область,2,periphery,20,20,20,1.0,1.0,0,0,20,0
tid_2074,городской округ город Мичуринск,Тамбовская область,1,industrial,20,20,20,1.0,1.0,0,20,0,0
tid_2075,городской округ город Моршанск,Тамбовская область,2,periphery,20,20,20,1.0,1.0,0,0,20,0
tid_2076,городской округ город Рассказово,Тамбовская область,2,periphery,20,20,20,1.0,1.0,0,0,20,0
tid_2077,городской округ город Уварово,Тамбовская область,2,periphery,20,20,20,1.0,1.0,0,0,20,0
tid_2078,Бондарский муниципальный округ,Тамбовская область,2,periphery,20,20,20,1.0,1.0,0,0,20,0
tid_2079,Гавриловский муниципальный округ,Тамбовская область,2,periphery,20,20,20,1.0,1.0,0,0,20,0
tid_208,Беломорский муниципальный округ,Республика Карелия,2,periphery,20,20,20,1.0,1.0,0,0,20,0
tid_2080,Жердевский муниципальный округ,Тамбовская область,2,periphery,20,20,20,1.0,1.0,0,0,20,0
tid_2081,Знаменский муниципальный округ,Тамбовская область,2,periphery,20,20,20,1.0,1.0,0,0,20,0
tid_2082,Инжавинский муниципальный округ,Тамбовская область,2,periphery,20,20,20,1.0,1.0,0,0,20,0
tid_2085,Мордовский муниципальный округ,Тамбовская область,2,periphery,20,20,20,1.0,1.0,0,0,20,0
tid_2087,Мучкапский муниципальный округ,Тамбовская область,2,periphery,20,20,20,1.0,1.0,0,0,20,0
tid_2088,Никифоровский муниципальный округ,Тамбовская область,2,periphery,20,20,20,1.0,1.0,0,0,20,0
tid_2089,Первомайский муниципальный округ,Тамбовская область,2,periphery,20,20,20,1.0,1.0,0,0,20,0
tid_209,Калевальский муниципальный район,Республика Карелия,1,industrial,20,20,20,1.0,1.0,0,20,0,0
tid_2090,Петровский муниципальный округ,Тамбовская область,2,periphery,20,20,20,1.0,1.0,0,0,20,0
tid_2091,Пичаевский муниципальный округ,Тамбовская область,2,periphery,20,20,20,1.0,1.0,0,0,20,0
tid_2093,Ржаксинский муниципальный округ,Тамбовская область,2,periphery,20,20,20,1.0,1.0,0,0,20,0
tid_2094,Сампурский муниципальный округ,Тамбовская область,2,periphery,20,20,20,1.0,1.0,0,0,20,0
tid_2095,Сосновский муниципальный округ,Тамбовская область,2,periphery,20,20,20,1.0,1.0,0,0,20,0
tid_2096,Староюрьевский муниципальный округ,Тамбовская область,2,periphery,20,20,20,1.0,1.0,0,0,20,0
tid_2098,Токарёвский муниципальный округ,Тамбовская область,2,periphery,20,20,20,1.0,1.0,0,0,20,0
tid_21,городской округ город Уфа,Республика Башкортостан,0,metro,20,20,20,1.0,1.0,20,0,0,0
tid_210,Кемский муниципальный район,Республика Карелия,2,periphery,20,20,20,1.0,1.0,0,0,20,0
tid_2100,Умётский муниципальный округ,Тамбовская область,2,periphery,20,20,20,1.0,1.0,0,0,20,0
tid_2101,городской округ город Тверь,Тверская область,1,industrial,20,20,20,1.0,1.0,0,20,0,0
tid_2105,городской округ Осташковский,Тверская область,2,periphery,20,20,20,1.0,1.0,0,0,20,0
tid_2108,городской округ город Торжок,Тверская область,1,industrial,20,20,20,1.0,1.0,0,20,0,0
tid_2109,городской округ Удомельский,Тверская область,2,periphery,20,20,20,1.0,1.0,0,0,20,0
tid_211,Кондопожский муниципальный район,Республика Карелия,1,industrial,20,20,20,1.0,1.0,0,20,0,0
tid_2110,муниципальный округ Андреапольский,Тверская область,2,periphery,20,20,20,1.0,1.0,0,0,20,0
tid_2111,муниципальный округ Бежецкий,Тверская область,2,periphery,20,20,20,1.0,1.0,0,0,20,0
tid_2112,муниципальный округ Бельский,Тверская область,2,periphery,20,20,20,1.0,1.0,0,0,20,0
tid_2113,муниципальный округ Бологовский,Тверская область,2,periphery,20,20,20,1.0,1.0,0,0,20,0
tid_2114,муниципальный округ Весьегонский,Тверская область,2,periphery,20,20,20,1.0,1.0,0,0,20,0
tid_2116,муниципальный округ Жарковский,Тверская область,2,periphery,20,20,20,1.0,1.0,0,0,20,0
tid_2117,муниципальный округ Западнодвинский,Тверская область,2,periphery,20,20,20,1.0,1.0,0,0,20,0
tid_2118,муниципальный округ Зубцовский,Тверская область,2,periphery,20,20,20,1.0,1.0,0,0,20,0
tid_2119,муниципальный округ Калининский,Тверская область,1,industrial,20,20,20,1.0,1.0,0,20,0,0
tid_212,Лахденпохский муниципальный район,Республика Карелия,1,industrial,20,20,20,1.0,1.0,0,20,0,0
tid_2120,муниципальный округ Калязинский,Тверская область,2,periphery,20,20,20,1.0,1.0,0,0,20,0
tid_2121,городской округ Кашинский,Тверская область,2,periphery,20,20,20,1.0,1.0,0,0,20,0
tid_2122,муниципальный округ Кесовогорский,Тверская область,2,periphery,20,20,20,1.0,1.0,0,0,20,0
tid_2124,муниципальный округ Конаковский,Тверская область,1,industrial,20,20,20,1.0,1.0,0,20,0,0
tid_2125,муниципальный округ Краснохолмский,Тверская область,2,periphery,20,20,20,1.0,1.0,0,0,20,0
tid_2126,муниципальный округ Кувшиновский,Тверская область,2,periphery,20,20,20,1.0,1.0,0,0,20,0
tid_2127,муниципальный округ Лесной,Тверская область,2,periphery,20,20,20,1.0,1.0,0,0,20,0
tid_2128,муниципальный округ Лихославльский,Тверская область,2,periphery,20,20,20,1.0,1.0,0,0,20,0
tid_2129,муниципальный округ Максатихинский,Тверская область,2,periphery,20,20,20,1.0,1.0,0,0,20,0
tid_213,Лоухский муниципальный район,Республика Карелия,2,periphery,20,20,20,1.0,1.0,0,0,20,0
tid_2130,муниципальный округ Молоковский,Тверская область,2,periphery,20,20,20,1.0,1.0,0,0,20,0
tid_2131,городской округ Нелидовский,Тверская область,2,periphery,20,20,20,1.0,1.0,0,0,20,0
tid_2132,муниципальный округ Оленинский,Тверская область,2,periphery,20,20,20,1.0,1.0,0,0,20,0
tid_2133,муниципальный округ Пеновский,Тверская область,2,periphery,20,20,20,1.0,1.0,0,0,20,0
tid_2134,муниципальный округ Рамешковский,Тверская область,2,periphery,20,20,20,1.0,1.0,0,0,20,0
tid_2136,муниципальный округ Сандовский,Тверская область,2,periphery,20,20,20,1.0,1.0,0,0,20,0
tid_2137,муниципальный округ Селижаровский,Тверская область,2,periphery,20,20,20,1.0,1.0,0,0,20,0
tid_2138,муниципальный округ Сонковский,Тверская область,2,periphery,20,20,20,1.0,1.0,0,0,20,0
tid_2139,муниципальный округ Спировский,Тверская область,2,periphery,20,20,20,1.0,1.0,0,0,20,0
tid_214,Медвежьегорский муниципальный район,Республика Карелия,2,periphery,20,20,20,1.0,1.0,0,0,20,0
tid_2140,муниципальный округ Старицкий,Тверская область,2,periphery,20,20,20,1.0,1.0,0,0,20,0
tid_2142,муниципальный округ Торопецкий,Тверская область,2,periphery,20,20,20,1.0,1.0,0,0,20,0
tid_2143,муниципальный округ Фировский,Тверская область,2,periphery,20,20,20,1.0,1.0,0,0,20,0
tid_2144,городской округ город Томск,Томская область,0,metro,20,20,20,1.0,1.0,20,0,0,0
tid_2145,городской округ город Кедровый,Томская область,2,periphery,20,20,20,1.0,1.0,0,0,20,0
tid_2146,городской округ город Стрежевой,Томская область,1,industrial,20,20,20,1.0,1.0,0,20,0,0
tid_2148,Александровский муниципальный район,Томская область,3,remote,20,20,20,1.0,1.0,0,0,0,20
tid_2149,Асиновский муниципальный район,Томская область,2,periphery,20,20,20,1.0,1.0,0,0,20,0
tid_215,Муезерский муниципальный район,Республика Карелия,2,periphery,20,20,20,1.0,1.0,0,0,20,0
tid_2150,Бакчарский муниципальный район,Томская область,2,periphery,20,20,20,1.0,1.0,0,0,20,0
tid_2151,Верхнекетский муниципальный район,Томская область,2,periphery,20,20,20,1.0,1.0,0,0,20,0
tid_2152,Зырянский муниципальный район,Томская область,2,periphery,20,20,20,1.0,1.0,0,0,20,0
tid_2153,Каргасокский муниципальный район,Томская область,2,periphery,20,20,20,1.0,1.0,0,0,20,0
tid_2154,Кожевниковский муниципальный район,Томская область,2,periphery,20,20,20,1.0,1.0,0,0,20,0
tid_2155,Колпашевский муниципальный район,Томская область,2,periphery,20,20,20,1.0,1.0,0,0,20,0
tid_2156,Кривошеинский муниципальный район,Томская область,2,periphery,20,20,20,1.0,1.0,0,0,20,0
tid_2157,Молчановский муниципальный район,Томская область,2,periphery,20,20,20,1.0,1.0,0,0,20,0
tid_2158,Парабельский муниципальный район,Томская область,2,periphery,20,20,20,1.0,1.0,0,0,20,0
tid_2159,Первомайский муниципальный район,Томская область,2,periphery,20,20,20,1.0,1.0,0,0,20,0
tid_216,Олонецкий муниципальный район,Республика Карелия,2,periphery,20,20,20,1.0,1.0,0,0,20,0
tid_2160,Тегульдетский муниципальный район,Томская область,2,periphery,20,20,20,1.0,1.0,0,0,20,0
tid_2161,Томский муниципальный район,Томская область,0,metro,20,20,20,1.0,1.0,20,0,0,0
tid_2162,Чаинский муниципальный район,Томская область,2,periphery,20,20,20,1.0,1.0,0,0,20,0
tid_2163,Шегарский муниципальный район,Томская область,2,periphery,20,20,20,1.0,1.0,0,0,20,0
tid_2164,городской округ город Тула,Тульская область,0,metro,20,20,20,1.0,1.0,20,0,0,0
tid_2165,городской округ город Алексин,Тульская область,1,industrial,20,20,20,1.0,1.0,0,20,0,0
tid_2167,городской округ город Донской,Тульская область,1,industrial,20,20,20,1.0,1.0,0,20,0,0
tid_2168,городской округ город Ефремов,Тульская область,1,industrial,20,20,20,1.0,1.0,0,20,0,0
tid_2169,городской округ город Новомосковск,Тульская область,1,industrial,20,20,20,1.0,1.0,0,20,0,0
tid_217,Питкярантский муниципальный округ,Республика Карелия,2,periphery,20,20,20,1.0,1.0,0,0,20,0
tid_2171,Арсеньевский муниципальный район,Тульская область,2,periphery,20,20,20,1.0,1.0,0,0,20,0
tid_2172,Белевский муниципальный район,Тульская область,2,periphery,20,20,20,1.0,1.0,0,0,20,0
tid_2173,Богородицкий муниципальный район,Тульская область,1,industrial,20,20,20,1.0,1.0,0,20,0,0
tid_2174,Веневский муниципальный район,Тульская область,2,periphery,20,20,20,1.0,1.0,0,0,20,0
tid_2175,Воловский муниципальный район,Тульская область,2,periphery,20,20,20,1.0,1.0,0,0,20,0
tid_2176,Дубенский муниципальный район,Тульская область,2,periphery,20,20,20,1.0,1.0,0,0,20,0
tid_2177,Заокский муниципальный район,Тульская область,1,industrial,20,20,20,1.0,1.0,0,20,0,0
tid_2178,Каменский муниципальный район,Тульская область,2,periphery,20,20,20,1.0,1.0,0,0,20,0
tid_2179,Кимовский муниципальный район,Тульская область,2,periphery,20,20,20,1.0,1.0,0,0,20,0
tid_218,Прионежский муниципальный район,Республика Карелия,1,industrial,20,20,20,1.0,1.0,0,20,0,0
tid_2180,Киреевский муниципальный район,Тульская область,2,periphery,20,20,20,1.0,1.0,0,0,20,0
tid_2181,Куркинский муниципальный район,Тульская область,2,periphery,20,20,20,1.0,1.0,0,0,20,0
tid_2182,Одоевский муниципальный район,Тульская область,2,periphery,20,20,20,1.0,1.0,0,0,20,0
tid_2183,Плавский муниципальный район,Тульская область,2,periphery,20,20,20,1.0,1.0,0,0,20,0
tid_2184,Суворовский муниципальный район,Тульская область,2,periphery,20,20,20,1.0,1.0,0,0,20,0
tid_2185,Тепло-Огаревский муниципальный район,Тульская область,2,periphery,20,20,20,1.0,1.0,0,0,20,0
tid_2186,Узловский муниципальный район,Тульская область,1,industrial,20,20,20,1.0,1.0,0,20,0,0
tid_2187,Чернский муниципальный район,Тульская область,2,periphery,20,20,20,1.0,1.0,0,0,20,0
tid_2188,Щекинский муниципальный район,Тульская область,1,industrial,20,20,20,1.0,1.0,0,20,0,0
tid_2189,Ясногорский муниципальный район,Тульская область,2,periphery,20,20,20,1.0,1.0,0,0,20,0
tid_219,Пряжинский муниципальный район,Республика Карелия,2,periphery,20,20,20,1.0,1.0,0,0,20,0
tid_2190,городской округ город Тюмень,Тюменская область,0,metro,20,20,20,1.0,1.0,20,0,0,0
tid_2191,городской округ Заводоуковский,Тюменская область,1,industrial,20,20,20,1.0,1.0,0,20,0,0
tid_2192,городской округ город Ишим,Тюменская область,1,industrial,20,20,20,1.0,1.0,0,20,0,0
tid_2193,городской округ город Тобольск,Тюменская область,1,industrial,20,20,20,1.0,1.0,0,20,0,0
tid_2194,городской округ город Ялуторовск,Тюменская область,1,industrial,20,20,20,1.0,1.0,0,20,0,0
tid_2195,Абатский муниципальный район,Тюменская область,1,industrial,20,20,20,1.0,1.0,0,20,0,0
tid_2196,Армизонский муниципальный район,Тюменская область,2,periphery,20,20,20,1.0,1.0,0,0,20,0
tid_2197,Аромашевский муниципальный район,Тюменская область,2,periphery,20,20,20,1.0,1.0,0,0,20,0
tid_2198,Бердюжский муниципальный район,Тюменская область,2,periphery,20,20,20,1.0,1.0,0,0,20,0
tid_2199,Вагайский муниципальный район,Тюменская область,1,industrial,20,20,20,1.0,1.0,0,20,0,0
tid_22,городской округ город Агидель,Республика Башкортостан,1,industrial,20,20,20,1.0,1.0,0,20,0,0
tid_220,Пудожский муниципальный район,Республика Карелия,2,periphery,20,20,20,1.0,1.0,0,0,20,0
tid_2200,Викуловский муниципальный район,Тюменская область,2,periphery,20,20,20,1.0,1.0,0,0,20,0
tid_2201,городской округ Голышмановский,Тюменская область,2,periphery,20,20,20,1.0,1.0,0,0,20,0
tid_2202,Исетский муниципальный район,Тюменская область,1,industrial,20,20,20,1.0,1.0,0,20,0,0
tid_2203,Ишимский муниципальный район,Тюменская область,1,industrial,20,20,20,1.0,1.0,0,20,0,0
tid_2204,Казанский муниципальный район,Тюменская область,2,periphery,20,20,20,1.0,1.0,0,0,20,0
tid_2205,Нижнетавдинский муниципальный район,Тюменская область,2,periphery,20,20,20,1.0,1.0,0,0,20,0
tid_2206,Омутинский муниципальный район,Тюменская область,2,periphery,20,20,20,1.0,1.0,0,0,20,0
tid_2207,Сладковский муниципальный район,Тюменская область,2,periphery,20,20,20,1.0,1.0,0,0,20,0
tid_2208,Сорокинский муниципальный район,Тюменская область,2,periphery,20,20,20,1.0,1.0,0,0,20,0
tid_221,Сегежский муниципальный округ,Республика Карелия,2,periphery,20,20,20,1.0,1.0,0,0,20,0
tid_2210,Тюменский муниципальный район,Тюменская область,1,industrial,20,20,20,1.0,1.0,0,20,0,0
tid_2211,Уватский муниципальный район,Тюменская область,2,periphery,20,20,20,1.0,1.0,0,0,20,0
tid_2212,Упоровский муниципальный район,Тюменская область,2,periphery,20,20,20,1.0,1.0,0,0,20,0
tid_2213,Юргинский муниципальный район,Тюменская область,2,periphery,20,20,20,1.0,1.0,0,0,20,0
tid_2215,Ярковский муниципальный район,Тюменская область,1,industrial,20,20,20,1.0,1.0,0,20,0,0
tid_2216,городской округ город Ханты-Мансийск,Ханты-Мансийский автономный округ — Югра,0,metro,20,20,20,1.0,1.0,20,0,0,0
tid_2217,городской округ город Когалым,Ханты-Мансийский автономный округ — Югра,1,industrial,20,20,20,1.0,1.0,0,20,0,0
tid_2218,городской округ город Лангепас,Ханты-Мансийский автономный округ — Югра,1,industrial,20,20,20,1.0,1.0,0,20,0,0
tid_2219,городской округ город Мегион,Ханты-Мансийский автономный округ — Югра,1,industrial,20,20,20,1.0,1.0,0,20,0,0
tid_222,Сортавальский муниципальный район,Республика Карелия,1,industrial,20,20,20,1.0,1.0,0,20,0,0
tid_2220,городской округ город Нефтеюганск,Ханты-Мансийский автономный округ — Югра,1,industrial,20,20,20,1.0,1.0,0,20,0,0
tid_2221,городской округ город Нижневартовск,Ханты-Мансийский автономный округ — Югра,0,metro,20,20,20,1.0,1.0,20,0,0,0
tid_2222,городской округ город Нягань,Ханты-Мансийский автономный округ — Югра,1,industrial,20,20,20,1.0,1.0,0,20,0,0
tid_2223,городской округ город Покачи,Ханты-Мансийский автономный округ — Югра,1,industrial,20,20,20,1.0,1.0,0,20,0,0
tid_2224,городской округ город Пыть-Ях,Ханты-Мансийский автономный округ — Югра,1,industrial,20,20,20,1.0,1.0,0,20,0,0
tid_2225,городской округ город Радужный,Ханты-Мансийский автономный округ — Югра,1,industrial,20,20,20,1.0,1.0,0,20,0,0
tid_2226,городской округ город Сургут,Ханты-Мансийский автономный округ — Югра,0,metro,20,20,20,1.0,1.0,20,0,0,0
tid_2227,городской округ город Урай,Ханты-Мансийский автономный округ — Югра,1,industrial,20,20,20,1.0,1.0,0,20,0,0
tid_2228,городской округ город Югорск,Ханты-Мансийский автономный округ — Югра,1,industrial,20,20,20,1.0,1.0,0,20,0,0
tid_2229,Белоярский муниципальный район,Ханты-Мансийский автономный округ — Югра,1,industrial,20,20,20,1.0,1.0,0,20,0,0
tid_223,Суоярвский муниципальный округ,Республика Карелия,2,periphery,20,20,20,1.0,1.0,0,0,20,0
tid_2230,Березовский муниципальный район,Ханты-Мансийский автономный округ — Югра,1,industrial,20,20,20,1.0,1.0,0,20,0,0
tid_2231,Кондинский муниципальный район,Ханты-Мансийский автономный округ — Югра,1,industrial,20,20,20,1.0,1.0,0,20,0,0
tid_2232,Нефтеюганский муниципальный район,Ханты-Мансийский автономный округ — Югра,1,industrial,20,20,20,1.0,1.0,0,20,0,0
tid_2233,Нижневартовский муниципальный район,Ханты-Мансийский автономный округ — Югра,1,industrial,20,20,20,1.0,1.0,0,20,0,0
tid_2234,Октябрьский муниципальный район,Ханты-Мансийский автономный округ — Югра,2,periphery,20,20,20,1.0,1.0,0,0,20,0
tid_2235,Советский муниципальный район,Ханты-Мансийский автономный округ — Югра,1,industrial,20,20,20,1.0,1.0,0,20,0,0
tid_2236,Сургутский муниципальный район,Ханты-Мансийский автономный округ — Югра,1,industrial,20,20,20,1.0,1.0,0,20,0,0
tid_2237,Ханты-Мансийский муниципальный район,Ханты-Мансийский автономный округ — Югра,1,industrial,20,20,20,1.0,1.0,0,20,0,0
tid_2238,городской округ город Салехард,Ямало-Ненецкий автономный округ,0,metro,20,20,20,1.0,1.0,20,0,0,0
tid_224,городской округ Сыктывкар,Республика Коми,1,industrial,20,20,20,1.0,1.0,0,20,0,0
tid_2241,городской округ город Муравленко,Ямало-Ненецкий автономный округ,1,industrial,20,20,20,1.0,1.0,0,20,0,0
tid_2242,городской округ город Новый Уренгой,Ямало-Ненецкий автономный округ,0,metro,20,20,20,1.0,1.0,20,0,0,0
tid_2243,городской округ город Ноябрьск,Ямало-Ненецкий автономный округ,1,industrial,20,20,20,1.0,1.0,0,20,0,0
tid_2244,муниципальный округ Красноселькупский район,Ямало-Ненецкий автономный округ,3,remote,20,20,20,1.0,1.0,0,0,0,20
tid_2245,муниципальный округ Надымский район,Ямало-Ненецкий автономный округ,1,industrial,20,20,20,1.0,1.0,0,20,0,0
tid_2248,муниципальный округ Тазовский район,Ямало-Ненецкий автономный округ,1,industrial,20,20,20,1.0,1.0,0,20,0,0
tid_2249,муниципальный округ Шурышкарский район,Ямало-Ненецкий автономный округ,3,remote,20,20,20,1.0,1.0,0,0,0,20
tid_225,городской округ Воркута,Республика Коми,3,remote,20,20,20,1.0,1.0,0,0,0,20
tid_2250,муниципальный округ Ямальский район,Ямало-Ненецкий автономный округ,3,remote,20,20,20,1.0,1.0,0,0,0,20
tid_2251,городской округ город Ульяновск,Ульяновская область,1,industrial,20,20,20,1.0,1.0,0,20,0,0
tid_2252,городской округ город Димитровград,Ульяновская область,1,industrial,20,20,20,1.0,1.0,0,20,0,0
tid_2253,городской округ город Новоульяновск,Ульяновская область,2,periphery,20,20,20,1.0,1.0,0,0,20,0
tid_2254,Базарносызганский муниципальный район,Ульяновская область,2,periphery,20,20,20,1.0,1.0,0,0,20,0
tid_2255,Барышский муниципальный район,Ульяновская область,2,periphery,20,20,20,1.0,1.0,0,0,20,0
tid_2256,Вешкаймский муниципальный район,Ульяновская область,2,periphery,20,20,20,1.0,1.0,0,0,20,0
tid_2257,Инзенский муниципальный район,Ульяновская область,2,periphery,20,20,20,1.0,1.0,0,0,20,0
tid_2258,Карсунский муниципальный район,Ульяновская область,2,periphery,20,20,20,1.0,1.0,0,0,20,0
tid_2259,Кузоватовский муниципальный район,Ульяновская область,2,periphery,20,20,20,1.0,1.0,0,0,20,0
tid_226,муниципальный округ Вуктыл,Республика Коми,2,periphery,20,20,20,1.0,1.0,0,0,20,0
tid_2260,Майнский муниципальный район,Ульяновская область,2,periphery,20,20,20,1.0,1.0,0,0,20,0
tid_2262,Николаевский муниципальный район,Ульяновская область,2,periphery,20,20,20,1.0,1.0,0,0,20,0
tid_2264,Новоспасский муниципальный район,Ульяновская область,2,periphery,20,20,20,1.0,1.0,0,0,20,0
tid_2265,Павловский муниципальный район,Ульяновская область,2,periphery,20,20,20,1.0,1.0,0,0,20,0
tid_2266,Радищевский муниципальный район,Ульяновская область,2,periphery,20,20,20,1.0,1.0,0,0,20,0
tid_2267,Сенгилеевский муниципальный район,Ульяновская область,2,periphery,20,20,20,1.0,1.0,0,0,20,0
tid_2268,Старокулаткинский муниципальный район,Ульяновская область,2,periphery,20,20,20,1.0,1.0,0,0,20,0
tid_2269,Старомайнский муниципальный район,Ульяновская область,2,periphery,20,20,20,1.0,1.0,0,0,20,0
tid_227,городской округ Инта,Республика Коми,2,periphery,20,20,20,1.0,1.0,0,0,20,0
tid_2270,Сурский муниципальный район,Ульяновская область,2,periphery,20,20,20,1.0,1.0,0,0,20,0
tid_2271,Тереньгульский муниципальный район,Ульяновская область,2,periphery,20,20,20,1.0,1.0,0,0,20,0
tid_2272,Ульяновский муниципальный район,Ульяновская область,2,periphery,20,20,20,1.0,1.0,0,0,20,0
tid_2274,Чердаклинский муниципальный район,Ульяновская область,2,periphery,20,20,20,1.0,1.0,0,0,20,0
tid_2275,городской округ Челябинский,Челябинская область,0,metro,20,20,20,1.0,1.0,20,0,0,0
tid_2276,городской округ Верхнеуфалейский,Челябинская область,2,periphery,20,20,20,1.0,1.0,0,0,20,0
tid_2278,городской округ Карабашский,Челябинская область,2,periphery,20,20,20,1.0,1.0,0,0,20,0
tid_2279,городской округ Копейский,Челябинская область,1,industrial,20,20,20,1.0,1.0,0,20,0,0
tid_228,муниципальный округ Усинск,Республика Коми,1,industrial,20,20,20,1.0,1.0,0,20,0,0
tid_2280,городской округ Кыштымский,Челябинская область,1,industrial,20,20,20,1.0,1.0,0,20,0,0
tid_2281,городской округ Магнитогорский,Челябинская область,1,industrial,20,20,20,1.0,1.0,0,20,0,0
tid_2282,городской округ Миасский,Челябинская область,1,industrial,20,20,20,1.0,1.0,0,20,0,0
tid_2286,городской округ Троицкий,Челябинская область,1,industrial,20,20,20,1.0,1.0,0,20,0,0
tid_2287,городской округ Усть-Катавский,Челябинская область,2,periphery,20,20,20,1.0,1.0,0,0,20,0
tid_2288,городской округ Чебаркульский,Челябинская область,1,industrial,20,20,20,1.0,1.0,0,20,0,0
tid_2289,городской округ Южноуральский,Челябинская область,1,industrial,20,20,20,1.0,1.0,0,20,0,0
tid_229,городской округ Ухта,Республика Коми,1,industrial,20,20,20,1.0,1.0,0,20,0,0
tid_2292,Аргаяшский муниципальный район,Челябинская область,2,periphery,20,20,20,1.0,1.0,0,0,20,0
tid_2293,Ашинский муниципальный район,Челябинская область,2,periphery,20,20,20,1.0,1.0,0,0,20,0
tid_2294,Брединский муниципальный район,Челябинская область,2,periphery,20,20,20,1.0,1.0,0,0,20,0
tid_2295,Варненский муниципальный район,Челябинская область,2,periphery,20,20,20,1.0,1.0,0,0,20,0
tid_2296,Верхнеуральский муниципальный район,Челябинская область,2,periphery,20,20,20,1.0,1.0,0,0,20,0
tid_2297,Еманжелинский муниципальный район,Челябинская область,2,periphery,20,20,20,1.0,1.0,0,0,20,0
tid_2298,Еткульский муниципальный район,Челябинская область,2,periphery,20,20,20,1.0,1.0,0,0,20,0
tid_2299,Карталинский муниципальный район,Челябинская область,2,periphery,20,20,20,1.0,1.0,0,0,20,0
tid_23,городской округ город Кумертау,Республика Башкортостан,1,industrial,20,20,20,1.0,1.0,0,20,0,0
tid_230,Ижемский муниципальный район,Республика Коми,2,periphery,20,20,20,1.0,1.0,0,0,20,0
tid_2300,Каслинский муниципальный район,Челябинская область,2,periphery,20,20,20,1.0,1.0,0,0,20,0
tid_2301,Катав-Ивановский муниципальный район,Челябинская область,2,periphery,20,20,20,1.0,1.0,0,0,20,0
tid_2302,Кизильский муниципальный район,Челябинская область,2,periphery,20,20,20,1.0,1.0,0,0,20,0
tid_2303,Коркинский муниципальный округ,Челябинская область,2,periphery,20,20,20,1.0,1.0,0,0,20,0
tid_2304,Красноармейский муниципальный район,Челябинская область,2,periphery,20,20,20,1.0,1.0,0,0,20,0
tid_2305,Кунашакский муниципальный район,Челябинская область,2,periphery,20,20,20,1.0,1.0,0,0,20,0
tid_2307,Нагайбакский муниципальный район,Челябинская область,2,periphery,20,20,20,1.0,1.0,0,0,20,0
tid_2308,Нязепетровский муниципальный район,Челябинская область,2,periphery,20,20,20,1.0,1.0,0,0,20,0
tid_2309,Октябрьский муниципальный район,Челябинская область,2,periphery,20,20,20,1.0,1.0,0,0,20,0
tid_231,Княжпогостский муниципальный район,Республика Коми,2,periphery,20,20,20,1.0,1.0,0,0,20,0
tid_2310,Пластовский муниципальный район,Челябинская область,2,periphery,20,20,20,1.0,1.0,0,0,20,0
tid_2311,Саткинский муниципальный район,Челябинская область,1,industrial,20,20,20,1.0,1.0,0,20,0,0
tid_2312,Сосновский муниципальный район,Челябинская область,1,industrial,20,20,20,1.0,1.0,0,20,0,0
tid_2314,Увельский муниципальный район,Челябинская область,2,periphery,20,20,20,1.0,1.0,0,0,20,0
tid_2315,Уйский муниципальный район,Челябинская область,2,periphery,20,20,20,1.0,1.0,0,0,20,0
tid_2316,Чебаркульский муниципальный район,Челябинская область,2,periphery,20,20,20,1.0,1.0,0,0,20,0
tid_2317,Чесменский муниципальный район,Челябинская область,2,periphery,20,20,20,1.0,1.0,0,0,20,0
tid_2318,городской округ город Ярославль,Ярославская область,1,industrial,20,20,20,1.0,1.0,0,20,0,0
tid_232,Койгородский муниципальный район,Республика Коми,2,periphery,20,20,20,1.0,1.0,0,0,20,0
tid_2320,городской округ город Рыбинск,Ярославская область,1,industrial,20,20,20,1.0,1.0,0,20,0,0
tid_2321,Большесельский муниципальный район,Ярославская область,2,periphery,20,20,20,1.0,1.0,0,0,20,0
tid_2322,Борисоглебский муниципальный район,Ярославская область,2,periphery,20,20,20,1.0,1.0,0,0,20,0
tid_2323,Брейтовский муниципальный район,Ярославская область,2,periphery,20,20,20,1.0,1.0,0,0,20,0
tid_2324,Гаврилов-Ямский муниципальный район,Ярославская область,2,periphery,20,20,20,1.0,1.0,0,0,20,0
tid_2325,Даниловский муниципальный район,Ярославская область,2,periphery,20,20,20,1.0,1.0,0,0,20,0
tid_2326,Любимский муниципальный район,Ярославская область,2,periphery,20,20,20,1.0,1.0,0,0,20,0
tid_2327,Мышкинский муниципальный район,Ярославская область,2,periphery,20,20,20,1.0,1.0,0,0,20,0
tid_2328,Некоузский муниципальный район,Ярославская область,2,periphery,20,20,20,1.0,1.0,0,0,20,0
tid_2329,Некрасовский муниципальный район,Ярославская область,2,periphery,20,20,20,1.0,1.0,0,0,20,0
tid_233,Корткеросский муниципальный район,Республика Коми,2,periphery,20,20,20,1.0,1.0,0,0,20,0
tid_2330,Первомайский муниципальный район,Ярославская область,2,periphery,20,20,20,1.0,1.0,0,0,20,0
tid_2332,Пошехонский муниципальный район,Ярославская область,2,periphery,20,20,20,1.0,1.0,0,0,20,0
tid_2333,Ростовский муниципальный район,Ярославская область,1,industrial,20,20,20,1.0,1.0,0,20,0,0
tid_2334,Рыбинский муниципальный район,Ярославская область,2,periphery,20,20,20,1.0,1.0,0,0,20,0
tid_2335,Тутаевский муниципальный район,Ярославская область,2,periphery,20,20,20,1.0,1.0,0,0,20,0
tid_2336,Угличский муниципальный район,Ярославская область,2,periphery,20,20,20,1.0,1.0,0,0,20,0
tid_2337,Ярославский муниципальный район,Ярославская область,1,industrial,20,20,20,1.0,1.0,0,20,0,0
tid_2338,городской округ город Биробиджан,Еврейская автономная область,3,remote,20,20,20,1.0,1.0,0,0,0,20
tid_2339,Биробиджанский муниципальный район,Еврейская автономная область,3,remote,20,20,20,1.0,1.0,0,0,0,20
tid_234,муниципальный район Печора,Республика Коми,1,industrial,20,20,20,1.0,1.0,0,20,0,0
tid_2340,Ленинский муниципальный район,Еврейская автономная область,2,periphery,20,20,20,1.0,1.0,0,0,20,0
tid_2341,Облученский муниципальный район,Еврейская автономная область,3,remote,20,20,20,1.0,1.0,0,0,0,20
tid_2342,Октябрьский муниципальный район,Еврейская автономная область,3,remote,20,20,20,1.0,1.0,0,0,0,20
tid_2343,Смидовичский муниципальный район,Еврейская автономная область,3,remote,20,20,20,1.0,1.0,0,0,0,20
tid_2344,городской округ Анадырь,Чукотский автономный округ,0,metro,20,20,20,1.0,1.0,20,0,0,0
tid_2345,городской округ Эгвекинот,Чукотский автономный округ,3,remote,20,20,20,1.0,1.0,0,0,0,20
tid_2348,Анадырский муниципальный район,Чукотский автономный округ,3,remote,20,20,20,1.0,1.0,0,0,0,20
tid_2349,Билибинский муниципальный район,Чукотский автономный округ,3,remote,20,20,20,1.0,1.0,0,0,0,20
tid_235,Прилузский муниципальный район,Республика Коми,2,periphery,20,20,20,1.0,1.0,0,0,20,0
tid_2351,внутригородская территория города федерального значения муниципальный округ Коломна,Санкт-Петербург,0,metro,20,20,20,1.0,1.0,20,0,0,0
tid_2352,внутригородская территория города федерального значения муниципальный округ Сенной округ,Санкт-Петербург,0,metro,20,20,20,1.0,1.0,20,0,0,0
tid_2353,внутригородская территория города федерального значения муниципальный округ Адмиралтейский округ,Санкт-Петербург,0,metro,20,20,20,1.0,1.0,20,0,0,0
tid_2354,внутригородская территория города федерального значения муниципальный округ Семеновский,Санкт-Петербург,0,metro,20,20,20,1.0,1.0,20,0,0,0
tid_2355,внутригородская территория города федерального значения муниципальный округ Измайловское,Санкт-Петербург,0,metro,20,20,20,1.0,1.0,20,0,0,0
tid_2356,внутригородская территория города федерального значения муниципальный округ Екатерингофский,Санкт-Петербург,0,metro,20,20,20,1.0,1.0,20,0,0,0
tid_2357,внутригородская территория города федерального значения муниципальный округ № 7,Санкт-Петербург,0,metro,20,20,20,1.0,1.0,20,0,0,0
tid_2358,внутригородская территория города федерального значения муниципальный округ Васильевский,Санкт-Петербург,0,metro,20,20,20,1.0,1.0,20,0,0,0
tid_2359,внутригородская территория города федерального значения муниципальный округ Гавань,Санкт-Петербург,0,metro,20,20,20,1.0,1.0,20,0,0,0
tid_236,муниципальный район Сосногорск,Республика Коми,2,periphery,20,20,20,1.0,1.0,0,0,20,0
tid_2360,внутригородская территория города федерального значения муниципальный округ Морской,Санкт-Петербург,0,metro,20,20,20,1.0,1.0,20,0,0,0
tid_2361,внутригородская территория города федерального значения муниципальный округ Остров Декабристов,Санкт-Петербург,0,metro,20,20,20,1.0,1.0,20,0,0,0
tid_2362,внутригородская территория города федерального значения поселок Левашово,Санкт-Петербург,0,metro,20,20,20,1.0,1.0,20,0,0,0
tid_2363,внутригородская территория города федерального значения поселок Парголово,Санкт-Петербург,0,metro,20,20,20,1.0,1.0,20,0,0,0
tid_2364,внутригородская территория города федерального значения муниципальный округ Сампсониевское,Санкт-Петербург,0,metro,20,20,20,1.0,1.0,20,0,0,0
tid_2365,внутригородская территория города федерального значения муниципальный округ Светлановское,Санкт-Петербург,0,metro,20,20,20,1.0,1.0,20,0,0,0
tid_2366,внутригородская территория города федерального значения муниципальный округ Сосновское,Санкт-Петербург,0,metro,20,20,20,1.0,1.0,20,0,0,0
tid_2367,внутригородская территория города федерального значения муниципальный округ № 15,Санкт-Петербург,0,metro,20,20,20,1.0,1.0,20,0,0,0
tid_2368,внутригородская территория города федерального значения муниципальный округ Сергиевское,Санкт-Петербург,0,metro,20,20,20,1.0,1.0,20,0,0,0
tid_2369,внутригородская территория города федерального значения муниципальный округ Шувалово-Озерки,Санкт-Петербург,0,metro,20,20,20,1.0,1.0,20,0,0,0
tid_237,Сыктывдинский муниципальный район,Республика Коми,1,industrial,20,20,20,1.0,1.0,0,20,0,0
tid_2370,внутригородская территория города федерального значения поселок Лисий Нос,Санкт-Петербург,0,metro,20,20,20,1.0,1.0,20,0,0,0
tid_2371,внутригородская территория города федерального значения муниципальный округ Лахта-Ольгино,Санкт-Петербург,0,metro,20,20,20,1.0,1.0,20,0,0,0
tid_2372,внутригородская территория города федерального значения муниципальный округ № 65,Санкт-Петербург,0,metro,20,20,20,1.0,1.0,20,0,0,0
tid_2373,внутригородская территория города федерального значения муниципальный округ Ланское,Санкт-Петербург,0,metro,20,20,20,1.0,1.0,20,0,0,0
tid_2374,внутригородская территория города федерального значения муниципальный округ Комендантский аэродром,Санкт-Петербург,0,metro,20,20,20,1.0,1.0,20,0,0,0
tid_2375,внутригородская территория города федерального значения муниципальный округ Озеро Долгое,Санкт-Петербург,0,metro,20,20,20,1.0,1.0,20,0,0,0
tid_2376,внутригородская территория города федерального значения муниципальный округ Юнтолово,Санкт-Петербург,0,metro,20,20,20,1.0,1.0,20,0,0,0
tid_2377,внутригородская территория города федерального значения муниципальный округ Коломяги,Санкт-Петербург,0,metro,20,20,20,1.0,1.0,20,0,0,0
tid_2378,внутригородская территория города федерального значения муниципальный округ Гражданка,Санкт-Петербург,0,metro,20,20,20,1.0,1.0,20,0,0,0
tid_2379,внутригородская территория города федерального значения муниципальный округ Академическое,Санкт-Петербург,0,metro,20,20,20,1.0,1.0,20,0,0,0
tid_238,Сысольский муниципальный район,Республика Коми,2,periphery,20,20,20,1.0,1.0,0,0,20,0
tid_2380,внутригородская территория города федерального значения муниципальный округ Финляндский округ,Санкт-Петербург,0,metro,20,20,20,1.0,1.0,20,0,0,0
tid_2381,внутригородская территория города федерального значения муниципальный округ № 21,Санкт-Петербург,0,metro,20,20,20,1.0,1.0,20,0,0,0
tid_2382,внутригородская территория города федерального значения муниципальный округ Пискаревка,Санкт-Петербург,0,metro,20,20,20,1.0,1.0,20,0,0,0
tid_2383,внутригородская территория города федерального значения муниципальный округ Северный,Санкт-Петербург,0,metro,20,20,20,1.0,1.0,20,0,0,0
tid_2384,внутригородская территория города федерального значения муниципальный округ Прометей,Санкт-Петербург,0,metro,20,20,20,1.0,1.0,20,0,0,0
tid_2385,внутригородская территория города федерального значения муниципальный округ Княжево,Санкт-Петербург,0,metro,20,20,20,1.0,1.0,20,0,0,0
tid_2386,внутригородская территория города федерального значения муниципальный округ Ульянка,Санкт-Петербург,0,metro,20,20,20,1.0,1.0,20,0,0,0
tid_2387,внутригородская территория города федерального значения муниципальный округ Дачное,Санкт-Петербург,0,metro,20,20,20,1.0,1.0,20,0,0,0
tid_2388,внутригородская территория города федерального значения муниципальный округ Автово,Санкт-Петербург,0,metro,20,20,20,1.0,1.0,20,0,0,0
tid_2389,внутригородская территория города федерального значения муниципальный округ Нарвский округ,Санкт-Петербург,0,metro,20,20,20,1.0,1.0,20,0,0,0
tid_239,Троицко-Печорский муниципальный район,Республика Коми,2,periphery,20,20,20,1.0,1.0,0,0,20,0
tid_2390,внутригородская территория города федерального значения муниципальный округ Красненькая речка,Санкт-Петербург,0,metro,20,20,20,1.0,1.0,20,0,0,0
tid_2391,внутригородская территория города федерального значения муниципальный округ Морские ворота,Санкт-Петербург,0,metro,20,20,20,1.0,1.0,20,0,0,0
tid_2392,внутригородская территория города федерального значения город Колпино,Санкт-Петербург,0,metro,20,20,20,1.0,1.0,20,0,0,0
tid_2393,внутригородская территория города федерального значения поселок Металлострой,Санкт-Петербург,0,metro,20,20,20,1.0,1.0,20,0,0,0
tid_2395,внутригородская территория города федерального значения поселок Понтонный,Санкт-Петербург,1,industrial,20,20,20,1.0,1.0,0,20,0,0
tid_2398,внутригородская территория города федерального значения муниципальный округ Полюстрово,Санкт-Петербург,0,metro,20,20,20,1.0,1.0,20,0,0,0
tid_2399,внутригородская территория города федерального значения муниципальный округ Большая Охта,Санкт-Петербург,0,metro,20,20,20,1.0,1.0,20,0,0,0
tid_240,Удорский муниципальный район,Республика Коми,2,periphery,20,20,20,1.0,1.0,0,0,20,0
tid_2400,внутригородская территория города федерального значения муниципальный округ Малая Охта,Санкт-Петербург,0,metro,20,20,20,1.0,1.0,20,0,0,0
tid_2401,внутригородская территория города федерального значения муниципальный округ Пороховые,Санкт-Петербург,0,metro,20,20,20,1.0,1.0,20,0,0,0
tid_2402,внутригородская территория города федерального значения муниципальный округ Ржевка,Санкт-Петербург,0,metro,20,20,20,1.0,1.0,20,0,0,0
tid_2403,внутригородская территория города федерального значения город Красное Село,Санкт-Петербург,0,metro,20,20,20,1.0,1.0,20,0,0,0
tid_2404,внутригородская территория города федерального значения муниципальный округ Юго-Запад,Санкт-Петербург,0,metro,20,20,20,1.0,1.0,20,0,0,0
tid_2405,внутригородская территория города федерального значения муниципальный округ Южно-Приморский,Санкт-Петербург,0,metro,20,20,20,1.0,1.0,20,0,0,0
tid_2406,внутригородская территория города федерального значения муниципальный округ Сосновая поляна,Санкт-Петербург,0,metro,20,20,20,1.0,1.0,20,0,0,0
tid_2407,внутригородская территория города федерального значения муниципальный округ Урицк,Санкт-Петербург,0,metro,20,20,20,1.0,1.0,20,0,0,0
tid_2408,внутригородская территория города федерального значения муниципальный округ Константиновское,Санкт-Петербург,0,metro,20,20,20,1.0,1.0,20,0,0,0
tid_2409,внутригородская территория города федерального значения муниципальный округ Горелово,Санкт-Петербург,0,metro,20,20,20,1.0,1.0,20,0,0,0
tid_241,Усть-Вымский муниципальный район,Республика Коми,2,periphery,20,20,20,1.0,1.0,0,0,20,0
tid_2410,внутригородская территория города федерального значения город Кронштадт,Санкт-Петербург,0,metro,20,20,20,1.0,1.0,20,0,0,0
tid_2411,внутригородская территория города федерального значения город Зеленогорск,Санкт-Петербург,0,metro,20,20,20,1.0,1.0,20,0,0,0
tid_2412,внутригородская территория города федерального значения город Сестрорецк,Санкт-Петербург,0,metro,20,20,20,1.0,1.0,20,0,0,0
tid_2416,внутригородская территория города федерального значения поселок Песочный,Санкт-Петербург,0,metro,20,20,20,1.0,1.0,20,0,0,0
tid_242,Усть-Куломский муниципальный район,Республика Коми,2,periphery,20,20,20,1.0,1.0,0,0,20,0
tid_2422,внутригородская территория города федерального значения город Ломоносов,Санкт-Петербург,0,metro,20,20,20,1.0,1.0,20,0,0,0
tid_2423,внутригородская территория города федерального значения муниципальный округ Московская застава,Санкт-Петербург,0,metro,20,20,20,1.0,1.0,20,0,0,0
tid_2424,внутригородская территория города федерального значения муниципальный округ Гагаринское,Санкт-Петербург,0,metro,20,20,20,1.0,1.0,20,0,0,0
tid_2425,внутригородская территория города федерального значения муниципальный округ Новоизмайловское,Санкт-Петербург,0,metro,20,20,20,1.0,1.0,20,0,0,0
tid_2426,внутригородская территория города федерального значения муниципальный округ Пулковский меридиан,Санкт-Петербург,0,metro,20,20,20,1.0,1.0,20,0,0,0
tid_2427,внутригородская территория города федерального значения муниципальный округ Звездное,Санкт-Петербург,0,metro,20,20,20,1.0,1.0,20,0,0,0
tid_2428,внутригородская территория города федерального значения муниципальный округ Невская застава,Санкт-Петербург,0,metro,20,20,20,1.0,1.0,20,0,0,0
tid_2429,внутригородская территория города федерального значения муниципальный округ Ивановский,Санкт-Петербург,0,metro,20,20,20,1.0,1.0,20,0,0,0
tid_243,Усть-Цилемский муниципальный район,Республика Коми,2,periphery,20,20,20,1.0,1.0,0,0,20,0
tid_2430,внутригородская территория города федерального значения муниципальный округ Обуховский,Санкт-Петербург,0,metro,20,20,20,1.0,1.0,20,0,0,0
tid_2431,внутригородская территория города федерального значения муниципальный округ Рыбацкое,Санкт-Петербург,0,metro,20,20,20,1.0,1.0,20,0,0,0
tid_2432,внутригородская территория города федерального значения муниципальный округ Народный,Санкт-Петербург,0,metro,20,20,20,1.0,1.0,20,0,0,0
tid_2433,внутригородская территория города федерального значения муниципальный округ № 54,Санкт-Петербург,0,metro,20,20,20,1.0,1.0,20,0,0,0
tid_2434,внутригородская территория города федерального значения муниципальный округ Невский округ,Санкт-Петербург,0,metro,20,20,20,1.0,1.0,20,0,0,0
tid_2435,внутригородская территория города федерального значения муниципальный округ Оккервиль,Санкт-Петербург,0,metro,20,20,20,1.0,1.0,20,0,0,0
tid_2436,внутригородская территория города федерального значения муниципальный округ Правобережный,Санкт-Петербург,0,metro,20,20,20,1.0,1.0,20,0,0,0
tid_2437,внутригородская территория города федерального значения город Павловск,Санкт-Петербург,0,metro,20,20,20,1.0,1.0,20,0,0,0
tid_2439,внутригородская территория города федерального значения муниципальный округ Введенский,Санкт-Петербург,0,metro,20,20,20,1.0,1.0,20,0,0,0
tid_2440,внутригородская территория города федерального значения муниципальный округ Кронверкское,Санкт-Петербург,0,metro,20,20,20,1.0,1.0,20,0,0,0
tid_2441,внутригородская территория города федерального значения муниципальный округ Посадский,Санкт-Петербург,0,metro,20,20,20,1.0,1.0,20,0,0,0
tid_2442,внутригородская территория города федерального значения муниципальный округ Аптекарский остров,Санкт-Петербург,0,metro,20,20,20,1.0,1.0,20,0,0,0
tid_2443,внутригородская территория города федерального значения муниципальный округ округ Петровский,Санкт-Петербург,0,metro,20,20,20,1.0,1.0,20,0,0,0
tid_2444,внутригородская территория города федерального значения муниципальный округ Чкаловское,Санкт-Петербург,0,metro,20,20,20,1.0,1.0,20,0,0,0
tid_2445,внутригородская территория города федерального значения город Петергоф,Санкт-Петербург,0,metro,20,20,20,1.0,1.0,20,0,0,0
tid_2446,внутригородская территория города федерального значения поселок Стрельна,Санкт-Петербург,0,metro,20,20,20,1.0,1.0,20,0,0,0
tid_2447,внутригородская территория города федерального значения город Пушкин,Санкт-Петербург,0,metro,20,20,20,1.0,1.0,20,0,0,0
tid_2449,внутригородская территория города федерального значения поселок Шушары,Санкт-Петербург,0,metro,20,20,20,1.0,1.0,20,0,0,0
tid_2450,внутригородская территория города федерального значения муниципальный округ Волковское,Санкт-Петербург,0,metro,20,20,20,1.0,1.0,20,0,0,0
tid_2451,внутригородская территория города федерального значения муниципальный округ № 72,Санкт-Петербург,0,metro,20,20,20,1.0,1.0,20,0,0,0
tid_2452,внутригородская территория города федерального значения муниципальный округ Купчино,Санкт-Петербург,0,metro,20,20,20,1.0,1.0,20,0,0,0
tid_2453,внутригородская территория города федерального значения муниципальный округ Георгиевский,Санкт-Петербург,0,metro,20,20,20,1.0,1.0,20,0,0,0
tid_2454,внутригородская территория города федерального значения муниципальный округ № 75,Санкт-Петербург,0,metro,20,20,20,1.0,1.0,20,0,0,0
tid_2455,внутригородская территория города федерального значения муниципальный округ Балканский,Санкт-Петербург,0,metro,20,20,20,1.0,1.0,20,0,0,0
tid_2456,внутригородская территория города федерального значения муниципальный округ Дворцовый округ,Санкт-Петербург,0,metro,20,20,20,1.0,1.0,20,0,0,0
tid_2457,внутригородская территория города федерального значения муниципальный округ № 78,Санкт-Петербург,0,metro,20,20,20,1.0,1.0,20,0,0,0
tid_2458,внутригородская территория города федерального значения муниципальный округ Литейный округ,Санкт-Петербург,0,metro,20,20,20,1.0,1.0,20,0,0,0
tid_2459,внутригородская территория города федерального значения муниципальный округ Смольнинское,Санкт-Петербург,0,metro,20,20,20,1.0,1.0,20,0,0,0
tid_2460,внутригородская территория города федерального значения муниципальный округ Лиговка-Ямская,Санкт-Петербург,0,metro,20,20,20,1.0,1.0,20,0,0,0
tid_2461,внутригородская территория города федерального значения муниципальный округ Владимирский округ,Санкт-Петербург,0,metro,20,20,20,1.0,1.0,20,0,0,0
tid_2462,внутригородская территория города федерального значения муниципальный округ Богородское,Москва,0,metro,20,20,20,1.0,1.0,20,0,0,0
tid_2463,внутригородская территория города федерального значения муниципальный округ Вешняки,Москва,0,metro,20,20,20,1.0,1.0,20,0,0,0
tid_2464,внутригородская территория города федерального значения муниципальный округ Восточное Измайлово,Москва,0,metro,20,20,20,1.0,1.0,20,0,0,0
tid_2465,внутригородская территория города федерального значения муниципальный округ Восточный,Москва,0,metro,20,20,20,1.0,1.0,20,0,0,0
tid_2466,внутригородская территория города федерального значения муниципальный округ Гольяново,Москва,0,metro,20,20,20,1.0,1.0,20,0,0,0
tid_2467,внутригородская территория города федерального значения муниципальный округ Ивановское,Москва,0,metro,20,20,20,1.0,1.0,20,0,0,0
tid_2468,внутригородская территория города федерального значения муниципальный округ Измайлово,Москва,0,metro,20,20,20,1.0,1.0,20,0,0,0
tid_2469,внутригородская территория города федерального значения муниципальный округ Косино-Ухтомский,Москва,0,metro,20,20,20,1.0,1.0,20,0,0,0
tid_2470,внутригородская территория города федерального значения муниципальный округ Новогиреево,Москва,0,metro,20,20,20,1.0,1.0,20,0,0,0
tid_2471,внутригородская территория города федерального значения муниципальный округ Новокосино,Москва,0,metro,20,20,20,1.0,1.0,20,0,0,0
tid_2472,внутригородская территория города федерального значения муниципальный округ Метрогородок,Москва,0,metro,20,20,20,1.0,1.0,20,0,0,0
tid_2473,внутригородская территория города федерального значения муниципальный округ Перово,Москва,0,metro,20,20,20,1.0,1.0,20,0,0,0
tid_2474,внутригородская территория города федерального значения муниципальный округ Северное Измайлово,Москва,0,metro,20,20,20,1.0,1.0,20,0,0,0
tid_2475,внутригородская территория города федерального значения муниципальный округ Соколиная гора,Москва,0,metro,20,20,20,1.0,1.0,20,0,0,0
tid_2476,внутригородская территория города федерального значения муниципальный округ Сокольники,Москва,0,metro,20,20,20,1.0,1.0,20,0,0,0
tid_2477,внутригородская территория города федерального значения муниципальный округ Преображенское,Москва,0,metro,20,20,20,1.0,1.0,20,0,0,0
tid_2478,внутригородская территория города федерального значения муниципальный округ Внуково,Москва,0,metro,20,20,20,1.0,1.0,20,0,0,0
tid_2479,внутригородская территория города федерального значения муниципальный округ Дорогомилово,Москва,0,metro,20,20,20,1.0,1.0,20,0,0,0
tid_2480,внутригородская территория города федерального значения муниципальный округ Крылатское,Москва,0,metro,20,20,20,1.0,1.0,20,0,0,0
tid_2481,внутригородская территория города федерального значения муниципальный округ Кунцево,Москва,0,metro,20,20,20,1.0,1.0,20,0,0,0
tid_2482,внутригородская территория города федерального значения муниципальный округ Можайский,Москва,0,metro,20,20,20,1.0,1.0,20,0,0,0
tid_2483,внутригородская территория города федерального значения муниципальный округ Ново-Переделкино,Москва,0,metro,20,20,20,1.0,1.0,20,0,0,0
tid_2484,внутригородская территория города федерального значения муниципальный округ Очаково-Матвеевское,Москва,0,metro,20,20,20,1.0,1.0,20,0,0,0
tid_2485,внутригородская территория города федерального значения муниципальный округ Проспект Вернадского,Москва,0,metro,20,20,20,1.0,1.0,20,0,0,0
tid_2486,внутригородская территория города федерального значения муниципальный округ Раменки,Москва,0,metro,20,20,20,1.0,1.0,20,0,0,0
tid_2487,внутригородская территория города федерального значения муниципальный округ Солнцево,Москва,0,metro,20,20,20,1.0,1.0,20,0,0,0
tid_2488,внутригородская территория города федерального значения муниципальный округ Тропарево-Никулино,Москва,0,metro,20,20,20,1.0,1.0,20,0,0,0
tid_2489,внутригородская территория города федерального значения муниципальный округ Филевский парк,Москва,0,metro,20,20,20,1.0,1.0,20,0,0,0
tid_2490,внутригородская территория города федерального значения муниципальный округ Фили-Давыдково,Москва,0,metro,20,20,20,1.0,1.0,20,0,0,0
tid_2491,внутригородская территория города федерального значения муниципальный округ Крюково,Москва,0,metro,20,20,20,1.0,1.0,20,0,0,0
tid_2492,внутригородская территория города федерального значения муниципальный округ Матушкино,Москва,0,metro,20,20,20,1.0,1.0,20,0,0,0
tid_2493,внутригородская территория города федерального значения муниципальный округ Силино,Москва,0,metro,20,20,20,1.0,1.0,20,0,0,0
tid_2494,внутригородская территория города федерального значения муниципальный округ Аэропорт,Москва,0,metro,20,20,20,1.0,1.0,20,0,0,0
tid_2495,внутригородская территория города федерального значения муниципальный округ Беговой,Москва,0,metro,20,20,20,1.0,1.0,20,0,0,0
tid_2496,внутригородская территория города федерального значения муниципальный округ Бескудниковский,Москва,0,metro,20,20,20,1.0,1.0,20,0,0,0
tid_2497,внутригородская территория города федерального значения муниципальный округ Войковский,Москва,0,metro,20,20,20,1.0,1.0,20,0,0,0
tid_2498,внутригородская территория города федерального значения муниципальный округ Восточное Дегунино,Москва,0,metro,20,20,20,1.0,1.0,20,0,0,0
tid_2499,внутригородская территория города федерального значения муниципальный округ Головинский,Москва,0,metro,20,20,20,1.0,1.0,20,0,0,0
tid_25,городской округ город Нефтекамск,Республика Башкортостан,1,industrial,20,20,20,1.0,1.0,0,20,0,0
tid_2500,внутригородская территория города федерального значения муниципальный округ Дмитровский,Москва,0,metro,20,20,20,1.0,1.0,20,0,0,0
tid_2501,внутригородская территория города федерального значения муниципальный округ Западное Дегунино,Москва,0,metro,20,20,20,1.0,1.0,20,0,0,0
tid_2502,внутригородская территория города федерального значения муниципальный округ Коптево,Москва,0,metro,20,20,20,1.0,1.0,20,0,0,0
tid_2503,внутригородская территория города федерального значения муниципальный округ Левобережный,Москва,0,metro,20,20,20,1.0,1.0,20,0,0,0
tid_2504,внутригородская территория города федерального значения муниципальный округ Молжаниновский,Москва,0,metro,20,20,20,1.0,1.0,20,0,0,0
tid_2505,внутригородская территория города федерального значения муниципальный округ Савеловский,Москва,0,metro,20,20,20,1.0,1.0,20,0,0,0
tid_2506,внутригородская территория города федерального значения муниципальный округ Сокол,Москва,0,metro,20,20,20,1.0,1.0,20,0,0,0
tid_2507,внутригородская территория города федерального значения муниципальный округ Тимирязевский,Москва,0,metro,20,20,20,1.0,1.0,20,0,0,0
tid_2508,внутригородская территория города федерального значения муниципальный округ Ховрино,Москва,0,metro,20,20,20,1.0,1.0,20,0,0,0
tid_2509,внутригородская территория города федерального значения муниципальный округ Хорошевский,Москва,0,metro,20,20,20,1.0,1.0,20,0,0,0
tid_2510,внутригородская территория города федерального значения муниципальный округ Алексеевский,Москва,0,metro,20,20,20,1.0,1.0,20,0,0,0
tid_2511,внутригородская территория города федерального значения муниципальный округ Алтуфьевский,Москва,0,metro,20,20,20,1.0,1.0,20,0,0,0
tid_2512,внутригородская территория города федерального значения муниципальный округ Бабушкинский,Москва,0,metro,20,20,20,1.0,1.0,20,0,0,0
tid_2513,внутригородская территория города федерального значения муниципальный округ Бибирево,Москва,0,metro,20,20,20,1.0,1.0,20,0,0,0
tid_2514,внутригородская территория города федерального значения муниципальный округ Бутырский,Москва,0,metro,20,20,20,1.0,1.0,20,0,0,0
tid_2515,внутригородская территория города федерального значения муниципальный округ Лианозово,Москва,0,metro,20,20,20,1.0,1.0,20,0,0,0
tid_2516,внутригородская территория города федерального значения муниципальный округ Лосиноостровский,Москва,0,metro,20,20,20,1.0,1.0,20,0,0,0
tid_2517,внутригородская территория города федерального значения муниципальный округ Марфино,Москва,0,metro,20,20,20,1.0,1.0,20,0,0,0
tid_2518,внутригородская территория города федерального значения муниципальный округ Марьина роща,Москва,0,metro,20,20,20,1.0,1.0,20,0,0,0
tid_2519,внутригородская территория города федерального значения муниципальный округ Останкинский,Москва,0,metro,20,20,20,1.0,1.0,20,0,0,0
tid_2520,внутригородская территория города федерального значения муниципальный округ Отрадное,Москва,0,metro,20,20,20,1.0,1.0,20,0,0,0
tid_2521,внутригородская территория города федерального значения муниципальный округ Ростокино,Москва,0,metro,20,20,20,1.0,1.0,20,0,0,0
tid_2522,внутригородская территория города федерального значения муниципальный округ Свиблово,Москва,0,metro,20,20,20,1.0,1.0,20,0,0,0
tid_2523,внутригородская территория города федерального значения муниципальный округ Северное Медведково,Москва,0,metro,20,20,20,1.0,1.0,20,0,0,0
tid_2524,внутригородская территория города федерального значения муниципальный округ Северный,Москва,0,metro,20,20,20,1.0,1.0,20,0,0,0
tid_2525,внутригородская территория города федерального значения муниципальный округ Южное Медведково,Москва,0,metro,20,20,20,1.0,1.0,20,0,0,0
tid_2526,внутригородская территория города федерального значения муниципальный округ Ярославский,Москва,0,metro,20,20,20,1.0,1.0,20,0,0,0
tid_2527,внутригородская территория города федерального значения муниципальный округ Куркино,Москва,0,metro,20,20,20,1.0,1.0,20,0,0,0
tid_2528,внутригородская территория города федерального значения муниципальный округ Митино,Москва,0,metro,20,20,20,1.0,1.0,20,0,0,0
tid_2529,внутригородская территория города федерального значения муниципальный округ Покровское-Стрешнево,Москва,0,metro,20,20,20,1.0,1.0,20,0,0,0
tid_2530,внутригородская территория города федерального значения муниципальный округ Северное Тушино,Москва,0,metro,20,20,20,1.0,1.0,20,0,0,0
tid_2531,внутригородская территория города федерального значения муниципальный округ Строгино,Москва,0,metro,20,20,20,1.0,1.0,20,0,0,0
tid_2532,внутригородская территория города федерального значения муниципальный округ Хорошево-Мневники,Москва,0,metro,20,20,20,1.0,1.0,20,0,0,0
tid_2533,внутригородская территория города федерального значения муниципальный округ Щукино,Москва,0,metro,20,20,20,1.0,1.0,20,0,0,0
tid_2534,внутригородская территория города федерального значения муниципальный округ Южное Тушино,Москва,0,metro,20,20,20,1.0,1.0,20,0,0,0
tid_2535,внутригородская территория города федерального значения муниципальный округ Арбат,Москва,0,metro,20,20,20,1.0,1.0,20,0,0,0
tid_2536,внутригородская территория города федерального значения муниципальный округ Басманный,Москва,0,metro,20,20,20,1.0,1.0,20,0,0,0
tid_2537,внутригородская территория города федерального значения муниципальный округ Замоскворечье,Москва,0,metro,20,20,20,1.0,1.0,20,0,0,0
tid_2538,внутригородская территория города федерального значения муниципальное образование Савелки,Москва,0,metro,20,20,20,1.0,1.0,20,0,0,0
tid_2539,внутригородская территория города федерального значения муниципальный округ Красносельский,Москва,0,metro,20,20,20,1.0,1.0,20,0,0,0
tid_2540,внутригородская территория города федерального значения муниципальный округ Мещанский,Москва,0,metro,20,20,20,1.0,1.0,20,0,0,0
tid_2541,внутригородская территория города федерального значения муниципальный округ Пресненский,Москва,0,metro,20,20,20,1.0,1.0,20,0,0,0
tid_2542,внутригородская территория города федерального значения муниципальный округ Таганский,Москва,0,metro,20,20,20,1.0,1.0,20,0,0,0
tid_2543,внутригородская территория города федерального значения муниципальный округ Тверской,Москва,0,metro,20,20,20,1.0,1.0,20,0,0,0
tid_2544,внутригородская территория города федерального значения муниципальный округ Хамовники,Москва,0,metro,20,20,20,1.0,1.0,20,0,0,0
tid_2545,внутригородская территория города федерального значения муниципальный округ Якиманка,Москва,0,metro,20,20,20,1.0,1.0,20,0,0,0
tid_2546,внутригородская территория города федерального значения муниципальный округ Выхино-Жулебино,Москва,0,metro,20,20,20,1.0,1.0,20,0,0,0
tid_2547,внутригородская территория города федерального значения муниципальный округ Капотня,Москва,0,metro,20,20,20,1.0,1.0,20,0,0,0
tid_2548,внутригородская территория города федерального значения муниципальный округ Кузьминки,Москва,0,metro,20,20,20,1.0,1.0,20,0,0,0
tid_2549,внутригородская территория города федерального значения муниципальный округ Лефортово,Москва,0,metro,20,20,20,1.0,1.0,20,0,0,0
tid_2550,внутригородская территория города федерального значения муниципальный округ Люблино,Москва,0,metro,20,20,20,1.0,1.0,20,0,0,0
tid_2551,внутригородская территория города федерального значения муниципальный округ Марьино,Москва,0,metro,20,20,20,1.0,1.0,20,0,0,0
tid_2552,внутригородская территория города федерального значения муниципальный округ Некрасовка,Москва,0,metro,20,20,20,1.0,1.0,20,0,0,0
tid_2553,внутригородская территория города федерального значения муниципальный округ Нижегородский,Москва,0,metro,20,20,20,1.0,1.0,20,0,0,0
tid_2554,внутригородская территория города федерального значения муниципальный округ Печатники,Москва,0,metro,20,20,20,1.0,1.0,20,0,0,0
tid_2555,внутригородская территория города федерального значения муниципальный округ Рязанский,Москва,0,metro,20,20,20,1.0,1.0,20,0,0,0
tid_2556,внутригородская территория города федерального значения муниципальный округ Текстильщики,Москва,0,metro,20,20,20,1.0,1.0,20,0,0,0
tid_2557,внутригородская территория города федерального значения муниципальный округ Южнопортовый,Москва,0,metro,20,20,20,1.0,1.0,20,0,0,0
tid_2558,внутригородская территория города федерального значения муниципальный округ Академический,Москва,0,metro,20,20,20,1.0,1.0,20,0,0,0
tid_2559,внутригородская территория города федерального значения муниципальный округ Гагаринский,Москва,0,metro,20,20,20,1.0,1.0,20,0,0,0
tid_2560,внутригородская территория города федерального значения муниципальный округ Зюзино,Москва,0,metro,20,20,20,1.0,1.0,20,0,0,0
tid_2561,внутригородская территория города федерального значения муниципальный округ Коньково,Москва,0,metro,20,20,20,1.0,1.0,20,0,0,0
tid_2562,внутригородская территория города федерального значения муниципальный округ Котловка,Москва,0,metro,20,20,20,1.0,1.0,20,0,0,0
tid_2563,внутригородская территория города федерального значения муниципальный округ Ломоносовский,Москва,0,metro,20,20,20,1.0,1.0,20,0,0,0
tid_2564,внутригородская территория города федерального значения муниципальный округ Обручевский,Москва,0,metro,20,20,20,1.0,1.0,20,0,0,0
tid_2565,внутригородская территория города федерального значения муниципальный округ Северное Бутово,Москва,0,metro,20,20,20,1.0,1.0,20,0,0,0
tid_2566,внутригородская территория города федерального значения муниципальный округ Теплый Стан,Москва,0,metro,20,20,20,1.0,1.0,20,0,0,0
tid_2567,внутригородская территория города федерального значения муниципальный округ Черемушки,Москва,0,metro,20,20,20,1.0,1.0,20,0,0,0
tid_2568,внутригородская территория города федерального значения муниципальный округ Южное Бутово,Москва,0,metro,20,20,20,1.0,1.0,20,0,0,0
tid_2569,внутригородская территория города федерального значения муниципальный округ Ясенево,Москва,0,metro,20,20,20,1.0,1.0,20,0,0,0
tid_2570,внутригородская территория города федерального значения муниципальный округ Бирюлево Восточное,Москва,0,metro,20,20,20,1.0,1.0,20,0,0,0
tid_2571,внутригородская территория города федерального значения муниципальный округ Бирюлево Западное,Москва,0,metro,20,20,20,1.0,1.0,20,0,0,0
tid_2572,внутригородская территория города федерального значения муниципальный округ Братеево,Москва,0,metro,20,20,20,1.0,1.0,20,0,0,0
tid_2573,внутригородская территория города федерального значения муниципальный округ Даниловский,Москва,0,metro,20,20,20,1.0,1.0,20,0,0,0
tid_2574,внутригородская территория города федерального значения муниципальный округ Донской,Москва,0,metro,20,20,20,1.0,1.0,20,0,0,0
tid_2575,внутригородская территория города федерального значения муниципальный округ Зябликово,Москва,0,metro,20,20,20,1.0,1.0,20,0,0,0
tid_2576,внутригородская территория города федерального значения муниципальный округ Москворечье-Сабурово,Москва,0,metro,20,20,20,1.0,1.0,20,0,0,0
tid_2577,внутригородская территория города федерального значения муниципальный округ Нагатино-Садовники,Москва,0,metro,20,20,20,1.0,1.0,20,0,0,0
tid_2578,внутригородская территория города федерального значения муниципальный округ Нагатинский затон,Москва,0,metro,20,20,20,1.0,1.0,20,0,0,0
tid_2579,внутригородская территория города федерального значения муниципальный округ Нагорный,Москва,0,metro,20,20,20,1.0,1.0,20,0,0,0
tid_2580,внутригородская территория города федерального значения муниципальный округ Орехово-Борисово Северное,Москва,0,metro,20,20,20,1.0,1.0,20,0,0,0
tid_2581,внутригородская территория города федерального значения муниципальный округ Орехово-Борисово Южное,Москва,0,metro,20,20,20,1.0,1.0,20,0,0,0
tid_2582,внутригородская территория города федерального значения муниципальный округ Царицыно,Москва,0,metro,20,20,20,1.0,1.0,20,0,0,0
tid_2583,внутригородская территория города федерального значения муниципальный округ Чертаново Северное,Москва,0,metro,20,20,20,1.0,1.0,20,0,0,0
tid_2584,внутригородская территория города федерального значения муниципальный округ Чертаново Центральное,Москва,0,metro,20,20,20,1.0,1.0,20,0,0,0
tid_2585,внутригородская территория города федерального значения муниципальный округ Чертаново Южное,Москва,0,metro,20,20,20,1.0,1.0,20,0,0,0
tid_2586,внутригородская территория города федерального значения муниципальный округ Старое Крюково,Москва,0,metro,20,20,20,1.0,1.0,20,0,0,0
tid_2587,внутригородская территория города федерального значения городской округ Троицк,Москва,0,metro,20,20,20,1.0,1.0,20,0,0,0
tid_2588,внутригородская территория города федерального значения городской округ Щербинка,Москва,0,metro,20,20,20,1.0,1.0,20,0,0,0
tid_2589,внутригородская территория города федерального значения поселение Внуковское,Москва,0,metro,20,20,20,1.0,1.0,20,0,0,0
tid_2590,внутригородская территория города федерального значения поселение Воскресенское,Москва,0,metro,20,20,20,1.0,1.0,20,0,0,0
tid_2591,внутригородская территория города федерального значения поселение Вороновское,Москва,1,industrial,20,20,20,1.0,1.0,0,20,0,0
tid_2592,внутригородская территория города федерального значения поселение Десеновское,Москва,0,metro,20,20,20,1.0,1.0,20,0,0,0
tid_2593,внутригородская территория города федерального значения поселение Киевский,Москва,1,industrial,20,20,20,1.0,1.0,0,20,0,0
tid_2595,внутригородская территория города федерального значения поселение Кокошкино,Москва,1,industrial,20,20,20,1.0,1.0,0,20,0,0
tid_2596,внутригородская территория города федерального значения поселение Краснопахорское,Москва,0,metro,20,20,20,1.0,1.0,20,0,0,0
tid_2597,внутригородская территория города федерального значения поселение Марушкинское,Москва,0,metro,20,20,20,1.0,1.0,20,0,0,0
tid_2598,внутригородская территория города федерального значения поселение Михайлово-Ярцевское,Москва,1,industrial,20,20,20,1.0,1.0,0,20,0,0
tid_2599,внутригородская территория города федерального значения поселение Московский,Москва,0,metro,20,20,20,1.0,1.0,20,0,0,0
tid_26,городской округ город Октябрьский,Республика Башкортостан,1,industrial,20,20,20,1.0,1.0,0,20,0,0
tid_2600,"внутригородская территория города федерального значения поселение Мосрентген""""",Москва,0,metro,20,20,20,1.0,1.0,20,0,0,0
tid_2601,внутригородская территория города федерального значения поселение Новофедоровское,Москва,0,metro,20,20,20,1.0,1.0,20,0,0,0
tid_2602,внутригородская территория города федерального значения поселение Первомайское,Москва,0,metro,20,20,20,1.0,1.0,20,0,0,0
tid_2604,внутригородская территория города федерального значения поселение Рязановское,Москва,0,metro,20,20,20,1.0,1.0,20,0,0,0
tid_2605,внутригородская территория города федерального значения поселение Сосенское,Москва,0,metro,20,20,20,1.0,1.0,20,0,0,0
tid_2606,внутригородская территория города федерального значения поселение Филимонковское,Москва,0,metro,20,20,20,1.0,1.0,20,0,0,0
tid_2607,внутригородская территория города федерального значения поселение Щаповское,Москва,1,industrial,20,20,20,1.0,1.0,0,20,0,0
tid_2618,Мантуровский муниципальный округ,Костромская область,2,periphery,20,20,20,1.0,1.0,0,0,20,0
tid_2619,городской округ город Переславль-Залесский,Ярославская область,1,industrial,20,20,20,1.0,1.0,0,20,0,0
tid_2620,городской округ Соликамский,Пермский край,1,industrial,20,20,20,1.0,1.0,0,20,0,0
tid_2621,городской округ город Березники,Пермский край,1,industrial,20,20,20,1.0,1.0,0,20,0,0
tid_2644,городской округ Серпухов,Московская область,0,metro,20,20,20,1.0,1.0,20,0,0,0
tid_2646,городской округ город Обнинск,Калужская область,0,metro,20,20,20,1.0,1.0,20,0,0,0
tid_2647,Боровский муниципальный район,Калужская область,1,industrial,20,20,20,1.0,1.0,0,20,0,0
tid_2648,городской округ Лосино-Петровский,Московская область,1,industrial,20,20,20,1.0,1.0,0,20,0,0
tid_2649,городской округ Щёлково,Московская область,0,metro,20,20,20,1.0,1.0,20,0,0,0
tid_2651,городской округ Одинцовский,Московская область,0,metro,20,20,20,1.0,1.0,20,0,0,0
tid_2652,городской округ Орехово-Зуевский,Московская область,1,industrial,20,20,20,1.0,1.0,0,20,0,0
tid_269,городской округ город Йошкар-Ола,Республика Марий Эл,1,industrial,20,20,20,1.0,1.0,0,20,0,0
tid_27,городской округ город Салават,Республика Башкортостан,1,industrial,20,20,20,1.0,1.0,0,20,0,0
tid_270,городской округ город Волжск,Республика Марий Эл,1,industrial,20,20,20,1.0,1.0,0,20,0,0
tid_271,городской округ город Козьмодемьянск,Республика Марий Эл,2,periphery,20,20,20,1.0,1.0,0,0,20,0
tid_2710,городской округ Вышневолоцкий,Тверская область,1,industrial,20,20,20,1.0,1.0,0,20,0,0
tid_272,Волжский муниципальный район,Республика Марий Эл,2,periphery,20,20,20,1.0,1.0,0,0,20,0
tid_273,Горномарийский муниципальный район,Республика Марий Эл,1,industrial,20,20,20,1.0,1.0,0,20,0,0
tid_274,Звениговский муниципальный район,Республика Марий Эл,2,periphery,20,20,20,1.0,1.0,0,0,20,0
tid_275,Килемарский муниципальный район,Республика Марий Эл,2,periphery,20,20,20,1.0,1.0,0,0,20,0
tid_276,Куженерский муниципальный район,Республика Марий Эл,2,periphery,20,20,20,1.0,1.0,0,0,20,0
tid_277,Мари-Турекский муниципальный район,Республика Марий Эл,2,periphery,20,20,20,1.0,1.0,0,0,20,0
tid_278,Медведевский муниципальный район,Республика Марий Эл,1,industrial,20,20,20,1.0,1.0,0,20,0,0
tid_279,Моркинский муниципальный район,Республика Марий Эл,2,periphery,20,20,20,1.0,1.0,0,0,20,0
tid_28,городской округ город Сибай,Республика Башкортостан,1,industrial,20,20,20,1.0,1.0,0,20,0,0
tid_280,Новоторъяльский муниципальный район,Республика Марий Эл,2,periphery,20,20,20,1.0,1.0,0,0,20,0
tid_2808,городской округ Коломна,Московская область,0,metro,20,20,20,1.0,1.0,20,0,0,0
tid_2809,муниципальный округ Кунгурский,Пермский край,1,industrial,20,20,20,1.0,1.0,0,20,0,0
tid_281,Оршанский муниципальный район,Республика Марий Эл,2,periphery,20,20,20,1.0,1.0,0,0,20,0
tid_2813,городской округ Шатура,Московская область,1,industrial,20,20,20,1.0,1.0,0,20,0,0
tid_2814,городской округ Пушкинский,Московская область,0,metro,20,20,20,1.0,1.0,20,0,0,0
tid_282,Параньгинский муниципальный район,Республика Марий Эл,2,periphery,20,20,20,1.0,1.0,0,0,20,0
tid_283,Сернурский муниципальный район,Республика Марий Эл,2,periphery,20,20,20,1.0,1.0,0,0,20,0
tid_284,Советский муниципальный район,Республика Марий Эл,2,periphery,20,20,20,1.0,1.0,0,0,20,0
tid_285,Юринский муниципальный район,Республика Марий Эл,2,periphery,20,20,20,1.0,1.0,0,0,20,0
tid_287,Ардатовский муниципальный район,Республика Мордовия,2,periphery,20,20,20,1.0,1.0,0,0,20,0
tid_2872,муниципальный округ Приуральский район,Ямало-Ненецкий автономный округ,3,remote,20,20,20,1.0,1.0,0,0,0,20
tid_2876,городской округ город-курорт Кисловодск,Ставропольский край,0,metro,20,20,20,1.0,1.0,20,0,0,0
tid_2879,городской округ город Губкинский,Ямало-Ненецкий автономный округ,1,industrial,20,20,20,1.0,1.0,0,20,0,0
tid_288,Атюрьевский муниципальный район,Республика Мордовия,2,periphery,20,20,20,1.0,1.0,0,0,20,0
tid_2880,городской округ город Лабытнанги,Ямало-Ненецкий автономный округ,1,industrial,20,20,20,1.0,1.0,0,20,0,0
tid_2881,Предгорный муниципальный округ,Ставропольский край,0,metro,20,20,20,1.0,1.0,20,0,0,0
tid_2882,муниципальный округ Пуровский район,Ямало-Ненецкий автономный округ,1,industrial,20,20,20,1.0,1.0,0,20,0,0
tid_2883,муниципальный округ Кимрский,Тверская область,1,industrial,20,20,20,1.0,1.0,0,20,0,0
tid_2884,муниципальный округ Ржевский,Тверская область,1,industrial,20,20,20,1.0,1.0,0,20,0,0
tid_2885,муниципальный округ Кудымкарский,Пермский край,1,industrial,20,20,20,1.0,1.0,0,20,0,0
tid_2886,муниципальный округ Губахинский,Пермский край,1,industrial,20,20,20,1.0,1.0,0,20,0,0
tid_2887,городской округ город Саратов,Саратовская область,0,metro,20,20,20,1.0,1.0,20,0,0,0
tid_289,Атяшевский муниципальный район,Республика Мордовия,2,periphery,20,20,20,1.0,1.0,0,0,20,0
tid_29,городской округ город Стерлитамак,Республика Башкортостан,1,industrial,20,20,20,1.0,1.0,0,20,0,0
tid_290,Большеберезниковский муниципальный район,Республика Мордовия,2,periphery,20,20,20,1.0,1.0,0,0,20,0
tid_292,Дубенский муниципальный район,Республика Мордовия,2,periphery,20,20,20,1.0,1.0,0,0,20,0
tid_293,Ельниковский муниципальный район,Республика Мордовия,2,periphery,20,20,20,1.0,1.0,0,0,20,0
tid_294,Зубово-Полянский муниципальный район,Республика Мордовия,2,periphery,20,20,20,1.0,1.0,0,0,20,0
tid_295,Инсарский муниципальный район,Республика Мордовия,2,periphery,20,20,20,1.0,1.0,0,0,20,0
tid_296,Ичалковский муниципальный район,Республика Мордовия,2,periphery,20,20,20,1.0,1.0,0,0,20,0
tid_297,Кадошкинский муниципальный район,Республика Мордовия,2,periphery,20,20,20,1.0,1.0,0,0,20,0
tid_298,Ковылкинский муниципальный район,Республика Мордовия,2,periphery,20,20,20,1.0,1.0,0,0,20,0
tid_3,Гиагинский муниципальный район,Республика Адыгея,2,periphery,20,20,20,1.0,1.0,0,0,20,0
tid_30,Абзелиловский муниципальный район,Республика Башкортостан,1,industrial,20,20,20,1.0,1.0,0,20,0,0
tid_300,Краснослободский муниципальный район,Республика Мордовия,2,periphery,20,20,20,1.0,1.0,0,0,20,0
tid_3005,городской округ город Арзамас,Нижегородская область,1,industrial,20,20,20,1.0,1.0,0,20,0,0
tid_3007,Прокопьевский муниципальный округ,Кемеровская область,1,industrial,20,20,20,1.0,1.0,0,20,0,0
tid_3009,городской округ город Тамбов,Тамбовская область,1,industrial,20,20,20,1.0,1.0,0,20,0,0
tid_301,Лямбирский муниципальный район,Республика Мордовия,1,industrial,20,20,20,1.0,1.0,0,20,0,0
tid_3011,городской округ Златоустовский,Челябинская область,1,industrial,20,20,20,1.0,1.0,0,20,0,0
tid_3012,Кусинский муниципальный район,Челябинская область,2,periphery,20,20,20,1.0,1.0,0,0,20,0
tid_3013,городской округ Солнечногорск,Московская область,0,metro,20,20,20,1.0,1.0,20,0,0,0
tid_302,Ромодановский муниципальный район,Республика Мордовия,2,periphery,20,20,20,1.0,1.0,0,0,20,0
tid_303,Рузаевский муниципальный район,Республика Мордовия,2,periphery,20,20,20,1.0,1.0,0,0,20,0
tid_304,Старошайговский муниципальный район,Республика Мордовия,2,periphery,20,20,20,1.0,1.0,0,0,20,0
tid_305,Темниковский муниципальный район,Республика Мордовия,2,periphery,20,20,20,1.0,1.0,0,0,20,0
tid_306,Теньгушевский муниципальный район,Республика Мордовия,2,periphery,20,20,20,1.0,1.0,0,0,20,0
tid_307,Торбеевский муниципальный район,Республика Мордовия,2,periphery,20,20,20,1.0,1.0,0,0,20,0
tid_308,Чамзинский муниципальный район,Республика Мордовия,2,periphery,20,20,20,1.0,1.0,0,0,20,0
tid_309,городской округ город Якутск,Республика Саха (Якутия),3,remote,20,20,20,1.0,1.0,0,0,0,20
tid_31,Альшеевский муниципальный район,Республика Башкортостан,1,industrial,20,20,20,1.0,1.0,0,20,0,0
tid_312,Алданский муниципальный район,Республика Саха (Якутия),3,remote,20,20,20,1.0,1.0,0,0,0,20
tid_314,Амгинский муниципальный район,Республика Саха (Якутия),3,remote,20,20,20,1.0,1.0,0,0,0,20
tid_316,Булунский муниципальный район,Республика Саха (Якутия),3,remote,20,20,20,1.0,1.0,0,0,0,20
tid_317,Верхневилюйский муниципальный район,Республика Саха (Якутия),3,remote,20,20,20,1.0,1.0,0,0,0,20
tid_318,Верхнеколымский муниципальный район,Республика Саха (Якутия),3,remote,20,20,20,1.0,1.0,0,0,0,20
tid_319,Верхоянский муниципальный район,Республика Саха (Якутия),3,remote,20,20,20,1.0,1.0,0,0,0,20
tid_32,Архангельский муниципальный район,Республика Башкортостан,2,periphery,20,20,20,1.0,1.0,0,0,20,0
tid_320,Вилюйский муниципальный район,Республика Саха (Якутия),3,remote,20,20,20,1.0,1.0,0,0,0,20
tid_321,Горный муниципальный район,Республика Саха (Якутия),3,remote,20,20,20,1.0,1.0,0,0,0,20
tid_323,Кобяйский муниципальный район,Республика Саха (Якутия),3,remote,20,20,20,1.0,1.0,0,0,0,20
tid_324,Нюрбинский муниципальный район,Республика Саха (Якутия),3,remote,20,20,20,1.0,1.0,0,0,0,20
tid_325,Ленский муниципальный район,Республика Саха (Якутия),3,remote,20,20,20,1.0,1.0,0,0,0,20
tid_326,Мегино-Кангаласский муниципальный район,Республика Саха (Якутия),3,remote,20,20,20,1.0,1.0,0,0,0,20
tid_327,Мирнинский муниципальный район,Республика Саха (Якутия),1,industrial,20,20,20,1.0,1.0,0,20,0,0
tid_329,Намский муниципальный район,Республика Саха (Якутия),3,remote,20,20,20,1.0,1.0,0,0,0,20
tid_33,Аскинский муниципальный район,Республика Башкортостан,1,industrial,20,20,20,1.0,1.0,0,20,0,0
tid_330,Нерюнгринский муниципальный район,Республика Саха (Якутия),3,remote,20,20,20,1.0,1.0,0,0,0,20
tid_331,Нижнеколымский муниципальный район,Республика Саха (Якутия),3,remote,20,20,20,1.0,1.0,0,0,0,20
tid_332,Оймяконский муниципальный район,Республика Саха (Якутия),3,remote,20,20,20,1.0,1.0,0,0,0,20
tid_333,Олекминский муниципальный район,Республика Саха (Якутия),1,industrial,20,20,20,1.0,1.0,0,20,0,0
tid_334,Оленекский эвенкийский национальный муниципальный район,Республика Саха (Якутия),3,remote,20,20,20,1.0,1.0,0,0,0,20
tid_335,Среднеколымский муниципальный район,Республика Саха (Якутия),3,remote,20,20,20,1.0,1.0,0,0,0,20
tid_336,Сунтарский муниципальный район,Республика Саха (Якутия),3,remote,20,20,20,1.0,1.0,0,0,0,20
tid_337,Таттинский муниципальный район,Республика Саха (Якутия),3,remote,20,20,20,1.0,1.0,0,0,0,20
tid_338,Томпонский муниципальный район,Республика Саха (Якутия),3,remote,20,20,20,1.0,1.0,0,0,0,20
tid_339,Усть-Алданский муниципальный район,Республика Саха (Якутия),3,remote,20,20,20,1.0,1.0,0,0,0,20
tid_34,Аургазинский муниципальный район,Республика Башкортостан,1,industrial,20,20,20,1.0,1.0,0,20,0,0
tid_340,Усть-Майский муниципальный район,Республика Саха (Якутия),3,remote,20,20,20,1.0,1.0,0,0,0,20
tid_341,Усть-Янский муниципальный район,Республика Саха (Якутия),3,remote,20,20,20,1.0,1.0,0,0,0,20
tid_342,Хангаласский муниципальный район,Республика Саха (Якутия),3,remote,20,20,20,1.0,1.0,0,0,0,20
tid_343,Чурапчинский муниципальный район,Республика Саха (Якутия),3,remote,20,20,20,1.0,1.0,0,0,0,20
tid_345,городской округ город Владикавказ,Республика Северная Осетия — Алания,0,metro,20,20,20,1.0,1.0,20,0,0,0
tid_346,Алагирский муниципальный район,Республика Северная Осетия — Алания,0,metro,20,20,20,1.0,1.0,20,0,0,0
tid_347,Ардонский муниципальный район,Республика Северная Осетия — Алания,0,metro,20,20,20,1.0,1.0,20,0,0,0
tid_348,Дигорский муниципальный район,Республика Северная Осетия — Алания,0,metro,20,20,20,1.0,1.0,20,0,0,0
tid_349,Ирафский муниципальный район,Республика Северная Осетия — Алания,1,industrial,20,20,20,1.0,1.0,0,20,0,0
tid_35,Баймакский муниципальный район,Республика Башкортостан,1,industrial,20,20,20,1.0,1.0,0,20,0,0
tid_351,Моздокский муниципальный район,Республика Северная Осетия — Алания,1,industrial,20,20,20,1.0,1.0,0,20,0,0
tid_352,Правобережный муниципальный район,Республика Северная Осетия — Алания,0,metro,20,20,20,1.0,1.0,20,0,0,0
tid_354,городской округ город Казань,Республика Татарстан,0,metro,20,20,20,1.0,1.0,20,0,0,0
tid_355,городской округ город Набережные Челны,Республика Татарстан,0,metro,20,20,20,1.0,1.0,20,0,0,0
tid_356,Агрызский муниципальный район,Республика Татарстан,1,industrial,20,20,20,1.0,1.0,0,20,0,0
tid_357,Азнакаевский муниципальный район,Республика Татарстан,1,industrial,20,20,20,1.0,1.0,0,20,0,0
tid_358,Аксубаевский муниципальный район,Республика Татарстан,2,periphery,20,20,20,1.0,1.0,0,0,20,0
tid_359,Актанышский муниципальный район,Республика Татарстан,1,industrial,20,20,20,1.0,1.0,0,20,0,0
tid_36,Бакалинский муниципальный район,Республика Башкортостан,1,industrial,20,20,20,1.0,1.0,0,20,0,0
tid_360,Алексеевский муниципальный район,Республика Татарстан,2,periphery,20,20,20,1.0,1.0,0,0,20,0
tid_361,Алькеевский муниципальный район,Республика Татарстан,1,industrial,20,20,20,1.0,1.0,0,20,0,0
tid_362,Альметьевский муниципальный район,Республика Татарстан,1,industrial,20,20,20,1.0,1.0,0,20,0,0
tid_363,Апастовский муниципальный район,Республика Татарстан,1,industrial,20,20,20,1.0,1.0,0,20,0,0
tid_364,Арский муниципальный район,Республика Татарстан,1,industrial,20,20,20,1.0,1.0,0,20,0,0
tid_365,Атнинский муниципальный район,Республика Татарстан,2,periphery,20,20,20,1.0,1.0,0,0,20,0
tid_366,Бавлинский муниципальный район,Республика Татарстан,1,industrial,20,20,20,1.0,1.0,0,20,0,0
tid_367,Балтасинский муниципальный район,Республика Татарстан,1,industrial,20,20,20,1.0,1.0,0,20,0,0
tid_368,Бугульминский муниципальный район,Республика Татарстан,1,industrial,20,20,20,1.0,1.0,0,20,0,0
tid_369,Буинский муниципальный район,Республика Татарстан,1,industrial,20,20,20,1.0,1.0,0,20,0,0
tid_37,Балтачевский муниципальный район,Республика Башкортостан,1,industrial,20,20,20,1.0,1.0,0,20,0,0
tid_370,Верхнеуслонский муниципальный район,Республика Татарстан,1,industrial,20,20,20,1.0,1.0,0,20,0,0
tid_371,Высокогорский муниципальный район,Республика Татарстан,1,industrial,20,20,20,1.0,1.0,0,20,0,0
tid_372,Дрожжановский муниципальный район,Республика Татарстан,1,industrial,20,20,20,1.0,1.0,0,20,0,0
tid_373,Елабужский муниципальный район,Республика Татарстан,1,industrial,20,20,20,1.0,1.0,0,20,0,0
tid_374,Заинский муниципальный район,Республика Татарстан,1,industrial,20,20,20,1.0,1.0,0,20,0,0
tid_375,Зеленодольский муниципальный район,Республика Татарстан,1,industrial,20,20,20,1.0,1.0,0,20,0,0
tid_376,Кайбицкий муниципальный район,Республика Татарстан,2,periphery,20,20,20,1.0,1.0,0,0,20,0
tid_377,Камско-Устьинский муниципальный район,Республика Татарстан,2,periphery,20,20,20,1.0,1.0,0,0,20,0
tid_378,Кукморский муниципальный район,Республика Татарстан,1,industrial,20,20,20,1.0,1.0,0,20,0,0
tid_379,Лаишевский муниципальный район,Республика Татарстан,1,industrial,20,20,20,1.0,1.0,0,20,0,0
tid_38,Белебеевский муниципальный район,Республика Башкортостан,1,industrial,20,20,20,1.0,1.0,0,20,0,0
tid_380,Лениногорский муниципальный район,Республика Татарстан,1,industrial,20,20,20,1.0,1.0,0,20,0,0
tid_381,Мамадышский муниципальный район,Республика Татарстан,1,industrial,20,20,20,1.0,1.0,0,20,0,0
tid_382,Менделеевский муниципальный район,Республика Татарстан,1,industrial,20,20,20,1.0,1.0,0,20,0,0
tid_383,Мензелинский муниципальный район,Республика Татарстан,1,industrial,20,20,20,1.0,1.0,0,20,0,0
tid_384,Муслюмовский муниципальный район,Республика Татарстан,1,industrial,20,20,20,1.0,1.0,0,20,0,0
tid_385,Нижнекамский муниципальный район,Республика Татарстан,1,industrial,20,20,20,1.0,1.0,0,20,0,0
tid_386,Новошешминский муниципальный район,Республика Татарстан,2,periphery,20,20,20,1.0,1.0,0,0,20,0
tid_387,Нурлатский муниципальный район,Республика Татарстан,1,industrial,20,20,20,1.0,1.0,0,20,0,0
tid_388,Пестречинский муниципальный район,Республика Татарстан,1,industrial,20,20,20,1.0,1.0,0,20,0,0
tid_39,Белокатайский муниципальный район,Республика Башкортостан,1,industrial,20,20,20,1.0,1.0,0,20,0,0
tid_390,Сабинский муниципальный район,Республика Татарстан,1,industrial,20,20,20,1.0,1.0,0,20,0,0
tid_391,Сармановский муниципальный район,Республика Татарстан,1,industrial,20,20,20,1.0,1.0,0,20,0,0
tid_392,Спасский муниципальный район,Республика Татарстан,2,periphery,20,20,20,1.0,1.0,0,0,20,0
tid_393,Тетюшский муниципальный район,Республика Татарстан,2,periphery,20,20,20,1.0,1.0,0,0,20,0
tid_395,Тюлячинский муниципальный район,Республика Татарстан,1,industrial,20,20,20,1.0,1.0,0,20,0,0
tid_396,Черемшанский муниципальный район,Республика Татарстан,1,industrial,20,20,20,1.0,1.0,0,20,0,0
tid_397,Чистопольский муниципальный район,Республика Татарстан,1,industrial,20,20,20,1.0,1.0,0,20,0,0
tid_398,Ютазинский муниципальный район,Республика Татарстан,2,periphery,20,20,20,1.0,1.0,0,0,20,0
tid_4,Кошехабльский муниципальный район,Республика Адыгея,1,industrial,20,20,20,1.0,1.0,0,20,0,0
tid_40,Белорецкий муниципальный район,Республика Башкортостан,1,industrial,20,20,20,1.0,1.0,0,20,0,0
tid_401,Бай-Тайгинский муниципальный район,Республика Тыва,1,industrial,20,20,20,1.0,1.0,0,20,0,0
tid_402,Барун-Хемчикский муниципальный район,Республика Тыва,1,industrial,20,20,20,1.0,1.0,0,20,0,0
tid_403,Дзун-Хемчикский муниципальный район,Республика Тыва,1,industrial,20,20,20,1.0,1.0,0,20,0,0
tid_404,Каа-Хемский муниципальный район,Республика Тыва,1,industrial,20,20,20,1.0,1.0,0,20,0,0
tid_405,Кызылский муниципальный район,Республика Тыва,1,industrial,20,20,20,1.0,1.0,0,20,0,0
tid_408,Пий-Хемский муниципальный район,Республика Тыва,2,periphery,20,20,20,1.0,1.0,0,0,20,0
tid_41,Бижбулякский муниципальный район,Республика Башкортостан,1,industrial,20,20,20,1.0,1.0,0,20,0,0
tid_410,Тандинский муниципальный район,Республика Тыва,1,industrial,20,20,20,1.0,1.0,0,20,0,0
tid_413,Тоджинский муниципальный район,Республика Тыва,1,industrial,20,20,20,1.0,1.0,0,20,0,0
tid_414,Улуг-Хемский муниципальный район,Республика Тыва,1,industrial,20,20,20,1.0,1.0,0,20,0,0
tid_416,Чеди-Хольский муниципальный район,Республика Тыва,1,industrial,20,20,20,1.0,1.0,0,20,0,0
tid_418,городской округ город Ижевск,Удмуртская Республика,0,metro,20,20,20,1.0,1.0,20,0,0,0
tid_419,городской округ город Воткинск,Удмуртская Республика,1,industrial,20,20,20,1.0,1.0,0,20,0,0
tid_42,Бирский муниципальный район,Республика Башкортостан,1,industrial,20,20,20,1.0,1.0,0,20,0,0
tid_420,городской округ город Глазов,Удмуртская Республика,1,industrial,20,20,20,1.0,1.0,0,20,0,0
tid_421,городской округ город Можга,Удмуртская Республика,1,industrial,20,20,20,1.0,1.0,0,20,0,0
tid_422,городской округ город Сарапул,Удмуртская Республика,1,industrial,20,20,20,1.0,1.0,0,20,0,0
tid_423,муниципальный округ Алнашский район,Удмуртская Республика,1,industrial,20,20,20,1.0,1.0,0,20,0,0
tid_424,муниципальный округ Балезинский район,Удмуртская Республика,2,periphery,20,20,20,1.0,1.0,0,0,20,0
tid_425,муниципальный округ Вавожский район,Удмуртская Республика,2,periphery,20,20,20,1.0,1.0,0,0,20,0
tid_428,муниципальный округ Граховский район,Удмуртская Республика,2,periphery,20,20,20,1.0,1.0,0,0,20,0
tid_429,муниципальный округ Дебёсский район,Удмуртская Республика,2,periphery,20,20,20,1.0,1.0,0,0,20,0
tid_43,Благоварский муниципальный район,Республика Башкортостан,2,periphery,20,20,20,1.0,1.0,0,0,20,0
tid_430,муниципальный округ Завьяловский район,Удмуртская Республика,1,industrial,20,20,20,1.0,1.0,0,20,0,0
tid_431,муниципальный округ Игринский район,Удмуртская Республика,1,industrial,20,20,20,1.0,1.0,0,20,0,0
tid_432,муниципальный округ Камбарский район,Удмуртская Республика,2,periphery,20,20,20,1.0,1.0,0,0,20,0
tid_433,муниципальный округ Каракулинский район,Удмуртская Республика,2,periphery,20,20,20,1.0,1.0,0,0,20,0
tid_434,муниципальный округ Кезский район,Удмуртская Республика,2,periphery,20,20,20,1.0,1.0,0,0,20,0
tid_435,муниципальный округ Кизнерский район,Удмуртская Республика,2,periphery,20,20,20,1.0,1.0,0,0,20,0
tid_436,муниципальный округ Киясовский район,Удмуртская Республика,2,periphery,20,20,20,1.0,1.0,0,0,20,0
tid_437,муниципальный округ Красногорский район,Удмуртская Республика,2,periphery,20,20,20,1.0,1.0,0,0,20,0
tid_438,муниципальный округ Малопургинский район,Удмуртская Республика,2,periphery,20,20,20,1.0,1.0,0,0,20,0
tid_44,Благовещенский муниципальный район,Республика Башкортостан,1,industrial,20,20,20,1.0,1.0,0,20,0,0
tid_440,муниципальный округ Сарапульский район,Удмуртская Республика,1,industrial,20,20,20,1.0,1.0,0,20,0,0
tid_441,муниципальный округ Селтинский район,Удмуртская Республика,2,periphery,20,20,20,1.0,1.0,0,0,20,0
tid_442,муниципальный округ Сюмсинский район,Удмуртская Республика,2,periphery,20,20,20,1.0,1.0,0,0,20,0
tid_443,муниципальный округ Увинский район,Удмуртская Республика,1,industrial,20,20,20,1.0,1.0,0,20,0,0
tid_444,муниципальный округ Шарканский район,Удмуртская Республика,2,periphery,20,20,20,1.0,1.0,0,0,20,0
tid_445,муниципальный округ Юкаменский район,Удмуртская Республика,2,periphery,20,20,20,1.0,1.0,0,0,20,0
tid_446,муниципальный округ Якшур-Бодьинский район,Удмуртская Республика,2,periphery,20,20,20,1.0,1.0,0,0,20,0
tid_447,муниципальный округ Ярский район,Удмуртская Республика,2,periphery,20,20,20,1.0,1.0,0,0,20,0
tid_448,городской округ город Абакан,Республика Хакасия,1,industrial,20,20,20,1.0,1.0,0,20,0,0
tid_449,городской округ город Абаза,Республика Хакасия,2,periphery,20,20,20,1.0,1.0,0,0,20,0
tid_45,Буздякский муниципальный район,Республика Башкортостан,1,industrial,20,20,20,1.0,1.0,0,20,0,0
tid_450,городской округ город Саяногорск,Республика Хакасия,1,industrial,20,20,20,1.0,1.0,0,20,0,0
tid_451,городской округ город Сорск,Республика Хакасия,2,periphery,20,20,20,1.0,1.0,0,0,20,0
tid_452,городской округ город Черногорск,Республика Хакасия,1,industrial,20,20,20,1.0,1.0,0,20,0,0
tid_453,Алтайский муниципальный район,Республика Хакасия,1,industrial,20,20,20,1.0,1.0,0,20,0,0
tid_455,Бейский муниципальный район,Республика Хакасия,1,industrial,20,20,20,1.0,1.0,0,20,0,0
tid_456,Боградский муниципальный район,Республика Хакасия,2,periphery,20,20,20,1.0,1.0,0,0,20,0
tid_457,Орджоникидзевский муниципальный район,Республика Хакасия,2,periphery,20,20,20,1.0,1.0,0,0,20,0
tid_458,Таштыпский муниципальный район,Республика Хакасия,1,industrial,20,20,20,1.0,1.0,0,20,0,0
tid_459,Усть-Абаканский муниципальный район,Республика Хакасия,1,industrial,20,20,20,1.0,1.0,0,20,0,0
tid_46,Бураевский муниципальный район,Республика Башкортостан,1,industrial,20,20,20,1.0,1.0,0,20,0,0
tid_460,Ширинский муниципальный район,Республика Хакасия,1,industrial,20,20,20,1.0,1.0,0,20,0,0
tid_47,Бурзянский муниципальный район,Республика Башкортостан,1,industrial,20,20,20,1.0,1.0,0,20,0,0
tid_478,городской округ город Чебоксары,Чувашская Республика,0,metro,20,20,20,1.0,1.0,20,0,0,0
tid_479,городской округ город Алатырь,Чувашская Республика,2,periphery,20,20,20,1.0,1.0,0,0,20,0
tid_48,Гафурийский муниципальный район,Республика Башкортостан,1,industrial,20,20,20,1.0,1.0,0,20,0,0
tid_480,городской округ город Канаш,Чувашская Республика,1,industrial,20,20,20,1.0,1.0,0,20,0,0
tid_481,городской округ город Новочебоксарск,Чувашская Республика,1,industrial,20,20,20,1.0,1.0,0,20,0,0
tid_482,городской округ город Шумерля,Чувашская Республика,2,periphery,20,20,20,1.0,1.0,0,0,20,0
tid_484,Аликовский муниципальный округ,Чувашская Республика,1,industrial,20,20,20,1.0,1.0,0,20,0,0
tid_485,Батыревский муниципальный округ,Чувашская Республика,1,industrial,20,20,20,1.0,1.0,0,20,0,0
tid_486,Вурнарский муниципальный округ,Чувашская Республика,1,industrial,20,20,20,1.0,1.0,0,20,0,0
tid_487,Ибресинский муниципальный округ,Чувашская Республика,1,industrial,20,20,20,1.0,1.0,0,20,0,0
tid_489,Козловский муниципальный округ,Чувашская Республика,2,periphery,20,20,20,1.0,1.0,0,0,20,0
tid_49,Давлекановский муниципальный район,Республика Башкортостан,1,industrial,20,20,20,1.0,1.0,0,20,0,0
tid_490,Комсомольский муниципальный округ,Чувашская Республика,1,industrial,20,20,20,1.0,1.0,0,20,0,0
tid_491,Красноармейский муниципальный округ,Чувашская Республика,1,industrial,20,20,20,1.0,1.0,0,20,0,0
tid_492,Красночетайский муниципальный округ,Чувашская Республика,1,industrial,20,20,20,1.0,1.0,0,20,0,0
tid_493,Мариинско-Посадский муниципальный округ,Чувашская Республика,2,periphery,20,20,20,1.0,1.0,0,0,20,0
tid_494,Моргаушский муниципальный округ,Чувашская Республика,1,industrial,20,20,20,1.0,1.0,0,20,0,0
tid_495,Порецкий муниципальный округ,Чувашская Республика,2,periphery,20,20,20,1.0,1.0,0,0,20,0
tid_496,Урмарский муниципальный округ,Чувашская Республика,2,periphery,20,20,20,1.0,1.0,0,0,20,0
tid_497,Цивильский муниципальный округ,Чувашская Республика,2,periphery,20,20,20,1.0,1.0,0,0,20,0
tid_498,Чебоксарский муниципальный округ,Чувашская Республика,1,industrial,20,20,20,1.0,1.0,0,20,0,0
tid_499,Шемуршинский муниципальный округ,Чувашская Республика,1,industrial,20,20,20,1.0,1.0,0,20,0,0
tid_5,Красногвардейский муниципальный район,Республика Адыгея,2,periphery,20,20,20,1.0,1.0,0,0,20,0
tid_50,Дуванский муниципальный район,Республика Башкортостан,1,industrial,20,20,20,1.0,1.0,0,20,0,0
tid_501,Ядринский муниципальный округ,Чувашская Республика,2,periphery,20,20,20,1.0,1.0,0,0,20,0
tid_502,Яльчикский муниципальный округ,Чувашская Республика,1,industrial,20,20,20,1.0,1.0,0,20,0,0
tid_503,Янтиковский муниципальный округ,Чувашская Республика,2,periphery,20,20,20,1.0,1.0,0,0,20,0
tid_504,городской округ город Барнаул,Алтайский край,0,metro,20,20,20,1.0,1.0,20,0,0,0
tid_505,городской округ город Алейск,Алтайский край,1,industrial,20,20,20,1.0,1.0,0,20,0,0
tid_506,городской округ город Белокуриха,Алтайский край,1,industrial,20,20,20,1.0,1.0,0,20,0,0
tid_507,городской округ город Бийск,Алтайский край,1,industrial,20,20,20,1.0,1.0,0,20,0,0
tid_508,городской округ город Заринск,Алтайский край,1,industrial,20,20,20,1.0,1.0,0,20,0,0
tid_509,городской округ город Новоалтайск,Алтайский край,1,industrial,20,20,20,1.0,1.0,0,20,0,0
tid_51,Дюртюлинский муниципальный район,Республика Башкортостан,1,industrial,20,20,20,1.0,1.0,0,20,0,0
tid_510,городской округ город Рубцовск,Алтайский край,1,industrial,20,20,20,1.0,1.0,0,20,0,0
tid_511,муниципальный округ город Славгород,Алтайский край,1,industrial,20,20,20,1.0,1.0,0,20,0,0
tid_512,городской округ город Яровое,Алтайский край,2,periphery,20,20,20,1.0,1.0,0,0,20,0
tid_515,Алтайский муниципальный район,Алтайский край,1,industrial,20,20,20,1.0,1.0,0,20,0,0
tid_516,Баевский муниципальный район,Алтайский край,2,periphery,20,20,20,1.0,1.0,0,0,20,0
tid_517,Бийский муниципальный район,Алтайский край,1,industrial,20,20,20,1.0,1.0,0,20,0,0
tid_518,Благовещенский муниципальный район,Алтайский край,2,periphery,20,20,20,1.0,1.0,0,0,20,0
tid_519,Бурлинский муниципальный район,Алтайский край,2,periphery,20,20,20,1.0,1.0,0,0,20,0
tid_52,Ермекеевский муниципальный район,Республика Башкортостан,2,periphery,20,20,20,1.0,1.0,0,0,20,0
tid_520,Быстроистокский муниципальный район,Алтайский край,2,periphery,20,20,20,1.0,1.0,0,0,20,0
tid_521,Волчихинский муниципальный район,Алтайский край,2,periphery,20,20,20,1.0,1.0,0,0,20,0
tid_522,Егорьевский муниципальный район,Алтайский край,2,periphery,20,20,20,1.0,1.0,0,0,20,0
tid_523,Ельцовский муниципальный район,Алтайский край,2,periphery,20,20,20,1.0,1.0,0,0,20,0
tid_524,Завьяловский муниципальный район,Алтайский край,2,periphery,20,20,20,1.0,1.0,0,0,20,0
tid_525,Залесовский муниципальный округ,Алтайский край,2,periphery,20,20,20,1.0,1.0,0,0,20,0
tid_527,Змеиногорский муниципальный район,Алтайский край,2,periphery,20,20,20,1.0,1.0,0,0,20,0
tid_528,Калманский муниципальный район,Алтайский край,2,periphery,20,20,20,1.0,1.0,0,0,20,0
tid_529,Каменский муниципальный район,Алтайский край,1,industrial,20,20,20,1.0,1.0,0,20,0,0
tid_53,Зианчуринский муниципальный район,Республика Башкортостан,1,industrial,20,20,20,1.0,1.0,0,20,0,0
tid_530,Ключевский муниципальный район,Алтайский край,2,periphery,20,20,20,1.0,1.0,0,0,20,0
tid_531,Косихинский муниципальный район,Алтайский край,2,periphery,20,20,20,1.0,1.0,0,0,20,0
tid_532,Красногорский муниципальный район,Алтайский край,2,periphery,20,20,20,1.0,1.0,0,0,20,0
tid_533,Краснощёковский муниципальный район,Алтайский край,2,periphery,20,20,20,1.0,1.0,0,0,20,0
tid_534,Крутихинский муниципальный район,Алтайский край,2,periphery,20,20,20,1.0,1.0,0,0,20,0
tid_535,Кулундинский муниципальный район,Алтайский край,1,industrial,20,20,20,1.0,1.0,0,20,0,0
tid_536,Курьинский муниципальный район,Алтайский край,2,periphery,20,20,20,1.0,1.0,0,0,20,0
tid_537,Кытмановский муниципальный район,Алтайский край,2,periphery,20,20,20,1.0,1.0,0,0,20,0
tid_538,Локтевский муниципальный район,Алтайский край,2,periphery,20,20,20,1.0,1.0,0,0,20,0
tid_539,Мамонтовский муниципальный район,Алтайский край,2,periphery,20,20,20,1.0,1.0,0,0,20,0
tid_54,Зилаирский муниципальный район,Республика Башкортостан,1,industrial,20,20,20,1.0,1.0,0,20,0,0
tid_540,Михайловский муниципальный район,Алтайский край,2,periphery,20,20,20,1.0,1.0,0,0,20,0
tid_541,Новичихинский муниципальный район,Алтайский край,2,periphery,20,20,20,1.0,1.0,0,0,20,0
tid_542,Зональный муниципальный район,Алтайский край,2,periphery,20,20,20,1.0,1.0,0,0,20,0
tid_543,Павловский муниципальный район,Алтайский край,2,periphery,20,20,20,1.0,1.0,0,0,20,0
tid_544,Панкрушихинский муниципальный район,Алтайский край,2,periphery,20,20,20,1.0,1.0,0,0,20,0
tid_545,Первомайский муниципальный район,Алтайский край,2,periphery,20,20,20,1.0,1.0,0,0,20,0
tid_546,Петропавловский муниципальный район,Алтайский край,2,periphery,20,20,20,1.0,1.0,0,0,20,0
tid_547,Поспелихинский муниципальный район,Алтайский край,2,periphery,20,20,20,1.0,1.0,0,0,20,0
tid_548,Ребрихинский муниципальный район,Алтайский край,2,periphery,20,20,20,1.0,1.0,0,0,20,0
tid_549,Родинский муниципальный район,Алтайский край,2,periphery,20,20,20,1.0,1.0,0,0,20,0
tid_55,Иглинский муниципальный район,Республика Башкортостан,1,industrial,20,20,20,1.0,1.0,0,20,0,0
tid_550,Романовский муниципальный район,Алтайский край,2,periphery,20,20,20,1.0,1.0,0,0,20,0
tid_552,Смоленский муниципальный район,Алтайский край,2,periphery,20,20,20,1.0,1.0,0,0,20,0
tid_553,муниципальный округ Суетский район,Алтайский край,2,periphery,20,20,20,1.0,1.0,0,0,20,0
tid_554,Советский муниципальный район,Алтайский край,2,periphery,20,20,20,1.0,1.0,0,0,20,0
tid_555,Солонешенский муниципальный район,Алтайский край,2,periphery,20,20,20,1.0,1.0,0,0,20,0
tid_556,Солтонский муниципальный район,Алтайский край,3,remote,20,20,20,1.0,1.0,0,0,0,20
tid_557,Шелаболихинский муниципальный район,Алтайский край,2,periphery,20,20,20,1.0,1.0,0,0,20,0
tid_558,Табунский муниципальный район,Алтайский край,2,periphery,20,20,20,1.0,1.0,0,0,20,0
tid_559,Тальменский муниципальный район,Алтайский край,2,periphery,20,20,20,1.0,1.0,0,0,20,0
tid_56,Илишевский муниципальный район,Республика Башкортостан,1,industrial,20,20,20,1.0,1.0,0,20,0,0
tid_560,Тогульский муниципальный район,Алтайский край,2,periphery,20,20,20,1.0,1.0,0,0,20,0
tid_561,Топчихинский муниципальный район,Алтайский край,2,periphery,20,20,20,1.0,1.0,0,0,20,0
tid_562,Третьяковский муниципальный район,Алтайский край,2,periphery,20,20,20,1.0,1.0,0,0,20,0
tid_563,Троицкий муниципальный район,Алтайский край,2,periphery,20,20,20,1.0,1.0,0,0,20,0
tid_564,Тюменцевский муниципальный район,Алтайский край,2,periphery,20,20,20,1.0,1.0,0,0,20,0
tid_565,Угловский муниципальный район,Алтайский край,2,periphery,20,20,20,1.0,1.0,0,0,20,0
tid_566,Усть-Калманский муниципальный район,Алтайский край,2,periphery,20,20,20,1.0,1.0,0,0,20,0
tid_567,Усть-Пристанский муниципальный район,Алтайский край,2,periphery,20,20,20,1.0,1.0,0,0,20,0
tid_568,Хабарский муниципальный район,Алтайский край,2,periphery,20,20,20,1.0,1.0,0,0,20,0
tid_569,Целинный муниципальный район,Алтайский край,2,periphery,20,20,20,1.0,1.0,0,0,20,0
tid_57,Ишимбайский муниципальный район,Республика Башкортостан,1,industrial,20,20,20,1.0,1.0,0,20,0,0
tid_570,муниципальный округ Чарышский район,Алтайский край,2,periphery,20,20,20,1.0,1.0,0,0,20,0
tid_571,Шипуновский муниципальный район,Алтайский край,2,periphery,20,20,20,1.0,1.0,0,0,20,0
tid_572,Немецкий национальный муниципальный район,Алтайский край,2,periphery,20,20,20,1.0,1.0,0,0,20,0
tid_574,городской округ город Петровск-Забайкальский,Забайкальский край,2,periphery,20,20,20,1.0,1.0,0,0,20,0
tid_578,Балейский муниципальный район,Забайкальский край,1,industrial,20,20,20,1.0,1.0,0,20,0,0
tid_579,Борзинский муниципальный район,Забайкальский край,1,industrial,20,20,20,1.0,1.0,0,20,0,0
tid_58,Калтасинский муниципальный район,Республика Башкортостан,2,periphery,20,20,20,1.0,1.0,0,0,20,0
tid_580,Газимуро-Заводский муниципальный округ,Забайкальский край,3,remote,20,20,20,1.0,1.0,0,0,0,20
tid_581,Забайкальский муниципальный район,Забайкальский край,1,industrial,20,20,20,1.0,1.0,0,20,0,0
tid_582,Каларский муниципальный округ,Забайкальский край,3,remote,20,20,20,1.0,1.0,0,0,0,20
tid_583,Калганский муниципальный округ,Забайкальский край,3,remote,20,20,20,1.0,1.0,0,0,0,20
tid_584,Карымский муниципальный район,Забайкальский край,1,industrial,20,20,20,1.0,1.0,0,20,0,0
tid_585,муниципальный район Город Краснокаменск и Краснокаменский район,Забайкальский край,1,industrial,20,20,20,1.0,1.0,0,20,0,0
tid_586,Красночикойский муниципальный район,Забайкальский край,1,industrial,20,20,20,1.0,1.0,0,20,0,0
tid_587,Кыринский муниципальный район,Забайкальский край,1,industrial,20,20,20,1.0,1.0,0,20,0,0
tid_588,Могочинский муниципальный округ,Забайкальский край,3,remote,20,20,20,1.0,1.0,0,0,0,20
tid_589,Нерчинский муниципальный район,Забайкальский край,1,industrial,20,20,20,1.0,1.0,0,20,0,0
tid_59,Караидельский муниципальный район,Республика Башкортостан,1,industrial,20,20,20,1.0,1.0,0,20,0,0
tid_591,Оловяннинский муниципальный район,Забайкальский край,1,industrial,20,20,20,1.0,1.0,0,20,0,0
tid_592,Ононский муниципальный округ,Забайкальский край,1,industrial,20,20,20,1.0,1.0,0,20,0,0
tid_593,Петровск-Забайкальский муниципальный район,Забайкальский край,1,industrial,20,20,20,1.0,1.0,0,20,0,0
tid_594,Приаргунский муниципальный округ,Забайкальский край,1,industrial,20,20,20,1.0,1.0,0,20,0,0
tid_595,Сретенский муниципальный район,Забайкальский край,2,periphery,20,20,20,1.0,1.0,0,0,20,0
tid_598,Улётовский муниципальный район,Забайкальский край,1,industrial,20,20,20,1.0,1.0,0,20,0,0
tid_599,Хилокский муниципальный район,Забайкальский край,1,industrial,20,20,20,1.0,1.0,0,20,0,0
tid_6,Майкопский муниципальный район,Республика Адыгея,1,industrial,20,20,20,1.0,1.0,0,20,0,0
tid_60,Кармаскалинский муниципальный район,Республика Башкортостан,1,industrial,20,20,20,1.0,1.0,0,20,0,0
tid_600,Чернышевский муниципальный район,Забайкальский край,1,industrial,20,20,20,1.0,1.0,0,20,0,0
tid_601,Читинский муниципальный район,Забайкальский край,1,industrial,20,20,20,1.0,1.0,0,20,0,0
tid_602,Шелопугинский муниципальный район,Забайкальский край,3,remote,20,20,20,1.0,1.0,0,0,0,20
tid_603,Шилкинский муниципальный район,Забайкальский край,1,industrial,20,20,20,1.0,1.0,0,20,0,0
tid_604,городской округ поселок Агинское,Забайкальский край,1,industrial,20,20,20,1.0,1.0,0,20,0,0
tid_605,Агинский муниципальный район,Забайкальский край,1,industrial,20,20,20,1.0,1.0,0,20,0,0
tid_606,Дульдургинский муниципальный район,Забайкальский край,1,industrial,20,20,20,1.0,1.0,0,20,0,0
tid_607,Могойтуйский муниципальный район,Забайкальский край,1,industrial,20,20,20,1.0,1.0,0,20,0,0
tid_608,городской округ Петропавловск-Камчатский,Камчатский край,0,metro,20,20,20,1.0,1.0,20,0,0,0
tid_61,Кигинский муниципальный район,Республика Башкортостан,1,industrial,20,20,20,1.0,1.0,0,20,0,0
tid_612,Елизовский муниципальный район,Камчатский край,0,metro,20,20,20,1.0,1.0,20,0,0,0
tid_613,Мильковский муниципальный округ,Камчатский край,3,remote,20,20,20,1.0,1.0,0,0,0,20
tid_614,Соболевский муниципальный район,Камчатский край,3,remote,20,20,20,1.0,1.0,0,0,0,20
tid_615,Усть-Большерецкий муниципальный район,Камчатский край,3,remote,20,20,20,1.0,1.0,0,0,0,20
tid_616,Усть-Камчатский муниципальный район,Камчатский край,3,remote,20,20,20,1.0,1.0,0,0,0,20
tid_618,Карагинский муниципальный район,Камчатский край,3,remote,20,20,20,1.0,1.0,0,0,0,20
tid_619,Олюторский муниципальный район,Камчатский край,3,remote,20,20,20,1.0,1.0,0,0,0,20
tid_62,Краснокамский муниципальный район,Республика Башкортостан,1,industrial,20,20,20,1.0,1.0,0,20,0,0
tid_621,Тигильский муниципальный район,Камчатский край,3,remote,20,20,20,1.0,1.0,0,0,0,20
tid_63,Кугарчинский муниципальный район,Республика Башкортостан,1,industrial,20,20,20,1.0,1.0,0,20,0,0
tid_65,Кушнаренковский муниципальный район,Республика Башкортостан,2,periphery,20,20,20,1.0,1.0,0,0,20,0
tid_66,Мелеузовский муниципальный район,Республика Башкортостан,1,industrial,20,20,20,1.0,1.0,0,20,0,0
tid_666,городской округ город Красноярск,Красноярский край,0,metro,20,20,20,1.0,1.0,20,0,0,0
tid_667,городской округ город Ачинск,Красноярский край,1,industrial,20,20,20,1.0,1.0,0,20,0,0
tid_668,городской округ город Боготол,Красноярский край,2,periphery,20,20,20,1.0,1.0,0,0,20,0
tid_669,городской округ город Бородино,Красноярский край,2,periphery,20,20,20,1.0,1.0,0,0,20,0
tid_67,Мечетлинский муниципальный район,Республика Башкортостан,1,industrial,20,20,20,1.0,1.0,0,20,0,0
tid_670,городской округ город Дивногорск,Красноярский край,1,industrial,20,20,20,1.0,1.0,0,20,0,0
tid_671,городской округ город Енисейск,Красноярский край,1,industrial,20,20,20,1.0,1.0,0,20,0,0
tid_674,городской округ город Канск,Красноярский край,1,industrial,20,20,20,1.0,1.0,0,20,0,0
tid_675,городской округ город Лесосибирск,Красноярский край,1,industrial,20,20,20,1.0,1.0,0,20,0,0
tid_676,городской округ город Минусинск,Красноярский край,1,industrial,20,20,20,1.0,1.0,0,20,0,0
tid_677,городской округ город Назарово,Красноярский край,1,industrial,20,20,20,1.0,1.0,0,20,0,0
tid_678,городской округ город Норильск,Красноярский край,3,remote,20,20,20,1.0,1.0,0,0,0,20
tid_679,городской округ город Сосновоборск,Красноярский край,1,industrial,20,20,20,1.0,1.0,0,20,0,0
tid_68,Мишкинский муниципальный район,Республика Башкортостан,1,industrial,20,20,20,1.0,1.0,0,20,0,0
tid_680,городской округ город Шарыпово,Красноярский край,1,industrial,20,20,20,1.0,1.0,0,20,0,0
tid_683,Абанский муниципальный район,Красноярский край,2,periphery,20,20,20,1.0,1.0,0,0,20,0
tid_685,Балахтинский муниципальный район,Красноярский край,2,periphery,20,20,20,1.0,1.0,0,0,20,0
tid_686,Березовский муниципальный район,Красноярский край,1,industrial,20,20,20,1.0,1.0,0,20,0,0
tid_687,Бирилюсский муниципальный район,Красноярский край,2,periphery,20,20,20,1.0,1.0,0,0,20,0
tid_689,Богучанский муниципальный район,Красноярский край,1,industrial,20,20,20,1.0,1.0,0,20,0,0
tid_69,Миякинский муниципальный район,Республика Башкортостан,1,industrial,20,20,20,1.0,1.0,0,20,0,0
tid_690,Большемуртинский муниципальный район,Красноярский край,2,periphery,20,20,20,1.0,1.0,0,0,20,0
tid_691,Большеулуйский муниципальный район,Красноярский край,2,periphery,20,20,20,1.0,1.0,0,0,20,0
tid_692,Дзержинский муниципальный район,Красноярский край,2,periphery,20,20,20,1.0,1.0,0,0,20,0
tid_693,Емельяновский муниципальный район,Красноярский край,1,industrial,20,20,20,1.0,1.0,0,20,0,0
tid_694,Енисейский муниципальный район,Красноярский край,2,periphery,20,20,20,1.0,1.0,0,0,20,0
tid_695,Ермаковский муниципальный район,Красноярский край,2,periphery,20,20,20,1.0,1.0,0,0,20,0
tid_696,Идринский муниципальный район,Красноярский край,2,periphery,20,20,20,1.0,1.0,0,0,20,0
tid_697,Иланский муниципальный район,Красноярский край,2,periphery,20,20,20,1.0,1.0,0,0,20,0
tid_698,Ирбейский муниципальный район,Красноярский край,2,periphery,20,20,20,1.0,1.0,0,0,20,0
tid_699,Казачинский муниципальный район,Красноярский край,2,periphery,20,20,20,1.0,1.0,0,0,20,0
tid_7,Тахтамукайский муниципальный район,Республика Адыгея,0,metro,20,20,20,1.0,1.0,20,0,0,0
tid_70,Нуримановский муниципальный район,Республика Башкортостан,2,periphery,20,20,20,1.0,1.0,0,0,20,0
tid_701,Каратузский муниципальный район,Красноярский край,2,periphery,20,20,20,1.0,1.0,0,0,20,0
tid_702,Кежемский муниципальный район,Красноярский край,1,industrial,20,20,20,1.0,1.0,0,20,0,0
tid_703,Козульский муниципальный район,Красноярский край,2,periphery,20,20,20,1.0,1.0,0,0,20,0
tid_704,Краснотуранский муниципальный район,Красноярский край,2,periphery,20,20,20,1.0,1.0,0,0,20,0
tid_705,Курагинский муниципальный район,Красноярский край,2,periphery,20,20,20,1.0,1.0,0,0,20,0
tid_706,Манский муниципальный район,Красноярский край,2,periphery,20,20,20,1.0,1.0,0,0,20,0
tid_708,Мотыгинский муниципальный район,Красноярский край,3,remote,20,20,20,1.0,1.0,0,0,0,20
tid_71,Салаватский муниципальный район,Республика Башкортостан,1,industrial,20,20,20,1.0,1.0,0,20,0,0
tid_710,Нижнеингашский муниципальный район,Красноярский край,2,periphery,20,20,20,1.0,1.0,0,0,20,0
tid_711,Новоселовский муниципальный район,Красноярский край,2,periphery,20,20,20,1.0,1.0,0,0,20,0
tid_712,Партизанский муниципальный район,Красноярский край,2,periphery,20,20,20,1.0,1.0,0,0,20,0
tid_713,Пировский муниципальный округ,Красноярский край,2,periphery,20,20,20,1.0,1.0,0,0,20,0
tid_714,Рыбинский муниципальный район,Красноярский край,2,periphery,20,20,20,1.0,1.0,0,0,20,0
tid_715,Саянский муниципальный район,Красноярский край,2,periphery,20,20,20,1.0,1.0,0,0,20,0
tid_716,Северо-Енисейский муниципальный район,Красноярский край,1,industrial,20,20,20,1.0,1.0,0,20,0,0
tid_717,Сухобузимский муниципальный район,Красноярский край,2,periphery,20,20,20,1.0,1.0,0,0,20,0
tid_718,Таймырский Долгано-Ненецкий муниципальный район,Красноярский край,3,remote,20,20,20,1.0,1.0,0,0,0,20
tid_719,Тасеевский муниципальный район,Красноярский край,2,periphery,20,20,20,1.0,1.0,0,0,20,0
tid_72,Стерлибашевский муниципальный район,Республика Башкортостан,1,industrial,20,20,20,1.0,1.0,0,20,0,0
tid_720,Туруханский муниципальный район,Красноярский край,3,remote,20,20,20,1.0,1.0,0,0,0,20
tid_721,Тюхтетский муниципальный округ,Красноярский край,2,periphery,20,20,20,1.0,1.0,0,0,20,0
tid_722,Ужурский муниципальный район,Красноярский край,2,periphery,20,20,20,1.0,1.0,0,0,20,0
tid_723,Уярский муниципальный район,Красноярский край,2,periphery,20,20,20,1.0,1.0,0,0,20,0
tid_725,Шушенский муниципальный район,Красноярский край,1,industrial,20,20,20,1.0,1.0,0,20,0,0
tid_726,Эвенкийский муниципальный район,Красноярский край,3,remote,20,20,20,1.0,1.0,0,0,0,20
tid_727,городской округ Пермский,Пермский край,0,metro,20,20,20,1.0,1.0,20,0,0,0
tid_73,Стерлитамакский муниципальный район,Республика Башкортостан,1,industrial,20,20,20,1.0,1.0,0,20,0,0
tid_731,городской округ Лысьвенский,Пермский край,1,industrial,20,20,20,1.0,1.0,0,20,0,0
tid_734,муниципальный округ Александровский,Пермский край,2,periphery,20,20,20,1.0,1.0,0,0,20,0
tid_735,муниципальный округ Бардымский,Пермский край,1,industrial,20,20,20,1.0,1.0,0,20,0,0
tid_736,муниципальный округ Березовский,Пермский край,2,periphery,20,20,20,1.0,1.0,0,0,20,0
tid_737,муниципальный округ Большесосновский,Пермский край,2,periphery,20,20,20,1.0,1.0,0,0,20,0
tid_738,городской округ Верещагинский,Пермский край,1,industrial,20,20,20,1.0,1.0,0,20,0,0
tid_739,городской округ Горнозаводский,Пермский край,2,periphery,20,20,20,1.0,1.0,0,0,20,0
tid_74,Татышлинский муниципальный район,Республика Башкортостан,1,industrial,20,20,20,1.0,1.0,0,20,0,0
tid_741,городской округ Добрянский,Пермский край,1,industrial,20,20,20,1.0,1.0,0,20,0,0
tid_742,муниципальный округ Еловский,Пермский край,2,periphery,20,20,20,1.0,1.0,0,0,20,0
tid_743,городской округ Ильинский,Пермский край,2,periphery,20,20,20,1.0,1.0,0,0,20,0
tid_744,муниципальный округ Карагайский,Пермский край,1,industrial,20,20,20,1.0,1.0,0,20,0,0
tid_745,городской округ город Кизел,Пермский край,2,periphery,20,20,20,1.0,1.0,0,0,20,0
tid_746,муниципальный округ Кишертский,Пермский край,2,periphery,20,20,20,1.0,1.0,0,0,20,0
tid_747,городской округ Красновишерский,Пермский край,2,periphery,20,20,20,1.0,1.0,0,0,20,0
tid_748,городской округ Краснокамский,Пермский край,1,industrial,20,20,20,1.0,1.0,0,20,0,0
tid_749,муниципальный округ Куединский,Пермский край,2,periphery,20,20,20,1.0,1.0,0,0,20,0
tid_75,Туймазинский муниципальный район,Республика Башкортостан,1,industrial,20,20,20,1.0,1.0,0,20,0,0
tid_751,городской округ Нытвенский,Пермский край,2,periphery,20,20,20,1.0,1.0,0,0,20,0
tid_752,городской округ Октябрьский,Пермский край,2,periphery,20,20,20,1.0,1.0,0,0,20,0
tid_753,муниципальный округ Ординский,Пермский край,2,periphery,20,20,20,1.0,1.0,0,0,20,0
tid_754,городской округ Осинский,Пермский край,1,industrial,20,20,20,1.0,1.0,0,20,0,0
tid_755,городской округ Оханский,Пермский край,2,periphery,20,20,20,1.0,1.0,0,0,20,0
tid_756,городской округ Очерский,Пермский край,1,industrial,20,20,20,1.0,1.0,0,20,0,0
tid_757,муниципальный округ Пермский,Пермский край,1,industrial,20,20,20,1.0,1.0,0,20,0,0
tid_758,муниципальный округ Сивинский,Пермский край,2,periphery,20,20,20,1.0,1.0,0,0,20,0
tid_76,Уфимский муниципальный район,Республика Башкортостан,1,industrial,20,20,20,1.0,1.0,0,20,0,0
tid_760,городской округ Суксунский,Пермский край,2,periphery,20,20,20,1.0,1.0,0,0,20,0
tid_761,муниципальный округ Уинский,Пермский край,2,periphery,20,20,20,1.0,1.0,0,0,20,0
tid_763,городской округ Чайковский,Пермский край,1,industrial,20,20,20,1.0,1.0,0,20,0,0
tid_764,муниципальный округ Частинский,Пермский край,2,periphery,20,20,20,1.0,1.0,0,0,20,0
tid_765,городской округ Чердынский,Пермский край,2,periphery,20,20,20,1.0,1.0,0,0,20,0
tid_766,городской округ Чернушинский,Пермский край,1,industrial,20,20,20,1.0,1.0,0,20,0,0
tid_767,городской округ Чусовской,Пермский край,1,industrial,20,20,20,1.0,1.0,0,20,0,0
tid_769,муниципальный округ Гайнский,Пермский край,2,periphery,20,20,20,1.0,1.0,0,0,20,0
tid_77,Учалинский муниципальный район,Республика Башкортостан,1,industrial,20,20,20,1.0,1.0,0,20,0,0
tid_770,муниципальный округ Косинский,Пермский край,2,periphery,20,20,20,1.0,1.0,0,0,20,0
tid_771,муниципальный округ Кочевский,Пермский край,2,periphery,20,20,20,1.0,1.0,0,0,20,0
tid_773,муниципальный округ Юрлинский,Пермский край,2,periphery,20,20,20,1.0,1.0,0,0,20,0
tid_774,муниципальный округ Юсьвинский,Пермский край,2,periphery,20,20,20,1.0,1.0,0,0,20,0
tid_775,городской округ Владивостокский,Приморский край,0,metro,20,20,20,1.0,1.0,20,0,0,0
tid_776,городской округ Арсеньевский,Приморский край,1,industrial,20,20,20,1.0,1.0,0,20,0,0
tid_777,городской округ Артемовский,Приморский край,0,metro,20,20,20,1.0,1.0,20,0,0,0
tid_778,городской округ Большой Камень,Приморский край,1,industrial,20,20,20,1.0,1.0,0,20,0,0
tid_779,городской округ Дальнегорский,Приморский край,1,industrial,20,20,20,1.0,1.0,0,20,0,0
tid_78,Федоровский муниципальный район,Республика Башкортостан,2,periphery,20,20,20,1.0,1.0,0,0,20,0
tid_780,городской округ Дальнереченский,Приморский край,1,industrial,20,20,20,1.0,1.0,0,20,0,0
tid_781,городской округ Лесозаводский,Приморский край,1,industrial,20,20,20,1.0,1.0,0,20,0,0
tid_782,городской округ Находкинский,Приморский край,0,metro,20,20,20,1.0,1.0,20,0,0,0
tid_783,городской округ Партизанский,Приморский край,1,industrial,20,20,20,1.0,1.0,0,20,0,0
tid_784,городской округ Спасск-Дальний,Приморский край,1,industrial,20,20,20,1.0,1.0,0,20,0,0
tid_785,городской округ Уссурийский,Приморский край,0,metro,20,20,20,1.0,1.0,20,0,0,0
tid_787,Анучинский муниципальный округ,Приморский край,3,remote,20,20,20,1.0,1.0,0,0,0,20
tid_788,Дальнереченский муниципальный район,Приморский край,1,industrial,20,20,20,1.0,1.0,0,20,0,0
tid_789,Кавалеровский муниципальный округ,Приморский край,1,industrial,20,20,20,1.0,1.0,0,20,0,0
tid_79,Хайбуллинский муниципальный район,Республика Башкортостан,1,industrial,20,20,20,1.0,1.0,0,20,0,0
tid_790,Кировский муниципальный район,Приморский край,1,industrial,20,20,20,1.0,1.0,0,20,0,0
tid_791,Красноармейский муниципальный округ,Приморский край,3,remote,20,20,20,1.0,1.0,0,0,0,20
tid_792,Лазовский муниципальный округ,Приморский край,3,remote,20,20,20,1.0,1.0,0,0,0,20
tid_793,Михайловский муниципальный район,Приморский край,2,periphery,20,20,20,1.0,1.0,0,0,20,0
tid_794,Надеждинский муниципальный район,Приморский край,1,industrial,20,20,20,1.0,1.0,0,20,0,0
tid_795,Октябрьский муниципальный округ,Приморский край,3,remote,20,20,20,1.0,1.0,0,0,0,20
tid_796,Ольгинский муниципальный округ,Приморский край,3,remote,20,20,20,1.0,1.0,0,0,0,20
tid_797,Партизанский муниципальный округ,Приморский край,3,remote,20,20,20,1.0,1.0,0,0,0,20
tid_798,Пограничный муниципальный округ,Приморский край,1,industrial,20,20,20,1.0,1.0,0,20,0,0
tid_799,Пожарский муниципальный округ,Приморский край,3,remote,20,20,20,1.0,1.0,0,0,0,20
tid_8,Теучежский муниципальный район,Республика Адыгея,1,industrial,20,20,20,1.0,1.0,0,20,0,0
tid_80,Чекмагушевский муниципальный район,Республика Башкортостан,1,industrial,20,20,20,1.0,1.0,0,20,0,0
tid_800,Спасский муниципальный район,Приморский край,3,remote,20,20,20,1.0,1.0,0,0,0,20
tid_801,Тернейский муниципальный округ,Приморский край,3,remote,20,20,20,1.0,1.0,0,0,0,20
tid_802,Ханкайский муниципальный округ,Приморский край,2,periphery,20,20,20,1.0,1.0,0,0,20,0
tid_803,Хасанский муниципальный округ,Приморский край,3,remote,20,20,20,1.0,1.0,0,0,0,20
tid_804,Хорольский муниципальный округ,Приморский край,2,periphery,20,20,20,1.0,1.0,0,0,20,0
tid_805,Черниговский муниципальный округ,Приморский край,3,remote,20,20,20,1.0,1.0,0,0,0,20
tid_806,Чугуевский муниципальный округ,Приморский край,1,industrial,20,20,20,1.0,1.0,0,20,0,0
tid_807,Шкотовский муниципальный округ,Приморский край,3,remote,20,20,20,1.0,1.0,0,0,0,20
tid_808,Яковлевский муниципальный округ,Приморский край,2,periphery,20,20,20,1.0,1.0,0,0,20,0
tid_809,городской округ город Ставрополь,Ставропольский край,0,metro,20,20,20,1.0,1.0,20,0,0,0
tid_81,Чишминский муниципальный район,Республика Башкортостан,1,industrial,20,20,20,1.0,1.0,0,20,0,0
tid_810,Благодарненский муниципальный округ,Ставропольский край,2,periphery,20,20,20,1.0,1.0,0,0,20,0
tid_811,Георгиевский муниципальный округ,Ставропольский край,1,industrial,20,20,20,1.0,1.0,0,20,0,0
tid_812,городской округ город-курорт Ессентуки,Ставропольский край,0,metro,20,20,20,1.0,1.0,20,0,0,0
tid_813,городской округ город-курорт Железноводск,Ставропольский край,1,industrial,20,20,20,1.0,1.0,0,20,0,0
tid_814,Изобильненский муниципальный округ,Ставропольский край,2,periphery,20,20,20,1.0,1.0,0,0,20,0
tid_815,Ипатовский муниципальный округ,Ставропольский край,2,periphery,20,20,20,1.0,1.0,0,0,20,0
tid_817,Кировский муниципальный округ,Ставропольский край,2,periphery,20,20,20,1.0,1.0,0,0,20,0
tid_818,городской округ город Лермонтов,Ставропольский край,1,industrial,20,20,20,1.0,1.0,0,20,0,0
tid_819,Минераловодский муниципальный округ,Ставропольский край,1,industrial,20,20,20,1.0,1.0,0,20,0,0
tid_82,Шаранский муниципальный район,Республика Башкортостан,1,industrial,20,20,20,1.0,1.0,0,20,0,0
tid_820,городской округ город Невинномысск,Ставропольский край,1,industrial,20,20,20,1.0,1.0,0,20,0,0
tid_821,Нефтекумский муниципальный округ,Ставропольский край,2,periphery,20,20,20,1.0,1.0,0,0,20,0
tid_822,Новоалександровский муниципальный округ,Ставропольский край,2,periphery,20,20,20,1.0,1.0,0,0,20,0
tid_823,Петровский муниципальный округ,Ставропольский край,1,industrial,20,20,20,1.0,1.0,0,20,0,0
tid_824,городской округ город-курорт Пятигорск,Ставропольский край,0,metro,20,20,20,1.0,1.0,20,0,0,0
tid_825,Советский муниципальный округ,Ставропольский край,2,periphery,20,20,20,1.0,1.0,0,0,20,0
tid_826,Александровский муниципальный округ,Ставропольский край,2,periphery,20,20,20,1.0,1.0,0,0,20,0
tid_827,Андроповский муниципальный округ,Ставропольский край,2,periphery,20,20,20,1.0,1.0,0,0,20,0
tid_828,Апанасенковский муниципальный округ,Ставропольский край,2,periphery,20,20,20,1.0,1.0,0,0,20,0
tid_829,Арзгирский муниципальный округ,Ставропольский край,2,periphery,20,20,20,1.0,1.0,0,0,20,0
tid_83,Янаульский муниципальный район,Республика Башкортостан,1,industrial,20,20,20,1.0,1.0,0,20,0,0
tid_830,Будённовский муниципальный округ,Ставропольский край,1,industrial,20,20,20,1.0,1.0,0,20,0,0
tid_831,Грачёвский муниципальный округ,Ставропольский край,2,periphery,20,20,20,1.0,1.0,0,0,20,0
tid_832,Кочубеевский муниципальный округ,Ставропольский край,2,periphery,20,20,20,1.0,1.0,0,0,20,0
tid_833,Красногвардейский муниципальный округ,Ставропольский край,2,periphery,20,20,20,1.0,1.0,0,0,20,0
tid_834,Курский муниципальный округ,Ставропольский край,1,industrial,20,20,20,1.0,1.0,0,20,0,0
tid_835,Левокумский муниципальный округ,Ставропольский край,2,periphery,20,20,20,1.0,1.0,0,0,20,0
tid_836,Новоселицкий муниципальный округ,Ставропольский край,2,periphery,20,20,20,1.0,1.0,0,0,20,0
tid_838,Степновский муниципальный округ,Ставропольский край,2,periphery,20,20,20,1.0,1.0,0,0,20,0
tid_839,Труновский муниципальный округ,Ставропольский край,2,periphery,20,20,20,1.0,1.0,0,0,20,0
tid_840,Туркменский муниципальный округ,Ставропольский край,2,periphery,20,20,20,1.0,1.0,0,0,20,0
tid_841,Шпаковский муниципальный округ,Ставропольский край,1,industrial,20,20,20,1.0,1.0,0,20,0,0
tid_842,городской округ город Хабаровск,Хабаровский край,0,metro,20,20,20,1.0,1.0,20,0,0,0
tid_843,городской округ город Комсомольск-на-Амуре,Хабаровский край,3,remote,20,20,20,1.0,1.0,0,0,0,20
tid_844,Амурский муниципальный район,Хабаровский край,3,remote,20,20,20,1.0,1.0,0,0,0,20
tid_846,Бикинский муниципальный район,Хабаровский край,3,remote,20,20,20,1.0,1.0,0,0,0,20
tid_847,Ванинский муниципальный район,Хабаровский край,3,remote,20,20,20,1.0,1.0,0,0,0,20
tid_848,Верхнебуреинский муниципальный район,Хабаровский край,3,remote,20,20,20,1.0,1.0,0,0,0,20
tid_849,Вяземский муниципальный район,Хабаровский край,2,periphery,20,20,20,1.0,1.0,0,0,20,0
tid_851,муниципальный район имени Лазо,Хабаровский край,3,remote,20,20,20,1.0,1.0,0,0,0,20
tid_852,Нанайский муниципальный район,Хабаровский край,3,remote,20,20,20,1.0,1.0,0,0,0,20
tid_853,Николаевский муниципальный район,Хабаровский край,3,remote,20,20,20,1.0,1.0,0,0,0,20
tid_854,Охотский муниципальный округ,Хабаровский край,3,remote,20,20,20,1.0,1.0,0,0,0,20
tid_855,муниципальный район имени Полины Осипенко,Хабаровский край,3,remote,20,20,20,1.0,1.0,0,0,0,20
tid_856,Советско-Гаванский муниципальный район,Хабаровский край,3,remote,20,20,20,1.0,1.0,0,0,0,20
tid_857,Солнечный муниципальный район,Хабаровский край,3,remote,20,20,20,1.0,1.0,0,0,0,20
tid_859,Ульчский муниципальный район,Хабаровский край,3,remote,20,20,20,1.0,1.0,0,0,0,20
tid_860,Хабаровский муниципальный район,Хабаровский край,3,remote,20,20,20,1.0,1.0,0,0,0,20
tid_870,Архаринский муниципальный округ,Амурская область,3,remote,20,20,20,1.0,1.0,0,0,0,20
tid_871,Белогорский муниципальный округ,Амурская область,3,remote,20,20,20,1.0,1.0,0,0,0,20
tid_872,Благовещенский муниципальный округ,Амурская область,0,metro,20,20,20,1.0,1.0,20,0,0,0
tid_873,Бурейский муниципальный округ,Амурская область,3,remote,20,20,20,1.0,1.0,0,0,0,20
tid_874,Завитинский муниципальный округ,Амурская область,3,remote,20,20,20,1.0,1.0,0,0,0,20
tid_875,Зейский муниципальный округ,Амурская область,3,remote,20,20,20,1.0,1.0,0,0,0,20
tid_876,Ивановский муниципальный округ,Амурская область,3,remote,20,20,20,1.0,1.0,0,0,0,20
tid_877,Константиновский муниципальный район,Амурская область,3,remote,20,20,20,1.0,1.0,0,0,0,20
tid_878,Магдагачинский муниципальный район,Амурская область,3,remote,20,20,20,1.0,1.0,0,0,0,20
tid_879,Мазановский муниципальный район,Амурская область,3,remote,20,20,20,1.0,1.0,0,0,0,20
tid_880,Михайловский муниципальный район,Амурская область,3,remote,20,20,20,1.0,1.0,0,0,0,20
tid_881,Октябрьский муниципальный район,Амурская область,1,industrial,20,20,20,1.0,1.0,0,20,0,0
tid_882,Ромненский муниципальный округ,Амурская область,3,remote,20,20,20,1.0,1.0,0,0,0,20
tid_883,Свободненский муниципальный район,Амурская область,1,industrial,20,20,20,1.0,1.0,0,20,0,0
tid_884,Селемджинский муниципальный район,Амурская область,3,remote,20,20,20,1.0,1.0,0,0,0,20
tid_885,Серышевский муниципальный округ,Амурская область,1,industrial,20,20,20,1.0,1.0,0,20,0,0
tid_886,Сковородинский муниципальный округ,Амурская область,3,remote,20,20,20,1.0,1.0,0,0,0,20
tid_888,Тындинский муниципальный округ,Амурская область,3,remote,20,20,20,1.0,1.0,0,0,0,20
tid_889,Шимановский муниципальный округ,Амурская область,3,remote,20,20,20,1.0,1.0,0,0,0,20
tid_890,городской округ город Архангельск,Архангельская область,1,industrial,20,20,20,1.0,1.0,0,20,0,0
tid_891,городской округ город Коряжма,Архангельская область,1,industrial,20,20,20,1.0,1.0,0,20,0,0
tid_892,городской округ Котлас,Архангельская область,1,industrial,20,20,20,1.0,1.0,0,20,0,0
tid_895,городской округ город Новодвинск,Архангельская область,2,periphery,20,20,20,1.0,1.0,0,0,20,0
tid_896,городской округ Северодвинск,Архангельская область,1,industrial,20,20,20,1.0,1.0,0,20,0,0
tid_897,Вельский муниципальный район,Архангельская область,2,periphery,20,20,20,1.0,1.0,0,0,20,0
tid_898,Верхнетоемский муниципальный округ,Архангельская область,2,periphery,20,20,20,1.0,1.0,0,0,20,0
tid_899,муниципальный округ Вилегодский,Архангельская область,1,industrial,20,20,20,1.0,1.0,0,20,0,0
tid_9,Шовгеновский муниципальный район,Республика Адыгея,1,industrial,20,20,20,1.0,1.0,0,20,0,0
tid_900,Виноградовский муниципальный округ,Архангельская область,2,periphery,20,20,20,1.0,1.0,0,0,20,0
tid_901,муниципальный округ Каргопольский,Архангельская область,2,periphery,20,20,20,1.0,1.0,0,0,20,0
tid_902,Коношский муниципальный район,Архангельская область,2,periphery,20,20,20,1.0,1.0,0,0,20,0
tid_903,Котласский муниципальный округ,Архангельская область,2,periphery,20,20,20,1.0,1.0,0,0,20,0
tid_904,Красноборский муниципальный округ,Архангельская область,2,periphery,20,20,20,1.0,1.0,0,0,20,0
tid_905,Ленский муниципальный район,Архангельская область,2,periphery,20,20,20,1.0,1.0,0,0,20,0
tid_907,Мезенский муниципальный округ,Архангельская область,3,remote,20,20,20,1.0,1.0,0,0,0,20
tid_908,Няндомский муниципальный округ,Архангельская область,2,periphery,20,20,20,1.0,1.0,0,0,20,0
tid_909,Онежский муниципальный район,Архангельская область,2,periphery,20,20,20,1.0,1.0,0,0,20,0
tid_911,Плесецкий муниципальный округ,Архангельская область,2,periphery,20,20,20,1.0,1.0,0,0,20,0
tid_912,Приморский муниципальный округ,Архангельская область,1,industrial,20,20,20,1.0,1.0,0,20,0,0
tid_913,Устьянский муниципальный округ,Архангельская область,2,periphery,20,20,20,1.0,1.0,0,0,20,0
tid_914,Холмогорский муниципальный округ,Архангельская область,2,periphery,20,20,20,1.0,1.0,0,0,20,0
tid_915,Шенкурский муниципальный округ,Архангельская область,2,periphery,20,20,20,1.0,1.0,0,0,20,0
tid_916,городской округ город Нарьян-Мар,Ненецкий автономный округ,3,remote,20,20,20,1.0,1.0,0,0,0,20
tid_917,муниципальный район Заполярный район,Ненецкий автономный округ,3,remote,20,20,20,1.0,1.0,0,0,0,20
tid_918,городской округ город Астрахань,Астраханская область,1,industrial,20,20,20,1.0,1.0,0,20,0,0
tid_920,Ахтубинский муниципальный район,Астраханская область,2,periphery,20,20,20,1.0,1.0,0,0,20,0
tid_922,Енотаевский муниципальный район,Астраханская область,2,periphery,20,20,20,1.0,1.0,0,0,20,0
tid_923,Икрянинский муниципальный район,Астраханская область,2,periphery,20,20,20,1.0,1.0,0,0,20,0
tid_924,Камызякский муниципальный район,Астраханская область,2,periphery,20,20,20,1.0,1.0,0,0,20,0
tid_925,Красноярский муниципальный район,Астраханская область,2,periphery,20,20,20,1.0,1.0,0,0,20,0
tid_926,Лиманский муниципальный район,Астраханская область,2,periphery,20,20,20,1.0,1.0,0,0,20,0
tid_927,Наримановский муниципальный район,Астраханская область,1,industrial,20,20,20,1.0,1.0,0,20,0,0
tid_928,Приволжский муниципальный район,Астраханская область,1,industrial,20,20,20,1.0,1.0,0,20,0,0
tid_929,Харабалинский муниципальный район,Астраханская область,2,periphery,20,20,20,1.0,1.0,0,0,20,0
tid_930,Черноярский муниципальный район,Астраханская область,2,periphery,20,20,20,1.0,1.0,0,0,20,0
tid_986,городской округ город Владимир,Владимирская область,1,industrial,20,20,20,1.0,1.0,0,20,0,0
tid_987,городской округ город Гусь-Хрустальный,Владимирская область,1,industrial,20,20,20,1.0,1.0,0,20,0,0
tid_988,городской округ город Ковров,Владимирская область,1,industrial,20,20,20,1.0,1.0,0,20,0,0
tid_989,городской округ округ Муром,Владимирская область,1,industrial,20,20,20,1.0,1.0,0,20,0,0
tid_991,Александровский муниципальный район,Владимирская область,1,industrial,20,20,20,1.0,1.0,0,20,0,0
tid_992,Вязниковский муниципальный район,Владимирская область,1,industrial,20,20,20,1.0,1.0,0,20,0,0
tid_993,Гороховецкий муниципальный район,Владимирская область,2,periphery,20,20,20,1.0,1.0,0,0,20,0
tid_994,Гусь-Хрустальный муниципальный район,Владимирская область,2,periphery,20,20,20,1.0,1.0,0,0,20,0
tid_995,Камешковский муниципальный район,Владимирская область,2,periphery,20,20,20,1.0,1.0,0,0,20,0
tid_996,Киржачский муниципальный район,Владимирская область,1,industrial,20,20,20,1.0,1.0,0,20,0,0
tid_998,Кольчугинский муниципальный район,Владимирская область,2,periphery,20,20,20,1.0,1.0,0,0,20,0
tid_999,Меленковский муниципальный район,Владимирская область,2,periphery,20,20,20,1.0,1.0,0,0,20,0
